ID ТУРУ,НАЗВА ТУРУ,ДЖЕРЕЛО,ТУРОПЕРАТОР,ОСНОВНИЙ НАПРЯМОК,ВСІ НАПРЯМКИ,ТИП ПОДОРОЖІ,ЦІНОВА КАТЕГОРІЯ,СЕРЕДНЯ ЦІНА,ДНІ,НІЧНІ ПЕРЕЇЗДИ,ЕКСКУРСІЇ,НОЧЕЙ В ГОТЕЛЯХ,СІЧЕНЬ,ЛЮТИЙ,БЕРЕЗЕНЬ,КВІТЕНЬ,ТРАВЕНЬ,ЧЕРВЕНЬ,ЛИПЕНЬ,СЕРПЕНЬ,ВЕРЕСЕНЬ,ЖОВТЕНЬ,ЛИСТОПАД,ГРУДЕНЬ,ВИЇЗДІВ НА РІК,АКТИВНИХ МІСЯЦІВ,ПІКОВІ МІСЯЦІ,ПІКОВИЙ МІСЯЦЬ,ТИП СЕЗОННОСТІ,СЕЗОННІСТЬ,БЕЗ НІЧНИХ ПЕРЕЇЗДІВ,КІЛЬКІСТЬ ЗУПИНОК ПО СИГНАТУРІ МАРШРУТУ,КІЛЬКІСТЬ КРАЇН У МАРШРУТІ,КІЛЬКІСТЬ МІСТ У МАРШРУТІ,КІЛЬКІСТЬ ІНШИХ ТОЧОК,УНІКАЛЬНІ ЗУПИНКИ,УНІКАЛЬНІ МІСТА,УНІКАЛЬНІ КРАЇНИ,СКЛАДНІСТЬ МАРШРУТУ,ЩІЛЬНІСТЬ МІСТ,ЩІЛЬНІСТЬ КРАЇН,ЧАСТКА ІНШИХ ТОЧОК
EUR-1,Адріатичне море Італії (3 ночі),EUROTRIPS,Eurotrips,Італія,"Італія, Угорщина",екскурсійний,Стандарт 150 - 300,244,6,2,0,3,0,0,0,0,0,1,2,0,0,0,0,0,3,2,"ЛИПЕНЬ, ЧЕРВЕНЬ",ЛИПЕНЬ,СЕЗОННИЙ,🌸 МІЖСЕЗОН,FALSE,5,2,3,2,1,1,1,"0,1","0,17","0,17","0,4"
EUR-2,Вікенд у Амстердамі,EUROTRIPS,Eurotrips,Нідерланди,"Нідерланди, Німеччина, Чехія, Польща",екскурсійний,Стандарт 150 - 300,289,6,2,3,3,0,0,0,1,0,1,1,1,1,1,1,0,7,7,"КВІТЕНЬ, ЧЕРВЕНЬ, ЛИПЕНЬ",КВІТЕНЬ,ПІВРІЧНИЙ,🌸 МІЖСЕЗОН,FALSE,8,4,5,0,1,1,1,"0,1","0,17","0,17",0
EUR-3,Балтійський круїз БЕЗ НІЧНИХ,EUROTRIPS,Eurotrips,Латвія,"Латвія, Естонія, Литва, Швеція",екскурсійний,Стандарт 150 - 300,299,6,0,3,5,0,0,0,0,0,1,0,0,0,1,0,0,2,2,"ЧЕРВЕНЬ, ЖОВТЕНЬ",ЧЕРВЕНЬ,СЕЗОННИЙ,☀️ ЛІТО,TRUE,5,4,5,0,1,1,1,"0,1","0,17","0,17",0
EUR-4,Венеція без нічних,EUROTRIPS,Eurotrips,Італія,Італія,екскурсійний,Люкс 300 - 400,309,5,0,3,4,0,0,0,0,0,0,1,2,0,1,1,0,5,4,"СЕРПЕНЬ, ЛИПЕНЬ, ЖОВТЕНЬ",СЕРПЕНЬ,ПІВРІЧНИЙ,☀️ ЛІТО,TRUE,4,3,2,0,1,1,1,"0,1","0,20","0,20",0
EUR-5,Вікенд у Відні + Зальцбург,EUROTRIPS,Eurotrips,Австрія,Австрія,екскурсійний,Стандарт 150 - 300,229,5,1,3,3,0,0,0,0,0,0,1,1,1,2,0,2,7,5,"ЖОВТЕНЬ, ГРУДЕНЬ, ЛИПЕНЬ",ЖОВТЕНЬ,ПІВРІЧНИЙ,☀️ ЛІТО,FALSE,6,4,5,0,1,1,1,"0,1","0,20","0,20",0
EUR-6,Будапешт – Відень,EUROTRIPS,Eurotrips,Угорщина,"Угорщина, Австрія",екскурсійний,Економ 99 - 150,149,4,2,2,1,0,0,0,0,0,1,0,0,0,2,0,0,3,2,"ЖОВТЕНЬ, ЧЕРВЕНЬ",ЖОВТЕНЬ,СЕЗОННИЙ,☀️ ЛІТО,FALSE,2,2,2,0,1,1,1,"0,1","0,25","0,25",0
EUR-7,Вікенд у Трансильванії + Трансфагараш,EUROTRIPS,Eurotrips,Румунія,Румунія,екскурсійний,До 99,99,4,2,1,1,0,0,0,0,0,0,1,1,1,1,0,0,4,4,"ЛИПЕНЬ, СЕРПЕНЬ, ВЕРЕСЕНЬ",ЛИПЕНЬ,СЕЗОННИЙ,☀️ ЛІТО,FALSE,2,1,1,1,1,1,1,"0,1","0,25","0,25","0,5"
EUR-8,Вікенд у Венеції,EUROTRIPS,Eurotrips,Італія,Італія,екскурсійний,Економ 99 - 150,149,4,2,,1,0,0,0,0,0,1,1,2,0,1,1,0,6,5,"СЕРПЕНЬ, ЧЕРВЕНЬ, ЛИПЕНЬ",СЕРПЕНЬ,ПІВРІЧНИЙ,☀️ ЛІТО,FALSE,3,2,2,0,1,1,1,"0,1","0,25","0,25",0
EUR-9,Вихідні у Празі + Дрезден,EUROTRIPS,Eurotrips,Чехія,"Чехія, Німеччина, Польша",екскурсійний,Економ 99 - 150,129,4,2,1,1,0,0,0,0,0,1,0,0,1,2,0,2,6,4,"ЖОВТЕНЬ, ГРУДЕНЬ, ЧЕРВЕНЬ",ЖОВТЕНЬ,ПІВРІЧНИЙ,☀️ ЛІТО,FALSE,3,2,2,0,1,1,1,"0,1","0,25","0,25",0
EUR-10,Вікенд у Празі + Дрезден БЕЗ НІЧНИХ,EUROTRIPS,Eurotrips,Чехія,"Чехія, Німеччина, Польша",екскурсійний,Стандарт 150 - 300,199,4,0,1,3,0,0,0,0,0,0,0,0,1,2,0,2,5,3,"ЖОВТЕНЬ, ГРУДЕНЬ, ВЕРЕСЕНЬ",ЖОВТЕНЬ,ПІВРІЧНИЙ,☀️ ЛІТО,TRUE,4,3,2,1,1,1,1,"0,1","0,25","0,25","0,25"
EUR-11,Вікенд у Трансильванії + Бухарест,EUROTRIPS,Eurotrips,Румунія,Румунія,екскурсійний,Стандарт 150 - 300,159,4,1,1,2,0,0,0,0,0,0,0,0,0,2,0,1,3,2,"ЖОВТЕНЬ, ГРУДЕНЬ",ЖОВТЕНЬ,СЕЗОННИЙ,☀️ ЛІТО,FALSE,5,1,2,3,1,1,1,"0,1","0,25","0,25","0,6"
EUR-12,Італійські різдвяні ярмарки,EUROTRIPS,Eurotrips,Італія,Італія,екскурсійний,Люкс 300 - 400,229,5,2,2,2,0,0,0,0,0,0,0,0,0,0,1,1,2,2,"ЛИСТОПАД, ГРУДЕНЬ",ЛИСТОПАД,СЕЗОННИЙ,❄️ ЗИМА,FALSE,3,1,3,0,1,1,1,"0,1","0,20","0,20",0
EUR-13,Канікули в Барселоні,EUROTRIPS,Eurotrips,Іспанія,"Іспанія, Італія, Франція",екскурсійний,Стандарт 150 - 300,399,8,2,1,5,0,0,0,0,0,0,0,0,0,1,0,0,1,1,ЖОВТЕНЬ,ЖОВТЕНЬ,РІДКІСНИЙ,☀️ ЛІТО,FALSE,9,5,4,3,1,1,1,"0,1","0,13","0,13","0,3333333333"
EUR-14,Канікули в Енерджиландії + Краків БЕЗ НІЧНИХ,EUROTRIPS,Eurotrips,Польща,Польща,екскурсійний,Економ 99 - 150,129,3,0,1,2,0,0,0,0,0,0,0,0,0,0,0,0,0,0,,,РІДКІСНИЙ,,TRUE,2,1,2,0,1,1,1,"0,1","0,33","0,33",0
EUR-15,Краків Закопане Морське Око БЕЗ НІЧНИХ,EUROTRIPS,Eurotrips,Польща,Польща,екскурсійний,Люкс 300 - 400,99,3,0,1,2,0,0,0,0,0,1,1,1,1,2,0,0,6,5,"ЖОВТЕНЬ, ЧЕРВЕНЬ, ЛИПЕНЬ",ЖОВТЕНЬ,ПІВРІЧНИЙ,☀️ ЛІТО,TRUE,3,1,2,1,1,1,1,"0,1","0,33","0,33","0,3333333333"
EUR-16,Найкращі пляжі Європи,EUROTRIPS,Eurotrips,Франція,"Франція, Італія, Словенія",екскурсійний,Люкс 300 - 400,399,7,1,1,5,0,0,0,0,0,1,1,1,1,0,0,0,4,4,"ЧЕРВЕНЬ, ЛИПЕНЬ, СЕРПЕНЬ",ЧЕРВЕНЬ,СЕЗОННИЙ,☀️ ЛІТО,FALSE,11,5,5,3,1,1,1,"0,1","0,14","0,14","0,2727272727"
EUR-17,Мілан — Комо — Альпи,EUROTRIPS,Eurotrips,Італія,Італія,екскурсійний,Стандарт 150 - 300,219,6,2,4,3,0,0,0,2,4,3,2,2,3,2,1,0,19,8,"ТРАВЕНЬ, ЧЕРВЕНЬ, ВЕРЕСЕНЬ",ТРАВЕНЬ,ЦІЛИЙ РІК,🌸 МІЖСЕЗОН,FALSE,8,2,4,4,1,1,1,"0,1","0,17","0,17","0,5"
EUR-18,Морська Італія (7 ночей на Лідо-ді-Єзоло),EUROTRIPS,Eurotrips,Італія,Італія,екскурсійний,Люкс 300 - 400,549,10,2,0,7,0,0,0,0,0,1,0,0,2,0,0,0,3,2,"ВЕРЕСЕНЬ, ЧЕРВЕНЬ",ВЕРЕСЕНЬ,СЕЗОННИЙ,☀️ ЛІТО,FALSE,7,1,3,3,1,1,1,"0,1","0,10","0,10","0,4285714286"
EUR-19,Новий рік у Кракові БЕЗ НІЧНИХ,EUROTRIPS,Eurotrips,Польща,Польща,екскурсійний,Економ 99 - 150,129,3,0,1,2,0,0,0,0,0,0,0,0,0,0,0,1,1,1,ГРУДЕНЬ,ГРУДЕНЬ,РІДКІСНИЙ,❄️ ЗИМА,TRUE,2,1,2,0,1,1,1,"0,1","0,33","0,33",0
EUR-20,Новий рік у Мілані,EUROTRIPS,Eurotrips,Італія,Італія,екскурсійний,Стандарт 150 - 300,229,5,2,2,2,0,0,0,0,0,0,0,0,0,0,0,1,1,1,ГРУДЕНЬ,ГРУДЕНЬ,РІДКІСНИЙ,❄️ ЗИМА,FALSE,3,1,3,0,1,1,1,"0,1","0,20","0,20",0
EUR-21,Вікенд у Будапешті + Відень,EUROTRIPS,Eurotrips,Угорщина,"Угорщина, Австрія",екскурсійний,Економ 99 - 150,109,4,1,1,2,0,0,0,1,2,3,4,4,4,3,3,4,28,9,"ЛИПЕНЬ, СЕРПЕНЬ, ВЕРЕСЕНЬ",ЛИПЕНЬ,ЦІЛИЙ РІК,🌸 МІЖСЕЗОН,FALSE,2,2,2,0,1,1,1,"0,1","0,25","0,25",0
EUR-22,Новий рік у Венеції БЕЗ НІЧНИХ,EUROTRIPS,Eurotrips,Італія,"Італія, Словенія",екскурсійний,Стандарт 150 - 300,309,5,0,3,4,0,0,0,0,0,0,0,0,0,0,0,1,1,1,ГРУДЕНЬ,ГРУДЕНЬ,РІДКІСНИЙ,❄️ ЗИМА,TRUE,4,3,2,0,1,1,1,"0,1","0,20","0,20",0
EUR-23,Новий рік у Римі,EUROTRIPS,Eurotrips,Італія,Італія,екскурсійний,Люкс 300 - 400,329,6,2,1,3,0,0,0,0,0,0,0,0,0,0,0,1,1,1,ГРУДЕНЬ,ГРУДЕНЬ,РІДКІСНИЙ,❄️ ЗИМА,FALSE,3,1,3,0,1,1,1,"0,1","0,17","0,17",0
EUR-24,Париж + Нормандія,EUROTRIPS,Eurotrips,Франція,"Франція, Чехія, Австрія, Польща",екскурсійний,Люкс 300 - 400,389,7,2,3,4,0,0,0,2,3,1,2,2,2,2,0,0,14,7,"ТРАВЕНЬ, КВІТЕНЬ, ЛИПЕНЬ",ТРАВЕНЬ,ЦІЛИЙ РІК,🌸 МІЖСЕЗОН,FALSE,5,4,3,1,1,1,1,"0,1","0,14","0,14","0,2"
EUR-25,Мон-Сен-Мішель – Париж – Брюссель,EUROTRIPS,Eurotrips,Франція,"Франція, Бельгія, Нідерланди",екскурсійний,Тяжкий Люкс 400 +,449,9,2,6,6,0,0,0,0,0,1,1,1,1,0,0,0,4,4,"ЧЕРВЕНЬ, ЛИПЕНЬ, СЕРПЕНЬ",ЧЕРВЕНЬ,СЕЗОННИЙ,☀️ ЛІТО,FALSE,12,5,9,1,1,1,1,"0,1","0,11","0,11","0,08333333333"
EUR-26,Південна Італія,EUROTRIPS,Eurotrips,Італія,Італія,екскурсійний,Люкс 300 - 400,394,8,2,3,5,0,0,0,1,1,1,1,1,1,0,0,0,6,6,"КВІТЕНЬ, ТРАВЕНЬ, ЧЕРВЕНЬ",КВІТЕНЬ,ПІВРІЧНИЙ,🌸 МІЖСЕЗОН,FALSE,11,2,7,1,1,1,1,"0,1","0,13","0,13","0,09090909091"
EUR-27,Пікнік в Альпах + Гальштат,EUROTRIPS,Eurotrips,Австрія,Австрія,екскурсійний,Стандарт 150 - 300,159,4,1,1,2,0,0,0,0,0,1,1,1,1,1,1,0,6,6,"ЧЕРВЕНЬ, ЛИПЕНЬ, СЕРПЕНЬ",ЧЕРВЕНЬ,ПІВРІЧНИЙ,☀️ ЛІТО,FALSE,3,2,3,0,1,1,1,"0,1","0,25","0,25",0
EUR-28,Прага-Відень-Будапешт,EUROTRIPS,Eurotrips,Чехія,"Чехія, Польща, Словаччина, Угорщина",екскурсійний,Стандарт 150 - 300,199,4,1,4,2,0,0,0,0,0,0,0,0,1,2,2,2,7,4,"ЖОВТЕНЬ, ЛИСТОПАД, ГРУДЕНЬ",ЖОВТЕНЬ,ПІВРІЧНИЙ,❄️ ЗИМА,FALSE,5,4,5,0,1,1,1,"0,1","0,25","0,25",0
EUR-29,Римські канікули,EUROTRIPS,Eurotrips,Італія,"Італія, Угорщина",екскурсійний,Стандарт 150 - 300,279,6,2,2,3,0,0,0,0,1,1,1,1,2,1,1,0,8,7,"ВЕРЕСЕНЬ, ТРАВЕНЬ, ЧЕРВЕНЬ",ВЕРЕСЕНЬ,ПІВРІЧНИЙ,☀️ ЛІТО,FALSE,4,2,4,0,1,1,1,"0,1","0,17","0,17",0
EUR-30,Різдвяний вікенд у Кракові БЕЗ НІЧНИХ,EUROTRIPS,Eurotrips,Польща,Польща,екскурсійний,Економ 99 - 150,129,3,0,1,2,0,0,0,0,0,0,0,0,0,0,0,2,2,1,ГРУДЕНЬ,ГРУДЕНЬ,СЕЗОННИЙ,❄️ ЗИМА,TRUE,2,1,2,0,1,1,1,"0,1","0,33","0,33",0
EUR-31,Скандинавія + Язик Троля,EUROTRIPS,Eurotrips,Норвегія,"Норвегія, Данія, Швеція, Латвія",екскурсійний,Тяжкий Люкс 400 +,589,10,2,6,7,0,0,0,0,0,0,1,1,0,0,0,0,2,2,"ЛИПЕНЬ, СЕРПЕНЬ",ЛИПЕНЬ,СЕЗОННИЙ,☀️ ЛІТО,FALSE,9,5,7,0,1,1,1,"0,1","0,10","0,10",0
EUR-32,Сонце Море Барселона,EUROTRIPS,Eurotrips,Іспанія,"Іспанія, Італія",екскурсійний,Тяжкий Люкс 400 +,579,10,2,0,7,0,0,0,0,1,2,1,2,0,0,0,0,6,4,"ЧЕРВЕНЬ, СЕРПЕНЬ, ТРАВЕНЬ",ЧЕРВЕНЬ,ПІВРІЧНИЙ,🌸 МІЖСЕЗОН,FALSE,5,2,2,3,1,1,1,"0,1","0,10","0,10","0,6"
EUR-33,Сонячна Греція: Simeon,EUROTRIPS,Eurotrips,Греція,Греція,морський,Тяжкий Люкс 400 +,594,10,2,0,7,0,0,0,0,0,4,5,4,5,0,0,0,18,4,"ЛИПЕНЬ, ВЕРЕСЕНЬ, ЧЕРВЕНЬ",ЛИПЕНЬ,ЦІЛИЙ РІК,☀️ ЛІТО,FALSE,9,3,3,1,1,1,1,"0,1","0,10","0,10","0,1111111111"
EUR-34,Сонячна Греція: Asteris Village,EUROTRIPS,Eurotrips,Греція,Греція,морський,Люкс 300 - 400,369,10,2,0,7,0,0,0,0,0,4,5,4,4,0,0,0,17,4,"ЛИПЕНЬ, ЧЕРВЕНЬ, СЕРПЕНЬ",ЛИПЕНЬ,ЦІЛИЙ РІК,🌸 МІЖСЕЗОН,FALSE,9,3,3,1,1,1,1,"0,1","0,10","0,10","0,1111111111"
EUR-35,Стамбул,EUROTRIPS,Eurotrips,Туреччина,Туреччина,екскурсійний,Стандарт 150 - 300,184,5,2,1,2,0,0,0,0,1,2,2,2,2,2,2,2,15,8,"ЧЕРВЕНЬ, ЛИПЕНЬ, СЕРПЕНЬ",ЧЕРВЕНЬ,ЦІЛИЙ РІК,🌸 МІЖСЕЗОН,FALSE,1,1,1,0,1,1,1,"0,1","0,20","0,20",0
EUR-36,Вікенд у Будапешті + Відень,EUROTRIPS,Eurotrips,Австрія,"Австрія, Угорщина",екскурсійний,Економ 99 - 150,109,4,2,1,1,0,0,0,1,2,3,4,4,4,4,3,4,29,9,"ЛИПЕНЬ, СЕРПЕНЬ, ВЕРЕСЕНЬ",ЛИПЕНЬ,ЦІЛИЙ РІК,🌸 МІЖСЕЗОН,FALSE,2,2,2,0,1,1,1,"0,1","0,25","0,25",0
EUR-37,Хелловін у Трансильванії + Бухарест,EUROTRIPS,Eurotrips,Румунія,Румунія,екскурсійний,Економ 99 - 150,129,4,2,1,1,0,0,0,0,0,0,0,0,0,1,0,0,1,1,ЖОВТЕНЬ,ЖОВТЕНЬ,РІДКІСНИЙ,☀️ ЛІТО,FALSE,5,1,2,3,1,1,1,"0,1","0,25","0,25","0,6"
EUR-38,Чорногорія: де море торкається гір,EUROTRIPS,Eurotrips,Чорногорія,Чорногорія,екскурсійний,Люкс 300 - 400,404,10,2,0,7,0,0,0,0,0,3,4,5,1,0,0,0,13,4,"СЕРПЕНЬ, ЛИПЕНЬ, ЧЕРВЕНЬ",СЕРПЕНЬ,ЦІЛИЙ РІК,🌸 МІЖСЕЗОН,FALSE,1,1,1,0,1,1,1,"0,1","0,10","0,10",0
EUR-39,Швейцарія,EUROTRIPS,Eurotrips,Швейцарія,"Швейцарія, Австрія, Чехія",екскурсійний,Стандарт 150 - 300,244,6,1,4,4,0,0,0,2,1,2,2,1,1,1,1,1,12,9,"КВІТЕНЬ, ЧЕРВЕНЬ, ЛИПЕНЬ",КВІТЕНЬ,ЦІЛИЙ РІК,🌸 МІЖСЕЗОН,FALSE,8,3,5,1,1,1,1,"0,1","0,17","0,17","0,125"
ACC-1,Амурний тиждень в Амстердамі і Парижі!!!,COMPETITOR,Accord tour,Нідерланди,Нідерланди,екскурсійний,Люкс 300 - 400,383,7,0,5,6,0,0,0,6,12,14,10,12,14,12,11,11,102,9,"ЧЕРВЕНЬ, ВЕРЕСЕНЬ, ТРАВЕНЬ",ЧЕРВЕНЬ,ЦІЛИЙ РІК,🌸 МІЖСЕЗОН,TRUE,10,6,8,0,1,1,1,"0,1","0,14","0,14",0
ACC-2,"Три щасливих смайлика: Амстердам, Париж, Рим + Лазурове узбережжя!",COMPETITOR,Accord tour,Франція,Франція,екскурсійний,Тяжкий Люкс 400 +,493,10,3,7,6,0,0,0,6,12,15,11,12,15,12,11,5,99,9,"ЧЕРВЕНЬ, ВЕРЕСЕНЬ, ТРАВЕНЬ",ЧЕРВЕНЬ,ЦІЛИЙ РІК,🌸 МІЖСЕЗОН,FALSE,15,8,11,2,1,1,1,"0,1","0,10","0,10","0,1333333333"
ACC-3,Мільйон посмішок... або 4 дні в Амстердамі!,COMPETITOR,Accord tour,Нідерланди,Нідерланди,екскурсійний,Тяжкий Люкс 400 +,470,8,0,4,7,0,0,0,7,12,15,10,12,15,12,12,11,106,9,"ЧЕРВЕНЬ, ВЕРЕСЕНЬ, ТРАВЕНЬ",ЧЕРВЕНЬ,ЦІЛИЙ РІК,🌸 МІЖСЕЗОН,TRUE,14,4,10,0,1,1,1,"0,1","0,13","0,13",0
ACC-4,"Вояж в Париж  Нормандія, Замки Луари + Люксембург",COMPETITOR,Accord tour,Франція,Франція,екскурсійний,Люкс 300 - 400,"409,5",8,0,7,7,0,0,0,2,4,5,5,4,5,5,3,4,37,9,"ЧЕРВЕНЬ, ЛИПЕНЬ, ВЕРЕСЕНЬ",ЧЕРВЕНЬ,ЦІЛИЙ РІК,🌸 МІЖСЕЗОН,TRUE,8,5,6,0,1,1,1,"0,1","0,13","0,13",0
ACC-5,"Париж, квіти..... і Компліменти!  Амстердам, Брюссель, Париж, Люксембург, Кельн",COMPETITOR,Accord tour,Франція,Франція,екскурсійний,Тяжкий Люкс 400 +,582,10,0,8,9,0,0,0,6,12,15,11,12,15,12,12,11,106,9,"ЧЕРВЕНЬ, ВЕРЕСЕНЬ, ТРАВЕНЬ",ЧЕРВЕНЬ,ЦІЛИЙ РІК,🌸 МІЖСЕЗОН,TRUE,16,6,12,1,1,1,1,"0,1","0,10","0,10","0,0625"
ACC-6,Три дні в Парижі + Діснейленд,COMPETITOR,Accord tour,Франція,Франція,екскурсійний,Стандарт 150 - 300,283,7,2,5,4,0,0,0,7,12,14,11,12,14,12,11,11,104,9,"ЧЕРВЕНЬ, ВЕРЕСЕНЬ, ТРАВЕНЬ",ЧЕРВЕНЬ,ЦІЛИЙ РІК,🌸 МІЖСЕЗОН,FALSE,9,4,6,1,1,1,1,"0,1","0,14","0,14","0,1111111111"
ACC-7,Амурні пригоди в Амстердамі і Парижі!!!,COMPETITOR,Accord tour,Нідерланди,Нідерланди,екскурсійний,Люкс 300 - 400,377,7,0,5,6,0,0,0,3,9,13,12,14,9,13,9,11,93,9,"СЕРПЕНЬ, ЧЕРВЕНЬ, ЖОВТЕНЬ",СЕРПЕНЬ,ЦІЛИЙ РІК,🌸 МІЖСЕЗОН,TRUE,9,6,7,0,1,1,1,"0,1","0,14","0,14",0
ACC-8,Амстердам та Париж... запалив та привабив...,COMPETITOR,Accord tour,Нідерланди,Нідерланди,екскурсійний,Стандарт 150 - 300,"325,5",7,2,5,4,0,0,0,3,8,12,12,14,9,13,9,11,91,9,"СЕРПЕНЬ, ЖОВТЕНЬ, ЧЕРВЕНЬ",СЕРПЕНЬ,ЦІЛИЙ РІК,🌸 МІЖСЕЗОН,FALSE,10,6,6,1,1,1,1,"0,1","0,14","0,14","0,1"
ACC-9,"Яскравий Бенілюкс: Нідерланди, Бельгія та Люксембург!",COMPETITOR,Accord tour,Бельгія,Бельгія,екскурсійний,Люкс 300 - 400,442,7,0,4,6,0,0,0,3,9,13,12,14,9,13,9,13,95,9,"СЕРПЕНЬ, ЧЕРВЕНЬ, ЖОВТЕНЬ",СЕРПЕНЬ,ЦІЛИЙ РІК,🌸 МІЖСЕЗОН,TRUE,9,4,7,0,1,1,1,"0,1","0,14","0,14",0
ACC-10,"Французький Каприз   4 дні в Парижі + Нормандія, долина Луари, Мон-Сен-Мішель!",COMPETITOR,Accord tour,Франція,Франція,екскурсійний,Люкс 300 - 400,"416,5",8,0,7,7,0,0,0,4,10,14,12,14,9,13,9,13,98,9,"ЧЕРВЕНЬ, СЕРПЕНЬ, ЖОВТЕНЬ",ЧЕРВЕНЬ,ЦІЛИЙ РІК,🌸 МІЖСЕЗОН,TRUE,17,3,4,2,1,1,1,"0,1","0,13","0,13","0,1176470588"
ACC-11,"Вітаю, милий Амстердам!",COMPETITOR,Accord tour,Нідерланди,Нідерланди,екскурсійний,Люкс 300 - 400,"422,5",7,0,4,6,0,0,0,3,9,13,12,14,9,13,9,13,95,9,"СЕРПЕНЬ, ЧЕРВЕНЬ, ЖОВТЕНЬ",СЕРПЕНЬ,ЦІЛИЙ РІК,🌸 МІЖСЕЗОН,TRUE,14,4,7,2,1,1,1,"0,1","0,14","0,14","0,1428571429"
ACC-12,"Бонжур Лямур або 3 дні в Парижі! ...Париж, Діснейленд та Люксембург...",COMPETITOR,Accord tour,Франція,Франція,екскурсійний,Люкс 300 - 400,374,7,0,5,6,0,0,0,3,9,13,12,14,9,14,9,13,96,9,"СЕРПЕНЬ, ЖОВТЕНЬ, ЧЕРВЕНЬ",СЕРПЕНЬ,ЦІЛИЙ РІК,🌸 МІЖСЕЗОН,TRUE,11,4,5,1,1,1,1,"0,1","0,14","0,14","0,09090909091"
ACC-13,Любовне зізнання: Відень + Прага!,COMPETITOR,Accord tour,Чехія,Чехія,екскурсійний,Стандарт 150 - 300,245,5,0,2,4,0,0,0,3,9,13,12,14,9,13,9,13,95,9,"СЕРПЕНЬ, ЧЕРВЕНЬ, ЖОВТЕНЬ",СЕРПЕНЬ,ЦІЛИЙ РІК,🌸 МІЖСЕЗОН,TRUE,4,3,4,0,1,1,1,"0,1","0,20","0,20",0
ACC-14,"Бонжорно, Італія + Швейцарія!",COMPETITOR,Accord tour,Італія,Італія,екскурсійний,Люкс 300 - 400,"366,5",7,0,6,6,0,0,0,3,7,6,9,10,8,9,3,3,58,9,"СЕРПЕНЬ, ЛИПЕНЬ, ЖОВТЕНЬ",СЕРПЕНЬ,ЦІЛИЙ РІК,🌸 МІЖСЕЗОН,TRUE,14,5,12,1,1,1,1,"0,1","0,14","0,14","0,07142857143"
ACC-15,"Дивовижний світ  4 дні в Швейцарії Женева, Берн, Люцерн + Монблан",COMPETITOR,Accord tour,Швейцарія,Швейцарія,екскурсійний,Люкс 300 - 400,"382,5",7,0,6,6,0,0,0,4,7,6,8,10,8,9,3,3,58,9,"СЕРПЕНЬ, ЖОВТЕНЬ, ЛИПЕНЬ",СЕРПЕНЬ,ЦІЛИЙ РІК,🌸 МІЖСЕЗОН,TRUE,12,4,7,1,1,1,1,"0,1","0,14","0,14","0,08333333333"
ACC-16,Святкова Прага!!! Виїзд з Києва,COMPETITOR,Accord tour,Чехія,Чехія,екскурсійний,Стандарт 150 - 300,244,5,1,2,3,0,0,0,2,11,13,10,8,6,10,8,8,76,9,"ЧЕРВЕНЬ, ТРАВЕНЬ, ЛИПЕНЬ",ЧЕРВЕНЬ,ЦІЛИЙ РІК,🌸 МІЖСЕЗОН,FALSE,7,4,7,0,1,1,1,"0,1","0,20","0,20",0
ACC-17,Прикольними містами: Дрезден + Прага + Брно + Краків!!!,COMPETITOR,Accord tour,Чехія,Чехія,екскурсійний,Стандарт 150 - 300,"198,5",4,0,3,3,0,0,0,3,12,14,16,14,9,13,9,12,102,9,"ЛИПЕНЬ, ЧЕРВЕНЬ, СЕРПЕНЬ",ЛИПЕНЬ,ЦІЛИЙ РІК,🌸 МІЖСЕЗОН,TRUE,7,3,5,0,1,1,1,"0,1","0,25","0,25",0
ACC-18,"Мюнхен і компанія: Краків, Прага, Відень!",COMPETITOR,Accord tour,Німеччина,Німеччина,екскурсійний,Стандарт 150 - 300,244,4,0,3,3,0,0,0,3,12,14,16,14,9,13,9,13,103,9,"ЛИПЕНЬ, ЧЕРВЕНЬ, СЕРПЕНЬ",ЛИПЕНЬ,ЦІЛИЙ РІК,🌸 МІЖСЕЗОН,TRUE,5,4,4,1,1,1,1,"0,1","0,25","0,25","0,2"
ACC-19,"Душевний Вікенд   Краків, Прага, Відень, Будапешт + Егер ",COMPETITOR,Accord tour,Австрія,Австрія,екскурсійний,Стандарт 150 - 300,"163,5",4,0,2,3,0,0,0,3,11,10,12,16,13,5,9,12,91,9,"СЕРПЕНЬ, ВЕРЕСЕНЬ, ЛИПЕНЬ",СЕРПЕНЬ,ЦІЛИЙ РІК,🌸 МІЖСЕЗОН,TRUE,5,4,5,0,1,1,1,"0,1","0,25","0,25",0
ACC-20,"Відень, я вже їду!",COMPETITOR,Accord tour,Австрія,Австрія,екскурсійний,Стандарт 150 - 300,201,4,0,2,3,0,0,0,3,9,13,12,14,9,13,9,13,95,9,"СЕРПЕНЬ, ЧЕРВЕНЬ, ЖОВТЕНЬ",СЕРПЕНЬ,ЦІЛИЙ РІК,🌸 МІЖСЕЗОН,TRUE,5,1,4,0,1,1,1,"0,1","0,25","0,25",0
ACC-21,Французька для початківців  Париж+ Діснейленд,COMPETITOR,Accord tour,Франція,Франція,екскурсійний,Стандарт 150 - 300,240,6,2,4,3,0,0,0,2,7,4,5,6,4,7,4,5,44,9,"ТРАВЕНЬ, ЖОВТЕНЬ, СЕРПЕНЬ",ТРАВЕНЬ,ЦІЛИЙ РІК,🌸 МІЖСЕЗОН,FALSE,11,4,9,0,1,1,1,"0,1","0,17","0,17",0
ACC-22,"Вікенд на трьох!  Краків, Відень, Будапешт",COMPETITOR,Accord tour,Польща,Польща,екскурсійний,Стандарт 150 - 300,168,3,0,2,2,0,0,0,3,12,14,16,18,9,11,9,13,105,9,"СЕРПЕНЬ, ЛИПЕНЬ, ЧЕРВЕНЬ",СЕРПЕНЬ,ЦІЛИЙ РІК,🌸 МІЖСЕЗОН,TRUE,4,3,4,0,1,1,1,"0,1","0,33","0,33",0
ACC-23,Секрети смаку: вся Швейцарія + Зальцбург та Відень!!!,COMPETITOR,Accord tour,Швейцарія,Швейцарія,екскурсійний,Люкс 300 - 400,369,7,0,5,6,0,0,0,3,8,12,12,14,9,13,9,11,91,9,"СЕРПЕНЬ, ЖОВТЕНЬ, ЧЕРВЕНЬ",СЕРПЕНЬ,ЦІЛИЙ РІК,🌸 МІЖСЕЗОН,TRUE,14,5,9,1,1,1,1,"0,1","0,14","0,14","0,07142857143"
ACC-24,"Альпійська симфонія   Цюрих, Женева, Берн + Монблан",COMPETITOR,Accord tour,Швейцарія,Швейцарія,екскурсійний,Люкс 300 - 400,"385,5",7,0,6,6,0,0,0,3,8,8,9,10,8,9,3,3,61,9,"СЕРПЕНЬ, ЛИПЕНЬ, ЖОВТЕНЬ",СЕРПЕНЬ,ЦІЛИЙ РІК,🌸 МІЖСЕЗОН,TRUE,13,5,10,1,1,1,1,"0,1","0,14","0,14","0,07692307692"
ACC-25,"В гостях у Швейцарії   Цюрих, Женева, Берн + Монблан",COMPETITOR,Accord tour,Швейцарія,Швейцарія,екскурсійний,Тяжкий Люкс 400 +,"432,5",8,0,8,7,0,0,0,1,2,1,1,1,1,,,,7,6,"ТРАВЕНЬ, КВІТЕНЬ, ЧЕРВЕНЬ",ТРАВЕНЬ,ПІВРІЧНИЙ,🌸 МІЖСЕЗОН,TRUE,13,4,9,1,1,1,1,"0,1","0,13","0,13","0,07692307692"
ACC-26,Празький вогник!,COMPETITOR,Accord tour,Чехія,Чехія,екскурсійний,Стандарт 150 - 300,266,5,0,2,4,0,0,0,3,12,10,12,16,,,,,53,5,"СЕРПЕНЬ, ТРАВЕНЬ, ЛИПЕНЬ",СЕРПЕНЬ,ЦІЛИЙ РІК,🌸 МІЖСЕЗОН,TRUE,8,3,5,0,1,1,1,"0,1","0,20","0,20",0
ACC-27,Вікенд в Краків!,COMPETITOR,Accord tour,Польща,Польща,екскурсійний,Економ 99 - 150,"139,5",3,0,1,2,0,0,0,3,13,14,16,14,9,13,9,13,104,9,"ЛИПЕНЬ, ЧЕРВЕНЬ, СЕРПЕНЬ",ЛИПЕНЬ,ЦІЛИЙ РІК,🌸 МІЖСЕЗОН,TRUE,5,1,2,0,1,1,1,"0,1","0,33","0,33",0
ACC-28,Барселона – Королева Півдня,COMPETITOR,Accord tour,Іспанія,Іспанія,екскурсійний,Люкс 300 - 400,374,8,2,7,5,0,0,0,2,11,13,14,15,9,14,9,11,98,9,"СЕРПЕНЬ, ЛИПЕНЬ, ЖОВТЕНЬ",СЕРПЕНЬ,ЦІЛИЙ РІК,🌸 МІЖСЕЗОН,FALSE,13,6,7,1,1,1,1,"0,1","0,13","0,13","0,07692307692"
ACC-29,Сонячний поцілунок Барселони,COMPETITOR,Accord tour,Іспанія,Іспанія,екскурсійний,Люкс 300 - 400,342,8,2,4,5,0,0,0,2,11,13,14,15,9,12,9,11,96,9,"СЕРПЕНЬ, ЛИПЕНЬ, ЧЕРВЕНЬ",СЕРПЕНЬ,ЦІЛИЙ РІК,🌸 МІЖСЕЗОН,FALSE,11,7,8,1,1,1,1,"0,1","0,13","0,13","0,09090909091"
ACC-30,"Шедеври Франції  Етрета, Мон Сан Мішель, Замки Луари",COMPETITOR,Accord tour,Франція,Франція,екскурсійний,Тяжкий Люкс 400 +,441,8,0,7,7,0,0,0,1,4,4,5,6,5,6,3,6,40,9,"СЕРПЕНЬ, ЖОВТЕНЬ, ГРУДЕНЬ",СЕРПЕНЬ,ЦІЛИЙ РІК,🌸 МІЖСЕЗОН,TRUE,14,3,8,1,1,1,1,"0,1","0,13","0,13","0,07142857143"
ACC-31,"Все, про що мрію, — це Париж! Je t'aime, mon cher Paris!",COMPETITOR,Accord tour,Франція,Франція,екскурсійний,Тяжкий Люкс 400 +,485,9,0,8,8,0,0,0,2,4,5,4,5,3,6,3,3,35,9,"ЖОВТЕНЬ, ЧЕРВЕНЬ, СЕРПЕНЬ",ЖОВТЕНЬ,ЦІЛИЙ РІК,🌸 МІЖСЕЗОН,TRUE,11,5,5,1,1,1,1,"0,1","0,11","0,11","0,09090909091"
ACC-32,Краківський Вояж!,COMPETITOR,Accord tour,Польща,Польща,екскурсійний,Економ 99 - 150,123,2,0,1,1,0,0,0,3,12,14,16,14,9,13,9,13,103,9,"ЛИПЕНЬ, ЧЕРВЕНЬ, СЕРПЕНЬ",ЛИПЕНЬ,ЦІЛИЙ РІК,🌸 МІЖСЕЗОН,TRUE,3,1,1,0,1,1,1,"0,1","0,50","0,50",0
ACC-33,Вікенд в Берліні!,COMPETITOR,Accord tour,Німеччина,Німеччина,екскурсійний,Економ 99 - 150,149,4,2,1,1,0,0,0,3,12,14,16,14,9,13,9,13,103,9,"ЛИПЕНЬ, ЧЕРВЕНЬ, СЕРПЕНЬ",ЛИПЕНЬ,ЦІЛИЙ РІК,🌸 МІЖСЕЗОН,FALSE,4,2,2,1,1,1,1,"0,1","0,25","0,25","0,25"
ACC-34,Кастаньєти іспанського серця  3 дні в Барселоні,COMPETITOR,Accord tour,Іспанія,Іспанія,екскурсійний,Тяжкий Люкс 400 +,520,10,0,7,9,0,0,0,2,2,3,3,5,2,2,,,19,7,"СЕРПЕНЬ, ЧЕРВЕНЬ, ЛИПЕНЬ",СЕРПЕНЬ,ЦІЛИЙ РІК,🌸 МІЖСЕЗОН,TRUE,15,9,11,0,1,1,1,"0,1","0,10","0,10",0
ACC-35,"Закохані в Париж Діснейленд, Нормандія + Страсбург...",COMPETITOR,Accord tour,Франція,Франція,екскурсійний,Стандарт 150 - 300,"242,5",6,2,5,3,0,0,0,4,10,9,9,11,5,7,3,8,66,9,"СЕРПЕНЬ, ТРАВЕНЬ, ЧЕРВЕНЬ",СЕРПЕНЬ,ЦІЛИЙ РІК,🌸 МІЖСЕЗОН,FALSE,8,4,6,1,1,1,1,"0,1","0,17","0,17","0,125"
ACC-36,Апельсиновий рай  відпочинок на морі Іспанії та Франції + Швейцарія!!!,COMPETITOR,Accord tour,Іспанія,Іспанія,екскурсійний,Тяжкий Люкс 400 +,459,9,2,7,6,0,0,0,2,7,8,8,7,8,8,,,48,7,"ЧЕРВЕНЬ, ЛИПЕНЬ, ВЕРЕСЕНЬ",ЧЕРВЕНЬ,ЦІЛИЙ РІК,🌸 МІЖСЕЗОН,FALSE,15,6,8,1,1,1,1,"0,1","0,11","0,11","0,06666666667"
ACC-37,Пристрасть по-іспанськи! Відпочинок на морі!,COMPETITOR,Accord tour,Іспанія,Іспанія,екскурсійний,Тяжкий Люкс 400 +,581,10,0,7,9,0,0,0,2,7,8,8,7,8,8,,,48,7,"ЧЕРВЕНЬ, ЛИПЕНЬ, ВЕРЕСЕНЬ",ЧЕРВЕНЬ,ЦІЛИЙ РІК,🌸 МІЖСЕЗОН,TRUE,17,7,7,4,1,1,1,"0,1","0,10","0,10","0,2352941176"
ACC-38,"Романтичний Париж!   Страсбург, Кольмар, Нюрнберг",COMPETITOR,Accord tour,Франція,Франція,екскурсійний,Люкс 300 - 400,"382,5",7,0,6,6,0,0,0,4,8,12,12,14,9,13,9,12,93,9,"СЕРПЕНЬ, ЖОВТЕНЬ, ЧЕРВЕНЬ",СЕРПЕНЬ,ЦІЛИЙ РІК,🌸 МІЖСЕЗОН,TRUE,10,4,7,1,1,1,1,"0,1","0,14","0,14","0,1"
ACC-39,"Атмосфера свята  Франція та Швейцарія  Париж, Цюріх, Люцерн",COMPETITOR,Accord tour,Франція,Франція,екскурсійний,Люкс 300 - 400,"341,5",6,0,5,5,0,0,0,4,7,5,6,8,4,,,,34,6,"СЕРПЕНЬ, ТРАВЕНЬ, ЛИПЕНЬ",СЕРПЕНЬ,ЦІЛИЙ РІК,🌸 МІЖСЕЗОН,TRUE,9,5,6,0,1,1,1,"0,1","0,17","0,17",0
ACC-40,"Розкішна подорож  Франція та Швейцарія  Париж, Нормандія, Берн, Цюріх, Люцерн",COMPETITOR,Accord tour,Швейцарія,Швейцарія,екскурсійний,Люкс 300 - 400,389,7,0,6,6,0,0,0,1,8,12,12,14,9,13,9,11,89,9,"СЕРПЕНЬ, ЖОВТЕНЬ, ЧЕРВЕНЬ",СЕРПЕНЬ,ЦІЛИЙ РІК,🌸 МІЖСЕЗОН,TRUE,11,5,8,0,1,1,1,"0,1","0,14","0,14",0
ACC-41,Іспанська сієста... Відпочинок на морі!,COMPETITOR,Accord tour,Іспанія,Іспанія,морський,Тяжкий Люкс 400 +,556,11,2,6,8,0,0,0,2,7,8,8,7,8,8,,,48,7,"ЧЕРВЕНЬ, ЛИПЕНЬ, ВЕРЕСЕНЬ",ЧЕРВЕНЬ,ЦІЛИЙ РІК,🌸 МІЖСЕЗОН,FALSE,16,6,7,4,1,1,1,"0,1","0,09","0,09","0,25"
ACC-42,"Любов і голуби… Париж, Франкфурт, Дрезден і Прага!!!",COMPETITOR,Accord tour,Франція,Франція,екскурсійний,Люкс 300 - 400,"332,5",6,0,4,5,0,0,0,3,9,14,13,14,9,14,9,14,99,9,"ЧЕРВЕНЬ, СЕРПЕНЬ, ЖОВТЕНЬ",ЧЕРВЕНЬ,ЦІЛИЙ РІК,🌸 МІЖСЕЗОН,TRUE,8,4,5,2,1,1,1,"0,1","0,17","0,17","0,25"
ACC-43,Французький настрій в Парижі та Діснейленді!,COMPETITOR,Accord tour,Франція,Франція,екскурсійний,Стандарт 150 - 300,263,6,2,5,3,0,0,0,3,9,13,12,14,9,13,9,12,94,9,"СЕРПЕНЬ, ЧЕРВЕНЬ, ЖОВТЕНЬ",СЕРПЕНЬ,ЦІЛИЙ РІК,🌸 МІЖСЕЗОН,FALSE,9,4,8,0,1,1,1,"0,1","0,17","0,17",0
ACC-44,В Привабливому Парижі + Мюнхен та Діснейленд!!!,COMPETITOR,Accord tour,Франція,Франція,екскурсійний,Стандарт 150 - 300,265,6,2,4,3,0,0,0,3,9,13,12,14,9,13,9,13,95,9,"СЕРПЕНЬ, ЧЕРВЕНЬ, ЖОВТЕНЬ",СЕРПЕНЬ,ЦІЛИЙ РІК,🌸 МІЖСЕЗОН,FALSE,5,4,5,0,1,1,1,"0,1","0,17","0,17",0
ACC-45,Казкова Прага + Дрезден,COMPETITOR,Accord tour,Чехія,Чехія,екскурсійний,Економ 99 - 150,"163,5",4,1,3,2,0,0,0,4,8,7,8,9,6,10,,,52,7,"ЖОВТЕНЬ, СЕРПЕНЬ, ТРАВЕНЬ",ЖОВТЕНЬ,ЦІЛИЙ РІК,🌸 МІЖСЕЗОН,FALSE,2,2,2,0,1,1,1,"0,1","0,25","0,25",0
ACC-46,Маленька французька подорож Париж та Діснейленд,COMPETITOR,Accord tour,Франція,Франція,екскурсійний,Стандарт 150 - 300,"197,5",6,2,4,3,0,0,0,5,11,14,14,15,9,13,9,11,101,9,"СЕРПЕНЬ, ЧЕРВЕНЬ, ЛИПЕНЬ",СЕРПЕНЬ,ЦІЛИЙ РІК,🌸 МІЖСЕЗОН,FALSE,11,5,9,0,1,1,1,"0,1","0,17","0,17",0
ACC-47,В повному шоколаді... або 2 дні в Швейцарії!,COMPETITOR,Accord tour,Швейцарія,Швейцарія,екскурсійний,Люкс 300 - 400,"310,5",6,0,5,5,0,0,0,3,10,15,15,14,11,15,9,14,106,9,"ЧЕРВЕНЬ, ЛИПЕНЬ, ЖОВТЕНЬ",ЧЕРВЕНЬ,ЦІЛИЙ РІК,🌸 МІЖСЕЗОН,TRUE,11,5,8,0,1,1,1,"0,1","0,17","0,17",0
ACC-48,В полоні Парижа  Діснейленд + Ельзас+ Швейцарія,COMPETITOR,Accord tour,Франція,Франція,екскурсійний,Стандарт 150 - 300,272,6,2,5,3,0,0,0,4,10,10,9,11,,,,,44,5,"СЕРПЕНЬ, ТРАВЕНЬ, ЧЕРВЕНЬ",СЕРПЕНЬ,ЦІЛИЙ РІК,🌸 МІЖСЕЗОН,FALSE,9,4,7,1,1,1,1,"0,1","0,17","0,17","0,1111111111"
ACC-49,"Фантастична четвірка: Амстердам, Брюссель, Люксембург та Берлін!",COMPETITOR,Accord tour,Нідерланди,Нідерланди,екскурсійний,Люкс 300 - 400,342,6,0,4,5,0,0,0,3,9,13,12,14,9,13,9,13,95,9,"СЕРПЕНЬ, ЧЕРВЕНЬ, ЖОВТЕНЬ",СЕРПЕНЬ,ЦІЛИЙ РІК,🌸 МІЖСЕЗОН,TRUE,11,6,9,0,1,1,1,"0,1","0,17","0,17",0
ACC-50,Бельгія для гурманів або 2 дні в Брюсселі!,COMPETITOR,Accord tour,Бельгія,Бельгія,екскурсійний,Люкс 300 - 400,364,6,0,4,5,0,0,0,3,9,13,12,14,9,13,9,11,93,9,"СЕРПЕНЬ, ЧЕРВЕНЬ, ЖОВТЕНЬ",СЕРПЕНЬ,ЦІЛИЙ РІК,🌸 МІЖСЕЗОН,TRUE,12,3,9,0,1,1,1,"0,1","0,17","0,17",0
ACC-51,"Лайк там, де Амстердам!",COMPETITOR,Accord tour,Нідерланди,Нідерланди,екскурсійний,Стандарт 150 - 300,208,4,2,2,1,0,0,0,3,9,13,12,14,9,13,9,13,95,9,"СЕРПЕНЬ, ЧЕРВЕНЬ, ЖОВТЕНЬ",СЕРПЕНЬ,ЦІЛИЙ РІК,🌸 МІЖСЕЗОН,FALSE,9,3,6,1,1,1,1,"0,1","0,25","0,25","0,1111111111"
ACC-52,"Вікенд в Швейцарію або Фондю для двох!  Берн, Цюріх, Люцерн, Інтерлакен, Гріндельвальд",COMPETITOR,Accord tour,Швейцарія,Швейцарія,екскурсійний,Стандарт 150 - 300,306,5,0,3,4,0,0,0,3,9,13,13,14,7,12,9,12,92,9,"СЕРПЕНЬ, ЧЕРВЕНЬ, ЛИПЕНЬ",СЕРПЕНЬ,ЦІЛИЙ РІК,🌸 МІЖСЕЗОН,TRUE,9,4,5,1,1,1,1,"0,1","0,20","0,20","0,1111111111"
ACC-53,"Зустрінемось в Амстердамі + парк ""Кекенхоф"" і парк розваг Ефтелінг!!!",COMPETITOR,Accord tour,Нідерланди,Нідерланди,екскурсійний,Люкс 300 - 400,359,6,0,4,5,0,0,0,3,9,13,12,12,9,13,9,13,93,9,"ЧЕРВЕНЬ, ЖОВТЕНЬ, ГРУДЕНЬ",ЧЕРВЕНЬ,ЦІЛИЙ РІК,🌸 МІЖСЕЗОН,TRUE,8,4,5,2,1,1,1,"0,1","0,17","0,17","0,25"
ACC-54,"Магія Парижа  Діснейленд, замок Нойшвайнштайн, долина Вахау",COMPETITOR,Accord tour,Франція,Франція,екскурсійний,Стандарт 150 - 300,350,6,2,5,3,0,0,0,4,7,5,6,8,4,,,,34,6,"СЕРПЕНЬ, ТРАВЕНЬ, ЛИПЕНЬ",СЕРПЕНЬ,ЦІЛИЙ РІК,🌸 МІЖСЕЗОН,FALSE,10,4,7,0,1,1,1,"0,1","0,17","0,17",0
ACC-55,"Вихідні в Словаччині   Термали, гори і релакс...",COMPETITOR,Accord tour,Словаччина,"Словаччина, Польща",спа-тур,Стандарт 150 - 300,204,4,0,2,3,0,0,0,1,,,,,,,,,1,1,КВІТЕНЬ,КВІТЕНЬ,РІДКІСНИЙ,🌸 МІЖСЕЗОН,TRUE,8,1,1,0,1,1,1,"0,1","0,25","0,25",0
ACC-56,"Відпочинок на висоті Швейцарія, Баварія, Австрія  Острів Майнау, Замок Нойшвайнштайн, Світ Сваровскі...",COMPETITOR,Accord tour,Швейцарія,Швейцарія,екскурсійний,Люкс 300 - 400,"373,5",7,0,6,6,0,0,0,1,2,2,2,2,,,,,9,5,"ТРАВЕНЬ, ЧЕРВЕНЬ, ЛИПЕНЬ",ТРАВЕНЬ,ЦІЛИЙ РІК,🌸 МІЖСЕЗОН,TRUE,12,5,7,1,1,1,1,"0,1","0,14","0,14","0,08333333333"
ACC-57,"Мої найкращі друзі    Амстердам, Брюсель, Париж",COMPETITOR,Accord tour,Нідерланди,"Нідерланди, Франція",екскурсійний,Люкс 300 - 400,426,8,0,7,7,0,0,0,3,9,12,10,14,8,13,9,6,84,9,"СЕРПЕНЬ, ЖОВТЕНЬ, ЧЕРВЕНЬ",СЕРПЕНЬ,ЦІЛИЙ РІК,🌸 МІЖСЕЗОН,TRUE,12,6,8,0,1,1,1,"0,1","0,13","0,13",0
ACC-58,"Дефіле для романтиків: Прага, Мілан, Венеція",COMPETITOR,Accord tour,Італія,Італія,екскурсійний,Стандарт 150 - 300,"229,5",5,2,3,2,0,0,0,3,8,11,13,13,9,13,9,,79,8,"ЛИПЕНЬ, СЕРПЕНЬ, ЖОВТЕНЬ",ЛИПЕНЬ,ЦІЛИЙ РІК,🌸 МІЖСЕЗОН,FALSE,7,4,6,0,1,1,1,"0,1","0,20","0,20",0
ACC-59,Знайомство з Казанова! Відень+Верона+Венеція,COMPETITOR,Accord tour,Італія,Італія,екскурсійний,Стандарт 150 - 300,"283,5",5,0,3,4,0,0,0,3,8,9,10,11,8,9,9,,67,8,"СЕРПЕНЬ, ЛИПЕНЬ, ЧЕРВЕНЬ",СЕРПЕНЬ,ЦІЛИЙ РІК,🌸 МІЖСЕЗОН,TRUE,8,4,6,1,1,1,1,"0,1","0,20","0,20","0,125"
ACC-60,"Коротке побачення в Італії: Верона, Мілан, Венеція",COMPETITOR,Accord tour,Італія,Італія,екскурсійний,Люкс 300 - 400,"342,5",6,0,4,5,0,0,0,3,8,9,10,11,8,13,9,,71,8,"ЖОВТЕНЬ, СЕРПЕНЬ, ЛИПЕНЬ",ЖОВТЕНЬ,ЦІЛИЙ РІК,🌸 МІЖСЕЗОН,TRUE,7,2,5,0,1,1,1,"0,1","0,17","0,17",0
ACC-61,Солодкий круасан - Париж,COMPETITOR,Accord tour,Франція,Франція,екскурсійний,Стандарт 150 - 300,"237,5",6,2,4,3,0,0,0,5,11,9,9,11,4,7,4,8,68,9,"ТРАВЕНЬ, СЕРПЕНЬ, ЧЕРВЕНЬ",ТРАВЕНЬ,ЦІЛИЙ РІК,🌸 МІЖСЕЗОН,FALSE,8,4,5,3,1,1,1,"0,1","0,17","0,17","0,375"
ACC-62,"Happy days або 5 столиць!!! ...Берлін, Прага, Відень, Будапешт та Варшава...",COMPETITOR,Accord tour,Німеччина,Німеччина,екскурсійний,Стандарт 150 - 300,"235,5",5,1,3,3,0,0,0,4,12,14,10,12,14,12,7,11,96,9,"ЧЕРВЕНЬ, ВЕРЕСЕНЬ, ТРАВЕНЬ",ЧЕРВЕНЬ,ЦІЛИЙ РІК,🌸 МІЖСЕЗОН,FALSE,5,5,5,0,1,1,1,"0,1","0,20","0,20",0
ACC-63,"Французький реверанс  Париж, Нормандія, Мон-Сен-Мішель, Аквітанія, Замки Луари, Ельзас",COMPETITOR,Accord tour,Франція,Франція,екскурсійний,Тяжкий Люкс 400 +,"627,5",10,0,10,9,0,0,0,1,2,1,2,3,1,1,,,11,7,"СЕРПЕНЬ, ТРАВЕНЬ, ЛИПЕНЬ",СЕРПЕНЬ,ЦІЛИЙ РІК,🌸 МІЖСЕЗОН,TRUE,17,3,8,0,1,1,1,"0,1","0,10","0,10",0
ACC-64,"Яскраві нотки Італії: 2 дні в Римі + Флоренція, Венеція",COMPETITOR,Accord tour,Італія,Італія,екскурсійний,Стандарт 150 - 300,"291,5",6,2,3,3,0,0,0,3,8,12,8,7,7,9,8,,62,8,"ЧЕРВЕНЬ, ЖОВТЕНЬ, ТРАВЕНЬ",ЧЕРВЕНЬ,ЦІЛИЙ РІК,🌸 МІЖСЕЗОН,FALSE,6,3,5,0,1,1,1,"0,1","0,17","0,17",0
ACC-65,"Сто причин любити Італію, і перша - Рим! Флоренція + Венеція!",COMPETITOR,Accord tour,Італія,"Італія, Сан-Марино",екскурсійний,Тяжкий Люкс 400 +,"458,5",8,0,6,7,0,0,0,2,8,7,6,6,6,6,6,6,53,9,"ТРАВЕНЬ, ЧЕРВЕНЬ, ЛИПЕНЬ",ТРАВЕНЬ,ЦІЛИЙ РІК,🌸 МІЖСЕЗОН,TRUE,18,4,12,0,1,1,1,"0,1","0,13","0,13",0
ACC-66,"Моя Португалія  Лісабон, Порту, Сінтра, Мадрид, Барселона, Ніцца, Монако!",COMPETITOR,Accord tour,Португалія,Португалія,екскурсійний,Тяжкий Люкс 400 +,"545,5",11,3,6,7,0,0,0,1,5,4,5,4,3,5,3,4,34,9,"ТРАВЕНЬ, ЛИПЕНЬ, ЖОВТЕНЬ",ТРАВЕНЬ,ЦІЛИЙ РІК,🌸 МІЖСЕЗОН,FALSE,19,7,9,1,1,1,1,"0,1","0,09","0,09","0,05263157895"
ACC-67,"Швейцарський вікенд + Баварія Цюріх, Люцерн + Мюнхен та Відень",COMPETITOR,Accord tour,Швейцарія,Швейцарія,екскурсійний,Стандарт 150 - 300,188,4,2,3,1,0,0,0,1,3,3,2,2,2,,,,13,6,"ТРАВЕНЬ, ЧЕРВЕНЬ, ЛИПЕНЬ",ТРАВЕНЬ,ЦІЛИЙ РІК,🌸 МІЖСЕЗОН,FALSE,7,4,6,0,1,1,1,"0,1","0,25","0,25",0
ACC-68,Мій Італійський вікенд: Венеція+Верона,COMPETITOR,Accord tour,Італія,Італія,екскурсійний,Економ 99 - 150,158,4,2,1,1,0,0,0,2,8,11,9,9,8,11,8,,66,8,"ЧЕРВЕНЬ, ЖОВТЕНЬ, ЛИПЕНЬ",ЧЕРВЕНЬ,ЦІЛИЙ РІК,🌸 МІЖСЕЗОН,FALSE,7,2,4,0,1,1,1,"0,1","0,25","0,25",0
ACC-69,Вікенд в Доломітах: озеро Блед+озеро Мольвено+Венеція,COMPETITOR,Accord tour,Італія,Італія,екскурсійний,Стандарт 150 - 300,221,5,0,2,4,0,0,0,3,6,6,6,7,7,8,6,,49,8,"ЖОВТЕНЬ, СЕРПЕНЬ, ВЕРЕСЕНЬ",ЖОВТЕНЬ,ЦІЛИЙ РІК,🌸 МІЖСЕЗОН,TRUE,9,3,4,1,1,1,1,"0,1","0,20","0,20","0,1111111111"
ACC-70,Заряд бадьорості: Доломітові Альпи+Адріатичне море Італії,COMPETITOR,Accord tour,Італія,Італія,екскурсійний,Стандарт 150 - 300,"313,5",6,0,3,5,0,0,0,3,6,5,6,8,5,7,6,,46,8,"СЕРПЕНЬ, ЖОВТЕНЬ, ТРАВЕНЬ",СЕРПЕНЬ,ЦІЛИЙ РІК,🌸 МІЖСЕЗОН,TRUE,11,2,4,1,1,1,1,"0,1","0,17","0,17","0,09090909091"
ACC-71,Знайомтесь - Німеччина: Берлін + Потсдам + Дрезден + Саксонська Швейцарія,COMPETITOR,Accord tour,Німеччина,Німеччина,екскурсійний,Стандарт 150 - 300,"211,5",4,0,2,3,0,0,0,3,12,14,10,12,14,12,11,11,99,9,"ЧЕРВЕНЬ, ВЕРЕСЕНЬ, ТРАВЕНЬ",ЧЕРВЕНЬ,ЦІЛИЙ РІК,🌸 МІЖСЕЗОН,TRUE,6,2,4,0,1,1,1,"0,1","0,25","0,25",0
ACC-72,"Кращі коліжанки Чеського королівства + SPA релакс  Прага, Дрезден, Карлові Вари",COMPETITOR,Accord tour,Чехія,Чехія,спа-тур,Стандарт 150 - 300,"233,5",5,0,3,4,0,0,0,2,5,3,5,5,3,5,1,5,34,9,"ТРАВЕНЬ, ЛИПЕНЬ, СЕРПЕНЬ",ТРАВЕНЬ,ЦІЛИЙ РІК,🌸 МІЖСЕЗОН,TRUE,7,3,7,0,1,1,1,"0,1","0,20","0,20",0
ACC-73,"Вихідні в Італії  Флоренція, Рим, Венеція",COMPETITOR,Accord tour,Італія,Італія,екскурсійний,Стандарт 150 - 300,248,5,2,4,2,0,0,0,2,7,11,6,6,5,8,7,,52,8,"ЧЕРВЕНЬ, ЖОВТЕНЬ, ТРАВЕНЬ",ЧЕРВЕНЬ,ЦІЛИЙ РІК,🌸 МІЖСЕЗОН,FALSE,6,3,5,0,1,1,1,"0,1","0,20","0,20",0
ACC-74,Особливий вікенд: Любляна + Венеція,COMPETITOR,Accord tour,Італія,Італія,екскурсійний,Стандарт 150 - 300,"230,5",4,0,3,3,0,0,0,2,8,11,9,9,8,11,9,,67,8,"ЧЕРВЕНЬ, ЖОВТЕНЬ, ЛИПЕНЬ",ЧЕРВЕНЬ,ЦІЛИЙ РІК,🌸 МІЖСЕЗОН,TRUE,7,3,4,0,1,1,1,"0,1","0,25","0,25",0
ACC-75,"Соковитий вікенд: Верона, Рим, Венеція!",COMPETITOR,Accord tour,Італія,Італія,екскурсійний,Стандарт 150 - 300,252,5,2,3,2,0,0,0,2,7,11,6,6,5,8,7,,52,8,"ЧЕРВЕНЬ, ЖОВТЕНЬ, ТРАВЕНЬ",ЧЕРВЕНЬ,ЦІЛИЙ РІК,🌸 МІЖСЕЗОН,FALSE,5,3,4,0,1,1,1,"0,1","0,20","0,20",0
ACC-76,Під прапором Греції... Салоніки + Метеори + Афіни + Дельфи,COMPETITOR,Accord tour,Греція,Греція,екскурсійний,Тяжкий Люкс 400 +,481,8,0,3,7,0,0,0,,1,3,5,3,4,2,2,,20,7,"ЛИПЕНЬ, ВЕРЕСЕНЬ, ЧЕРВЕНЬ",ЛИПЕНЬ,ЦІЛИЙ РІК,🌸 МІЖСЕЗОН,TRUE,16,2,4,1,1,1,1,"0,1","0,13","0,13","0,0625"
ACC-77,Любовне зізнання: Відень + Прага!,COMPETITOR,Accord tour,Австрія,Австрія,екскурсійний,Люкс 300 - 400,245,5,0,2,4,0,0,0,3,9,13,12,14,9,13,9,13,95,9,"СЕРПЕНЬ, ЧЕРВЕНЬ, ЖОВТЕНЬ",СЕРПЕНЬ,ЦІЛИЙ РІК,🌸 МІЖСЕЗОН,TRUE,4,3,4,0,1,1,1,"0,1","0,20","0,20",0
ACC-78,"Мелодії Альп... Швейцарія, Баварія, Австрія +Майнау –острів весняних мрій...",COMPETITOR,Accord tour,Швейцарія,"Швейцарія, Німеччина",екскурсійний,Стандарт 150 - 300,"269,5",5,0,4,4,0,0,0,5,11,9,12,10,8,9,3,3,70,9,"ЛИПЕНЬ, ТРАВЕНЬ, СЕРПЕНЬ",ЛИПЕНЬ,ЦІЛИЙ РІК,🌸 МІЖСЕЗОН,TRUE,10,4,7,2,1,1,1,"0,1","0,20","0,20","0,2"
ACC-79,"Чао, Італія! 2 дні в Римі + Флоренція і Венеція!",COMPETITOR,Accord tour,Італія,Італія,екскурсійний,Люкс 300 - 400,408,7,0,5,6,0,0,0,3,8,7,6,6,6,6,6,6,54,9,"ТРАВЕНЬ, ЧЕРВЕНЬ, ЛИПЕНЬ",ТРАВЕНЬ,ЦІЛИЙ РІК,🌸 МІЖСЕЗОН,TRUE,9,4,8,0,1,1,1,"0,1","0,14","0,14",0
ACC-80,Секрет вічності… Рим + Флоренція і Венеція,COMPETITOR,Accord tour,Італія,Італія,екскурсійний,Люкс 300 - 400,"336,5",7,2,3,4,0,0,0,3,8,7,6,6,6,6,6,6,54,9,"ТРАВЕНЬ, ЧЕРВЕНЬ, ЛИПЕНЬ",ТРАВЕНЬ,ЦІЛИЙ РІК,🌸 МІЖСЕЗОН,FALSE,10,3,8,0,1,1,1,"0,1","0,14","0,14",0
ACC-81,"Таємнича Греція:  Салоніки, Афіни, Метеори",COMPETITOR,Accord tour,Греція,Греція,екскурсійний,Люкс 300 - 400,339,7,2,2,4,0,0,0,1,1,2,1,2,2,2,1,,12,8,"ЧЕРВЕНЬ, СЕРПЕНЬ, ВЕРЕСЕНЬ",ЧЕРВЕНЬ,ЦІЛИЙ РІК,☀️ ЛІТО,FALSE,8,1,2,1,1,1,1,"0,1","0,14","0,14","0,125"
ACC-82,"Скажемо «чііііз» в Італії: 3 дні в Римі + Неаполь, Флоренція і Венеція",COMPETITOR,Accord tour,Італія,Італія,екскурсійний,Тяжкий Люкс 400 +,"442,5",8,0,4,7,0,0,0,3,8,7,6,6,6,6,6,6,54,9,"ТРАВЕНЬ, ЧЕРВЕНЬ, ЛИПЕНЬ",ТРАВЕНЬ,ЦІЛИЙ РІК,🌸 МІЖСЕЗОН,TRUE,14,3,10,0,1,1,1,"0,1","0,13","0,13",0
ACC-83,"Завжди на висоті... Італія! Флоренція, Рим, Венеція + Доломітові Альпи",COMPETITOR,Accord tour,Італія,Італія,екскурсійний,Тяжкий Люкс 400 +,441,8,0,5,7,0,0,0,2,8,7,6,6,6,6,6,6,53,9,"ТРАВЕНЬ, ЧЕРВЕНЬ, ЛИПЕНЬ",ТРАВЕНЬ,ЦІЛИЙ РІК,🌸 МІЖСЕЗОН,TRUE,19,3,9,1,1,1,1,"0,1","0,13","0,13","0,05263157895"
ACC-84,Грація Північної Італії,COMPETITOR,Accord tour,Італія,Італія,екскурсійний,Тяжкий Люкс 400 +,498,8,0,6,7,0,0,0,3,6,5,6,5,4,6,6,5,46,9,"ТРАВЕНЬ, ЛИПЕНЬ, ЖОВТЕНЬ",ТРАВЕНЬ,ЦІЛИЙ РІК,🌸 МІЖСЕЗОН,TRUE,16,2,6,0,1,1,1,"0,1","0,13","0,13",0
ACC-85,Пригоди невгамовних або ще більше Італії + Сан-Марино,COMPETITOR,Accord tour,Італія,"Італія, Сан-Марино",екскурсійний,Тяжкий Люкс 400 +,554,10,0,7,9,0,0,0,3,8,7,6,6,6,6,6,6,54,9,"ТРАВЕНЬ, ЧЕРВЕНЬ, ЛИПЕНЬ",ТРАВЕНЬ,ЦІЛИЙ РІК,🌸 МІЖСЕЗОН,TRUE,22,2,15,0,1,1,1,"0,1","0,10","0,10",0
ACC-86,Найкращі хвилини в Італії!,COMPETITOR,Accord tour,Італія,Італія,екскурсійний,Люкс 300 - 400,307,6,0,5,5,0,0,0,3,10,5,6,6,5,6,,,41,7,"ТРАВЕНЬ, ЛИПЕНЬ, СЕРПЕНЬ",ТРАВЕНЬ,ЦІЛИЙ РІК,🌸 МІЖСЕЗОН,TRUE,8,4,6,0,1,1,1,"0,1","0,17","0,17",0
ACC-87,"Стильна Італія... Трієст, Мілан, озеро Комо, Верона!",COMPETITOR,Accord tour,Італія,Італія,екскурсійний,Люкс 300 - 400,"393,5",6,0,4,5,0,0,0,2,8,6,6,6,6,6,6,,46,8,"ТРАВЕНЬ, ЧЕРВЕНЬ, ЛИПЕНЬ",ТРАВЕНЬ,ЦІЛИЙ РІК,🌸 МІЖСЕЗОН,TRUE,10,3,7,0,1,1,1,"0,1","0,17","0,17",0
ACC-88,"Вікенд на трьох! Краків, Відень, Будапешт",COMPETITOR,Accord tour,Австрія,Австрія,екскурсійний,Стандарт 150 - 300,168,3,0,2,2,0,0,0,3,12,14,16,18,9,13,9,13,107,9,"СЕРПЕНЬ, ЛИПЕНЬ, ЧЕРВЕНЬ",СЕРПЕНЬ,ЦІЛИЙ РІК,🌸 МІЖСЕЗОН,TRUE,4,3,4,0,1,1,1,"0,1","0,33","0,33",0
ACC-89,"Мелодії Альп...  Швейцарія, Баварія, Австрія...",COMPETITOR,Accord tour,Швейцарія,Швейцарія,екскурсійний,Стандарт 150 - 300,"269,5",5,0,4,4,0,0,0,5,11,9,12,10,8,9,3,3,70,9,"ЛИПЕНЬ, ТРАВЕНЬ, СЕРПЕНЬ",ЛИПЕНЬ,ЦІЛИЙ РІК,🌸 МІЖСЕЗОН,TRUE,10,4,7,2,1,1,1,"0,1","0,20","0,20","0,2"
ACC-90,Італійська пригода: 2 дні в Римі + Адріатичне узбережжя,COMPETITOR,Accord tour,Італія,Італія,екскурсійний,Люкс 300 - 400,359,6,0,3,5,0,0,0,2,7,5,6,6,6,6,6,,44,8,"ТРАВЕНЬ, ЛИПЕНЬ, СЕРПЕНЬ",ТРАВЕНЬ,ЦІЛИЙ РІК,🌸 МІЖСЕЗОН,TRUE,9,3,5,0,1,1,1,"0,1","0,17","0,17",0
ACC-91,https://www.accordtour.com/tours/660106/tab/tab_price/tour_date/2026-04-29/cls_number_adult_cnt/%7B1:1%7D/cls_number_child_age/%7B%7D/tour_include_ins/true,COMPETITOR,Accord tour,Італія,Італія,морський,Економ 99 - 150,172,4,0,5,3,0,0,0,3,10,12,9,9,8,10,,0,61,7,"ЧЕРВЕНЬ, ТРАВЕНЬ, ЖОВТЕНЬ",ЧЕРВЕНЬ,ЦІЛИЙ РІК,🌸 МІЖСЕЗОН,TRUE,8,2,4,1,1,1,1,"0,1","0,25","0,25","0,125"
ACC-92,Ритми моди:Париж+Мілан,COMPETITOR,Accord tour,Італія,Італія,екскурсійний,Тяжкий Люкс 400 +,487,8,0,5,7,0,0,0,3,8,10,9,11,8,10,9,11,79,9,"СЕРПЕНЬ, ГРУДЕНЬ, ЧЕРВЕНЬ",СЕРПЕНЬ,ЦІЛИЙ РІК,🌸 МІЖСЕЗОН,TRUE,12,5,8,2,1,1,1,"0,1","0,13","0,13","0,1666666667"
ACC-93,Фіорди Півночі!!!,COMPETITOR,Accord tour,Норвегія,Норвегія,екскурсійний,Люкс 300 - 400,568,7,0,4,6,0,0,0,2,10,8,8,10,8,8,1,3,58,9,"ТРАВЕНЬ, СЕРПЕНЬ, ЧЕРВЕНЬ",ТРАВЕНЬ,ЦІЛИЙ РІК,🌸 МІЖСЕЗОН,TRUE,6,4,5,0,1,1,1,"0,1","0,14","0,14",0
ACC-94,Вихідні в Ельзасі + Швейцарія,COMPETITOR,Accord tour,Швейцарія,Швейцарія,екскурсійний,Стандарт 150 - 300,278,5,0,3,4,0,0,0,2,10,6,7,9,8,9,4,8,63,9,"ТРАВЕНЬ, СЕРПЕНЬ, ЖОВТЕНЬ",ТРАВЕНЬ,ЦІЛИЙ РІК,🌸 МІЖСЕЗОН,TRUE,11,5,10,1,1,1,1,"0,1","0,20","0,20","0,09090909091"
ACC-95,"Мікс щасливих емоцій  Ніцца, Монако, Портофіно",COMPETITOR,Accord tour,Італія,Італія,екскурсійний,Стандарт 150 - 300,205,6,2,5,3,0,0,0,2,5,4,4,7,4,3,,,29,7,"СЕРПЕНЬ, ТРАВЕНЬ, ЧЕРВЕНЬ",СЕРПЕНЬ,ЦІЛИЙ РІК,🌸 МІЖСЕЗОН,FALSE,6,4,4,1,1,1,1,"0,1","0,17","0,17","0,1666666667"
ACC-96,Три щасливі дні  Прага + Дрезден,COMPETITOR,Accord tour,Чехія,Чехія,екскурсійний,Стандарт 150 - 300,"191,5",4,0,2,3,0,0,0,5,8,7,8,9,6,11,,,54,7,"ЖОВТЕНЬ, СЕРПЕНЬ, ТРАВЕНЬ",ЖОВТЕНЬ,ЦІЛИЙ РІК,🌸 МІЖСЕЗОН,TRUE,12,3,10,0,1,1,1,"0,1","0,25","0,25",0
ACC-97,Французький поцілунок!!!,COMPETITOR,Accord tour,Франція,Франція,екскурсійний,Стандарт 150 - 300,245,5,2,4,2,0,0,0,4,10,9,9,11,,,,,43,5,"СЕРПЕНЬ, ТРАВЕНЬ, ЧЕРВЕНЬ",СЕРПЕНЬ,ЦІЛИЙ РІК,🌸 МІЖСЕЗОН,FALSE,7,4,5,2,1,1,1,"0,1","0,20","0,20","0,2857142857"
ACC-98,Вікенд з видом на море: Венеція + відпочинок на Адріатичному морі Італії,COMPETITOR,Accord tour,Італія,Італія,морський,Стандарт 150 - 300,161,5,2,1,2,0,0,0,2,10,8,8,9,8,8,,,53,7,"ТРАВЕНЬ, СЕРПЕНЬ, ЧЕРВЕНЬ",ТРАВЕНЬ,ЦІЛИЙ РІК,🌸 МІЖСЕЗОН,FALSE,6,2,4,1,1,1,1,"0,1","0,20","0,20","0,1666666667"
ACC-99,В хорошому настрої:  Салоніки + Метеори + відпочинок на Егейському морі,COMPETITOR,Accord tour,Греція,Греція,екскурсійний,Стандарт 150 - 300,"234,5",5,2,1,2,0,0,0,1,5,6,6,6,6,5,4,,39,8,"ЧЕРВЕНЬ, ЛИПЕНЬ, СЕРПЕНЬ",ЧЕРВЕНЬ,ЦІЛИЙ РІК,🌸 МІЖСЕЗОН,FALSE,8,1,1,1,1,1,1,"0,1","0,20","0,20","0,125"
ACC-100,Натхненний вікенд в Трансільванії...,COMPETITOR,Accord tour,Румунія,Румунія,екскурсійний,Стандарт 150 - 300,"169,5",3,0,3,2,0,0,0,2,5,6,5,5,5,6,5,6,45,9,"ЧЕРВЕНЬ, ЖОВТЕНЬ, ГРУДЕНЬ",ЧЕРВЕНЬ,ЦІЛИЙ РІК,🌸 МІЖСЕЗОН,TRUE,6,1,2,1,1,1,1,"0,1","0,33","0,33","0,1666666667"
ACC-101,Вище неба: відпочинок у Доломітових Альпах Італії,COMPETITOR,Accord tour,Італія,Італія,екскурсійний,Люкс 300 - 400,382,6,0,1,5,0,0,0,3,8,10,11,11,8,9,9,0,69,8,"ЛИПЕНЬ, СЕРПЕНЬ, ЧЕРВЕНЬ",ЛИПЕНЬ,ЦІЛИЙ РІК,🌸 МІЖСЕЗОН,TRUE,12,3,3,1,1,1,1,"0,1","0,17","0,17","0,08333333333"
ACC-102,"Лазурові пригоди  Ніцца, Монако, Канни, Прованс",COMPETITOR,Accord tour,Франція,Франція,екскурсійний,Люкс 300 - 400,327,7,2,5,4,0,0,0,2,8,7,6,6,6,6,6,7,54,9,"ТРАВЕНЬ, ЧЕРВЕНЬ, ГРУДЕНЬ",ТРАВЕНЬ,ЦІЛИЙ РІК,🌸 МІЖСЕЗОН,FALSE,8,4,6,0,1,1,1,"0,1","0,14","0,14",0
ACC-103,"Олімпійський привіт: Салоніки, Афіни, Метеори",COMPETITOR,Accord tour,Греція,Греція,екскурсійний,Люкс 300 - 400,"317,5",6,2,2,3,0,0,0,2,5,6,7,6,5,4,6,,41,8,"ЛИПЕНЬ, ЧЕРВЕНЬ, СЕРПЕНЬ",ЛИПЕНЬ,ЦІЛИЙ РІК,🌸 МІЖСЕЗОН,FALSE,12,1,2,1,1,1,1,"0,1","0,17","0,17","0,08333333333"
ACC-104,"Там, де Північ зустрічається з Півднем… Амстердам+Мілан+Венеція!",COMPETITOR,Accord tour,Нідерланди,Нідерланди,екскурсійний,Люкс 300 - 400,"340,5",7,2,4,4,0,0,0,3,6,8,9,9,9,8,9,11,72,9,"ГРУДЕНЬ, ЛИПЕНЬ, СЕРПЕНЬ",ГРУДЕНЬ,ЦІЛИЙ РІК,🌸 МІЖСЕЗОН,FALSE,17,5,10,0,1,1,1,"0,1","0,14","0,14",0
ACC-105,"Лазурова відпустка  Ніцца, Канни, Монако, Сан Ремо, Портофіно",COMPETITOR,Accord tour,Італія,Італія,морський,Тяжкий Люкс 400 +,478,8,0,5,7,0,0,0,2,8,7,6,6,6,6,6,7,54,9,"ТРАВЕНЬ, ЧЕРВЕНЬ, ГРУДЕНЬ",ТРАВЕНЬ,ЦІЛИЙ РІК,🌸 МІЖСЕЗОН,TRUE,17,5,9,0,1,1,1,"0,1","0,13","0,13",0
ACC-106,Яскраві враження.... Амстердам та Париж...,COMPETITOR,Accord tour,Франція,Франція,екскурсійний,Стандарт 150 - 300,"396,5",7,2,6,4,0,0,0,4,9,12,10,14,9,13,9,11,91,9,"СЕРПЕНЬ, ЖОВТЕНЬ, ЧЕРВЕНЬ",СЕРПЕНЬ,ЦІЛИЙ РІК,🌸 МІЖСЕЗОН,FALSE,7,5,5,1,1,1,1,"0,1","0,14","0,14","0,1428571429"
ACC-107,"Рим притягує нас!  Відень, Флоренція та Венеція",COMPETITOR,Accord tour,Італія,Італія,екскурсійний,Люкс 300 - 400,302,6,0,4,5,0,0,0,4,7,8,9,10,8,9,3,4,62,9,"СЕРПЕНЬ, ЛИПЕНЬ, ЖОВТЕНЬ",СЕРПЕНЬ,ЦІЛИЙ РІК,🌸 МІЖСЕЗОН,TRUE,6,4,6,0,1,1,1,"0,1","0,17","0,17",0
ACC-108,"Швейцарська казка  Цюріх, Берн, Женева + Монблан",COMPETITOR,Accord tour,Швейцарія,Швейцарія,екскурсійний,Люкс 300 - 400,"333,5",6,0,5,5,0,0,0,2,3,3,3,3,3,,,,17,6,"ТРАВЕНЬ, ЧЕРВЕНЬ, ЛИПЕНЬ",ТРАВЕНЬ,ЦІЛИЙ РІК,🌸 МІЖСЕЗОН,TRUE,14,5,10,2,1,1,1,"0,1","0,17","0,17","0,1428571429"
ACC-109,"Швейцарська інтрига  Австрія, Італія та Доломітові Альпи",COMPETITOR,Accord tour,Швейцарія,Швейцарія,екскурсійний,Люкс 300 - 400,"340,5",6,0,5,5,0,0,0,3,8,8,9,10,8,9,3,3,61,9,"СЕРПЕНЬ, ЛИПЕНЬ, ЖОВТЕНЬ",СЕРПЕНЬ,ЦІЛИЙ РІК,🌸 МІЖСЕЗОН,TRUE,9,3,6,0,1,1,1,"0,1","0,17","0,17",0
ACC-110,"Віденський експрес!  Краків, Відень, Будапешт",COMPETITOR,Accord tour,Австрія,Австрія,екскурсійний,Економ 99 - 150,"110,5",4,2,3,1,0,0,0,2,5,6,,,,,,,13,3,"ЧЕРВЕНЬ, ТРАВЕНЬ, КВІТЕНЬ",ЧЕРВЕНЬ,ЦІЛИЙ РІК,🌸 МІЖСЕЗОН,FALSE,5,3,4,0,1,1,1,"0,1","0,25","0,25",0
ACC-111,Вічна класика: Салоніки + Афіни + Метеори,COMPETITOR,Accord tour,Греція,Греція,екскурсійний,Стандарт 150 - 300,"296,5",6,2,2,3,0,0,0,2,5,5,6,5,5,6,6,,40,8,"ЛИПЕНЬ, ЖОВТЕНЬ, ЛИСТОПАД",ЛИПЕНЬ,ЦІЛИЙ РІК,🌸 МІЖСЕЗОН,FALSE,9,1,2,1,1,1,1,"0,1","0,17","0,17","0,1111111111"
ACC-112,Перше побачення в Греції:  Салоніки + Олімп + Метеори + Грецькі Альпи,COMPETITOR,Accord tour,Греція,Греція,екскурсійний,Стандарт 150 - 300,205,5,2,1,2,0,0,0,2,6,5,6,5,4,6,4,,38,8,"ТРАВЕНЬ, ЛИПЕНЬ, ЖОВТЕНЬ",ТРАВЕНЬ,ЦІЛИЙ РІК,🌸 МІЖСЕЗОН,FALSE,7,1,1,1,1,1,1,"0,1","0,20","0,20","0,1428571429"
ACC-113,Наш красивий вікенд!,COMPETITOR,Accord tour,Угорщина,Угорщина,екскурсійний,Стандарт 150 - 300,"228,5",5,0,4,4,0,0,0,4,8,7,8,9,6,6,,,48,7,"СЕРПЕНЬ, ТРАВЕНЬ, ЛИПЕНЬ",СЕРПЕНЬ,ЦІЛИЙ РІК,🌸 МІЖСЕЗОН,TRUE,7,4,4,0,1,1,1,"0,1","0,20","0,20",0
ACC-114,Іспанія – горда квітка Півдня  Відпочинок на морі,COMPETITOR,Accord tour,Іспанія,Іспанія,морський,Люкс 300 - 400,407,8,2,7,5,0,0,0,3,6,6,6,6,6,,,,33,6,"ТРАВЕНЬ, ЧЕРВЕНЬ, ЛИПЕНЬ",ТРАВЕНЬ,ЦІЛИЙ РІК,🌸 МІЖСЕЗОН,FALSE,10,5,5,0,1,1,1,"0,1","0,13","0,13",0
ACC-115,Літня відпустка під іспанськими вітрилами  Відпочинок на морі,COMPETITOR,Accord tour,Іспанія,Іспанія,морський,Тяжкий Люкс 400 +,"574,5",10,0,6,9,0,0,0,2,7,8,8,7,8,8,,,48,7,"ЧЕРВЕНЬ, ЛИПЕНЬ, ВЕРЕСЕНЬ",ЧЕРВЕНЬ,ЦІЛИЙ РІК,🌸 МІЖСЕЗОН,TRUE,11,6,7,1,1,1,1,"0,1","0,10","0,10","0,09090909091"
ACC-116,"Сонячна відпустка:  Трієст, Мілан, Генуя і Венеція",COMPETITOR,Accord tour,Італія,Італія,екскурсійний,Люкс 300 - 400,"353,5",6,0,5,5,0,0,0,2,6,4,7,5,5,7,6,,42,8,"ЛИПЕНЬ, ЖОВТЕНЬ, ТРАВЕНЬ",ЛИПЕНЬ,ЦІЛИЙ РІК,🌸 МІЖСЕЗОН,TRUE,12,2,7,0,1,1,1,"0,1","0,17","0,17",0
ACC-117,Випускний в Італії: 2 дні в Римі + відпочинок на морі,COMPETITOR,Accord tour,Італія,Італія,морський,Люкс 300 - 400,"358,5",6,0,3,5,0,0,0,2,7,5,6,6,6,6,6,,44,8,"ТРАВЕНЬ, ЛИПЕНЬ, СЕРПЕНЬ",ТРАВЕНЬ,ЦІЛИЙ РІК,🌸 МІЖСЕЗОН,TRUE,9,3,5,0,1,1,1,"0,1","0,17","0,17",0
ACC-118,"Париж в моді, при любій погоді!",COMPETITOR,Accord tour,Франція,Франція,екскурсійний,Люкс 300 - 400,350,7,2,4,4,0,0,0,3,9,13,12,14,9,13,9,13,95,9,"СЕРПЕНЬ, ЧЕРВЕНЬ, ЖОВТЕНЬ",СЕРПЕНЬ,ЦІЛИЙ РІК,🌸 МІЖСЕЗОН,FALSE,11,4,7,2,1,1,1,"0,1","0,14","0,14","0,1818181818"
ACC-119,"Мрії в подарунок…  Егер, Відень і Будапешт!",COMPETITOR,Accord tour,Угорщина,Угорщина,екскурсійний,Економ 99 - 150,"169,5",4,0,3,3,0,0,0,4,6,6,7,4,4,,,,31,6,"ЛИПЕНЬ, ТРАВЕНЬ, ЧЕРВЕНЬ",ЛИПЕНЬ,ЦІЛИЙ РІК,🌸 МІЖСЕЗОН,TRUE,10,2,4,0,1,1,1,"0,1","0,25","0,25",0
ACC-120,Естетика півдня: Амальфітанське узбережжя + Рим,COMPETITOR,Accord tour,Італія,"Італія, Сан-Марино",екскурсійний,Тяжкий Люкс 400 +,530,9,0,6,8,0,0,0,2,6,6,6,5,6,6,,,37,7,"ТРАВЕНЬ, ЧЕРВЕНЬ, ЛИПЕНЬ",ТРАВЕНЬ,ЦІЛИЙ РІК,🌸 МІЖСЕЗОН,TRUE,20,4,12,0,1,1,1,"0,1","0,11","0,11",0
ACC-121,"Love is...Венеція і Париж! + Діснейленд, Верона та Мілан...",COMPETITOR,Accord tour,Італія,Італія,екскурсійний,Люкс 300 - 400,339,7,2,5,4,0,0,0,3,9,13,12,14,9,13,9,13,95,9,"СЕРПЕНЬ, ЧЕРВЕНЬ, ЖОВТЕНЬ",СЕРПЕНЬ,ЦІЛИЙ РІК,🌸 МІЖСЕЗОН,FALSE,9,5,8,0,1,1,1,"0,1","0,14","0,14",0
ACC-122,Must seе - Amsterdam або 2 дні в Амстердамі!,COMPETITOR,Accord tour,Нідерланди,Нідерланди,екскурсійний,Стандарт 150 - 300,275,6,2,3,3,0,0,0,3,9,13,12,14,9,13,9,13,95,9,"СЕРПЕНЬ, ЧЕРВЕНЬ, ЖОВТЕНЬ",СЕРПЕНЬ,ЦІЛИЙ РІК,🌸 МІЖСЕЗОН,FALSE,12,4,9,3,1,1,1,"0,1","0,17","0,17","0,25"
ACC-123,Мій маленький рай - Чорногорія!,COMPETITOR,Accord tour,Чорногорія,Чорногорія,морський,Люкс 300 - 400,339,8,2,1,5,0,0,0,3,6,6,6,6,6,,,,33,6,"ТРАВЕНЬ, ЧЕРВЕНЬ, ЛИПЕНЬ",ТРАВЕНЬ,ЦІЛИЙ РІК,🌸 МІЖСЕЗОН,FALSE,13,2,5,3,1,1,1,"0,1","0,13","0,13","0,2307692308"
ACC-124,Балканська красуня - Чорногорія!  Відпочинок на Адріатичному узбережжі...,COMPETITOR,Accord tour,Чорногорія,Чорногорія,морський,Люкс 300 - 400,369,8,0,2,7,0,0,0,3,6,6,6,6,6,6,,,39,7,"ТРАВЕНЬ, ЧЕРВЕНЬ, ЛИПЕНЬ",ТРАВЕНЬ,ЦІЛИЙ РІК,🌸 МІЖСЕЗОН,TRUE,14,4,7,2,1,1,1,"0,1","0,13","0,13","0,1428571429"
ACC-125,Швейцарське фондю: вся Швейцарія і Австрія!!!,COMPETITOR,Accord tour,Швейцарія,Швейцарія,екскурсійний,Тяжкий Люкс 400 +,"510,5",10,0,9,9,0,0,0,1,2,4,3,4,2,1,4,6,27,9,"ГРУДЕНЬ, ЧЕРВЕНЬ, СЕРПЕНЬ",ГРУДЕНЬ,ЦІЛИЙ РІК,🌸 МІЖСЕЗОН,TRUE,17,4,9,1,1,1,1,"0,1","0,10","0,10","0,05882352941"
ACC-126,У ритмі літа... Відпочинок на Адріатичному морі Італії,COMPETITOR,Accord tour,Італія,Італія,морський,Люкс 300 - 400,"358,5",8,2,0,5,0,0,0,3,4,5,5,6,4,3,,,30,7,"СЕРПЕНЬ, ЧЕРВЕНЬ, ЛИПЕНЬ",СЕРПЕНЬ,ЦІЛИЙ РІК,🌸 МІЖСЕЗОН,FALSE,13,3,8,2,1,1,1,"0,1","0,13","0,13","0,1538461538"
ACC-127,Моя морська насолода!  Відпочинок на Адріатичному морі Італії!,COMPETITOR,Accord tour,Італія,Італія,морський,Люкс 300 - 400,"463,5",8,0,2,7,0,0,0,3,4,5,5,5,4,3,,,29,7,"ЧЕРВЕНЬ, ЛИПЕНЬ, СЕРПЕНЬ",ЧЕРВЕНЬ,ЦІЛИЙ РІК,🌸 МІЖСЕЗОН,TRUE,14,3,9,0,1,1,1,"0,1","0,13","0,13",0
ACC-128,Куточок морського раю… відпочинок на Лігурійському узбережжі Італії,COMPETITOR,Accord tour,Італія,Італія,морський,Тяжкий Люкс 400 +,"562,5",9,0,2,8,0,0,0,2,4,5,5,5,5,2,,,28,7,"ЧЕРВЕНЬ, ЛИПЕНЬ, СЕРПЕНЬ",ЧЕРВЕНЬ,ЦІЛИЙ РІК,🌸 МІЖСЕЗОН,TRUE,16,4,5,0,1,1,1,"0,1","0,11","0,11",0
ACC-129,Відпустка на морі: відпочинок на Адріатичному узбережжя Італії,COMPETITOR,Accord tour,Італія,"Італія, Сан-Марино",морський,Тяжкий Люкс 400 +,"532,5",10,0,2,9,0,0,0,,3,4,5,5,4,3,,,24,6,"ЛИПЕНЬ, СЕРПЕНЬ, ЧЕРВЕНЬ",ЛИПЕНЬ,ЦІЛИЙ РІК,☀️ ЛІТО,TRUE,19,3,10,2,1,1,1,"0,1","0,10","0,10","0,1052631579"
ACC-130,Я і море - це amore: 3 ночі на узбережжі Адріатичного моря Італії,COMPETITOR,Accord tour,Італія,Італія,морський,Стандарт 150 - 300,"275,5",6,2,0,3,0,0,0,,4,6,6,5,5,,,,26,5,"ЧЕРВЕНЬ, ЛИПЕНЬ, СЕРПЕНЬ",ЧЕРВЕНЬ,ЦІЛИЙ РІК,🌸 МІЖСЕЗОН,FALSE,9,2,4,2,1,1,1,"0,1","0,17","0,17","0,2222222222"
ACC-131,"Скандинавський бум: Стокгольм, Осло, Копенгаген!  3 столиці Скандинавії!",COMPETITOR,Accord tour,Данія,Данія,екскурсійний,Тяжкий Люкс 400 +,519,7,0,5,6,0,0,0,2,10,8,8,10,8,8,1,3,58,9,"ТРАВЕНЬ, СЕРПЕНЬ, ЧЕРВЕНЬ",ТРАВЕНЬ,ЦІЛИЙ РІК,🌸 МІЖСЕЗОН,TRUE,7,4,6,0,1,1,1,"0,1","0,14","0,14",0
ACC-132,Підкоренні красою… Скандинавія і Фйорди!,COMPETITOR,Accord tour,Норвегія,Норвегія,екскурсійний,Тяжкий Люкс 400 +,713,9,0,4,8,0,0,0,2,10,8,8,10,8,8,1,3,58,9,"ТРАВЕНЬ, СЕРПЕНЬ, ЧЕРВЕНЬ",ТРАВЕНЬ,ЦІЛИЙ РІК,🌸 МІЖСЕЗОН,TRUE,10,4,7,0,1,1,1,"0,1","0,11","0,11",0
ACC-133,Цікаві вихідні в Трансільванії,COMPETITOR,Accord tour,Румунія,Румунія,екскурсійний,Стандарт 150 - 300,176,3,0,3,2,0,0,0,1,3,4,3,4,4,3,2,3,27,9,"ЧЕРВЕНЬ, СЕРПЕНЬ, ВЕРЕСЕНЬ",ЧЕРВЕНЬ,ЦІЛИЙ РІК,🌸 МІЖСЕЗОН,TRUE,7,1,3,1,1,1,1,"0,1","0,33","0,33","0,1428571429"
ACC-134,Серце Адріатики... Чорногорія + Хорватія,COMPETITOR,Accord tour,Чорногорія,Чорногорія,морський,Люкс 300 - 400,"359,5",9,0,2,8,0,0,0,,1,6,7,6,6,6,,,32,6,"ЛИПЕНЬ, ЧЕРВЕНЬ, СЕРПЕНЬ",ЛИПЕНЬ,ЦІЛИЙ РІК,☀️ ЛІТО,TRUE,14,3,4,2,1,1,1,"0,1","0,11","0,11","0,1428571429"
ACC-135,Морський бриз Чорногорії,COMPETITOR,Accord tour,Чорногорія,Чорногорія,морський,Стандарт 150 - 300,251,8,2,1,5,0,0,0,,3,6,6,6,6,6,,,33,6,"ЧЕРВЕНЬ, ЛИПЕНЬ, СЕРПЕНЬ",ЧЕРВЕНЬ,ЦІЛИЙ РІК,☀️ ЛІТО,FALSE,6,2,3,1,1,1,1,"0,1","0,13","0,13","0,1666666667"
ACC-136,Палкий тиждень в Іспанії,COMPETITOR,Accord tour,Іспанія,Іспанія,морський,Тяжкий Люкс 400 +,489,10,2,5,7,0,0,0,,3,6,6,6,6,6,,,33,6,"ЧЕРВЕНЬ, ЛИПЕНЬ, СЕРПЕНЬ",ЧЕРВЕНЬ,ЦІЛИЙ РІК,☀️ ЛІТО,FALSE,7,4,4,1,1,1,1,"0,1","0,10","0,10","0,1428571429"
ACC-137,Незнайомка з Півдня... Італія,COMPETITOR,Accord tour,Італія,Італія,екскурсійний,Тяжкий Люкс 400 +,606,10,0,6,9,0,0,0,,2,4,5,5,5,2,,,23,6,"ЛИПЕНЬ, СЕРПЕНЬ, ВЕРЕСЕНЬ",ЛИПЕНЬ,ЦІЛИЙ РІК,☀️ ЛІТО,TRUE,35,4,15,0,1,1,1,"0,1","0,10","0,10",0
ACC-138,"Казки Балтійського моря  Стокгольм, Рига, Таллінн",COMPETITOR,Accord tour,Естонія,Естонія,екскурсійний,Стандарт 150 - 300,"281,5",5,0,2,4,0,0,0,2,4,3,5,4,2,4,2,2,28,9,"ЛИПЕНЬ, ТРАВЕНЬ, СЕРПЕНЬ",ЛИПЕНЬ,ЦІЛИЙ РІК,🌸 МІЖСЕЗОН,TRUE,6,4,6,0,1,1,1,"0,1","0,20","0,20",0
ACC-139,Спокій Адріатики  Відпочинок на морі в Чорногорії,COMPETITOR,Accord tour,Чорногорія,Чорногорія,морський,Стандарт 150 - 300,"288,5",10,2,1,7,0,0,0,,2,4,5,4,4,5,,,24,6,"ЛИПЕНЬ, ЖОВТЕНЬ, ЧЕРВЕНЬ",ЛИПЕНЬ,ЦІЛИЙ РІК,☀️ ЛІТО,FALSE,11,3,5,2,1,1,1,"0,1","0,10","0,10","0,1818181818"
ACC-140,Курортний Роман  Відпочинок на морі Іспанії  Швейцарія + Іспанія + Франція,COMPETITOR,Accord tour,Іспанія,Іспанія,морський,Тяжкий Люкс 400 +,759,14,0,8,13,0,0,0,1,5,4,4,5,4,4,,0,27,7,"ТРАВЕНЬ, СЕРПЕНЬ, ЧЕРВЕНЬ",ТРАВЕНЬ,ЦІЛИЙ РІК,☀️ ЛІТО,TRUE,30,10,14,0,1,1,1,"0,1","0,07","0,07",0
ACC-141,Серенада південного сонця  Іспанія + Швейцарія   Відпочинок на морі,COMPETITOR,Accord tour,Іспанія,Іспанія,морський,Тяжкий Люкс 400 +,"853,5",14,0,9,13,0,0,0,,1,2,4,4,5,,,,16,5,"ВЕРЕСЕНЬ, ЛИПЕНЬ, СЕРПЕНЬ",ВЕРЕСЕНЬ,ЦІЛИЙ РІК,☀️ ЛІТО,TRUE,18,9,13,0,1,1,1,"0,1","0,07","0,07",0
ACC-142,"«Релакс» по-італійськи: Амальфітанське узбережжя + Рим, Флоренція і Венеція!",COMPETITOR,Accord tour,Італія,Італія,морський,Тяжкий Люкс 400 +,"573,5",10,0,4,9,0,0,0,2,6,6,6,5,6,5,,,36,7,"ТРАВЕНЬ, ЧЕРВЕНЬ, ЛИПЕНЬ",ТРАВЕНЬ,ЦІЛИЙ РІК,🌸 МІЖСЕЗОН,TRUE,18,5,10,0,1,1,1,"0,1","0,10","0,10",0
ACC-143,Вікенд у Будапешт! + Відень!,COMPETITOR,Accord tour,Угорщина,Угорщина,екскурсійний,До 99,89,4,2,0,1,0,0,0,2,6,5,4,3,3,5,4,7,39,9,"ГРУДЕНЬ, ТРАВЕНЬ, ЧЕРВЕНЬ",ГРУДЕНЬ,ЦІЛИЙ РІК,🌸 МІЖСЕЗОН,FALSE,5,2,3,0,1,1,1,"0,1","0,25","0,25",0
ACC-144,"Жага пригод  Амстердам, Париж + Діснейленд",COMPETITOR,Accord tour,Нідерланди,Нідерланди,екскурсійний,Люкс 300 - 400,311,7,2,5,4,0,0,0,3,6,9,7,9,10,6,6,10,66,9,"ВЕРЕСЕНЬ, ГРУДЕНЬ, ЧЕРВЕНЬ",ВЕРЕСЕНЬ,ЦІЛИЙ РІК,🌸 МІЖСЕЗОН,FALSE,13,5,8,0,1,1,1,"0,1","0,14","0,14",0
ACC-145,Мої зимові пригоди в Італії: відпочинок в Доломітових Альпах,COMPETITOR,Accord tour,Італія,Італія,екскурсійний,Люкс 300 - 400,375,7,0,1,6,0,0,0,,,,,,,,7,11,18,2,"ГРУДЕНЬ, ЛИСТОПАД",ГРУДЕНЬ,ЦІЛИЙ РІК,❄️ ЗИМА,TRUE,11,4,5,1,1,1,1,"0,1","0,14","0,14","0,09090909091"
ACC-146,Східний хіт - Істанбул!,COMPETITOR,Accord tour,Молдова,Молдова,екскурсійний,Стандарт 150 - 300,262,7,2,0,4,0,0,0,,2,3,2,2,3,1,2,1,16,8,"ЧЕРВЕНЬ, ВЕРЕСЕНЬ, ТРАВЕНЬ",ЧЕРВЕНЬ,ЦІЛИЙ РІК,🌸 МІЖСЕЗОН,FALSE,1,1,1,0,1,1,1,"0,1","0,14","0,14",0
ACC-147,Шалене серце або дорога до улюблених місць...,COMPETITOR,Accord tour,Болгарія,"Болгарія, Північна Македонія, Сербія",екскурсійний,Люкс 300 - 400,"345,5",6,0,4,5,0,0,0,1,2,2,2,2,2,3,2,3,19,9,"ЖОВТЕНЬ, ГРУДЕНЬ, ТРАВЕНЬ",ЖОВТЕНЬ,ЦІЛИЙ РІК,🌸 МІЖСЕЗОН,TRUE,7,3,3,0,1,1,1,"0,1","0,17","0,17",0
ACC-148,Захоплюючий вікенд… + Трансфегераш,COMPETITOR,Accord tour,Румунія,Румунія,екскурсійний,Стандарт 150 - 300,178,3,0,3,2,0,0,0,1,3,3,4,5,3,5,3,4,31,9,"СЕРПЕНЬ, ЖОВТЕНЬ, ЛИПЕНЬ",СЕРПЕНЬ,ЦІЛИЙ РІК,🌸 МІЖСЕЗОН,TRUE,9,1,2,0,1,1,1,"0,1","0,33","0,33",0
ACC-149,Побачення з вампіром!!! Бухарест+Брашов,COMPETITOR,Accord tour,Румунія,Румунія,екскурсійний,Економ 99 - 150,"133,5",4,2,2,1,0,0,0,1,4,3,3,2,4,2,2,3,24,9,"ТРАВЕНЬ, ВЕРЕСЕНЬ, ЧЕРВЕНЬ",ТРАВЕНЬ,ЦІЛИЙ РІК,🌸 МІЖСЕЗОН,FALSE,4,1,3,0,1,1,1,"0,1","0,25","0,25",0
ACC-150,"Там, де сонце торкається гірських вершин…",COMPETITOR,Accord tour,Румунія,Румунія,екскурсійний,Стандарт 150 - 300,267,5,0,2,4,0,0,0,,1,2,1,2,2,2,2,1,13,8,"ЧЕРВЕНЬ, СЕРПЕНЬ, ВЕРЕСЕНЬ",ЧЕРВЕНЬ,ЦІЛИЙ РІК,🌸 МІЖСЕЗОН,TRUE,5,1,2,0,1,1,1,"0,1","0,20","0,20",0
ACC-151,Вікенд з родзинкою… Замок Корвінів + Турда!,COMPETITOR,Accord tour,Румунія,Румунія,екскурсійний,Стандарт 150 - 300,"163,5",3,0,2,2,0,0,0,2,3,2,2,2,3,4,2,3,23,9,"ЖОВТЕНЬ, ТРАВЕНЬ, ВЕРЕСЕНЬ",ЖОВТЕНЬ,ЦІЛИЙ РІК,🌸 МІЖСЕЗОН,TRUE,10,0,0,0,1,1,1,"0,1","0,33","0,33",0
ACC-152,У компанії з морем: Відпочинок на Егейському узбережжі,COMPETITOR,Accord tour,Греція,Греція,морський,Стандарт 150 - 300,"251,5",6,2,0,3,0,0,0,,6,5,6,5,5,,,,27,5,"ТРАВЕНЬ, ЛИПЕНЬ, ЧЕРВЕНЬ",ТРАВЕНЬ,ЦІЛИЙ РІК,🌸 МІЖСЕЗОН,FALSE,8,1,1,2,1,1,1,"0,1","0,17","0,17","0,25"
ACC-153,"Посмішка Кармен! Любляна, Мілан, Барселона, Ніцца та Венеція!",COMPETITOR,Accord tour,Іспанія,Іспанія,екскурсійний,Тяжкий Люкс 400 +,"443,5",8,2,7,5,0,0,0,,1,2,2,1,2,1,,,9,6,"ЧЕРВЕНЬ, ЛИПЕНЬ, ВЕРЕСЕНЬ",ЧЕРВЕНЬ,ЦІЛИЙ РІК,🌸 МІЖСЕЗОН,FALSE,11,6,8,1,1,1,1,"0,1","0,13","0,13","0,09090909091"
ACC-154,Моя гірська симфонія...,COMPETITOR,Accord tour,Греція,"Греція, Болгарія",екскурсійний,Стандарт 150 - 300,302,6,0,4,5,0,0,0,2,3,3,3,3,2,3,3,4,26,9,"ГРУДЕНЬ, ТРАВЕНЬ, ЧЕРВЕНЬ",ГРУДЕНЬ,ЦІЛИЙ РІК,🌸 МІЖСЕЗОН,TRUE,9,4,5,1,1,1,1,"0,1","0,17","0,17","0,1111111111"
ACC-155,"Таємничий вікенд... Невермор, Дракула, Бухарест...",COMPETITOR,Accord tour,Румунія,Румунія,екскурсійний,Стандарт 150 - 300,"241,5",4,0,2,3,0,0,0,1,5,3,4,3,3,5,4,3,31,9,"ТРАВЕНЬ, ЖОВТЕНЬ, ЛИПЕНЬ",ТРАВЕНЬ,ЦІЛИЙ РІК,🌸 МІЖСЕЗОН,TRUE,10,1,3,0,1,1,1,"0,1","0,25","0,25",0
ACC-156,Солодкі дотики моря... Греція! Відпочинок на Егейському морі!,COMPETITOR,Accord tour,Греція,Греція,морський,Люкс 300 - 400,419,10,2,0,7,0,0,0,,2,4,5,4,4,5,,,24,6,"ЛИПЕНЬ, ЖОВТЕНЬ, ЧЕРВЕНЬ",ЛИПЕНЬ,ЦІЛИЙ РІК,☀️ ЛІТО,FALSE,13,1,2,2,1,1,1,"0,1","0,10","0,10","0,1538461538"
ACC-157,Сонячна розкіш Чорногорія + Хорватія Відпочинок на морі в Чорногорії,COMPETITOR,Accord tour,Чорногорія,Чорногорія,морський,Тяжкий Люкс 400 +,423,11,0,2,10,0,0,0,,1,4,5,4,5,4,,,23,6,"ЛИПЕНЬ, ВЕРЕСЕНЬ, ЧЕРВЕНЬ",ЛИПЕНЬ,ЦІЛИЙ РІК,☀️ ЛІТО,TRUE,14,3,4,2,1,1,1,"0,1","0,09","0,09","0,1428571429"
ACC-158,Приємний вікенд  Прага + Дрезден,COMPETITOR,Accord tour,Чехія,Чехія,екскурсійний,Економ 99 - 150,122,4,2,2,1,0,0,0,2,4,3,3,4,3,7,2,4,32,9,"ЖОВТЕНЬ, ТРАВЕНЬ, СЕРПЕНЬ",ЖОВТЕНЬ,ЦІЛИЙ РІК,🌸 МІЖСЕЗОН,FALSE,9,3,8,0,1,1,1,"0,1","0,25","0,25",0
ACC-159,Празьке дежавю  Прага та Відень,COMPETITOR,Accord tour,Чехія,Чехія,екскурсійний,Економ 99 - 150,134,4,2,3,1,0,0,0,4,8,7,8,9,6,8,,,50,7,"СЕРПЕНЬ, ТРАВЕНЬ, ЛИПЕНЬ",СЕРПЕНЬ,ЦІЛИЙ РІК,🌸 МІЖСЕЗОН,FALSE,4,4,4,0,1,1,1,"0,1","0,25","0,25",0
ACC-160,Неймовірні пригоди у Санта-Клауса,COMPETITOR,Accord tour,Фінляндія,Фінляндія,екскурсійний,Тяжкий Люкс 400 +,"537,5",8,0,4,7,0,0,0,,,,,,,,,3,3,1,ГРУДЕНЬ,ГРУДЕНЬ,СЕЗОННИЙ,❄️ ЗИМА,TRUE,5,4,4,0,1,1,1,"0,1","0,13","0,13",0
ACC-161,Полювання на вампірів,COMPETITOR,Accord tour,Румунія,Румунія,екскурсійний,Економ 99 - 150,145,4,2,2,1,0,0,0,1,4,3,3,4,4,5,4,4,32,9,"ЖОВТЕНЬ, ТРАВЕНЬ, СЕРПЕНЬ",ЖОВТЕНЬ,ЦІЛИЙ РІК,🌸 МІЖСЕЗОН,FALSE,10,1,3,0,1,1,1,"0,1","0,25","0,25",0
ACC-162,Подорож в Трансільванію…,COMPETITOR,Accord tour,Румунія,Румунія,екскурсійний,Стандарт 150 - 300,267,5,0,3,4,0,0,0,1,2,3,1,2,2,2,1,3,17,9,"ЧЕРВЕНЬ, ГРУДЕНЬ, ТРАВЕНЬ",ЧЕРВЕНЬ,ЦІЛИЙ РІК,🌸 МІЖСЕЗОН,TRUE,12,1,3,0,1,1,1,"0,1","0,20","0,20",0
ACC-163,Ароматний вікенд…,COMPETITOR,Accord tour,Молдова,Молдова,екскурсійний,Економ 99 - 150,152,3,0,2,2,0,0,0,1,2,3,2,4,3,3,3,2,23,9,"СЕРПЕНЬ, ЧЕРВЕНЬ, ВЕРЕСЕНЬ",СЕРПЕНЬ,ЦІЛИЙ РІК,🌸 МІЖСЕЗОН,TRUE,3,0,0,0,1,1,1,"0,1","0,33","0,33",0
ACC-164,Перше кохання... Прага,COMPETITOR,Accord tour,Чехія,Чехія,екскурсійний,Стандарт 150 - 300,337,7,0,5,6,0,0,0,2,2,4,3,5,2,2,,,20,7,"СЕРПЕНЬ, ЧЕРВЕНЬ, ЛИПЕНЬ",СЕРПЕНЬ,ЦІЛИЙ РІК,🌸 МІЖСЕЗОН,TRUE,8,3,6,0,1,1,1,"0,1","0,14","0,14",0
ACC-165,Пікнічок в Амстердамі,COMPETITOR,Accord tour,Нідерланди,Нідерланди,екскурсійний,Стандарт 150 - 300,223,6,2,3,3,0,0,0,3,5,3,4,4,3,6,,,28,7,"ЖОВТЕНЬ, ТРАВЕНЬ, ЛИПЕНЬ",ЖОВТЕНЬ,ЦІЛИЙ РІК,🌸 МІЖСЕЗОН,FALSE,12,4,10,0,1,1,1,"0,1","0,17","0,17",0
ACC-166,Побачення в Парижі! + Мюнхен!,COMPETITOR,Accord tour,Франція,Франція,екскурсійний,Люкс 300 - 400,436,7,0,6,6,0,0,0,1,3,4,3,3,2,3,,3,22,8,"ЧЕРВЕНЬ, ТРАВЕНЬ, ЛИПЕНЬ",ЧЕРВЕНЬ,ЦІЛИЙ РІК,🌸 МІЖСЕЗОН,TRUE,7,4,4,2,1,1,1,"0,1","0,14","0,14","0,2857142857"
ACC-167,Вікенд в Бухаресті...,COMPETITOR,Accord tour,Румунія,Румунія,екскурсійний,Економ 99 - 150,"130,5",3,1,1,1,0,0,0,1,3,1,3,3,4,3,3,4,25,9,"ВЕРЕСЕНЬ, ГРУДЕНЬ, ТРАВЕНЬ",ВЕРЕСЕНЬ,ЦІЛИЙ РІК,🌸 МІЖСЕЗОН,FALSE,1,1,1,0,1,1,1,"0,1","0,33","0,33",0
ACC-168,Максимум насолоди або моя бажана відпустка!!!,COMPETITOR,Accord tour,Албанія,Албанія,морський,Люкс 300 - 400,"522,5",13,2,3,10,0,0,0,,1,2,2,2,3,2,,,12,6,"ВЕРЕСЕНЬ, ЧЕРВЕНЬ, ЛИПЕНЬ",ВЕРЕСЕНЬ,ЦІЛИЙ РІК,☀️ ЛІТО,FALSE,4,1,1,0,1,1,1,"0,1","0,08","0,08",0
ACC-169,Мій літній романс або який солодкий шум прибою... Албанія,COMPETITOR,Accord tour,Албанія,Албанія,морський,Люкс 300 - 400,459,11,2,2,8,0,0,0,,1,2,3,2,2,2,,,12,6,"ЛИПЕНЬ, ЧЕРВЕНЬ, СЕРПЕНЬ",ЛИПЕНЬ,ЦІЛИЙ РІК,☀️ ЛІТО,FALSE,5,2,2,0,1,1,1,"0,1","0,09","0,09",0
ACC-170,"Канікули в Парижі +Страсбург  Діснейленд, Астерікс, Європа Парк",COMPETITOR,Accord tour,Франція,Франція,екскурсійний,Люкс 300 - 400,"381,5",7,0,6,6,0,0,0,1,2,1,2,3,,,,,9,5,"СЕРПЕНЬ, ТРАВЕНЬ, ЛИПЕНЬ",СЕРПЕНЬ,ЦІЛИЙ РІК,🌸 МІЖСЕЗОН,TRUE,9,4,8,0,1,1,1,"0,1","0,14","0,14",0
ACC-171,Вікенд в Будапешт! + Хевіз!,COMPETITOR,Accord tour,Угорщина,Угорщина,екскурсійний,Економ 99 - 150,102,4,2,3,1,0,0,0,2,6,5,4,3,3,5,4,7,39,9,"ГРУДЕНЬ, ТРАВЕНЬ, ЧЕРВЕНЬ",ГРУДЕНЬ,ЦІЛИЙ РІК,🌸 МІЖСЕЗОН,FALSE,5,2,3,0,1,1,1,"0,1","0,25","0,25",0
ACC-172,"Схід, солодка любов моя... Туреччина + Греція",COMPETITOR,Accord tour,Греція,Греція,екскурсійний,Люкс 300 - 400,364,7,0,5,6,0,0,0,,1,2,1,1,2,2,1,,10,7,"ЧЕРВЕНЬ, ВЕРЕСЕНЬ, ЖОВТЕНЬ",ЧЕРВЕНЬ,ЦІЛИЙ РІК,☀️ ЛІТО,TRUE,8,4,6,0,1,1,1,"0,1","0,14","0,14",0
ACC-173,Музика прибою: Відпочинок на Егейському морі Греції!,COMPETITOR,Accord tour,Греція,Греція,морський,Люкс 300 - 400,"320,5",8,2,0,5,0,0,0,,1,3,2,3,3,1,,,13,6,"ЧЕРВЕНЬ, СЕРПЕНЬ, ВЕРЕСЕНЬ",ЧЕРВЕНЬ,ЦІЛИЙ РІК,☀️ ЛІТО,FALSE,9,1,2,2,1,1,1,"0,1","0,13","0,13","0,2222222222"
ACC-174,Сієста у греків:  відпочинок на Егейському морі і Охридському озері,COMPETITOR,Accord tour,Греція,Греція,морський,Тяжкий Люкс 400 +,"491,5",11,0,2,10,0,0,0,,1,3,3,3,3,,,,13,5,"ЧЕРВЕНЬ, ЛИПЕНЬ, СЕРПЕНЬ",ЧЕРВЕНЬ,ЦІЛИЙ РІК,🌸 МІЖСЕЗОН,TRUE,13,2,3,1,1,1,1,"0,1","0,09","0,09","0,07692307692"
ACC-175,"Всі фарби Балкан  Албанія, Північна Македонія, Болгарія",COMPETITOR,Accord tour,Албанія,Албанія,морський,Тяжкий Люкс 400 +,"488,5",10,0,5,9,0,0,0,,1,2,1,2,2,2,,,10,6,"ЧЕРВЕНЬ, СЕРПЕНЬ, ВЕРЕСЕНЬ",ЧЕРВЕНЬ,ЦІЛИЙ РІК,☀️ ЛІТО,TRUE,7,3,4,0,1,1,1,"0,1","0,10","0,10",0
ACC-176,Неймовірне знайомство... Македонія + Албанія,COMPETITOR,Accord tour,Албанія,Албанія,морський,Люкс 300 - 400,"533,5",11,0,2,10,0,0,0,,1,1,2,2,1,1,,,8,6,"ЛИПЕНЬ, СЕРПЕНЬ, ТРАВЕНЬ",ЛИПЕНЬ,ПІВРІЧНИЙ,☀️ ЛІТО,TRUE,3,1,1,0,1,1,1,"0,1","0,09","0,09",0
ACC-177,Мій літній коктейль…  Тур з відпочинком на морі в Албанії…,COMPETITOR,Accord tour,Албанія,Албанія,морський,Тяжкий Люкс 400 +,680,13,0,4,12,0,0,0,,,2,2,1,2,1,0,0,8,5,"ЧЕРВЕНЬ, ЛИПЕНЬ, ВЕРЕСЕНЬ",ЧЕРВЕНЬ,ПІВРІЧНИЙ,☀️ ЛІТО,TRUE,4,2,2,0,1,1,1,"0,1","0,08","0,08",0
ACC-178,Аромат зі східними нотами...,COMPETITOR,Accord tour,Албанія,"Албанія, Болгарія, Греція, Північна Македонія",екскурсійний,Люкс 300 - 400,"429,5",8,0,5,7,0,0,0,,1,2,1,1,2,2,0,0,9,6,"ЧЕРВЕНЬ, ВЕРЕСЕНЬ, ЖОВТЕНЬ",ЧЕРВЕНЬ,ЦІЛИЙ РІК,☀️ ЛІТО,TRUE,14,4,5,1,1,1,1,"0,1","0,13","0,13","0,07142857143"
ACC-179,Лапландія і Томтеленд - У світі Санта Клауса!,COMPETITOR,Accord tour,Фінляндія,"Фінляндія, Естонія, Литва, Латвія, Польща, Швеція",екскурсійний,Тяжкий Люкс 400 +,"667,5",10,1,4,8,0,0,0,0,0,0,0,0,0,0,0,5,5,1,ГРУДЕНЬ,ГРУДЕНЬ,ПІВРІЧНИЙ,❄️ ЗИМА,FALSE,7,2,2,0,1,1,1,"0,1","0,10","0,10",0
ACC-180,Полуниця з Портвейном... Португалія,COMPETITOR,Accord tour,Португалія,Португалія,екскурсійний,Тяжкий Люкс 400 +,814,14,0,10,13,0,0,0,1,3,2,4,3,2,2,,,17,7,"ЛИПЕНЬ, ТРАВЕНЬ, СЕРПЕНЬ",ЛИПЕНЬ,ЦІЛИЙ РІК,🌸 МІЖСЕЗОН,TRUE,27,8,10,0,1,1,1,"0,1","0,07","0,07",0
ACC-181,Амстердам - ковток свободи,COMPETITOR,Accord tour,Нідерланди,Нідерланди,екскурсійний,Люкс 300 - 400,366,6,0,4,5,0,0,0,3,3,0,0,0,0,0,0,0,6,2,"КВІТЕНЬ, ТРАВЕНЬ",КВІТЕНЬ,ПІВРІЧНИЙ,🌸 МІЖСЕЗОН,TRUE,14,4,10,0,1,1,1,"0,1","0,17","0,17",0
ACC-182,"Веселий ярмарок...  Різдвяна Німеччина та Франція.  Дрезден, Нюрнберг, Страсбург, Кольмар, Прага",COMPETITOR,Accord tour,Німеччина,Німеччина,екскурсійний,Стандарт 150 - 300,"268,5",5,0,4,4,0,0,0,,,,,,,,,7,7,1,ГРУДЕНЬ,ГРУДЕНЬ,ПІВРІЧНИЙ,❄️ ЗИМА,TRUE,7,4,7,0,1,1,1,"0,1","0,20","0,20",0
ACC-183,Без меж - Будапешт!  Виїзд  з Києва,COMPETITOR,Accord tour,Угорщина,Угорщина,екскурсійний,Стандарт 150 - 300,194,5,2,3,2,0,0,0,3,11,13,13,14,8,9,8,5,84,9,"СЕРПЕНЬ, ЧЕРВЕНЬ, ЛИПЕНЬ",СЕРПЕНЬ,ЦІЛИЙ РІК,🌸 МІЖСЕЗОН,FALSE,9,3,5,0,1,1,1,"0,1","0,20","0,20",0
ADR-1,Чеські перлини: 4 ночі в Празі + Дрезден  ,COMPETITOR,Adriatic,Чехія,Чехія,екскурсійний,Стандарт 150 - 300,"247,5",5,0,1,4,0,0,0,,5,4,5,4,4,6,4,5,37,8,"ЖОВТЕНЬ, ТРАВЕНЬ, ЛИПЕНЬ",ЖОВТЕНЬ,ЦІЛИЙ РІК,🌸 МІЖСЕЗОН,TRUE,6,3,6,0,1,1,1,"0,1","0,20","0,20",0
ADR-2,"Рим прекрасний завжди...: 2 дні в Римі + Венеція, Флоренція  ",COMPETITOR,Adriatic,Італія,Італія,екскурсійний,Стандарт 150 - 300,294,6,2,3,3,0,0,0,1,6,6,5,5,4,7,4,4,42,9,"ЖОВТЕНЬ, ТРАВЕНЬ, ЧЕРВЕНЬ",ЖОВТЕНЬ,ЦІЛИЙ РІК,🌸 МІЖСЕЗОН,FALSE,9,2,5,0,1,1,1,"0,1","0,17","0,17",0
ADR-3,Європейська мозаїка: Краків-Прага-Відень-Будапешт ,COMPETITOR,Adriatic,Австрія,"Австрія, Польща, Угорщина, Чехія",екскурсійний,Стандарт 150 - 300,199,4,0,2,3,0,0,0,1,5,7,5,5,4,8,4,5,44,9,"ЖОВТЕНЬ, ЧЕРВЕНЬ, ТРАВЕНЬ",ЖОВТЕНЬ,ЦІЛИЙ РІК,🌸 МІЖСЕЗОН,TRUE,6,4,5,0,1,1,1,"0,1","0,25","0,25",0
ADR-4,Неймовірна Швейцарія та Ельзас!  ,COMPETITOR,Adriatic,Швейцарія,Швейцарія,екскурсійний,Люкс 300 - 400,"283,5",5,0,4,4,0,0,0,4,6,4,5,4,5,4,4,7,43,9,"ГРУДЕНЬ, ТРАВЕНЬ, ЛИПЕНЬ",ГРУДЕНЬ,ЦІЛИЙ РІК,🌸 МІЖСЕЗОН,TRUE,10,6,9,0,1,1,1,"0,1","0,20","0,20",0
ADR-5,"Італійський вікенд... Венеція, Флоренція, Рим  ",COMPETITOR,Adriatic,Італія,Італія,екскурсійний,Стандарт 150 - 300,252,5,2,3,2,0,0,0,2,4,4,5,4,4,5,4,5,37,9,"ЛИПЕНЬ, ЖОВТЕНЬ, ГРУДЕНЬ",ЛИПЕНЬ,ЦІЛИЙ РІК,🌸 МІЖСЕЗОН,FALSE,6,3,5,0,1,1,1,"0,1","0,20","0,20",0
ADR-6,Париж - місто кохання ,COMPETITOR,Adriatic,Франція,Франція,екскурсійний,Стандарт 150 - 300,"250,5",6,2,4,3,0,0,0,3,6,4,4,5,4,4,5,3,38,9,"ТРАВЕНЬ, СЕРПЕНЬ, ЛИСТОПАД",ТРАВЕНЬ,ЦІЛИЙ РІК,🌸 МІЖСЕЗОН,FALSE,6,4,6,0,1,1,1,"0,1","0,17","0,17",0
ADR-7,«Австрійський хіт + Будапешт» ,COMPETITOR,Adriatic,Австрія,"Австрія, Угорщина",екскурсійний,Економ 99 - 150,144,4,2,2,1,0,0,0,2,5,7,5,4,4,8,4,5,44,9,"ЖОВТЕНЬ, ЧЕРВЕНЬ, ТРАВЕНЬ",ЖОВТЕНЬ,ЦІЛИЙ РІК,🌸 МІЖСЕЗОН,FALSE,4,2,4,0,1,1,1,"0,1","0,25","0,25",0
ADR-8,"Богемські вихідні: 3 ночі в Празі + Дрезден, Карлові Вари, Чеський Крумлов  ",COMPETITOR,Adriatic,Чехія,Чехія,екскурсійний,Стандарт 150 - 300,219,4,0,2,3,0,0,0,,5,7,5,4,4,7,4,5,41,8,"ЧЕРВЕНЬ, ЖОВТЕНЬ, ТРАВЕНЬ",ЧЕРВЕНЬ,ЦІЛИЙ РІК,🌸 МІЖСЕЗОН,TRUE,7,3,7,0,1,1,1,"0,1","0,25","0,25",0
ADR-9,Мікс вікенд: Будапешт + Відень  ,COMPETITOR,Adriatic,Австрія,"Австрія, Угорщина",екскурсійний,Економ 99 - 150,106,4,2,1,1,0,0,0,2,5,7,4,4,4,8,4,5,43,9,"ЖОВТЕНЬ, ЧЕРВЕНЬ, ТРАВЕНЬ",ЖОВТЕНЬ,ЦІЛИЙ РІК,🌸 МІЖСЕЗОН,FALSE,3,2,3,0,1,1,1,"0,1","0,25","0,25",0
ADR-10,Так добре разом: Париж+ Бенілюкс  ,COMPETITOR,Adriatic,Франція,"Франція, Нідерланди",екскурсійний,Тяжкий Люкс 400 +,485,8,0,6,7,0,0,0,,5,4,4,5,4,4,5,3,34,8,"ТРАВЕНЬ, СЕРПЕНЬ, ЛИСТОПАД",ТРАВЕНЬ,ЦІЛИЙ РІК,🌸 МІЖСЕЗОН,TRUE,16,7,8,0,1,1,1,"0,1","0,13","0,13",0
ADR-11,Містична Трансільванія  ,COMPETITOR,Adriatic,Румунія,Румунія,екскурсійний,Стандарт 150 - 300,167,3,0,0,2,0,0,0,1,5,4,5,4,4,8,4,5,40,9,"ЖОВТЕНЬ, ТРАВЕНЬ, ЛИПЕНЬ",ЖОВТЕНЬ,ЦІЛИЙ РІК,🌸 МІЖСЕЗОН,TRUE,2,1,1,0,1,1,1,"0,1","0,33","0,33",0
ADR-12,"Смарагди Польщі: Морське Око, Закопане, Краків ",COMPETITOR,Adriatic,Польща,Польща,екскурсійний,Економ 99 - 150,152,3,0,1,2,0,0,0,1,5,5,5,4,4,7,4,5,40,9,"ЖОВТЕНЬ, ТРАВЕНЬ, ЧЕРВЕНЬ",ЖОВТЕНЬ,ЦІЛИЙ РІК,🌸 МІЖСЕЗОН,TRUE,2,1,2,0,1,1,1,"0,1","0,33","0,33",0
ADR-13,Вікенд в Трансільванії  ,COMPETITOR,Adriatic,Румунія,Румунія,екскурсійний,Економ 99 - 150,140,4,2,0,1,0,0,0,,5,4,5,4,4,7,4,4,37,8,"ЖОВТЕНЬ, ТРАВЕНЬ, ЛИПЕНЬ",ЖОВТЕНЬ,ЦІЛИЙ РІК,🌸 МІЖСЕЗОН,FALSE,2,1,1,0,1,1,1,"0,1","0,25","0,25",0
ADR-14,"Прага - місто, яке обрало мене ",COMPETITOR,Adriatic,Чехія,"Чехія, Німеччина",екскурсійний,Стандарт 150 - 300,170,4,1,2,2,0,0,0,,5,4,4,4,4,7,4,5,37,8,"ЖОВТЕНЬ, ТРАВЕНЬ, ГРУДЕНЬ",ЖОВТЕНЬ,ЦІЛИЙ РІК,🌸 МІЖСЕЗОН,FALSE,3,3,3,0,1,1,1,"0,1","0,25","0,25",0
ADR-15,"Погляд в минуле: 3 дні в Римі + Помпеї, Неаполь  ",COMPETITOR,Adriatic,Італія,Італія,екскурсійний,Тяжкий Люкс 400 +,447,8,0,5,7,0,0,0,,5,4,4,5,4,5,4,4,35,8,"ТРАВЕНЬ, СЕРПЕНЬ, ЖОВТЕНЬ",ТРАВЕНЬ,ЦІЛИЙ РІК,🌸 МІЖСЕЗОН,TRUE,9,4,8,0,1,1,1,"0,1","0,13","0,13",0
ADR-16,Який чудовий Краків + парк Енерджіландія  ,COMPETITOR,Adriatic,Польща,Польща,екскурсійний,Економ 99 - 150,147,3,0,1,2,0,0,0,1,5,4,5,4,4,7,4,5,39,9,"ЖОВТЕНЬ, ТРАВЕНЬ, ЛИПЕНЬ",ЖОВТЕНЬ,ЦІЛИЙ РІК,🌸 МІЖСЕЗОН,TRUE,3,1,2,0,1,1,1,"0,1","0,33","0,33",0
ADR-17,Прага - моє улюблене місто ,COMPETITOR,Adriatic,Чехія,"Чехія, Німеччина",екскурсійний,Економ 99 - 150,162,4,2,2,1,0,0,0,,5,4,5,4,4,7,4,5,38,8,"ЖОВТЕНЬ, ТРАВЕНЬ, ЛИПЕНЬ",ЖОВТЕНЬ,ЦІЛИЙ РІК,🌸 МІЖСЕЗОН,FALSE,3,3,3,0,1,1,1,"0,1","0,25","0,25",0
ADR-18,"О Рим, ти цілий світ! ",COMPETITOR,Adriatic,Італія,Італія,екскурсійний,Люкс 300 - 400,353,6,0,4,5,0,0,0,,5,4,3,5,4,5,4,3,33,8,"ТРАВЕНЬ, СЕРПЕНЬ, ЖОВТЕНЬ",ТРАВЕНЬ,ЦІЛИЙ РІК,🌸 МІЖСЕЗОН,TRUE,8,5,7,0,1,1,1,"0,1","0,17","0,17",0
ADR-19,Зустрічаємось в Парижі + Мюнхен та Зальцбург ,COMPETITOR,Adriatic,Франція,Франція,екскурсійний,Люкс 300 - 400,344,6,0,4,5,0,0,0,,5,4,4,5,4,4,4,3,33,8,"ТРАВЕНЬ, СЕРПЕНЬ, ЧЕРВЕНЬ",ТРАВЕНЬ,ЦІЛИЙ РІК,🌸 МІЖСЕЗОН,TRUE,6,5,5,0,1,1,1,"0,1","0,17","0,17",0
ADR-20,Веселі канікули: 3 дні в Парижі + Нормандія та Діснейленд!  ,COMPETITOR,Adriatic,Франція,Франція,екскурсійний,Люкс 300 - 400,301,7,2,5,4,0,0,0,,5,4,4,5,4,4,5,3,34,8,"ТРАВЕНЬ, СЕРПЕНЬ, ЛИСТОПАД",ТРАВЕНЬ,ЦІЛИЙ РІК,🌸 МІЖСЕЗОН,FALSE,12,4,7,0,1,1,1,"0,1","0,14","0,14",0
ADR-21,Румунія запрошує! Бухарест + замки Трансільванії  ,COMPETITOR,Adriatic,Румунія,Румунія,екскурсійний,Стандарт 150 - 300,162,4,1,1,2,0,0,0,1,4,4,5,4,4,6,4,4,36,9,"ЖОВТЕНЬ, ЛИПЕНЬ, ТРАВЕНЬ",ЖОВТЕНЬ,ЦІЛИЙ РІК,🌸 МІЖСЕЗОН,FALSE,2,1,2,0,1,1,1,"0,1","0,25","0,25",0
ADR-22,Блискучий вікенд: Дрезден - Прага - Відень - Будапешт  ,COMPETITOR,Adriatic,Польща,"Польща, Німеччина, Чехія, Австрія, Угорщина",екскурсійний,Стандарт 150 - 300,239,5,0,2,4,0,0,0,,5,4,5,4,4,6,4,4,36,8,"ЖОВТЕНЬ, ТРАВЕНЬ, ЛИПЕНЬ",ЖОВТЕНЬ,ЦІЛИЙ РІК,🌸 МІЖСЕЗОН,TRUE,8,5,7,0,1,1,1,"0,1","0,20","0,20",0
ADR-23,Кращі з кращих: Відень-Зальцбург-Мюнхен  ,COMPETITOR,Adriatic,Австрія,Австрія,екскурсійний,Стандарт 150 - 300,239,4,0,2,3,0,0,0,,5,4,5,4,4,6,4,4,36,8,"ЖОВТЕНЬ, ТРАВЕНЬ, ЛИПЕНЬ",ЖОВТЕНЬ,ЦІЛИЙ РІК,🌸 МІЖСЕЗОН,TRUE,4,3,4,0,1,1,1,"0,1","0,25","0,25",0
ADR-24,Який чудовий цей Краків  ,COMPETITOR,Adriatic,Польща,Польща,екскурсійний,Економ 99 - 150,147,3,0,1,2,0,0,0,,4,4,5,4,4,7,4,5,37,8,"ЖОВТЕНЬ, ЛИПЕНЬ, ГРУДЕНЬ",ЖОВТЕНЬ,ЦІЛИЙ РІК,🌸 МІЖСЕЗОН,TRUE,3,1,2,0,1,1,1,"0,1","0,33","0,33",0
ADR-25,Приємний вікенд: Краків-Прага-Відень-Будапешт  ,COMPETITOR,Adriatic,Австрія,"Австрія, Чехія, Угорщина, Польща",екскурсійний,Економ 99 - 150,153,4,2,1,1,0,0,0,,5,4,5,4,4,5,4,4,35,8,"ТРАВЕНЬ, ЛИПЕНЬ, ЖОВТЕНЬ",ТРАВЕНЬ,ЦІЛИЙ РІК,🌸 МІЖСЕЗОН,FALSE,5,4,5,0,1,1,1,"0,1","0,25","0,25",0
ADR-26,Париж - це пристрасть! Париж - це свято!»,COMPETITOR,Adriatic,Франція,Франція,екскурсійний,Люкс 300 - 400,314,7,2,4,4,0,0,0,,5,4,4,5,4,4,5,3,34,8,"ТРАВЕНЬ, СЕРПЕНЬ, ЛИСТОПАД",ТРАВЕНЬ,ЦІЛИЙ РІК,🌸 МІЖСЕЗОН,FALSE,14,4,9,0,1,1,1,"0,1","0,14","0,14",0
ADR-27,"Відпустка класу ""Люкс"" - країни БеНіЛюкс!  ",COMPETITOR,Adriatic,Нідерланди,"Нідерланди, Бельгія",екскурсійний,Люкс 300 - 400,355,6,0,4,5,0,0,0,1,4,2,2,2,2,3,2,3,21,9,"ТРАВЕНЬ, ЖОВТЕНЬ, ГРУДЕНЬ",ТРАВЕНЬ,ЦІЛИЙ РІК,🌸 МІЖСЕЗОН,TRUE,9,6,6,0,1,1,1,"0,1","0,17","0,17",0
ADR-28,Наш чудовий вікенд: Краків-Дрезден-Прага  ,COMPETITOR,Adriatic,Німеччина,"Німеччина, Чехія",екскурсійний,Стандарт 150 - 300,198,4,0,2,3,0,0,0,,5,4,5,4,4,6,4,4,36,8,"ЖОВТЕНЬ, ТРАВЕНЬ, ЛИПЕНЬ",ЖОВТЕНЬ,ЦІЛИЙ РІК,🌸 МІЖСЕЗОН,TRUE,6,3,6,0,1,1,1,"0,1","0,25","0,25",0
ADR-29,"Від краю до краю: Париж, Амстердам, Нормандія… ",COMPETITOR,Adriatic,Франція,Франція,екскурсійний,Люкс 300 - 400,339,7,2,5,4,0,0,0,1,6,4,4,5,4,4,5,3,36,9,"ТРАВЕНЬ, СЕРПЕНЬ, ЛИСТОПАД",ТРАВЕНЬ,ЦІЛИЙ РІК,🌸 МІЖСЕЗОН,FALSE,15,6,10,0,1,1,1,"0,1","0,14","0,14",0
ADR-30,"Французький колорит: Париж, Страсбург та Діснейленд!  ",COMPETITOR,Adriatic,Франція,Франція,екскурсійний,Люкс 300 - 400,351,6,0,5,5,0,0,0,1,7,4,4,5,4,4,,,29,7,"ТРАВЕНЬ, СЕРПЕНЬ, ЧЕРВЕНЬ",ТРАВЕНЬ,ЦІЛИЙ РІК,🌸 МІЖСЕЗОН,TRUE,13,5,7,0,1,1,1,"0,1","0,17","0,17",0
ADR-31,"Vive La France! Мон-Сен-Мішель, Луара та Нормандія! ",COMPETITOR,Adriatic,Франція,Франція,екскурсійний,Люкс 300 - 400,390,7,0,5,6,0,0,0,1,5,4,4,5,4,4,5,3,35,9,"ТРАВЕНЬ, СЕРПЕНЬ, ЛИСТОПАД",ТРАВЕНЬ,ЦІЛИЙ РІК,🌸 МІЖСЕЗОН,TRUE,13,4,6,0,1,1,1,"0,1","0,14","0,14",0
ADR-32,Гарно так: Париж + Цюрих! ,COMPETITOR,Adriatic,Франція,"Франція, Швейцарія",екскурсійний,Люкс 300 - 400,351,6,0,5,5,0,0,0,2,4,5,4,5,4,4,5,3,36,9,"ЧЕРВЕНЬ, СЕРПЕНЬ, ЛИСТОПАД",ЧЕРВЕНЬ,ЦІЛИЙ РІК,🌸 МІЖСЕЗОН,TRUE,12,5,6,0,1,1,1,"0,1","0,17","0,17",0
ADR-33,"Швейцарія для тебе... Гріндельвальд, Швейцарська Рів'єра, гора Пілатус + гора Монблан!  ",COMPETITOR,Adriatic,Швейцарія,"Швейцарія, Франція, Чехія, Австрія",екскурсійний,Люкс 300 - 400,319,6,0,6,5,0,0,0,,5,4,4,5,4,5,4,3,34,8,"ТРАВЕНЬ, СЕРПЕНЬ, ЖОВТЕНЬ",ТРАВЕНЬ,ЦІЛИЙ РІК,🌸 МІЖСЕЗОН,TRUE,11,5,9,0,1,1,1,"0,1","0,17","0,17",0
ADR-34,Вікенд в Швейцарію + Зальцбург та Прага! ,COMPETITOR,Adriatic,Швейцарія,"Швейцарія, Австрія, Польща, Чехія",екскурсійний,Стандарт 150 - 300,254,4,0,3,3,0,0,0,,5,4,5,4,4,5,4,3,34,8,"ТРАВЕНЬ, ЛИПЕНЬ, ЖОВТЕНЬ",ТРАВЕНЬ,ЦІЛИЙ РІК,🌸 МІЖСЕЗОН,TRUE,6,4,5,0,1,1,1,"0,1","0,25","0,25",0
ADR-35,Побачення на двох - Венеція і Верона… ,COMPETITOR,Adriatic,Італія,Італія,екскурсійний,Економ 99 - 150,153,4,2,1,1,0,0,0,1,5,4,5,4,4,5,4,5,37,9,"ТРАВЕНЬ, ЛИПЕНЬ, ЖОВТЕНЬ",ТРАВЕНЬ,ЦІЛИЙ РІК,🌸 МІЖСЕЗОН,FALSE,4,2,4,0,1,1,1,"0,1","0,25","0,25",0
ADR-36,"Смак Тоскани: Флоренція, Сієна та Сан-Джиміньяно  ",COMPETITOR,Adriatic,Італія,Італія,екскурсійний,Люкс 300 - 400,396,7,0,4,6,0,0,0,,2,1,1,1,1,2,,,8,6,"ТРАВЕНЬ, ЖОВТЕНЬ, ЧЕРВЕНЬ",ТРАВЕНЬ,ПІВРІЧНИЙ,☀️ ЛІТО,TRUE,16,3,6,0,1,1,1,"0,1","0,14","0,14",0
ADR-37,Прекрасна - як мадонна! Донна Барселона!  ,COMPETITOR,Adriatic,Іспанія,"Іспанія, Італія",екскурсійний,Тяжкий Люкс 400 +,405,8,2,5,5,0,0,0,,5,4,4,5,4,5,2,1,30,8,"ТРАВЕНЬ, СЕРПЕНЬ, ЖОВТЕНЬ",ТРАВЕНЬ,ЦІЛИЙ РІК,🌸 МІЖСЕЗОН,FALSE,10,6,8,0,1,1,1,"0,1","0,13","0,13",0
ADR-38,Австрійський вікенд: Відень - Зальцбург - Прага  ,COMPETITOR,Adriatic,Австрія,"Австрія, Чехія",екскурсійний,Стандарт 150 - 300,234,4,0,2,3,0,0,0,,5,4,5,4,4,6,4,4,36,8,"ЖОВТЕНЬ, ТРАВЕНЬ, ЛИПЕНЬ",ЖОВТЕНЬ,ЦІЛИЙ РІК,🌸 МІЖСЕЗОН,TRUE,4,2,3,0,1,1,1,"0,1","0,25","0,25",0
ADR-39,Міста для поцілунків: Відень-Венеція-Верона  ,COMPETITOR,Adriatic,Італія,"Італія, Австрія",екскурсійний,Стандарт 150 - 300,297,5,0,2,4,0,0,0,,8,6,5,4,5,8,2,2,40,8,"ТРАВЕНЬ, ЖОВТЕНЬ, ЧЕРВЕНЬ",ТРАВЕНЬ,ЦІЛИЙ РІК,🌸 МІЖСЕЗОН,TRUE,6,4,5,0,1,1,1,"0,1","0,20","0,20",0
ADR-40,Незабутня відпустка в Німеччині  ,COMPETITOR,Adriatic,Чехія,"Чехія, Німеччина",екскурсійний,Люкс 300 - 400,342,6,0,4,5,0,0,0,,5,4,5,4,4,6,2,4,34,8,"ЖОВТЕНЬ, ТРАВЕНЬ, ЛИПЕНЬ",ЖОВТЕНЬ,ЦІЛИЙ РІК,🌸 МІЖСЕЗОН,TRUE,5,2,2,0,1,1,1,"0,1","0,17","0,17",0
ADR-41,Доломітові Альпи Італії: Відпочинок на вершині небес  ,COMPETITOR,Adriatic,Італія,"Італія, Австрія",екскурсійний,Люкс 300 - 400,351,6,0,2,5,0,0,0,,5,4,4,4,4,5,,,26,6,"ТРАВЕНЬ, ЖОВТЕНЬ, ЧЕРВЕНЬ",ТРАВЕНЬ,ЦІЛИЙ РІК,☀️ ЛІТО,TRUE,6,2,2,0,1,1,1,"0,1","0,17","0,17",0
ADR-42,"Краса без фільтрів: Зальцбург, Гальштат та озерний край Зальцкаммергут ",COMPETITOR,Adriatic,Австрія,Австрія,екскурсійний,Стандарт 150 - 300,262,5,0,3,4,0,0,0,,5,4,5,4,4,5,,,27,6,"ТРАВЕНЬ, ЛИПЕНЬ, ЖОВТЕНЬ",ТРАВЕНЬ,ЦІЛИЙ РІК,🌸 МІЖСЕЗОН,TRUE,6,3,4,0,1,1,1,"0,1","0,20","0,20",0
ADR-43,Париж та Амстердам збирає друзів!  ,COMPETITOR,Adriatic,Нідерланди,"Нідерланди, Франція",екскурсійний,Люкс 300 - 400,398,7,0,5,6,0,0,0,3,6,4,4,5,4,4,5,4,39,9,"ТРАВЕНЬ, СЕРПЕНЬ, ЛИСТОПАД",ТРАВЕНЬ,ЦІЛИЙ РІК,🌸 МІЖСЕЗОН,TRUE,12,6,7,0,1,1,1,"0,1","0,14","0,14",0
ADR-44,Італія моя любов... Венеція-Мілан-Верона  ,COMPETITOR,Adriatic,Італія,Італія,екскурсійний,Стандарт 150 - 300,193,5,2,2,2,0,0,0,1,6,4,5,4,4,8,4,4,40,9,"ЖОВТЕНЬ, ТРАВЕНЬ, ЛИПЕНЬ",ЖОВТЕНЬ,ЦІЛИЙ РІК,🌸 МІЖСЕЗОН,FALSE,5,2,5,0,1,1,1,"0,1","0,20","0,20",0
ADR-45,"Від Альп до пальм: 3 дні в Барселоні + Зальцбург, Цюрих ",COMPETITOR,Adriatic,Франція,"Франція, Швейцарія, Іспанія, Австрія",екскурсійний,Тяжкий Люкс 400 +,454,9,2,0,6,0,0,0,,5,4,4,5,4,5,2,1,30,8,"ТРАВЕНЬ, СЕРПЕНЬ, ЖОВТЕНЬ",ТРАВЕНЬ,ЦІЛИЙ РІК,🌸 МІЖСЕЗОН,FALSE,9,7,7,0,1,1,1,"0,1","0,11","0,11",0
ADR-46,Незабутні моменти в Доломітових Альпах  ,COMPETITOR,Adriatic,Австрія,"Австрія, Італія",екскурсійний,Люкс 300 - 400,364,7,0,2,6,0,0,0,,3,4,4,5,4,5,,,25,6,"СЕРПЕНЬ, ЖОВТЕНЬ, ЧЕРВЕНЬ",СЕРПЕНЬ,ЦІЛИЙ РІК,☀️ ЛІТО,TRUE,7,3,4,0,1,1,1,"0,1","0,14","0,14",0
ADR-47,"Альпійська розкіш: Словенія, Італія та Австрія  ",COMPETITOR,Adriatic,Угорщина,"Угорщина, Словенія, Італія, Австрія",екскурсійний,Стандарт 150 - 300,292,5,0,3,4,0,0,0,,5,4,4,5,4,5,4,2,33,8,"ТРАВЕНЬ, СЕРПЕНЬ, ЖОВТЕНЬ",ТРАВЕНЬ,ЦІЛИЙ РІК,🌸 МІЖСЕЗОН,TRUE,8,3,5,0,1,1,1,"0,1","0,20","0,20",0
ADR-48,Привіт Париж! (3 дні в Парижі + Нормандія та Діснейленд ,COMPETITOR,Adriatic,Франція,"Франція, Австрія, Німеччина, Чехія, Угорщина",екскурсійний,Люкс 300 - 400,312,7,2,3,4,0,0,0,2,5,4,4,5,4,4,5,3,36,9,"ТРАВЕНЬ, СЕРПЕНЬ, ЛИСТОПАД",ТРАВЕНЬ,ЦІЛИЙ РІК,🌸 МІЖСЕЗОН,FALSE,13,6,8,0,1,1,1,"0,1","0,14","0,14",0
ADR-49,Подаруй собі Amsterdam  ,COMPETITOR,Adriatic,Нідерланди,Нідерланди,екскурсійний,Люкс 300 - 400,337,7,2,4,4,0,0,0,,3,2,2,2,2,2,1,3,17,8,"ТРАВЕНЬ, ГРУДЕНЬ, ЧЕРВЕНЬ",ТРАВЕНЬ,ЦІЛИЙ РІК,🌸 МІЖСЕЗОН,FALSE,13,5,11,0,1,1,1,"0,1","0,14","0,14",0
ADR-50,Селфі в Амстердамі ,COMPETITOR,Adriatic,Нідерланди,Нідерланди,екскурсійний,Стандарт 150 - 300,243,6,2,3,3,0,0,0,,3,2,2,1,2,3,4,3,20,8,"ЛИСТОПАД, ТРАВЕНЬ, ЖОВТЕНЬ",ЛИСТОПАД,ЦІЛИЙ РІК,🌸 МІЖСЕЗОН,FALSE,10,4,8,0,1,1,1,"0,1","0,17","0,17",0
ADR-51,Слідами вікінгів: Стокгольм + Осло  ,COMPETITOR,Adriatic,Норвегія,"Норвегія, Швеція",екскурсійний,Тяжкий Люкс 400 +,453,7,0,4,6,0,0,0,,2,2,2,2,2,2,0,0,12,6,"ТРАВЕНЬ, ЧЕРВЕНЬ, ЛИПЕНЬ",ТРАВЕНЬ,ЦІЛИЙ РІК,☀️ ЛІТО,TRUE,9,6,8,0,1,1,1,"0,1","0,14","0,14",0
ADR-52,"Ах, мій милий Амстердам… ",COMPETITOR,Adriatic,Нідерланди,Нідерланди,екскурсійний,Люкс 300 - 400,353,6,0,3,5,0,0,0,,3,4,4,5,4,2,,,22,6,"СЕРПЕНЬ, ЧЕРВЕНЬ, ЛИПЕНЬ",СЕРПЕНЬ,ЦІЛИЙ РІК,☀️ ЛІТО,TRUE,10,3,8,0,1,1,1,"0,1","0,17","0,17",0
ADR-53,Романтика Адріатики: Хорватія та Чорногорія  ,COMPETITOR,Adriatic,Хорватія,Хорватія,морський,Люкс 300 - 400,406,7,0,1,6,0,0,0,4,4,5,4,5,4,4,,,30,7,"ЧЕРВЕНЬ, СЕРПЕНЬ, КВІТЕНЬ",ЧЕРВЕНЬ,ЦІЛИЙ РІК,🌸 МІЖСЕЗОН,TRUE,12,3,7,0,1,1,1,"0,1","0,14","0,14",0
ADR-54,"Подорож Балканами: Хорватія, Чорногорія, Албанія, Македонія та Боснія і Герцеговина  ",COMPETITOR,Adriatic,Хорватія,"Хорватія, Чорногорія",морський,Тяжкий Люкс 400 +,448,9,0,4,8,0,0,0,,3,4,4,5,4,5,,,25,6,"СЕРПЕНЬ, ЖОВТЕНЬ, ЧЕРВЕНЬ",СЕРПЕНЬ,ЦІЛИЙ РІК,☀️ ЛІТО,TRUE,15,5,7,0,1,1,1,"0,1","0,11","0,11",0
ADR-55,"Ми в Ніццу, в Ніццу з вітерцем  ",COMPETITOR,Adriatic,Франція,Франція,морський,Тяжкий Люкс 400 +,470,8,0,4,7,0,0,0,,4,4,4,5,4,4,,,25,6,"СЕРПЕНЬ, ТРАВЕНЬ, ЧЕРВЕНЬ",СЕРПЕНЬ,ЦІЛИЙ РІК,☀️ ЛІТО,TRUE,18,5,8,0,1,1,1,"0,1","0,13","0,13",0
ADR-56,Лазурна перлина - Ніцца  ,COMPETITOR,Adriatic,Франція,"Франція, Італія",морський,Тяжкий Люкс 400 +,473,9,2,3,6,0,0,0,,4,4,4,5,4,5,,,26,6,"СЕРПЕНЬ, ЖОВТЕНЬ, ТРАВЕНЬ",СЕРПЕНЬ,ЦІЛИЙ РІК,☀️ ЛІТО,FALSE,20,5,8,0,1,1,1,"0,1","0,11","0,11",0
ADR-57,Тіроль - серце Альп ,COMPETITOR,Adriatic,Австрія,"Австрія, Німеччина, Чехія",екскурсійний,Стандарт 150 - 300,338,6,0,4,5,0,0,0,,3,2,2,2,2,2,,,13,6,"ТРАВЕНЬ, ЧЕРВЕНЬ, ЛИПЕНЬ",ТРАВЕНЬ,ЦІЛИЙ РІК,🌸 МІЖСЕЗОН,TRUE,8,3,5,0,1,1,1,"0,1","0,17","0,17",0
ADR-58,"Венеція - земля кохання і море чар… Портофіно, Мілан, озеро Комо  ",COMPETITOR,Adriatic,Італія,Італія,екскурсійний,Люкс 300 - 400,355,6,0,3,5,0,0,0,1,5,4,4,5,4,5,,,28,7,"ТРАВЕНЬ, СЕРПЕНЬ, ЖОВТЕНЬ",ТРАВЕНЬ,ЦІЛИЙ РІК,☀️ ЛІТО,TRUE,6,3,6,0,1,1,1,"0,1","0,17","0,17",0
ADR-59,"Світ фантазій: Амстердам, Брюссель, Париж + парки розваг!  ",COMPETITOR,Adriatic,Нідерланди,"Нідерланди, Франція",екскурсійний,Тяжкий Люкс 400 +,531,9,0,7,8,0,0,0,,5,4,4,5,4,5,2,3,32,8,"ТРАВЕНЬ, СЕРПЕНЬ, ЖОВТЕНЬ",ТРАВЕНЬ,ЦІЛИЙ РІК,🌸 МІЖСЕЗОН,TRUE,18,6,11,0,1,1,1,"0,1","0,11","0,11",0
ADR-60,"Земля фіордів, льодовиків... Норвегія... ",COMPETITOR,Adriatic,Норвегія,Норвегія,екскурсійний,Тяжкий Люкс 400 +,"522,5",7,0,4,6,0,0,0,,4,4,4,5,4,4,,,25,6,"СЕРПЕНЬ, ТРАВЕНЬ, ЧЕРВЕНЬ",СЕРПЕНЬ,ЦІЛИЙ РІК,☀️ ЛІТО,TRUE,7,4,5,0,1,1,1,"0,1","0,14","0,14",0
ADR-61,"Італійський вікенд... Венеція, Флоренція, Рим ",COMPETITOR,Adriatic,Італія,Італія,екскурсійний,Стандарт 150 - 300,248,5,2,3,2,0,0,0,2,4,4,5,4,4,5,4,5,37,9,"ЛИПЕНЬ, ЖОВТЕНЬ, ГРУДЕНЬ",ЛИПЕНЬ,ЦІЛИЙ РІК,🌸 МІЖСЕЗОН,FALSE,3,1,3,0,1,1,1,"0,1","0,20","0,20",0
ADR-62,Вікенд в Берліні  ,COMPETITOR,Adriatic,Німеччина,Німеччина,екскурсійний,Стандарт 150 - 300,198,4,0,2,3,0,0,0,,5,4,5,4,4,6,4,5,37,8,"ЖОВТЕНЬ, ТРАВЕНЬ, ЛИПЕНЬ",ЖОВТЕНЬ,ЦІЛИЙ РІК,🌸 МІЖСЕЗОН,TRUE,4,2,3,0,1,1,1,"0,1","0,25","0,25",0
ADR-63,"Польськими містами - Краків, Вроцлав, Варшава + Енерджіландія, Африкаріум і аквапарк ",COMPETITOR,Adriatic,Польща,Польща,екскурсійний,Стандарт 150 - 300,189,5,1,3,3,0,0,0,,5,4,5,4,4,5,4,4,35,8,"ТРАВЕНЬ, ЛИПЕНЬ, ЖОВТЕНЬ",ТРАВЕНЬ,ЦІЛИЙ РІК,🌸 МІЖСЕЗОН,FALSE,3,1,3,0,1,1,1,"0,1","0,20","0,20",0
ADR-64,"Секрети півночі: Стокгольм, Копенгаген та Гамбурґ  ",COMPETITOR,Adriatic,Швеція,Швеція,екскурсійний,Тяжкий Люкс 400 +,530,8,0,5,7,0,0,0,,2,2,2,2,2,2,,,12,6,"ТРАВЕНЬ, ЧЕРВЕНЬ, ЛИПЕНЬ",ТРАВЕНЬ,ЦІЛИЙ РІК,☀️ ЛІТО,TRUE,11,6,9,0,1,1,1,"0,1","0,13","0,13",0
ADR-65,Європейський експрес - від Кракова до Берліна ,COMPETITOR,Adriatic,Німеччина,"Німеччина, Польща",екскурсійний,Стандарт 150 - 300,234,5,0,4,4,0,0,0,,3,2,3,2,2,4,2,2,20,8,"ЖОВТЕНЬ, ТРАВЕНЬ, ЛИПЕНЬ",ЖОВТЕНЬ,ЦІЛИЙ РІК,🌸 МІЖСЕЗОН,TRUE,6,3,6,0,1,1,1,"0,1","0,20","0,20",0
ADR-66,"Три дні релаксу: Будапешт, Егер, Токай + Відень  ",COMPETITOR,Adriatic,Австрія,"Австрія, Угорщина",спа-тур,Економ 99 - 150,172,3,0,1,2,0,0,0,,5,4,5,4,4,6,4,4,36,8,"ЖОВТЕНЬ, ТРАВЕНЬ, ЛИПЕНЬ",ЖОВТЕНЬ,ЦІЛИЙ РІК,🌸 МІЖСЕЗОН,TRUE,8,2,4,0,1,1,1,"0,1","0,33","0,33",0
ADR-67,Слідами таємниць і легенд: Вроцлав-Берлін-Дрезден  ,COMPETITOR,Adriatic,Німеччина,Німеччина,екскурсійний,Стандарт 150 - 300,198,4,1,2,2,0,0,0,,5,4,5,4,4,6,4,4,36,8,"ЖОВТЕНЬ, ТРАВЕНЬ, ЛИПЕНЬ",ЖОВТЕНЬ,ЦІЛИЙ РІК,🌸 МІЖСЕЗОН,FALSE,4,2,4,0,1,1,1,"0,1","0,25","0,25",0
ADR-68,Дрезден та Берлін - Живи і Подорожуй  ,COMPETITOR,Adriatic,Німеччина,Німеччина,екскурсійний,Стандарт 150 - 300,196,4,0,2,3,0,0,0,,5,4,5,4,4,6,4,4,36,8,"ЖОВТЕНЬ, ТРАВЕНЬ, ЛИПЕНЬ",ЖОВТЕНЬ,ЦІЛИЙ РІК,🌸 МІЖСЕЗОН,TRUE,4,2,3,0,1,1,1,"0,1","0,25","0,25",0
ADR-69,Італійські канікули на трьох морях ,COMPETITOR,Adriatic,Італія,Італія,морський,Люкс 300 - 400,400,7,0,4,6,0,0,0,,5,4,4,5,4,1,0,0,23,6,"ТРАВЕНЬ, СЕРПЕНЬ, ЧЕРВЕНЬ",ТРАВЕНЬ,ЦІЛИЙ РІК,🌸 МІЖСЕЗОН,TRUE,15,3,7,0,1,1,1,"0,1","0,14","0,14",0
ADR-70,Пригоди в Парижі + Кольмар та Страсбург!  ,COMPETITOR,Adriatic,Франція,Франція,екскурсійний,Люкс 300 - 400,352,6,0,4,5,0,0,0,,5,4,4,5,4,4,5,3,34,8,"ТРАВЕНЬ, СЕРПЕНЬ, ЛИСТОПАД",ТРАВЕНЬ,ЦІЛИЙ РІК,🌸 МІЖСЕЗОН,TRUE,12,4,6,0,1,1,1,"0,1","0,17","0,17",0
ADR-71,Подорож до мрії: Париж та Діснейленд  ,COMPETITOR,Adriatic,Франція,Франція,екскурсійний,Стандарт 150 - 300,272,6,2,5,3,0,0,0,,4,5,4,4,5,4,4,4,34,8,"ЧЕРВЕНЬ, ВЕРЕСЕНЬ, ТРАВЕНЬ",ЧЕРВЕНЬ,ЦІЛИЙ РІК,🌸 МІЖСЕЗОН,FALSE,12,4,7,0,1,1,1,"0,1","0,17","0,17",0
ADR-72,"Тур де Франс: Париж, Мон-Сен-Мішель, Луара та Нормандія! ",COMPETITOR,Adriatic,Франція,Франція,екскурсійний,Тяжкий Люкс 400 +,459,8,0,8,7,0,0,0,,4,4,4,5,4,4,3,3,31,8,"СЕРПЕНЬ, ТРАВЕНЬ, ЧЕРВЕНЬ",СЕРПЕНЬ,ЦІЛИЙ РІК,🌸 МІЖСЕЗОН,TRUE,20,4,9,0,1,1,1,"0,1","0,13","0,13",0
ADR-73,"Магія Скандинавії: Фіорди, Язик Троля, Берген, Льодовик!  ",COMPETITOR,Adriatic,Норвегія,Норвегія,екскурсійний,Тяжкий Люкс 400 +,538,7,0,4,6,0,0,0,,3,4,4,5,4,3,0,0,23,6,"СЕРПЕНЬ, ЧЕРВЕНЬ, ЛИПЕНЬ",СЕРПЕНЬ,ЦІЛИЙ РІК,☀️ ЛІТО,TRUE,8,4,6,0,1,1,1,"0,1","0,14","0,14",0
ADR-74,Давай разом в Амстердам  ,COMPETITOR,Adriatic,Нідерланди,Нідерланди,екскурсійний,Стандарт 150 - 300,309,6,1,4,4,0,0,0,,2,2,2,2,2,2,2,0,14,7,"ТРАВЕНЬ, ЧЕРВЕНЬ, ЛИПЕНЬ",ТРАВЕНЬ,ЦІЛИЙ РІК,🌸 МІЖСЕЗОН,FALSE,11,4,8,0,1,1,1,"0,1","0,17","0,17",0
ADR-75,Чорногорія - перлина Балканської Адріатики  ,COMPETITOR,Adriatic,Чорногорія,Чорногорія,морський,Люкс 300 - 400,436,12,2,0,9,0,0,0,0,0,5,7,7,4,0,0,0,23,4,"ЛИПЕНЬ, СЕРПЕНЬ, ЧЕРВЕНЬ",ЛИПЕНЬ,ЦІЛИЙ РІК,🌸 МІЖСЕЗОН,FALSE,9,3,6,0,1,1,1,"0,1","0,08","0,08",0
ADR-76,Морські історії в серці Чорногорії  ,COMPETITOR,Adriatic,Чорногорія,Чорногорія,морський,Люкс 300 - 400,430,12,2,0,9,0,0,0,0,0,5,7,7,4,0,0,0,23,4,"ЛИПЕНЬ, СЕРПЕНЬ, ЧЕРВЕНЬ",ЛИПЕНЬ,ЦІЛИЙ РІК,🌸 МІЖСЕЗОН,FALSE,9,3,6,0,1,1,1,"0,1","0,08","0,08",0
ADR-77,Вдала ідея - відпустка в Чорногорії,COMPETITOR,Adriatic,Чорногорія,Чорногорія,морський,Люкс 300 - 400,354,12,2,0,9,0,0,0,0,0,5,7,7,4,0,0,0,23,4,"ЛИПЕНЬ, СЕРПЕНЬ, ЧЕРВЕНЬ",ЛИПЕНЬ,ЦІЛИЙ РІК,🌸 МІЖСЕЗОН,FALSE,9,3,6,0,1,1,1,"0,1","0,08","0,08",0
ADR-78,Знайомство з Норвегією: 4 фіорди + Язик Троля/Берген/Льодовик!» ,COMPETITOR,Adriatic,Норвегія,"Норвегія, Данія, Швеція",екскурсійний,Люкс 300 - 400,"413,5",7,2,5,4,0,0,0,1,2,4,4,5,4,2,0,0,22,7,"СЕРПЕНЬ, ЧЕРВЕНЬ, ЛИПЕНЬ",СЕРПЕНЬ,ЦІЛИЙ РІК,☀️ ЛІТО,FALSE,8,4,6,0,1,1,1,"0,1","0,14","0,14",0
ADR-79,Казкові канікули у Парижі + Нормандія! ,COMPETITOR,Adriatic,Франція,Франція,екскурсійний,Стандарт 150 - 300,301,7,2,5,4,0,0,0,,1,2,1,,,,,,4,3,"ЧЕРВЕНЬ, ТРАВЕНЬ, ЛИПЕНЬ",ЧЕРВЕНЬ,СЕЗОННИЙ,🌸 МІЖСЕЗОН,FALSE,12,4,7,0,1,1,1,"0,1","0,14","0,14",0
ADR-80,"Лігурійське узбережжя - відпочинок в задоволення: Генуя, Флоренція, Венеція  ",COMPETITOR,Adriatic,Італія,Італія,морський,Люкс 300 - 400,355,6,0,3,5,0,0,0,0,5,4,4,5,4,5,0,0,27,6,"ТРАВЕНЬ, СЕРПЕНЬ, ЖОВТЕНЬ",ТРАВЕНЬ,ЦІЛИЙ РІК,☀️ ЛІТО,TRUE,7,2,7,0,1,1,1,"0,1","0,17","0,17",0
ADR-81,Грецькі канікули (7 ночей на морі) ,COMPETITOR,Adriatic,Греція,Греція,морський,Тяжкий Люкс 400 +,584,10,2,0,7,0,0,0,0,1,4,4,5,4,,0,0,18,5,"СЕРПЕНЬ, ЧЕРВЕНЬ, ЛИПЕНЬ",СЕРПЕНЬ,ЦІЛИЙ РІК,☀️ ЛІТО,FALSE,5,1,1,0,1,1,1,"0,1","0,10","0,10",0
ADR-82,«Італія моя любов... Венеція-Мілан-Верона»,COMPETITOR,Adriatic,Італія,Італія,екскурсійний,Стандарт 150 - 300,193,5,2,2,2,0,0,0,1,6,4,5,4,4,8,4,4,40,9,"ЖОВТЕНЬ, ТРАВЕНЬ, ЛИПЕНЬ",ЖОВТЕНЬ,ЦІЛИЙ РІК,🌸 МІЖСЕЗОН,FALSE,5,2,5,0,1,1,1,"0,1","0,20","0,20",0
ADR-83,Еліксир кохання або 3 дні в Парижі: Нормандія + Ельзас,COMPETITOR,Adriatic,Франція,Франція,екскурсійний,Люкс 300 - 400,395,7,0,6,6,0,0,0,2,5,4,4,5,4,4,5,4,37,9,"ТРАВЕНЬ, СЕРПЕНЬ, ЛИСТОПАД",ТРАВЕНЬ,ЦІЛИЙ РІК,🌸 МІЖСЕЗОН,TRUE,14,4,8,0,1,1,1,"0,1","0,14","0,14",0
ADR-84,Селфі в Парижі + Берлін та Прага!  ,COMPETITOR,Adriatic,Франція,"Франція, Німеччина, Чехія",екскурсійний,Стандарт 150 - 300,302,5,2,4,2,0,0,0,,5,4,4,5,4,4,5,3,34,8,"ТРАВЕНЬ, СЕРПЕНЬ, ЛИСТОПАД",ТРАВЕНЬ,ЦІЛИЙ РІК,🌸 МІЖСЕЗОН,FALSE,7,4,7,0,1,1,1,"0,1","0,20","0,20",0
ADR-85,Грецькі контрасти (7 ночей на морі в Калітеї)  ,COMPETITOR,Adriatic,Греція,Греція,морський,Люкс 300 - 400,"521,5",10,2,0,7,0,0,0,0,1,4,4,5,4,,0,0,18,5,"СЕРПЕНЬ, ЧЕРВЕНЬ, ЛИПЕНЬ",СЕРПЕНЬ,ЦІЛИЙ РІК,☀️ ЛІТО,FALSE,5,1,1,0,1,1,1,"0,1","0,10","0,10",0
ADR-86,Візьми мене до Греції ,COMPETITOR,Adriatic,Греція,Греція,морський,Люкс 300 - 400,442,10,2,0,7,0,0,0,0,1,4,4,5,4,,0,0,18,5,"СЕРПЕНЬ, ЧЕРВЕНЬ, ЛИПЕНЬ",СЕРПЕНЬ,ЦІЛИЙ РІК,☀️ ЛІТО,FALSE,5,1,1,0,1,1,1,"0,1","0,10","0,10",0
ADR-87,Греція - моя любов  ,COMPETITOR,Adriatic,Греція,Греція,морський,Тяжкий Люкс 400 +,444,10,2,0,7,0,0,0,0,1,4,4,5,4,,0,0,18,5,"СЕРПЕНЬ, ЧЕРВЕНЬ, ЛИПЕНЬ",СЕРПЕНЬ,ЦІЛИЙ РІК,☀️ ЛІТО,FALSE,4,1,1,0,1,1,1,"0,1","0,10","0,10",0
ADR-88,"Казковими містами: Амстердам, Брюссель, Париж ",COMPETITOR,Adriatic,Нідерланди,"Нідерланди, Франція",екскурсійний,Тяжкий Люкс 400 +,468,8,0,8,7,0,0,0,1,5,4,4,5,4,4,3,3,33,9,"ТРАВЕНЬ, СЕРПЕНЬ, ЧЕРВЕНЬ",ТРАВЕНЬ,ЦІЛИЙ РІК,🌸 МІЖСЕЗОН,TRUE,18,6,8,0,1,1,1,"0,1","0,13","0,13",0
ADR-89,Ласкаво просимо в Стокгольм ,COMPETITOR,Adriatic,Швеція,"Швеція, Латвія, Естонія",екскурсійний,Стандарт 150 - 300,338,6,0,3,5,0,0,0,,3,3,4,3,,,0,0,13,4,"ЛИПЕНЬ, ТРАВЕНЬ, ЧЕРВЕНЬ",ЛИПЕНЬ,ЦІЛИЙ РІК,🌸 МІЖСЕЗОН,TRUE,5,5,5,0,1,1,1,"0,1","0,17","0,17",0
ADR-90,Балтійський дует: Таллінн та Стокгольм  ,COMPETITOR,Adriatic,Швеція,"Швеція, Естонія",екскурсійний,Стандарт 150 - 300,274,5,2,1,2,0,0,0,,3,3,4,4,,,0,0,14,4,"ЛИПЕНЬ, СЕРПЕНЬ, ТРАВЕНЬ",ЛИПЕНЬ,ЦІЛИЙ РІК,🌸 МІЖСЕЗОН,FALSE,3,3,3,0,1,1,1,"0,1","0,20","0,20",0
ADR-91,Золоті піски Іспанії! (6 ночей на морі)  ,COMPETITOR,Adriatic,Іспанія,Іспанія,екскурсійний,Тяжкий Люкс 400 +,708,12,2,2,9,0,0,0,0,3,4,4,5,4,1,0,0,21,6,"СЕРПЕНЬ, ЧЕРВЕНЬ, ЛИПЕНЬ",СЕРПЕНЬ,ЦІЛИЙ РІК,🌸 МІЖСЕЗОН,FALSE,13,4,5,0,1,1,1,"0,1","0,08","0,08",0
ADR-92,Шарм Парижу та розкіш Нормандії!  ,COMPETITOR,Adriatic,Франція,Франція,екскурсійний,Люкс 300 - 400,335,7,0,5,6,0,0,0,,4,4,4,5,4,4,5,3,33,8,"СЕРПЕНЬ, ЛИСТОПАД, ТРАВЕНЬ",СЕРПЕНЬ,ЦІЛИЙ РІК,🌸 МІЖСЕЗОН,TRUE,12,3,7,0,1,1,1,"0,1","0,14","0,14",0
ADR-93,"Хвилями Балтійського моря: Таллінн, Гельсінкі, Стокгольм  ",COMPETITOR,Adriatic,Естонія,"Естонія, Фінляндія, Швеція",екскурсійний,Люкс 300 - 400,342,6,0,2,5,0,0,0,,3,3,4,3,,,,0,13,4,"ЛИПЕНЬ, ТРАВЕНЬ, ЧЕРВЕНЬ",ЛИПЕНЬ,ЦІЛИЙ РІК,🌸 МІЖСЕЗОН,TRUE,7,5,6,0,1,1,1,"0,1","0,17","0,17",0
ADR-94,Незабутній Амстердам  ,COMPETITOR,Adriatic,Нідерланди,Нідерланди,екскурсійний,Стандарт 150 - 300,218,5,2,2,2,0,0,0,1,2,2,3,2,2,3,0,0,15,7,"ЛИПЕНЬ, ЖОВТЕНЬ, ТРАВЕНЬ",ЛИПЕНЬ,ЦІЛИЙ РІК,🌸 МІЖСЕЗОН,FALSE,9,4,7,0,1,1,1,"0,1","0,20","0,20",0
ADR-95,Ідеальна формула Швейцарії: Пілатус + Матергорн + Сан-Бернардіно та Монблан!  ,COMPETITOR,Adriatic,Швейцарія,Швейцарія,екскурсійний,Тяжкий Люкс 400 +,"425,5",7,0,7,6,0,0,0,1,5,4,4,5,4,4,5,3,35,9,"ТРАВЕНЬ, СЕРПЕНЬ, ЛИСТОПАД",ТРАВЕНЬ,ЦІЛИЙ РІК,🌸 МІЖСЕЗОН,TRUE,13,5,7,0,1,1,1,"0,1","0,14","0,14",0
ADR-96,Прекрасні дні в Швейцарії!  ,COMPETITOR,Adriatic,Швейцарія,Швейцарія,екскурсійний,Стандарт 150 - 300,230,5,2,3,2,0,0,0,1,5,5,4,4,5,3,4,4,35,9,"ТРАВЕНЬ, ЧЕРВЕНЬ, ВЕРЕСЕНЬ",ТРАВЕНЬ,ЦІЛИЙ РІК,🌸 МІЖСЕЗОН,FALSE,7,4,7,0,1,1,1,"0,1","0,20","0,20",0
ADR-97,"Стильна Франція: Мон-Сен-Мішель, Луара та Нормандія!  ",COMPETITOR,Adriatic,Франція,Франція,екскурсійний,Тяжкий Люкс 400 +,502,8,0,9,7,0,0,0,,4,4,4,5,4,4,5,3,33,8,"СЕРПЕНЬ, ЛИСТОПАД, ТРАВЕНЬ",СЕРПЕНЬ,ЦІЛИЙ РІК,🌸 МІЖСЕЗОН,TRUE,17,5,8,0,1,1,1,"0,1","0,13","0,13",0
ADR-98,Океан почуттів - Португалія!  ,COMPETITOR,Adriatic,Португалія,Португалія,морський,Тяжкий Люкс 400 +,873,14,0,13,13,0,0,0,,2,2,2,2,2,2,0,0,12,6,"ТРАВЕНЬ, ЧЕРВЕНЬ, ЛИПЕНЬ",ТРАВЕНЬ,ЦІЛИЙ РІК,☀️ ЛІТО,TRUE,31,6,12,0,1,1,1,"0,1","0,07","0,07",0
ADR-99,"Вікенд в Хорватії - сонце, море і термали  ",COMPETITOR,Adriatic,Хорватія,Хорватія,морський,Економ 99 - 150,154,4,2,1,1,0,0,0,0,2,4,5,4,2,0,0,0,17,5,"ЛИПЕНЬ, ЧЕРВЕНЬ, СЕРПЕНЬ",ЛИПЕНЬ,ЦІЛИЙ РІК,🌸 МІЖСЕЗОН,FALSE,4,2,2,0,1,1,1,"0,1","0,25","0,25",0
ADR-100,"Адріатичні пригоди: Любляна, Загреб, Плітвіцькі озера та острів Крк  ",COMPETITOR,Adriatic,Хорватія,Хорватія,морський,Стандарт 150 - 300,274,5,0,2,4,0,0,0,0,,3,4,3,,0,0,0,10,3,"ЛИПЕНЬ, ЧЕРВЕНЬ, СЕРПЕНЬ",ЛИПЕНЬ,ЦІЛИЙ РІК,🌸 МІЖСЕЗОН,TRUE,4,3,3,0,1,1,1,"0,1","0,20","0,20",0
ADR-101,Солодкий тиждень - Франція та Швейцарія! ,COMPETITOR,Adriatic,Франція,Франція,екскурсійний,Люкс 300 - 400,419,7,0,5,6,0,0,0,,4,4,4,5,4,4,5,3,33,8,"СЕРПЕНЬ, ЛИСТОПАД, ТРАВЕНЬ",СЕРПЕНЬ,ЦІЛИЙ РІК,🌸 МІЖСЕЗОН,TRUE,13,5,8,0,1,1,1,"0,1","0,14","0,14",0
ADR-102,"Париж запалює серця… Мюнхен, Дрезден, Прага та Діснейленд  ",COMPETITOR,Adriatic,Франція,Франція,екскурсійний,Стандарт 150 - 300,272,6,2,4,3,0,0,0,,5,4,4,5,4,4,5,3,34,8,"ТРАВЕНЬ, СЕРПЕНЬ, ЛИСТОПАД",ТРАВЕНЬ,ЦІЛИЙ РІК,🌸 МІЖСЕЗОН,FALSE,12,4,7,0,1,1,1,"0,1","0,17","0,17",0
ADR-103,"Чудеса Швейцарії: Гріндельвальд, Бріенц, Цюрих, Люцерн, Верзаска та Лугано  ",COMPETITOR,Adriatic,Швейцарія,"Швейцарія, Італія",екскурсійний,Люкс 300 - 400,"342,5",6,0,5,5,0,0,0,,4,4,4,5,4,4,5,3,33,8,"СЕРПЕНЬ, ЛИСТОПАД, ТРАВЕНЬ",СЕРПЕНЬ,ЦІЛИЙ РІК,🌸 МІЖСЕЗОН,TRUE,7,4,5,0,1,1,1,"0,1","0,17","0,17",0
ADR-104,Кохання в Льорет-де-Мар (5 ночей на морі)  ,COMPETITOR,Adriatic,Іспанія,Іспанія,морський,Тяжкий Люкс 400 +,"827,5",12,0,5,11,0,0,0,0,2,4,4,5,4,1,0,0,20,6,"СЕРПЕНЬ, ЧЕРВЕНЬ, ЛИПЕНЬ",СЕРПЕНЬ,ЦІЛИЙ РІК,☀️ ЛІТО,TRUE,23,8,10,0,1,1,1,"0,1","0,08","0,08",0
ADR-105,"Південна красуня, красуня Іспанія  ",COMPETITOR,Adriatic,Іспанія,"Іспанія, Італія, Франція",морський,Тяжкий Люкс 400 +,"631,5",10,2,1,7,0,0,0,0,3,4,4,5,4,0,0,0,20,5,"СЕРПЕНЬ, ЧЕРВЕНЬ, ЛИПЕНЬ",СЕРПЕНЬ,ЦІЛИЙ РІК,🌸 МІЖСЕЗОН,FALSE,17,6,6,0,1,1,1,"0,1","0,10","0,10",0
ADR-106,Ідеальне літо в Іспанії (5 ночей на морі) ,COMPETITOR,Adriatic,Іспанія,"Іспанія, Італія, Франція",морський,Тяжкий Люкс 400 +,"670,5",11,2,1,8,0,0,0,0,3,4,4,5,4,0,0,0,20,5,"СЕРПЕНЬ, ЧЕРВЕНЬ, ЛИПЕНЬ",СЕРПЕНЬ,ЦІЛИЙ РІК,🌸 МІЖСЕЗОН,FALSE,17,6,7,0,1,1,1,"0,1","0,09","0,09",0
ADR-107,Бажання дам - Амстердам! 3 дні в Амстердамі + парк Кекенхоф,COMPETITOR,Adriatic,Нідерланди,Нідерланди,екскурсійний,Люкс 300 - 400,320,6,1,4,4,0,0,0,1,5,4,1,2,2,2,,,17,7,"ТРАВЕНЬ, ЧЕРВЕНЬ, СЕРПЕНЬ",ТРАВЕНЬ,ЦІЛИЙ РІК,🌸 МІЖСЕЗОН,FALSE,11,3,7,0,1,1,1,"0,1","0,17","0,17",0
ADR-108,Альпійські чари! Швейцарія + Італія + Австрія…  ,COMPETITOR,Adriatic,Швейцарія,"Швейцарія, Італія, Австрія",екскурсійний,Люкс 300 - 400,362,6,0,4,5,0,0,0,1,4,5,4,5,4,4,5,3,35,9,"ЧЕРВЕНЬ, СЕРПЕНЬ, ЛИСТОПАД",ЧЕРВЕНЬ,ЦІЛИЙ РІК,🌸 МІЖСЕЗОН,TRUE,10,5,9,0,1,1,1,"0,1","0,17","0,17",0
ADR-109,"Якщо на землі є рай, то це Швейцарія  ",COMPETITOR,Adriatic,Швейцарія,"Швейцарія, Німеччина, Чехія, Австрія, Польща",екскурсійний,Стандарт 150 - 300,258,5,1,4,3,0,0,0,1,4,4,5,4,5,4,4,4,35,9,"ЛИПЕНЬ, ВЕРЕСЕНЬ, ТРАВЕНЬ",ЛИПЕНЬ,ЦІЛИЙ РІК,🌸 МІЖСЕЗОН,FALSE,8,5,6,0,1,1,1,"0,1","0,20","0,20",0
ADR-110,Just Hvar. Просто Хвар» (7 ночей на морі в Хорватії)  ,COMPETITOR,Adriatic,Хорватія,Хорватія,морський,Тяжкий Люкс 400 +,"547,5",10,2,0,7,0,0,0,0,1,4,4,4,3,0,0,0,16,5,"ЧЕРВЕНЬ, ЛИПЕНЬ, СЕРПЕНЬ",ЧЕРВЕНЬ,ЦІЛИЙ РІК,🌸 МІЖСЕЗОН,FALSE,6,2,3,0,1,1,1,"0,1","0,10","0,10",0
ADR-111,Хорватія... Мить насолоди. Острів Хвар  ,COMPETITOR,Adriatic,Хорватія,Хорватія,морський,Тяжкий Люкс 400 +,"364,5",10,2,0,7,0,0,0,0,1,4,4,4,3,0,0,0,16,5,"ЧЕРВЕНЬ, ЛИПЕНЬ, СЕРПЕНЬ",ЧЕРВЕНЬ,ЦІЛИЙ РІК,🌸 МІЖСЕЗОН,FALSE,6,2,3,0,1,1,1,"0,1","0,10","0,10",0
ADR-112,"Амстердам від ""А"" до ""М"" або 4 дні в Нідерландах + парк Кекенхоф",COMPETITOR,Adriatic,Нідерланди,Нідерланди,екскурсійний,Люкс 300 - 400,385,7,1,4,5,0,0,0,,4,4,4,5,4,5,4,5,35,8,"СЕРПЕНЬ, ЖОВТЕНЬ, ГРУДЕНЬ",СЕРПЕНЬ,ЦІЛИЙ РІК,🌸 МІЖСЕЗОН,FALSE,13,4,10,0,1,1,1,"0,1","0,14","0,14",0
ADR-113,Вище хмар - Швейцарія..,COMPETITOR,Adriatic,Швейцарія,Швейцарія,екскурсійний,Тяжкий Люкс 400 +,489,8,0,5,7,0,0,0,,4,4,4,5,4,4,5,3,33,8,"СЕРПЕНЬ, ЛИСТОПАД, ТРАВЕНЬ",СЕРПЕНЬ,ЦІЛИЙ РІК,🌸 МІЖСЕЗОН,TRUE,11,6,8,0,1,1,1,"0,1","0,13","0,13",0
ADR-114,Країна гір і моря... Моя Чорногорія  ,COMPETITOR,Adriatic,Чорногорія,Чорногорія,морський,Стандарт 150 - 300,"287,5",8,2,0,5,0,0,0,0,,3,3,4,3,0,0,0,13,4,"СЕРПЕНЬ, ЧЕРВЕНЬ, ЛИПЕНЬ",СЕРПЕНЬ,ЦІЛИЙ РІК,☀️ ЛІТО,FALSE,9,3,5,0,1,1,1,"0,1","0,13","0,13",0
ADR-115,"Казкові три дні на Лазурному березі! Ніцца, Канни та Монако  ",COMPETITOR,Adriatic,Франція,Франція,морський,Люкс 300 - 400,368,7,2,4,4,0,0,0,,5,4,4,5,4,4,0,0,26,6,"ТРАВЕНЬ, СЕРПЕНЬ, ЧЕРВЕНЬ",ТРАВЕНЬ,ЦІЛИЙ РІК,☀️ ЛІТО,FALSE,12,5,6,0,1,1,1,"0,1","0,14","0,14",0
ADR-116,Канікули у Франції! Парки розваг + Нормандія!  ,COMPETITOR,Adriatic,Франція,Франція,екскурсійний,Люкс 300 - 400,400,7,0,4,6,0,0,0,,1,2,2,2,,,0,4,11,5,"ГРУДЕНЬ, ЧЕРВЕНЬ, ЛИПЕНЬ",ГРУДЕНЬ,ЦІЛИЙ РІК,🌸 МІЖСЕЗОН,TRUE,12,4,6,0,1,1,1,"0,1","0,14","0,14",0
ADR-117,"Вітаю, Montenegro!  ",COMPETITOR,Adriatic,Хорватія,"Хорватія, Чорногорія",морський,Стандарт 150 - 300,"262,5",7,2,0,4,0,0,0,0,2,4,3,4,,,0,0,13,4,"ЧЕРВЕНЬ, СЕРПЕНЬ, ЛИПЕНЬ",ЧЕРВЕНЬ,ЦІЛИЙ РІК,🌸 МІЖСЕЗОН,FALSE,6,2,3,0,1,1,1,"0,1","0,14","0,14",0
ADR-118,"Buona sera, Сицилія: Палермо, Катанія, Етна + морський круїз»  ",COMPETITOR,Adriatic,Італія,Італія,морський,Тяжкий Люкс 400 +,"756,5",11,0,6,10,0,0,0,1,2,1,1,1,1,1,0,0,8,7,"ТРАВЕНЬ, КВІТЕНЬ, ЧЕРВЕНЬ",ТРАВЕНЬ,ПІВРІЧНИЙ,🌸 МІЖСЕЗОН,TRUE,15,2,6,0,1,1,1,"0,1","0,09","0,09",0
ADR-119,"Сонячна Апулія: Барі, Матера та Альберобелло  ",COMPETITOR,Adriatic,Італія,Італія,морський,Тяжкий Люкс 400 +,553,10,0,7,9,0,0,0,,2,1,1,1,1,1,0,0,7,6,"ТРАВЕНЬ, ЧЕРВЕНЬ, ЛИПЕНЬ",ТРАВЕНЬ,ПІВРІЧНИЙ,🌸 МІЖСЕЗОН,TRUE,19,4,11,0,1,1,1,"0,1","0,10","0,10",0
ADR-120,Мелодії Адріатичного моря  ,COMPETITOR,Adriatic,Італія,Італія,морський,Люкс 300 - 400,"445,5",8,0,0,7,0,0,0,0,2,2,6,3,2,0,0,0,15,5,"ЛИПЕНЬ, СЕРПЕНЬ, ТРАВЕНЬ",ЛИПЕНЬ,ЦІЛИЙ РІК,🌸 МІЖСЕЗОН,TRUE,9,2,7,0,1,1,1,"0,1","0,13","0,13",0
ADR-121,Італія - морська спокуса: 5 ночей на морі в Ріміні  ,COMPETITOR,Adriatic,Італія,Італія,морський,Стандарт 150 - 300,"361,5",8,2,0,5,0,0,0,0,0,3,4,3,1,0,0,0,11,4,"ЛИПЕНЬ, ЧЕРВЕНЬ, СЕРПЕНЬ",ЛИПЕНЬ,ЦІЛИЙ РІК,🌸 МІЖСЕЗОН,FALSE,10,2,8,0,1,1,1,"0,1","0,13","0,13",0
ADR-122,"Під одним небом, Рим та Париж! ",COMPETITOR,Adriatic,Франція,"Франція, Італія",екскурсійний,Тяжкий Люкс 400 +,401,8,2,5,5,0,0,0,,5,4,4,5,4,5,4,3,34,8,"ТРАВЕНЬ, СЕРПЕНЬ, ЖОВТЕНЬ",ТРАВЕНЬ,ЦІЛИЙ РІК,🌸 МІЖСЕЗОН,FALSE,17,6,10,0,1,1,1,"0,1","0,13","0,13",0
ADR-123,Тур від кутюр: Париж та Мілан!  ,COMPETITOR,Adriatic,Франція,"Франція, Італія",екскурсійний,Тяжкий Люкс 400 +,468,8,0,5,7,0,0,0,,5,4,4,5,4,4,5,3,34,8,"ТРАВЕНЬ, СЕРПЕНЬ, ЛИСТОПАД",ТРАВЕНЬ,ЦІЛИЙ РІК,🌸 МІЖСЕЗОН,TRUE,15,6,10,0,1,1,1,"0,1","0,13","0,13",0
ADR-124,На хвилинку в Амстердам + парк Кекенхоф  ,COMPETITOR,Adriatic,Нідерланди,Нідерланди,екскурсійний,Стандарт 150 - 300,303,5,0,2,4,0,0,0,,4,5,2,2,2,3,0,0,18,6,"ЧЕРВЕНЬ, ТРАВЕНЬ, ЖОВТЕНЬ",ЧЕРВЕНЬ,ЦІЛИЙ РІК,🌸 МІЖСЕЗОН,TRUE,8,3,5,0,1,1,1,"0,1","0,20","0,20",0
ADR-125,Яскраві барви Адріатики: 6 ночей на морі в Ріміні  ,COMPETITOR,Adriatic,Італія,Італія,морський,Люкс 300 - 400,389,9,2,0,6,0,0,0,0,0,5,4,4,2,0,0,0,15,4,"ЧЕРВЕНЬ, ЛИПЕНЬ, СЕРПЕНЬ",ЧЕРВЕНЬ,ЦІЛИЙ РІК,🌸 МІЖСЕЗОН,FALSE,6,1,4,0,1,1,1,"0,1","0,11","0,11",0
ADR-126,"Дивовижні канікули в Нідерландах + 4 парки: ""Fantasialand"", ""Efteling"", ""Keukenhof"" та ""Madurodam""  ",COMPETITOR,Adriatic,Нідерланди,Нідерланди,екскурсійний,Люкс 300 - 400,479,7,0,4,6,0,0,0,1,,0,0,0,0,0,0,0,1,1,КВІТЕНЬ,КВІТЕНЬ,РІДКІСНИЙ,🌸 МІЖСЕЗОН,TRUE,11,5,8,0,1,1,1,"0,1","0,14","0,14",0
ADR-127,Красуня Албанія  ,COMPETITOR,Adriatic,Албанія,Албанія,морський,Тяжкий Люкс 400 +,587,12,2,0,9,0,0,0,0,1,4,4,4,2,0,0,0,15,5,"ЧЕРВЕНЬ, ЛИПЕНЬ, СЕРПЕНЬ",ЧЕРВЕНЬ,ЦІЛИЙ РІК,🌸 МІЖСЕЗОН,FALSE,5,1,1,0,1,1,1,"0,1","0,08","0,08",0
ADR-128,Дорогами казкової Німеччини: Мюнхен + замок Нойшванштайн  ,COMPETITOR,Adriatic,Німеччина,Німеччина,екскурсійний,Стандарт 150 - 300,279,5,0,2,4,0,0,0,,5,4,5,4,4,6,4,4,36,8,"ЖОВТЕНЬ, ТРАВЕНЬ, ЛИПЕНЬ",ЖОВТЕНЬ,ЦІЛИЙ РІК,🌸 МІЖСЕЗОН,TRUE,7,5,6,0,1,1,1,"0,1","0,20","0,20",0
ADR-129,Європейський випускний: Краків - Прага - Відень - Будапешт,COMPETITOR,Adriatic,Австрія,"Австрія, Польща, Чехія, Угорщина",екскурсійний,Стандарт 150 - 300,185,4,0,1,3,0,0,0,,,3,,,,,,,3,1,ЧЕРВЕНЬ,ЧЕРВЕНЬ,СЕЗОННИЙ,🌸 МІЖСЕЗОН,TRUE,6,4,5,0,1,1,1,"0,1","0,25","0,25",0
ADR-130,Дитячі пригоди в Італії + парки розваг Гардаленд та Леоландія  ,COMPETITOR,Adriatic,Італія,Італія,екскурсійний,Стандарт 150 - 300,225,5,2,3,2,0,0,0,0,2,4,5,4,0,0,0,0,15,4,"ЛИПЕНЬ, ЧЕРВЕНЬ, СЕРПЕНЬ",ЛИПЕНЬ,ЦІЛИЙ РІК,🌸 МІЖСЕЗОН,FALSE,4,2,4,0,1,1,1,"0,1","0,20","0,20",0
ADR-131,Наша Хорватська відпустка  ,COMPETITOR,Adriatic,Хорватія,Хорватія,морський,Тяжкий Люкс 400 +,"681,5",10,2,0,7,0,0,0,0,0,2,1,,,,0,0,3,2,"ЧЕРВЕНЬ, ЛИПЕНЬ",ЧЕРВЕНЬ,СЕЗОННИЙ,🌸 МІЖСЕЗОН,FALSE,7,2,3,0,1,1,1,"0,1","0,10","0,10",0
ADR-132,Італія серце Адріатики: 5 ночей на морі в Лідо ді Єзоло  ,COMPETITOR,Adriatic,Італія,Італія,морський,Тяжкий Люкс 400 +,454,9,0,0,8,0,0,0,,,5,4,4,2,,,,15,4,"ЧЕРВЕНЬ, ЛИПЕНЬ, СЕРПЕНЬ",ЧЕРВЕНЬ,ЦІЛИЙ РІК,🌸 МІЖСЕЗОН,TRUE,8,2,5,0,1,1,1,"0,1","0,11","0,11",0
ADR-133,"Марципанові канікули в Угорщині: Будапешт, Сентендре + аквапарк Aquasziget, зоопарк Шошто  ",COMPETITOR,Adriatic,Угорщина,Угорщина,екскурсійний,Економ 99 - 150,172,3,0,1,2,0,0,0,0,0,4,5,3,0,0,0,0,12,3,"ЛИПЕНЬ, ЧЕРВЕНЬ, СЕРПЕНЬ",ЛИПЕНЬ,ЦІЛИЙ РІК,🌸 МІЖСЕЗОН,TRUE,4,1,2,0,1,1,1,"0,1","0,33","0,33",0
ADR-134,Барселона - серце Каталонії  ,COMPETITOR,Adriatic,Іспанія,"Іспанія, Франція, Італія",екскурсійний,Люкс 300 - 400,415,8,2,4,5,0,0,0,0,5,4,4,5,4,5,2,1,30,8,"ТРАВЕНЬ, СЕРПЕНЬ, ЖОВТЕНЬ",ТРАВЕНЬ,ЦІЛИЙ РІК,🌸 МІЖСЕЗОН,FALSE,12,5,7,0,1,1,1,"0,1","0,13","0,13",0
ADR-135,Літня відпустка в Албанії  ,COMPETITOR,Adriatic,Албанія,"Албанія, Греція",морський,Тяжкий Люкс 400 +,"609,5",12,2,0,9,0,0,0,0,2,4,4,5,3,0,0,0,18,5,"СЕРПЕНЬ, ЧЕРВЕНЬ, ЛИПЕНЬ",СЕРПЕНЬ,ЦІЛИЙ РІК,🌸 МІЖСЕЗОН,FALSE,8,1,1,0,1,1,1,"0,1","0,08","0,08",0
ADR-136,"Рандеву в Парижі + Ельзас = 5 днів у Франції (Нормандія, Замки Луари, Мон-Сен-Мішель + 2 парки розваг) ",COMPETITOR,Adriatic,Франція,Франція,екскурсійний,Тяжкий Люкс 400 +,457,8,0,6,7,0,0,0,2,5,4,4,5,4,4,5,3,36,9,"ТРАВЕНЬ, СЕРПЕНЬ, ЛИСТОПАД",ТРАВЕНЬ,ЦІЛИЙ РІК,🌸 МІЖСЕЗОН,TRUE,17,4,9,0,1,1,1,"0,1","0,13","0,13",0
DAV-1,Празький вікенд з Києва,COMPETITOR,DavClub,Чехія,"Чехія, Німеччина",екскурсійний,Стандарт 150 - 300,199,5,2,0,2,0,0,0,0,1,1,1,1,1,1,0,0,6,6,"ТРАВЕНЬ, ЧЕРВЕНЬ, ЛИПЕНЬ",ТРАВЕНЬ,ПІВРІЧНИЙ,☀️ ЛІТО,FALSE,5,3,3,0,1,1,1,"0,1","0,20","0,20",0
DAV-2,Європейський вікенд,COMPETITOR,DavClub,Чехія,"Чехія, Німеччина",екскурсійний,Стандарт 150 - 300,229,6,2,1,3,0,0,0,0,1,1,1,1,1,1,0,0,6,6,"ТРАВЕНЬ, ЧЕРВЕНЬ, ЛИПЕНЬ",ТРАВЕНЬ,ПІВРІЧНИЙ,☀️ ЛІТО,FALSE,5,2,2,0,1,1,1,"0,1","0,17","0,17",0
DAV-3,Грецькі Канікули (Олімпійська Рив'єра) 2025,COMPETITOR,DavClub,Греція,Греція,морський,Люкс 300 - 400,342,9,2,0,6,0,0,0,0,1,3,0,1,4,4,0,0,13,5,"ВЕРЕСЕНЬ, ЖОВТЕНЬ, ЧЕРВЕНЬ",ВЕРЕСЕНЬ,ЦІЛИЙ РІК,☀️ ЛІТО,FALSE,7,2,2,2,1,1,1,"0,1","0,11","0,11","0,2857142857"
DAV-4,Bella Італія - відпочинок на морі,COMPETITOR,DavClub,Італія,Італія,морський,Люкс 300 - 400,595,9,2,0,6,0,0,0,0,0,1,1,1,1,0,0,0,4,4,"ЧЕРВЕНЬ, ЛИПЕНЬ, СЕРПЕНЬ",ЧЕРВЕНЬ,СЕЗОННИЙ,☀️ ЛІТО,FALSE,9,2,4,0,1,1,1,"0,1","0,11","0,11",0
DAV-5,Грецькі Канікули (Олімпійська Рив'єра) 2025,COMPETITOR,DavClub,Греція,Греція,морський,Люкс 300 - 400,394,10,2,0,7,0,0,0,0,1,3,0,1,4,4,0,0,13,5,"ВЕРЕСЕНЬ, ЖОВТЕНЬ, ЧЕРВЕНЬ",ВЕРЕСЕНЬ,ЦІЛИЙ РІК,☀️ ЛІТО,FALSE,7,2,2,2,1,1,1,"0,1","0,10","0,10","0,2857142857"
DAV-6,Молодіжний центр Orfeas Olympic Camp у Греції 2025,COMPETITOR,DavClub,Греція,Греція,морський,Тяжкий Люкс 400 +,700,12,2,0,9,0,0,0,0,0,4,3,6,4,0,0,0,17,4,"СЕРПЕНЬ, ЧЕРВЕНЬ, ВЕРЕСЕНЬ",СЕРПЕНЬ,ЦІЛИЙ РІК,☀️ ЛІТО,FALSE,11,2,3,0,1,1,1,"0,1","0,08","0,08",0
DAV-7,Чарівна Італія з Одеси,COMPETITOR,DavClub,Італія,Італія,екскурсійний,Тяжкий Люкс 400 +,"477,5",8,2,2,5,0,0,0,0,0,0,0,0,0,1,0,0,1,1,ЖОВТЕНЬ,ЖОВТЕНЬ,РІДКІСНИЙ,☀️ ЛІТО,FALSE,10,4,5,0,1,1,1,"0,1","0,13","0,13",0
DAV-8,Альпійський вікенд,COMPETITOR,DavClub,Австрія,"Австрія, Німеччина",екскурсійний,Стандарт 150 - 300,289,6,2,1,3,0,0,0,0,1,1,1,1,1,1,0,0,6,6,"ТРАВЕНЬ, ЧЕРВЕНЬ, ЛИПЕНЬ",ТРАВЕНЬ,ПІВРІЧНИЙ,☀️ ЛІТО,FALSE,7,4,5,0,1,1,1,"0,1","0,17","0,17",0
DAV-9,Казкова Угорщина + Відень,COMPETITOR,DavClub,Італія,Італія,екскурсійний,Стандарт 150 - 300,219,4,0,0,3,0,0,0,0,1,1,1,1,1,1,0,0,6,6,"ТРАВЕНЬ, ЧЕРВЕНЬ, ЛИПЕНЬ",ТРАВЕНЬ,ПІВРІЧНИЙ,☀️ ЛІТО,TRUE,3,2,2,0,1,1,1,"0,1","0,25","0,25",0
DAV-10,"Мріючи про нього: Амстердам, Брюссель, Париж, Люксембург, Прага і Берлін!",COMPETITOR,DavClub,Франція,Франція,екскурсійний,Люкс 300 - 400,452,8,0,8,7,0,0,0,7,12,15,10,12,15,12,12,11,106,9,"ЧЕРВЕНЬ, ВЕРЕСЕНЬ, ТРАВЕНЬ",ЧЕРВЕНЬ,ЦІЛИЙ РІК,🌸 МІЖСЕЗОН,TRUE,10,7,6,0,1,1,1,"0,1","0,13","0,13",0
DAV-11,Казкова Угорщина + Відень,COMPETITOR,DavClub,Угорщина,"Угорщина, Австрія",екскурсійний,Стандарт 150 - 300,219,4,0,0,3,0,0,0,,1,1,1,1,1,1,,,6,6,"ТРАВЕНЬ, ЧЕРВЕНЬ, ЛИПЕНЬ",ТРАВЕНЬ,ПІВРІЧНИЙ,☀️ ЛІТО,TRUE,0,,,,1,1,1,"0,1","0,25","0,25",0
ITR-1,Неповторна Баварія + Прага та Відень,COMPETITOR,ITravel,Австрія,"Австрія, Німеччина, Польща, Чехія",екскурсійний,Стандарт 150 - 300,169,5,2,3,2,0,0,0,2,5,4,5,4,4,6,4,8,42,9,"ГРУДЕНЬ, ЖОВТЕНЬ, ТРАВЕНЬ",ГРУДЕНЬ,ЦІЛИЙ РІК,🌸 МІЖСЕЗОН,FALSE,5,4,4,0,1,1,1,"0,1","0,20","0,20",0
ITR-2,"VIVA Італія! Венеція, Мілан, озера Гарда та Комо",COMPETITOR,ITravel,Італія,"Італія, Угорщина",екскурсійний,Стандарт 150 - 300,189,5,2,3,2,0,0,0,1,5,3,4,5,4,6,4,3,35,9,"ЖОВТЕНЬ, ТРАВЕНЬ, СЕРПЕНЬ",ЖОВТЕНЬ,ЦІЛИЙ РІК,🌸 МІЖСЕЗОН,FALSE,5,2,4,0,1,1,1,"0,1","0,20","0,20",0
ITR-3,Баварська мрія,COMPETITOR,ITravel,Австрія,"Австрія, Німеччина, Польща",екскурсійний,Стандарт 150 - 300,269,6,1,3,4,0,0,0,2,5,4,4,5,4,4,5,4,37,9,"ТРАВЕНЬ, СЕРПЕНЬ, ЛИСТОПАД",ТРАВЕНЬ,ЦІЛИЙ РІК,🌸 МІЖСЕЗОН,FALSE,6,3,4,0,1,1,1,"0,1","0,17","0,17",0
ITR-4,Париж та голуби: 3 дні в Парижі (без нічних переїздів),COMPETITOR,ITravel,Франція,Франція,екскурсійний,Люкс 300 - 400,389,7,0,5,6,0,0,0,1,2,2,2,3,2,2,2,3,19,9,"СЕРПЕНЬ, ГРУДЕНЬ, ТРАВЕНЬ",СЕРПЕНЬ,ЦІЛИЙ РІК,🌸 МІЖСЕЗОН,TRUE,11,4,6,0,1,1,1,"0,1","0,14","0,14",0
ITR-5,"Три бажання: Краків, Прага та Відень",COMPETITOR,ITravel,Австрія,"Австрія, Польща, Чехія",екскурсійний,Економ 99 - 150,120,4,1,1,2,0,0,0,2,6,4,5,3,4,6,4,9,43,9,"ГРУДЕНЬ, ТРАВЕНЬ, ЖОВТЕНЬ",ГРУДЕНЬ,ЦІЛИЙ РІК,🌸 МІЖСЕЗОН,FALSE,3,3,3,0,1,1,1,"0,1","0,25","0,25",0
ITR-6,Амстердамський експрес,COMPETITOR,ITravel,Німеччина,"Німеччина, Нідерланди, Польща, Чехія",екскурсійний,Стандарт 150 - 300,239,6,2,3,3,0,0,0,2,5,4,4,5,4,5,5,8,42,9,"ГРУДЕНЬ, ТРАВЕНЬ, СЕРПЕНЬ",ГРУДЕНЬ,ЦІЛИЙ РІК,🌸 МІЖСЕЗОН,FALSE,5,4,5,0,1,1,1,"0,1","0,17","0,17",0
ITR-7,Круасани і тюльпани: Амстердам + Париж,COMPETITOR,ITravel,Бельгія,"Бельгія, Німеччина, Нідерланди, Польща, Франція, Чехія",екскурсійний,Люкс 300 - 400,369,8,2,4,5,0,0,0,1,2,2,2,3,2,2,2,3,19,9,"СЕРПЕНЬ, ГРУДЕНЬ, ТРАВЕНЬ",СЕРПЕНЬ,ЦІЛИЙ РІК,🌸 МІЖСЕЗОН,FALSE,7,6,6,0,1,1,1,"0,1","0,13","0,13",0
ITR-8,Голландський калейдоскоп,COMPETITOR,ITravel,Німеччина,"Німеччина, Нідерланди, Польща, Чехія",екскурсійний,Стандарт 150 - 300,329,7,2,3,4,0,0,0,2,5,4,4,5,4,4,4,4,36,9,"ТРАВЕНЬ, СЕРПЕНЬ, ЧЕРВЕНЬ",ТРАВЕНЬ,ЦІЛИЙ РІК,🌸 МІЖСЕЗОН,FALSE,11,4,9,0,1,1,1,"0,1","0,14","0,14",0
ITR-9,"Столичні пригоди: Будапешт, Відень, Прага + Краків!",COMPETITOR,ITravel,Австрія,"Австрія, Угорщина, Чехія",екскурсійний,Стандарт 150 - 300,179,4,0,1,3,0,0,0,2,4,6,5,5,5,5,4,5,41,9,"ЧЕРВЕНЬ, ЛИПЕНЬ, СЕРПЕНЬ",ЧЕРВЕНЬ,ЦІЛИЙ РІК,🌸 МІЖСЕЗОН,TRUE,4,4,4,0,1,1,1,"0,1","0,25","0,25",0
ITR-10,Словацька мелодія з Віденським шармом!,COMPETITOR,ITravel,Австрія,"Австрія, Угорщина, Словаччина",екскурсійний,Стандарт 150 - 300,239,5,0,2,4,0,0,0,2,5,4,5,4,7,4,4,6,41,9,"ВЕРЕСЕНЬ, ГРУДЕНЬ, ТРАВЕНЬ",ВЕРЕСЕНЬ,ЦІЛИЙ РІК,🌸 МІЖСЕЗОН,TRUE,5,2,2,0,1,1,1,"0,1","0,20","0,20",0
ITR-11,Кураж столицями,COMPETITOR,ITravel,Австрія,"Австрія, Угорщина, Польща, Чехія",екскурсійний,Стандарт 150 - 300,159,4,1,1,2,0,0,0,1,5,6,5,6,5,7,5,6,46,9,"ЖОВТЕНЬ, ЧЕРВЕНЬ, СЕРПЕНЬ",ЖОВТЕНЬ,ЦІЛИЙ РІК,🌸 МІЖСЕЗОН,FALSE,6,4,4,0,1,1,1,"0,1","0,25","0,25",0
ITR-12,Угорський танок: Будапешт і Відень,COMPETITOR,ITravel,Австрія,"Австрія, Угорщина",екскурсійний,Економ 99 - 150,139,4,0,0,3,0,0,0,2,5,5,5,4,4,5,4,5,39,9,"ТРАВЕНЬ, ЧЕРВЕНЬ, ЛИПЕНЬ",ТРАВЕНЬ,ЦІЛИЙ РІК,🌸 МІЖСЕЗОН,TRUE,6,2,4,0,1,1,1,"0,1","0,25","0,25",0
ITR-13,"Європейська розкіш – Ніцца, Монако, Портофіно…",COMPETITOR,ITravel,Італія,"Італія, Угорщина, Франція, Монако",екскурсійний,Стандарт 150 - 300,219,6,2,4,3,0,0,0,1,5,4,4,4,4,4,5,,31,8,"ТРАВЕНЬ, ЛИСТОПАД, ЧЕРВЕНЬ",ТРАВЕНЬ,ЦІЛИЙ РІК,🌸 МІЖСЕЗОН,FALSE,7,4,5,0,1,1,1,"0,1","0,17","0,17",0
ITR-14,Лазурний МЕГАтур,COMPETITOR,ITravel,Італія,"Італія, Угорщина, Словенія, Франція, Монако",екскурсійний,Люкс 300 - 400,399,8,1,5,6,0,0,0,1,5,4,4,5,5,5,,,29,7,"ТРАВЕНЬ, СЕРПЕНЬ, ВЕРЕСЕНЬ",ТРАВЕНЬ,ЦІЛИЙ РІК,☀️ ЛІТО,FALSE,9,5,7,0,1,1,1,"0,1","0,13","0,13",0
ITR-15,Лазурний шик: 2 дні на Рив'єрі,COMPETITOR,ITravel,Італія,"Італія, Угорщина, Франція, Монако",екскурсійний,Стандарт 150 - 300,329,7,2,4,4,0,0,0,1,5,4,4,5,4,4,,,27,7,"ТРАВЕНЬ, СЕРПЕНЬ, ЧЕРВЕНЬ",ТРАВЕНЬ,ЦІЛИЙ РІК,🌸 МІЖСЕЗОН,FALSE,9,4,7,0,1,1,1,"0,1","0,14","0,14",0
ITR-16,Джульєтта і гондоли,COMPETITOR,ITravel,Італія,"Італія, Угорщина",екскурсійний,Економ 99 - 150,139,4,2,0,1,0,0,0,1,3,2,2,2,2,4,2,2,20,9,"ЖОВТЕНЬ, ТРАВЕНЬ, ЧЕРВЕНЬ",ЖОВТЕНЬ,ЦІЛИЙ РІК,🌸 МІЖСЕЗОН,FALSE,3,2,3,0,1,1,1,"0,1","0,25","0,25",0
ITR-17,"Спокусливе тріо: Венеція, Ніцца, Барселона",COMPETITOR,ITravel,Іспанія,"Іспанія, Угорщина, Італія, Словенія, Франція, Монако",екскурсійний,Люкс 300 - 400,469,9,2,6,6,0,0,0,,3,2,2,2,2,2,,,13,6,"ТРАВЕНЬ, ЧЕРВЕНЬ, ЛИПЕНЬ",ТРАВЕНЬ,ЦІЛИЙ РІК,🌸 МІЖСЕЗОН,FALSE,9,6,7,0,1,1,1,"0,1","0,11","0,11",0
ITR-18,"Тисячі лайків: Венеція, Рим, Флоренцію, Піза",COMPETITOR,ITravel,Італія,"Італія, Угорщина",екскурсійний,Стандарт 150 - 300,239,5,2,3,2,0,0,0,1,6,5,4,5,4,6,4,4,39,9,"ТРАВЕНЬ, ЖОВТЕНЬ, ЧЕРВЕНЬ",ТРАВЕНЬ,ЦІЛИЙ РІК,🌸 МІЖСЕЗОН,FALSE,6,3,3,0,1,1,1,"0,1","0,20","0,20",0
ITR-19,Італійська симфонія: Венеція + Доломітові Альпи,COMPETITOR,ITravel,Австрія,"Австрія, Угорщина, Італія, Польща",екскурсійний,Стандарт 150 - 300,214,6,2,4,3,0,0,0,1,5,4,4,5,4,4,5,5,37,9,"ТРАВЕНЬ, СЕРПЕНЬ, ЛИСТОПАД",ТРАВЕНЬ,ЦІЛИЙ РІК,🌸 МІЖСЕЗОН,FALSE,7,4,4,0,1,1,1,"0,1","0,17","0,17",0
ITR-20,Доломітові Альпи - мандрівка серед величі вершин,COMPETITOR,ITravel,Австрія,"Австрія, Угорщина, Італія, Словенія",екскурсійний,Люкс 300 - 400,349,7,0,4,6,0,0,0,1,5,4,4,5,4,5,4,4,36,9,"ТРАВЕНЬ, СЕРПЕНЬ, ЖОВТЕНЬ",ТРАВЕНЬ,ЦІЛИЙ РІК,🌸 МІЖСЕЗОН,TRUE,6,3,4,0,1,1,1,"0,1","0,14","0,14",0
ITR-21,Альпійський експрес: Швейцарія + Австрія,COMPETITOR,ITravel,Австрія,"Австрія, Угорщина, Німеччина, Швейцарія",екскурсійний,Стандарт 150 - 300,319,6,0,4,5,0,0,0,1,5,4,4,5,4,4,5,4,36,9,"ТРАВЕНЬ, СЕРПЕНЬ, ЛИСТОПАД",ТРАВЕНЬ,ЦІЛИЙ РІК,🌸 МІЖСЕЗОН,TRUE,9,4,8,0,1,1,1,"0,1","0,17","0,17",0
ITR-22,"Тур-де-Круасан: Париж (4 дні), Нормандія, замки Луари",COMPETITOR,ITravel,Австрія,"Австрія, Німеччина, Польща, Франція",екскурсійний,Люкс 300 - 400,359,8,2,4,5,0,0,0,1,3,2,2,2,2,3,2,3,20,9,"ТРАВЕНЬ, ЖОВТЕНЬ, ГРУДЕНЬ",ТРАВЕНЬ,ЦІЛИЙ РІК,🌸 МІЖСЕЗОН,FALSE,11,4,7,0,1,1,1,"0,1","0,13","0,13",0
ITR-23,"Їж.Люби.Подорожуй: Венеція, Рим 2 ночі, Флоренцію, Піза",COMPETITOR,ITravel,Італія,"Італія, Угорщина, Словенія",екскурсійний,Люкс 300 - 400,343,7,1,3,5,0,0,0,,2,2,2,2,2,3,2,3,18,8,"ЖОВТЕНЬ, ГРУДЕНЬ, ТРАВЕНЬ",ЖОВТЕНЬ,ЦІЛИЙ РІК,🌸 МІЖСЕЗОН,FALSE,8,4,5,0,1,1,1,"0,1","0,14","0,14",0
ITR-24,Альпійська красуня – Швейцарія,COMPETITOR,ITravel,Австрія,"Австрія, Угорщина, Німеччина, Швейцарія",екскурсійний,Стандарт 150 - 300,279,6,1,2,4,0,0,0,1,5,4,4,5,4,4,5,4,36,9,"ТРАВЕНЬ, СЕРПЕНЬ, ЛИСТОПАД",ТРАВЕНЬ,ЦІЛИЙ РІК,🌸 МІЖСЕЗОН,FALSE,10,3,5,0,1,1,1,"0,1","0,17","0,17",0
ITR-25,"Романтичний мікс: Кельн, Люксембург, Страсбург",COMPETITOR,ITravel,Німеччина,"Німеччина, Польща, Франція, Чехія, Люксембург",екскурсійний,Стандарт 150 - 300,299,7,2,5,4,0,0,0,1,3,2,2,2,2,3,2,2,19,9,"ТРАВЕНЬ, ЖОВТЕНЬ, ЧЕРВЕНЬ",ТРАВЕНЬ,ЦІЛИЙ РІК,🌸 МІЖСЕЗОН,FALSE,10,5,7,0,1,1,1,"0,1","0,14","0,14",0
ITR-26,"VIVA Італія! Венеція, Мілан, озера Гарда та Комо",COMPETITOR,ITravel,Італія,Італія,екскурсійний,Стандарт 150 - 300,189,5,2,3,2,0,0,0,1,5,3,5,4,4,6,4,4,36,9,"ЖОВТЕНЬ, ТРАВЕНЬ, ЛИПЕНЬ",ЖОВТЕНЬ,ЦІЛИЙ РІК,🌸 МІЖСЕЗОН,FALSE,5,1,3,2,1,1,1,"0,1","0,20","0,20","0,4"
ITR-27,Benelux - таємниці трьох країн,COMPETITOR,ITravel,Бельгія,"Бельгія, Німеччина, Нідерланди, Польща, Люксембург",екскурсійний,Стандарт 150 - 300,329,6,0,4,5,0,0,0,1,2,2,2,3,2,2,2,3,19,9,"СЕРПЕНЬ, ГРУДЕНЬ, ТРАВЕНЬ",СЕРПЕНЬ,ЦІЛИЙ РІК,🌸 МІЖСЕЗОН,TRUE,9,5,7,0,1,1,1,"0,1","0,17","0,17",0
ITR-28,Європейська відпустка у Europa Park,COMPETITOR,ITravel,Австрія,"Австрія, Німеччина, Польща, Чехія",екскурсійний,Люкс 300 - 400,339,7,0,5,6,0,0,0,1,3,2,2,2,2,3,2,2,19,9,"ТРАВЕНЬ, ЖОВТЕНЬ, ЧЕРВЕНЬ",ТРАВЕНЬ,ЦІЛИЙ РІК,🌸 МІЖСЕЗОН,TRUE,7,4,6,0,1,1,1,"0,1","0,14","0,14",0
ITR-29,Берлінський експресс,COMPETITOR,ITravel,Німеччина,Німеччина,екскурсійний,Економ 99 - 150,119,4,2,1,1,0,0,0,1,5,4,5,4,4,5,4,5,37,9,"ТРАВЕНЬ, ЛИПЕНЬ, ЖОВТЕНЬ",ТРАВЕНЬ,ЦІЛИЙ РІК,🌸 МІЖСЕЗОН,FALSE,5,2,3,0,1,1,1,"0,1","0,25","0,25",0
ITR-30,Лазурний шик: 2 дні на Рив’єрі,COMPETITOR,ITravel,Італія,"Італія, Франція",екскурсійний,Люкс 300 - 400,329,7,2,4,4,0,0,0,1,5,4,5,5,4,4,,,28,7,"ТРАВЕНЬ, ЛИПЕНЬ, СЕРПЕНЬ",ТРАВЕНЬ,ЦІЛИЙ РІК,🌸 МІЖСЕЗОН,FALSE,12,4,7,1,1,1,1,"0,1","0,14","0,14","0,08333333333"
ITR-31,"Кава та круасан: Відень, Париж, Зальцбург",COMPETITOR,ITravel,Франція,"Франція, Австрія",екскурсійний,Стандарт 150 - 300,249,6,2,3,3,0,0,0,1,5,4,4,5,4,4,5,5,37,9,"ТРАВЕНЬ, СЕРПЕНЬ, ЛИСТОПАД",ТРАВЕНЬ,ЦІЛИЙ РІК,🌸 МІЖСЕЗОН,FALSE,8,3,7,0,1,1,1,"0,1","0,17","0,17",0
ITR-32,"Європейські канікули – Прага, Париж, Берлін",COMPETITOR,ITravel,Франція,Франція,екскурсійний,Стандарт 150 - 300,219,6,2,4,3,0,0,0,1,5,4,4,5,4,5,5,7,40,9,"ГРУДЕНЬ, ТРАВЕНЬ, СЕРПЕНЬ",ГРУДЕНЬ,ЦІЛИЙ РІК,🌸 МІЖСЕЗОН,FALSE,7,4,6,0,1,1,1,"0,1","0,17","0,17",0
ITR-33,Італійська симфонія: Венеція + Доломітові Альпи,COMPETITOR,ITravel,Італія,Італія,екскурсійний,Стандарт 150 - 300,214,6,2,4,3,0,0,0,1,5,4,4,5,4,4,5,5,37,9,"ТРАВЕНЬ, СЕРПЕНЬ, ЛИСТОПАД",ТРАВЕНЬ,ЦІЛИЙ РІК,🌸 МІЖСЕЗОН,FALSE,6,4,4,0,1,1,1,"0,1","0,17","0,17",0
ITR-34,Канікули у Данії: Legoland,COMPETITOR,ITravel,Німеччина,"Німеччина, Данія, Польща",екскурсійний,Стандарт 150 - 300,269,6,1,3,4,0,0,0,1,2,2,2,3,2,2,0,0,14,7,"СЕРПЕНЬ, ТРАВЕНЬ, ЧЕРВЕНЬ",СЕРПЕНЬ,ЦІЛИЙ РІК,☀️ ЛІТО,FALSE,7,3,6,0,1,1,1,"0,1","0,17","0,17",0
ITR-35,Паризька мрія – 3 дні в Парижі!,COMPETITOR,ITravel,Франція,Франція,екскурсійний,Стандарт 150 - 300,269,7,2,3,4,0,0,0,1,5,4,4,5,4,5,4,5,37,9,"ТРАВЕНЬ, СЕРПЕНЬ, ЖОВТЕНЬ",ТРАВЕНЬ,ЦІЛИЙ РІК,🌸 МІЖСЕЗОН,FALSE,5,4,5,0,1,1,1,"0,1","0,14","0,14",0
ITR-36,"Смак Франції: Париж, Нормандія, Ельзас",COMPETITOR,ITravel,Франція,Франція,екскурсійний,Люкс 300 - 400,319,7,2,5,4,0,0,0,1,3,2,2,2,2,4,2,2,20,9,"ЖОВТЕНЬ, ТРАВЕНЬ, ЧЕРВЕНЬ",ЖОВТЕНЬ,ЦІЛИЙ РІК,🌸 МІЖСЕЗОН,FALSE,9,4,7,0,1,1,1,"0,1","0,14","0,14",0
ITR-37,МЕГАтур до Чорногорії,COMPETITOR,ITravel,Болгарія,"Болгарія, Чорногорія, Північна Македонія, Албанія",екскурсійний,Люкс 300 - 400,429,10,2,2,7,0,0,0,,2,5,4,4,4,0,0,0,19,5,"ЧЕРВЕНЬ, ЛИПЕНЬ, СЕРПЕНЬ",ЧЕРВЕНЬ,ЦІЛИЙ РІК,🌸 МІЖСЕЗОН,FALSE,11,3,4,0,1,1,1,"0,1","0,10","0,10",0
ITR-38,Джульєтта і гондоли,COMPETITOR,ITravel,Італія,Італія,екскурсійний,Економ 99 - 150,139,4,2,1,1,0,0,0,1,3,2,2,2,2,4,2,2,20,9,"ЖОВТЕНЬ, ТРАВЕНЬ, ЧЕРВЕНЬ",ЖОВТЕНЬ,ЦІЛИЙ РІК,🌸 МІЖСЕЗОН,FALSE,4,2,3,0,1,1,1,"0,1","0,25","0,25",0
ITR-39,"Тисячі лайків: Венеція, Рим, Піза Флоренція",COMPETITOR,ITravel,Італія,"Італія, Угорщина",екскурсійний,Стандарт 150 - 300,239,5,2,3,2,0,0,0,1,6,5,4,5,4,6,4,4,39,9,"ТРАВЕНЬ, ЖОВТЕНЬ, ЧЕРВЕНЬ",ТРАВЕНЬ,ЦІЛИЙ РІК,🌸 МІЖСЕЗОН,FALSE,6,2,5,0,1,1,1,"0,1","0,20","0,20",0
ITR-40,На вікенд до двох сестер: Латвія-Литва,COMPETITOR,ITravel,Литва,"Литва, Латвія",екскурсійний,Економ 99 - 150,160,4,2,2,1,0,0,0,1,2,2,1,1,1,3,1,3,15,9,"ЖОВТЕНЬ, ГРУДЕНЬ, ТРАВЕНЬ",ЖОВТЕНЬ,ЦІЛИЙ РІК,🌸 МІЖСЕЗОН,FALSE,3,2,3,0,1,1,1,"0,1","0,25","0,25",0
ITR-41,Балтійські пригоди,COMPETITOR,ITravel,Литва,"Литва, Латвія, Естонія",екскурсійний,Стандарт 150 - 300,175,4,1,2,2,0,0,0,1,2,2,2,2,2,3,2,3,19,9,"ЖОВТЕНЬ, ГРУДЕНЬ, ТРАВЕНЬ",ЖОВТЕНЬ,ЦІЛИЙ РІК,🌸 МІЖСЕЗОН,FALSE,4,2,3,0,1,1,1,"0,1","0,25","0,25",0
ITR-42,"Балтійські Скарби + круїз до Стокгольму : Таллін, Стокгольм, Рига",COMPETITOR,ITravel,Швеція,"Швеція, Латвія, Естонія",екскурсійний,Стандарт 150 - 300,300,6,2,2,3,0,0,0,1,3,2,2,2,2,3,2,2,19,9,"ТРАВЕНЬ, ЖОВТЕНЬ, ЧЕРВЕНЬ",ТРАВЕНЬ,ЦІЛИЙ РІК,🌸 МІЖСЕЗОН,FALSE,4,2,3,0,1,1,1,"0,1","0,17","0,17",0
ITR-43,"Європейська розкіш – Ніцца, Монако, Портофіно…",COMPETITOR,ITravel,Італія,"Італія, Франція",екскурсійний,Стандарт 150 - 300,219,6,2,4,3,0,0,0,1,5,4,4,5,4,5,5,,33,8,"ТРАВЕНЬ, СЕРПЕНЬ, ЖОВТЕНЬ",ТРАВЕНЬ,ЦІЛИЙ РІК,🌸 МІЖСЕЗОН,FALSE,0,,,,1,1,1,"0,1","0,17","0,17",0
ITR-44,Чудовий мікс - Чорногорія+Албанія з відпочинком на морі,COMPETITOR,ITravel,Чорногорія,"Чорногорія, Албанія",морський,Люкс 300 - 400,409,10,2,0,7,0,0,0,,2,4,5,4,1,,0,0,16,5,"ЛИПЕНЬ, ЧЕРВЕНЬ, СЕРПЕНЬ",ЛИПЕНЬ,ЦІЛИЙ РІК,🌸 МІЖСЕЗОН,FALSE,0,,,,1,1,1,"0,1","0,10","0,10",0
ITR-45,Румунський експрес,COMPETITOR,ITravel,Румунія,Румунія,екскурсійний,Економ 99 - 150,155,4,1,2,2,0,0,0,1,2,2,3,2,2,5,1,3,21,9,"ЖОВТЕНЬ, ЛИПЕНЬ, ГРУДЕНЬ",ЖОВТЕНЬ,ЦІЛИЙ РІК,🌸 МІЖСЕЗОН,FALSE,0,,,,1,1,1,"0,1","0,25","0,25",0
ITR-46,"Їж.Люби.Подорожуй: Любляна, Венеція, Рим 2 дні, Флоренція",COMPETITOR,ITravel,Італія,Італія,екскурсійний,Люкс 300 - 400,343,7,1,4,5,0,0,0,,2,2,2,2,2,3,2,3,18,8,"ЖОВТЕНЬ, ГРУДЕНЬ, ТРАВЕНЬ",ЖОВТЕНЬ,ЦІЛИЙ РІК,🌸 МІЖСЕЗОН,FALSE,0,,,,1,1,1,"0,1","0,14","0,14",0
ITR-47,Релакс у Чехії та Угорщині,COMPETITOR,ITravel,Австрія,"Австрія, Чехія, Угорщина",екскурсійний,Стандарт 150 - 300,169,6,2,2,3,0,0,0,1,5,4,5,4,5,5,4,4,37,9,"ТРАВЕНЬ, ЛИПЕНЬ, ВЕРЕСЕНЬ",ТРАВЕНЬ,ЦІЛИЙ РІК,🌸 МІЖСЕЗОН,FALSE,0,,,,1,1,1,"0,1","0,17","0,17",0
ITR-48,Зеленими берегами Корфу,COMPETITOR,ITravel,Греція,Греція,екскурсійний,Люкс 300 - 400,"537,5",9,2,1,6,0,0,0,0,,2,2,2,2,1,0,0,9,5,"ЧЕРВЕНЬ, ЛИПЕНЬ, СЕРПЕНЬ",ЧЕРВЕНЬ,ЦІЛИЙ РІК,☀️ ЛІТО,FALSE,6,3,3,0,1,1,1,"0,1","0,11","0,11",0
ITR-49,Містична Трансільванія та Трансфагараш,COMPETITOR,ITravel,Румунія,Румунія,екскурсійний,Стандарт 150 - 300,200,5,2,1,2,0,0,0,,,,2,2,2,3,0,0,9,4,"ЖОВТЕНЬ, ЛИПЕНЬ, СЕРПЕНЬ",ЖОВТЕНЬ,ЦІЛИЙ РІК,☀️ ЛІТО,FALSE,0,,,,1,1,1,"0,1","0,20","0,20",0
ITR-50,Казки старої Німеччини,COMPETITOR,ITravel,Німеччина,Німеччина,екскурсійний,Люкс 300 - 400,339,7,1,4,5,0,0,0,1,2,2,2,3,2,2,2,2,18,9,"СЕРПЕНЬ, ТРАВЕНЬ, ЧЕРВЕНЬ",СЕРПЕНЬ,ЦІЛИЙ РІК,🌸 МІЖСЕЗОН,FALSE,0,,,,1,1,1,"0,1","0,14","0,14",0
ITR-51,Лавандове серце Франції – Валансоль + Лазурове узбережжя,COMPETITOR,ITravel,Франція,"Франція, Італія",екскурсійний,Люкс 300 - 400,329,7,2,4,4,0,0,0,,,2,3,,,,,,5,2,"ЛИПЕНЬ, ЧЕРВЕНЬ",ЛИПЕНЬ,ПІВРІЧНИЙ,🌸 МІЖСЕЗОН,FALSE,14,4,5,2,1,1,1,"0,1","0,14","0,14","0,1428571429"
ITR-52,Доломітові Альпи – мандрівка серед величі вершин,COMPETITOR,ITravel,Італія,"Італія, Австрія, Угорщина, Словенія",екскурсійний,Люкс 300 - 400,349,7,0,4,6,0,0,0,1,5,4,4,5,4,5,4,4,36,9,"ТРАВЕНЬ, СЕРПЕНЬ, ЖОВТЕНЬ",ТРАВЕНЬ,ЦІЛИЙ РІК,🌸 МІЖСЕЗОН,TRUE,6,3,4,0,1,1,1,"0,1","0,14","0,14",0
ITR-53,На зустріч до Афродіти,COMPETITOR,ITravel,Греція,Греція,морський,Стандарт 150 - 300,732,10,2,0,7,0,0,0,0,2,9,9,3,4,0,0,0,27,5,"ЧЕРВЕНЬ, ЛИПЕНЬ, ВЕРЕСЕНЬ",ЧЕРВЕНЬ,ЦІЛИЙ РІК,🌸 МІЖСЕЗОН,FALSE,5,3,3,0,1,1,1,"0,1","0,10","0,10",0
ITR-54,Халкідіки. Ідеальна грецька відпустка,COMPETITOR,ITravel,Греція,Греція,морський,Стандарт 150 - 300,"551,5",10,2,0,7,0,0,0,0,5,9,9,8,8,0,0,0,39,5,"ЧЕРВЕНЬ, ЛИПЕНЬ, СЕРПЕНЬ",ЧЕРВЕНЬ,ЦІЛИЙ РІК,🌸 МІЖСЕЗОН,FALSE,5,4,4,0,1,1,1,"0,1","0,10","0,10",0
RIC-1,Дивовижна Хорватія,COMPETITOR,Rich Tour,Хорватія,Хорватія,морський,Стандарт 150 - 300,274,10,2,2,7,0,0,0,0,0,8,9,9,7,0,0,0,33,4,"ЛИПЕНЬ, СЕРПЕНЬ, ЧЕРВЕНЬ",ЛИПЕНЬ,ЦІЛИЙ РІК,🌸 МІЖСЕЗОН,FALSE,5,2,2,0,1,1,1,"0,1","0,10","0,10",0
RIC-2,ПІВДЕНЬ ІТАЛІЇ - ТІРРЕНСЬКЕ МОРЕ,COMPETITOR,Rich Tour,Італія,Італія,морський,Тяжкий Люкс 400 +,484,10,2,0,7,0,0,0,0,0,9,8,3,3,0,0,0,23,4,"ЧЕРВЕНЬ, ЛИПЕНЬ, СЕРПЕНЬ",ЧЕРВЕНЬ,ЦІЛИЙ РІК,🌸 МІЖСЕЗОН,FALSE,3,2,2,0,1,1,1,"0,1","0,10","0,10",0
RIC-3,Сонячні пляжі Ріміні - Італія,COMPETITOR,Rich Tour,Італія,Італія,морський,Тяжкий Люкс 400 +,"434,5",8,2,1,5,0,0,0,0,0,3,4,5,2,0,0,0,14,4,"СЕРПЕНЬ, ЛИПЕНЬ, ЧЕРВЕНЬ",СЕРПЕНЬ,ЦІЛИЙ РІК,☀️ ЛІТО,FALSE,4,2,3,0,1,1,1,"0,1","0,13","0,13",0
RIC-4,МОРЕ ГРЕЦІЇ,COMPETITOR,Rich Tour,Греція,Греція,морський,Тяжкий Люкс 400 +,477,10,2,0,7,0,0,0,0,0,4,5,4,3,0,0,0,16,4,"ЛИПЕНЬ, ЧЕРВЕНЬ, СЕРПЕНЬ",ЛИПЕНЬ,ЦІЛИЙ РІК,🌸 МІЖСЕЗОН,FALSE,5,0,0,0,1,1,1,"0,1","0,10","0,10",0
RIC-5,Подих Адріатики – Чорногорія,COMPETITOR,Rich Tour,Чорногорія,Чорногорія,морський,Люкс 300 - 400,"383,5",10,2,0,7,0,0,0,0,0,4,4,5,3,0,0,0,16,4,"ТРАВЕНЬ, КВІТЕНЬ, ЧЕРВЕНЬ",ТРАВЕНЬ,ЦІЛИЙ РІК,🌸 МІЖСЕЗОН,TRUE,1,1,1,0,1,1,1,"0,1","0,33","0,33",0
RIC-6,Під небом ПАРИЖУ + Прага і Дрезден,COMPETITOR,Rich Tour,Франція,"Франція, Німеччина, Чехія",дитячі канікули,Люкс 300 - 400,"439,5",6,2,4,3,0,0,0,0,0,0,0,0,0,2,4,1,7,3,"ЛИСТОПАД, ЖОВТЕНЬ, ГРУДЕНЬ",ЛИСТОПАД,ПІВРІЧНИЙ,❄️ ЗИМА,FALSE,3,3,3,0,1,1,1,"0,1","0,17","0,17",0
RIC-7,В гостях у Нідерландської корони,COMPETITOR,Rich Tour,Нідерланди,"Нідерланди, Німеччина, Чехія, Польща",екскурсійний,Стандарт 150 - 300,439,7,0,3,6,0,0,0,0,0,0,0,0,0,1,2,2,5,3,"ЛИСТОПАД, ГРУДЕНЬ, ЖОВТЕНЬ",ЛИСТОПАД,ПІВРІЧНИЙ,❄️ ЗИМА,TRUE,5,4,4,0,1,1,1,"0,1","0,14","0,14",0
RIC-8,Мрія блогерів: Венеція + Альпи,COMPETITOR,Rich Tour,Італія,Італія,дитячі канікули,Стандарт 150 - 300,357,5,2,3,2,0,0,0,0,0,0,0,0,0,0,3,3,6,2,"ЛИСТОПАД, ГРУДЕНЬ",ЛИСТОПАД,ПІВРІЧНИЙ,❄️ ЗИМА,FALSE,5,1,1,0,1,1,1,"0,1","0,20","0,20",0
RIC-9,Від Провансу до Швейцарських вершин,COMPETITOR,Rich Tour,Швейцарія,"Швейцарія, Франція, Італія",екскурсійний,Люкс 300 - 400,385,7,2,6,4,0,0,0,0,0,0,0,0,1,2,0,2,5,3,"ЖОВТЕНЬ, ГРУДЕНЬ, ВЕРЕСЕНЬ",ЖОВТЕНЬ,ПІВРІЧНИЙ,☀️ ЛІТО,FALSE,9,4,4,0,1,1,1,"0,1","0,14","0,14",0
RIC-10,Скандинавська сага,COMPETITOR,Rich Tour,Польща,"Польща, Данія, Норвегія, Латвія",екскурсійний,Тяжкий Люкс 400 +,685,9,4,4,4,0,0,0,0,0,0,0,0,0,0,0,0,0,0,,,РІДКІСНИЙ,,FALSE,9,5,5,0,1,1,1,"0,1","0,11","0,11",0
TAN-1,Відень та Прага - імперії королів,COMPETITOR,Tango Travel,Австрія,"Австрія, Чехія, Угорщина",екскурсійний,Економ 99 - 150,95,4,2,1,1,0,0,0,1,6,5,5,4,0,,,,21,5,"ТРАВЕНЬ, ЧЕРВЕНЬ, ЛИПЕНЬ",ТРАВЕНЬ,ЦІЛИЙ РІК,🌸 МІЖСЕЗОН,FALSE,1,0,0,0,1,1,1,"0,1","0,25","0,25",0
TAN-2,"Театр вражень - Венеція, Верона та Мілан!",COMPETITOR,Tango Travel,Італія,"Італія, Угорщина",екскурсійний,Економ 99 - 150,168,5,2,2,2,0,0,0,1,2,4,2,2,1,3,,,15,7,"ЧЕРВЕНЬ, ЖОВТЕНЬ, ТРАВЕНЬ",ЧЕРВЕНЬ,ЦІЛИЙ РІК,🌸 МІЖСЕЗОН,FALSE,1,0,0,0,1,1,1,"0,1","0,20","0,20",0
TAN-3,Будапешт - мій найкращий вікенд! ,COMPETITOR,Tango Travel,Угорщина,Угорщина,екскурсійний,До 99,110,4,2,1,1,0,0,0,,5,3,2,4,2,,,,16,5,"ТРАВЕНЬ, СЕРПЕНЬ, ЧЕРВЕНЬ",ТРАВЕНЬ,ЦІЛИЙ РІК,🌸 МІЖСЕЗОН,FALSE,1,0,0,0,1,1,1,"0,1","0,25","0,25",0
TAN-4,Ключ в Європу : Будапешт + Відень,COMPETITOR,Tango Travel,Австрія,"Австрія, Угорщина",екскурсійний,Економ 99 - 150,115,4,2,2,1,0,0,0,,5,3,2,4,2,,,,16,5,"ТРАВЕНЬ, СЕРПЕНЬ, ЧЕРВЕНЬ",ТРАВЕНЬ,ЦІЛИЙ РІК,🌸 МІЖСЕЗОН,FALSE,1,0,0,0,1,1,1,"0,1","0,25","0,25",0
TAN-5,Прага та Дрезден #нашілюдивсюди,COMPETITOR,Tango Travel,Чехія,"Чехія, Німеччина, Польща",екскурсійний,Економ 99 - 150,95,4,2,1,1,0,0,0,1,2,3,3,2,2,,,,13,6,"ЧЕРВЕНЬ, ЛИПЕНЬ, ТРАВЕНЬ",ЧЕРВЕНЬ,ЦІЛИЙ РІК,🌸 МІЖСЕЗОН,FALSE,1,0,0,0,1,1,1,"0,1","0,25","0,25",0
TAN-6,"Quattro Formaggi. Венеція, Флоренція і Рим",COMPETITOR,Tango Travel,Італія,"Італія, Угорщина",екскурсійний,Стандарт 150 - 300,188,5,2,1,2,0,0,0,,2,1,1,1,1,2,,,8,6,"ТРАВЕНЬ, ЖОВТЕНЬ, ЧЕРВЕНЬ",ТРАВЕНЬ,ПІВРІЧНИЙ,☀️ ЛІТО,FALSE,1,0,0,0,1,1,1,"0,1","0,20","0,20",0
TAN-7,Відень неперевершений!,COMPETITOR,Tango Travel,Австрія,"Австрія, Угорщина",екскурсійний,Економ 99 - 150,167,4,2,1,1,0,0,0,,1,,,,,,,,1,1,ТРАВЕНЬ,ТРАВЕНЬ,РІДКІСНИЙ,🌸 МІЖСЕЗОН,FALSE,1,0,0,0,1,1,1,"0,1","0,25","0,25",0
TAN-8,Мої голландські тюльпанчики,COMPETITOR,Tango Travel,Нідерланди,"Нідерланди, Чехія, Польща, Німеччина",екскурсійний,Стандарт 150 - 300,195,5,2,1,2,0,0,0,1,1,2,1,1,,,,,6,5,"ЧЕРВЕНЬ, КВІТЕНЬ, ТРАВЕНЬ",ЧЕРВЕНЬ,ПІВРІЧНИЙ,🌸 МІЖСЕЗОН,FALSE,1,0,0,0,1,1,1,"0,1","0,20","0,20",0
TAN-9,"L'amour en trois: ти, я і Париж!",COMPETITOR,Tango Travel,Франція,"Франція, Німеччина, Чехія, Польща",екскурсійний,Стандарт 150 - 300,268,6,2,3,3,0,0,0,0,2,2,0,0,0,,,,4,2,"ТРАВЕНЬ, ЧЕРВЕНЬ",ТРАВЕНЬ,СЕЗОННИЙ,🌸 МІЖСЕЗОН,FALSE,1,0,0,0,1,1,1,"0,1","0,17","0,17",0
TAN-10,Румунія - любов з першого погляду. Бухарест і замки,COMPETITOR,Tango Travel,Румунія,Румунія,екскурсійний,Економ 99 - 150,145,4,2,2,1,0,0,0,,3,2,2,2,1,,,,10,5,"ТРАВЕНЬ, ЧЕРВЕНЬ, ЛИПЕНЬ",ТРАВЕНЬ,ЦІЛИЙ РІК,🌸 МІЖСЕЗОН,FALSE,1,0,0,0,1,1,1,"0,1","0,25","0,25",0
TAN-11,"Стихія моря: Таллінн, Стокгольм, Рига",COMPETITOR,Tango Travel,Швеція,"Швеція, Латвія, Естонія",екскурсійний,Стандарт 150 - 300,165,5,2,1,2,0,0,0,1,1,2,2,2,1,2,,,11,7,"ЧЕРВЕНЬ, ЛИПЕНЬ, СЕРПЕНЬ",ЧЕРВЕНЬ,ЦІЛИЙ РІК,🌸 МІЖСЕЗОН,FALSE,1,0,0,0,1,1,1,"0,1","0,20","0,20",0
TAN-12,Магія Балтійського моря. Круїз Таллінн-Стокгольм,COMPETITOR,Tango Travel,Швеція,"Швеція, Естонія, Латвія, Польща",екскурсійний,Стандарт 150 - 300,238,5,0,1,4,0,0,0,1,0,1,1,1,1,,,,5,5,"КВІТЕНЬ, ЧЕРВЕНЬ, ЛИПЕНЬ",КВІТЕНЬ,ПІВРІЧНИЙ,🌸 МІЖСЕЗОН,TRUE,1,0,0,0,1,1,1,"0,1","0,20","0,20",0
TAN-13,Нідерланди. I♥Аmsterdam,COMPETITOR,Tango Travel,Нідерланди,"Нідерланди, Німеччина, Чехія, Польща",екскурсійний,Стандарт 150 - 300,265,6,2,2,3,0,0,0,0,1,1,0,0,0,,,,2,2,"ТРАВЕНЬ, ЧЕРВЕНЬ",ТРАВЕНЬ,СЕЗОННИЙ,🌸 МІЖСЕЗОН,FALSE,1,0,0,0,1,1,1,"0,1","0,17","0,17",0
TAN-14,"50 відтінків літа! Італія, Адріатичне море",COMPETITOR,Tango Travel,Італія,"Італія, Угорщина, Словенія",морський,Стандарт 150 - 300,249,6,2,1,3,0,0,0,,,3,3,5,2,,,,13,4,"СЕРПЕНЬ, ЧЕРВЕНЬ, ЛИПЕНЬ",СЕРПЕНЬ,ЦІЛИЙ РІК,☀️ ЛІТО,FALSE,1,0,0,0,1,1,1,"0,1","0,17","0,17",0
TAN-15,Подорож у серце Трансільванії,COMPETITOR,Tango Travel,Румунія,Румунія,екскурсійний,До 99,120,4,2,1,1,0,0,0,,3,2,2,2,1,,,,10,5,"ТРАВЕНЬ, ЧЕРВЕНЬ, ЛИПЕНЬ",ТРАВЕНЬ,ЦІЛИЙ РІК,🌸 МІЖСЕЗОН,FALSE,1,0,0,0,1,1,1,"0,1","0,25","0,25",0
TAN-16,"Північний круїз: Таллінн, Гельсінкі, Стокгольм",COMPETITOR,Tango Travel,Швеція,"Швеція, Латвія, Естонія, Фінляндія",екскурсійний,Стандарт 150 - 300,279,6,2,1,3,0,0,0,0,1,0,0,0,0,,,,1,1,ТРАВЕНЬ,ТРАВЕНЬ,РІДКІСНИЙ,🌸 МІЖСЕЗОН,FALSE,1,0,0,0,1,1,1,"0,1","0,17","0,17",0
TAN-17,Містичний вікенд в Трансильванії,COMPETITOR,Tango Travel,Румунія,Румунія,екскурсійний,Економ 99 - 150,160,3,0,0,2,0,0,0,0,2,2,1,1,,,,,6,4,"ТРАВЕНЬ, ЧЕРВЕНЬ, ЛИПЕНЬ",ТРАВЕНЬ,ПІВРІЧНИЙ,🌸 МІЖСЕЗОН,TRUE,1,0,0,0,1,1,1,"0,1","0,33","0,33",0
TAN-18,Мелодії Парижа,COMPETITOR,Tango Travel,Франція,"Франція, Німеччина, Чехія, Польща",екскурсійний,Стандарт 150 - 300,257,6,2,2,3,0,0,0,0,2,2,2,2,0,1,,,9,5,"ТРАВЕНЬ, ЧЕРВЕНЬ, ЛИПЕНЬ",ТРАВЕНЬ,ЦІЛИЙ РІК,🌸 МІЖСЕЗОН,FALSE,1,0,0,0,1,1,1,"0,1","0,17","0,17",0
TAN-19,"Ідеальна четвірка: Краків, Прага, Відень, Будапешт",COMPETITOR,Tango Travel,Чехія,"Чехія, Австрія, Польща, Угорщина",екскурсійний,Стандарт 150 - 300,173,4,0,1,3,0,0,0,0,3,1,1,2,1,,,,8,5,"ТРАВЕНЬ, СЕРПЕНЬ, ЧЕРВЕНЬ",ТРАВЕНЬ,ПІВРІЧНИЙ,🌸 МІЖСЕЗОН,TRUE,1,0,0,0,1,1,1,"0,1","0,25","0,25",0
TAN-20,"Загадка Австрії: Відень, Зальцбург, Гальштат",COMPETITOR,Tango Travel,Австрія,"Австрія, Угорщина",екскурсійний,Стандарт 150 - 300,203,5,2,2,2,0,0,0,1,1,,1,1,,,,,4,4,"КВІТЕНЬ, ТРАВЕНЬ, ЛИПЕНЬ",КВІТЕНЬ,СЕЗОННИЙ,🌸 МІЖСЕЗОН,FALSE,1,0,0,0,1,1,1,"0,1","0,20","0,20",0
TAN-21,Австрійські панорами: Відень та Гальштат,COMPETITOR,Tango Travel,Австрія,"Австрія, Угорщина",екскурсійний,Стандарт 150 - 300,232,5,2,1,2,0,0,0,1,1,,1,1,1,,,,5,5,"КВІТЕНЬ, ТРАВЕНЬ, ЛИПЕНЬ",КВІТЕНЬ,ПІВРІЧНИЙ,🌸 МІЖСЕЗОН,FALSE,1,0,0,0,1,1,1,"0,1","0,20","0,20",0
TAN-22,"Край Тоскани - Флоренція, Піза, Рим",COMPETITOR,Tango Travel,Італія,"Італія, Угорщина",екскурсійний,Люкс 300 - 400,299,6,0,3,5,0,0,0,0,1,1,1,1,0,,,,4,4,"ТРАВЕНЬ, ЧЕРВЕНЬ, ЛИПЕНЬ",ТРАВЕНЬ,СЕЗОННИЙ,🌸 МІЖСЕЗОН,TRUE,1,0,0,0,1,1,1,"0,1","0,17","0,17",0
TAN-23,Вікенд для душі: Угорщина + Словаччина,COMPETITOR,Tango Travel,Угорщина,"Угорщина, Словаччина",екскурсійний,Економ 99 - 150,115,4,2,0,1,0,0,0,,1,1,1,1,1,1,,,6,6,"ТРАВЕНЬ, ЧЕРВЕНЬ, ЛИПЕНЬ",ТРАВЕНЬ,ПІВРІЧНИЙ,☀️ ЛІТО,FALSE,1,0,0,0,1,1,1,"0,1","0,25","0,25",0
TAN-24,У пошуках дива - Македонія!,COMPETITOR,Tango Travel,Північна Македонія,Північна Македонія,екскурсійний,Економ 99 - 150,110,4,2,1,1,0,0,0,0,1,1,1,1,1,1,,,6,6,"ТРАВЕНЬ, ЧЕРВЕНЬ, ЛИПЕНЬ",ТРАВЕНЬ,ПІВРІЧНИЙ,☀️ ЛІТО,FALSE,1,0,0,0,1,1,1,"0,1","0,25","0,25",0
TAN-25,"Тільки Італія: Венеція, Мілан, Рим, Неаполь та Флоренція",COMPETITOR,Tango Travel,Італія,"Італія, Угорщина",екскурсійний,Тяжкий Люкс 400 +,378,7,2,3,4,0,0,0,,1,1,1,1,,1,,,5,5,"ТРАВЕНЬ, ЧЕРВЕНЬ, ЛИПЕНЬ",ТРАВЕНЬ,ПІВРІЧНИЙ,🌸 МІЖСЕЗОН,FALSE,1,0,0,0,1,1,1,"0,1","0,14","0,14",0
TAN-26,"Альпійський експрес: Венеція, Цюрих, Зальцбург",COMPETITOR,Tango Travel,Швейцарія,"Швейцарія, Італія, Австрія, Угорщина",екскурсійний,Стандарт 150 - 300,269,5,0,1,4,0,0,0,,2,2,2,2,1,1,,,10,6,"ТРАВЕНЬ, ЧЕРВЕНЬ, ЛИПЕНЬ",ТРАВЕНЬ,ЦІЛИЙ РІК,🌸 МІЖСЕЗОН,TRUE,1,0,0,0,1,1,1,"0,1","0,20","0,20",0
TAN-27,Париж на десерт,COMPETITOR,Tango Travel,Франція,"Франція, Німеччина, Австрія, Угорщина",екскурсійний,Люкс 300 - 400,449,8,0,3,7,0,0,0,,1,1,1,1,1,,,,5,5,"ТРАВЕНЬ, ЧЕРВЕНЬ, ЛИПЕНЬ",ТРАВЕНЬ,ПІВРІЧНИЙ,🌸 МІЖСЕЗОН,TRUE,1,0,0,0,1,1,1,"0,1","0,13","0,13",0
TAN-28,"Каталонський експрес: Монако, Ніцца, Барселона",COMPETITOR,Tango Travel,Іспанія,"Іспанія, Франція, Італія",екскурсійний,Тяжкий Люкс 400 +,377,7,2,2,4,0,0,0,1,0,0,1,1,1,0,,,4,4,"КВІТЕНЬ, ЛИПЕНЬ, СЕРПЕНЬ",КВІТЕНЬ,СЕЗОННИЙ,☀️ ЛІТО,FALSE,7,5,5,0,1,1,1,"0,1","0,14","0,14",0
TAN-29,Вихідні у Кракові + Енерджіландія,COMPETITOR,Tango Travel,Польща,Польща,екскурсійний,Економ 99 - 150,137,4,1,1,2,0,0,0,,1,2,1,1,1,1,,,7,6,"ЧЕРВЕНЬ, ТРАВЕНЬ, ЛИПЕНЬ",ЧЕРВЕНЬ,ПІВРІЧНИЙ,🌸 МІЖСЕЗОН,FALSE,2,1,1,0,1,1,1,"0,1","0,25","0,25",0
TAN-30,Незвіданий край - Боснія і Герцеґовина,COMPETITOR,Tango Travel,Боснія і Герцеговина,"Боснія і Герцеговина, Хорватія",екскурсійний,Стандарт 150 - 300,183,5,2,1,2,0,0,0,0,1,1,,1,1,1,,,5,5,"ТРАВЕНЬ, ЧЕРВЕНЬ, СЕРПЕНЬ",ТРАВЕНЬ,ПІВРІЧНИЙ,☀️ ЛІТО,FALSE,5,1,1,0,1,1,1,"0,1","0,20","0,20",0
TAN-31,"В цьому році в моді лазурний:  Ніцца, Монако, Портофіно",COMPETITOR,Tango Travel,Франція,"Франція, Італія, Монако",екскурсійний,Люкс 300 - 400,"232,5",7,2,3,4,0,0,0,1,,1,,1,,,,,3,3,"КВІТЕНЬ, ЧЕРВЕНЬ, СЕРПЕНЬ",КВІТЕНЬ,СЕЗОННИЙ,🌸 МІЖСЕЗОН,FALSE,9,4,6,0,1,1,1,"0,1","0,14","0,14",0
TAN-32,Албанія - морська пригода,COMPETITOR,Tango Travel,Албанія,"Албанія, Північна Македонія",морський,Люкс 300 - 400,315,8,2,0,5,0,0,0,,2,1,1,2,,,,,6,4,"ТРАВЕНЬ, СЕРПЕНЬ, ЧЕРВЕНЬ",ТРАВЕНЬ,ПІВРІЧНИЙ,🌸 МІЖСЕЗОН,FALSE,8,1,2,0,1,1,1,"0,1","0,13","0,13",0
TAN-33,Словенія - альпійські термали,COMPETITOR,Tango Travel,Словенія,Словенія,спа-тур,Економ 99 - 150,135,4,2,0,1,0,0,0,,,,,,,,,,0,0,,,РІДКІСНИЙ,,FALSE,2,1,2,0,1,1,1,"0,1","0,25","0,25",0
TAN-34,"Литовські вихідні: Вільнюс, Тракай, Друскінінкай",COMPETITOR,Tango Travel,Литва,Литва,екскурсійний,Економ 99 - 150,120,4,2,1,1,0,0,0,,,,,,,,,,0,0,,,РІДКІСНИЙ,,FALSE,2,1,1,0,1,1,1,"0,1","0,25","0,25",0
TAN-35,Зірки півночі: Рига та Норвезькі фіорди!,COMPETITOR,Tango Travel,Норвегія,"Норвегія, Швеція, Латвія, Естонія",екскурсійний,Люкс 300 - 400,385,7,2,1,4,0,0,0,1,,1,,,,,,,2,2,"КВІТЕНЬ, ЧЕРВЕНЬ",КВІТЕНЬ,СЕЗОННИЙ,🌸 МІЖСЕЗОН,FALSE,7,2,4,0,1,1,1,"0,1","0,14","0,14",0
TAN-36,Греція. Між небом та землею,COMPETITOR,Tango Travel,Греція,Греція,морський,Стандарт 150 - 300,"329,5",10,2,0,7,0,0,0,,2,4,4,4,3,,,,17,5,"ЧЕРВЕНЬ, ЛИПЕНЬ, СЕРПЕНЬ",ЧЕРВЕНЬ,ЦІЛИЙ РІК,🌸 МІЖСЕЗОН,FALSE,3,1,1,1,1,1,1,"0,1","0,10","0,10","0,3333333333"
TAN-37,Карнавальна мандрівка,COMPETITOR,Tango Travel,Італія,"Італія, Угорщина",екскурсійний,Люкс 300 - 400,318,5,0,2,4,0,0,0,,,,,,,,,,0,0,,,РІДКІСНИЙ,,TRUE,3,2,3,0,1,1,1,"0,1","0,20","0,20",0
TAN-38,"Нові горизонти: Таллінн, Стокгольм, Копенгаген, Амстердам",COMPETITOR,Tango Travel,Швеція,"Швеція, Нідерланди, Німеччина",екскурсійний,Тяжкий Люкс 400 +,560,8,0,2,7,0,0,0,1,,,,,,,,,1,1,КВІТЕНЬ,КВІТЕНЬ,РІДКІСНИЙ,🌸 МІЖСЕЗОН,TRUE,9,4,5,0,1,1,1,"0,1","0,13","0,13",0
TAN-39,Зимові розваги - Закопане!,COMPETITOR,Tango Travel,Польща,Польща,екскурсійний,Стандарт 150 - 300,229,5,1,0,3,0,0,0,,,,,,,,,,0,0,,,РІДКІСНИЙ,,FALSE,2,1,2,0,1,1,1,"0,1","0,20","0,20",0
TAN-40,Скандинавія. Вся правда про Вікінгів,COMPETITOR,Tango Travel,Норвегія,"Норвегія, Фінляндія, Данія, Швеція, Німеччина",екскурсійний,Тяжкий Люкс 400 +,565,9,0,7,8,0,0,0,,,,,1,,,,,1,1,СЕРПЕНЬ,СЕРПЕНЬ,РІДКІСНИЙ,☀️ ЛІТО,TRUE,8,6,7,0,1,1,1,"0,1","0,11","0,11",0
TAN-41,Мої швейцарські вихідні,COMPETITOR,Tango Travel,Швейцарія,"Швейцарія, Італія",екскурсійний,Стандарт 150 - 300,189,5,2,1,2,0,0,0,,1,1,2,2,1,2,,,9,6,"ЛИПЕНЬ, СЕРПЕНЬ, ЖОВТЕНЬ",ЛИПЕНЬ,ЦІЛИЙ РІК,☀️ ЛІТО,FALSE,5,3,4,0,1,1,1,"0,1","0,20","0,20",0
TAN-42,Випускний в Греції,COMPETITOR,Tango Travel,Греція,Греція,морський,Тяжкий Люкс 400 +,498,7,2,0,4,0,0,0,,,2,4,,,,,,6,2,"ЛИПЕНЬ, ЧЕРВЕНЬ",ЛИПЕНЬ,ПІВРІЧНИЙ,🌸 МІЖСЕЗОН,FALSE,4,1,1,0,1,1,1,"0,1","0,14","0,14",0
TAN-43,Халкідіки. Вихідні на морі,COMPETITOR,Tango Travel,Греція,Греція,морський,Стандарт 150 - 300,210,5,2,0,2,0,0,0,,,2,2,2,2,,,,8,4,"ЧЕРВЕНЬ, ЛИПЕНЬ, СЕРПЕНЬ",ЧЕРВЕНЬ,ПІВРІЧНИЙ,☀️ ЛІТО,FALSE,4,1,1,0,1,1,1,"0,1","0,20","0,20",0
TRM-1,"Французький вояж (Париж, Мон-Сен-Мішель + 3 дні з океаном)",COMPETITOR,Travel Room,Франція,Франція,екскурсійний,Тяжкий Люкс 400 +,550,8,0,4,7,0,0,0,0,1,1,1,1,1,1,1,0,7,7,"ЧЕРВЕНЬ, ЛИПЕНЬ, СЕРПЕНЬ",ЧЕРВЕНЬ,ПІВРІЧНИЙ,☀️ ЛІТО,FALSE,4,1,1,0,1,1,1,"0,1","0,20","0,20",0
TRM-2,Формула краси по-італійськи,COMPETITOR,Travel Room,Італія,Італія,екскурсійний,Люкс 300 - 400,370,6,0,3,5,0,0,0,1,1,1,1,1,1,1,0,0,7,7,"ЧЕРВЕНЬ, ЛИПЕНЬ, СЕРПЕНЬ",ЧЕРВЕНЬ,ПІВРІЧНИЙ,☀️ ЛІТО,FALSE,4,1,1,0,1,1,1,"0,1","0,20","0,20",0
TRM-3,Париж - місто мрії!,COMPETITOR,Travel Room,Франція,Франція,екскурсійний,Тяжкий Люкс 400 +,420,7,0,3,6,0,0,0,1,1,0,1,0,1,1,0,0,5,5,"ЧЕРВЕНЬ, ЛИПЕНЬ, СЕРПЕНЬ",ЧЕРВЕНЬ,ПІВРІЧНИЙ,☀️ ЛІТО,FALSE,4,1,1,0,1,1,1,"0,1","0,20","0,20",0
TRM-4,Весна на острові Майнау,COMPETITOR,Travel Room,Німеччина,Німеччина,екскурсійний,Стандарт 150 - 300,280,5,0,2,4,0,0,0,3,1,0,0,0,0,0,0,0,4,2,"ЧЕРВЕНЬ, ЛИПЕНЬ, СЕРПЕНЬ",ЧЕРВЕНЬ,СЕЗОННИЙ,☀️ ЛІТО,FALSE,4,1,1,0,1,1,1,"0,1","0,20","0,20",0
TRM-5,Формула краси + три узбережжя Італії,COMPETITOR,Travel Room,Італія,Італія,морський,Тяжкий Люкс 400 +,490,5,0,6,4,0,0,0,0,1,1,1,1,1,0,0,0,5,5,"ЧЕРВЕНЬ, ЛИПЕНЬ, СЕРПЕНЬ",ЧЕРВЕНЬ,ПІВРІЧНИЙ,☀️ ЛІТО,FALSE,4,1,1,0,1,1,1,"0,1","0,20","0,20",0
TRM-6,Вічне літо Сицилії,COMPETITOR,Travel Room,Італія,Італія,морський,Тяжкий Люкс 400 +,590,10,0,4,9,0,0,0,1,1,1,0,0,1,1,0,0,5,5,"ЧЕРВЕНЬ, ЛИПЕНЬ, СЕРПЕНЬ",ЧЕРВЕНЬ,ПІВРІЧНИЙ,☀️ ЛІТО,FALSE,4,1,1,0,1,1,1,"0,1","0,20","0,20",0
TRM-7,Альпійська мелодія!+ Лазурове узбережжя Франції,COMPETITOR,Travel Room,Швейцарія,"Швейцарія, Франція, Італія",морський,Тяжкий Люкс 400 +,480,8,0,5,7,0,0,0,0,0,1,1,1,1,0,0,0,4,4,"ЧЕРВЕНЬ, ЛИПЕНЬ, СЕРПЕНЬ",ЧЕРВЕНЬ,СЕЗОННИЙ,☀️ ЛІТО,FALSE,4,1,1,0,1,1,1,"0,1","0,20","0,20",0
TRM-8,"Зимова казка: Закопане, Відень, терми",COMPETITOR,Travel Room,Польща,"Польща, Угорщина",екскурсійний,Стандарт 150 - 300,180,4,0,2,3,0,0,0,0,0,0,0,0,0,0,0,0,0,0,"ЧЕРВЕНЬ, ЛИПЕНЬ, СЕРПЕНЬ",ЧЕРВЕНЬ,РІДКІСНИЙ,☀️ ЛІТО,FALSE,4,1,1,0,1,1,1,"0,1","0,20","0,20",0
TRM-9,"Легкість Амстердама, романтика Парижа + парк тюльпанів Койкенхоф",COMPETITOR,Travel Room,Нідерланди,"Нідерланди, Франція",екскурсійний,Тяжкий Люкс 400 +,450,7,0,5,6,0,0,0,2,1,0,0,0,0,0,0,0,3,2,"ЧЕРВЕНЬ, ЛИПЕНЬ, СЕРПЕНЬ",ЧЕРВЕНЬ,СЕЗОННИЙ,☀️ ЛІТО,FALSE,4,1,1,0,1,1,1,"0,1","0,20","0,20",0
TRM-10,Белла Італія,COMPETITOR,Travel Room,Італія,Італія,екскурсійний,Стандарт 150 - 300,250,5,2,3,2,0,0,0,1,0,0,0,0,0,0,0,0,1,1,"ЧЕРВЕНЬ, ЛИПЕНЬ, СЕРПЕНЬ",ЧЕРВЕНЬ,РІДКІСНИЙ,☀️ ЛІТО,FALSE,4,1,1,0,1,1,1,"0,1","0,20","0,20",0
TRM-11,Італія - моє натхнення + Венеційський Карнавал,COMPETITOR,Travel Room,Італія,Італія,екскурсійний,Стандарт 150 - 300,290,5,0,4,4,0,0,0,0,0,0,0,0,0,0,0,0,0,0,"ЧЕРВЕНЬ, ЛИПЕНЬ, СЕРПЕНЬ",ЧЕРВЕНЬ,РІДКІСНИЙ,☀️ ЛІТО,FALSE,4,1,1,0,1,1,1,"0,1","0,20","0,20",0
TRM-12,Тур на VI етап Кубка світу 2024/25 з біатлону в Італії (Антгольц-Антерсельва),COMPETITOR,Travel Room,Італія,Італія,гірськолижний,Люкс 300 - 400,390,5,2,0,2,0,0,0,0,0,0,0,0,0,0,0,0,0,0,"ЧЕРВЕНЬ, ЛИПЕНЬ, СЕРПЕНЬ",ЧЕРВЕНЬ,РІДКІСНИЙ,☀️ ЛІТО,FALSE,4,1,1,0,1,1,1,"0,1","0,20","0,20",0
TRM-13,Белла Італія + два Карнавали,COMPETITOR,Travel Room,Італія,Італія,екскурсійний,Стандарт 150 - 300,250,5,2,3,2,0,0,0,0,0,0,0,0,0,0,0,0,0,0,"ЧЕРВЕНЬ, ЛИПЕНЬ, СЕРПЕНЬ",ЧЕРВЕНЬ,РІДКІСНИЙ,☀️ ЛІТО,FALSE,4,1,1,0,1,1,1,"0,1","0,20","0,20",0
,,,,,,,,,,,,,,,,,,,,,,,,,,,,,,,FALSE,,,,,,,,,,,
,,,,,,,,,,,,,,,,,,,,,,,,,,,,,,,FALSE,,,,,,,,,,,
,,,,,,,,,,,,,,,,,,,,,,,,,,,,,,,FALSE,,,,,,,,,,,
,,,,,,,,,,,,,,,,,,,,,,,,,,,,,,,FALSE,,,,,,,,,,,
,,,,,,,,,,,,,,,,,,,,,,,,,,,,,,,FALSE,,,,,,,,,,,
,,,,,,,,,,,,,,,,,,,,,,,,,,,,,,,FALSE,,,,,,,,,,,
,,,,,,,,,,,,,,,,,,,,,,,,,,,,,,,FALSE,,,,,,,,,,,
,,,,,,,,,,,,,,,,,,,,,,,,,,,,,,,FALSE,,,,,,,,,,,
,,,,,,,,,,,,,,,,,,,,,,,,,,,,,,,FALSE,,,,,,,,,,,
,,,,,,,,,,,,,,,,,,,,,,,,,,,,,,,FALSE,,,,,,,,,,,
,,,,,,,,,,,,,,,,,,,,,,,,,,,,,,,FALSE,,,,,,,,,,,
,,,,,,,,,,,,,,,,,,,,,,,,,,,,,,,FALSE,,,,,,,,,,,
,,,,,,,,,,,,,,,,,,,,,,,,,,,,,,,FALSE,,,,,,,,,,,
,,,,,,,,,,,,,,,,,,,,,,,,,,,,,,,FALSE,,,,,,,,,,,
,,,,,,,,,,,,,,,,,,,,,,,,,,,,,,,FALSE,,,,,,,,,,,
,,,,,,,,,,,,,,,,,,,,,,,,,,,,,,,FALSE,,,,,,,,,,,
,,,,,,,,,,,,,,,,,,,,,,,,,,,,,,,FALSE,,,,,,,,,,,
,,,,,,,,,,,,,,,,,,,,,,,,,,,,,,,FALSE,,,,,,,,,,,
,,,,,,,,,,,,,,,,,,,,,,,,,,,,,,,FALSE,,,,,,,,,,,
,,,,,,,,,,,,,,,,,,,,,,,,,,,,,,,FALSE,,,,,,,,,,,
,,,,,,,,,,,,,,,,,,,,,,,,,,,,,,,FALSE,,,,,,,,,,,
,,,,,,,,,,,,,,,,,,,,,,,,,,,,,,,FALSE,,,,,,,,,,,
,,,,,,,,,,,,,,,,,,,,,,,,,,,,,,,FALSE,,,,,,,,,,,
,,,,,,,,,,,,,,,,,,,,,,,,,,,,,,,FALSE,,,,,,,,,,,
,,,,,,,,,,,,,,,,,,,,,,,,,,,,,,,FALSE,,,,,,,,,,,
,,,,,,,,,,,,,,,,,,,,,,,,,,,,,,,FALSE,,,,,,,,,,,
,,,,,,,,,,,,,,,,,,,,,,,,,,,,,,,FALSE,,,,,,,,,,,
,,,,,,,,,,,,,,,,,,,,,,,,,,,,,,,FALSE,,,,,,,,,,,
,,,,,,,,,,,,,,,,,,,,,,,,,,,,,,,FALSE,,,,,,,,,,,
,,,,,,,,,,,,,,,,,,,,,,,,,,,,,,,FALSE,,,,,,,,,,,
,,,,,,,,,,,,,,,,,,,,,,,,,,,,,,,FALSE,,,,,,,,,,,
,,,,,,,,,,,,,,,,,,,,,,,,,,,,,,,FALSE,,,,,,,,,,,
,,,,,,,,,,,,,,,,,,,,,,,,,,,,,,,FALSE,,,,,,,,,,,
,,,,,,,,,,,,,,,,,,,,,,,,,,,,,,,FALSE,,,,,,,,,,,
,,,,,,,,,,,,,,,,,,,,,,,,,,,,,,,FALSE,,,,,,,,,,,
,,,,,,,,,,,,,,,,,,,,,,,,,,,,,,,FALSE,,,,,,,,,,,
,,,,,,,,,,,,,,,,,,,,,,,,,,,,,,,FALSE,,,,,,,,,,,
,,,,,,,,,,,,,,,,,,,,,,,,,,,,,,,FALSE,,,,,,,,,,,
,,,,,,,,,,,,,,,,,,,,,,,,,,,,,,,FALSE,,,,,,,,,,,
,,,,,,,,,,,,,,,,,,,,,,,,,,,,,,,FALSE,,,,,,,,,,,
,,,,,,,,,,,,,,,,,,,,,,,,,,,,,,,FALSE,,,,,,,,,,,
,,,,,,,,,,,,,,,,,,,,,,,,,,,,,,,FALSE,,,,,,,,,,,
,,,,,,,,,,,,,,,,,,,,,,,,,,,,,,,FALSE,,,,,,,,,,,
,,,,,,,,,,,,,,,,,,,,,,,,,,,,,,,FALSE,,,,,,,,,,,
,,,,,,,,,,,,,,,,,,,,,,,,,,,,,,,FALSE,,,,,,,,,,,
,,,,,,,,,,,,,,,,,,,,,,,,,,,,,,,FALSE,,,,,,,,,,,
,,,,,,,,,,,,,,,,,,,,,,,,,,,,,,,FALSE,,,,,,,,,,,
,,,,,,,,,,,,,,,,,,,,,,,,,,,,,,,FALSE,,,,,,,,,,,
,,,,,,,,,,,,,,,,,,,,,,,,,,,,,,,FALSE,,,,,,,,,,,
,,,,,,,,,,,,,,,,,,,,,,,,,,,,,,,FALSE,,,,,,,,,,,
,,,,,,,,,,,,,,,,,,,,,,,,,,,,,,,FALSE,,,,,,,,,,,
,,,,,,,,,,,,,,,,,,,,,,,,,,,,,,,FALSE,,,,,,,,,,,
,,,,,,,,,,,,,,,,,,,,,,,,,,,,,,,FALSE,,,,,,,,,,,
,,,,,,,,,,,,,,,,,,,,,,,,,,,,,,,FALSE,,,,,,,,,,,
,,,,,,,,,,,,,,,,,,,,,,,,,,,,,,,FALSE,,,,,,,,,,,
,,,,,,,,,,,,,,,,,,,,,,,,,,,,,,,FALSE,,,,,,,,,,,
,,,,,,,,,,,,,,,,,,,,,,,,,,,,,,,FALSE,,,,,,,,,,,
,,,,,,,,,,,,,,,,,,,,,,,,,,,,,,,FALSE,,,,,,,,,,,
,,,,,,,,,,,,,,,,,,,,,,,,,,,,,,,FALSE,,,,,,,,,,,
,,,,,,,,,,,,,,,,,,,,,,,,,,,,,,,FALSE,,,,,,,,,,,
,,,,,,,,,,,,,,,,,,,,,,,,,,,,,,,FALSE,,,,,,,,,,,
,,,,,,,,,,,,,,,,,,,,,,,,,,,,,,,FALSE,,,,,,,,,,,
,,,,,,,,,,,,,,,,,,,,,,,,,,,,,,,FALSE,,,,,,,,,,,
,,,,,,,,,,,,,,,,,,,,,,,,,,,,,,,FALSE,,,,,,,,,,,
,,,,,,,,,,,,,,,,,,,,,,,,,,,,,,,FALSE,,,,,,,,,,,
,,,,,,,,,,,,,,,,,,,,,,,,,,,,,,,FALSE,,,,,,,,,,,
,,,,,,,,,,,,,,,,,,,,,,,,,,,,,,,FALSE,,,,,,,,,,,
,,,,,,,,,,,,,,,,,,,,,,,,,,,,,,,FALSE,,,,,,,,,,,
,,,,,,,,,,,,,,,,,,,,,,,,,,,,,,,FALSE,,,,,,,,,,,
,,,,,,,,,,,,,,,,,,,,,,,,,,,,,,,FALSE,,,,,,,,,,,
,,,,,,,,,,,,,,,,,,,,,,,,,,,,,,,FALSE,,,,,,,,,,,
,,,,,,,,,,,,,,,,,,,,,,,,,,,,,,,FALSE,,,,,,,,,,,
,,,,,,,,,,,,,,,,,,,,,,,,,,,,,,,FALSE,,,,,,,,,,,
,,,,,,,,,,,,,,,,,,,,,,,,,,,,,,,FALSE,,,,,,,,,,,
,,,,,,,,,,,,,,,,,,,,,,,,,,,,,,,FALSE,,,,,,,,,,,
,,,,,,,,,,,,,,,,,,,,,,,,,,,,,,,FALSE,,,,,,,,,,,
,,,,,,,,,,,,,,,,,,,,,,,,,,,,,,,FALSE,,,,,,,,,,,
,,,,,,,,,,,,,,,,,,,,,,,,,,,,,,,FALSE,,,,,,,,,,,
,,,,,,,,,,,,,,,,,,,,,,,,,,,,,,,FALSE,,,,,,,,,,,
,,,,,,,,,,,,,,,,,,,,,,,,,,,,,,,FALSE,,,,,,,,,,,
,,,,,,,,,,,,,,,,,,,,,,,,,,,,,,,FALSE,,,,,,,,,,,
,,,,,,,,,,,,,,,,,,,,,,,,,,,,,,,FALSE,,,,,,,,,,,
,,,,,,,,,,,,,,,,,,,,,,,,,,,,,,,FALSE,,,,,,,,,,,
,,,,,,,,,,,,,,,,,,,,,,,,,,,,,,,FALSE,,,,,,,,,,,
,,,,,,,,,,,,,,,,,,,,,,,,,,,,,,,FALSE,,,,,,,,,,,
,,,,,,,,,,,,,,,,,,,,,,,,,,,,,,,FALSE,,,,,,,,,,,
,,,,,,,,,,,,,,,,,,,,,,,,,,,,,,,FALSE,,,,,,,,,,,
,,,,,,,,,,,,,,,,,,,,,,,,,,,,,,,FALSE,,,,,,,,,,,
,,,,,,,,,,,,,,,,,,,,,,,,,,,,,,,FALSE,,,,,,,,,,,
,,,,,,,,,,,,,,,,,,,,,,,,,,,,,,,FALSE,,,,,,,,,,,
,,,,,,,,,,,,,,,,,,,,,,,,,,,,,,,FALSE,,,,,,,,,,,
,,,,,,,,,,,,,,,,,,,,,,,,,,,,,,,FALSE,,,,,,,,,,,
,,,,,,,,,,,,,,,,,,,,,,,,,,,,,,,FALSE,,,,,,,,,,,
,,,,,,,,,,,,,,,,,,,,,,,,,,,,,,,FALSE,,,,,,,,,,,
,,,,,,,,,,,,,,,,,,,,,,,,,,,,,,,FALSE,,,,,,,,,,,
,,,,,,,,,,,,,,,,,,,,,,,,,,,,,,,FALSE,,,,,,,,,,,
,,,,,,,,,,,,,,,,,,,,,,,,,,,,,,,FALSE,,,,,,,,,,,
,,,,,,,,,,,,,,,,,,,,,,,,,,,,,,,FALSE,,,,,,,,,,,
,,,,,,,,,,,,,,,,,,,,,,,,,,,,,,,FALSE,,,,,,,,,,,
,,,,,,,,,,,,,,,,,,,,,,,,,,,,,,,FALSE,,,,,,,,,,,
,,,,,,,,,,,,,,,,,,,,,,,,,,,,,,,FALSE,,,,,,,,,,,
,,,,,,,,,,,,,,,,,,,,,,,,,,,,,,,FALSE,,,,,,,,,,,
,,,,,,,,,,,,,,,,,,,,,,,,,,,,,,,FALSE,,,,,,,,,,,
,,,,,,,,,,,,,,,,,,,,,,,,,,,,,,,FALSE,,,,,,,,,,,
,,,,,,,,,,,,,,,,,,,,,,,,,,,,,,,FALSE,,,,,,,,,,,
,,,,,,,,,,,,,,,,,,,,,,,,,,,,,,,FALSE,,,,,,,,,,,
,,,,,,,,,,,,,,,,,,,,,,,,,,,,,,,FALSE,,,,,,,,,,,
,,,,,,,,,,,,,,,,,,,,,,,,,,,,,,,FALSE,,,,,,,,,,,
,,,,,,,,,,,,,,,,,,,,,,,,,,,,,,,FALSE,,,,,,,,,,,
,,,,,,,,,,,,,,,,,,,,,,,,,,,,,,,FALSE,,,,,,,,,,,
,,,,,,,,,,,,,,,,,,,,,,,,,,,,,,,FALSE,,,,,,,,,,,
,,,,,,,,,,,,,,,,,,,,,,,,,,,,,,,FALSE,,,,,,,,,,,
,,,,,,,,,,,,,,,,,,,,,,,,,,,,,,,FALSE,,,,,,,,,,,
,,,,,,,,,,,,,,,,,,,,,,,,,,,,,,,FALSE,,,,,,,,,,,
,,,,,,,,,,,,,,,,,,,,,,,,,,,,,,,FALSE,,,,,,,,,,,
,,,,,,,,,,,,,,,,,,,,,,,,,,,,,,,FALSE,,,,,,,,,,,
,,,,,,,,,,,,,,,,,,,,,,,,,,,,,,,FALSE,,,,,,,,,,,
,,,,,,,,,,,,,,,,,,,,,,,,,,,,,,,FALSE,,,,,,,,,,,
,,,,,,,,,,,,,,,,,,,,,,,,,,,,,,,FALSE,,,,,,,,,,,
,,,,,,,,,,,,,,,,,,,,,,,,,,,,,,,FALSE,,,,,,,,,,,
,,,,,,,,,,,,,,,,,,,,,,,,,,,,,,,FALSE,,,,,,,,,,,
,,,,,,,,,,,,,,,,,,,,,,,,,,,,,,,FALSE,,,,,,,,,,,
,,,,,,,,,,,,,,,,,,,,,,,,,,,,,,,FALSE,,,,,,,,,,,
,,,,,,,,,,,,,,,,,,,,,,,,,,,,,,,FALSE,,,,,,,,,,,
,,,,,,,,,,,,,,,,,,,,,,,,,,,,,,,FALSE,,,,,,,,,,,
,,,,,,,,,,,,,,,,,,,,,,,,,,,,,,,FALSE,,,,,,,,,,,
,,,,,,,,,,,,,,,,,,,,,,,,,,,,,,,FALSE,,,,,,,,,,,
,,,,,,,,,,,,,,,,,,,,,,,,,,,,,,,FALSE,,,,,,,,,,,
,,,,,,,,,,,,,,,,,,,,,,,,,,,,,,,FALSE,,,,,,,,,,,
,,,,,,,,,,,,,,,,,,,,,,,,,,,,,,,FALSE,,,,,,,,,,,
,,,,,,,,,,,,,,,,,,,,,,,,,,,,,,,FALSE,,,,,,,,,,,
,,,,,,,,,,,,,,,,,,,,,,,,,,,,,,,FALSE,,,,,,,,,,,
,,,,,,,,,,,,,,,,,,,,,,,,,,,,,,,FALSE,,,,,,,,,,,
,,,,,,,,,,,,,,,,,,,,,,,,,,,,,,,FALSE,,,,,,,,,,,
,,,,,,,,,,,,,,,,,,,,,,,,,,,,,,,FALSE,,,,,,,,,,,
,,,,,,,,,,,,,,,,,,,,,,,,,,,,,,,FALSE,,,,,,,,,,,
,,,,,,,,,,,,,,,,,,,,,,,,,,,,,,,FALSE,,,,,,,,,,,
,,,,,,,,,,,,,,,,,,,,,,,,,,,,,,,FALSE,,,,,,,,,,,
,,,,,,,,,,,,,,,,,,,,,,,,,,,,,,,FALSE,,,,,,,,,,,
,,,,,,,,,,,,,,,,,,,,,,,,,,,,,,,FALSE,,,,,,,,,,,
,,,,,,,,,,,,,,,,,,,,,,,,,,,,,,,FALSE,,,,,,,,,,,
,,,,,,,,,,,,,,,,,,,,,,,,,,,,,,,FALSE,,,,,,,,,,,
,,,,,,,,,,,,,,,,,,,,,,,,,,,,,,,FALSE,,,,,,,,,,,
,,,,,,,,,,,,,,,,,,,,,,,,,,,,,,,FALSE,,,,,,,,,,,
,,,,,,,,,,,,,,,,,,,,,,,,,,,,,,,FALSE,,,,,,,,,,,
,,,,,,,,,,,,,,,,,,,,,,,,,,,,,,,FALSE,,,,,,,,,,,
,,,,,,,,,,,,,,,,,,,,,,,,,,,,,,,FALSE,,,,,,,,,,,
,,,,,,,,,,,,,,,,,,,,,,,,,,,,,,,FALSE,,,,,,,,,,,
,,,,,,,,,,,,,,,,,,,,,,,,,,,,,,,FALSE,,,,,,,,,,,
,,,,,,,,,,,,,,,,,,,,,,,,,,,,,,,FALSE,,,,,,,,,,,
,,,,,,,,,,,,,,,,,,,,,,,,,,,,,,,FALSE,,,,,,,,,,,
,,,,,,,,,,,,,,,,,,,,,,,,,,,,,,,FALSE,,,,,,,,,,,
,,,,,,,,,,,,,,,,,,,,,,,,,,,,,,,FALSE,,,,,,,,,,,
,,,,,,,,,,,,,,,,,,,,,,,,,,,,,,,FALSE,,,,,,,,,,,
,,,,,,,,,,,,,,,,,,,,,,,,,,,,,,,FALSE,,,,,,,,,,,
,,,,,,,,,,,,,,,,,,,,,,,,,,,,,,,FALSE,,,,,,,,,,,
,,,,,,,,,,,,,,,,,,,,,,,,,,,,,,,FALSE,,,,,,,,,,,
,,,,,,,,,,,,,,,,,,,,,,,,,,,,,,,FALSE,,,,,,,,,,,
,,,,,,,,,,,,,,,,,,,,,,,,,,,,,,,FALSE,,,,,,,,,,,
,,,,,,,,,,,,,,,,,,,,,,,,,,,,,,,FALSE,,,,,,,,,,,