URL туру,Назва туру,Дата (від),Дата (до),Ціна (€),Ціна (грн),Стара ціна (€),Місць / Статус
https://www.accordtour.com/tours/7495,"Три щасливих смайлика: Амстердам, Париж, Рим + Лазурове узбережжя!",28.5.2026,,445,,,
https://www.accordtour.com/tours/7495,"Три щасливих смайлика: Амстердам, Париж, Рим + Лазурове узбережжя!",29.05.2026,,445,,,
https://www.accordtour.com/tours/7495,"Три щасливих смайлика: Амстердам, Париж, Рим + Лазурове узбережжя!",2.6.2026,,445,,,
https://www.accordtour.com/tours/7495,"Три щасливих смайлика: Амстердам, Париж, Рим + Лазурове узбережжя!",06.06.2026,,445,,,
https://www.accordtour.com/tours/7495,"Три щасливих смайлика: Амстердам, Париж, Рим + Лазурове узбережжя!",09.06.2026,,445,,,
https://www.accordtour.com/tours/7495,"Три щасливих смайлика: Амстердам, Париж, Рим + Лазурове узбережжя!",12.06.2026,,445,,,
https://www.accordtour.com/tours/7495,"Три щасливих смайлика: Амстердам, Париж, Рим + Лазурове узбережжя!",13.06.2026,,445,,,
https://www.accordtour.com/tours/7495,"Три щасливих смайлика: Амстердам, Париж, Рим + Лазурове узбережжя!",14.06.2026,,445,,,
https://www.accordtour.com/tours/7495,"Три щасливих смайлика: Амстердам, Париж, Рим + Лазурове узбережжя!",15.06.2026,,445,,,
https://www.accordtour.com/tours/7495,"Три щасливих смайлика: Амстердам, Париж, Рим + Лазурове узбережжя!",16.06.2026,,445,,,
https://www.accordtour.com/tours/7495,"Три щасливих смайлика: Амстердам, Париж, Рим + Лазурове узбережжя!",17.06.2026,,445,,,
https://www.accordtour.com/tours/7495,"Три щасливих смайлика: Амстердам, Париж, Рим + Лазурове узбережжя!",22.06.2026,,445,,,
https://www.accordtour.com/tours/7495,"Три щасливих смайлика: Амстердам, Париж, Рим + Лазурове узбережжя!",23.6.2026,,445,,,
https://www.accordtour.com/tours/7495,"Три щасливих смайлика: Амстердам, Париж, Рим + Лазурове узбережжя!",24.06.2026,,445,,,
https://www.accordtour.com/tours/7495,"Три щасливих смайлика: Амстердам, Париж, Рим + Лазурове узбережжя!",25.06.2026,,445,,,
https://www.accordtour.com/tours/7495,"Три щасливих смайлика: Амстердам, Париж, Рим + Лазурове узбережжя!",27.06.2026,,445,,,
https://www.accordtour.com/tours/7495,"Три щасливих смайлика: Амстердам, Париж, Рим + Лазурове узбережжя!",30.06.2026,,445,,,
https://www.accordtour.com/tours/7495,"Три щасливих смайлика: Амстердам, Париж, Рим + Лазурове узбережжя!",02.07.2026,,445,,,
https://www.accordtour.com/tours/7495,"Три щасливих смайлика: Амстердам, Париж, Рим + Лазурове узбережжя!",12.07.2026,,445,,,
https://www.accordtour.com/tours/7495,"Три щасливих смайлика: Амстердам, Париж, Рим + Лазурове узбережжя!",15.07.2026,,445,,,
https://www.accordtour.com/tours/7495,"Три щасливих смайлика: Амстердам, Париж, Рим + Лазурове узбережжя!",16.07.2026,,445,,,
https://www.accordtour.com/tours/7495,"Три щасливих смайлика: Амстердам, Париж, Рим + Лазурове узбережжя!",17.07.2026,,445,,,
https://www.accordtour.com/tours/7495,"Три щасливих смайлика: Амстердам, Париж, Рим + Лазурове узбережжя!",22.07.2026,,445,,,
https://www.accordtour.com/tours/7495,"Три щасливих смайлика: Амстердам, Париж, Рим + Лазурове узбережжя!",24.07.2026,,445,,,
https://www.accordtour.com/tours/7495,"Три щасливих смайлика: Амстердам, Париж, Рим + Лазурове узбережжя!",27.07.2026,,445,,,
https://www.accordtour.com/tours/7495,"Три щасливих смайлика: Амстердам, Париж, Рим + Лазурове узбережжя!",28.07.2026,,445,,,
https://www.accordtour.com/tours/636313,Мільйон посмішок... або 4 дні в Амстердамі!,28.05.2026,,460,,,
https://www.accordtour.com/tours/636313,Мільйон посмішок... або 4 дні в Амстердамі!,29.05.2026,,460,,,
https://www.accordtour.com/tours/636313,Мільйон посмішок... або 4 дні в Амстердамі!,02.06.2026,,460,,,
https://www.accordtour.com/tours/636313,Мільйон посмішок... або 4 дні в Амстердамі!,06.06.2026,,460,,,
https://www.accordtour.com/tours/636313,Мільйон посмішок... або 4 дні в Амстердамі!,09.06.2026,,460,,,
https://www.accordtour.com/tours/636313,Мільйон посмішок... або 4 дні в Амстердамі!,12.06.2026,,460,,,
https://www.accordtour.com/tours/636313,Мільйон посмішок... або 4 дні в Амстердамі!,13.06.2026,,460,,,
https://www.accordtour.com/tours/636313,Мільйон посмішок... або 4 дні в Амстердамі!,14.06.2026,,460,,,
https://www.accordtour.com/tours/636313,Мільйон посмішок... або 4 дні в Амстердамі!,15.06.2026,,460,,,
https://www.accordtour.com/tours/636313,Мільйон посмішок... або 4 дні в Амстердамі!,16.06.2026,,460,,,
https://www.accordtour.com/tours/636313,Мільйон посмішок... або 4 дні в Амстердамі!,17.06.2026,,460,,,
https://www.accordtour.com/tours/636313,Мільйон посмішок... або 4 дні в Амстердамі!,22.06.2026,,460,,,
https://www.accordtour.com/tours/636313,Мільйон посмішок... або 4 дні в Амстердамі!,23.06.2026,,460,,,
https://www.accordtour.com/tours/636313,Мільйон посмішок... або 4 дні в Амстердамі!,24.06.2026,,460,,,
https://www.accordtour.com/tours/636313,Мільйон посмішок... або 4 дні в Амстердамі!,25.06.2026,,460,,,
https://www.accordtour.com/tours/636313,Мільйон посмішок... або 4 дні в Амстердамі!,27.06.2026,,460,,,
https://www.accordtour.com/tours/636313,Мільйон посмішок... або 4 дні в Амстердамі!,30.06.2026,,460,,,
https://www.accordtour.com/tours/636313,Мільйон посмішок... або 4 дні в Амстердамі!,02.07.2026,,460,,,
https://www.accordtour.com/tours/636313,Мільйон посмішок... або 4 дні в Амстердамі!,12.07.2026,,460,,,
https://www.accordtour.com/tours/636313,Мільйон посмішок... або 4 дні в Амстердамі!,15.07.2026,,460,,,
https://www.accordtour.com/tours/636313,Мільйон посмішок... або 4 дні в Амстердамі!,16.07.2026,,460,,,
https://www.accordtour.com/tours/636313,Мільйон посмішок... або 4 дні в Амстердамі!,17.07.2026,,460,,,
https://www.accordtour.com/tours/636313,Мільйон посмішок... або 4 дні в Амстердамі!,22.07.2026,,460,,,
https://www.accordtour.com/tours/636313,Мільйон посмішок... або 4 дні в Амстердамі!,24.07.2026,,460,,,
https://www.accordtour.com/tours/636313,Мільйон посмішок... або 4 дні в Амстердамі!,27.07.2026,,460,,,
https://www.accordtour.com/tours/636313,Мільйон посмішок... або 4 дні в Амстердамі!,28.07.2026,,460,,,
https://www.accordtour.com/tours/808888,"Вояж в Париж Нормандія, Замки Луари + Люксембург",29.05.2026,,395,,,
https://www.accordtour.com/tours/808888,"Вояж в Париж Нормандія, Замки Луари + Люксембург",06.06.2026,,395,,,
https://www.accordtour.com/tours/808888,"Вояж в Париж Нормандія, Замки Луари + Люксембург",14.06.2026,,395,,,
https://www.accordtour.com/tours/808888,"Вояж в Париж Нормандія, Замки Луари + Люксембург",16.06.2026,,395,,,
https://www.accordtour.com/tours/808888,"Вояж в Париж Нормандія, Замки Луари + Люксембург",21.06.2026,,395,,,
https://www.accordtour.com/tours/808888,"Вояж в Париж Нормандія, Замки Луари + Люксембург",27.06.2026,,395,,,
https://www.accordtour.com/tours/808888,"Вояж в Париж Нормандія, Замки Луари + Люксембург",30.06.2026,,395,,,
https://www.accordtour.com/tours/808888,"Вояж в Париж Нормандія, Замки Луари + Люксембург",02.07.2026,,395,,,
https://www.accordtour.com/tours/808888,"Вояж в Париж Нормандія, Замки Луари + Люксембург",12.07.2026,,395,,,
https://www.accordtour.com/tours/808888,"Вояж в Париж Нормандія, Замки Луари + Люксембург",17.07.2026,,395,,,
https://www.accordtour.com/tours/808888,"Вояж в Париж Нормандія, Замки Луари + Люксембург",22.07.2026,,395,,,
https://www.accordtour.com/tours/808888,"Вояж в Париж Нормандія, Замки Луари + Люксембург",31.07.2026,,395,,,
https://www.accordtour.com/tours/808888,"Вояж в Париж Нормандія, Замки Луари + Люксембург",01.08.2026,,395,,,
https://www.accordtour.com/tours/808888,"Вояж в Париж Нормандія, Замки Луари + Люксембург",09.08.2026,,395,,,
https://www.accordtour.com/tours/808888,"Вояж в Париж Нормандія, Замки Луари + Люксембург",22.08.2026,,395,,,
https://www.accordtour.com/tours/808888,"Вояж в Париж Нормандія, Замки Луари + Люксембург",27.08.2026,,395,,,
https://www.accordtour.com/tours/808888,"Вояж в Париж Нормандія, Замки Луари + Люксембург",06.09.2026,,395,,,
https://www.accordtour.com/tours/808888,"Вояж в Париж Нормандія, Замки Луари + Люксембург",12.09.2026,,395,,,
https://www.accordtour.com/tours/808888,"Вояж в Париж Нормандія, Замки Луари + Люксембург",20.09.2026,,395,,,
https://www.accordtour.com/tours/808888,"Вояж в Париж Нормандія, Замки Луари + Люксембург",22.09.2026,,395,,,
https://www.accordtour.com/tours/808888,"Вояж в Париж Нормандія, Замки Луари + Люксембург",29.09.2026,,395,,,
https://www.accordtour.com/tours/808888,"Вояж в Париж Нормандія, Замки Луари + Люксембург",03.10.2026,,395,,,
https://www.accordtour.com/tours/808888,"Вояж в Париж Нормандія, Замки Луари + Люксембург",11.10.2026,,395,,,
https://www.accordtour.com/tours/2819,"Париж, квіти..... і Компліменти! Амстердам, Брюссель, Париж, Люксембург, Кельн",28.05.2026,,571,,,
https://www.accordtour.com/tours/2819,"Париж, квіти..... і Компліменти! Амстердам, Брюссель, Париж, Люксембург, Кельн",29.05.2026,,571,,,
https://www.accordtour.com/tours/2819,"Париж, квіти..... і Компліменти! Амстердам, Брюссель, Париж, Люксембург, Кельн",02.06.2026,,571,,,
https://www.accordtour.com/tours/2819,"Париж, квіти..... і Компліменти! Амстердам, Брюссель, Париж, Люксембург, Кельн",06.06.2026,,571,,,
https://www.accordtour.com/tours/2819,"Париж, квіти..... і Компліменти! Амстердам, Брюссель, Париж, Люксембург, Кельн",09.06.2026,,571,,,
https://www.accordtour.com/tours/2819,"Париж, квіти..... і Компліменти! Амстердам, Брюссель, Париж, Люксембург, Кельн",12.06.2026,,571,,,
https://www.accordtour.com/tours/2819,"Париж, квіти..... і Компліменти! Амстердам, Брюссель, Париж, Люксембург, Кельн",13.06.2026,,571,,,
https://www.accordtour.com/tours/2819,"Париж, квіти..... і Компліменти! Амстердам, Брюссель, Париж, Люксембург, Кельн",14.06.2026,,571,,,
https://www.accordtour.com/tours/2819,"Париж, квіти..... і Компліменти! Амстердам, Брюссель, Париж, Люксембург, Кельн",15.06.2026,,571,,,
https://www.accordtour.com/tours/2819,"Париж, квіти..... і Компліменти! Амстердам, Брюссель, Париж, Люксембург, Кельн",16.06.2026,,571,,,
https://www.accordtour.com/tours/2819,"Париж, квіти..... і Компліменти! Амстердам, Брюссель, Париж, Люксембург, Кельн",17.06.2026,,571,,,
https://www.accordtour.com/tours/2819,"Париж, квіти..... і Компліменти! Амстердам, Брюссель, Париж, Люксембург, Кельн",22.06.2026,,571,,,
https://www.accordtour.com/tours/2819,"Париж, квіти..... і Компліменти! Амстердам, Брюссель, Париж, Люксембург, Кельн",23.06.2026,,571,,,
https://www.accordtour.com/tours/2819,"Париж, квіти..... і Компліменти! Амстердам, Брюссель, Париж, Люксембург, Кельн",24.06.2026,,571,,,
https://www.accordtour.com/tours/2819,"Париж, квіти..... і Компліменти! Амстердам, Брюссель, Париж, Люксембург, Кельн",25.06.2026,,571,,,
https://www.accordtour.com/tours/2819,"Париж, квіти..... і Компліменти! Амстердам, Брюссель, Париж, Люксембург, Кельн",27.06.2026,,571,,,
https://www.accordtour.com/tours/2819,"Париж, квіти..... і Компліменти! Амстердам, Брюссель, Париж, Люксембург, Кельн",30.06.2026,,571,,,
https://www.accordtour.com/tours/2819,"Париж, квіти..... і Компліменти! Амстердам, Брюссель, Париж, Люксембург, Кельн",02.07.2026,,571,,,
https://www.accordtour.com/tours/2819,"Париж, квіти..... і Компліменти! Амстердам, Брюссель, Париж, Люксембург, Кельн",12.07.2026,,571,,,
https://www.accordtour.com/tours/2819,"Париж, квіти..... і Компліменти! Амстердам, Брюссель, Париж, Люксембург, Кельн",15.07.2026,,571,,,
https://www.accordtour.com/tours/2819,"Париж, квіти..... і Компліменти! Амстердам, Брюссель, Париж, Люксембург, Кельн",16.07.2026,,571,,,
https://www.accordtour.com/tours/2819,"Париж, квіти..... і Компліменти! Амстердам, Брюссель, Париж, Люксембург, Кельн",17.07.2026,,571,,,
https://www.accordtour.com/tours/2819,"Париж, квіти..... і Компліменти! Амстердам, Брюссель, Париж, Люксембург, Кельн",22.07.2026,,571,,,
https://www.accordtour.com/tours/2819,"Париж, квіти..... і Компліменти! Амстердам, Брюссель, Париж, Люксембург, Кельн",24.07.2026,,571,,,
https://www.accordtour.com/tours/2819,"Париж, квіти..... і Компліменти! Амстердам, Брюссель, Париж, Люксембург, Кельн",27.07.2026,,571,,,
https://www.accordtour.com/tours/2819,"Париж, квіти..... і Компліменти! Амстердам, Брюссель, Париж, Люксембург, Кельн",28.7.2026,,571,,,
https://www.accordtour.com/tours/8373,Три дні в Парижі + Діснейленд,20.05.2026,,271,,,
https://www.accordtour.com/tours/8373,Три дні в Парижі + Діснейленд,28.05.2026,,271,,,
https://www.accordtour.com/tours/8373,Три дні в Парижі + Діснейленд,29.05.2026,,271,,,
https://www.accordtour.com/tours/8373,Три дні в Парижі + Діснейленд,02.06.2026,,271,,,
https://www.accordtour.com/tours/8373,Три дні в Парижі + Діснейленд,06.06.2026,,271,,,
https://www.accordtour.com/tours/8373,Три дні в Парижі + Діснейленд,13.06.2026,,271,,,
https://www.accordtour.com/tours/8373,Три дні в Парижі + Діснейленд,17.06.2026,,271,,,
https://www.accordtour.com/tours/8373,Три дні в Парижі + Діснейленд,22.06.2026,,271,,,
https://www.accordtour.com/tours/8373,Три дні в Парижі + Діснейленд,27.06.2026,,271,,,
https://www.accordtour.com/tours/8373,Три дні в Парижі + Діснейленд,30.06.2026,,271,,,
https://www.accordtour.com/tours/8373,Три дні в Парижі + Діснейленд,02.07.2026,,271,,,
https://www.accordtour.com/tours/8373,Три дні в Парижі + Діснейленд,12.07.2026,,271,,,
https://www.accordtour.com/tours/8373,Три дні в Парижі + Діснейленд,17.07.2026,,271,,,
https://www.accordtour.com/tours/8373,Три дні в Парижі + Діснейленд,22.07.2026,,271,,,
https://www.accordtour.com/tours/8373,Три дні в Парижі + Діснейленд,24.07.2026,,271,,,
https://www.accordtour.com/tours/8373,Три дні в Парижі + Діснейленд,28.07.2026,,271,,,
https://www.accordtour.com/tours/8373,Три дні в Парижі + Діснейленд,31.07.2026,,271,,,
https://www.accordtour.com/tours/8373,Три дні в Парижі + Діснейленд,02.08.2026,,271,,,
https://www.accordtour.com/tours/8373,Три дні в Парижі + Діснейленд,09.08.2026,,271,,,
https://www.accordtour.com/tours/8373,Три дні в Парижі + Діснейленд,11.08.2026,,271,,,
https://www.accordtour.com/tours/8373,Три дні в Парижі + Діснейленд,19.08.2026,,271,,,
https://www.accordtour.com/tours/8373,Три дні в Парижі + Діснейленд,22.08.2026,,271,,,
https://www.accordtour.com/tours/8373,Три дні в Парижі + Діснейленд,25.08.2026,,271,,,
https://www.accordtour.com/tours/8373,Три дні в Парижі + Діснейленд,27.08.2026,,271,,,
https://www.accordtour.com/tours/8490,Амурні пригоди в Амстердамі і Парижі!!!,27.05.2026,,364,,,
https://www.accordtour.com/tours/8490,Амурні пригоди в Амстердамі і Парижі!!!,28.05.2026,,364,,,
https://www.accordtour.com/tours/8490,Амурні пригоди в Амстердамі і Парижі!!!,29.05.2026,,364,,,
https://www.accordtour.com/tours/8490,Амурні пригоди в Амстердамі і Парижі!!!,06.06.2026,,364,,,
https://www.accordtour.com/tours/8490,Амурні пригоди в Амстердамі і Парижі!!!,08.06.2026,,364,,,
https://www.accordtour.com/tours/8490,Амурні пригоди в Амстердамі і Парижі!!!,09.06.2026,,364,,,
https://www.accordtour.com/tours/8490,Амурні пригоди в Амстердамі і Парижі!!!,10.06.2026,,364,,,
https://www.accordtour.com/tours/8490,Амурні пригоди в Амстердамі і Парижі!!!,11.06.2026,,364,,,
https://www.accordtour.com/tours/8490,Амурні пригоди в Амстердамі і Парижі!!!,13.06.2026,,364,,,
https://www.accordtour.com/tours/8490,Амурні пригоди в Амстердамі і Парижі!!!,14.06.2026,,364,,,
https://www.accordtour.com/tours/8490,Амурні пригоди в Амстердамі і Парижі!!!,15.06.2026,,364,,,
https://www.accordtour.com/tours/8490,Амурні пригоди в Амстердамі і Парижі!!!,24.06.2026,,364,,,
https://www.accordtour.com/tours/8490,Амурні пригоди в Амстердамі і Парижі!!!,26.06.2026,,364,,,
https://www.accordtour.com/tours/8490,Амурні пригоди в Амстердамі і Парижі!!!,27.06.2026,,364,,,
https://www.accordtour.com/tours/8490,Амурні пригоди в Амстердамі і Парижі!!!,28.06.2026,,364,,,
https://www.accordtour.com/tours/8490,Амурні пригоди в Амстердамі і Парижі!!!,30.06.2026,,364,,,
https://www.accordtour.com/tours/8490,Амурні пригоди в Амстердамі і Парижі!!!,05.07.2026,,364,,,
https://www.accordtour.com/tours/8490,Амурні пригоди в Амстердамі і Парижі!!!,06.07.2026,,364,,,
https://www.accordtour.com/tours/8490,Амурні пригоди в Амстердамі і Парижі!!!,08.07.2026,,364,,,
https://www.accordtour.com/tours/8490,Амурні пригоди в Амстердамі і Парижі!!!,15.07.2026,,364,,,
https://www.accordtour.com/tours/8490,Амурні пригоди в Амстердамі і Парижі!!!,18.07.2026,,364,,,
https://www.accordtour.com/tours/8490,Амурні пригоди в Амстердамі і Парижі!!!,19.07.2026,,364,,,
https://www.accordtour.com/tours/8490,Амурні пригоди в Амстердамі і Парижі!!!,20.07.2026,,364,,,
https://www.accordtour.com/tours/8490,Амурні пригоди в Амстердамі і Парижі!!!,24.07.2026,,364,,,
https://www.accordtour.com/tours/8490,Амурні пригоди в Амстердамі і Парижі!!!,28.07.2026,,364,,,
https://www.accordtour.com/tours/8490,Амурні пригоди в Амстердамі і Парижі!!!,29.07.2026,,364,,,
https://www.accordtour.com/tours/7805,"Яскравий Бенілюкс: Нідерланди, Бельгія та Люксембург!",27.05.2026,,425,,,
https://www.accordtour.com/tours/7805,"Яскравий Бенілюкс: Нідерланди, Бельгія та Люксембург!",28.05.2026,,425,,,
https://www.accordtour.com/tours/7805,"Яскравий Бенілюкс: Нідерланди, Бельгія та Люксембург!",29.05.2026,,425,,,
https://www.accordtour.com/tours/7805,"Яскравий Бенілюкс: Нідерланди, Бельгія та Люксембург!",06.06.2026,,425,,,
https://www.accordtour.com/tours/7805,"Яскравий Бенілюкс: Нідерланди, Бельгія та Люксембург!",08.06.2026,,425,,,
https://www.accordtour.com/tours/7805,"Яскравий Бенілюкс: Нідерланди, Бельгія та Люксембург!",09.06.2026,,425,,,
https://www.accordtour.com/tours/7805,"Яскравий Бенілюкс: Нідерланди, Бельгія та Люксембург!",10.06.2026,,425,,,
https://www.accordtour.com/tours/7805,"Яскравий Бенілюкс: Нідерланди, Бельгія та Люксембург!",11.06.2026,,425,,,
https://www.accordtour.com/tours/7805,"Яскравий Бенілюкс: Нідерланди, Бельгія та Люксембург!",13.06.2026,,425,,,
https://www.accordtour.com/tours/7805,"Яскравий Бенілюкс: Нідерланди, Бельгія та Люксембург!",14.06.2026,,425,,,
https://www.accordtour.com/tours/7805,"Яскравий Бенілюкс: Нідерланди, Бельгія та Люксембург!",15.06.2026,,425,,,
https://www.accordtour.com/tours/7805,"Яскравий Бенілюкс: Нідерланди, Бельгія та Люксембург!",24.06.2026,,425,,,
https://www.accordtour.com/tours/7805,"Яскравий Бенілюкс: Нідерланди, Бельгія та Люксембург!",26.06.2026,,425,,,
https://www.accordtour.com/tours/7805,"Яскравий Бенілюкс: Нідерланди, Бельгія та Люксембург!",27.06.2026,,425,,,
https://www.accordtour.com/tours/7805,"Яскравий Бенілюкс: Нідерланди, Бельгія та Люксембург!",28.06.2026,,425,,,
https://www.accordtour.com/tours/7805,"Яскравий Бенілюкс: Нідерланди, Бельгія та Люксембург!",30.06.2026,,425,,,
https://www.accordtour.com/tours/7805,"Яскравий Бенілюкс: Нідерланди, Бельгія та Люксембург!",05.07.2026,,425,,,
https://www.accordtour.com/tours/7805,"Яскравий Бенілюкс: Нідерланди, Бельгія та Люксембург!",06.07.2026,,425,,,
https://www.accordtour.com/tours/7805,"Яскравий Бенілюкс: Нідерланди, Бельгія та Люксембург!",08.07.2026,,425,,,
https://www.accordtour.com/tours/7805,"Яскравий Бенілюкс: Нідерланди, Бельгія та Люксембург!",15.07.2026,,425,,,
https://www.accordtour.com/tours/7805,"Яскравий Бенілюкс: Нідерланди, Бельгія та Люксембург!",18.07.2026,,425,,,
https://www.accordtour.com/tours/7805,"Яскравий Бенілюкс: Нідерланди, Бельгія та Люксембург!",19.07.2026,,425,,,
https://www.accordtour.com/tours/7805,"Яскравий Бенілюкс: Нідерланди, Бельгія та Люксембург!",20.07.2026,,425,,,
https://www.accordtour.com/tours/7805,"Яскравий Бенілюкс: Нідерланди, Бельгія та Люксембург!",24.07.2026,,425,,,
https://www.accordtour.com/tours/7805,"Яскравий Бенілюкс: Нідерланди, Бельгія та Люксембург!",28.07.2026,,425,,,
https://www.accordtour.com/tours/7805,"Яскравий Бенілюкс: Нідерланди, Бельгія та Люксембург!",29.07.2026,,425,,,
https://www.accordtour.com/tours/6987,"Французький Каприз 4 дні в Парижі + Нормандія, долина Луари, Мон-Сен-Мішель!",27.05.2026,,391,,,
https://www.accordtour.com/tours/6987,"Французький Каприз 4 дні в Парижі + Нормандія, долина Луари, Мон-Сен-Мішель!",28.05.2026,,391,,,
https://www.accordtour.com/tours/6987,"Французький Каприз 4 дні в Парижі + Нормандія, долина Луари, Мон-Сен-Мішель!",29.05.2026,,391,,,
https://www.accordtour.com/tours/6987,"Французький Каприз 4 дні в Парижі + Нормандія, долина Луари, Мон-Сен-Мішель!",06.06.2026,,391,,,
https://www.accordtour.com/tours/6987,"Французький Каприз 4 дні в Парижі + Нормандія, долина Луари, Мон-Сен-Мішель!",08.06.2026,,391,,,
https://www.accordtour.com/tours/6987,"Французький Каприз 4 дні в Парижі + Нормандія, долина Луари, Мон-Сен-Мішель!",09.06.2026,,391,,,
https://www.accordtour.com/tours/6987,"Французький Каприз 4 дні в Парижі + Нормандія, долина Луари, Мон-Сен-Мішель!",10.06.2026,,391,,,
https://www.accordtour.com/tours/6987,"Французький Каприз 4 дні в Парижі + Нормандія, долина Луари, Мон-Сен-Мішель!",11.06.2026,,391,,,
https://www.accordtour.com/tours/6987,"Французький Каприз 4 дні в Парижі + Нормандія, долина Луари, Мон-Сен-Мішель!",13.06.2026,,391,,,
https://www.accordtour.com/tours/6987,"Французький Каприз 4 дні в Парижі + Нормандія, долина Луари, Мон-Сен-Мішель!",14.06.2026,,391,,,
https://www.accordtour.com/tours/6987,"Французький Каприз 4 дні в Парижі + Нормандія, долина Луари, Мон-Сен-Мішель!",15.06.2026,,391,,,
https://www.accordtour.com/tours/6987,"Французький Каприз 4 дні в Парижі + Нормандія, долина Луари, Мон-Сен-Мішель!",17.06.2026,,391,,,
https://www.accordtour.com/tours/6987,"Французький Каприз 4 дні в Парижі + Нормандія, долина Луари, Мон-Сен-Мішель!",24.06.2026,,391,,,
https://www.accordtour.com/tours/6987,"Французький Каприз 4 дні в Парижі + Нормандія, долина Луари, Мон-Сен-Мішель!",26.06.2026,,391,,,
https://www.accordtour.com/tours/6987,"Французький Каприз 4 дні в Парижі + Нормандія, долина Луари, Мон-Сен-Мішель!",27.06.2026,,391,,,
https://www.accordtour.com/tours/6987,"Французький Каприз 4 дні в Парижі + Нормандія, долина Луари, Мон-Сен-Мішель!",28.06.2026,,391,,,
https://www.accordtour.com/tours/6987,"Французький Каприз 4 дні в Парижі + Нормандія, долина Луари, Мон-Сен-Мішель!",30.06.2026,,391,,,
https://www.accordtour.com/tours/6987,"Французький Каприз 4 дні в Парижі + Нормандія, долина Луари, Мон-Сен-Мішель!",05.07.2026,,391,,,
https://www.accordtour.com/tours/6987,"Французький Каприз 4 дні в Парижі + Нормандія, долина Луари, Мон-Сен-Мішель!",06.07.2026,,391,,,
https://www.accordtour.com/tours/6987,"Французький Каприз 4 дні в Парижі + Нормандія, долина Луари, Мон-Сен-Мішель!",08.07.2026,,391,,,
https://www.accordtour.com/tours/6987,"Французький Каприз 4 дні в Парижі + Нормандія, долина Луари, Мон-Сен-Мішель!",15.07.2026,,391,,,
https://www.accordtour.com/tours/6987,"Французький Каприз 4 дні в Парижі + Нормандія, долина Луари, Мон-Сен-Мішель!",18.07.2026,,391,,,
https://www.accordtour.com/tours/6987,"Французький Каприз 4 дні в Парижі + Нормандія, долина Луари, Мон-Сен-Мішель!",19.07.2026,,391,,,
https://www.accordtour.com/tours/6987,"Французький Каприз 4 дні в Парижі + Нормандія, долина Луари, Мон-Сен-Мішель!",20.07.2026,,391,,,
https://www.accordtour.com/tours/6987,"Французький Каприз 4 дні в Парижі + Нормандія, долина Луари, Мон-Сен-Мішель!",24.07.2026,,391,,,
https://www.accordtour.com/tours/6987,"Французький Каприз 4 дні в Парижі + Нормандія, долина Луари, Мон-Сен-Мішель!",28.07.2026,,391,,,
https://www.accordtour.com/tours/6228,"Вітаю, милий Амстердам!",27.05.2026,,396,,,
https://www.accordtour.com/tours/6228,"Вітаю, милий Амстердам!",28.05.2026,,396,,,
https://www.accordtour.com/tours/6228,"Вітаю, милий Амстердам!",29.05.2026,,396,,,
https://www.accordtour.com/tours/6228,"Вітаю, милий Амстердам!",06.06.2026,,396,,,
https://www.accordtour.com/tours/6228,"Вітаю, милий Амстердам!",08.06.2026,,396,,,
https://www.accordtour.com/tours/6228,"Вітаю, милий Амстердам!",09.06.2026,,396,,,
https://www.accordtour.com/tours/6228,"Вітаю, милий Амстердам!",10.06.2026,,396,,,
https://www.accordtour.com/tours/6228,"Вітаю, милий Амстердам!",11.06.2026,,396,,,
https://www.accordtour.com/tours/6228,"Вітаю, милий Амстердам!",13.06.2026,,396,,,
https://www.accordtour.com/tours/6228,"Вітаю, милий Амстердам!",14.06.2026,,396,,,
https://www.accordtour.com/tours/6228,"Вітаю, милий Амстердам!",15.06.2026,,396,,,
https://www.accordtour.com/tours/6228,"Вітаю, милий Амстердам!",24.06.2026,,396,,,
https://www.accordtour.com/tours/6228,"Вітаю, милий Амстердам!",26.06.2026,,396,,,
https://www.accordtour.com/tours/6228,"Вітаю, милий Амстердам!",27.06.2026,,396,,,
https://www.accordtour.com/tours/6228,"Вітаю, милий Амстердам!",28.06.2026,,396,,,
https://www.accordtour.com/tours/6228,"Вітаю, милий Амстердам!",30.06.2026,,396,,,
https://www.accordtour.com/tours/6228,"Вітаю, милий Амстердам!",05.07.2026,,396,,,
https://www.accordtour.com/tours/6228,"Вітаю, милий Амстердам!",06.07.2026,,396,,,
https://www.accordtour.com/tours/6228,"Вітаю, милий Амстердам!",08.07.2026,,396,,,
https://www.accordtour.com/tours/6228,"Вітаю, милий Амстердам!",15.07.2026,,396,,,
https://www.accordtour.com/tours/6228,"Вітаю, милий Амстердам!",18.07.2026,,396,,,
https://www.accordtour.com/tours/6228,"Вітаю, милий Амстердам!",19.07.2026,,396,,,
https://www.accordtour.com/tours/6228,"Вітаю, милий Амстердам!",20.07.2026,,396,,,
https://www.accordtour.com/tours/6228,"Вітаю, милий Амстердам!",24.07.2026,,396,,,
https://www.accordtour.com/tours/6228,"Вітаю, милий Амстердам!",28.07.2026,,396,,,
https://www.accordtour.com/tours/6228,"Вітаю, милий Амстердам!",29.07.2026,,396,,,
https://www.accordtour.com/tours/6253,"Бонжур Лямур або 3 дні в Парижі! ...Париж, Діснейленд та Люксембург...",27.05.2026,,362,,,
https://www.accordtour.com/tours/6253,"Бонжур Лямур або 3 дні в Парижі! ...Париж, Діснейленд та Люксембург...",28.05.2026,,362,,,
https://www.accordtour.com/tours/6253,"Бонжур Лямур або 3 дні в Парижі! ...Париж, Діснейленд та Люксембург...",29.05.2026,,362,,,
https://www.accordtour.com/tours/6253,"Бонжур Лямур або 3 дні в Парижі! ...Париж, Діснейленд та Люксембург...",06.06.2026,,362,,,
https://www.accordtour.com/tours/6253,"Бонжур Лямур або 3 дні в Парижі! ...Париж, Діснейленд та Люксембург...",08.06.2026,,362,,,
https://www.accordtour.com/tours/6253,"Бонжур Лямур або 3 дні в Парижі! ...Париж, Діснейленд та Люксембург...",09.06.2026,,362,,,
https://www.accordtour.com/tours/6253,"Бонжур Лямур або 3 дні в Парижі! ...Париж, Діснейленд та Люксембург...",10.06.2026,,362,,,
https://www.accordtour.com/tours/6253,"Бонжур Лямур або 3 дні в Парижі! ...Париж, Діснейленд та Люксембург...",11.06.2026,,362,,,
https://www.accordtour.com/tours/6253,"Бонжур Лямур або 3 дні в Парижі! ...Париж, Діснейленд та Люксембург...",13.06.2026,,362,,,
https://www.accordtour.com/tours/6253,"Бонжур Лямур або 3 дні в Парижі! ...Париж, Діснейленд та Люксембург...",14.06.2026,,362,,,
https://www.accordtour.com/tours/6253,"Бонжур Лямур або 3 дні в Парижі! ...Париж, Діснейленд та Люксембург...",15.06.2026,,362,,,
https://www.accordtour.com/tours/6253,"Бонжур Лямур або 3 дні в Парижі! ...Париж, Діснейленд та Люксембург...",24.06.2026,,362,,,
https://www.accordtour.com/tours/6253,"Бонжур Лямур або 3 дні в Парижі! ...Париж, Діснейленд та Люксембург...",26.06.2026,,362,,,
https://www.accordtour.com/tours/6253,"Бонжур Лямур або 3 дні в Парижі! ...Париж, Діснейленд та Люксембург...",27.06.2026,,362,,,
https://www.accordtour.com/tours/6253,"Бонжур Лямур або 3 дні в Парижі! ...Париж, Діснейленд та Люксембург...",28.06.2026,,362,,,
https://www.accordtour.com/tours/6253,"Бонжур Лямур або 3 дні в Парижі! ...Париж, Діснейленд та Люксембург...",30.06.2026,,362,,,
https://www.accordtour.com/tours/6253,"Бонжур Лямур або 3 дні в Парижі! ...Париж, Діснейленд та Люксембург...",05.07.2026,,362,,,
https://www.accordtour.com/tours/6253,"Бонжур Лямур або 3 дні в Парижі! ...Париж, Діснейленд та Люксембург...",06.07.2026,,362,,,
https://www.accordtour.com/tours/6253,"Бонжур Лямур або 3 дні в Парижі! ...Париж, Діснейленд та Люксембург...",08.07.2026,,362,,,
https://www.accordtour.com/tours/6253,"Бонжур Лямур або 3 дні в Парижі! ...Париж, Діснейленд та Люксембург...",15.07.2026,,362,,,
https://www.accordtour.com/tours/6253,"Бонжур Лямур або 3 дні в Парижі! ...Париж, Діснейленд та Люксембург...",18.07.2026,,362,,,
https://www.accordtour.com/tours/6253,"Бонжур Лямур або 3 дні в Парижі! ...Париж, Діснейленд та Люксембург...",19.07.2026,,362,,,
https://www.accordtour.com/tours/6253,"Бонжур Лямур або 3 дні в Парижі! ...Париж, Діснейленд та Люксембург...",20.07.2026,,362,,,
https://www.accordtour.com/tours/6253,"Бонжур Лямур або 3 дні в Парижі! ...Париж, Діснейленд та Люксембург...",24.07.2026,,362,,,
https://www.accordtour.com/tours/6253,"Бонжур Лямур або 3 дні в Парижі! ...Париж, Діснейленд та Люксембург...",28.07.2026,,362,,,
https://www.accordtour.com/tours/6253,"Бонжур Лямур або 3 дні в Парижі! ...Париж, Діснейленд та Люксембург...",29.07.2026,,362,,,
https://www.accordtour.com/tours/1118341/tab/tab_price,Любовне зізнання: Відень + Прага!,27.05.2026,,228,,,
https://www.accordtour.com/tours/1118341/tab/tab_price,Любовне зізнання: Відень + Прага!,28.05.2026,,228,,,
https://www.accordtour.com/tours/1118341/tab/tab_price,Любовне зізнання: Відень + Прага!,29.05.2026,,228,,,
https://www.accordtour.com/tours/1118341/tab/tab_price,Любовне зізнання: Відень + Прага!,06.06.2026,,228,,,
https://www.accordtour.com/tours/1118341/tab/tab_price,Любовне зізнання: Відень + Прага!,08.06.2026,,228,,,
https://www.accordtour.com/tours/1118341/tab/tab_price,Любовне зізнання: Відень + Прага!,09.06.2026,,228,,,
https://www.accordtour.com/tours/1118341/tab/tab_price,Любовне зізнання: Відень + Прага!,10.06.2026,,228,,,
https://www.accordtour.com/tours/1118341/tab/tab_price,Любовне зізнання: Відень + Прага!,11.06.2026,,228,,,
https://www.accordtour.com/tours/1118341/tab/tab_price,Любовне зізнання: Відень + Прага!,13.06.2026,,228,,,
https://www.accordtour.com/tours/1118341/tab/tab_price,Любовне зізнання: Відень + Прага!,14.06.2026,,228,,,
https://www.accordtour.com/tours/1118341/tab/tab_price,Любовне зізнання: Відень + Прага!,15.06.2026,,228,,,
https://www.accordtour.com/tours/1118341/tab/tab_price,Любовне зізнання: Відень + Прага!,24.06.2026,,228,,,
https://www.accordtour.com/tours/1118341/tab/tab_price,Любовне зізнання: Відень + Прага!,26.06.2026,,228,,,
https://www.accordtour.com/tours/1118341/tab/tab_price,Любовне зізнання: Відень + Прага!,27.06.2026,,228,,,
https://www.accordtour.com/tours/1118341/tab/tab_price,Любовне зізнання: Відень + Прага!,28.06.2026,,228,,,
https://www.accordtour.com/tours/1118341/tab/tab_price,Любовне зізнання: Відень + Прага!,30.06.2026,,228,,,
https://www.accordtour.com/tours/1118341/tab/tab_price,Любовне зізнання: Відень + Прага!,05.07.2026,,228,,,
https://www.accordtour.com/tours/1118341/tab/tab_price,Любовне зізнання: Відень + Прага!,06.07.2026,,228,,,
https://www.accordtour.com/tours/1118341/tab/tab_price,Любовне зізнання: Відень + Прага!,08.07.2026,,228,,,
https://www.accordtour.com/tours/1118341/tab/tab_price,Любовне зізнання: Відень + Прага!,15.07.2026,,228,,,
https://www.accordtour.com/tours/1118341/tab/tab_price,Любовне зізнання: Відень + Прага!,18.07.2026,,228,,,
https://www.accordtour.com/tours/1118341/tab/tab_price,Любовне зізнання: Відень + Прага!,19.07.2026,,228,,,
https://www.accordtour.com/tours/1118341/tab/tab_price,Любовне зізнання: Відень + Прага!,20.07.2026,,228,,,
https://www.accordtour.com/tours/1118341/tab/tab_price,Любовне зізнання: Відень + Прага!,24.07.2026,,228,,,
https://www.accordtour.com/tours/1118341/tab/tab_price,Любовне зізнання: Відень + Прага!,28.07.2026,,228,,,
https://www.accordtour.com/tours/1118341/tab/tab_price,Любовне зізнання: Відень + Прага!,29.07.2026,,228,,,
https://www.accordtour.com/tours/6668,"Бонжорно, Італія + Швейцарія!",29.05.2026,,353,,,
https://www.accordtour.com/tours/6668,"Бонжорно, Італія + Швейцарія!",06.06.2026,,353,,,
https://www.accordtour.com/tours/6668,"Бонжорно, Італія + Швейцарія!",13.06.2026,,353,,,
https://www.accordtour.com/tours/6668,"Бонжорно, Італія + Швейцарія!",14.06.2026,,353,,,
https://www.accordtour.com/tours/6668,"Бонжорно, Італія + Швейцарія!",15.06.2026,,353,,,
https://www.accordtour.com/tours/6668,"Бонжорно, Італія + Швейцарія!",17.06.2026,,353,,,
https://www.accordtour.com/tours/6668,"Бонжорно, Італія + Швейцарія!",26.06.2026,,353,,,
https://www.accordtour.com/tours/6668,"Бонжорно, Італія + Швейцарія!",28.06.2026,,353,,,
https://www.accordtour.com/tours/6668,"Бонжорно, Італія + Швейцарія!",02.07.2026,,353,,,
https://www.accordtour.com/tours/6668,"Бонжорно, Італія + Швейцарія!",05.07.2026,,353,,,
https://www.accordtour.com/tours/6668,"Бонжорно, Італія + Швейцарія!",08.07.2026,,353,,,
https://www.accordtour.com/tours/6668,"Бонжорно, Італія + Швейцарія!",17.07.2026,,353,,,
https://www.accordtour.com/tours/6668,"Бонжорно, Італія + Швейцарія!",18.07.2026,,353,,,
https://www.accordtour.com/tours/6668,"Бонжорно, Італія + Швейцарія!",19.07.2026,,353,,,
https://www.accordtour.com/tours/6668,"Бонжорно, Італія + Швейцарія!",24.07.2026,,353,,,
https://www.accordtour.com/tours/6668,"Бонжорно, Італія + Швейцарія!",28.07.2026,,353,,,
https://www.accordtour.com/tours/6668,"Бонжорно, Італія + Швейцарія!",31.07.2026,,353,,,
https://www.accordtour.com/tours/6668,"Бонжорно, Італія + Швейцарія!",01.08.2026,,353,,,
https://www.accordtour.com/tours/6668,"Бонжорно, Італія + Швейцарія!",02.08.2026,,353,,,
https://www.accordtour.com/tours/6668,"Бонжорно, Італія + Швейцарія!",04.08.2026,,353,,,
https://www.accordtour.com/tours/6668,"Бонжорно, Італія + Швейцарія!",09.08.2026,,353,,,
https://www.accordtour.com/tours/6668,"Бонжорно, Італія + Швейцарія!",14.08.2026,,353,,,
https://www.accordtour.com/tours/6668,"Бонжорно, Італія + Швейцарія!",15.08.2026,,353,,,
https://www.accordtour.com/tours/6668,"Бонжорно, Італія + Швейцарія!",22.08.2026,,353,,,
https://www.accordtour.com/tours/6668,"Бонжорно, Італія + Швейцарія!",23.08.2026,,353,,,
https://www.accordtour.com/tours/633136,"Дивовижний світ 4 дні в Швейцарії Женева, Берн, Люцерн + Монблан",29.05.2026,,373,,,
https://www.accordtour.com/tours/633136,"Дивовижний світ 4 дні в Швейцарії Женева, Берн, Люцерн + Монблан",06.06.2026,,373,,,
https://www.accordtour.com/tours/633136,"Дивовижний світ 4 дні в Швейцарії Женева, Берн, Люцерн + Монблан",13.06.2026,,373,,,
https://www.accordtour.com/tours/633136,"Дивовижний світ 4 дні в Швейцарії Женева, Берн, Люцерн + Монблан",14.06.2026,,373,,,
https://www.accordtour.com/tours/633136,"Дивовижний світ 4 дні в Швейцарії Женева, Берн, Люцерн + Монблан",17.06.2026,,373,,,
https://www.accordtour.com/tours/633136,"Дивовижний світ 4 дні в Швейцарії Женева, Берн, Люцерн + Монблан",26.06.2026,,373,,,
https://www.accordtour.com/tours/633136,"Дивовижний світ 4 дні в Швейцарії Женева, Берн, Люцерн + Монблан",28.06.2026,,373,,,
https://www.accordtour.com/tours/633136,"Дивовижний світ 4 дні в Швейцарії Женева, Берн, Люцерн + Монблан",02.07.2026,,373,,,
https://www.accordtour.com/tours/633136,"Дивовижний світ 4 дні в Швейцарії Женева, Берн, Люцерн + Монблан",05.07.2026,,373,,,
https://www.accordtour.com/tours/633136,"Дивовижний світ 4 дні в Швейцарії Женева, Берн, Люцерн + Монблан",08.07.2026,,373,,,
https://www.accordtour.com/tours/633136,"Дивовижний світ 4 дні в Швейцарії Женева, Берн, Люцерн + Монблан",18.07.2026,,373,,,
https://www.accordtour.com/tours/633136,"Дивовижний світ 4 дні в Швейцарії Женева, Берн, Люцерн + Монблан",19.07.2026,,373,,,
https://www.accordtour.com/tours/633136,"Дивовижний світ 4 дні в Швейцарії Женева, Берн, Люцерн + Монблан",24.07.2026,,373,,,
https://www.accordtour.com/tours/633136,"Дивовижний світ 4 дні в Швейцарії Женева, Берн, Люцерн + Монблан",28.07.2026,,373,,,
https://www.accordtour.com/tours/633136,"Дивовижний світ 4 дні в Швейцарії Женева, Берн, Люцерн + Монблан",31.07.2026,,373,,,
https://www.accordtour.com/tours/633136,"Дивовижний світ 4 дні в Швейцарії Женева, Берн, Люцерн + Монблан",01.08.2026,,373,,,
https://www.accordtour.com/tours/633136,"Дивовижний світ 4 дні в Швейцарії Женева, Берн, Люцерн + Монблан",02.08.2026,,373,,,
https://www.accordtour.com/tours/633136,"Дивовижний світ 4 дні в Швейцарії Женева, Берн, Люцерн + Монблан",04.08.2026,,373,,,
https://www.accordtour.com/tours/633136,"Дивовижний світ 4 дні в Швейцарії Женева, Берн, Люцерн + Монблан",09.08.2026,,373,,,
https://www.accordtour.com/tours/633136,"Дивовижний світ 4 дні в Швейцарії Женева, Берн, Люцерн + Монблан",14.08.2026,,373,,,
https://www.accordtour.com/tours/633136,"Дивовижний світ 4 дні в Швейцарії Женева, Берн, Люцерн + Монблан",15.08.2026,,373,,,
https://www.accordtour.com/tours/633136,"Дивовижний світ 4 дні в Швейцарії Женева, Берн, Люцерн + Монблан",22.08.2026,,373,,,
https://www.accordtour.com/tours/633136,"Дивовижний світ 4 дні в Швейцарії Женева, Берн, Люцерн + Монблан",23.08.2026,,373,,,
https://www.accordtour.com/tours/633136,"Дивовижний світ 4 дні в Швейцарії Женева, Берн, Люцерн + Монблан",24.08.2026,,373,,,
https://www.accordtour.com/tours/633136,"Дивовижний світ 4 дні в Швейцарії Женева, Берн, Люцерн + Монблан",29.08.2026,,373,,,
https://www.accordtour.com/tours/111013,Святкова Прага!!! Виїзд з Києва,27.05.2026,,237,,,
https://www.accordtour.com/tours/111013,Святкова Прага!!! Виїзд з Києва,28.05.2026,,237,,,
https://www.accordtour.com/tours/111013,Святкова Прага!!! Виїзд з Києва,29.05.2026,,237,,,
https://www.accordtour.com/tours/111013,Святкова Прага!!! Виїзд з Києва,04.06.2026,,237,,,
https://www.accordtour.com/tours/111013,Святкова Прага!!! Виїзд з Києва,06.06.2026,,237,,,
https://www.accordtour.com/tours/111013,Святкова Прага!!! Виїзд з Києва,08.06.2026,,237,,,
https://www.accordtour.com/tours/111013,Святкова Прага!!! Виїзд з Києва,09.06.2026,,237,,,
https://www.accordtour.com/tours/111013,Святкова Прага!!! Виїзд з Києва,10.06.2026,,237,,,
https://www.accordtour.com/tours/111013,Святкова Прага!!! Виїзд з Києва,11.06.2026,,237,,,
https://www.accordtour.com/tours/111013,Святкова Прага!!! Виїзд з Києва,13.06.2026,,237,,,
https://www.accordtour.com/tours/111013,Святкова Прага!!! Виїзд з Києва,14.06.2026,,237,,,
https://www.accordtour.com/tours/111013,Святкова Прага!!! Виїзд з Києва,24.06.2026,,237,,,
https://www.accordtour.com/tours/111013,Святкова Прага!!! Виїзд з Києва,26.06.2026,,237,,,
https://www.accordtour.com/tours/111013,Святкова Прага!!! Виїзд з Києва,27.06.2026,,237,,,
https://www.accordtour.com/tours/111013,Святкова Прага!!! Виїзд з Києва,28.06.2026,,237,,,
https://www.accordtour.com/tours/111013,Святкова Прага!!! Виїзд з Києва,30.06.2026,,237,,,
https://www.accordtour.com/tours/111013,Святкова Прага!!! Виїзд з Києва,03.07.2026,,237,,,
https://www.accordtour.com/tours/111013,Святкова Прага!!! Виїзд з Києва,05.07.2026,,237,,,
https://www.accordtour.com/tours/111013,Святкова Прага!!! Виїзд з Києва,06.07.2026,,237,,,
https://www.accordtour.com/tours/111013,Святкова Прага!!! Виїзд з Києва,08.07.2026,,237,,,
https://www.accordtour.com/tours/111013,Святкова Прага!!! Виїзд з Києва,19.07.2026,,237,,,
https://www.accordtour.com/tours/111013,Святкова Прага!!! Виїзд з Києва,24.07.2026,,237,,,
https://www.accordtour.com/tours/111013,Святкова Прага!!! Виїзд з Києва,28.07.2026,,237,,,
https://www.accordtour.com/tours/111013,Святкова Прага!!! Виїзд з Києва,29.07.2026,,237,,,
https://www.accordtour.com/tours/111013,Святкова Прага!!! Виїзд з Києва,30.07.2026,,237,,,
https://www.accordtour.com/tours/111013,Святкова Прага!!! Виїзд з Києва,31.07.2026,,237,,,
https://www.accordtour.com/tours/6858,Прикольними містами: Дрезден + Прага + Брно + Краків!!!,27.05.2026,,192,,,
https://www.accordtour.com/tours/6858,Прикольними містами: Дрезден + Прага + Брно + Краків!!!,28.05.2026,,192,,,
https://www.accordtour.com/tours/6858,Прикольними містами: Дрезден + Прага + Брно + Краків!!!,29.05.2026,,192,,,
https://www.accordtour.com/tours/6858,Прикольними містами: Дрезден + Прага + Брно + Краків!!!,04.06.2026,,192,,,
https://www.accordtour.com/tours/6858,Прикольними містами: Дрезден + Прага + Брно + Краків!!!,06.06.2026,,192,,,
https://www.accordtour.com/tours/6858,Прикольними містами: Дрезден + Прага + Брно + Краків!!!,08.06.2026,,192,,,
https://www.accordtour.com/tours/6858,Прикольними містами: Дрезден + Прага + Брно + Краків!!!,09.06.2026,,192,,,
https://www.accordtour.com/tours/6858,Прикольними містами: Дрезден + Прага + Брно + Краків!!!,10.06.2026,,192,,,
https://www.accordtour.com/tours/6858,Прикольними містами: Дрезден + Прага + Брно + Краків!!!,11.06.2026,,192,,,
https://www.accordtour.com/tours/6858,Прикольними містами: Дрезден + Прага + Брно + Краків!!!,13.06.2026,,192,,,
https://www.accordtour.com/tours/6858,Прикольними містами: Дрезден + Прага + Брно + Краків!!!,14.06.2026,,192,,,
https://www.accordtour.com/tours/6858,Прикольними містами: Дрезден + Прага + Брно + Краків!!!,15.06.2026,,192,,,
https://www.accordtour.com/tours/6858,Прикольними містами: Дрезден + Прага + Брно + Краків!!!,24.06.2026,,192,,,
https://www.accordtour.com/tours/6858,Прикольними містами: Дрезден + Прага + Брно + Краків!!!,26.06.2026,,192,,,
https://www.accordtour.com/tours/6858,Прикольними містами: Дрезден + Прага + Брно + Краків!!!,27.06.2026,,192,,,
https://www.accordtour.com/tours/6858,Прикольними містами: Дрезден + Прага + Брно + Краків!!!,28.06.2026,,192,,,
https://www.accordtour.com/tours/6858,Прикольними містами: Дрезден + Прага + Брно + Краків!!!,30.06.2026,,192,,,
https://www.accordtour.com/tours/6858,Прикольними містами: Дрезден + Прага + Брно + Краків!!!,03.07.2026,,192,,,
https://www.accordtour.com/tours/6858,Прикольними містами: Дрезден + Прага + Брно + Краків!!!,05.07.2026,,192,,,
https://www.accordtour.com/tours/6858,Прикольними містами: Дрезден + Прага + Брно + Краків!!!,06.07.2026,,192,,,
https://www.accordtour.com/tours/6858,Прикольними містами: Дрезден + Прага + Брно + Краків!!!,08.07.2026,,192,,,
https://www.accordtour.com/tours/6858,Прикольними містами: Дрезден + Прага + Брно + Краків!!!,11.07.2026,,192,,,
https://www.accordtour.com/tours/6858,Прикольними містами: Дрезден + Прага + Брно + Краків!!!,15.07.2026,,192,,,
https://www.accordtour.com/tours/6858,Прикольними містами: Дрезден + Прага + Брно + Краків!!!,16.07.2026,,192,,,
https://www.accordtour.com/tours/6858,Прикольними містами: Дрезден + Прага + Брно + Краків!!!,17.07.2026,,192,,,
https://www.accordtour.com/tours/6858,Прикольними містами: Дрезден + Прага + Брно + Краків!!!,18.07.2026,,192,,,
https://www.accordtour.com/tours/1118312,"Мюнхен і компанія: Краків, Прага, Відень!",28.05.2026,,237,,,
https://www.accordtour.com/tours/1118312,"Мюнхен і компанія: Краків, Прага, Відень!",29.05.2026,,237,,,
https://www.accordtour.com/tours/1118312,"Мюнхен і компанія: Краків, Прага, Відень!",04.06.2026,,237,,,
https://www.accordtour.com/tours/1118312,"Мюнхен і компанія: Краків, Прага, Відень!",06.06.2026,,237,,,
https://www.accordtour.com/tours/1118312,"Мюнхен і компанія: Краків, Прага, Відень!",08.06.2026,,237,,,
https://www.accordtour.com/tours/1118312,"Мюнхен і компанія: Краків, Прага, Відень!",09.06.2026,,237,,,
https://www.accordtour.com/tours/1118312,"Мюнхен і компанія: Краків, Прага, Відень!",10.06.2026,,237,,,
https://www.accordtour.com/tours/1118312,"Мюнхен і компанія: Краків, Прага, Відень!",11.06.2026,,237,,,
https://www.accordtour.com/tours/1118312,"Мюнхен і компанія: Краків, Прага, Відень!",13.06.2026,,237,,,
https://www.accordtour.com/tours/1118312,"Мюнхен і компанія: Краків, Прага, Відень!",14.06.2026,,237,,,
https://www.accordtour.com/tours/1118312,"Мюнхен і компанія: Краків, Прага, Відень!",15.06.2026,,237,,,
https://www.accordtour.com/tours/1118312,"Мюнхен і компанія: Краків, Прага, Відень!",24.06.2026,,237,,,
https://www.accordtour.com/tours/1118312,"Мюнхен і компанія: Краків, Прага, Відень!",26.06.2026,,237,,,
https://www.accordtour.com/tours/1118312,"Мюнхен і компанія: Краків, Прага, Відень!",27.06.2026,,237,,,
https://www.accordtour.com/tours/1118312,"Мюнхен і компанія: Краків, Прага, Відень!",28.06.2026,,237,,,
https://www.accordtour.com/tours/1118312,"Мюнхен і компанія: Краків, Прага, Відень!",30.06.2026,,237,,,
https://www.accordtour.com/tours/1118312,"Мюнхен і компанія: Краків, Прага, Відень!",03.07.2026,,237,,,
https://www.accordtour.com/tours/1118312,"Мюнхен і компанія: Краків, Прага, Відень!",05.07.2026,,237,,,
https://www.accordtour.com/tours/1118312,"Мюнхен і компанія: Краків, Прага, Відень!",06.07.2026,,237,,,
https://www.accordtour.com/tours/1118312,"Мюнхен і компанія: Краків, Прага, Відень!",08.07.2026,,237,,,
https://www.accordtour.com/tours/1118312,"Мюнхен і компанія: Краків, Прага, Відень!",11.07.2026,,237,,,
https://www.accordtour.com/tours/1118312,"Мюнхен і компанія: Краків, Прага, Відень!",15.07.2026,,237,,,
https://www.accordtour.com/tours/1118312,"Мюнхен і компанія: Краків, Прага, Відень!",16.07.2026,,237,,,
https://www.accordtour.com/tours/1118312,"Мюнхен і компанія: Краків, Прага, Відень!",17.07.2026,,237,,,
https://www.accordtour.com/tours/1118312,"Мюнхен і компанія: Краків, Прага, Відень!",18.07.2026,,237,,,
https://www.accordtour.com/tours/1118312,"Мюнхен і компанія: Краків, Прага, Відень!",19.07.2026,,237,,,
https://www.accordtour.com/tours/1118338,"Відень, я вже їду!",28.05.2026,,196,,,
https://www.accordtour.com/tours/1118338,"Відень, я вже їду!",29.05.2026,,196,,,
https://www.accordtour.com/tours/1118338,"Відень, я вже їду!",06.06.2026,,196,,,
https://www.accordtour.com/tours/1118338,"Відень, я вже їду!",08.06.2026,,196,,,
https://www.accordtour.com/tours/1118338,"Відень, я вже їду!",09.06.2026,,196,,,
https://www.accordtour.com/tours/1118338,"Відень, я вже їду!",10.06.2026,,196,,,
https://www.accordtour.com/tours/1118338,"Відень, я вже їду!",11.06.2026,,196,,,
https://www.accordtour.com/tours/1118338,"Відень, я вже їду!",13.06.2026,,196,,,
https://www.accordtour.com/tours/1118338,"Відень, я вже їду!",14.06.2026,,196,,,
https://www.accordtour.com/tours/1118338,"Відень, я вже їду!",15.06.2026,,196,,,
https://www.accordtour.com/tours/1118338,"Відень, я вже їду!",24.06.2026,,196,,,
https://www.accordtour.com/tours/1118338,"Відень, я вже їду!",26.06.2026,,196,,,
https://www.accordtour.com/tours/1118338,"Відень, я вже їду!",27.06.2026,,196,,,
https://www.accordtour.com/tours/1118338,"Відень, я вже їду!",28.06.2026,,196,,,
https://www.accordtour.com/tours/1118338,"Відень, я вже їду!",30.06.2026,,196,,,
https://www.accordtour.com/tours/1118338,"Відень, я вже їду!",05.07.2026,,196,,,
https://www.accordtour.com/tours/1118338,"Відень, я вже їду!",06.07.2026,,196,,,
https://www.accordtour.com/tours/1118338,"Відень, я вже їду!",08.07.2026,,196,,,
https://www.accordtour.com/tours/1118338,"Відень, я вже їду!",15.07.2026,,196,,,
https://www.accordtour.com/tours/1118338,"Відень, я вже їду!",18.07.2026,,196,,,
https://www.accordtour.com/tours/1118338,"Відень, я вже їду!",19.07.2026,,196,,,
https://www.accordtour.com/tours/1118338,"Відень, я вже їду!",20.07.2026,,196,,,
https://www.accordtour.com/tours/1118338,"Відень, я вже їду!",24.07.2026,,196,,,
https://www.accordtour.com/tours/1118338,"Відень, я вже їду!",28.07.2026,,196,,,
https://www.accordtour.com/tours/1118338,"Відень, я вже їду!",29.07.2026,,196,,,
https://www.accordtour.com/tours/1118338,"Відень, я вже їду!",30.07.2026,,196,,,
https://www.accordtour.com/tours/818368,Французька мрія... Діснейленд Париж + Люксембург,29.05.2026,,242,,,
https://www.accordtour.com/tours/818368,Французька мрія... Діснейленд Париж + Люксембург,30.05.2026,,242,,,
https://www.accordtour.com/tours/818368,Французька мрія... Діснейленд Париж + Люксембург,06.06.2026,,242,,,
https://www.accordtour.com/tours/818368,Французька мрія... Діснейленд Париж + Люксембург,13.06.2026,,242,,,
https://www.accordtour.com/tours/818368,Французька мрія... Діснейленд Париж + Люксембург,18.06.2026,,242,,,
https://www.accordtour.com/tours/818368,Французька мрія... Діснейленд Париж + Люксембург,27.06.2026,,242,,,
https://www.accordtour.com/tours/818368,Французька мрія... Діснейленд Париж + Люксембург,02.07.2026,,242,,,
https://www.accordtour.com/tours/818368,Французька мрія... Діснейленд Париж + Люксембург,11.07.2026,,242,,,
https://www.accordtour.com/tours/818368,Французька мрія... Діснейленд Париж + Люксембург,18.07.2026,,242,,,
https://www.accordtour.com/tours/818368,Французька мрія... Діснейленд Париж + Люксембург,24.07.2026,,242,,,
https://www.accordtour.com/tours/818368,Французька мрія... Діснейленд Париж + Люксембург,31.07.2026,,242,,,
https://www.accordtour.com/tours/818368,Французька мрія... Діснейленд Париж + Люксембург,01.08.2026,,242,,,
https://www.accordtour.com/tours/818368,Французька мрія... Діснейленд Париж + Люксембург,09.08.2026,,242,,,
https://www.accordtour.com/tours/818368,Французька мрія... Діснейленд Париж + Люксембург,11.08.2026,,242,,,
https://www.accordtour.com/tours/818368,Французька мрія... Діснейленд Париж + Люксембург,22.08.2026,,242,,,
https://www.accordtour.com/tours/818368,Французька мрія... Діснейленд Париж + Люксембург,25.08.2026,,242,,,
https://www.accordtour.com/tours/818368,Французька мрія... Діснейленд Париж + Люксембург,29.08.2026,,242,,,
https://www.accordtour.com/tours/818368,Французька мрія... Діснейленд Париж + Люксембург,05.09.2026,,242,,,
https://www.accordtour.com/tours/818368,Французька мрія... Діснейленд Париж + Люксембург,12.09.2026,,242,,,
https://www.accordtour.com/tours/818368,Французька мрія... Діснейленд Париж + Люксембург,20.09.2026,,242,,,
https://www.accordtour.com/tours/818368,Французька мрія... Діснейленд Париж + Люксембург,25.09.2026,,242,,,
https://www.accordtour.com/tours/818368,Французька мрія... Діснейленд Париж + Люксембург,03.10.2026,,242,,,
https://www.accordtour.com/tours/818368,Французька мрія... Діснейленд Париж + Люксембург,10.10.2026,,242,,,
https://www.accordtour.com/tours/881365,"Вікенд на трьох! Краків, Відень, Будапешт",28.05.2026,,158,,,
https://www.accordtour.com/tours/881365,"Вікенд на трьох! Краків, Відень, Будапешт",29.05.2026,,158,,,
https://www.accordtour.com/tours/881365,"Вікенд на трьох! Краків, Відень, Будапешт",04.06.2026,,158,,,
https://www.accordtour.com/tours/881365,"Вікенд на трьох! Краків, Відень, Будапешт",06.06.2026,,158,,,
https://www.accordtour.com/tours/881365,"Вікенд на трьох! Краків, Відень, Будапешт",08.06.2026,,158,,,
https://www.accordtour.com/tours/881365,"Вікенд на трьох! Краків, Відень, Будапешт",09.06.2026,,158,,,
https://www.accordtour.com/tours/881365,"Вікенд на трьох! Краків, Відень, Будапешт",10.06.2026,,158,,,
https://www.accordtour.com/tours/881365,"Вікенд на трьох! Краків, Відень, Будапешт",11.06.2026,,158,,,
https://www.accordtour.com/tours/881365,"Вікенд на трьох! Краків, Відень, Будапешт",13.06.2026,,158,,,
https://www.accordtour.com/tours/881365,"Вікенд на трьох! Краків, Відень, Будапешт",14.06.2026,,158,,,
https://www.accordtour.com/tours/881365,"Вікенд на трьох! Краків, Відень, Будапешт",15.06.2026,,158,,,
https://www.accordtour.com/tours/881365,"Вікенд на трьох! Краків, Відень, Будапешт",24.06.2026,,158,,,
https://www.accordtour.com/tours/881365,"Вікенд на трьох! Краків, Відень, Будапешт",26.06.2026,,158,,,
https://www.accordtour.com/tours/881365,"Вікенд на трьох! Краків, Відень, Будапешт",27.06.2026,,158,,,
https://www.accordtour.com/tours/881365,"Вікенд на трьох! Краків, Відень, Будапешт",28.06.2026,,158,,,
https://www.accordtour.com/tours/881365,"Вікенд на трьох! Краків, Відень, Будапешт",30.06.2026,,158,,,
https://www.accordtour.com/tours/881365,"Вікенд на трьох! Краків, Відень, Будапешт",03.07.2026,,158,,,
https://www.accordtour.com/tours/881365,"Вікенд на трьох! Краків, Відень, Будапешт",05.07.2026,,158,,,
https://www.accordtour.com/tours/881365,"Вікенд на трьох! Краків, Відень, Будапешт",06.07.2026,,158,,,
https://www.accordtour.com/tours/881365,"Вікенд на трьох! Краків, Відень, Будапешт",08.07.2026,,158,,,
https://www.accordtour.com/tours/881365,"Вікенд на трьох! Краків, Відень, Будапешт",11.07.2026,,158,,,
https://www.accordtour.com/tours/881365,"Вікенд на трьох! Краків, Відень, Будапешт",15.07.2026,,158,,,
https://www.accordtour.com/tours/881365,"Вікенд на трьох! Краків, Відень, Будапешт",16.07.2026,,158,,,
https://www.accordtour.com/tours/881365,"Вікенд на трьох! Краків, Відень, Будапешт",17.07.2026,,158,,,
https://www.accordtour.com/tours/881365,"Вікенд на трьох! Краків, Відень, Будапешт",18.07.2026,,158,,,
https://www.accordtour.com/tours/881365,"Вікенд на трьох! Краків, Відень, Будапешт",19.07.2026,,158,,,
https://www.accordtour.com/tours/8447,Секрети смаку: вся Швейцарія + Зальцбург та Відень!!!,27.05.2026,,360,,,
https://www.accordtour.com/tours/8447,Секрети смаку: вся Швейцарія + Зальцбург та Відень!!!,29.05.2026,,360,,,
https://www.accordtour.com/tours/8447,Секрети смаку: вся Швейцарія + Зальцбург та Відень!!!,06.06.2026,,360,,,
https://www.accordtour.com/tours/8447,Секрети смаку: вся Швейцарія + Зальцбург та Відень!!!,08.06.2026,,360,,,
https://www.accordtour.com/tours/8447,Секрети смаку: вся Швейцарія + Зальцбург та Відень!!!,09.06.2026,,360,,,
https://www.accordtour.com/tours/8447,Секрети смаку: вся Швейцарія + Зальцбург та Відень!!!,10.06.2026,,360,,,
https://www.accordtour.com/tours/8447,Секрети смаку: вся Швейцарія + Зальцбург та Відень!!!,11.06.2026,,360,,,
https://www.accordtour.com/tours/8447,Секрети смаку: вся Швейцарія + Зальцбург та Відень!!!,13.06.2026,,360,,,
https://www.accordtour.com/tours/8447,Секрети смаку: вся Швейцарія + Зальцбург та Відень!!!,14.06.2026,,360,,,
https://www.accordtour.com/tours/8447,Секрети смаку: вся Швейцарія + Зальцбург та Відень!!!,15.06.2026,,360,,,
https://www.accordtour.com/tours/8447,Секрети смаку: вся Швейцарія + Зальцбург та Відень!!!,24.06.2026,,360,,,
https://www.accordtour.com/tours/8447,Секрети смаку: вся Швейцарія + Зальцбург та Відень!!!,26.06.2026,,360,,,
https://www.accordtour.com/tours/8447,Секрети смаку: вся Швейцарія + Зальцбург та Відень!!!,28.06.2026,,360,,,
https://www.accordtour.com/tours/8447,Секрети смаку: вся Швейцарія + Зальцбург та Відень!!!,30.06.2026,,360,,,
https://www.accordtour.com/tours/8447,Секрети смаку: вся Швейцарія + Зальцбург та Відень!!!,05.07.2026,,360,,,
https://www.accordtour.com/tours/8447,Секрети смаку: вся Швейцарія + Зальцбург та Відень!!!,06.07.2026,,360,,,
https://www.accordtour.com/tours/8447,Секрети смаку: вся Швейцарія + Зальцбург та Відень!!!,08.07.2026,,360,,,
https://www.accordtour.com/tours/8447,Секрети смаку: вся Швейцарія + Зальцбург та Відень!!!,15.07.2026,,360,,,
https://www.accordtour.com/tours/8447,Секрети смаку: вся Швейцарія + Зальцбург та Відень!!!,18.07.2026,,360,,,
https://www.accordtour.com/tours/8447,Секрети смаку: вся Швейцарія + Зальцбург та Відень!!!,19.07.2026,,360,,,
https://www.accordtour.com/tours/8447,Секрети смаку: вся Швейцарія + Зальцбург та Відень!!!,20.07.2026,,360,,,
https://www.accordtour.com/tours/8447,Секрети смаку: вся Швейцарія + Зальцбург та Відень!!!,24.07.2026,,360,,,
https://www.accordtour.com/tours/8447,Секрети смаку: вся Швейцарія + Зальцбург та Відень!!!,28.07.2026,,360,,,
https://www.accordtour.com/tours/8447,Секрети смаку: вся Швейцарія + Зальцбург та Відень!!!,29.07.2026,,360,,,
https://www.accordtour.com/tours/8447,Секрети смаку: вся Швейцарія + Зальцбург та Відень!!!,30.7.2026,,360,,,
https://www.accordtour.com/tours/8447,Секрети смаку: вся Швейцарія + Зальцбург та Відень!!!,31.07.2026,,360,,,
https://www.accordtour.com/tours/601011/avtobusni_tury_bez_nichnykh_pereyizdiv/polshcha,"Альпійська симфонія Цюрих, Женева, Берн + Монблан",28.05.2026,,375,,,
https://www.accordtour.com/tours/601011/avtobusni_tury_bez_nichnykh_pereyizdiv/polshcha,"Альпійська симфонія Цюрих, Женева, Берн + Монблан",29.05.2026,,375,,,
https://www.accordtour.com/tours/601011/avtobusni_tury_bez_nichnykh_pereyizdiv/polshcha,"Альпійська симфонія Цюрих, Женева, Берн + Монблан",06.06.2026,,375,,,
https://www.accordtour.com/tours/601011/avtobusni_tury_bez_nichnykh_pereyizdiv/polshcha,"Альпійська симфонія Цюрих, Женева, Берн + Монблан",11.06.2026,,375,,,
https://www.accordtour.com/tours/601011/avtobusni_tury_bez_nichnykh_pereyizdiv/polshcha,"Альпійська симфонія Цюрих, Женева, Берн + Монблан",13.06.2026,,375,,,
https://www.accordtour.com/tours/601011/avtobusni_tury_bez_nichnykh_pereyizdiv/polshcha,"Альпійська симфонія Цюрих, Женева, Берн + Монблан",14.06.2026,,375,,,
https://www.accordtour.com/tours/601011/avtobusni_tury_bez_nichnykh_pereyizdiv/polshcha,"Альпійська симфонія Цюрих, Женева, Берн + Монблан",17.06.2026,,375,,,
https://www.accordtour.com/tours/601011/avtobusni_tury_bez_nichnykh_pereyizdiv/polshcha,"Альпійська симфонія Цюрих, Женева, Берн + Монблан",24.06.2026,,375,,,
https://www.accordtour.com/tours/601011/avtobusni_tury_bez_nichnykh_pereyizdiv/polshcha,"Альпійська симфонія Цюрих, Женева, Берн + Монблан",26.06.2026,,375,,,
https://www.accordtour.com/tours/601011/avtobusni_tury_bez_nichnykh_pereyizdiv/polshcha,"Альпійська симфонія Цюрих, Женева, Берн + Монблан",28.06.2026,,375,,,
https://www.accordtour.com/tours/601011/avtobusni_tury_bez_nichnykh_pereyizdiv/polshcha,"Альпійська симфонія Цюрих, Женева, Берн + Монблан",02.07.2026,,375,,,
https://www.accordtour.com/tours/601011/avtobusni_tury_bez_nichnykh_pereyizdiv/polshcha,"Альпійська симфонія Цюрих, Женева, Берн + Монблан",05.07.2026,,375,,,
https://www.accordtour.com/tours/601011/avtobusni_tury_bez_nichnykh_pereyizdiv/polshcha,"Альпійська симфонія Цюрих, Женева, Берн + Монблан",08.07.2026,,375,,,
https://www.accordtour.com/tours/601011/avtobusni_tury_bez_nichnykh_pereyizdiv/polshcha,"Альпійська симфонія Цюрих, Женева, Берн + Монблан",17.07.2026,,375,,,
https://www.accordtour.com/tours/601011/avtobusni_tury_bez_nichnykh_pereyizdiv/polshcha,"Альпійська симфонія Цюрих, Женева, Берн + Монблан",18.07.2026,,375,,,
https://www.accordtour.com/tours/601011/avtobusni_tury_bez_nichnykh_pereyizdiv/polshcha,"Альпійська симфонія Цюрих, Женева, Берн + Монблан",19.07.2026,,375,,,
https://www.accordtour.com/tours/601011/avtobusni_tury_bez_nichnykh_pereyizdiv/polshcha,"Альпійська симфонія Цюрих, Женева, Берн + Монблан",24.07.2026,,375,,,
https://www.accordtour.com/tours/601011/avtobusni_tury_bez_nichnykh_pereyizdiv/polshcha,"Альпійська симфонія Цюрих, Женева, Берн + Монблан",28.07.2026,,375,,,
https://www.accordtour.com/tours/601011/avtobusni_tury_bez_nichnykh_pereyizdiv/polshcha,"Альпійська симфонія Цюрих, Женева, Берн + Монблан",31.07.2026,,375,,,
https://www.accordtour.com/tours/601011/avtobusni_tury_bez_nichnykh_pereyizdiv/polshcha,"Альпійська симфонія Цюрих, Женева, Берн + Монблан",01.08.2026,,375,,,
https://www.accordtour.com/tours/601011/avtobusni_tury_bez_nichnykh_pereyizdiv/polshcha,"Альпійська симфонія Цюрих, Женева, Берн + Монблан",02.08.2026,,375,,,
https://www.accordtour.com/tours/601011/avtobusni_tury_bez_nichnykh_pereyizdiv/polshcha,"Альпійська симфонія Цюрих, Женева, Берн + Монблан",04.08.2026,,375,,,
https://www.accordtour.com/tours/601011/avtobusni_tury_bez_nichnykh_pereyizdiv/polshcha,"Альпійська симфонія Цюрих, Женева, Берн + Монблан",09.08.2026,,375,,,
https://www.accordtour.com/tours/601011/avtobusni_tury_bez_nichnykh_pereyizdiv/polshcha,"Альпійська симфонія Цюрих, Женева, Берн + Монблан",14.08.2026,,375,,,
https://www.accordtour.com/tours/601011/avtobusni_tury_bez_nichnykh_pereyizdiv/polshcha,"Альпійська симфонія Цюрих, Женева, Берн + Монблан",15.08.2026,,375,,,
https://www.accordtour.com/tours/136811,"В гостях у Швейцарії Цюрих, Женева, Берн + Монблан",26.06.2026,,420,,,
https://www.accordtour.com/tours/136811,"В гостях у Швейцарії Цюрих, Женева, Берн + Монблан",24.07.2026,,420,,,
https://www.accordtour.com/tours/136811,"В гостях у Швейцарії Цюрих, Женева, Берн + Монблан",15.08.2026,,420,,,
https://www.accordtour.com/tours/136811,"В гостях у Швейцарії Цюрих, Женева, Берн + Монблан",22.09.2026,,420,,,
https://www.accordtour.com/tours/7267,Празький вогник!,27.05.2026,,231,,,
https://www.accordtour.com/tours/7267,Празький вогник!,28.05.2026,,231,,,
https://www.accordtour.com/tours/7267,Празький вогник!,29.05.2026,,231,,,
https://www.accordtour.com/tours/7267,Празький вогник!,04.06.2026,,231,,,
https://www.accordtour.com/tours/7267,Празький вогник!,06.06.2026,,231,,,
https://www.accordtour.com/tours/7267,Празький вогник!,09.06.2026,,231,,,
https://www.accordtour.com/tours/7267,Празький вогник!,11.06.2026,,231,,,
https://www.accordtour.com/tours/7267,Празький вогник!,13.06.2026,,231,,,
https://www.accordtour.com/tours/7267,Празький вогник!,14.06.2026,,231,,,
https://www.accordtour.com/tours/7267,Празький вогник!,24.06.2026,,231,,,
https://www.accordtour.com/tours/7267,Празький вогник!,26.06.2026,,231,,,
https://www.accordtour.com/tours/7267,Празький вогник!,28.06.2026,,231,,,
https://www.accordtour.com/tours/7267,Празький вогник!,30.06.2026,,231,,,
https://www.accordtour.com/tours/7267,Празький вогник!,03.07.2026,,231,,,
https://www.accordtour.com/tours/7267,Празький вогник!,05.07.2026,,231,,,
https://www.accordtour.com/tours/7267,Празький вогник!,08.07.2026,,231,,,
https://www.accordtour.com/tours/7267,Празький вогник!,11.07.2026,,231,,,
https://www.accordtour.com/tours/7267,Празький вогник!,16.07.2026,,231,,,
https://www.accordtour.com/tours/7267,Празький вогник!,17.07.2026,,231,,,
https://www.accordtour.com/tours/7267,Празький вогник!,19.07.2026,,231,,,
https://www.accordtour.com/tours/7267,Празький вогник!,20.07.2026,,231,,,
https://www.accordtour.com/tours/7267,Празький вогник!,24.07.2026,,231,,,
https://www.accordtour.com/tours/7267,Празький вогник!,28.07.2026,,231,,,
https://www.accordtour.com/tours/7267,Празький вогник!,30.07.2026,,231,,,
https://www.accordtour.com/tours/7267,Празький вогник!,31.07.2026,,231,,,
https://www.accordtour.com/tours/6117,Вікенд в Краків!,22.05.2026,,141,,,
https://www.accordtour.com/tours/6117,Вікенд в Краків!,28.05.2026,,141,,,
https://www.accordtour.com/tours/6117,Вікенд в Краків!,29.05.2026,,141,,,
https://www.accordtour.com/tours/6117,Вікенд в Краків!,04.06.2026,,141,,,
https://www.accordtour.com/tours/6117,Вікенд в Краків!,06.06.2026,,141,,,
https://www.accordtour.com/tours/6117,Вікенд в Краків!,08.06.2026,,141,,,
https://www.accordtour.com/tours/6117,Вікенд в Краків!,09.06.2026,,141,,,
https://www.accordtour.com/tours/6117,Вікенд в Краків!,10.06.2026,,141,,,
https://www.accordtour.com/tours/6117,Вікенд в Краків!,11.06.2026,,141,,,
https://www.accordtour.com/tours/6117,Вікенд в Краків!,13.06.2026,,141,,,
https://www.accordtour.com/tours/6117,Вікенд в Краків!,14.06.2026,,141,,,
https://www.accordtour.com/tours/6117,Вікенд в Краків!,15.06.2026,,141,,,
https://www.accordtour.com/tours/6117,Вікенд в Краків!,24.06.2026,,141,,,
https://www.accordtour.com/tours/6117,Вікенд в Краків!,26.06.2026,,141,,,
https://www.accordtour.com/tours/6117,Вікенд в Краків!,27.06.2026,,141,,,
https://www.accordtour.com/tours/6117,Вікенд в Краків!,28.06.2026,,141,,,
https://www.accordtour.com/tours/6117,Вікенд в Краків!,30.06.2026,,141,,,
https://www.accordtour.com/tours/6117,Вікенд в Краків!,03.07.2026,,141,,,
https://www.accordtour.com/tours/6117,Вікенд в Краків!,05.07.2026,,141,,,
https://www.accordtour.com/tours/6117,Вікенд в Краків!,06.07.2026,,141,,,
https://www.accordtour.com/tours/6117,Вікенд в Краків!,08.07.2026,,141,,,
https://www.accordtour.com/tours/6117,Вікенд в Краків!,11.07.2026,,141,,,
https://www.accordtour.com/tours/6117,Вікенд в Краків!,15.07.2026,,141,,,
https://www.accordtour.com/tours/6117,Вікенд в Краків!,16.07.2026,,141,,,
https://www.accordtour.com/tours/6117,Вікенд в Краків!,17.07.2026,,141,,,
https://www.accordtour.com/tours/6117,Вікенд в Краків!,18.07.2026,,141,,,
https://www.accordtour.com/tours/8168,Барселона – Королева Півдня,28.05.2026,,377,,,
https://www.accordtour.com/tours/8168,Барселона – Королева Півдня,06.06.2026,,377,,,
https://www.accordtour.com/tours/8168,Барселона – Королева Півдня,08.06.2026,,377,,,
https://www.accordtour.com/tours/8168,Барселона – Королева Півдня,10.06.2026,,377,,,
https://www.accordtour.com/tours/8168,Барселона – Королева Півдня,11.06.2026,,377,,,
https://www.accordtour.com/tours/8168,Барселона – Королева Півдня,14.06.2026,,377,,,
https://www.accordtour.com/tours/8168,Барселона – Королева Півдня,17.06.2026,,377,,,
https://www.accordtour.com/tours/8168,Барселона – Королева Півдня,24.06.2026,,377,,,
https://www.accordtour.com/tours/8168,Барселона – Королева Півдня,28.06.2026,,377,,,
https://www.accordtour.com/tours/8168,Барселона – Королева Півдня,30.06.2026,,377,,,
https://www.accordtour.com/tours/8168,Барселона – Королева Півдня,05.07.2026,,377,,,
https://www.accordtour.com/tours/8168,Барселона – Королева Півдня,08.07.2026,,377,,,
https://www.accordtour.com/tours/8168,Барселона – Королева Півдня,15.07.2026,,377,,,
https://www.accordtour.com/tours/8168,Барселона – Королева Півдня,19.07.2026,,377,,,
https://www.accordtour.com/tours/8168,Барселона – Королева Півдня,24.07.2026,,377,,,
https://www.accordtour.com/tours/8168,Барселона – Королева Півдня,28.07.2026,,377,,,
https://www.accordtour.com/tours/8168,Барселона – Королева Півдня,31.07.2026,,377,,,
https://www.accordtour.com/tours/8168,Барселона – Королева Півдня,01.08.2026,,377,,,
https://www.accordtour.com/tours/8168,Барселона – Королева Півдня,02.08.2026,,377,,,
https://www.accordtour.com/tours/8168,Барселона – Королева Півдня,04.08.2026,,377,,,
https://www.accordtour.com/tours/8168,Барселона – Королева Півдня,09.08.2026,,377,,,
https://www.accordtour.com/tours/8168,Барселона – Королева Півдня,14.08.2026,,377,,,
https://www.accordtour.com/tours/8168,Барселона – Королева Півдня,15.08.2026,,377,,,
https://www.accordtour.com/tours/8168,Барселона – Королева Півдня,17.08.2026,,377,,,
https://www.accordtour.com/tours/8168,Барселона – Королева Півдня,19.08.2026,,377,,,
https://www.accordtour.com/tours/888163,Сонячний поцілунок Барселони,27.05.2026,,348,,,
https://www.accordtour.com/tours/888163,Сонячний поцілунок Барселони,28.05.2026,,348,,,
https://www.accordtour.com/tours/888163,Сонячний поцілунок Барселони,29.05.2026,,348,,,
https://www.accordtour.com/tours/888163,Сонячний поцілунок Барселони,06.06.2026,,348,,,
https://www.accordtour.com/tours/888163,Сонячний поцілунок Барселони,08.06.2026,,348,,,
https://www.accordtour.com/tours/888163,Сонячний поцілунок Барселони,09.06.2026,,348,,,
https://www.accordtour.com/tours/888163,Сонячний поцілунок Барселони,10.06.2026,,348,,,
https://www.accordtour.com/tours/888163,Сонячний поцілунок Барселони,11.06.2026,,348,,,
https://www.accordtour.com/tours/888163,Сонячний поцілунок Барселони,13.06.2026,,348,,,
https://www.accordtour.com/tours/888163,Сонячний поцілунок Барселони,14.06.2026,,348,,,
https://www.accordtour.com/tours/888163,Сонячний поцілунок Барселони,15.06.2026,,348,,,
https://www.accordtour.com/tours/888163,Сонячний поцілунок Барселони,17.06.2026,,348,,,
https://www.accordtour.com/tours/888163,Сонячний поцілунок Барселони,24.06.2026,,348,,,
https://www.accordtour.com/tours/888163,Сонячний поцілунок Барселони,26.06.2026,,348,,,
https://www.accordtour.com/tours/888163,Сонячний поцілунок Барселони,28.06.2026,,348,,,
https://www.accordtour.com/tours/888163,Сонячний поцілунок Барселони,30.06.2026,,348,,,
https://www.accordtour.com/tours/888163,Сонячний поцілунок Барселони,02.07.2026,,348,,,
https://www.accordtour.com/tours/888163,Сонячний поцілунок Барселони,05.07.2026,,348,,,
https://www.accordtour.com/tours/888163,Сонячний поцілунок Барселони,06.07.2026,,348,,,
https://www.accordtour.com/tours/888163,Сонячний поцілунок Барселони,08.07.2026,,348,,,
https://www.accordtour.com/tours/888163,Сонячний поцілунок Барселони,15.07.2026,,348,,,
https://www.accordtour.com/tours/888163,Сонячний поцілунок Барселони,17.07.2026,,348,,,
https://www.accordtour.com/tours/888163,Сонячний поцілунок Барселони,18.07.2026,,348,,,
https://www.accordtour.com/tours/888163,Сонячний поцілунок Барселони,19.07.2026,,348,,,
https://www.accordtour.com/tours/888163,Сонячний поцілунок Барселони,20.07.2026,,348,,,
https://www.accordtour.com/tours/888163,Сонячний поцілунок Барселони,24.07.2026,,348,,,
https://www.accordtour.com/tours/380331,"Шедеври Франції Етрета, Мон Сен Мішель, Замки Луари",29.05.2026,,425,,,
https://www.accordtour.com/tours/380331,"Шедеври Франції Етрета, Мон Сен Мішель, Замки Луари",06.06.2026,,425,,,
https://www.accordtour.com/tours/380331,"Шедеври Франції Етрета, Мон Сен Мішель, Замки Луари",14.06.2026,,425,,,
https://www.accordtour.com/tours/380331,"Шедеври Франції Етрета, Мон Сен Мішель, Замки Луари",28.06.2026,,425,,,
https://www.accordtour.com/tours/380331,"Шедеври Франції Етрета, Мон Сен Мішель, Замки Луари",30.06.2026,,425,,,
https://www.accordtour.com/tours/380331,"Шедеври Франції Етрета, Мон Сен Мішель, Замки Луари",05.07.2026,,425,,,
https://www.accordtour.com/tours/380331,"Шедеври Франції Етрета, Мон Сен Мішель, Замки Луари",08.07.2026,,425,,,
https://www.accordtour.com/tours/380331,"Шедеври Франції Етрета, Мон Сен Мішель, Замки Луари",18.07.2026,,425,,,
https://www.accordtour.com/tours/380331,"Шедеври Франції Етрета, Мон Сен Мішель, Замки Луари",24.07.2026,,425,,,
https://www.accordtour.com/tours/380331,"Шедеври Франції Етрета, Мон Сен Мішель, Замки Луари",28.07.2026,,425,,,
https://www.accordtour.com/tours/380331,"Шедеври Франції Етрета, Мон Сен Мішель, Замки Луари",02.08.2026,,425,,,
https://www.accordtour.com/tours/380331,"Шедеври Франції Етрета, Мон Сен Мішель, Замки Луари",09.08.2026,,425,,,
https://www.accordtour.com/tours/380331,"Шедеври Франції Етрета, Мон Сен Мішель, Замки Луари",15.08.2026,,425,,,
https://www.accordtour.com/tours/380331,"Шедеври Франції Етрета, Мон Сен Мішель, Замки Луари",22.08.2026,,425,,,
https://www.accordtour.com/tours/380331,"Шедеври Франції Етрета, Мон Сен Мішель, Замки Луари",24.08.2026,,425,,,
https://www.accordtour.com/tours/380331,"Шедеври Франції Етрета, Мон Сен Мішель, Замки Луари",29.08.2026,,425,,,
https://www.accordtour.com/tours/380331,"Шедеври Франції Етрета, Мон Сен Мішель, Замки Луари",12.09.2026,,425,,,
https://www.accordtour.com/tours/380331,"Шедеври Франції Етрета, Мон Сен Мішель, Замки Луари",18.09.2026,,425,,,
https://www.accordtour.com/tours/380331,"Шедеври Франції Етрета, Мон Сен Мішель, Замки Луари",22.09.2026,,425,,,
https://www.accordtour.com/tours/380331,"Шедеври Франції Етрета, Мон Сен Мішель, Замки Луари",27.09.2026,,425,,,
https://www.accordtour.com/tours/380331,"Шедеври Франції Етрета, Мон Сен Мішель, Замки Луари",29.09.2026,,425,,,
https://www.accordtour.com/tours/380331,"Шедеври Франції Етрета, Мон Сен Мішель, Замки Луари",03.10.2026,,425,,,
https://www.accordtour.com/tours/380331,"Шедеври Франції Етрета, Мон Сен Мішель, Замки Луари",18.10.2026,,425,,,
https://www.accordtour.com/tours/8388/novyi_rik/,"Все, про що мрію, — це Париж! Je t'aime, mon cher Paris!",27.12.2026,,468,,,
https://www.accordtour.com/tours/863862,Краківський Вояж!,28.05.2026,,112,,,
https://www.accordtour.com/tours/863862,Краківський Вояж!,29.05.2026,,112,,,
https://www.accordtour.com/tours/863862,Краківський Вояж!,02.06.2026,,112,,,
https://www.accordtour.com/tours/863862,Краківський Вояж!,04.06.2026,,112,,,
https://www.accordtour.com/tours/863862,Краківський Вояж!,06.06.2026,,112,,,
https://www.accordtour.com/tours/863862,Краківський Вояж!,08.06.2026,,112,,,
https://www.accordtour.com/tours/863862,Краківський Вояж!,09.06.2026,,112,,,
https://www.accordtour.com/tours/863862,Краківський Вояж!,10.06.2026,,112,,,
https://www.accordtour.com/tours/863862,Краківський Вояж!,11.06.2026,,112,,,
https://www.accordtour.com/tours/863862,Краківський Вояж!,13.06.2026,,112,,,
https://www.accordtour.com/tours/863862,Краківський Вояж!,14.06.2026,,112,,,
https://www.accordtour.com/tours/863862,Краківський Вояж!,15.06.2026,,112,,,
https://www.accordtour.com/tours/863862,Краківський Вояж!,24.06.2026,,112,,,
https://www.accordtour.com/tours/863862,Краківський Вояж!,26.06.2026,,112,,,
https://www.accordtour.com/tours/863862,Краківський Вояж!,27.06.2026,,112,,,
https://www.accordtour.com/tours/863862,Краківський Вояж!,28.06.2026,,112,,,
https://www.accordtour.com/tours/863862,Краківський Вояж!,30.06.2026,,112,,,
https://www.accordtour.com/tours/863862,Краківський Вояж!,03.07.2026,,112,,,
https://www.accordtour.com/tours/863862,Краківський Вояж!,05.07.2026,,112,,,
https://www.accordtour.com/tours/863862,Краківський Вояж!,06.07.2026,,112,,,
https://www.accordtour.com/tours/863862,Краківський Вояж!,08.07.2026,,112,,,
https://www.accordtour.com/tours/863862,Краківський Вояж!,11.07.2026,,112,,,
https://www.accordtour.com/tours/863862,Краківський Вояж!,15.07.2026,,112,,,
https://www.accordtour.com/tours/863862,Краківський Вояж!,16.07.2026,,112,,,
https://www.accordtour.com/tours/863862,Краківський Вояж!,17.07.2026,,112,,,
https://www.accordtour.com/tours/863862,Краківський Вояж!,18.07.2026,,112,,,
https://www.accordtour.com/tours/261408,Вікенд в Берліні!,28.05.2026,,142,,,
https://www.accordtour.com/tours/261408,Вікенд в Берліні!,29.05.2026,,142,,,
https://www.accordtour.com/tours/261408,Вікенд в Берліні!,04.06.2026,,142,,,
https://www.accordtour.com/tours/261408,Вікенд в Берліні!,06.06.2026,,142,,,
https://www.accordtour.com/tours/261408,Вікенд в Берліні!,08.06.2026,,142,,,
https://www.accordtour.com/tours/261408,Вікенд в Берліні!,09.06.2026,,142,,,
https://www.accordtour.com/tours/261408,Вікенд в Берліні!,10.06.2026,,142,,,
https://www.accordtour.com/tours/261408,Вікенд в Берліні!,11.06.2026,,142,,,
https://www.accordtour.com/tours/261408,Вікенд в Берліні!,13.06.2026,,142,,,
https://www.accordtour.com/tours/261408,Вікенд в Берліні!,14.06.2026,,142,,,
https://www.accordtour.com/tours/261408,Вікенд в Берліні!,15.06.2026,,142,,,
https://www.accordtour.com/tours/261408,Вікенд в Берліні!,24.06.2026,,142,,,
https://www.accordtour.com/tours/261408,Вікенд в Берліні!,26.06.2026,,142,,,
https://www.accordtour.com/tours/261408,Вікенд в Берліні!,27.06.2026,,142,,,
https://www.accordtour.com/tours/261408,Вікенд в Берліні!,28.06.2026,,142,,,
https://www.accordtour.com/tours/261408,Вікенд в Берліні!,30.06.2026,,142,,,
https://www.accordtour.com/tours/261408,Вікенд в Берліні!,03.07.2026,,142,,,
https://www.accordtour.com/tours/261408,Вікенд в Берліні!,05.07.2026,,142,,,
https://www.accordtour.com/tours/261408,Вікенд в Берліні!,06.07.2026,,142,,,
https://www.accordtour.com/tours/261408,Вікенд в Берліні!,08.07.2026,,142,,,
https://www.accordtour.com/tours/261408,Вікенд в Берліні!,11.07.2026,,142,,,
https://www.accordtour.com/tours/261408,Вікенд в Берліні!,15.07.2026,,142,,,
https://www.accordtour.com/tours/261408,Вікенд в Берліні!,16.07.2026,,142,,,
https://www.accordtour.com/tours/261408,Вікенд в Берліні!,17.7.2026,,142,,,
https://www.accordtour.com/tours/261408,Вікенд в Берліні!,18.7.2026,,142,,,
https://www.accordtour.com/tours/261408,Вікенд в Берліні!,19.07.2026,,142,,,
https://www.accordtour.com/tours/888166,Кастаньєти іспанського серця 3 дні в Барселоні,28.05.2026,,506,,,
https://www.accordtour.com/tours/888166,Кастаньєти іспанського серця 3 дні в Барселоні,11.06.2026,,506,,,
https://www.accordtour.com/tours/888166,Кастаньєти іспанського серця 3 дні в Барселоні,24.06.2026,,506,,,
https://www.accordtour.com/tours/888166,Кастаньєти іспанського серця 3 дні в Барселоні,26.06.2026,,506,,,
https://www.accordtour.com/tours/888166,Кастаньєти іспанського серця 3 дні в Барселоні,17.07.2026,,506,,,
https://www.accordtour.com/tours/888166,Кастаньєти іспанського серця 3 дні в Барселоні,24.07.2026,,506,,,
https://www.accordtour.com/tours/888166,Кастаньєти іспанського серця 3 дні в Барселоні,31.07.2026,,506,,,
https://www.accordtour.com/tours/888166,Кастаньєти іспанського серця 3 дні в Барселоні,01.08.2026,,506,,,
https://www.accordtour.com/tours/888166,Кастаньєти іспанського серця 3 дні в Барселоні,02.08.2026,,506,,,
https://www.accordtour.com/tours/888166,Кастаньєти іспанського серця 3 дні в Барселоні,15.08.2026,,506,,,
https://www.accordtour.com/tours/888166,Кастаньєти іспанського серця 3 дні в Барселоні,23.08.2026,,506,,,
https://www.accordtour.com/tours/888166,Кастаньєти іспанського серця 3 дні в Барселоні,29.08.2026,,506,,,
https://www.accordtour.com/tours/888166,Кастаньєти іспанського серця 3 дні в Барселоні,22.09.2026,,506,,,
https://www.accordtour.com/tours/888166,Кастаньєти іспанського серця 3 дні в Барселоні,29.09.2026,,506,,,
https://www.accordtour.com/tours/888166,Кастаньєти іспанського серця 3 дні в Барселоні,18.10.2026,,506,,,
https://www.accordtour.com/tours/888166,Кастаньєти іспанського серця 3 дні в Барселоні,24.10.2026,,506,,,
https://www.accordtour.com/tours/311103,"Закохані в Париж Діснейленд, Нормандія, Страсбург + Зальцбург...",31.05.2026,,249,,,
https://www.accordtour.com/tours/311103,"Закохані в Париж Діснейленд, Нормандія, Страсбург + Зальцбург...",05.06.2026,,249,,,
https://www.accordtour.com/tours/311103,"Закохані в Париж Діснейленд, Нормандія, Страсбург + Зальцбург...",14.06.2026,,249,,,
https://www.accordtour.com/tours/311103,"Закохані в Париж Діснейленд, Нормандія, Страсбург + Зальцбург...",18.06.2026,,249,,,
https://www.accordtour.com/tours/311103,"Закохані в Париж Діснейленд, Нормандія, Страсбург + Зальцбург...",24.06.2026,,249,,,
https://www.accordtour.com/tours/311103,"Закохані в Париж Діснейленд, Нормандія, Страсбург + Зальцбург...",03.07.2026,,249,,,
https://www.accordtour.com/tours/311103,"Закохані в Париж Діснейленд, Нормандія, Страсбург + Зальцбург...",11.07.2026,,249,,,
https://www.accordtour.com/tours/311103,"Закохані в Париж Діснейленд, Нормандія, Страсбург + Зальцбург...",15.07.2026,,249,,,
https://www.accordtour.com/tours/311103,"Закохані в Париж Діснейленд, Нормандія, Страсбург + Зальцбург...",19.07.2026,,249,,,
https://www.accordtour.com/tours/311103,"Закохані в Париж Діснейленд, Нормандія, Страсбург + Зальцбург...",21.07.2026,,249,,,
https://www.accordtour.com/tours/311103,"Закохані в Париж Діснейленд, Нормандія, Страсбург + Зальцбург...",24.07.2026,,249,,,
https://www.accordtour.com/tours/311103,"Закохані в Париж Діснейленд, Нормандія, Страсбург + Зальцбург...",28.07.2026,,249,,,
https://www.accordtour.com/tours/311103,"Закохані в Париж Діснейленд, Нормандія, Страсбург + Зальцбург...",31.07.2026,,249,,,
https://www.accordtour.com/tours/311103,"Закохані в Париж Діснейленд, Нормандія, Страсбург + Зальцбург...",02.08.2026,,249,,,
https://www.accordtour.com/tours/311103,"Закохані в Париж Діснейленд, Нормандія, Страсбург + Зальцбург...",09.08.2026,,249,,,
https://www.accordtour.com/tours/311103,"Закохані в Париж Діснейленд, Нормандія, Страсбург + Зальцбург...",11.08.2026,,249,,,
https://www.accordtour.com/tours/311103,"Закохані в Париж Діснейленд, Нормандія, Страсбург + Зальцбург...",15.08.2026,,249,,,
https://www.accordtour.com/tours/311103,"Закохані в Париж Діснейленд, Нормандія, Страсбург + Зальцбург...",22.08.2026,,249,,,
https://www.accordtour.com/tours/311103,"Закохані в Париж Діснейленд, Нормандія, Страсбург + Зальцбург...",23.08.2026,,249,,,
https://www.accordtour.com/tours/311103,"Закохані в Париж Діснейленд, Нормандія, Страсбург + Зальцбург...",25.08.2026,,249,,,
https://www.accordtour.com/tours/311103,"Закохані в Париж Діснейленд, Нормандія, Страсбург + Зальцбург...",28.08.2026,,249,,,
https://www.accordtour.com/tours/311103,"Закохані в Париж Діснейленд, Нормандія, Страсбург + Зальцбург...",10.09.2026,,249,,,
https://www.accordtour.com/tours/311103,"Закохані в Париж Діснейленд, Нормандія, Страсбург + Зальцбург...",17.09.2026,,249,,,
https://www.accordtour.com/tours/311103,"Закохані в Париж Діснейленд, Нормандія, Страсбург + Зальцбург...",25.09.2026,,249,,,
https://www.accordtour.com/tours/668,Апельсиновий рай відпочинок на морі Іспанії та Франції + Швейцарія!!!,28.05.2026,,450,,,
https://www.accordtour.com/tours/668,Апельсиновий рай відпочинок на морі Іспанії та Франції + Швейцарія!!!,01.06.2026,,450,,,
https://www.accordtour.com/tours/668,Апельсиновий рай відпочинок на морі Іспанії та Франції + Швейцарія!!!,05.06.2026,,450,,,
https://www.accordtour.com/tours/668,Апельсиновий рай відпочинок на морі Іспанії та Франції + Швейцарія!!!,09.06.2026,,450,,,
https://www.accordtour.com/tours/668,Апельсиновий рай відпочинок на морі Іспанії та Франції + Швейцарія!!!,13.06.2026,,450,,,
https://www.accordtour.com/tours/668,Апельсиновий рай відпочинок на морі Іспанії та Франції + Швейцарія!!!,17.06.2026,,450,,,
https://www.accordtour.com/tours/668,Апельсиновий рай відпочинок на морі Іспанії та Франції + Швейцарія!!!,21.06.2026,,450,,,
https://www.accordtour.com/tours/668,Апельсиновий рай відпочинок на морі Іспанії та Франції + Швейцарія!!!,25.06.2026,,450,,,
https://www.accordtour.com/tours/668,Апельсиновий рай відпочинок на морі Іспанії та Франції + Швейцарія!!!,29.06.2026,,450,,,
https://www.accordtour.com/tours/668,Апельсиновий рай відпочинок на морі Іспанії та Франції + Швейцарія!!!,03.07.2026,,450,,,
https://www.accordtour.com/tours/668,Апельсиновий рай відпочинок на морі Іспанії та Франції + Швейцарія!!!,07.07.2026,,450,,,
https://www.accordtour.com/tours/668,Апельсиновий рай відпочинок на морі Іспанії та Франції + Швейцарія!!!,11.07.2026,,450,,,
https://www.accordtour.com/tours/668,Апельсиновий рай відпочинок на морі Іспанії та Франції + Швейцарія!!!,15.07.2026,,450,,,
https://www.accordtour.com/tours/668,Апельсиновий рай відпочинок на морі Іспанії та Франції + Швейцарія!!!,19.07.2026,,450,,,
https://www.accordtour.com/tours/668,Апельсиновий рай відпочинок на морі Іспанії та Франції + Швейцарія!!!,23.07.2026,,450,,,
https://www.accordtour.com/tours/668,Апельсиновий рай відпочинок на морі Іспанії та Франції + Швейцарія!!!,27.07.2026,,450,,,
https://www.accordtour.com/tours/668,Апельсиновий рай відпочинок на морі Іспанії та Франції + Швейцарія!!!,31.07.2026,,450,,,
https://www.accordtour.com/tours/668,Апельсиновий рай відпочинок на морі Іспанії та Франції + Швейцарія!!!,04.08.2026,,450,,,
https://www.accordtour.com/tours/668,Апельсиновий рай відпочинок на морі Іспанії та Франції + Швейцарія!!!,08.08.2026,,450,,,
https://www.accordtour.com/tours/668,Апельсиновий рай відпочинок на морі Іспанії та Франції + Швейцарія!!!,12.08.2026,,450,,,
https://www.accordtour.com/tours/668,Апельсиновий рай відпочинок на морі Іспанії та Франції + Швейцарія!!!,16.08.2026,,450,,,
https://www.accordtour.com/tours/668,Апельсиновий рай відпочинок на морі Іспанії та Франції + Швейцарія!!!,20.08.2026,,450,,,
https://www.accordtour.com/tours/668,Апельсиновий рай відпочинок на морі Іспанії та Франції + Швейцарія!!!,24.08.2026,,450,,,
https://www.accordtour.com/tours/668,Апельсиновий рай відпочинок на морі Іспанії та Франції + Швейцарія!!!,28.08.2026,,450,,,
https://www.accordtour.com/tours/1118336,Пристрасть по-іспанськи! Відпочинок на морі!,28.05.2026,,567,,,
https://www.accordtour.com/tours/1118336,Пристрасть по-іспанськи! Відпочинок на морі!,1.6.2026,,567,,,
https://www.accordtour.com/tours/1118336,Пристрасть по-іспанськи! Відпочинок на морі!,5.6.2026,,567,,,
https://www.accordtour.com/tours/1118336,Пристрасть по-іспанськи! Відпочинок на морі!,09.06.2026,,567,,,
https://www.accordtour.com/tours/1118336,Пристрасть по-іспанськи! Відпочинок на морі!,13.06.2026,,567,,,
https://www.accordtour.com/tours/1118336,Пристрасть по-іспанськи! Відпочинок на морі!,17.06.2026,,567,,,
https://www.accordtour.com/tours/1118336,Пристрасть по-іспанськи! Відпочинок на морі!,21.06.2026,,567,,,
https://www.accordtour.com/tours/1118336,Пристрасть по-іспанськи! Відпочинок на морі!,25.06.2026,,567,,,
https://www.accordtour.com/tours/1118336,Пристрасть по-іспанськи! Відпочинок на морі!,29.06.2026,,567,,,
https://www.accordtour.com/tours/1118336,Пристрасть по-іспанськи! Відпочинок на морі!,03.07.2026,,567,,,
https://www.accordtour.com/tours/1118336,Пристрасть по-іспанськи! Відпочинок на морі!,07.07.2026,,567,,,
https://www.accordtour.com/tours/1118336,Пристрасть по-іспанськи! Відпочинок на морі!,11.07.2026,,567,,,
https://www.accordtour.com/tours/1118336,Пристрасть по-іспанськи! Відпочинок на морі!,15.07.2026,,567,,,
https://www.accordtour.com/tours/1118336,Пристрасть по-іспанськи! Відпочинок на морі!,19.07.2026,,567,,,
https://www.accordtour.com/tours/1118336,Пристрасть по-іспанськи! Відпочинок на морі!,23.07.2026,,567,,,
https://www.accordtour.com/tours/1118336,Пристрасть по-іспанськи! Відпочинок на морі!,27.07.2026,,567,,,
https://www.accordtour.com/tours/1118336,Пристрасть по-іспанськи! Відпочинок на морі!,31.07.2026,,567,,,
https://www.accordtour.com/tours/1118336,Пристрасть по-іспанськи! Відпочинок на морі!,04.08.2026,,567,,,
https://www.accordtour.com/tours/1118336,Пристрасть по-іспанськи! Відпочинок на морі!,08.08.2026,,567,,,
https://www.accordtour.com/tours/1118336,Пристрасть по-іспанськи! Відпочинок на морі!,12.08.2026,,567,,,
https://www.accordtour.com/tours/1118336,Пристрасть по-іспанськи! Відпочинок на морі!,16.08.2026,,567,,,
https://www.accordtour.com/tours/1118336,Пристрасть по-іспанськи! Відпочинок на морі!,20.08.2026,,567,,,
https://www.accordtour.com/tours/1118336,Пристрасть по-іспанськи! Відпочинок на морі!,24.08.2026,,567,,,
https://www.accordtour.com/tours/1118336,Пристрасть по-іспанськи! Відпочинок на морі!,28.08.2026,,567,,,
https://www.accordtour.com/tours/6687,"Романтичний Париж! Страсбург, Кольмар, Нюрнберг",27.05.2026,,372,,,
https://www.accordtour.com/tours/6687,"Романтичний Париж! Страсбург, Кольмар, Нюрнберг",29.05.2026,,372,,,
https://www.accordtour.com/tours/6687,"Романтичний Париж! Страсбург, Кольмар, Нюрнберг",06.06.2026,,372,,,
https://www.accordtour.com/tours/6687,"Романтичний Париж! Страсбург, Кольмар, Нюрнберг",08.06.2026,,372,,,
https://www.accordtour.com/tours/6687,"Романтичний Париж! Страсбург, Кольмар, Нюрнберг",09.06.2026,,372,,,
https://www.accordtour.com/tours/6687,"Романтичний Париж! Страсбург, Кольмар, Нюрнберг",10.06.2026,,372,,,
https://www.accordtour.com/tours/6687,"Романтичний Париж! Страсбург, Кольмар, Нюрнберг",11.06.2026,,372,,,
https://www.accordtour.com/tours/6687,"Романтичний Париж! Страсбург, Кольмар, Нюрнберг",13.06.2026,,372,,,
https://www.accordtour.com/tours/6687,"Романтичний Париж! Страсбург, Кольмар, Нюрнберг",14.06.2026,,372,,,
https://www.accordtour.com/tours/6687,"Романтичний Париж! Страсбург, Кольмар, Нюрнберг",15.06.2026,,372,,,
https://www.accordtour.com/tours/6687,"Романтичний Париж! Страсбург, Кольмар, Нюрнберг",24.06.2026,,372,,,
https://www.accordtour.com/tours/6687,"Романтичний Париж! Страсбург, Кольмар, Нюрнберг",26.06.2026,,372,,,
https://www.accordtour.com/tours/6687,"Романтичний Париж! Страсбург, Кольмар, Нюрнберг",28.06.2026,,372,,,
https://www.accordtour.com/tours/6687,"Романтичний Париж! Страсбург, Кольмар, Нюрнберг",30.06.2026,,372,,,
https://www.accordtour.com/tours/6687,"Романтичний Париж! Страсбург, Кольмар, Нюрнберг",05.07.2026,,372,,,
https://www.accordtour.com/tours/6687,"Романтичний Париж! Страсбург, Кольмар, Нюрнберг",06.07.2026,,372,,,
https://www.accordtour.com/tours/6687,"Романтичний Париж! Страсбург, Кольмар, Нюрнберг",08.07.2026,,372,,,
https://www.accordtour.com/tours/6687,"Романтичний Париж! Страсбург, Кольмар, Нюрнберг",15.07.2026,,372,,,
https://www.accordtour.com/tours/6687,"Романтичний Париж! Страсбург, Кольмар, Нюрнберг",18.07.2026,,372,,,
https://www.accordtour.com/tours/6687,"Романтичний Париж! Страсбург, Кольмар, Нюрнберг",19.07.2026,,372,,,
https://www.accordtour.com/tours/6687,"Романтичний Париж! Страсбург, Кольмар, Нюрнберг",20.07.2026,,372,,,
https://www.accordtour.com/tours/6687,"Романтичний Париж! Страсбург, Кольмар, Нюрнберг",24.07.2026,,372,,,
https://www.accordtour.com/tours/6687,"Романтичний Париж! Страсбург, Кольмар, Нюрнберг",28.07.2026,,372,,,
https://www.accordtour.com/tours/6687,"Романтичний Париж! Страсбург, Кольмар, Нюрнберг",29.07.2026,,372,,,
https://www.accordtour.com/tours/6687,"Романтичний Париж! Страсбург, Кольмар, Нюрнберг",30.07.2026,,372,,,
https://www.accordtour.com/tours/6687,"Романтичний Париж! Страсбург, Кольмар, Нюрнберг",31.07.2026,,372,,,
https://www.accordtour.com/tours/611000,"Атмосфера свята Франція та Швейцарія Париж, Цюріх, Люцерн",29.05.2026,,327,,,
https://www.accordtour.com/tours/611000,"Атмосфера свята Франція та Швейцарія Париж, Цюріх, Люцерн",31.05.2026,,327,,,
https://www.accordtour.com/tours/611000,"Атмосфера свята Франція та Швейцарія Париж, Цюріх, Люцерн",06.06.2026,,327,,,
https://www.accordtour.com/tours/611000,"Атмосфера свята Франція та Швейцарія Париж, Цюріх, Люцерн",14.06.2026,,327,,,
https://www.accordtour.com/tours/611000,"Атмосфера свята Франція та Швейцарія Париж, Цюріх, Люцерн",17.06.2026,,327,,,
https://www.accordtour.com/tours/611000,"Атмосфера свята Франція та Швейцарія Париж, Цюріх, Люцерн",26.06.2026,,327,,,
https://www.accordtour.com/tours/611000,"Атмосфера свята Франція та Швейцарія Париж, Цюріх, Люцерн",28.06.2026,,327,,,
https://www.accordtour.com/tours/611000,"Атмосфера свята Франція та Швейцарія Париж, Цюріх, Люцерн",05.07.2026,,327,,,
https://www.accordtour.com/tours/611000,"Атмосфера свята Франція та Швейцарія Париж, Цюріх, Люцерн",11.07.2026,,327,,,
https://www.accordtour.com/tours/611000,"Атмосфера свята Франція та Швейцарія Париж, Цюріх, Люцерн",18.07.2026,,327,,,
https://www.accordtour.com/tours/611000,"Атмосфера свята Франція та Швейцарія Париж, Цюріх, Люцерн",24.07.2026,,327,,,
https://www.accordtour.com/tours/611000,"Атмосфера свята Франція та Швейцарія Париж, Цюріх, Люцерн",28.07.2026,,327,,,
https://www.accordtour.com/tours/611000,"Атмосфера свята Франція та Швейцарія Париж, Цюріх, Люцерн",31.07.2026,,327,,,
https://www.accordtour.com/tours/611000,"Атмосфера свята Франція та Швейцарія Париж, Цюріх, Люцерн",01.08.2026,,327,,,
https://www.accordtour.com/tours/611000,"Атмосфера свята Франція та Швейцарія Париж, Цюріх, Люцерн",02.08.2026,,327,,,
https://www.accordtour.com/tours/611000,"Атмосфера свята Франція та Швейцарія Париж, Цюріх, Люцерн",09.08.2026,,327,,,
https://www.accordtour.com/tours/611000,"Атмосфера свята Франція та Швейцарія Париж, Цюріх, Люцерн",15.08.2026,,327,,,
https://www.accordtour.com/tours/611000,"Атмосфера свята Франція та Швейцарія Париж, Цюріх, Люцерн",22.08.2026,,327,,,
https://www.accordtour.com/tours/611000,"Атмосфера свята Франція та Швейцарія Париж, Цюріх, Люцерн",23.08.2026,,327,,,
https://www.accordtour.com/tours/611000,"Атмосфера свята Франція та Швейцарія Париж, Цюріх, Люцерн",28.08.2026,,327,,,
https://www.accordtour.com/tours/611000,"Атмосфера свята Франція та Швейцарія Париж, Цюріх, Люцерн",29.08.2026,,327,,,
https://www.accordtour.com/tours/611000,"Атмосфера свята Франція та Швейцарія Париж, Цюріх, Люцерн",12.09.2026,,327,,,
https://www.accordtour.com/tours/611000,"Атмосфера свята Франція та Швейцарія Париж, Цюріх, Люцерн",18.09.2026,,327,,,
https://www.accordtour.com/tours/611000,"Атмосфера свята Франція та Швейцарія Париж, Цюріх, Люцерн",22.09.2026,,327,,,
https://www.accordtour.com/tours/338883,"Розкішна подорож Франція та Швейцарія Париж, Берн, Цюріх, Люцерн",27.05.2026,,381,,,
https://www.accordtour.com/tours/338883,"Розкішна подорож Франція та Швейцарія Париж, Берн, Цюріх, Люцерн",29.05.2026,,381,,,
https://www.accordtour.com/tours/338883,"Розкішна подорож Франція та Швейцарія Париж, Берн, Цюріх, Люцерн",06.06.2026,,381,,,
https://www.accordtour.com/tours/338883,"Розкішна подорож Франція та Швейцарія Париж, Берн, Цюріх, Люцерн",08.06.2026,,381,,,
https://www.accordtour.com/tours/338883,"Розкішна подорож Франція та Швейцарія Париж, Берн, Цюріх, Люцерн",09.06.2026,,381,,,
https://www.accordtour.com/tours/338883,"Розкішна подорож Франція та Швейцарія Париж, Берн, Цюріх, Люцерн",10.06.2026,,381,,,
https://www.accordtour.com/tours/338883,"Розкішна подорож Франція та Швейцарія Париж, Берн, Цюріх, Люцерн",11.06.2026,,381,,,
https://www.accordtour.com/tours/338883,"Розкішна подорож Франція та Швейцарія Париж, Берн, Цюріх, Люцерн",13.06.2026,,381,,,
https://www.accordtour.com/tours/338883,"Розкішна подорож Франція та Швейцарія Париж, Берн, Цюріх, Люцерн",14.06.2026,,381,,,
https://www.accordtour.com/tours/338883,"Розкішна подорож Франція та Швейцарія Париж, Берн, Цюріх, Люцерн",15.06.2026,,381,,,
https://www.accordtour.com/tours/338883,"Розкішна подорож Франція та Швейцарія Париж, Берн, Цюріх, Люцерн",24.06.2026,,381,,,
https://www.accordtour.com/tours/338883,"Розкішна подорож Франція та Швейцарія Париж, Берн, Цюріх, Люцерн",26.06.2026,,381,,,
https://www.accordtour.com/tours/338883,"Розкішна подорож Франція та Швейцарія Париж, Берн, Цюріх, Люцерн",28.06.2026,,381,,,
https://www.accordtour.com/tours/338883,"Розкішна подорож Франція та Швейцарія Париж, Берн, Цюріх, Люцерн",30.06.2026,,381,,,
https://www.accordtour.com/tours/338883,"Розкішна подорож Франція та Швейцарія Париж, Берн, Цюріх, Люцерн",05.07.2026,,381,,,
https://www.accordtour.com/tours/338883,"Розкішна подорож Франція та Швейцарія Париж, Берн, Цюріх, Люцерн",06.07.2026,,381,,,
https://www.accordtour.com/tours/338883,"Розкішна подорож Франція та Швейцарія Париж, Берн, Цюріх, Люцерн",08.07.2026,,381,,,
https://www.accordtour.com/tours/338883,"Розкішна подорож Франція та Швейцарія Париж, Берн, Цюріх, Люцерн",15.07.2026,,381,,,
https://www.accordtour.com/tours/338883,"Розкішна подорож Франція та Швейцарія Париж, Берн, Цюріх, Люцерн",18.07.2026,,381,,,
https://www.accordtour.com/tours/338883,"Розкішна подорож Франція та Швейцарія Париж, Берн, Цюріх, Люцерн",19.07.2026,,381,,,
https://www.accordtour.com/tours/338883,"Розкішна подорож Франція та Швейцарія Париж, Берн, Цюріх, Люцерн",20.07.2026,,381,,,
https://www.accordtour.com/tours/338883,"Розкішна подорож Франція та Швейцарія Париж, Берн, Цюріх, Люцерн",24.07.2026,,381,,,
https://www.accordtour.com/tours/338883,"Розкішна подорож Франція та Швейцарія Париж, Берн, Цюріх, Люцерн",28.07.2026,,381,,,
https://www.accordtour.com/tours/338883,"Розкішна подорож Франція та Швейцарія Париж, Берн, Цюріх, Люцерн",29.07.2026,,381,,,
https://www.accordtour.com/tours/338883,"Розкішна подорож Франція та Швейцарія Париж, Берн, Цюріх, Люцерн",30.07.2026,,381,,,
https://www.accordtour.com/tours/338883,"Розкішна подорож Франція та Швейцарія Париж, Берн, Цюріх, Люцерн",31.07.2026,,381,,,
https://www.accordtour.com/tours/1118333,Іспанська сієста... Відпочинок на морі!,28.05.2026,,519,,,
https://www.accordtour.com/tours/1118333,Іспанська сієста... Відпочинок на морі!,01.06.2026,,519,,,
https://www.accordtour.com/tours/1118333,Іспанська сієста... Відпочинок на морі!,05.06.2026,,519,,,
https://www.accordtour.com/tours/1118333,Іспанська сієста... Відпочинок на морі!,09.06.2026,,519,,,
https://www.accordtour.com/tours/1118333,Іспанська сієста... Відпочинок на морі!,13.06.2026,,519,,,
https://www.accordtour.com/tours/1118333,Іспанська сієста... Відпочинок на морі!,17.06.2026,,519,,,
https://www.accordtour.com/tours/1118333,Іспанська сієста... Відпочинок на морі!,21.06.2026,,519,,,
https://www.accordtour.com/tours/1118333,Іспанська сієста... Відпочинок на морі!,25.06.2026,,519,,,
https://www.accordtour.com/tours/1118333,Іспанська сієста... Відпочинок на морі!,29.06.2026,,519,,,
https://www.accordtour.com/tours/1118333,Іспанська сієста... Відпочинок на морі!,03.07.2026,,519,,,
https://www.accordtour.com/tours/1118333,Іспанська сієста... Відпочинок на морі!,07.07.2026,,519,,,
https://www.accordtour.com/tours/1118333,Іспанська сієста... Відпочинок на морі!,11.07.2026,,519,,,
https://www.accordtour.com/tours/1118333,Іспанська сієста... Відпочинок на морі!,15.07.2026,,519,,,
https://www.accordtour.com/tours/1118333,Іспанська сієста... Відпочинок на морі!,19.07.2026,,519,,,
https://www.accordtour.com/tours/1118333,Іспанська сієста... Відпочинок на морі!,23.07.2026,,519,,,
https://www.accordtour.com/tours/1118333,Іспанська сієста... Відпочинок на морі!,27.07.2026,,519,,,
https://www.accordtour.com/tours/1118333,Іспанська сієста... Відпочинок на морі!,31.07.2026,,519,,,
https://www.accordtour.com/tours/1118333,Іспанська сієста... Відпочинок на морі!,04.08.2026,,519,,,
https://www.accordtour.com/tours/1118333,Іспанська сієста... Відпочинок на морі!,08.08.2026,,519,,,
https://www.accordtour.com/tours/1118333,Іспанська сієста... Відпочинок на морі!,12.08.2026,,519,,,
https://www.accordtour.com/tours/1118333,Іспанська сієста... Відпочинок на морі!,16.08.2026,,519,,,
https://www.accordtour.com/tours/1118333,Іспанська сієста... Відпочинок на морі!,20.08.2026,,519,,,
https://www.accordtour.com/tours/1118333,Іспанська сієста... Відпочинок на морі!,24.08.2026,,519,,,
https://www.accordtour.com/tours/1118333,Іспанська сієста... Відпочинок на морі!,28.08.2026,,519,,,
https://www.accordtour.com/tours/4377,"Любов і голуби&hellip; Париж, Франкфурт, Дрезден і Прага!!!",27.05.2026,,326,,,
https://www.accordtour.com/tours/4377,"Любов і голуби&hellip; Париж, Франкфурт, Дрезден і Прага!!!",28.05.2026,,326,,,
https://www.accordtour.com/tours/4377,"Любов і голуби&hellip; Париж, Франкфурт, Дрезден і Прага!!!",29.05.2026,,326,,,
https://www.accordtour.com/tours/4377,"Любов і голуби&hellip; Париж, Франкфурт, Дрезден і Прага!!!",04.06.2026,,326,,,
https://www.accordtour.com/tours/4377,"Любов і голуби&hellip; Париж, Франкфурт, Дрезден і Прага!!!",06.06.2026,,326,,,
https://www.accordtour.com/tours/4377,"Любов і голуби&hellip; Париж, Франкфурт, Дрезден і Прага!!!",08.06.2026,,326,,,
https://www.accordtour.com/tours/4377,"Любов і голуби&hellip; Париж, Франкфурт, Дрезден і Прага!!!",09.06.2026,,326,,,
https://www.accordtour.com/tours/4377,"Любов і голуби&hellip; Париж, Франкфурт, Дрезден і Прага!!!",10.06.2026,,326,,,
https://www.accordtour.com/tours/4377,"Любов і голуби&hellip; Париж, Франкфурт, Дрезден і Прага!!!",11.06.2026,,326,,,
https://www.accordtour.com/tours/4377,"Любов і голуби&hellip; Париж, Франкфурт, Дрезден і Прага!!!",13.06.2026,,326,,,
https://www.accordtour.com/tours/4377,"Любов і голуби&hellip; Париж, Франкфурт, Дрезден і Прага!!!",14.06.2026,,326,,,
https://www.accordtour.com/tours/4377,"Любов і голуби&hellip; Париж, Франкфурт, Дрезден і Прага!!!",15.06.2026,,326,,,
https://www.accordtour.com/tours/4377,"Любов і голуби&hellip; Париж, Франкфурт, Дрезден і Прага!!!",24.06.2026,,326,,,
https://www.accordtour.com/tours/4377,"Любов і голуби&hellip; Париж, Франкфурт, Дрезден і Прага!!!",26.06.2026,,326,,,
https://www.accordtour.com/tours/4377,"Любов і голуби&hellip; Париж, Франкфурт, Дрезден і Прага!!!",27.06.2026,,326,,,
https://www.accordtour.com/tours/4377,"Любов і голуби&hellip; Париж, Франкфурт, Дрезден і Прага!!!",28.06.2026,,326,,,
https://www.accordtour.com/tours/4377,"Любов і голуби&hellip; Париж, Франкфурт, Дрезден і Прага!!!",30.06.2026,,326,,,
https://www.accordtour.com/tours/4377,"Любов і голуби&hellip; Париж, Франкфурт, Дрезден і Прага!!!",03.07.2026,,326,,,
https://www.accordtour.com/tours/4377,"Любов і голуби&hellip; Париж, Франкфурт, Дрезден і Прага!!!",05.07.2026,,326,,,
https://www.accordtour.com/tours/4377,"Любов і голуби&hellip; Париж, Франкфурт, Дрезден і Прага!!!",06.07.2026,,326,,,
https://www.accordtour.com/tours/4377,"Любов і голуби&hellip; Париж, Франкфурт, Дрезден і Прага!!!",08.07.2026,,326,,,
https://www.accordtour.com/tours/4377,"Любов і голуби&hellip; Париж, Франкфурт, Дрезден і Прага!!!",15.07.2026,,326,,,
https://www.accordtour.com/tours/4377,"Любов і голуби&hellip; Париж, Франкфурт, Дрезден і Прага!!!",18.07.2026,,326,,,
https://www.accordtour.com/tours/4377,"Любов і голуби&hellip; Париж, Франкфурт, Дрезден і Прага!!!",19.07.2026,,326,,,
https://www.accordtour.com/tours/4377,"Любов і голуби&hellip; Париж, Франкфурт, Дрезден і Прага!!!",20.07.2026,,326,,,
https://www.accordtour.com/tours/4377,"Любов і голуби&hellip; Париж, Франкфурт, Дрезден і Прага!!!",24.07.2026,,326,,,
https://www.accordtour.com/tours/8445,Французький настрій в Парижі та Діснейленді!,28.05.2026,,254,,,
https://www.accordtour.com/tours/8445,Французький настрій в Парижі та Діснейленді!,29.05.2026,,254,,,
https://www.accordtour.com/tours/8445,Французький настрій в Парижі та Діснейленді!,06.06.2026,,254,,,
https://www.accordtour.com/tours/8445,Французький настрій в Парижі та Діснейленді!,08.06.2026,,254,,,
https://www.accordtour.com/tours/8445,Французький настрій в Парижі та Діснейленді!,09.06.2026,,254,,,
https://www.accordtour.com/tours/8445,Французький настрій в Парижі та Діснейленді!,10.06.2026,,254,,,
https://www.accordtour.com/tours/8445,Французький настрій в Парижі та Діснейленді!,11.06.2026,,254,,,
https://www.accordtour.com/tours/8445,Французький настрій в Парижі та Діснейленді!,13.06.2026,,254,,,
https://www.accordtour.com/tours/8445,Французький настрій в Парижі та Діснейленді!,14.06.2026,,254,,,
https://www.accordtour.com/tours/8445,Французький настрій в Парижі та Діснейленді!,15.06.2026,,254,,,
https://www.accordtour.com/tours/8445,Французький настрій в Парижі та Діснейленді!,24.06.2026,,254,,,
https://www.accordtour.com/tours/8445,Французький настрій в Парижі та Діснейленді!,26.06.2026,,254,,,
https://www.accordtour.com/tours/8445,Французький настрій в Парижі та Діснейленді!,27.06.2026,,254,,,
https://www.accordtour.com/tours/8445,Французький настрій в Парижі та Діснейленді!,28.06.2026,,254,,,
https://www.accordtour.com/tours/8445,Французький настрій в Парижі та Діснейленді!,30.06.2026,,254,,,
https://www.accordtour.com/tours/8445,Французький настрій в Парижі та Діснейленді!,05.07.2026,,254,,,
https://www.accordtour.com/tours/8445,Французький настрій в Парижі та Діснейленді!,06.07.2026,,254,,,
https://www.accordtour.com/tours/8445,Французький настрій в Парижі та Діснейленді!,08.07.2026,,254,,,
https://www.accordtour.com/tours/8445,Французький настрій в Парижі та Діснейленді!,15.07.2026,,254,,,
https://www.accordtour.com/tours/8445,Французький настрій в Парижі та Діснейленді!,18.07.2026,,254,,,
https://www.accordtour.com/tours/8445,Французький настрій в Парижі та Діснейленді!,19.07.2026,,254,,,
https://www.accordtour.com/tours/8445,Французький настрій в Парижі та Діснейленді!,20.07.2026,,254,,,
https://www.accordtour.com/tours/8445,Французький настрій в Парижі та Діснейленді!,24.07.2026,,254,,,
https://www.accordtour.com/tours/8445,Французький настрій в Парижі та Діснейленді!,28.07.2026,,254,,,
https://www.accordtour.com/tours/8445,Французький настрій в Парижі та Діснейленді!,29.07.2026,,254,,,
https://www.accordtour.com/tours/8445,Французький настрій в Парижі та Діснейленді!,30.07.2026,,254,,,
https://www.accordtour.com/tours/3385,В Привабливому Парижі + Мюнхен та Діснейленд!!!,28.05.2026,,248,,,
https://www.accordtour.com/tours/3385,В Привабливому Парижі + Мюнхен та Діснейленд!!!,29.05.2026,,248,,,
https://www.accordtour.com/tours/3385,В Привабливому Парижі + Мюнхен та Діснейленд!!!,06.06.2026,,248,,,
https://www.accordtour.com/tours/3385,В Привабливому Парижі + Мюнхен та Діснейленд!!!,08.06.2026,,248,,,
https://www.accordtour.com/tours/3385,В Привабливому Парижі + Мюнхен та Діснейленд!!!,09.06.2026,,248,,,
https://www.accordtour.com/tours/3385,В Привабливому Парижі + Мюнхен та Діснейленд!!!,10.06.2026,,248,,,
https://www.accordtour.com/tours/3385,В Привабливому Парижі + Мюнхен та Діснейленд!!!,11.06.2026,,248,,,
https://www.accordtour.com/tours/3385,В Привабливому Парижі + Мюнхен та Діснейленд!!!,13.06.2026,,248,,,
https://www.accordtour.com/tours/3385,В Привабливому Парижі + Мюнхен та Діснейленд!!!,14.06.2026,,248,,,
https://www.accordtour.com/tours/3385,В Привабливому Парижі + Мюнхен та Діснейленд!!!,15.06.2026,,248,,,
https://www.accordtour.com/tours/3385,В Привабливому Парижі + Мюнхен та Діснейленд!!!,24.06.2026,,248,,,
https://www.accordtour.com/tours/3385,В Привабливому Парижі + Мюнхен та Діснейленд!!!,26.06.2026,,248,,,
https://www.accordtour.com/tours/3385,В Привабливому Парижі + Мюнхен та Діснейленд!!!,27.06.2026,,248,,,
https://www.accordtour.com/tours/3385,В Привабливому Парижі + Мюнхен та Діснейленд!!!,28.06.2026,,248,,,
https://www.accordtour.com/tours/3385,В Привабливому Парижі + Мюнхен та Діснейленд!!!,30.06.2026,,248,,,
https://www.accordtour.com/tours/3385,В Привабливому Парижі + Мюнхен та Діснейленд!!!,05.07.2026,,248,,,
https://www.accordtour.com/tours/3385,В Привабливому Парижі + Мюнхен та Діснейленд!!!,06.07.2026,,248,,,
https://www.accordtour.com/tours/3385,В Привабливому Парижі + Мюнхен та Діснейленд!!!,08.07.2026,,248,,,
https://www.accordtour.com/tours/3385,В Привабливому Парижі + Мюнхен та Діснейленд!!!,15.07.2026,,248,,,
https://www.accordtour.com/tours/3385,В Привабливому Парижі + Мюнхен та Діснейленд!!!,18.07.2026,,248,,,
https://www.accordtour.com/tours/3385,В Привабливому Парижі + Мюнхен та Діснейленд!!!,19.07.2026,,248,,,
https://www.accordtour.com/tours/3385,В Привабливому Парижі + Мюнхен та Діснейленд!!!,20.07.2026,,248,,,
https://www.accordtour.com/tours/3385,В Привабливому Парижі + Мюнхен та Діснейленд!!!,24.07.2026,,248,,,
https://www.accordtour.com/tours/3385,В Привабливому Парижі + Мюнхен та Діснейленд!!!,28.07.2026,,248,,,
https://www.accordtour.com/tours/3385,В Привабливому Парижі + Мюнхен та Діснейленд!!!,29.07.2026,,248,,,
https://www.accordtour.com/tours/3385,В Привабливому Парижі + Мюнхен та Діснейленд!!!,30.07.2026,,248,,,
https://www.accordtour.com/tours/661888,Казкова Прага + Дрезден,28.05.2026,,155,,,
https://www.accordtour.com/tours/661888,Казкова Прага + Дрезден,29.05.2026,,155,,,
https://www.accordtour.com/tours/661888,Казкова Прага + Дрезден,30.05.2026,,155,,,
https://www.accordtour.com/tours/661888,Казкова Прага + Дрезден,05.06.2026,,155,,,
https://www.accordtour.com/tours/661888,Казкова Прага + Дрезден,06.06.2026,,155,,,
https://www.accordtour.com/tours/661888,Казкова Прага + Дрезден,12.06.2026,,155,,,
https://www.accordtour.com/tours/661888,Казкова Прага + Дрезден,14.06.2026,,155,,,
https://www.accordtour.com/tours/661888,Казкова Прага + Дрезден,26.06.2026,,155,,,
https://www.accordtour.com/tours/661888,Казкова Прага + Дрезден,27.06.2026,,155,,,
https://www.accordtour.com/tours/661888,Казкова Прага + Дрезден,28.06.2026,,155,,,
https://www.accordtour.com/tours/661888,Казкова Прага + Дрезден,03.07.2026,,155,,,
https://www.accordtour.com/tours/661888,Казкова Прага + Дрезден,10.07.2026,,155,,,
https://www.accordtour.com/tours/661888,Казкова Прага + Дрезден,11.07.2026,,155,,,
https://www.accordtour.com/tours/661888,Казкова Прага + Дрезден,17.07.2026,,155,,,
https://www.accordtour.com/tours/661888,Казкова Прага + Дрезден,18.07.2026,,155,,,
https://www.accordtour.com/tours/661888,Казкова Прага + Дрезден,24.07.2026,,155,,,
https://www.accordtour.com/tours/661888,Казкова Прага + Дрезден,28.07.2026,,155,,,
https://www.accordtour.com/tours/661888,Казкова Прага + Дрезден,31.07.2026,,155,,,
https://www.accordtour.com/tours/661888,Казкова Прага + Дрезден,01.08.2026,,155,,,
https://www.accordtour.com/tours/661888,Казкова Прага + Дрезден,09.08.2026,,155,,,
https://www.accordtour.com/tours/661888,Казкова Прага + Дрезден,14.08.2026,,155,,,
https://www.accordtour.com/tours/661888,Казкова Прага + Дрезден,15.08.2026,,155,,,
https://www.accordtour.com/tours/661888,Казкова Прага + Дрезден,21.08.2026,,155,,,
https://www.accordtour.com/tours/661888,Казкова Прага + Дрезден,22.08.2026,,155,,,
https://www.accordtour.com/tours/661888,Казкова Прага + Дрезден,23.08.2026,,155,,,
https://www.accordtour.com/tours/1863,Маленька французька подорож Париж та Діснейленд,27.05.2026,,191,,,
https://www.accordtour.com/tours/1863,Маленька французька подорож Париж та Діснейленд,29.05.2026,,191,,,
https://www.accordtour.com/tours/1863,Маленька французька подорож Париж та Діснейленд,31.05.2026,,191,,,
https://www.accordtour.com/tours/1863,Маленька французька подорож Париж та Діснейленд,05.06.2026,,191,,,
https://www.accordtour.com/tours/1863,Маленька французька подорож Париж та Діснейленд,06.06.2026,,191,,,
https://www.accordtour.com/tours/1863,Маленька французька подорож Париж та Діснейленд,09.06.2026,,191,,,
https://www.accordtour.com/tours/1863,Маленька французька подорож Париж та Діснейленд,10.06.2026,,191,,,
https://www.accordtour.com/tours/1863,Маленька французька подорож Париж та Діснейленд,13.06.2026,,191,,,
https://www.accordtour.com/tours/1863,Маленька французька подорож Париж та Діснейленд,14.06.2026,,191,,,
https://www.accordtour.com/tours/1863,Маленька французька подорож Париж та Діснейленд,15.06.2026,,191,,,
https://www.accordtour.com/tours/1863,Маленька французька подорож Париж та Діснейленд,18.06.2026,,191,,,
https://www.accordtour.com/tours/1863,Маленька французька подорож Париж та Діснейленд,24.06.2026,,191,,,
https://www.accordtour.com/tours/1863,Маленька французька подорож Париж та Діснейленд,26.06.2026,,191,,,
https://www.accordtour.com/tours/1863,Маленька французька подорож Париж та Діснейленд,27.06.2026,,191,,,
https://www.accordtour.com/tours/1863,Маленька французька подорож Париж та Діснейленд,28.06.2026,,191,,,
https://www.accordtour.com/tours/1863,Маленька французька подорож Париж та Діснейленд,30.06.2026,,191,,,
https://www.accordtour.com/tours/1863,Маленька французька подорож Париж та Діснейленд,03.07.2026,,191,,,
https://www.accordtour.com/tours/1863,Маленька французька подорож Париж та Діснейленд,05.07.2026,,191,,,
https://www.accordtour.com/tours/1863,Маленька французька подорож Париж та Діснейленд,06.07.2026,,191,,,
https://www.accordtour.com/tours/1863,Маленька французька подорож Париж та Діснейленд,08.07.2026,,191,,,
https://www.accordtour.com/tours/1863,Маленька французька подорож Париж та Діснейленд,11.07.2026,,191,,,
https://www.accordtour.com/tours/1863,Маленька французька подорож Париж та Діснейленд,15.07.2026,,191,,,
https://www.accordtour.com/tours/1863,Маленька французька подорож Париж та Діснейленд,18.07.2026,,191,,,
https://www.accordtour.com/tours/1863,Маленька французька подорож Париж та Діснейленд,19.07.2026,,191,,,
https://www.accordtour.com/tours/1863,Маленька французька подорож Париж та Діснейленд,20.07.2026,,191,,,
https://www.accordtour.com/tours/1863,Маленька французька подорож Париж та Діснейленд,24.07.2026,,191,,,
https://www.accordtour.com/tours/8003,В повному шоколаді... або 2 дні в Швейцарії!,27.05.2026,,296,,,
https://www.accordtour.com/tours/8003,В повному шоколаді... або 2 дні в Швейцарії!,28.05.2026,,296,,,
https://www.accordtour.com/tours/8003,В повному шоколаді... або 2 дні в Швейцарії!,29.05.2026,,296,,,
https://www.accordtour.com/tours/8003,В повному шоколаді... або 2 дні в Швейцарії!,01.06.2026,,296,,,
https://www.accordtour.com/tours/8003,В повному шоколаді... або 2 дні в Швейцарії!,04.06.2026,,296,,,
https://www.accordtour.com/tours/8003,В повному шоколаді... або 2 дні в Швейцарії!,06.06.2026,,296,,,
https://www.accordtour.com/tours/8003,В повному шоколаді... або 2 дні в Швейцарії!,08.06.2026,,296,,,
https://www.accordtour.com/tours/8003,В повному шоколаді... або 2 дні в Швейцарії!,09.06.2026,,296,,,
https://www.accordtour.com/tours/8003,В повному шоколаді... або 2 дні в Швейцарії!,10.06.2026,,296,,,
https://www.accordtour.com/tours/8003,В повному шоколаді... або 2 дні в Швейцарії!,11.06.2026,,296,,,
https://www.accordtour.com/tours/8003,В повному шоколаді... або 2 дні в Швейцарії!,13.06.2026,,296,,,
https://www.accordtour.com/tours/8003,В повному шоколаді... або 2 дні в Швейцарії!,14.06.2026,,296,,,
https://www.accordtour.com/tours/8003,В повному шоколаді... або 2 дні в Швейцарії!,15.06.2026,,296,,,
https://www.accordtour.com/tours/8003,В повному шоколаді... або 2 дні в Швейцарії!,24.06.2026,,296,,,
https://www.accordtour.com/tours/8003,В повному шоколаді... або 2 дні в Швейцарії!,26.06.2026,,296,,,
https://www.accordtour.com/tours/8003,В повному шоколаді... або 2 дні в Швейцарії!,27.06.2026,,296,,,
https://www.accordtour.com/tours/8003,В повному шоколаді... або 2 дні в Швейцарії!,28.06.2026,,296,,,
https://www.accordtour.com/tours/8003,В повному шоколаді... або 2 дні в Швейцарії!,30.06.2026,,296,,,
https://www.accordtour.com/tours/8003,В повному шоколаді... або 2 дні в Швейцарії!,03.07.2026,,296,,,
https://www.accordtour.com/tours/8003,В повному шоколаді... або 2 дні в Швейцарії!,05.07.2026,,296,,,
https://www.accordtour.com/tours/8003,В повному шоколаді... або 2 дні в Швейцарії!,06.07.2026,,296,,,
https://www.accordtour.com/tours/8003,В повному шоколаді... або 2 дні в Швейцарії!,08.07.2026,,296,,,
https://www.accordtour.com/tours/8003,В повному шоколаді... або 2 дні в Швейцарії!,11.07.2026,,296,,,
https://www.accordtour.com/tours/8003,В повному шоколаді... або 2 дні в Швейцарії!,15.07.2026,,296,,,
https://www.accordtour.com/tours/8003,В повному шоколаді... або 2 дні в Швейцарії!,17.07.2026,,296,,,
https://www.accordtour.com/tours/8003,В повному шоколаді... або 2 дні в Швейцарії!,18.07.2026,,296,,,
https://www.accordtour.com/tours/161611,В полоні Парижа Діснейленд + Швейцарія + Баварія,29.05.2026,,260,,,
https://www.accordtour.com/tours/161611,В полоні Парижа Діснейленд + Швейцарія + Баварія,31.05.2026,,260,,,
https://www.accordtour.com/tours/161611,В полоні Парижа Діснейленд + Швейцарія + Баварія,05.06.2026,,260,,,
https://www.accordtour.com/tours/161611,В полоні Парижа Діснейленд + Швейцарія + Баварія,06.06.2026,,260,,,
https://www.accordtour.com/tours/161611,В полоні Парижа Діснейленд + Швейцарія + Баварія,09.06.2026,,260,,,
https://www.accordtour.com/tours/161611,В полоні Парижа Діснейленд + Швейцарія + Баварія,13.06.2026,,260,,,
https://www.accordtour.com/tours/161611,В полоні Парижа Діснейленд + Швейцарія + Баварія,14.06.2026,,260,,,
https://www.accordtour.com/tours/161611,В полоні Парижа Діснейленд + Швейцарія + Баварія,18.06.2026,,260,,,
https://www.accordtour.com/tours/161611,В полоні Парижа Діснейленд + Швейцарія + Баварія,26.06.2026,,260,,,
https://www.accordtour.com/tours/161611,В полоні Парижа Діснейленд + Швейцарія + Баварія,28.06.2026,,260,,,
https://www.accordtour.com/tours/161611,В полоні Парижа Діснейленд + Швейцарія + Баварія,30.06.2026,,260,,,
https://www.accordtour.com/tours/161611,В полоні Парижа Діснейленд + Швейцарія + Баварія,03.07.2026,,260,,,
https://www.accordtour.com/tours/161611,В полоні Парижа Діснейленд + Швейцарія + Баварія,05.07.2026,,260,,,
https://www.accordtour.com/tours/161611,В полоні Парижа Діснейленд + Швейцарія + Баварія,08.07.2026,,260,,,
https://www.accordtour.com/tours/161611,В полоні Парижа Діснейленд + Швейцарія + Баварія,11.07.2026,,260,,,
https://www.accordtour.com/tours/161611,В полоні Парижа Діснейленд + Швейцарія + Баварія,15.07.2026,,260,,,
https://www.accordtour.com/tours/161611,В полоні Парижа Діснейленд + Швейцарія + Баварія,18.07.2026,,260,,,
https://www.accordtour.com/tours/161611,В полоні Парижа Діснейленд + Швейцарія + Баварія,24.07.2026,,260,,,
https://www.accordtour.com/tours/161611,В полоні Парижа Діснейленд + Швейцарія + Баварія,28.07.2026,,260,,,
https://www.accordtour.com/tours/161611,В полоні Парижа Діснейленд + Швейцарія + Баварія,31.07.2026,,260,,,
https://www.accordtour.com/tours/161611,В полоні Парижа Діснейленд + Швейцарія + Баварія,02.08.2026,,260,,,
https://www.accordtour.com/tours/161611,В полоні Парижа Діснейленд + Швейцарія + Баварія,04.08.2026,,260,,,
https://www.accordtour.com/tours/161611,В полоні Парижа Діснейленд + Швейцарія + Баварія,09.08.2026,,260,,,
https://www.accordtour.com/tours/161611,В полоні Парижа Діснейленд + Швейцарія + Баварія,11.08.2026,,260,,,
https://www.accordtour.com/tours/161611,В полоні Парижа Діснейленд + Швейцарія + Баварія,14.08.2026,,260,,,
https://www.accordtour.com/tours/1118171,"Фантастична четвірка: Амстердам, Брюссель, Люксембург та Берлін!",28.05.2026,,335,,,
https://www.accordtour.com/tours/1118171,"Фантастична четвірка: Амстердам, Брюссель, Люксембург та Берлін!",29.05.2026,,335,,,
https://www.accordtour.com/tours/1118171,"Фантастична четвірка: Амстердам, Брюссель, Люксембург та Берлін!",06.06.2026,,335,,,
https://www.accordtour.com/tours/1118171,"Фантастична четвірка: Амстердам, Брюссель, Люксембург та Берлін!",08.06.2026,,335,,,
https://www.accordtour.com/tours/1118171,"Фантастична четвірка: Амстердам, Брюссель, Люксембург та Берлін!",09.06.2026,,335,,,
https://www.accordtour.com/tours/1118171,"Фантастична четвірка: Амстердам, Брюссель, Люксембург та Берлін!",10.06.2026,,335,,,
https://www.accordtour.com/tours/1118171,"Фантастична четвірка: Амстердам, Брюссель, Люксембург та Берлін!",11.06.2026,,335,,,
https://www.accordtour.com/tours/1118171,"Фантастична четвірка: Амстердам, Брюссель, Люксембург та Берлін!",13.06.2026,,335,,,
https://www.accordtour.com/tours/1118171,"Фантастична четвірка: Амстердам, Брюссель, Люксембург та Берлін!",14.06.2026,,335,,,
https://www.accordtour.com/tours/1118171,"Фантастична четвірка: Амстердам, Брюссель, Люксембург та Берлін!",15.06.2026,,335,,,
https://www.accordtour.com/tours/1118171,"Фантастична четвірка: Амстердам, Брюссель, Люксембург та Берлін!",24.06.2026,,335,,,
https://www.accordtour.com/tours/1118171,"Фантастична четвірка: Амстердам, Брюссель, Люксембург та Берлін!",26.06.2026,,335,,,
https://www.accordtour.com/tours/1118171,"Фантастична четвірка: Амстердам, Брюссель, Люксембург та Берлін!",27.06.2026,,335,,,
https://www.accordtour.com/tours/1118171,"Фантастична четвірка: Амстердам, Брюссель, Люксембург та Берлін!",28.06.2026,,335,,,
https://www.accordtour.com/tours/1118171,"Фантастична четвірка: Амстердам, Брюссель, Люксембург та Берлін!",30.06.2026,,335,,,
https://www.accordtour.com/tours/1118171,"Фантастична четвірка: Амстердам, Брюссель, Люксембург та Берлін!",05.07.2026,,335,,,
https://www.accordtour.com/tours/1118171,"Фантастична четвірка: Амстердам, Брюссель, Люксембург та Берлін!",06.07.2026,,335,,,
https://www.accordtour.com/tours/1118171,"Фантастична четвірка: Амстердам, Брюссель, Люксембург та Берлін!",08.07.2026,,335,,,
https://www.accordtour.com/tours/1118171,"Фантастична четвірка: Амстердам, Брюссель, Люксембург та Берлін!",15.07.2026,,335,,,
https://www.accordtour.com/tours/1118171,"Фантастична четвірка: Амстердам, Брюссель, Люксембург та Берлін!",18.07.2026,,335,,,
https://www.accordtour.com/tours/1118171,"Фантастична четвірка: Амстердам, Брюссель, Люксембург та Берлін!",19.07.2026,,335,,,
https://www.accordtour.com/tours/1118171,"Фантастична четвірка: Амстердам, Брюссель, Люксембург та Берлін!",20.07.2026,,335,,,
https://www.accordtour.com/tours/1118171,"Фантастична четвірка: Амстердам, Брюссель, Люксембург та Берлін!",24.07.2026,,335,,,
https://www.accordtour.com/tours/1118171,"Фантастична четвірка: Амстердам, Брюссель, Люксембург та Берлін!",28.07.2026,,335,,,
https://www.accordtour.com/tours/1118171,"Фантастична четвірка: Амстердам, Брюссель, Люксембург та Берлін!",29.07.2026,,335,,,
https://www.accordtour.com/tours/1118171,"Фантастична четвірка: Амстердам, Брюссель, Люксембург та Берлін!",30.07.2026,,335,,,
https://www.accordtour.com/tours/261417,Бельгія для гурманів або 2 дні в Брюсселі!,27.05.2026,,357,,,
https://www.accordtour.com/tours/261417,Бельгія для гурманів або 2 дні в Брюсселі!,28.05.2026,,357,,,
https://www.accordtour.com/tours/261417,Бельгія для гурманів або 2 дні в Брюсселі!,29.05.2026,,357,,,
https://www.accordtour.com/tours/261417,Бельгія для гурманів або 2 дні в Брюсселі!,06.06.2026,,357,,,
https://www.accordtour.com/tours/261417,Бельгія для гурманів або 2 дні в Брюсселі!,08.06.2026,,357,,,
https://www.accordtour.com/tours/261417,Бельгія для гурманів або 2 дні в Брюсселі!,09.06.2026,,357,,,
https://www.accordtour.com/tours/261417,Бельгія для гурманів або 2 дні в Брюсселі!,10.06.2026,,357,,,
https://www.accordtour.com/tours/261417,Бельгія для гурманів або 2 дні в Брюсселі!,11.06.2026,,357,,,
https://www.accordtour.com/tours/261417,Бельгія для гурманів або 2 дні в Брюсселі!,13.06.2026,,357,,,
https://www.accordtour.com/tours/261417,Бельгія для гурманів або 2 дні в Брюсселі!,14.06.2026,,357,,,
https://www.accordtour.com/tours/261417,Бельгія для гурманів або 2 дні в Брюсселі!,15.06.2026,,357,,,
https://www.accordtour.com/tours/261417,Бельгія для гурманів або 2 дні в Брюсселі!,24.06.2026,,357,,,
https://www.accordtour.com/tours/261417,Бельгія для гурманів або 2 дні в Брюсселі!,26.06.2026,,357,,,
https://www.accordtour.com/tours/261417,Бельгія для гурманів або 2 дні в Брюсселі!,27.06.2026,,357,,,
https://www.accordtour.com/tours/261417,Бельгія для гурманів або 2 дні в Брюсселі!,28.06.2026,,357,,,
https://www.accordtour.com/tours/261417,Бельгія для гурманів або 2 дні в Брюсселі!,30.06.2026,,357,,,
https://www.accordtour.com/tours/261417,Бельгія для гурманів або 2 дні в Брюсселі!,05.07.2026,,357,,,
https://www.accordtour.com/tours/261417,Бельгія для гурманів або 2 дні в Брюсселі!,06.07.2026,,357,,,
https://www.accordtour.com/tours/261417,Бельгія для гурманів або 2 дні в Брюсселі!,08.07.2026,,357,,,
https://www.accordtour.com/tours/261417,Бельгія для гурманів або 2 дні в Брюсселі!,15.07.2026,,357,,,
https://www.accordtour.com/tours/261417,Бельгія для гурманів або 2 дні в Брюсселі!,18.07.2026,,357,,,
https://www.accordtour.com/tours/261417,Бельгія для гурманів або 2 дні в Брюсселі!,19.07.2026,,357,,,
https://www.accordtour.com/tours/261417,Бельгія для гурманів або 2 дні в Брюсселі!,20.07.2026,,357,,,
https://www.accordtour.com/tours/261417,Бельгія для гурманів або 2 дні в Брюсселі!,24.07.2026,,357,,,
https://www.accordtour.com/tours/261417,Бельгія для гурманів або 2 дні в Брюсселі!,28.07.2026,,357,,,
https://www.accordtour.com/tours/261417,Бельгія для гурманів або 2 дні в Брюсселі!,29.07.2026,,357,,,
https://www.accordtour.com/tours/180308,"Вікенд в Швейцарію або Фондю для двох! Берн, Цюріх, Люцерн, Інтерлакен, Гріндельвальд",28.05.2026,,288,,,
https://www.accordtour.com/tours/180308,"Вікенд в Швейцарію або Фондю для двох! Берн, Цюріх, Люцерн, Інтерлакен, Гріндельвальд",29.05.2026,,288,,,
https://www.accordtour.com/tours/180308,"Вікенд в Швейцарію або Фондю для двох! Берн, Цюріх, Люцерн, Інтерлакен, Гріндельвальд",06.06.2026,,288,,,
https://www.accordtour.com/tours/180308,"Вікенд в Швейцарію або Фондю для двох! Берн, Цюріх, Люцерн, Інтерлакен, Гріндельвальд",08.06.2026,,288,,,
https://www.accordtour.com/tours/180308,"Вікенд в Швейцарію або Фондю для двох! Берн, Цюріх, Люцерн, Інтерлакен, Гріндельвальд",09.06.2026,,288,,,
https://www.accordtour.com/tours/180308,"Вікенд в Швейцарію або Фондю для двох! Берн, Цюріх, Люцерн, Інтерлакен, Гріндельвальд",10.06.2026,,288,,,
https://www.accordtour.com/tours/180308,"Вікенд в Швейцарію або Фондю для двох! Берн, Цюріх, Люцерн, Інтерлакен, Гріндельвальд",11.06.2026,,288,,,
https://www.accordtour.com/tours/180308,"Вікенд в Швейцарію або Фондю для двох! Берн, Цюріх, Люцерн, Інтерлакен, Гріндельвальд",13.06.2026,,288,,,
https://www.accordtour.com/tours/180308,"Вікенд в Швейцарію або Фондю для двох! Берн, Цюріх, Люцерн, Інтерлакен, Гріндельвальд",14.06.2026,,288,,,
https://www.accordtour.com/tours/180308,"Вікенд в Швейцарію або Фондю для двох! Берн, Цюріх, Люцерн, Інтерлакен, Гріндельвальд",15.06.2026,,288,,,
https://www.accordtour.com/tours/180308,"Вікенд в Швейцарію або Фондю для двох! Берн, Цюріх, Люцерн, Інтерлакен, Гріндельвальд",24.06.2026,,288,,,
https://www.accordtour.com/tours/180308,"Вікенд в Швейцарію або Фондю для двох! Берн, Цюріх, Люцерн, Інтерлакен, Гріндельвальд",26.06.2026,,288,,,
https://www.accordtour.com/tours/180308,"Вікенд в Швейцарію або Фондю для двох! Берн, Цюріх, Люцерн, Інтерлакен, Гріндельвальд",27.06.2026,,288,,,
https://www.accordtour.com/tours/180308,"Вікенд в Швейцарію або Фондю для двох! Берн, Цюріх, Люцерн, Інтерлакен, Гріндельвальд",28.06.2026,,288,,,
https://www.accordtour.com/tours/180308,"Вікенд в Швейцарію або Фондю для двох! Берн, Цюріх, Люцерн, Інтерлакен, Гріндельвальд",30.06.2026,,288,,,
https://www.accordtour.com/tours/180308,"Вікенд в Швейцарію або Фондю для двох! Берн, Цюріх, Люцерн, Інтерлакен, Гріндельвальд",05.07.2026,,288,,,
https://www.accordtour.com/tours/180308,"Вікенд в Швейцарію або Фондю для двох! Берн, Цюріх, Люцерн, Інтерлакен, Гріндельвальд",06.07.2026,,288,,,
https://www.accordtour.com/tours/180308,"Вікенд в Швейцарію або Фондю для двох! Берн, Цюріх, Люцерн, Інтерлакен, Гріндельвальд",08.07.2026,,288,,,
https://www.accordtour.com/tours/180308,"Вікенд в Швейцарію або Фондю для двох! Берн, Цюріх, Люцерн, Інтерлакен, Гріндельвальд",15.07.2026,,288,,,
https://www.accordtour.com/tours/180308,"Вікенд в Швейцарію або Фондю для двох! Берн, Цюріх, Люцерн, Інтерлакен, Гріндельвальд",17.07.2026,,288,,,
https://www.accordtour.com/tours/180308,"Вікенд в Швейцарію або Фондю для двох! Берн, Цюріх, Люцерн, Інтерлакен, Гріндельвальд",18.07.2026,,288,,,
https://www.accordtour.com/tours/180308,"Вікенд в Швейцарію або Фондю для двох! Берн, Цюріх, Люцерн, Інтерлакен, Гріндельвальд",19.07.2026,,288,,,
https://www.accordtour.com/tours/180308,"Вікенд в Швейцарію або Фондю для двох! Берн, Цюріх, Люцерн, Інтерлакен, Гріндельвальд",20.07.2026,,288,,,
https://www.accordtour.com/tours/180308,"Вікенд в Швейцарію або Фондю для двох! Берн, Цюріх, Люцерн, Інтерлакен, Гріндельвальд",24.07.2026,,288,,,
https://www.accordtour.com/tours/180308,"Вікенд в Швейцарію або Фондю для двох! Берн, Цюріх, Люцерн, Інтерлакен, Гріндельвальд",28.07.2026,,288,,,
https://www.accordtour.com/tours/180308,"Вікенд в Швейцарію або Фондю для двох! Берн, Цюріх, Люцерн, Інтерлакен, Гріндельвальд",29.07.2026,,288,,,
https://www.accordtour.com/tours/4967,Зустрінемось в Амстердамі,28.05.2026,,340,,,
https://www.accordtour.com/tours/4967,Зустрінемось в Амстердамі,29.05.2026,,340,,,
https://www.accordtour.com/tours/4967,Зустрінемось в Амстердамі,06.06.2026,,340,,,
https://www.accordtour.com/tours/4967,Зустрінемось в Амстердамі,08.06.2026,,340,,,
https://www.accordtour.com/tours/4967,Зустрінемось в Амстердамі,09.06.2026,,340,,,
https://www.accordtour.com/tours/4967,Зустрінемось в Амстердамі,10.06.2026,,340,,,
https://www.accordtour.com/tours/4967,Зустрінемось в Амстердамі,11.06.2026,,340,,,
https://www.accordtour.com/tours/4967,Зустрінемось в Амстердамі,13.06.2026,,340,,,
https://www.accordtour.com/tours/4967,Зустрінемось в Амстердамі,14.06.2026,,340,,,
https://www.accordtour.com/tours/4967,Зустрінемось в Амстердамі,15.06.2026,,340,,,
https://www.accordtour.com/tours/4967,Зустрінемось в Амстердамі,24.06.2026,,340,,,
https://www.accordtour.com/tours/4967,Зустрінемось в Амстердамі,26.06.2026,,340,,,
https://www.accordtour.com/tours/4967,Зустрінемось в Амстердамі,27.06.2026,,340,,,
https://www.accordtour.com/tours/4967,Зустрінемось в Амстердамі,28.06.2026,,340,,,
https://www.accordtour.com/tours/4967,Зустрінемось в Амстердамі,30.06.2026,,340,,,
https://www.accordtour.com/tours/4967,Зустрінемось в Амстердамі,05.07.2026,,340,,,
https://www.accordtour.com/tours/4967,Зустрінемось в Амстердамі,06.07.2026,,340,,,
https://www.accordtour.com/tours/4967,Зустрінемось в Амстердамі,08.07.2026,,340,,,
https://www.accordtour.com/tours/4967,Зустрінемось в Амстердамі,15.07.2026,,340,,,
https://www.accordtour.com/tours/4967,Зустрінемось в Амстердамі,18.07.2026,,340,,,
https://www.accordtour.com/tours/4967,Зустрінемось в Амстердамі,19.07.2026,,340,,,
https://www.accordtour.com/tours/4967,Зустрінемось в Амстердамі,20.07.2026,,340,,,
https://www.accordtour.com/tours/4967,Зустрінемось в Амстердамі,24.07.2026,,340,,,
https://www.accordtour.com/tours/4967,Зустрінемось в Амстердамі,28.07.2026,,340,,,
https://www.accordtour.com/tours/4967,Зустрінемось в Амстердамі,29.07.2026,,340,,,
https://www.accordtour.com/tours/4967,Зустрінемось в Амстердамі,30.07.2026,,340,,,
https://www.accordtour.com/tours/381103,Магія Парижа Діснейленд + Мюнхен+ Зальцбург,29.05.2026,,339,,,
https://www.accordtour.com/tours/381103,Магія Парижа Діснейленд + Мюнхен+ Зальцбург,31.05.2026,,339,,,
https://www.accordtour.com/tours/381103,Магія Парижа Діснейленд + Мюнхен+ Зальцбург,06.06.2026,,339,,,
https://www.accordtour.com/tours/381103,Магія Парижа Діснейленд + Мюнхен+ Зальцбург,14.06.2026,,339,,,
https://www.accordtour.com/tours/381103,Магія Парижа Діснейленд + Мюнхен+ Зальцбург,17.06.2026,,339,,,
https://www.accordtour.com/tours/381103,Магія Парижа Діснейленд + Мюнхен+ Зальцбург,26.06.2026,,339,,,
https://www.accordtour.com/tours/381103,Магія Парижа Діснейленд + Мюнхен+ Зальцбург,28.06.2026,,339,,,
https://www.accordtour.com/tours/381103,Магія Парижа Діснейленд + Мюнхен+ Зальцбург,05.07.2026,,339,,,
https://www.accordtour.com/tours/381103,Магія Парижа Діснейленд + Мюнхен+ Зальцбург,11.07.2026,,339,,,
https://www.accordtour.com/tours/381103,Магія Парижа Діснейленд + Мюнхен+ Зальцбург,18.07.2026,,339,,,
https://www.accordtour.com/tours/381103,Магія Парижа Діснейленд + Мюнхен+ Зальцбург,24.07.2026,,339,,,
https://www.accordtour.com/tours/381103,Магія Парижа Діснейленд + Мюнхен+ Зальцбург,28.07.2026,,339,,,
https://www.accordtour.com/tours/381103,Магія Парижа Діснейленд + Мюнхен+ Зальцбург,31.07.2026,,339,,,
https://www.accordtour.com/tours/381103,Магія Парижа Діснейленд + Мюнхен+ Зальцбург,01.08.2026,,339,,,
https://www.accordtour.com/tours/381103,Магія Парижа Діснейленд + Мюнхен+ Зальцбург,02.08.2026,,339,,,
https://www.accordtour.com/tours/381103,Магія Парижа Діснейленд + Мюнхен+ Зальцбург,09.08.2026,,339,,,
https://www.accordtour.com/tours/381103,Магія Парижа Діснейленд + Мюнхен+ Зальцбург,15.08.2026,,339,,,
https://www.accordtour.com/tours/381103,Магія Парижа Діснейленд + Мюнхен+ Зальцбург,22.08.2026,,339,,,
https://www.accordtour.com/tours/381103,Магія Парижа Діснейленд + Мюнхен+ Зальцбург,23.08.2026,,339,,,
https://www.accordtour.com/tours/381103,Магія Парижа Діснейленд + Мюнхен+ Зальцбург,28.08.2026,,339,,,
https://www.accordtour.com/tours/381103,Магія Парижа Діснейленд + Мюнхен+ Зальцбург,29.08.2026,,339,,,
https://www.accordtour.com/tours/381103,Магія Парижа Діснейленд + Мюнхен+ Зальцбург,12.09.2026,,339,,,
https://www.accordtour.com/tours/381103,Магія Парижа Діснейленд + Мюнхен+ Зальцбург,18.09.2026,,339,,,
https://www.accordtour.com/tours/381103,Магія Парижа Діснейленд + Мюнхен+ Зальцбург,22.09.2026,,339,,,
https://www.accordtour.com/tours/116180,"Відпочинок на висоті Швейцарія, Баварія, Австрія Острів Майнау, Замок Нойшвайнштайн, Світ Сваровскі...",11.06.2026,,369,,,
https://www.accordtour.com/tours/116180,"Відпочинок на висоті Швейцарія, Баварія, Австрія Острів Майнау, Замок Нойшвайнштайн, Світ Сваровскі...",26.06.2026,,369,,,
https://www.accordtour.com/tours/116180,"Відпочинок на висоті Швейцарія, Баварія, Австрія Острів Майнау, Замок Нойшвайнштайн, Світ Сваровскі...",17.07.2026,,369,,,
https://www.accordtour.com/tours/116180,"Відпочинок на висоті Швейцарія, Баварія, Австрія Острів Майнау, Замок Нойшвайнштайн, Світ Сваровскі...",24.07.2026,,369,,,
https://www.accordtour.com/tours/116180,"Відпочинок на висоті Швейцарія, Баварія, Австрія Острів Майнау, Замок Нойшвайнштайн, Світ Сваровскі...",15.08.2026,,369,,,
https://www.accordtour.com/tours/116180,"Відпочинок на висоті Швейцарія, Баварія, Австрія Острів Майнау, Замок Нойшвайнштайн, Світ Сваровскі...",24.08.2026,,369,,,
https://www.accordtour.com/tours/8438,"Мої найкращі друзі Амстердам, Брюсель, Париж + Люксембург",27.05.2026,,410,,,
https://www.accordtour.com/tours/8438,"Мої найкращі друзі Амстердам, Брюсель, Париж + Люксембург",29.05.2026,,410,,,
https://www.accordtour.com/tours/8438,"Мої найкращі друзі Амстердам, Брюсель, Париж + Люксембург",06.06.2026,,410,,,
https://www.accordtour.com/tours/8438,"Мої найкращі друзі Амстердам, Брюсель, Париж + Люксембург",08.06.2026,,410,,,
https://www.accordtour.com/tours/8438,"Мої найкращі друзі Амстердам, Брюсель, Париж + Люксембург",09.06.2026,,410,,,
https://www.accordtour.com/tours/8438,"Мої найкращі друзі Амстердам, Брюсель, Париж + Люксембург",10.06.2026,,410,,,
https://www.accordtour.com/tours/8438,"Мої найкращі друзі Амстердам, Брюсель, Париж + Люксембург",11.06.2026,,410,,,
https://www.accordtour.com/tours/8438,"Мої найкращі друзі Амстердам, Брюсель, Париж + Люксембург",13.06.2026,,410,,,
https://www.accordtour.com/tours/8438,"Мої найкращі друзі Амстердам, Брюсель, Париж + Люксембург",14.06.2026,,410,,,
https://www.accordtour.com/tours/8438,"Мої найкращі друзі Амстердам, Брюсель, Париж + Люксембург",15.06.2026,,410,,,
https://www.accordtour.com/tours/8438,"Мої найкращі друзі Амстердам, Брюсель, Париж + Люксембург",24.06.2026,,410,,,
https://www.accordtour.com/tours/8438,"Мої найкращі друзі Амстердам, Брюсель, Париж + Люксембург",26.06.2026,,410,,,
https://www.accordtour.com/tours/8438,"Мої найкращі друзі Амстердам, Брюсель, Париж + Люксембург",28.06.2026,,410,,,
https://www.accordtour.com/tours/8438,"Мої найкращі друзі Амстердам, Брюсель, Париж + Люксембург",30.06.2026,,410,,,
https://www.accordtour.com/tours/8438,"Мої найкращі друзі Амстердам, Брюсель, Париж + Люксембург",05.07.2026,,410,,,
https://www.accordtour.com/tours/8438,"Мої найкращі друзі Амстердам, Брюсель, Париж + Люксембург",08.07.2026,,410,,,
https://www.accordtour.com/tours/8438,"Мої найкращі друзі Амстердам, Брюсель, Париж + Люксембург",11.07.2026,,410,,,
https://www.accordtour.com/tours/8438,"Мої найкращі друзі Амстердам, Брюсель, Париж + Люксембург",19.07.2026,,410,,,
https://www.accordtour.com/tours/8438,"Мої найкращі друзі Амстердам, Брюсель, Париж + Люксембург",20.07.2026,,410,,,
https://www.accordtour.com/tours/8438,"Мої найкращі друзі Амстердам, Брюсель, Париж + Люксембург",24.07.2026,,410,,,
https://www.accordtour.com/tours/8438,"Мої найкращі друзі Амстердам, Брюсель, Париж + Люксембург",28.07.2026,,410,,,
https://www.accordtour.com/tours/8438,"Мої найкращі друзі Амстердам, Брюсель, Париж + Люксембург",29.07.2026,,410,,,
https://www.accordtour.com/tours/8438,"Мої найкращі друзі Амстердам, Брюсель, Париж + Люксембург",30.07.2026,,410,,,
https://www.accordtour.com/tours/8438,"Мої найкращі друзі Амстердам, Брюсель, Париж + Люксембург",31.07.2026,,410,,,
https://www.accordtour.com/tours/8438,"Мої найкращі друзі Амстердам, Брюсель, Париж + Люксембург",02.08.2026,,410,,,
https://www.accordtour.com/tours/261440,"Дефіле для романтиків: Прага, Мілан, Венеція",27.05.2026,,219,,,
https://www.accordtour.com/tours/261440,"Дефіле для романтиків: Прага, Мілан, Венеція",29.05.2026,,219,,,
https://www.accordtour.com/tours/261440,"Дефіле для романтиків: Прага, Мілан, Венеція",05.06.2026,,219,,,
https://www.accordtour.com/tours/261440,"Дефіле для романтиків: Прага, Мілан, Венеція",06.06.2026,,219,,,
https://www.accordtour.com/tours/261440,"Дефіле для романтиків: Прага, Мілан, Венеція",09.06.2026,,219,,,
https://www.accordtour.com/tours/261440,"Дефіле для романтиків: Прага, Мілан, Венеція",10.06.2026,,219,,,
https://www.accordtour.com/tours/261440,"Дефіле для романтиків: Прага, Мілан, Венеція",13.06.2026,,219,,,
https://www.accordtour.com/tours/261440,"Дефіле для романтиків: Прага, Мілан, Венеція",14.06.2026,,219,,,
https://www.accordtour.com/tours/261440,"Дефіле для романтиків: Прага, Мілан, Венеція",15.06.2026,,219,,,
https://www.accordtour.com/tours/261440,"Дефіле для романтиків: Прага, Мілан, Венеція",24.06.2026,,219,,,
https://www.accordtour.com/tours/261440,"Дефіле для романтиків: Прага, Мілан, Венеція",26.06.2026,,219,,,
https://www.accordtour.com/tours/261440,"Дефіле для романтиків: Прага, Мілан, Венеція",28.06.2026,,219,,,
https://www.accordtour.com/tours/261440,"Дефіле для романтиків: Прага, Мілан, Венеція",30.06.2026,,219,,,
https://www.accordtour.com/tours/261440,"Дефіле для романтиків: Прага, Мілан, Венеція",03.07.2026,,219,,,
https://www.accordtour.com/tours/261440,"Дефіле для романтиків: Прага, Мілан, Венеція",05.07.2026,,219,,,
https://www.accordtour.com/tours/261440,"Дефіле для романтиків: Прага, Мілан, Венеція",06.07.2026,,219,,,
https://www.accordtour.com/tours/261440,"Дефіле для романтиків: Прага, Мілан, Венеція",08.07.2026,,219,,,
https://www.accordtour.com/tours/261440,"Дефіле для романтиків: Прага, Мілан, Венеція",15.07.2026,,219,,,
https://www.accordtour.com/tours/261440,"Дефіле для романтиків: Прага, Мілан, Венеція",18.07.2026,,219,,,
https://www.accordtour.com/tours/261440,"Дефіле для романтиків: Прага, Мілан, Венеція",19.07.2026,,219,,,
https://www.accordtour.com/tours/261440,"Дефіле для романтиків: Прага, Мілан, Венеція",20.07.2026,,219,,,
https://www.accordtour.com/tours/261440,"Дефіле для романтиків: Прага, Мілан, Венеція",24.07.2026,,219,,,
https://www.accordtour.com/tours/261440,"Дефіле для романтиків: Прага, Мілан, Венеція",28.07.2026,,219,,,
https://www.accordtour.com/tours/261440,"Дефіле для романтиків: Прага, Мілан, Венеція",29.07.2026,,219,,,
https://www.accordtour.com/tours/261440,"Дефіле для романтиків: Прага, Мілан, Венеція",30.07.2026,,219,,,
https://www.accordtour.com/tours/261440,"Дефіле для романтиків: Прага, Мілан, Венеція",31.07.2026,,219,,,
https://www.accordtour.com/tours/8332,Знайомство з Казанова! Відень+Верона+Венеція,27.05.2026,,270,,,
https://www.accordtour.com/tours/8332,Знайомство з Казанова! Відень+Верона+Венеція,29.05.2026,,270,,,
https://www.accordtour.com/tours/8332,Знайомство з Казанова! Відень+Верона+Венеція,06.06.2026,,270,,,
https://www.accordtour.com/tours/8332,Знайомство з Казанова! Відень+Верона+Венеція,09.06.2026,,270,,,
https://www.accordtour.com/tours/8332,Знайомство з Казанова! Відень+Верона+Венеція,10.06.2026,,270,,,
https://www.accordtour.com/tours/8332,Знайомство з Казанова! Відень+Верона+Венеція,13.06.2026,,270,,,
https://www.accordtour.com/tours/8332,Знайомство з Казанова! Відень+Верона+Венеція,15.06.2026,,270,,,
https://www.accordtour.com/tours/8332,Знайомство з Казанова! Відень+Верона+Венеція,24.06.2026,,270,,,
https://www.accordtour.com/tours/8332,Знайомство з Казанова! Відень+Верона+Венеція,26.06.2026,,270,,,
https://www.accordtour.com/tours/8332,Знайомство з Казанова! Відень+Верона+Венеція,28.06.2026,,270,,,
https://www.accordtour.com/tours/8332,Знайомство з Казанова! Відень+Верона+Венеція,30.06.2026,,270,,,
https://www.accordtour.com/tours/8332,Знайомство з Казанова! Відень+Верона+Венеція,05.07.2026,,270,,,
https://www.accordtour.com/tours/8332,Знайомство з Казанова! Відень+Верона+Венеція,06.07.2026,,270,,,
https://www.accordtour.com/tours/8332,Знайомство з Казанова! Відень+Верона+Венеція,08.07.2026,,270,,,
https://www.accordtour.com/tours/8332,Знайомство з Казанова! Відень+Верона+Венеція,15.07.2026,,270,,,
https://www.accordtour.com/tours/8332,Знайомство з Казанова! Відень+Верона+Венеція,18.07.2026,,270,,,
https://www.accordtour.com/tours/8332,Знайомство з Казанова! Відень+Верона+Венеція,19.07.2026,,270,,,
https://www.accordtour.com/tours/8332,Знайомство з Казанова! Відень+Верона+Венеція,24.07.2026,,270,,,
https://www.accordtour.com/tours/8332,Знайомство з Казанова! Відень+Верона+Венеція,28.07.2026,,270,,,
https://www.accordtour.com/tours/8332,Знайомство з Казанова! Відень+Верона+Венеція,30.07.2026,,270,,,
https://www.accordtour.com/tours/8332,Знайомство з Казанова! Відень+Верона+Венеція,31.07.2026,,270,,,
https://www.accordtour.com/tours/8332,Знайомство з Казанова! Відень+Верона+Венеція,02.08.2026,,270,,,
https://www.accordtour.com/tours/8332,Знайомство з Казанова! Відень+Верона+Венеція,04.08.2026,,270,,,
https://www.accordtour.com/tours/8332,Знайомство з Казанова! Відень+Верона+Венеція,09.08.2026,,270,,,
https://www.accordtour.com/tours/8332,Знайомство з Казанова! Відень+Верона+Венеція,14.08.2026,,270,,,
https://www.accordtour.com/tours/8437,"Коротке побачення в Італії: Верона, Мілан, Венеція",27.05.2026,,325,,,
https://www.accordtour.com/tours/8437,"Коротке побачення в Італії: Верона, Мілан, Венеція",29.05.2026,,325,,,
https://www.accordtour.com/tours/8437,"Коротке побачення в Італії: Верона, Мілан, Венеція",06.06.2026,,325,,,
https://www.accordtour.com/tours/8437,"Коротке побачення в Італії: Верона, Мілан, Венеція",09.06.2026,,325,,,
https://www.accordtour.com/tours/8437,"Коротке побачення в Італії: Верона, Мілан, Венеція",11.06.2026,,325,,,
https://www.accordtour.com/tours/8437,"Коротке побачення в Італії: Верона, Мілан, Венеція",14.06.2026,,325,,,
https://www.accordtour.com/tours/8437,"Коротке побачення в Італії: Верона, Мілан, Венеція",15.06.2026,,325,,,
https://www.accordtour.com/tours/8437,"Коротке побачення в Італії: Верона, Мілан, Венеція",24.06.2026,,325,,,
https://www.accordtour.com/tours/8437,"Коротке побачення в Італії: Верона, Мілан, Венеція",26.06.2026,,325,,,
https://www.accordtour.com/tours/8437,"Коротке побачення в Італії: Верона, Мілан, Венеція",28.06.2026,,325,,,
https://www.accordtour.com/tours/8437,"Коротке побачення в Італії: Верона, Мілан, Венеція",30.06.2026,,325,,,
https://www.accordtour.com/tours/8437,"Коротке побачення в Італії: Верона, Мілан, Венеція",05.07.2026,,325,,,
https://www.accordtour.com/tours/8437,"Коротке побачення в Італії: Верона, Мілан, Венеція",06.07.2026,,325,,,
https://www.accordtour.com/tours/8437,"Коротке побачення в Італії: Верона, Мілан, Венеція",08.07.2026,,325,,,
https://www.accordtour.com/tours/8437,"Коротке побачення в Італії: Верона, Мілан, Венеція",15.07.2026,,325,,,
https://www.accordtour.com/tours/8437,"Коротке побачення в Італії: Верона, Мілан, Венеція",18.07.2026,,325,,,
https://www.accordtour.com/tours/8437,"Коротке побачення в Італії: Верона, Мілан, Венеція",19.07.2026,,325,,,
https://www.accordtour.com/tours/8437,"Коротке побачення в Італії: Верона, Мілан, Венеція",20.07.2026,,325,,,
https://www.accordtour.com/tours/8437,"Коротке побачення в Італії: Верона, Мілан, Венеція",24.07.2026,,325,,,
https://www.accordtour.com/tours/8437,"Коротке побачення в Італії: Верона, Мілан, Венеція",28.07.2026,,325,,,
https://www.accordtour.com/tours/8437,"Коротке побачення в Італії: Верона, Мілан, Венеція",30.07.2026,,325,,,
https://www.accordtour.com/tours/8437,"Коротке побачення в Італії: Верона, Мілан, Венеція",02.08.2026,,325,,,
https://www.accordtour.com/tours/8437,"Коротке побачення в Італії: Верона, Мілан, Венеція",04.08.2026,,325,,,
https://www.accordtour.com/tours/8437,"Коротке побачення в Італії: Верона, Мілан, Венеція",09.08.2026,,325,,,
https://www.accordtour.com/tours/8437,"Коротке побачення в Італії: Верона, Мілан, Венеція",14.08.2026,,325,,,
https://www.accordtour.com/tours/831318,Солодкий круасан - Париж+ Венеція,29.05.2026,,248,,,
https://www.accordtour.com/tours/831318,Солодкий круасан - Париж+ Венеція,31.05.2026,,248,,,
https://www.accordtour.com/tours/831318,Солодкий круасан - Париж+ Венеція,05.06.2026,,248,,,
https://www.accordtour.com/tours/831318,Солодкий круасан - Париж+ Венеція,06.06.2026,,248,,,
https://www.accordtour.com/tours/831318,Солодкий круасан - Париж+ Венеція,09.06.2026,,248,,,
https://www.accordtour.com/tours/831318,Солодкий круасан - Париж+ Венеція,13.06.2026,,248,,,
https://www.accordtour.com/tours/831318,Солодкий круасан - Париж+ Венеція,14.06.2026,,248,,,
https://www.accordtour.com/tours/831318,Солодкий круасан - Париж+ Венеція,18.06.2026,,248,,,
https://www.accordtour.com/tours/831318,Солодкий круасан - Париж+ Венеція,26.06.2026,,248,,,
https://www.accordtour.com/tours/831318,Солодкий круасан - Париж+ Венеція,28.06.2026,,248,,,
https://www.accordtour.com/tours/831318,Солодкий круасан - Париж+ Венеція,30.06.2026,,248,,,
https://www.accordtour.com/tours/831318,Солодкий круасан - Париж+ Венеція,03.07.2026,,248,,,
https://www.accordtour.com/tours/831318,Солодкий круасан - Париж+ Венеція,05.07.2026,,248,,,
https://www.accordtour.com/tours/831318,Солодкий круасан - Париж+ Венеція,08.07.2026,,248,,,
https://www.accordtour.com/tours/831318,Солодкий круасан - Париж+ Венеція,11.07.2026,,248,,,
https://www.accordtour.com/tours/831318,Солодкий круасан - Париж+ Венеція,15.07.2026,,248,,,
https://www.accordtour.com/tours/831318,Солодкий круасан - Париж+ Венеція,18.07.2026,,248,,,
https://www.accordtour.com/tours/831318,Солодкий круасан - Париж+ Венеція,24.07.2026,,248,,,
https://www.accordtour.com/tours/831318,Солодкий круасан - Париж+ Венеція,28.07.2026,,248,,,
https://www.accordtour.com/tours/831318,Солодкий круасан - Париж+ Венеція,31.07.2026,,248,,,
https://www.accordtour.com/tours/831318,Солодкий круасан - Париж+ Венеція,02.08.2026,,248,,,
https://www.accordtour.com/tours/831318,Солодкий круасан - Париж+ Венеція,04.08.2026,,248,,,
https://www.accordtour.com/tours/831318,Солодкий круасан - Париж+ Венеція,09.08.2026,,248,,,
https://www.accordtour.com/tours/831318,Солодкий круасан - Париж+ Венеція,11.08.2026,,248,,,
https://www.accordtour.com/tours/831318,Солодкий круасан - Париж+ Венеція,14.08.2026,,248,,,
https://www.accordtour.com/tours/881188,"Французький реверанс Париж, Нормандія, Мон-Сен-Мішель, Аквітанія, Замки Луари, Ельзас",28.05.2026,,613,,,
https://www.accordtour.com/tours/881188,"Французький реверанс Париж, Нормандія, Мон-Сен-Мішель, Аквітанія, Замки Луари, Ельзас",26.06.2026,,613,,,
https://www.accordtour.com/tours/881188,"Французький реверанс Париж, Нормандія, Мон-Сен-Мішель, Аквітанія, Замки Луари, Ельзас",17.07.2026,,613,,,
https://www.accordtour.com/tours/881188,"Французький реверанс Париж, Нормандія, Мон-Сен-Мішель, Аквітанія, Замки Луари, Ельзас",24.07.2026,,613,,,
https://www.accordtour.com/tours/881188,"Французький реверанс Париж, Нормандія, Мон-Сен-Мішель, Аквітанія, Замки Луари, Ельзас",01.08.2026,,613,,,
https://www.accordtour.com/tours/881188,"Французький реверанс Париж, Нормандія, Мон-Сен-Мішель, Аквітанія, Замки Луари, Ельзас",15.08.2026,,613,,,
https://www.accordtour.com/tours/881188,"Французький реверанс Париж, Нормандія, Мон-Сен-Мішель, Аквітанія, Замки Луари, Ельзас",23.08.2026,,613,,,
https://www.accordtour.com/tours/881188,"Французький реверанс Париж, Нормандія, Мон-Сен-Мішель, Аквітанія, Замки Луари, Ельзас",22.09.2026,,613,,,
https://www.accordtour.com/tours/881188,"Французький реверанс Париж, Нормандія, Мон-Сен-Мішель, Аквітанія, Замки Луари, Ельзас",18.10.2026,,613,,,
https://www.accordtour.com/tours/133886,"Яскраві нотки Італії: 2 дні в Римі + Флоренція, Венеція",29.05.2026,,281,,,
https://www.accordtour.com/tours/133886,"Яскраві нотки Італії: 2 дні в Римі + Флоренція, Венеція",04.06.2026,,281,,,
https://www.accordtour.com/tours/133886,"Яскраві нотки Італії: 2 дні в Римі + Флоренція, Венеція",06.06.2026,,281,,,
https://www.accordtour.com/tours/133886,"Яскраві нотки Італії: 2 дні в Римі + Флоренція, Венеція",08.06.2026,,281,,,
https://www.accordtour.com/tours/133886,"Яскраві нотки Італії: 2 дні в Римі + Флоренція, Венеція",09.06.2026,,281,,,
https://www.accordtour.com/tours/133886,"Яскраві нотки Італії: 2 дні в Римі + Флоренція, Венеція",10.06.2026,,281,,,
https://www.accordtour.com/tours/133886,"Яскраві нотки Італії: 2 дні в Римі + Флоренція, Венеція",11.06.2026,,281,,,
https://www.accordtour.com/tours/133886,"Яскраві нотки Італії: 2 дні в Римі + Флоренція, Венеція",21.06.2026,,281,,,
https://www.accordtour.com/tours/133886,"Яскраві нотки Італії: 2 дні в Римі + Флоренція, Венеція",22.06.2026,,281,,,
https://www.accordtour.com/tours/133886,"Яскраві нотки Італії: 2 дні в Римі + Флоренція, Венеція",25.06.2026,,281,,,
https://www.accordtour.com/tours/133886,"Яскраві нотки Італії: 2 дні в Римі + Флоренція, Венеція",26.06.2026,,281,,,
https://www.accordtour.com/tours/133886,"Яскраві нотки Італії: 2 дні в Римі + Флоренція, Венеція",27.06.2026,,281,,,
https://www.accordtour.com/tours/133886,"Яскраві нотки Італії: 2 дні в Римі + Флоренція, Венеція",28.06.2026,,281,,,
https://www.accordtour.com/tours/133886,"Яскраві нотки Італії: 2 дні в Римі + Флоренція, Венеція",03.07.2026,,281,,,
https://www.accordtour.com/tours/133886,"Яскраві нотки Італії: 2 дні в Римі + Флоренція, Венеція",04.07.2026,,281,,,
https://www.accordtour.com/tours/133886,"Яскраві нотки Італії: 2 дні в Римі + Флоренція, Венеція",05.07.2026,,281,,,
https://www.accordtour.com/tours/133886,"Яскраві нотки Італії: 2 дні в Римі + Флоренція, Венеція",15.07.2026,,281,,,
https://www.accordtour.com/tours/133886,"Яскраві нотки Італії: 2 дні в Римі + Флоренція, Венеція",19.07.2026,,281,,,
https://www.accordtour.com/tours/133886,"Яскраві нотки Італії: 2 дні в Римі + Флоренція, Венеція",20.07.2026,,281,,,
https://www.accordtour.com/tours/133886,"Яскраві нотки Італії: 2 дні в Римі + Флоренція, Венеція",24.07.2026,,281,,,
https://www.accordtour.com/tours/133886,"Яскраві нотки Італії: 2 дні в Римі + Флоренція, Венеція",28.07.2026,,281,,,
https://www.accordtour.com/tours/133886,"Яскраві нотки Італії: 2 дні в Римі + Флоренція, Венеція",04.08.2026,,281,,,
https://www.accordtour.com/tours/133886,"Яскраві нотки Італії: 2 дні в Римі + Флоренція, Венеція",09.08.2026,,281,,,
https://www.accordtour.com/tours/133886,"Яскраві нотки Італії: 2 дні в Римі + Флоренція, Венеція",13.08.2026,,281,,,
https://www.accordtour.com/tours/133886,"Яскраві нотки Італії: 2 дні в Римі + Флоренція, Венеція",19.08.2026,,281,,,
https://www.accordtour.com/tours/8345,"Сто причин любити Італію... Трієст, Флоренція, Неаполь, Рим, Венеція + Амальфітанське узбережжя",29.05.2026,,459,,,
https://www.accordtour.com/tours/8345,"Сто причин любити Італію... Трієст, Флоренція, Неаполь, Рим, Венеція + Амальфітанське узбережжя",06.06.2026,,459,,,
https://www.accordtour.com/tours/8345,"Сто причин любити Італію... Трієст, Флоренція, Неаполь, Рим, Венеція + Амальфітанське узбережжя",08.06.2026,,459,,,
https://www.accordtour.com/tours/8345,"Сто причин любити Італію... Трієст, Флоренція, Неаполь, Рим, Венеція + Амальфітанське узбережжя",09.06.2026,,459,,,
https://www.accordtour.com/tours/8345,"Сто причин любити Італію... Трієст, Флоренція, Неаполь, Рим, Венеція + Амальфітанське узбережжя",10.06.2026,,459,,,
https://www.accordtour.com/tours/8345,"Сто причин любити Італію... Трієст, Флоренція, Неаполь, Рим, Венеція + Амальфітанське узбережжя",11.06.2026,,459,,,
https://www.accordtour.com/tours/8345,"Сто причин любити Італію... Трієст, Флоренція, Неаполь, Рим, Венеція + Амальфітанське узбережжя",21.06.2026,,459,,,
https://www.accordtour.com/tours/8345,"Сто причин любити Італію... Трієст, Флоренція, Неаполь, Рим, Венеція + Амальфітанське узбережжя",26.06.2026,,459,,,
https://www.accordtour.com/tours/8345,"Сто причин любити Італію... Трієст, Флоренція, Неаполь, Рим, Венеція + Амальфітанське узбережжя",03.07.2026,,459,,,
https://www.accordtour.com/tours/8345,"Сто причин любити Італію... Трієст, Флоренція, Неаполь, Рим, Венеція + Амальфітанське узбережжя",15.07.2026,,459,,,
https://www.accordtour.com/tours/8345,"Сто причин любити Італію... Трієст, Флоренція, Неаполь, Рим, Венеція + Амальфітанське узбережжя",19.07.2026,,459,,,
https://www.accordtour.com/tours/8345,"Сто причин любити Італію... Трієст, Флоренція, Неаполь, Рим, Венеція + Амальфітанське узбережжя",20.07.2026,,459,,,
https://www.accordtour.com/tours/8345,"Сто причин любити Італію... Трієст, Флоренція, Неаполь, Рим, Венеція + Амальфітанське узбережжя",24.07.2026,,459,,,
https://www.accordtour.com/tours/8345,"Сто причин любити Італію... Трієст, Флоренція, Неаполь, Рим, Венеція + Амальфітанське узбережжя",28.07.2026,,459,,,
https://www.accordtour.com/tours/8345,"Сто причин любити Італію... Трієст, Флоренція, Неаполь, Рим, Венеція + Амальфітанське узбережжя",04.08.2026,,459,,,
https://www.accordtour.com/tours/8345,"Сто причин любити Італію... Трієст, Флоренція, Неаполь, Рим, Венеція + Амальфітанське узбережжя",09.08.2026,,459,,,
https://www.accordtour.com/tours/8345,"Сто причин любити Італію... Трієст, Флоренція, Неаполь, Рим, Венеція + Амальфітанське узбережжя",19.08.2026,,459,,,
https://www.accordtour.com/tours/8345,"Сто причин любити Італію... Трієст, Флоренція, Неаполь, Рим, Венеція + Амальфітанське узбережжя",22.08.2026,,459,,,
https://www.accordtour.com/tours/8345,"Сто причин любити Італію... Трієст, Флоренція, Неаполь, Рим, Венеція + Амальфітанське узбережжя",28.08.2026,,459,,,
https://www.accordtour.com/tours/8345,"Сто причин любити Італію... Трієст, Флоренція, Неаполь, Рим, Венеція + Амальфітанське узбережжя",29.08.2026,,459,,,
https://www.accordtour.com/tours/8345,"Сто причин любити Італію... Трієст, Флоренція, Неаполь, Рим, Венеція + Амальфітанське узбережжя",04.09.2026,,459,,,
https://www.accordtour.com/tours/8345,"Сто причин любити Італію... Трієст, Флоренція, Неаполь, Рим, Венеція + Амальфітанське узбережжя",12.09.2026,,459,,,
https://www.accordtour.com/tours/8345,"Сто причин любити Італію... Трієст, Флоренція, Неаполь, Рим, Венеція + Амальфітанське узбережжя",16.09.2026,,459,,,
https://www.accordtour.com/tours/8345,"Сто причин любити Італію... Трієст, Флоренція, Неаполь, Рим, Венеція + Амальфітанське узбережжя",17.09.2026,,459,,,
https://www.accordtour.com/tours/616161/tab/tab_price/tour_date/2026-12-17/cls_number_adult_cnt/%7B1:1%7D/cls_number_child_age/%7B%7D/tour_include_ins/true,"Моя Португалія Лісабон, Порту, Сінтра, Мадрид, Барселона, Мілан, Ніцца, Монако!",31.05.2026,,532,,,
https://www.accordtour.com/tours/616161/tab/tab_price/tour_date/2026-12-17/cls_number_adult_cnt/%7B1:1%7D/cls_number_child_age/%7B%7D/tour_include_ins/true,"Моя Португалія Лісабон, Порту, Сінтра, Мадрид, Барселона, Мілан, Ніцца, Монако!",06.06.2026,,532,,,
https://www.accordtour.com/tours/616161/tab/tab_price/tour_date/2026-12-17/cls_number_adult_cnt/%7B1:1%7D/cls_number_child_age/%7B%7D/tour_include_ins/true,"Моя Португалія Лісабон, Порту, Сінтра, Мадрид, Барселона, Мілан, Ніцца, Монако!",12.06.2026,,532,,,
https://www.accordtour.com/tours/616161/tab/tab_price/tour_date/2026-12-17/cls_number_adult_cnt/%7B1:1%7D/cls_number_child_age/%7B%7D/tour_include_ins/true,"Моя Португалія Лісабон, Порту, Сінтра, Мадрид, Барселона, Мілан, Ніцца, Монако!",20.06.2026,,532,,,
https://www.accordtour.com/tours/616161/tab/tab_price/tour_date/2026-12-17/cls_number_adult_cnt/%7B1:1%7D/cls_number_child_age/%7B%7D/tour_include_ins/true,"Моя Португалія Лісабон, Порту, Сінтра, Мадрид, Барселона, Мілан, Ніцца, Монако!",26.06.2026,,532,,,
https://www.accordtour.com/tours/616161/tab/tab_price/tour_date/2026-12-17/cls_number_adult_cnt/%7B1:1%7D/cls_number_child_age/%7B%7D/tour_include_ins/true,"Моя Португалія Лісабон, Порту, Сінтра, Мадрид, Барселона, Мілан, Ніцца, Монако!",04.07.2026,,532,,,
https://www.accordtour.com/tours/616161/tab/tab_price/tour_date/2026-12-17/cls_number_adult_cnt/%7B1:1%7D/cls_number_child_age/%7B%7D/tour_include_ins/true,"Моя Португалія Лісабон, Порту, Сінтра, Мадрид, Барселона, Мілан, Ніцца, Монако!",11.07.2026,,532,,,
https://www.accordtour.com/tours/616161/tab/tab_price/tour_date/2026-12-17/cls_number_adult_cnt/%7B1:1%7D/cls_number_child_age/%7B%7D/tour_include_ins/true,"Моя Португалія Лісабон, Порту, Сінтра, Мадрид, Барселона, Мілан, Ніцца, Монако!",16.07.2026,,532,,,
https://www.accordtour.com/tours/616161/tab/tab_price/tour_date/2026-12-17/cls_number_adult_cnt/%7B1:1%7D/cls_number_child_age/%7B%7D/tour_include_ins/true,"Моя Португалія Лісабон, Порту, Сінтра, Мадрид, Барселона, Мілан, Ніцца, Монако!",24.07.2026,,532,,,
https://www.accordtour.com/tours/616161/tab/tab_price/tour_date/2026-12-17/cls_number_adult_cnt/%7B1:1%7D/cls_number_child_age/%7B%7D/tour_include_ins/true,"Моя Португалія Лісабон, Порту, Сінтра, Мадрид, Барселона, Мілан, Ніцца, Монако!",28.07.2026,,532,,,
https://www.accordtour.com/tours/616161/tab/tab_price/tour_date/2026-12-17/cls_number_adult_cnt/%7B1:1%7D/cls_number_child_age/%7B%7D/tour_include_ins/true,"Моя Португалія Лісабон, Порту, Сінтра, Мадрид, Барселона, Мілан, Ніцца, Монако!",05.08.2026,,532,,,
https://www.accordtour.com/tours/616161/tab/tab_price/tour_date/2026-12-17/cls_number_adult_cnt/%7B1:1%7D/cls_number_child_age/%7B%7D/tour_include_ins/true,"Моя Португалія Лісабон, Порту, Сінтра, Мадрид, Барселона, Мілан, Ніцца, Монако!",16.08.2026,,532,,,
https://www.accordtour.com/tours/616161/tab/tab_price/tour_date/2026-12-17/cls_number_adult_cnt/%7B1:1%7D/cls_number_child_age/%7B%7D/tour_include_ins/true,"Моя Португалія Лісабон, Порту, Сінтра, Мадрид, Барселона, Мілан, Ніцца, Монако!",22.08.2026,,532,,,
https://www.accordtour.com/tours/616161/tab/tab_price/tour_date/2026-12-17/cls_number_adult_cnt/%7B1:1%7D/cls_number_child_age/%7B%7D/tour_include_ins/true,"Моя Португалія Лісабон, Порту, Сінтра, Мадрид, Барселона, Мілан, Ніцца, Монако!",29.08.2026,,532,,,
https://www.accordtour.com/tours/616161/tab/tab_price/tour_date/2026-12-17/cls_number_adult_cnt/%7B1:1%7D/cls_number_child_age/%7B%7D/tour_include_ins/true,"Моя Португалія Лісабон, Порту, Сінтра, Мадрид, Барселона, Мілан, Ніцца, Монако!",04.09.2026,,532,,,
https://www.accordtour.com/tours/616161/tab/tab_price/tour_date/2026-12-17/cls_number_adult_cnt/%7B1:1%7D/cls_number_child_age/%7B%7D/tour_include_ins/true,"Моя Португалія Лісабон, Порту, Сінтра, Мадрид, Барселона, Мілан, Ніцца, Монако!",12.09.2026,,532,,,
https://www.accordtour.com/tours/616161/tab/tab_price/tour_date/2026-12-17/cls_number_adult_cnt/%7B1:1%7D/cls_number_child_age/%7B%7D/tour_include_ins/true,"Моя Португалія Лісабон, Порту, Сінтра, Мадрид, Барселона, Мілан, Ніцца, Монако!",18.09.2026,,532,,,
https://www.accordtour.com/tours/616161/tab/tab_price/tour_date/2026-12-17/cls_number_adult_cnt/%7B1:1%7D/cls_number_child_age/%7B%7D/tour_include_ins/true,"Моя Португалія Лісабон, Порту, Сінтра, Мадрид, Барселона, Мілан, Ніцца, Монако!",02.10.2026,,532,,,
https://www.accordtour.com/tours/616161/tab/tab_price/tour_date/2026-12-17/cls_number_adult_cnt/%7B1:1%7D/cls_number_child_age/%7B%7D/tour_include_ins/true,"Моя Португалія Лісабон, Порту, Сінтра, Мадрид, Барселона, Мілан, Ніцца, Монако!",18.10.2026,,532,,,
https://www.accordtour.com/tours/616161/tab/tab_price/tour_date/2026-12-17/cls_number_adult_cnt/%7B1:1%7D/cls_number_child_age/%7B%7D/tour_include_ins/true,"Моя Португалія Лісабон, Порту, Сінтра, Мадрид, Барселона, Мілан, Ніцца, Монако!",23.10.2026,,532,,,
https://www.accordtour.com/tours/616161/tab/tab_price/tour_date/2026-12-17/cls_number_adult_cnt/%7B1:1%7D/cls_number_child_age/%7B%7D/tour_include_ins/true,"Моя Португалія Лісабон, Порту, Сінтра, Мадрид, Барселона, Мілан, Ніцца, Монако!",24.10.2026,,532,,,
https://www.accordtour.com/tours/616161/tab/tab_price/tour_date/2026-12-17/cls_number_adult_cnt/%7B1:1%7D/cls_number_child_age/%7B%7D/tour_include_ins/true,"Моя Португалія Лісабон, Порту, Сінтра, Мадрид, Барселона, Мілан, Ніцца, Монако!",31.10.2026,,532,,,
https://www.accordtour.com/tours/866331,Шлях до Альп: Швейцарія та Баварія,06.06.2026,,186,,,
https://www.accordtour.com/tours/866331,Шлях до Альп: Швейцарія та Баварія,21.06.2026,,186,,,
https://www.accordtour.com/tours/866331,Шлях до Альп: Швейцарія та Баварія,26.06.2026,,186,,,
https://www.accordtour.com/tours/866331,Шлях до Альп: Швейцарія та Баварія,03.07.2026,,186,,,
https://www.accordtour.com/tours/866331,Шлях до Альп: Швейцарія та Баварія,19.07.2026,,186,,,
https://www.accordtour.com/tours/866331,Шлях до Альп: Швейцарія та Баварія,09.08.2026,,186,,,
https://www.accordtour.com/tours/866331,Шлях до Альп: Швейцарія та Баварія,22.08.2026,,186,,,
https://www.accordtour.com/tours/866331,Шлях до Альп: Швейцарія та Баварія,04.09.2026,,186,,,
https://www.accordtour.com/tours/866331,Шлях до Альп: Швейцарія та Баварія,18.09.2026,,186,,,
https://www.accordtour.com/tours/888662,Мій Італійський вікенд: Венеція+Верона,29.05.2026,,144,,,
https://www.accordtour.com/tours/888662,Мій Італійський вікенд: Венеція+Верона,04.06.2026,,144,,,
https://www.accordtour.com/tours/888662,Мій Італійський вікенд: Венеція+Верона,06.06.2026,,144,,,
https://www.accordtour.com/tours/888662,Мій Італійський вікенд: Венеція+Верона,08.06.2026,,144,,,
https://www.accordtour.com/tours/888662,Мій Італійський вікенд: Венеція+Верона,09.06.2026,,144,,,
https://www.accordtour.com/tours/888662,Мій Італійський вікенд: Венеція+Верона,10.06.2026,,144,,,
https://www.accordtour.com/tours/888662,Мій Італійський вікенд: Венеція+Верона,11.06.2026,,144,,,
https://www.accordtour.com/tours/888662,Мій Італійський вікенд: Венеція+Верона,22.06.2026,,144,,,
https://www.accordtour.com/tours/888662,Мій Італійський вікенд: Венеція+Верона,25.06.2026,,144,,,
https://www.accordtour.com/tours/888662,Мій Італійський вікенд: Венеція+Верона,26.06.2026,,144,,,
https://www.accordtour.com/tours/888662,Мій Італійський вікенд: Венеція+Верона,27.06.2026,,144,,,
https://www.accordtour.com/tours/888662,Мій Італійський вікенд: Венеція+Верона,28.06.2026,,144,,,
https://www.accordtour.com/tours/888662,Мій Італійський вікенд: Венеція+Верона,03.07.2026,,144,,,
https://www.accordtour.com/tours/888662,Мій Італійський вікенд: Венеція+Верона,04.07.2026,,144,,,
https://www.accordtour.com/tours/888662,Мій Італійський вікенд: Венеція+Верона,05.07.2026,,144,,,
https://www.accordtour.com/tours/888662,Мій Італійський вікенд: Венеція+Верона,15.07.2026,,144,,,
https://www.accordtour.com/tours/888662,Мій Італійський вікенд: Венеція+Верона,19.07.2026,,144,,,
https://www.accordtour.com/tours/888662,Мій Італійський вікенд: Венеція+Верона,20.07.2026,,144,,,
https://www.accordtour.com/tours/888662,Мій Італійський вікенд: Венеція+Верона,24.07.2026,,144,,,
https://www.accordtour.com/tours/888662,Мій Італійський вікенд: Венеція+Верона,27.07.2026,,144,,,
https://www.accordtour.com/tours/888662,Мій Італійський вікенд: Венеція+Верона,28.07.2026,,144,,,
https://www.accordtour.com/tours/888662,Мій Італійський вікенд: Венеція+Верона,04.08.2026,,144,,,
https://www.accordtour.com/tours/888662,Мій Італійський вікенд: Венеція+Верона,09.08.2026,,144,,,
https://www.accordtour.com/tours/888662,Мій Італійський вікенд: Венеція+Верона,13.08.2026,,144,,,
https://www.accordtour.com/tours/888662,Мій Італійський вікенд: Венеція+Верона,14.08.2026,,144,,,
https://www.accordtour.com/tours/616116,"Вікенд в Доломітах Італії: озера Браес, Мізуріна, Сірміоне, Мольвено+Адріатичне узбережжя",29.05.2026,,223,,,
https://www.accordtour.com/tours/616116,"Вікенд в Доломітах Італії: озера Браес, Мізуріна, Сірміоне, Мольвено+Адріатичне узбережжя",06.06.2026,,223,,,
https://www.accordtour.com/tours/616116,"Вікенд в Доломітах Італії: озера Браес, Мізуріна, Сірміоне, Мольвено+Адріатичне узбережжя",08.06.2026,,223,,,
https://www.accordtour.com/tours/616116,"Вікенд в Доломітах Італії: озера Браес, Мізуріна, Сірміоне, Мольвено+Адріатичне узбережжя",11.06.2026,,223,,,
https://www.accordtour.com/tours/616116,"Вікенд в Доломітах Італії: озера Браес, Мізуріна, Сірміоне, Мольвено+Адріатичне узбережжя",21.06.2026,,223,,,
https://www.accordtour.com/tours/616116,"Вікенд в Доломітах Італії: озера Браес, Мізуріна, Сірміоне, Мольвено+Адріатичне узбережжя",26.06.2026,,223,,,
https://www.accordtour.com/tours/616116,"Вікенд в Доломітах Італії: озера Браес, Мізуріна, Сірміоне, Мольвено+Адріатичне узбережжя",28.06.2026,,223,,,
https://www.accordtour.com/tours/616116,"Вікенд в Доломітах Італії: озера Браес, Мізуріна, Сірміоне, Мольвено+Адріатичне узбережжя",03.07.2026,,223,,,
https://www.accordtour.com/tours/616116,"Вікенд в Доломітах Італії: озера Браес, Мізуріна, Сірміоне, Мольвено+Адріатичне узбережжя",15.07.2026,,223,,,
https://www.accordtour.com/tours/616116,"Вікенд в Доломітах Італії: озера Браес, Мізуріна, Сірміоне, Мольвено+Адріатичне узбережжя",19.07.2026,,223,,,
https://www.accordtour.com/tours/616116,"Вікенд в Доломітах Італії: озера Браес, Мізуріна, Сірміоне, Мольвено+Адріатичне узбережжя",20.07.2026,,223,,,
https://www.accordtour.com/tours/616116,"Вікенд в Доломітах Італії: озера Браес, Мізуріна, Сірміоне, Мольвено+Адріатичне узбережжя",24.07.2026,,223,,,
https://www.accordtour.com/tours/616116,"Вікенд в Доломітах Італії: озера Браес, Мізуріна, Сірміоне, Мольвено+Адріатичне узбережжя",28.07.2026,,223,,,
https://www.accordtour.com/tours/616116,"Вікенд в Доломітах Італії: озера Браес, Мізуріна, Сірміоне, Мольвено+Адріатичне узбережжя",04.08.2026,,223,,,
https://www.accordtour.com/tours/616116,"Вікенд в Доломітах Італії: озера Браес, Мізуріна, Сірміоне, Мольвено+Адріатичне узбережжя",09.08.2026,,223,,,
https://www.accordtour.com/tours/616116,"Вікенд в Доломітах Італії: озера Браес, Мізуріна, Сірміоне, Мольвено+Адріатичне узбережжя",14.08.2026,,223,,,
https://www.accordtour.com/tours/616116,"Вікенд в Доломітах Італії: озера Браес, Мізуріна, Сірміоне, Мольвено+Адріатичне узбережжя",19.08.2026,,223,,,
https://www.accordtour.com/tours/616116,"Вікенд в Доломітах Італії: озера Браес, Мізуріна, Сірміоне, Мольвено+Адріатичне узбережжя",22.08.2026,,223,,,
https://www.accordtour.com/tours/616116,"Вікенд в Доломітах Італії: озера Браес, Мізуріна, Сірміоне, Мольвено+Адріатичне узбережжя",28.08.2026,,223,,,
https://www.accordtour.com/tours/616116,"Вікенд в Доломітах Італії: озера Браес, Мізуріна, Сірміоне, Мольвено+Адріатичне узбережжя",29.08.2026,,223,,,
https://www.accordtour.com/tours/616116,"Вікенд в Доломітах Італії: озера Браес, Мізуріна, Сірміоне, Мольвено+Адріатичне узбережжя",04.09.2026,,223,,,
https://www.accordtour.com/tours/616116,"Вікенд в Доломітах Італії: озера Браес, Мізуріна, Сірміоне, Мольвено+Адріатичне узбережжя",05.09.2026,,223,,,
https://www.accordtour.com/tours/616116,"Вікенд в Доломітах Італії: озера Браес, Мізуріна, Сірміоне, Мольвено+Адріатичне узбережжя",12.09.2026,,223,,,
https://www.accordtour.com/tours/616116,"Вікенд в Доломітах Італії: озера Браес, Мізуріна, Сірміоне, Мольвено+Адріатичне узбережжя",16.09.2026,,223,,,
https://www.accordtour.com/tours/310680,Заряд бадьорості: Доломітові Альпи+Адріатичне море Італії,29.05.2026,,310,,,
https://www.accordtour.com/tours/310680,Заряд бадьорості: Доломітові Альпи+Адріатичне море Італії,06.06.2026,,310,,,
https://www.accordtour.com/tours/310680,Заряд бадьорості: Доломітові Альпи+Адріатичне море Італії,08.06.2026,,310,,,
https://www.accordtour.com/tours/310680,Заряд бадьорості: Доломітові Альпи+Адріатичне море Італії,11.06.2026,,310,,,
https://www.accordtour.com/tours/310680,Заряд бадьорості: Доломітові Альпи+Адріатичне море Італії,21.06.2026,,310,,,
https://www.accordtour.com/tours/310680,Заряд бадьорості: Доломітові Альпи+Адріатичне море Італії,26.06.2026,,310,,,
https://www.accordtour.com/tours/310680,Заряд бадьорості: Доломітові Альпи+Адріатичне море Італії,03.07.2026,,310,,,
https://www.accordtour.com/tours/310680,Заряд бадьорості: Доломітові Альпи+Адріатичне море Італії,15.07.2026,,310,,,
https://www.accordtour.com/tours/310680,Заряд бадьорості: Доломітові Альпи+Адріатичне море Італії,19.07.2026,,310,,,
https://www.accordtour.com/tours/310680,Заряд бадьорості: Доломітові Альпи+Адріатичне море Італії,20.07.2026,,310,,,
https://www.accordtour.com/tours/310680,Заряд бадьорості: Доломітові Альпи+Адріатичне море Італії,24.07.2026,,310,,,
https://www.accordtour.com/tours/310680,Заряд бадьорості: Доломітові Альпи+Адріатичне море Італії,28.07.2026,,310,,,
https://www.accordtour.com/tours/310680,Заряд бадьорості: Доломітові Альпи+Адріатичне море Італії,04.08.2026,,310,,,
https://www.accordtour.com/tours/310680,Заряд бадьорості: Доломітові Альпи+Адріатичне море Італії,09.08.2026,,310,,,
https://www.accordtour.com/tours/310680,Заряд бадьорості: Доломітові Альпи+Адріатичне море Італії,13.08.2026,,310,,,
https://www.accordtour.com/tours/310680,Заряд бадьорості: Доломітові Альпи+Адріатичне море Італії,14.08.2026,,310,,,
https://www.accordtour.com/tours/310680,Заряд бадьорості: Доломітові Альпи+Адріатичне море Італії,19.08.2026,,310,,,
https://www.accordtour.com/tours/310680,Заряд бадьорості: Доломітові Альпи+Адріатичне море Італії,22.08.2026,,310,,,
https://www.accordtour.com/tours/310680,Заряд бадьорості: Доломітові Альпи+Адріатичне море Італії,28.08.2026,,310,,,
https://www.accordtour.com/tours/310680,Заряд бадьорості: Доломітові Альпи+Адріатичне море Італії,29.08.2026,,310,,,
https://www.accordtour.com/tours/310680,Заряд бадьорості: Доломітові Альпи+Адріатичне море Італії,04.09.2026,,310,,,
https://www.accordtour.com/tours/310680,Заряд бадьорості: Доломітові Альпи+Адріатичне море Італії,12.09.2026,,310,,,
https://www.accordtour.com/tours/310680,Заряд бадьорості: Доломітові Альпи+Адріатичне море Італії,16.09.2026,,310,,,
https://www.accordtour.com/tours/310680,Заряд бадьорості: Доломітові Альпи+Адріатичне море Італії,18.09.2026,,310,,,
https://www.accordtour.com/tours/5470,Знайомтесь - Німеччина: Берлін + Потсдам + Дрезден + Саксонська Швейцарія,28.05.2026,,203,,,
https://www.accordtour.com/tours/5470,Знайомтесь - Німеччина: Берлін + Потсдам + Дрезден + Саксонська Швейцарія,29.05.2026,,203,,,
https://www.accordtour.com/tours/5470,Знайомтесь - Німеччина: Берлін + Потсдам + Дрезден + Саксонська Швейцарія,02.06.2026,,203,,,
https://www.accordtour.com/tours/5470,Знайомтесь - Німеччина: Берлін + Потсдам + Дрезден + Саксонська Швейцарія,06.06.2026,,203,,,
https://www.accordtour.com/tours/5470,Знайомтесь - Німеччина: Берлін + Потсдам + Дрезден + Саксонська Швейцарія,12.06.2026,,203,,,
https://www.accordtour.com/tours/5470,Знайомтесь - Німеччина: Берлін + Потсдам + Дрезден + Саксонська Швейцарія,13.06.2026,,203,,,
https://www.accordtour.com/tours/5470,Знайомтесь - Німеччина: Берлін + Потсдам + Дрезден + Саксонська Швейцарія,14.06.2026,,203,,,
https://www.accordtour.com/tours/5470,Знайомтесь - Німеччина: Берлін + Потсдам + Дрезден + Саксонська Швейцарія,15.06.2026,,203,,,
https://www.accordtour.com/tours/5470,Знайомтесь - Німеччина: Берлін + Потсдам + Дрезден + Саксонська Швейцарія,16.06.2026,,203,,,
https://www.accordtour.com/tours/5470,Знайомтесь - Німеччина: Берлін + Потсдам + Дрезден + Саксонська Швейцарія,17.06.2026,,203,,,
https://www.accordtour.com/tours/5470,Знайомтесь - Німеччина: Берлін + Потсдам + Дрезден + Саксонська Швейцарія,22.06.2026,,203,,,
https://www.accordtour.com/tours/5470,Знайомтесь - Німеччина: Берлін + Потсдам + Дрезден + Саксонська Швейцарія,23.06.2026,,203,,,
https://www.accordtour.com/tours/5470,Знайомтесь - Німеччина: Берлін + Потсдам + Дрезден + Саксонська Швейцарія,24.06.2026,,203,,,
https://www.accordtour.com/tours/5470,Знайомтесь - Німеччина: Берлін + Потсдам + Дрезден + Саксонська Швейцарія,25.06.2026,,203,,,
https://www.accordtour.com/tours/5470,Знайомтесь - Німеччина: Берлін + Потсдам + Дрезден + Саксонська Швейцарія,27.06.2026,,203,,,
https://www.accordtour.com/tours/5470,Знайомтесь - Німеччина: Берлін + Потсдам + Дрезден + Саксонська Швейцарія,30.06.2026,,203,,,
https://www.accordtour.com/tours/5470,Знайомтесь - Німеччина: Берлін + Потсдам + Дрезден + Саксонська Швейцарія,02.07.2026,,203,,,
https://www.accordtour.com/tours/5470,Знайомтесь - Німеччина: Берлін + Потсдам + Дрезден + Саксонська Швейцарія,12.07.2026,,203,,,
https://www.accordtour.com/tours/5470,Знайомтесь - Німеччина: Берлін + Потсдам + Дрезден + Саксонська Швейцарія,15.07.2026,,203,,,
https://www.accordtour.com/tours/5470,Знайомтесь - Німеччина: Берлін + Потсдам + Дрезден + Саксонська Швейцарія,16.07.2026,,203,,,
https://www.accordtour.com/tours/5470,Знайомтесь - Німеччина: Берлін + Потсдам + Дрезден + Саксонська Швейцарія,17.07.2026,,203,,,
https://www.accordtour.com/tours/5470,Знайомтесь - Німеччина: Берлін + Потсдам + Дрезден + Саксонська Швейцарія,22.07.2026,,203,,,
https://www.accordtour.com/tours/5470,Знайомтесь - Німеччина: Берлін + Потсдам + Дрезден + Саксонська Швейцарія,24.07.2026,,203,,,
https://www.accordtour.com/tours/5470,Знайомтесь - Німеччина: Берлін + Потсдам + Дрезден + Саксонська Швейцарія,27.07.2026,,203,,,
https://www.accordtour.com/tours/5470,Знайомтесь - Німеччина: Берлін + Потсдам + Дрезден + Саксонська Швейцарія,28.07.2026,,203,,,
https://www.accordtour.com/tours/5470,Знайомтесь - Німеччина: Берлін + Потсдам + Дрезден + Саксонська Швейцарія,31.07.2026,,203,,,
https://www.accordtour.com/tours/6638,"Кращі коліжанки Чеського королівства + SPA релакс Прага, Дрезден, Карлові Вари",30.05.2026,,223,,,
https://www.accordtour.com/tours/6638,"Кращі коліжанки Чеського королівства + SPA релакс Прага, Дрезден, Карлові Вари",06.06.2026,,223,,,
https://www.accordtour.com/tours/6638,"Кращі коліжанки Чеського королівства + SPA релакс Прага, Дрезден, Карлові Вари",14.06.2026,,223,,,
https://www.accordtour.com/tours/6638,"Кращі коліжанки Чеського королівства + SPA релакс Прага, Дрезден, Карлові Вари",28.06.2026,,223,,,
https://www.accordtour.com/tours/6638,"Кращі коліжанки Чеського королівства + SPA релакс Прага, Дрезден, Карлові Вари",03.07.2026,,223,,,
https://www.accordtour.com/tours/6638,"Кращі коліжанки Чеського королівства + SPA релакс Прага, Дрезден, Карлові Вари",11.07.2026,,223,,,
https://www.accordtour.com/tours/6638,"Кращі коліжанки Чеського королівства + SPA релакс Прага, Дрезден, Карлові Вари",18.07.2026,,223,,,
https://www.accordtour.com/tours/6638,"Кращі коліжанки Чеського королівства + SPA релакс Прага, Дрезден, Карлові Вари",24.07.2026,,223,,,
https://www.accordtour.com/tours/6638,"Кращі коліжанки Чеського королівства + SPA релакс Прага, Дрезден, Карлові Вари",31.07.2026,,223,,,
https://www.accordtour.com/tours/6638,"Кращі коліжанки Чеського королівства + SPA релакс Прага, Дрезден, Карлові Вари",01.08.2026,,223,,,
https://www.accordtour.com/tours/6638,"Кращі коліжанки Чеського королівства + SPA релакс Прага, Дрезден, Карлові Вари",09.08.2026,,223,,,
https://www.accordtour.com/tours/6638,"Кращі коліжанки Чеського королівства + SPA релакс Прага, Дрезден, Карлові Вари",15.08.2026,,223,,,
https://www.accordtour.com/tours/6638,"Кращі коліжанки Чеського королівства + SPA релакс Прага, Дрезден, Карлові Вари",22.08.2026,,223,,,
https://www.accordtour.com/tours/6638,"Кращі коліжанки Чеського королівства + SPA релакс Прага, Дрезден, Карлові Вари",27.08.2026,,223,,,
https://www.accordtour.com/tours/6638,"Кращі коліжанки Чеського королівства + SPA релакс Прага, Дрезден, Карлові Вари",12.09.2026,,223,,,
https://www.accordtour.com/tours/6638,"Кращі коліжанки Чеського королівства + SPA релакс Прага, Дрезден, Карлові Вари",18.09.2026,,223,,,
https://www.accordtour.com/tours/6638,"Кращі коліжанки Чеського королівства + SPA релакс Прага, Дрезден, Карлові Вари",25.09.2026,,223,,,
https://www.accordtour.com/tours/6638,"Кращі коліжанки Чеського королівства + SPA релакс Прага, Дрезден, Карлові Вари",03.10.2026,,223,,,
https://www.accordtour.com/tours/6638,"Кращі коліжанки Чеського королівства + SPA релакс Прага, Дрезден, Карлові Вари",14.10.2026,,223,,,
https://www.accordtour.com/tours/6638,"Кращі коліжанки Чеського королівства + SPA релакс Прага, Дрезден, Карлові Вари",16.10.2026,,223,,,
https://www.accordtour.com/tours/6638,"Кращі коліжанки Чеського королівства + SPA релакс Прага, Дрезден, Карлові Вари",24.10.2026,,223,,,
https://www.accordtour.com/tours/6638,"Кращі коліжанки Чеського королівства + SPA релакс Прага, Дрезден, Карлові Вари",31.10.2026,,223,,,
https://www.accordtour.com/tours/168300,"Вихідні в Італії Флоренція, Рим, Венеція",21.05.2026,,209,,,
https://www.accordtour.com/tours/168300,"Вихідні в Італії Флоренція, Рим, Венеція",24.05.2026,,209,,,
https://www.accordtour.com/tours/168300,"Вихідні в Італії Флоренція, Рим, Венеція",04.06.2026,,209,,,
https://www.accordtour.com/tours/168300,"Вихідні в Італії Флоренція, Рим, Венеція",06.06.2026,,209,,,
https://www.accordtour.com/tours/168300,"Вихідні в Італії Флоренція, Рим, Венеція",08.06.2026,,209,,,
https://www.accordtour.com/tours/168300,"Вихідні в Італії Флоренція, Рим, Венеція",09.06.2026,,209,,,
https://www.accordtour.com/tours/168300,"Вихідні в Італії Флоренція, Рим, Венеція",10.06.2026,,209,,,
https://www.accordtour.com/tours/168300,"Вихідні в Італії Флоренція, Рим, Венеція",11.06.2026,,209,,,
https://www.accordtour.com/tours/168300,"Вихідні в Італії Флоренція, Рим, Венеція",21.06.2026,,209,,,
https://www.accordtour.com/tours/168300,"Вихідні в Італії Флоренція, Рим, Венеція",22.06.2026,,209,,,
https://www.accordtour.com/tours/168300,"Вихідні в Італії Флоренція, Рим, Венеція",25.06.2026,,209,,,
https://www.accordtour.com/tours/168300,"Вихідні в Італії Флоренція, Рим, Венеція",27.06.2026,,209,,,
https://www.accordtour.com/tours/168300,"Вихідні в Італії Флоренція, Рим, Венеція",28.06.2026,,209,,,
https://www.accordtour.com/tours/168300,"Вихідні в Італії Флоренція, Рим, Венеція",04.07.2026,,209,,,
https://www.accordtour.com/tours/168300,"Вихідні в Італії Флоренція, Рим, Венеція",05.07.2026,,209,,,
https://www.accordtour.com/tours/168300,"Вихідні в Італії Флоренція, Рим, Венеція",15.07.2026,,209,,,
https://www.accordtour.com/tours/168300,"Вихідні в Італії Флоренція, Рим, Венеція",19.07.2026,,209,,,
https://www.accordtour.com/tours/168300,"Вихідні в Італії Флоренція, Рим, Венеція",20.07.2026,,209,,,
https://www.accordtour.com/tours/168300,"Вихідні в Італії Флоренція, Рим, Венеція",28.07.2026,,209,,,
https://www.accordtour.com/tours/168300,"Вихідні в Італії Флоренція, Рим, Венеція",04.08.2026,,209,,,
https://www.accordtour.com/tours/168300,"Вихідні в Італії Флоренція, Рим, Венеція",09.08.2026,,209,,,
https://www.accordtour.com/tours/168300,"Вихідні в Італії Флоренція, Рим, Венеція",13.08.2026,,209,,,
https://www.accordtour.com/tours/168300,"Вихідні в Італії Флоренція, Рим, Венеція",19.08.2026,,209,,,
https://www.accordtour.com/tours/168300,"Вихідні в Італії Флоренція, Рим, Венеція",22.08.2026,,209,,,
https://www.accordtour.com/tours/168300,"Вихідні в Італії Флоренція, Рим, Венеція",29.08.2026,,209,,,
https://www.accordtour.com/tours/168686,Особливий вікенд: Любляна + Венеція,29.05.2026,,223,,,
https://www.accordtour.com/tours/168686,Особливий вікенд: Любляна + Венеція,04.06.2026,,223,,,
https://www.accordtour.com/tours/168686,Особливий вікенд: Любляна + Венеція,06.06.2026,,223,,,
https://www.accordtour.com/tours/168686,Особливий вікенд: Любляна + Венеція,08.06.2026,,223,,,
https://www.accordtour.com/tours/168686,Особливий вікенд: Любляна + Венеція,09.06.2026,,223,,,
https://www.accordtour.com/tours/168686,Особливий вікенд: Любляна + Венеція,10.06.2026,,223,,,
https://www.accordtour.com/tours/168686,Особливий вікенд: Любляна + Венеція,11.06.2026,,223,,,
https://www.accordtour.com/tours/168686,Особливий вікенд: Любляна + Венеція,22.06.2026,,223,,,
https://www.accordtour.com/tours/168686,Особливий вікенд: Любляна + Венеція,25.06.2026,,223,,,
https://www.accordtour.com/tours/168686,Особливий вікенд: Любляна + Венеція,26.06.2026,,223,,,
https://www.accordtour.com/tours/168686,Особливий вікенд: Любляна + Венеція,27.06.2026,,223,,,
https://www.accordtour.com/tours/168686,Особливий вікенд: Любляна + Венеція,28.06.2026,,223,,,
https://www.accordtour.com/tours/168686,Особливий вікенд: Любляна + Венеція,03.07.2026,,223,,,
https://www.accordtour.com/tours/168686,Особливий вікенд: Любляна + Венеція,04.07.2026,,223,,,
https://www.accordtour.com/tours/168686,Особливий вікенд: Любляна + Венеція,05.07.2026,,223,,,
https://www.accordtour.com/tours/168686,Особливий вікенд: Любляна + Венеція,15.07.2026,,223,,,
https://www.accordtour.com/tours/168686,Особливий вікенд: Любляна + Венеція,19.07.2026,,223,,,
https://www.accordtour.com/tours/168686,Особливий вікенд: Любляна + Венеція,20.07.2026,,223,,,
https://www.accordtour.com/tours/168686,Особливий вікенд: Любляна + Венеція,24.07.2026,,223,,,
https://www.accordtour.com/tours/168686,Особливий вікенд: Любляна + Венеція,27.07.2026,,223,,,
https://www.accordtour.com/tours/168686,Особливий вікенд: Любляна + Венеція,28.07.2026,,223,,,
https://www.accordtour.com/tours/168686,Особливий вікенд: Любляна + Венеція,04.08.2026,,223,,,
https://www.accordtour.com/tours/168686,Особливий вікенд: Любляна + Венеція,09.08.2026,,223,,,
https://www.accordtour.com/tours/168686,Особливий вікенд: Любляна + Венеція,13.08.2026,,223,,,
https://www.accordtour.com/tours/168686,Особливий вікенд: Любляна + Венеція,14.08.2026,,223,,,
https://www.accordtour.com/tours/111366,"Соковитий вікенд: Верона, Рим, Венеція!",04.06.2026,,247,,,
https://www.accordtour.com/tours/111366,"Соковитий вікенд: Верона, Рим, Венеція!",06.06.2026,,247,,,
https://www.accordtour.com/tours/111366,"Соковитий вікенд: Верона, Рим, Венеція!",08.06.2026,,247,,,
https://www.accordtour.com/tours/111366,"Соковитий вікенд: Верона, Рим, Венеція!",09.06.2026,,247,,,
https://www.accordtour.com/tours/111366,"Соковитий вікенд: Верона, Рим, Венеція!",10.06.2026,,247,,,
https://www.accordtour.com/tours/111366,"Соковитий вікенд: Верона, Рим, Венеція!",11.06.2026,,247,,,
https://www.accordtour.com/tours/111366,"Соковитий вікенд: Верона, Рим, Венеція!",21.06.2026,,247,,,
https://www.accordtour.com/tours/111366,"Соковитий вікенд: Верона, Рим, Венеція!",22.06.2026,,247,,,
https://www.accordtour.com/tours/111366,"Соковитий вікенд: Верона, Рим, Венеція!",25.06.2026,,247,,,
https://www.accordtour.com/tours/111366,"Соковитий вікенд: Верона, Рим, Венеція!",27.06.2026,,247,,,
https://www.accordtour.com/tours/111366,"Соковитий вікенд: Верона, Рим, Венеція!",28.06.2026,,247,,,
https://www.accordtour.com/tours/111366,"Соковитий вікенд: Верона, Рим, Венеція!",04.07.2026,,247,,,
https://www.accordtour.com/tours/111366,"Соковитий вікенд: Верона, Рим, Венеція!",05.07.2026,,247,,,
https://www.accordtour.com/tours/111366,"Соковитий вікенд: Верона, Рим, Венеція!",15.07.2026,,247,,,
https://www.accordtour.com/tours/111366,"Соковитий вікенд: Верона, Рим, Венеція!",19.07.2026,,247,,,
https://www.accordtour.com/tours/111366,"Соковитий вікенд: Верона, Рим, Венеція!",20.07.2026,,247,,,
https://www.accordtour.com/tours/111366,"Соковитий вікенд: Верона, Рим, Венеція!",28.07.2026,,247,,,
https://www.accordtour.com/tours/111366,"Соковитий вікенд: Верона, Рим, Венеція!",04.08.2026,,247,,,
https://www.accordtour.com/tours/111366,"Соковитий вікенд: Верона, Рим, Венеція!",09.08.2026,,247,,,
https://www.accordtour.com/tours/111366,"Соковитий вікенд: Верона, Рим, Венеція!",13.08.2026,,247,,,
https://www.accordtour.com/tours/111366,"Соковитий вікенд: Верона, Рим, Венеція!",19.08.2026,,247,,,
https://www.accordtour.com/tours/111366,"Соковитий вікенд: Верона, Рим, Венеція!",22.08.2026,,247,,,
https://www.accordtour.com/tours/111366,"Соковитий вікенд: Верона, Рим, Венеція!",29.08.2026,,247,,,
https://www.accordtour.com/tours/111366,"Соковитий вікенд: Верона, Рим, Венеція!",05.09.2026,,247,,,
https://www.accordtour.com/tours/111366,"Соковитий вікенд: Верона, Рим, Венеція!",12.09.2026,,247,,,
https://www.accordtour.com/tours/5594,Під прапором Греції... Салоніки + Метеори + Афіни,02.06.2026,,468,,,
https://www.accordtour.com/tours/5594,Під прапором Греції... Салоніки + Метеори + Афіни,12.06.2026,,468,,,
https://www.accordtour.com/tours/5594,Під прапором Греції... Салоніки + Метеори + Афіни,28.06.2026,,468,,,
https://www.accordtour.com/tours/5594,Під прапором Греції... Салоніки + Метеори + Афіни,02.07.2026,,468,,,
https://www.accordtour.com/tours/5594,Під прапором Греції... Салоніки + Метеори + Афіни,08.07.2026,,468,,,
https://www.accordtour.com/tours/5594,Під прапором Греції... Салоніки + Метеори + Афіни,15.07.2026,,468,,,
https://www.accordtour.com/tours/5594,Під прапором Греції... Салоніки + Метеори + Афіни,19.07.2026,,468,,,
https://www.accordtour.com/tours/5594,Під прапором Греції... Салоніки + Метеори + Афіни,28.07.2026,,468,,,
https://www.accordtour.com/tours/5594,Під прапором Греції... Салоніки + Метеори + Афіни,01.08.2026,,468,,,
https://www.accordtour.com/tours/5594,Під прапором Греції... Салоніки + Метеори + Афіни,24.08.2026,,468,,,
https://www.accordtour.com/tours/5594,Під прапором Греції... Салоніки + Метеори + Афіни,29.08.2026,,468,,,
https://www.accordtour.com/tours/5594,Під прапором Греції... Салоніки + Метеори + Афіни,04.09.2026,,468,,,
https://www.accordtour.com/tours/5594,Під прапором Греції... Салоніки + Метеори + Афіни,12.09.2026,,468,,,
https://www.accordtour.com/tours/5594,Під прапором Греції... Салоніки + Метеори + Афіни,25.09.2026,,468,,,
https://www.accordtour.com/tours/5594,Під прапором Греції... Салоніки + Метеори + Афіни,28.09.2026,,468,,,
https://www.accordtour.com/tours/5594,Під прапором Греції... Салоніки + Метеори + Афіни,06.10.2026,,468,,,
https://www.accordtour.com/tours/5594,Під прапором Греції... Салоніки + Метеори + Афіни,14.10.2026,,468,,,
https://www.accordtour.com/tours/5594,Під прапором Греції... Салоніки + Метеори + Афіни,13.11.2026,,468,,,
https://www.accordtour.com/tours/5594,Під прапором Греції... Салоніки + Метеори + Афіни,20.11.2026,,468,,,
https://www.accordtour.com/tours/1118341,Любовне зізнання: Відень + Прага!,27.05.2026,,228,,,
https://www.accordtour.com/tours/1118341,Любовне зізнання: Відень + Прага!,28.05.2026,,228,,,
https://www.accordtour.com/tours/1118341,Любовне зізнання: Відень + Прага!,29.05.2026,,228,,,
https://www.accordtour.com/tours/1118341,Любовне зізнання: Відень + Прага!,06.06.2026,,228,,,
https://www.accordtour.com/tours/1118341,Любовне зізнання: Відень + Прага!,08.06.2026,,228,,,
https://www.accordtour.com/tours/1118341,Любовне зізнання: Відень + Прага!,09.06.2026,,228,,,
https://www.accordtour.com/tours/1118341,Любовне зізнання: Відень + Прага!,10.06.2026,,228,,,
https://www.accordtour.com/tours/1118341,Любовне зізнання: Відень + Прага!,11.06.2026,,228,,,
https://www.accordtour.com/tours/1118341,Любовне зізнання: Відень + Прага!,13.06.2026,,228,,,
https://www.accordtour.com/tours/1118341,Любовне зізнання: Відень + Прага!,14.06.2026,,228,,,
https://www.accordtour.com/tours/1118341,Любовне зізнання: Відень + Прага!,15.06.2026,,228,,,
https://www.accordtour.com/tours/1118341,Любовне зізнання: Відень + Прага!,24.06.2026,,228,,,
https://www.accordtour.com/tours/1118341,Любовне зізнання: Відень + Прага!,26.06.2026,,228,,,
https://www.accordtour.com/tours/1118341,Любовне зізнання: Відень + Прага!,27.06.2026,,228,,,
https://www.accordtour.com/tours/1118341,Любовне зізнання: Відень + Прага!,28.06.2026,,228,,,
https://www.accordtour.com/tours/1118341,Любовне зізнання: Відень + Прага!,30.06.2026,,228,,,
https://www.accordtour.com/tours/1118341,Любовне зізнання: Відень + Прага!,05.07.2026,,228,,,
https://www.accordtour.com/tours/1118341,Любовне зізнання: Відень + Прага!,06.07.2026,,228,,,
https://www.accordtour.com/tours/1118341,Любовне зізнання: Відень + Прага!,08.07.2026,,228,,,
https://www.accordtour.com/tours/1118341,Любовне зізнання: Відень + Прага!,15.07.2026,,228,,,
https://www.accordtour.com/tours/1118341,Любовне зізнання: Відень + Прага!,18.07.2026,,228,,,
https://www.accordtour.com/tours/1118341,Любовне зізнання: Відень + Прага!,19.07.2026,,228,,,
https://www.accordtour.com/tours/1118341,Любовне зізнання: Відень + Прага!,20.07.2026,,228,,,
https://www.accordtour.com/tours/1118341,Любовне зізнання: Відень + Прага!,24.07.2026,,228,,,
https://www.accordtour.com/tours/1118341,Любовне зізнання: Відень + Прага!,28.07.2026,,228,,,
https://www.accordtour.com/tours/1118341,Любовне зізнання: Відень + Прага!,29.07.2026,,228,,,
https://www.accordtour.com/tours/8167/vsi_avtobusni_tury/avstriia,"Мелодії Альп... Швейцарія, Баварія, Австрія",27.05.2026,,263,,,
https://www.accordtour.com/tours/8167/vsi_avtobusni_tury/avstriia,"Мелодії Альп... Швейцарія, Баварія, Австрія",28.05.2026,,263,,,
https://www.accordtour.com/tours/8167/vsi_avtobusni_tury/avstriia,"Мелодії Альп... Швейцарія, Баварія, Австрія",29.05.2026,,263,,,
https://www.accordtour.com/tours/8167/vsi_avtobusni_tury/avstriia,"Мелодії Альп... Швейцарія, Баварія, Австрія",06.06.2026,,263,,,
https://www.accordtour.com/tours/8167/vsi_avtobusni_tury/avstriia,"Мелодії Альп... Швейцарія, Баварія, Австрія",11.06.2026,,263,,,
https://www.accordtour.com/tours/8167/vsi_avtobusni_tury/avstriia,"Мелодії Альп... Швейцарія, Баварія, Австрія",12.06.2026,,263,,,
https://www.accordtour.com/tours/8167/vsi_avtobusni_tury/avstriia,"Мелодії Альп... Швейцарія, Баварія, Австрія",13.06.2026,,263,,,
https://www.accordtour.com/tours/8167/vsi_avtobusni_tury/avstriia,"Мелодії Альп... Швейцарія, Баварія, Австрія",14.06.2026,,263,,,
https://www.accordtour.com/tours/8167/vsi_avtobusni_tury/avstriia,"Мелодії Альп... Швейцарія, Баварія, Австрія",17.06.2026,,263,,,
https://www.accordtour.com/tours/8167/vsi_avtobusni_tury/avstriia,"Мелодії Альп... Швейцарія, Баварія, Австрія",24.06.2026,,263,,,
https://www.accordtour.com/tours/8167/vsi_avtobusni_tury/avstriia,"Мелодії Альп... Швейцарія, Баварія, Австрія",26.06.2026,,263,,,
https://www.accordtour.com/tours/8167/vsi_avtobusni_tury/avstriia,"Мелодії Альп... Швейцарія, Баварія, Австрія",28.06.2026,,263,,,
https://www.accordtour.com/tours/8167/vsi_avtobusni_tury/avstriia,"Мелодії Альп... Швейцарія, Баварія, Австрія",02.07.2026,,263,,,
https://www.accordtour.com/tours/8167/vsi_avtobusni_tury/avstriia,"Мелодії Альп... Швейцарія, Баварія, Австрія",03.07.2026,,263,,,
https://www.accordtour.com/tours/8167/vsi_avtobusni_tury/avstriia,"Мелодії Альп... Швейцарія, Баварія, Австрія",05.07.2026,,263,,,
https://www.accordtour.com/tours/8167/vsi_avtobusni_tury/avstriia,"Мелодії Альп... Швейцарія, Баварія, Австрія",08.07.2026,,263,,,
https://www.accordtour.com/tours/8167/vsi_avtobusni_tury/avstriia,"Мелодії Альп... Швейцарія, Баварія, Австрія",11.07.2026,,263,,,
https://www.accordtour.com/tours/8167/vsi_avtobusni_tury/avstriia,"Мелодії Альп... Швейцарія, Баварія, Австрія",16.07.2026,,263,,,
https://www.accordtour.com/tours/8167/vsi_avtobusni_tury/avstriia,"Мелодії Альп... Швейцарія, Баварія, Австрія",17.07.2026,,263,,,
https://www.accordtour.com/tours/8167/vsi_avtobusni_tury/avstriia,"Мелодії Альп... Швейцарія, Баварія, Австрія",18.07.2026,,263,,,
https://www.accordtour.com/tours/8167/vsi_avtobusni_tury/avstriia,"Мелодії Альп... Швейцарія, Баварія, Австрія",19.07.2026,,263,,,
https://www.accordtour.com/tours/8167/vsi_avtobusni_tury/avstriia,"Мелодії Альп... Швейцарія, Баварія, Австрія",24.07.2026,,263,,,
https://www.accordtour.com/tours/8167/vsi_avtobusni_tury/avstriia,"Мелодії Альп... Швейцарія, Баварія, Австрія",28.07.2026,,263,,,
https://www.accordtour.com/tours/8167/vsi_avtobusni_tury/avstriia,"Мелодії Альп... Швейцарія, Баварія, Австрія",31.07.2026,,263,,,
https://www.accordtour.com/tours/8167/vsi_avtobusni_tury/avstriia,"Мелодії Альп... Швейцарія, Баварія, Австрія",01.08.2026,,263,,,
https://www.accordtour.com/tours/8331,"Чао, Італія! 2 дні в Римі + Флоренція і Венеція!",24.05.2026,,389,,,
https://www.accordtour.com/tours/8331,"Чао, Італія! 2 дні в Римі + Флоренція і Венеція!",29.05.2026,,389,,,
https://www.accordtour.com/tours/8331,"Чао, Італія! 2 дні в Римі + Флоренція і Венеція!",06.06.2026,,389,,,
https://www.accordtour.com/tours/8331,"Чао, Італія! 2 дні в Римі + Флоренція і Венеція!",08.06.2026,,389,,,
https://www.accordtour.com/tours/8331,"Чао, Італія! 2 дні в Римі + Флоренція і Венеція!",09.06.2026,,389,,,
https://www.accordtour.com/tours/8331,"Чао, Італія! 2 дні в Римі + Флоренція і Венеція!",10.06.2026,,389,,,
https://www.accordtour.com/tours/8331,"Чао, Італія! 2 дні в Римі + Флоренція і Венеція!",11.06.2026,,389,,,
https://www.accordtour.com/tours/8331,"Чао, Італія! 2 дні в Римі + Флоренція і Венеція!",21.06.2026,,389,,,
https://www.accordtour.com/tours/8331,"Чао, Італія! 2 дні в Римі + Флоренція і Венеція!",26.06.2026,,389,,,
https://www.accordtour.com/tours/8331,"Чао, Італія! 2 дні в Римі + Флоренція і Венеція!",03.07.2026,,389,,,
https://www.accordtour.com/tours/8331,"Чао, Італія! 2 дні в Римі + Флоренція і Венеція!",15.07.2026,,389,,,
https://www.accordtour.com/tours/8331,"Чао, Італія! 2 дні в Римі + Флоренція і Венеція!",19.07.2026,,389,,,
https://www.accordtour.com/tours/8331,"Чао, Італія! 2 дні в Римі + Флоренція і Венеція!",20.07.2026,,389,,,
https://www.accordtour.com/tours/8331,"Чао, Італія! 2 дні в Римі + Флоренція і Венеція!",24.07.2026,,389,,,
https://www.accordtour.com/tours/8331,"Чао, Італія! 2 дні в Римі + Флоренція і Венеція!",28.07.2026,,389,,,
https://www.accordtour.com/tours/8331,"Чао, Італія! 2 дні в Римі + Флоренція і Венеція!",04.08.2026,,389,,,
https://www.accordtour.com/tours/8331,"Чао, Італія! 2 дні в Римі + Флоренція і Венеція!",09.08.2026,,389,,,
https://www.accordtour.com/tours/8331,"Чао, Італія! 2 дні в Римі + Флоренція і Венеція!",19.08.2026,,389,,,
https://www.accordtour.com/tours/8331,"Чао, Італія! 2 дні в Римі + Флоренція і Венеція!",22.08.2026,,389,,,
https://www.accordtour.com/tours/8331,"Чао, Італія! 2 дні в Римі + Флоренція і Венеція!",28.08.2026,,389,,,
https://www.accordtour.com/tours/8331,"Чао, Італія! 2 дні в Римі + Флоренція і Венеція!",29.08.2026,,389,,,
https://www.accordtour.com/tours/8331,"Чао, Італія! 2 дні в Римі + Флоренція і Венеція!",04.09.2026,,389,,,
https://www.accordtour.com/tours/8331,"Чао, Італія! 2 дні в Римі + Флоренція і Венеція!",12.09.2026,,389,,,
https://www.accordtour.com/tours/8331,"Чао, Італія! 2 дні в Римі + Флоренція і Венеція!",16.09.2026,,389,,,
https://www.accordtour.com/tours/8300,Секрет вічності&hellip; Рим + Флоренція і Венеція,29.05.2026,,333,,,
https://www.accordtour.com/tours/8300,Секрет вічності&hellip; Рим + Флоренція і Венеція,06.06.2026,,333,,,
https://www.accordtour.com/tours/8300,Секрет вічності&hellip; Рим + Флоренція і Венеція,08.06.2026,,333,,,
https://www.accordtour.com/tours/8300,Секрет вічності&hellip; Рим + Флоренція і Венеція,09.06.2026,,333,,,
https://www.accordtour.com/tours/8300,Секрет вічності&hellip; Рим + Флоренція і Венеція,10.06.2026,,333,,,
https://www.accordtour.com/tours/8300,Секрет вічності&hellip; Рим + Флоренція і Венеція,11.06.2026,,333,,,
https://www.accordtour.com/tours/8300,Секрет вічності&hellip; Рим + Флоренція і Венеція,21.06.2026,,333,,,
https://www.accordtour.com/tours/8300,Секрет вічності&hellip; Рим + Флоренція і Венеція,26.06.2026,,333,,,
https://www.accordtour.com/tours/8300,Секрет вічності&hellip; Рим + Флоренція і Венеція,03.07.2026,,333,,,
https://www.accordtour.com/tours/8300,Секрет вічності&hellip; Рим + Флоренція і Венеція,15.07.2026,,333,,,
https://www.accordtour.com/tours/8300,Секрет вічності&hellip; Рим + Флоренція і Венеція,19.07.2026,,333,,,
https://www.accordtour.com/tours/8300,Секрет вічності&hellip; Рим + Флоренція і Венеція,20.07.2026,,333,,,
https://www.accordtour.com/tours/8300,Секрет вічності&hellip; Рим + Флоренція і Венеція,24.07.2026,,333,,,
https://www.accordtour.com/tours/8300,Секрет вічності&hellip; Рим + Флоренція і Венеція,28.07.2026,,333,,,
https://www.accordtour.com/tours/8300,Секрет вічності&hellip; Рим + Флоренція і Венеція,04.08.2026,,333,,,
https://www.accordtour.com/tours/8300,Секрет вічності&hellip; Рим + Флоренція і Венеція,09.08.2026,,333,,,
https://www.accordtour.com/tours/8300,Секрет вічності&hellip; Рим + Флоренція і Венеція,19.08.2026,,333,,,
https://www.accordtour.com/tours/8300,Секрет вічності&hellip; Рим + Флоренція і Венеція,22.08.2026,,333,,,
https://www.accordtour.com/tours/8300,Секрет вічності&hellip; Рим + Флоренція і Венеція,28.08.2026,,333,,,
https://www.accordtour.com/tours/8300,Секрет вічності&hellip; Рим + Флоренція і Венеція,29.08.2026,,333,,,
https://www.accordtour.com/tours/8300,Секрет вічності&hellip; Рим + Флоренція і Венеція,04.09.2026,,333,,,
https://www.accordtour.com/tours/8300,Секрет вічності&hellip; Рим + Флоренція і Венеція,12.09.2026,,333,,,
https://www.accordtour.com/tours/8300,Секрет вічності&hellip; Рим + Флоренція і Венеція,16.09.2026,,333,,,
https://www.accordtour.com/tours/8300,Секрет вічності&hellip; Рим + Флоренція і Венеція,17.09.2026,,333,,,
https://www.accordtour.com/tours/110138,"Таємнича Греція: Салоніки, Афіни, Метеори",11.06.2026,,327,,,
https://www.accordtour.com/tours/110138,"Таємнича Греція: Салоніки, Афіни, Метеори",26.06.2026,,327,,,
https://www.accordtour.com/tours/110138,"Таємнича Греція: Салоніки, Афіни, Метеори",15.07.2026,,327,,,
https://www.accordtour.com/tours/110138,"Таємнича Греція: Салоніки, Афіни, Метеори",13.08.2026,,327,,,
https://www.accordtour.com/tours/110138,"Таємнича Греція: Салоніки, Афіни, Метеори",29.08.2026,,327,,,
https://www.accordtour.com/tours/110138,"Таємнича Греція: Салоніки, Афіни, Метеори",12.09.2026,,327,,,
https://www.accordtour.com/tours/110138,"Таємнича Греція: Салоніки, Афіни, Метеори",18.09.2026,,327,,,
https://www.accordtour.com/tours/110138,"Таємнича Греція: Салоніки, Афіни, Метеори",14.10.2026,,327,,,
https://www.accordtour.com/tours/110138,"Таємнича Греція: Салоніки, Афіни, Метеори",18.10.2026,,327,,,
https://www.accordtour.com/tours/110138,"Таємнича Греція: Салоніки, Афіни, Метеори",13.11.2026,,327,,,
https://www.accordtour.com/tours/8327,"Скажемо &laquo;чііііз&raquo; в Італії: 3 дні в Римі + Неаполь, Флоренція і Венеція",21.05.2026,,424,,,
https://www.accordtour.com/tours/8327,"Скажемо &laquo;чііііз&raquo; в Італії: 3 дні в Римі + Неаполь, Флоренція і Венеція",29.05.2026,,424,,,
https://www.accordtour.com/tours/8327,"Скажемо &laquo;чііііз&raquo; в Італії: 3 дні в Римі + Неаполь, Флоренція і Венеція",06.06.2026,,424,,,
https://www.accordtour.com/tours/8327,"Скажемо &laquo;чііііз&raquo; в Італії: 3 дні в Римі + Неаполь, Флоренція і Венеція",08.06.2026,,424,,,
https://www.accordtour.com/tours/8327,"Скажемо &laquo;чііііз&raquo; в Італії: 3 дні в Римі + Неаполь, Флоренція і Венеція",09.06.2026,,424,,,
https://www.accordtour.com/tours/8327,"Скажемо &laquo;чііііз&raquo; в Італії: 3 дні в Римі + Неаполь, Флоренція і Венеція",10.06.2026,,424,,,
https://www.accordtour.com/tours/8327,"Скажемо &laquo;чііііз&raquo; в Італії: 3 дні в Римі + Неаполь, Флоренція і Венеція",11.06.2026,,424,,,
https://www.accordtour.com/tours/8327,"Скажемо &laquo;чііііз&raquo; в Італії: 3 дні в Римі + Неаполь, Флоренція і Венеція",21.06.2026,,424,,,
https://www.accordtour.com/tours/8327,"Скажемо &laquo;чііііз&raquo; в Італії: 3 дні в Римі + Неаполь, Флоренція і Венеція",26.06.2026,,424,,,
https://www.accordtour.com/tours/8327,"Скажемо &laquo;чііііз&raquo; в Італії: 3 дні в Римі + Неаполь, Флоренція і Венеція",03.07.2026,,424,,,
https://www.accordtour.com/tours/8327,"Скажемо &laquo;чііііз&raquo; в Італії: 3 дні в Римі + Неаполь, Флоренція і Венеція",15.07.2026,,424,,,
https://www.accordtour.com/tours/8327,"Скажемо &laquo;чііііз&raquo; в Італії: 3 дні в Римі + Неаполь, Флоренція і Венеція",19.07.2026,,424,,,
https://www.accordtour.com/tours/8327,"Скажемо &laquo;чііііз&raquo; в Італії: 3 дні в Римі + Неаполь, Флоренція і Венеція",20.07.2026,,424,,,
https://www.accordtour.com/tours/8327,"Скажемо &laquo;чііііз&raquo; в Італії: 3 дні в Римі + Неаполь, Флоренція і Венеція",24.07.2026,,424,,,
https://www.accordtour.com/tours/8327,"Скажемо &laquo;чііііз&raquo; в Італії: 3 дні в Римі + Неаполь, Флоренція і Венеція",28.07.2026,,424,,,
https://www.accordtour.com/tours/8327,"Скажемо &laquo;чііііз&raquo; в Італії: 3 дні в Римі + Неаполь, Флоренція і Венеція",04.08.2026,,424,,,
https://www.accordtour.com/tours/8327,"Скажемо &laquo;чііііз&raquo; в Італії: 3 дні в Римі + Неаполь, Флоренція і Венеція",09.08.2026,,424,,,
https://www.accordtour.com/tours/8327,"Скажемо &laquo;чііііз&raquo; в Італії: 3 дні в Римі + Неаполь, Флоренція і Венеція",19.08.2026,,424,,,
https://www.accordtour.com/tours/8327,"Скажемо &laquo;чііііз&raquo; в Італії: 3 дні в Римі + Неаполь, Флоренція і Венеція",22.08.2026,,424,,,
https://www.accordtour.com/tours/8327,"Скажемо &laquo;чііііз&raquo; в Італії: 3 дні в Римі + Неаполь, Флоренція і Венеція",28.08.2026,,424,,,
https://www.accordtour.com/tours/8327,"Скажемо &laquo;чііііз&raquo; в Італії: 3 дні в Римі + Неаполь, Флоренція і Венеція",29.08.2026,,424,,,
https://www.accordtour.com/tours/8327,"Скажемо &laquo;чііііз&raquo; в Італії: 3 дні в Римі + Неаполь, Флоренція і Венеція",04.09.2026,,424,,,
https://www.accordtour.com/tours/8327,"Скажемо &laquo;чііііз&raquo; в Італії: 3 дні в Римі + Неаполь, Флоренція і Венеція",12.09.2026,,424,,,
https://www.accordtour.com/tours/8327,"Скажемо &laquo;чііііз&raquo; в Італії: 3 дні в Римі + Неаполь, Флоренція і Венеція",16.09.2026,,424,,,
https://www.accordtour.com/tours/861361,"Завжди на висоті... Італія! Флоренція, Рим, Венеція + Доломітові Альпи",29.05.2026,,433,,,
https://www.accordtour.com/tours/861361,"Завжди на висоті... Італія! Флоренція, Рим, Венеція + Доломітові Альпи",06.06.2026,,433,,,
https://www.accordtour.com/tours/861361,"Завжди на висоті... Італія! Флоренція, Рим, Венеція + Доломітові Альпи",08.06.2026,,433,,,
https://www.accordtour.com/tours/861361,"Завжди на висоті... Італія! Флоренція, Рим, Венеція + Доломітові Альпи",09.06.2026,,433,,,
https://www.accordtour.com/tours/861361,"Завжди на висоті... Італія! Флоренція, Рим, Венеція + Доломітові Альпи",10.06.2026,,433,,,
https://www.accordtour.com/tours/861361,"Завжди на висоті... Італія! Флоренція, Рим, Венеція + Доломітові Альпи",11.06.2026,,433,,,
https://www.accordtour.com/tours/861361,"Завжди на висоті... Італія! Флоренція, Рим, Венеція + Доломітові Альпи",21.06.2026,,433,,,
https://www.accordtour.com/tours/861361,"Завжди на висоті... Італія! Флоренція, Рим, Венеція + Доломітові Альпи",26.06.2026,,433,,,
https://www.accordtour.com/tours/861361,"Завжди на висоті... Італія! Флоренція, Рим, Венеція + Доломітові Альпи",03.07.2026,,433,,,
https://www.accordtour.com/tours/861361,"Завжди на висоті... Італія! Флоренція, Рим, Венеція + Доломітові Альпи",15.07.2026,,433,,,
https://www.accordtour.com/tours/861361,"Завжди на висоті... Італія! Флоренція, Рим, Венеція + Доломітові Альпи",19.07.2026,,433,,,
https://www.accordtour.com/tours/861361,"Завжди на висоті... Італія! Флоренція, Рим, Венеція + Доломітові Альпи",20.07.2026,,433,,,
https://www.accordtour.com/tours/861361,"Завжди на висоті... Італія! Флоренція, Рим, Венеція + Доломітові Альпи",24.07.2026,,433,,,
https://www.accordtour.com/tours/861361,"Завжди на висоті... Італія! Флоренція, Рим, Венеція + Доломітові Альпи",28.07.2026,,433,,,
https://www.accordtour.com/tours/861361,"Завжди на висоті... Італія! Флоренція, Рим, Венеція + Доломітові Альпи",04.08.2026,,433,,,
https://www.accordtour.com/tours/861361,"Завжди на висоті... Італія! Флоренція, Рим, Венеція + Доломітові Альпи",09.08.2026,,433,,,
https://www.accordtour.com/tours/861361,"Завжди на висоті... Італія! Флоренція, Рим, Венеція + Доломітові Альпи",19.08.2026,,433,,,
https://www.accordtour.com/tours/861361,"Завжди на висоті... Італія! Флоренція, Рим, Венеція + Доломітові Альпи",22.08.2026,,433,,,
https://www.accordtour.com/tours/861361,"Завжди на висоті... Італія! Флоренція, Рим, Венеція + Доломітові Альпи",28.08.2026,,433,,,
https://www.accordtour.com/tours/861361,"Завжди на висоті... Італія! Флоренція, Рим, Венеція + Доломітові Альпи",29.08.2026,,433,,,
https://www.accordtour.com/tours/861361,"Завжди на висоті... Італія! Флоренція, Рим, Венеція + Доломітові Альпи",04.09.2026,,433,,,
https://www.accordtour.com/tours/861361,"Завжди на висоті... Італія! Флоренція, Рим, Венеція + Доломітові Альпи",12.09.2026,,433,,,
https://www.accordtour.com/tours/861361,"Завжди на висоті... Італія! Флоренція, Рим, Венеція + Доломітові Альпи",16.09.2026,,433,,,
https://www.accordtour.com/tours/861361,"Завжди на висоті... Італія! Флоренція, Рим, Венеція + Доломітові Альпи",17.09.2026,,433,,,
https://www.accordtour.com/tours/7786,Грація Північної Італії,29.05.2026,,489,,,
https://www.accordtour.com/tours/7786,Грація Північної Італії,06.06.2026,,489,,,
https://www.accordtour.com/tours/7786,Грація Північної Італії,08.06.2026,,489,,,
https://www.accordtour.com/tours/7786,Грація Північної Італії,11.06.2026,,489,,,
https://www.accordtour.com/tours/7786,Грація Північної Італії,21.06.2026,,489,,,
https://www.accordtour.com/tours/7786,Грація Північної Італії,26.06.2026,,489,,,
https://www.accordtour.com/tours/7786,Грація Північної Італії,03.07.2026,,489,,,
https://www.accordtour.com/tours/7786,Грація Північної Італії,15.07.2026,,489,,,
https://www.accordtour.com/tours/7786,Грація Північної Італії,19.07.2026,,489,,,
https://www.accordtour.com/tours/7786,Грація Північної Італії,20.07.2026,,489,,,
https://www.accordtour.com/tours/7786,Грація Північної Італії,24.07.2026,,489,,,
https://www.accordtour.com/tours/7786,Грація Північної Італії,28.07.2026,,489,,,
https://www.accordtour.com/tours/7786,Грація Північної Італії,04.08.2026,,489,,,
https://www.accordtour.com/tours/7786,Грація Північної Італії,09.08.2026,,489,,,
https://www.accordtour.com/tours/7786,Грація Північної Італії,19.08.2026,,489,,,
https://www.accordtour.com/tours/7786,Грація Північної Італії,22.08.2026,,489,,,
https://www.accordtour.com/tours/7786,Грація Північної Італії,28.08.2026,,489,,,
https://www.accordtour.com/tours/7786,Грація Північної Італії,04.09.2026,,489,,,
https://www.accordtour.com/tours/7786,Грація Північної Італії,12.09.2026,,489,,,
https://www.accordtour.com/tours/7786,Грація Північної Італії,18.09.2026,,489,,,
https://www.accordtour.com/tours/7786,Грація Північної Італії,22.09.2026,,489,,,
https://www.accordtour.com/tours/7786,Грація Північної Італії,02.10.2026,,489,,,
https://www.accordtour.com/tours/7786,Грація Північної Італії,06.10.2026,,489,,,
https://www.accordtour.com/tours/8436/vsi_avtobusni_tury/italiia,"Пригоди невгамовних або ще більше Італії: 3 дні в Римі, Верона, Флоренція, Болонья і Венеція",29.05.2026,,544,,,
https://www.accordtour.com/tours/8436/vsi_avtobusni_tury/italiia,"Пригоди невгамовних або ще більше Італії: 3 дні в Римі, Верона, Флоренція, Болонья і Венеція",06.06.2026,,544,,,
https://www.accordtour.com/tours/8436/vsi_avtobusni_tury/italiia,"Пригоди невгамовних або ще більше Італії: 3 дні в Римі, Верона, Флоренція, Болонья і Венеція",08.06.2026,,544,,,
https://www.accordtour.com/tours/8436/vsi_avtobusni_tury/italiia,"Пригоди невгамовних або ще більше Італії: 3 дні в Римі, Верона, Флоренція, Болонья і Венеція",09.06.2026,,544,,,
https://www.accordtour.com/tours/8436/vsi_avtobusni_tury/italiia,"Пригоди невгамовних або ще більше Італії: 3 дні в Римі, Верона, Флоренція, Болонья і Венеція",10.06.2026,,544,,,
https://www.accordtour.com/tours/8436/vsi_avtobusni_tury/italiia,"Пригоди невгамовних або ще більше Італії: 3 дні в Римі, Верона, Флоренція, Болонья і Венеція",11.06.2026,,544,,,
https://www.accordtour.com/tours/8436/vsi_avtobusni_tury/italiia,"Пригоди невгамовних або ще більше Італії: 3 дні в Римі, Верона, Флоренція, Болонья і Венеція",21.06.2026,,544,,,
https://www.accordtour.com/tours/8436/vsi_avtobusni_tury/italiia,"Пригоди невгамовних або ще більше Італії: 3 дні в Римі, Верона, Флоренція, Болонья і Венеція",26.06.2026,,544,,,
https://www.accordtour.com/tours/8436/vsi_avtobusni_tury/italiia,"Пригоди невгамовних або ще більше Італії: 3 дні в Римі, Верона, Флоренція, Болонья і Венеція",03.07.2026,,544,,,
https://www.accordtour.com/tours/8436/vsi_avtobusni_tury/italiia,"Пригоди невгамовних або ще більше Італії: 3 дні в Римі, Верона, Флоренція, Болонья і Венеція",15.07.2026,,544,,,
https://www.accordtour.com/tours/8436/vsi_avtobusni_tury/italiia,"Пригоди невгамовних або ще більше Італії: 3 дні в Римі, Верона, Флоренція, Болонья і Венеція",19.07.2026,,544,,,
https://www.accordtour.com/tours/8436/vsi_avtobusni_tury/italiia,"Пригоди невгамовних або ще більше Італії: 3 дні в Римі, Верона, Флоренція, Болонья і Венеція",20.07.2026,,544,,,
https://www.accordtour.com/tours/8436/vsi_avtobusni_tury/italiia,"Пригоди невгамовних або ще більше Італії: 3 дні в Римі, Верона, Флоренція, Болонья і Венеція",24.07.2026,,544,,,
https://www.accordtour.com/tours/8436/vsi_avtobusni_tury/italiia,"Пригоди невгамовних або ще більше Італії: 3 дні в Римі, Верона, Флоренція, Болонья і Венеція",28.07.2026,,544,,,
https://www.accordtour.com/tours/8436/vsi_avtobusni_tury/italiia,"Пригоди невгамовних або ще більше Італії: 3 дні в Римі, Верона, Флоренція, Болонья і Венеція",04.08.2026,,544,,,
https://www.accordtour.com/tours/8436/vsi_avtobusni_tury/italiia,"Пригоди невгамовних або ще більше Італії: 3 дні в Римі, Верона, Флоренція, Болонья і Венеція",09.08.2026,,544,,,
https://www.accordtour.com/tours/8436/vsi_avtobusni_tury/italiia,"Пригоди невгамовних або ще більше Італії: 3 дні в Римі, Верона, Флоренція, Болонья і Венеція",19.08.2026,,544,,,
https://www.accordtour.com/tours/8436/vsi_avtobusni_tury/italiia,"Пригоди невгамовних або ще більше Італії: 3 дні в Римі, Верона, Флоренція, Болонья і Венеція",22.08.2026,,544,,,
https://www.accordtour.com/tours/8436/vsi_avtobusni_tury/italiia,"Пригоди невгамовних або ще більше Італії: 3 дні в Римі, Верона, Флоренція, Болонья і Венеція",28.08.2026,,544,,,
https://www.accordtour.com/tours/8436/vsi_avtobusni_tury/italiia,"Пригоди невгамовних або ще більше Італії: 3 дні в Римі, Верона, Флоренція, Болонья і Венеція",29.08.2026,,544,,,
https://www.accordtour.com/tours/8436/vsi_avtobusni_tury/italiia,"Пригоди невгамовних або ще більше Італії: 3 дні в Римі, Верона, Флоренція, Болонья і Венеція",04.09.2026,,544,,,
https://www.accordtour.com/tours/8436/vsi_avtobusni_tury/italiia,"Пригоди невгамовних або ще більше Італії: 3 дні в Римі, Верона, Флоренція, Болонья і Венеція",12.09.2026,,544,,,
https://www.accordtour.com/tours/8436/vsi_avtobusni_tury/italiia,"Пригоди невгамовних або ще більше Італії: 3 дні в Римі, Верона, Флоренція, Болонья і Венеція",16.09.2026,,544,,,
https://www.accordtour.com/tours/8436/vsi_avtobusni_tury/italiia,"Пригоди невгамовних або ще більше Італії: 3 дні в Римі, Верона, Флоренція, Болонья і Венеція",17.09.2026,,544,,,
https://www.accordtour.com/tours/863,Найкращі хвилини в Італії!,23.05.2026,,311,,,
https://www.accordtour.com/tours/863,Найкращі хвилини в Італії!,27.05.2026,,311,,,
https://www.accordtour.com/tours/863,Найкращі хвилини в Італії!,29.05.2026,,311,,,
https://www.accordtour.com/tours/863,Найкращі хвилини в Італії!,31.05.2026,,311,,,
https://www.accordtour.com/tours/863,Найкращі хвилини в Італії!,06.06.2026,,311,,,
https://www.accordtour.com/tours/863,Найкращі хвилини в Італії!,12.06.2026,,311,,,
https://www.accordtour.com/tours/863,Найкращі хвилини в Італії!,21.06.2026,,311,,,
https://www.accordtour.com/tours/863,Найкращі хвилини в Італії!,26.06.2026,,311,,,
https://www.accordtour.com/tours/863,Найкращі хвилини в Італії!,28.06.2026,,311,,,
https://www.accordtour.com/tours/863,Найкращі хвилини в Італії!,03.07.2026,,311,,,
https://www.accordtour.com/tours/863,Найкращі хвилини в Італії!,11.07.2026,,311,,,
https://www.accordtour.com/tours/863,Найкращі хвилини в Італії!,15.07.2026,,311,,,
https://www.accordtour.com/tours/863,Найкращі хвилини в Італії!,19.07.2026,,311,,,
https://www.accordtour.com/tours/863,Найкращі хвилини в Італії!,24.07.2026,,311,,,
https://www.accordtour.com/tours/863,Найкращі хвилини в Італії!,28.07.2026,,311,,,
https://www.accordtour.com/tours/863,Найкращі хвилини в Італії!,05.08.2026,,311,,,
https://www.accordtour.com/tours/863,Найкращі хвилини в Італії!,09.08.2026,,311,,,
https://www.accordtour.com/tours/863,Найкращі хвилини в Італії!,15.08.2026,,311,,,
https://www.accordtour.com/tours/863,Найкращі хвилини в Італії!,22.08.2026,,311,,,
https://www.accordtour.com/tours/863,Найкращі хвилини в Італії!,28.08.2026,,311,,,
https://www.accordtour.com/tours/863,Найкращі хвилини в Італії!,29.08.2026,,311,,,
https://www.accordtour.com/tours/863,Найкращі хвилини в Італії!,04.09.2026,,311,,,
https://www.accordtour.com/tours/863,Найкращі хвилини в Італії!,05.09.2026,,311,,,
https://www.accordtour.com/tours/863,Найкращі хвилини в Італії!,12.09.2026,,311,,,
https://www.accordtour.com/tours/8366,"Стильна Італія... Трієст, Мілан, озеро Комо, Верона!",29.05.2026,,356,,,
https://www.accordtour.com/tours/8366,"Стильна Італія... Трієст, Мілан, озеро Комо, Верона!",06.06.2026,,356,,,
https://www.accordtour.com/tours/8366,"Стильна Італія... Трієст, Мілан, озеро Комо, Верона!",09.06.2026,,356,,,
https://www.accordtour.com/tours/8366,"Стильна Італія... Трієст, Мілан, озеро Комо, Верона!",10.06.2026,,356,,,
https://www.accordtour.com/tours/8366,"Стильна Італія... Трієст, Мілан, озеро Комо, Верона!",11.06.2026,,356,,,
https://www.accordtour.com/tours/8366,"Стильна Італія... Трієст, Мілан, озеро Комо, Верона!",21.06.2026,,356,,,
https://www.accordtour.com/tours/8366,"Стильна Італія... Трієст, Мілан, озеро Комо, Верона!",26.06.2026,,356,,,
https://www.accordtour.com/tours/8366,"Стильна Італія... Трієст, Мілан, озеро Комо, Верона!",03.07.2026,,356,,,
https://www.accordtour.com/tours/8366,"Стильна Італія... Трієст, Мілан, озеро Комо, Верона!",15.07.2026,,356,,,
https://www.accordtour.com/tours/8366,"Стильна Італія... Трієст, Мілан, озеро Комо, Верона!",19.07.2026,,356,,,
https://www.accordtour.com/tours/8366,"Стильна Італія... Трієст, Мілан, озеро Комо, Верона!",20.07.2026,,356,,,
https://www.accordtour.com/tours/8366,"Стильна Італія... Трієст, Мілан, озеро Комо, Верона!",24.07.2026,,356,,,
https://www.accordtour.com/tours/8366,"Стильна Італія... Трієст, Мілан, озеро Комо, Верона!",28.07.2026,,356,,,
https://www.accordtour.com/tours/8366,"Стильна Італія... Трієст, Мілан, озеро Комо, Верона!",04.08.2026,,356,,,
https://www.accordtour.com/tours/8366,"Стильна Італія... Трієст, Мілан, озеро Комо, Верона!",09.08.2026,,356,,,
https://www.accordtour.com/tours/8366,"Стильна Італія... Трієст, Мілан, озеро Комо, Верона!",19.08.2026,,356,,,
https://www.accordtour.com/tours/8366,"Стильна Італія... Трієст, Мілан, озеро Комо, Верона!",22.08.2026,,356,,,
https://www.accordtour.com/tours/8366,"Стильна Італія... Трієст, Мілан, озеро Комо, Верона!",28.08.2026,,356,,,
https://www.accordtour.com/tours/8366,"Стильна Італія... Трієст, Мілан, озеро Комо, Верона!",29.08.2026,,356,,,
https://www.accordtour.com/tours/8366,"Стильна Італія... Трієст, Мілан, озеро Комо, Верона!",04.09.2026,,356,,,
https://www.accordtour.com/tours/8366,"Стильна Італія... Трієст, Мілан, озеро Комо, Верона!",12.09.2026,,356,,,
https://www.accordtour.com/tours/8366,"Стильна Італія... Трієст, Мілан, озеро Комо, Верона!",16.09.2026,,356,,,
https://www.accordtour.com/tours/8366,"Стильна Італія... Трієст, Мілан, озеро Комо, Верона!",17.09.2026,,356,,,
https://www.accordtour.com/tours/8366,"Стильна Італія... Трієст, Мілан, озеро Комо, Верона!",18.09.2026,,356,,,
https://www.accordtour.com/tours/881365/vsi_avtobusni_tury/avstrii,"Вікенд на трьох! Краків, Відень, Будапешт",28.05.2026,,158,,,
https://www.accordtour.com/tours/881365/vsi_avtobusni_tury/avstrii,"Вікенд на трьох! Краків, Відень, Будапешт",29.05.2026,,158,,,
https://www.accordtour.com/tours/881365/vsi_avtobusni_tury/avstrii,"Вікенд на трьох! Краків, Відень, Будапешт",04.06.2026,,158,,,
https://www.accordtour.com/tours/881365/vsi_avtobusni_tury/avstrii,"Вікенд на трьох! Краків, Відень, Будапешт",06.06.2026,,158,,,
https://www.accordtour.com/tours/881365/vsi_avtobusni_tury/avstrii,"Вікенд на трьох! Краків, Відень, Будапешт",08.06.2026,,158,,,
https://www.accordtour.com/tours/881365/vsi_avtobusni_tury/avstrii,"Вікенд на трьох! Краків, Відень, Будапешт",09.06.2026,,158,,,
https://www.accordtour.com/tours/881365/vsi_avtobusni_tury/avstrii,"Вікенд на трьох! Краків, Відень, Будапешт",10.06.2026,,158,,,
https://www.accordtour.com/tours/881365/vsi_avtobusni_tury/avstrii,"Вікенд на трьох! Краків, Відень, Будапешт",11.06.2026,,158,,,
https://www.accordtour.com/tours/881365/vsi_avtobusni_tury/avstrii,"Вікенд на трьох! Краків, Відень, Будапешт",13.06.2026,,158,,,
https://www.accordtour.com/tours/881365/vsi_avtobusni_tury/avstrii,"Вікенд на трьох! Краків, Відень, Будапешт",14.06.2026,,158,,,
https://www.accordtour.com/tours/881365/vsi_avtobusni_tury/avstrii,"Вікенд на трьох! Краків, Відень, Будапешт",15.06.2026,,158,,,
https://www.accordtour.com/tours/881365/vsi_avtobusni_tury/avstrii,"Вікенд на трьох! Краків, Відень, Будапешт",24.06.2026,,158,,,
https://www.accordtour.com/tours/881365/vsi_avtobusni_tury/avstrii,"Вікенд на трьох! Краків, Відень, Будапешт",26.06.2026,,158,,,
https://www.accordtour.com/tours/881365/vsi_avtobusni_tury/avstrii,"Вікенд на трьох! Краків, Відень, Будапешт",27.06.2026,,158,,,
https://www.accordtour.com/tours/881365/vsi_avtobusni_tury/avstrii,"Вікенд на трьох! Краків, Відень, Будапешт",28.06.2026,,158,,,
https://www.accordtour.com/tours/881365/vsi_avtobusni_tury/avstrii,"Вікенд на трьох! Краків, Відень, Будапешт",30.06.2026,,158,,,
https://www.accordtour.com/tours/881365/vsi_avtobusni_tury/avstrii,"Вікенд на трьох! Краків, Відень, Будапешт",03.07.2026,,158,,,
https://www.accordtour.com/tours/881365/vsi_avtobusni_tury/avstrii,"Вікенд на трьох! Краків, Відень, Будапешт",05.07.2026,,158,,,
https://www.accordtour.com/tours/881365/vsi_avtobusni_tury/avstrii,"Вікенд на трьох! Краків, Відень, Будапешт",06.07.2026,,158,,,
https://www.accordtour.com/tours/881365/vsi_avtobusni_tury/avstrii,"Вікенд на трьох! Краків, Відень, Будапешт",08.07.2026,,158,,,
https://www.accordtour.com/tours/881365/vsi_avtobusni_tury/avstrii,"Вікенд на трьох! Краків, Відень, Будапешт",11.07.2026,,158,,,
https://www.accordtour.com/tours/881365/vsi_avtobusni_tury/avstrii,"Вікенд на трьох! Краків, Відень, Будапешт",15.07.2026,,158,,,
https://www.accordtour.com/tours/881365/vsi_avtobusni_tury/avstrii,"Вікенд на трьох! Краків, Відень, Будапешт",16.07.2026,,158,,,
https://www.accordtour.com/tours/881365/vsi_avtobusni_tury/avstrii,"Вікенд на трьох! Краків, Відень, Будапешт",17.07.2026,,158,,,
https://www.accordtour.com/tours/881365/vsi_avtobusni_tury/avstrii,"Вікенд на трьох! Краків, Відень, Будапешт",18.07.2026,,158,,,
https://www.accordtour.com/tours/881365/vsi_avtobusni_tury/avstrii,"Вікенд на трьох! Краків, Відень, Будапешт",19.07.2026,,158,,,
https://www.accordtour.com/tours/8167,"Мелодії Альп... Швейцарія, Баварія, Австрія",27.05.2026,,263,,,
https://www.accordtour.com/tours/8167,"Мелодії Альп... Швейцарія, Баварія, Австрія",28.05.2026,,263,,,
https://www.accordtour.com/tours/8167,"Мелодії Альп... Швейцарія, Баварія, Австрія",29.05.2026,,263,,,
https://www.accordtour.com/tours/8167,"Мелодії Альп... Швейцарія, Баварія, Австрія",06.06.2026,,263,,,
https://www.accordtour.com/tours/8167,"Мелодії Альп... Швейцарія, Баварія, Австрія",11.06.2026,,263,,,
https://www.accordtour.com/tours/8167,"Мелодії Альп... Швейцарія, Баварія, Австрія",12.06.2026,,263,,,
https://www.accordtour.com/tours/8167,"Мелодії Альп... Швейцарія, Баварія, Австрія",13.06.2026,,263,,,
https://www.accordtour.com/tours/8167,"Мелодії Альп... Швейцарія, Баварія, Австрія",14.06.2026,,263,,,
https://www.accordtour.com/tours/8167,"Мелодії Альп... Швейцарія, Баварія, Австрія",17.06.2026,,263,,,
https://www.accordtour.com/tours/8167,"Мелодії Альп... Швейцарія, Баварія, Австрія",24.06.2026,,263,,,
https://www.accordtour.com/tours/8167,"Мелодії Альп... Швейцарія, Баварія, Австрія",26.06.2026,,263,,,
https://www.accordtour.com/tours/8167,"Мелодії Альп... Швейцарія, Баварія, Австрія",28.06.2026,,263,,,
https://www.accordtour.com/tours/8167,"Мелодії Альп... Швейцарія, Баварія, Австрія",02.07.2026,,263,,,
https://www.accordtour.com/tours/8167,"Мелодії Альп... Швейцарія, Баварія, Австрія",03.07.2026,,263,,,
https://www.accordtour.com/tours/8167,"Мелодії Альп... Швейцарія, Баварія, Австрія",05.07.2026,,263,,,
https://www.accordtour.com/tours/8167,"Мелодії Альп... Швейцарія, Баварія, Австрія",08.07.2026,,263,,,
https://www.accordtour.com/tours/8167,"Мелодії Альп... Швейцарія, Баварія, Австрія",11.07.2026,,263,,,
https://www.accordtour.com/tours/8167,"Мелодії Альп... Швейцарія, Баварія, Австрія",16.07.2026,,263,,,
https://www.accordtour.com/tours/8167,"Мелодії Альп... Швейцарія, Баварія, Австрія",17.07.2026,,263,,,
https://www.accordtour.com/tours/8167,"Мелодії Альп... Швейцарія, Баварія, Австрія",18.07.2026,,263,,,
https://www.accordtour.com/tours/8167,"Мелодії Альп... Швейцарія, Баварія, Австрія",19.07.2026,,263,,,
https://www.accordtour.com/tours/8167,"Мелодії Альп... Швейцарія, Баварія, Австрія",24.07.2026,,263,,,
https://www.accordtour.com/tours/8167,"Мелодії Альп... Швейцарія, Баварія, Австрія",28.07.2026,,263,,,
https://www.accordtour.com/tours/8167,"Мелодії Альп... Швейцарія, Баварія, Австрія",31.07.2026,,263,,,
https://www.accordtour.com/tours/8167,"Мелодії Альп... Швейцарія, Баварія, Австрія",01.08.2026,,263,,,
https://www.accordtour.com/tours/686081,Італійська пригода: 2 дні в Римі + Адріатичне узбережжя,29.05.2026,,357,,,
https://www.accordtour.com/tours/686081,Італійська пригода: 2 дні в Римі + Адріатичне узбережжя,06.06.2026,,357,,,
https://www.accordtour.com/tours/686081,Італійська пригода: 2 дні в Римі + Адріатичне узбережжя,08.06.2026,,357,,,
https://www.accordtour.com/tours/686081,Італійська пригода: 2 дні в Римі + Адріатичне узбережжя,11.06.2026,,357,,,
https://www.accordtour.com/tours/686081,Італійська пригода: 2 дні в Римі + Адріатичне узбережжя,21.06.2026,,357,,,
https://www.accordtour.com/tours/686081,Італійська пригода: 2 дні в Римі + Адріатичне узбережжя,26.06.2026,,357,,,
https://www.accordtour.com/tours/686081,Італійська пригода: 2 дні в Римі + Адріатичне узбережжя,03.07.2026,,357,,,
https://www.accordtour.com/tours/686081,Італійська пригода: 2 дні в Римі + Адріатичне узбережжя,15.07.2026,,357,,,
https://www.accordtour.com/tours/686081,Італійська пригода: 2 дні в Римі + Адріатичне узбережжя,19.07.2026,,357,,,
https://www.accordtour.com/tours/686081,Італійська пригода: 2 дні в Римі + Адріатичне узбережжя,20.07.2026,,357,,,
https://www.accordtour.com/tours/686081,Італійська пригода: 2 дні в Римі + Адріатичне узбережжя,24.07.2026,,357,,,
https://www.accordtour.com/tours/686081,Італійська пригода: 2 дні в Римі + Адріатичне узбережжя,28.07.2026,,357,,,
https://www.accordtour.com/tours/686081,Італійська пригода: 2 дні в Римі + Адріатичне узбережжя,04.08.2026,,357,,,
https://www.accordtour.com/tours/686081,Італійська пригода: 2 дні в Римі + Адріатичне узбережжя,09.08.2026,,357,,,
https://www.accordtour.com/tours/686081,Італійська пригода: 2 дні в Римі + Адріатичне узбережжя,19.08.2026,,357,,,
https://www.accordtour.com/tours/686081,Італійська пригода: 2 дні в Римі + Адріатичне узбережжя,22.08.2026,,357,,,
https://www.accordtour.com/tours/686081,Італійська пригода: 2 дні в Римі + Адріатичне узбережжя,28.08.2026,,357,,,
https://www.accordtour.com/tours/686081,Італійська пригода: 2 дні в Римі + Адріатичне узбережжя,29.08.2026,,357,,,
https://www.accordtour.com/tours/686081,Італійська пригода: 2 дні в Римі + Адріатичне узбережжя,04.09.2026,,357,,,
https://www.accordtour.com/tours/686081,Італійська пригода: 2 дні в Римі + Адріатичне узбережжя,12.09.2026,,357,,,
https://www.accordtour.com/tours/686081,Італійська пригода: 2 дні в Римі + Адріатичне узбережжя,16.09.2026,,357,,,
https://www.accordtour.com/tours/686081,Італійська пригода: 2 дні в Римі + Адріатичне узбережжя,17.09.2026,,357,,,
https://www.accordtour.com/tours/686081,Італійська пригода: 2 дні в Римі + Адріатичне узбережжя,18.09.2026,,357,,,
https://www.accordtour.com/tours/686081,Італійська пригода: 2 дні в Римі + Адріатичне узбережжя,22.09.2026,,357,,,
https://www.accordtour.com/tours/660106/tab/tab_price/tour_date/2026-04-29/cls_number_adult_cnt/%7B1:1%7D/cls_number_child_age/%7B%7D/tour_include_ins/true,"Морський вікенд: 2 дні на морі Порторож, Лідо ді Єзоло і Венеція",29.05.2026,,168,,,
https://www.accordtour.com/tours/660106/tab/tab_price/tour_date/2026-04-29/cls_number_adult_cnt/%7B1:1%7D/cls_number_child_age/%7B%7D/tour_include_ins/true,"Морський вікенд: 2 дні на морі Порторож, Лідо ді Єзоло і Венеція",04.06.2026,,168,,,
https://www.accordtour.com/tours/660106/tab/tab_price/tour_date/2026-04-29/cls_number_adult_cnt/%7B1:1%7D/cls_number_child_age/%7B%7D/tour_include_ins/true,"Морський вікенд: 2 дні на морі Порторож, Лідо ді Єзоло і Венеція",06.06.2026,,168,,,
https://www.accordtour.com/tours/660106/tab/tab_price/tour_date/2026-04-29/cls_number_adult_cnt/%7B1:1%7D/cls_number_child_age/%7B%7D/tour_include_ins/true,"Морський вікенд: 2 дні на морі Порторож, Лідо ді Єзоло і Венеція",08.06.2026,,168,,,
https://www.accordtour.com/tours/660106/tab/tab_price/tour_date/2026-04-29/cls_number_adult_cnt/%7B1:1%7D/cls_number_child_age/%7B%7D/tour_include_ins/true,"Морський вікенд: 2 дні на морі Порторож, Лідо ді Єзоло і Венеція",09.06.2026,,168,,,
https://www.accordtour.com/tours/660106/tab/tab_price/tour_date/2026-04-29/cls_number_adult_cnt/%7B1:1%7D/cls_number_child_age/%7B%7D/tour_include_ins/true,"Морський вікенд: 2 дні на морі Порторож, Лідо ді Єзоло і Венеція",10.06.2026,,168,,,
https://www.accordtour.com/tours/660106/tab/tab_price/tour_date/2026-04-29/cls_number_adult_cnt/%7B1:1%7D/cls_number_child_age/%7B%7D/tour_include_ins/true,"Морський вікенд: 2 дні на морі Порторож, Лідо ді Єзоло і Венеція",11.06.2026,,168,,,
https://www.accordtour.com/tours/660106/tab/tab_price/tour_date/2026-04-29/cls_number_adult_cnt/%7B1:1%7D/cls_number_child_age/%7B%7D/tour_include_ins/true,"Морський вікенд: 2 дні на морі Порторож, Лідо ді Єзоло і Венеція",21.06.2026,,168,,,
https://www.accordtour.com/tours/660106/tab/tab_price/tour_date/2026-04-29/cls_number_adult_cnt/%7B1:1%7D/cls_number_child_age/%7B%7D/tour_include_ins/true,"Морський вікенд: 2 дні на морі Порторож, Лідо ді Єзоло і Венеція",22.06.2026,,168,,,
https://www.accordtour.com/tours/660106/tab/tab_price/tour_date/2026-04-29/cls_number_adult_cnt/%7B1:1%7D/cls_number_child_age/%7B%7D/tour_include_ins/true,"Морський вікенд: 2 дні на морі Порторож, Лідо ді Єзоло і Венеція",25.06.2026,,168,,,
https://www.accordtour.com/tours/660106/tab/tab_price/tour_date/2026-04-29/cls_number_adult_cnt/%7B1:1%7D/cls_number_child_age/%7B%7D/tour_include_ins/true,"Морський вікенд: 2 дні на морі Порторож, Лідо ді Єзоло і Венеція",26.06.2026,,168,,,
https://www.accordtour.com/tours/660106/tab/tab_price/tour_date/2026-04-29/cls_number_adult_cnt/%7B1:1%7D/cls_number_child_age/%7B%7D/tour_include_ins/true,"Морський вікенд: 2 дні на морі Порторож, Лідо ді Єзоло і Венеція",27.06.2026,,168,,,
https://www.accordtour.com/tours/660106/tab/tab_price/tour_date/2026-04-29/cls_number_adult_cnt/%7B1:1%7D/cls_number_child_age/%7B%7D/tour_include_ins/true,"Морський вікенд: 2 дні на морі Порторож, Лідо ді Єзоло і Венеція",28.06.2026,,168,,,
https://www.accordtour.com/tours/660106/tab/tab_price/tour_date/2026-04-29/cls_number_adult_cnt/%7B1:1%7D/cls_number_child_age/%7B%7D/tour_include_ins/true,"Морський вікенд: 2 дні на морі Порторож, Лідо ді Єзоло і Венеція",03.07.2026,,168,,,
https://www.accordtour.com/tours/660106/tab/tab_price/tour_date/2026-04-29/cls_number_adult_cnt/%7B1:1%7D/cls_number_child_age/%7B%7D/tour_include_ins/true,"Морський вікенд: 2 дні на морі Порторож, Лідо ді Єзоло і Венеція",04.07.2026,,168,,,
https://www.accordtour.com/tours/660106/tab/tab_price/tour_date/2026-04-29/cls_number_adult_cnt/%7B1:1%7D/cls_number_child_age/%7B%7D/tour_include_ins/true,"Морський вікенд: 2 дні на морі Порторож, Лідо ді Єзоло і Венеція",05.07.2026,,168,,,
https://www.accordtour.com/tours/660106/tab/tab_price/tour_date/2026-04-29/cls_number_adult_cnt/%7B1:1%7D/cls_number_child_age/%7B%7D/tour_include_ins/true,"Морський вікенд: 2 дні на морі Порторож, Лідо ді Єзоло і Венеція",15.07.2026,,168,,,
https://www.accordtour.com/tours/660106/tab/tab_price/tour_date/2026-04-29/cls_number_adult_cnt/%7B1:1%7D/cls_number_child_age/%7B%7D/tour_include_ins/true,"Морський вікенд: 2 дні на морі Порторож, Лідо ді Єзоло і Венеція",19.07.2026,,168,,,
https://www.accordtour.com/tours/660106/tab/tab_price/tour_date/2026-04-29/cls_number_adult_cnt/%7B1:1%7D/cls_number_child_age/%7B%7D/tour_include_ins/true,"Морський вікенд: 2 дні на морі Порторож, Лідо ді Єзоло і Венеція",20.07.2026,,168,,,
https://www.accordtour.com/tours/660106/tab/tab_price/tour_date/2026-04-29/cls_number_adult_cnt/%7B1:1%7D/cls_number_child_age/%7B%7D/tour_include_ins/true,"Морський вікенд: 2 дні на морі Порторож, Лідо ді Єзоло і Венеція",24.07.2026,,168,,,
https://www.accordtour.com/tours/660106/tab/tab_price/tour_date/2026-04-29/cls_number_adult_cnt/%7B1:1%7D/cls_number_child_age/%7B%7D/tour_include_ins/true,"Морський вікенд: 2 дні на морі Порторож, Лідо ді Єзоло і Венеція",27.07.2026,,168,,,
https://www.accordtour.com/tours/660106/tab/tab_price/tour_date/2026-04-29/cls_number_adult_cnt/%7B1:1%7D/cls_number_child_age/%7B%7D/tour_include_ins/true,"Морський вікенд: 2 дні на морі Порторож, Лідо ді Єзоло і Венеція",28.07.2026,,168,,,
https://www.accordtour.com/tours/660106/tab/tab_price/tour_date/2026-04-29/cls_number_adult_cnt/%7B1:1%7D/cls_number_child_age/%7B%7D/tour_include_ins/true,"Морський вікенд: 2 дні на морі Порторож, Лідо ді Єзоло і Венеція",04.08.2026,,168,,,
https://www.accordtour.com/tours/660106/tab/tab_price/tour_date/2026-04-29/cls_number_adult_cnt/%7B1:1%7D/cls_number_child_age/%7B%7D/tour_include_ins/true,"Морський вікенд: 2 дні на морі Порторож, Лідо ді Єзоло і Венеція",09.08.2026,,168,,,
https://www.accordtour.com/tours/660106/tab/tab_price/tour_date/2026-04-29/cls_number_adult_cnt/%7B1:1%7D/cls_number_child_age/%7B%7D/tour_include_ins/true,"Морський вікенд: 2 дні на морі Порторож, Лідо ді Єзоло і Венеція",13.08.2026,,168,,,
https://www.accordtour.com/tours/8335/tab/tab_price/tour_date/2026-05-07/cls_number_adult_cnt/%7B1:1%7D/cls_number_child_age/%7B%7D/tour_include_ins/true,Ритми моди: Париж+Мілан,27.05.2026,,471,,,
https://www.accordtour.com/tours/8335/tab/tab_price/tour_date/2026-05-07/cls_number_adult_cnt/%7B1:1%7D/cls_number_child_age/%7B%7D/tour_include_ins/true,Ритми моди: Париж+Мілан,29.05.2026,,471,,,
https://www.accordtour.com/tours/8335/tab/tab_price/tour_date/2026-05-07/cls_number_adult_cnt/%7B1:1%7D/cls_number_child_age/%7B%7D/tour_include_ins/true,Ритми моди: Париж+Мілан,06.06.2026,,471,,,
https://www.accordtour.com/tours/8335/tab/tab_price/tour_date/2026-05-07/cls_number_adult_cnt/%7B1:1%7D/cls_number_child_age/%7B%7D/tour_include_ins/true,Ритми моди: Париж+Мілан,08.06.2026,,471,,,
https://www.accordtour.com/tours/8335/tab/tab_price/tour_date/2026-05-07/cls_number_adult_cnt/%7B1:1%7D/cls_number_child_age/%7B%7D/tour_include_ins/true,Ритми моди: Париж+Мілан,11.06.2026,,471,,,
https://www.accordtour.com/tours/8335/tab/tab_price/tour_date/2026-05-07/cls_number_adult_cnt/%7B1:1%7D/cls_number_child_age/%7B%7D/tour_include_ins/true,Ритми моди: Париж+Мілан,13.06.2026,,471,,,
https://www.accordtour.com/tours/8335/tab/tab_price/tour_date/2026-05-07/cls_number_adult_cnt/%7B1:1%7D/cls_number_child_age/%7B%7D/tour_include_ins/true,Ритми моди: Париж+Мілан,14.06.2026,,471,,,
https://www.accordtour.com/tours/8335/tab/tab_price/tour_date/2026-05-07/cls_number_adult_cnt/%7B1:1%7D/cls_number_child_age/%7B%7D/tour_include_ins/true,Ритми моди: Париж+Мілан,15.06.2026,,471,,,
https://www.accordtour.com/tours/8335/tab/tab_price/tour_date/2026-05-07/cls_number_adult_cnt/%7B1:1%7D/cls_number_child_age/%7B%7D/tour_include_ins/true,Ритми моди: Париж+Мілан,24.06.2026,,471,,,
https://www.accordtour.com/tours/8335/tab/tab_price/tour_date/2026-05-07/cls_number_adult_cnt/%7B1:1%7D/cls_number_child_age/%7B%7D/tour_include_ins/true,Ритми моди: Париж+Мілан,26.06.2026,,471,,,
https://www.accordtour.com/tours/8335/tab/tab_price/tour_date/2026-05-07/cls_number_adult_cnt/%7B1:1%7D/cls_number_child_age/%7B%7D/tour_include_ins/true,Ритми моди: Париж+Мілан,28.06.2026,,471,,,
https://www.accordtour.com/tours/8335/tab/tab_price/tour_date/2026-05-07/cls_number_adult_cnt/%7B1:1%7D/cls_number_child_age/%7B%7D/tour_include_ins/true,Ритми моди: Париж+Мілан,30.06.2026,,471,,,
https://www.accordtour.com/tours/8335/tab/tab_price/tour_date/2026-05-07/cls_number_adult_cnt/%7B1:1%7D/cls_number_child_age/%7B%7D/tour_include_ins/true,Ритми моди: Париж+Мілан,05.07.2026,,471,,,
https://www.accordtour.com/tours/8335/tab/tab_price/tour_date/2026-05-07/cls_number_adult_cnt/%7B1:1%7D/cls_number_child_age/%7B%7D/tour_include_ins/true,Ритми моди: Париж+Мілан,06.07.2026,,471,,,
https://www.accordtour.com/tours/8335/tab/tab_price/tour_date/2026-05-07/cls_number_adult_cnt/%7B1:1%7D/cls_number_child_age/%7B%7D/tour_include_ins/true,Ритми моди: Париж+Мілан,08.07.2026,,471,,,
https://www.accordtour.com/tours/8335/tab/tab_price/tour_date/2026-05-07/cls_number_adult_cnt/%7B1:1%7D/cls_number_child_age/%7B%7D/tour_include_ins/true,Ритми моди: Париж+Мілан,15.07.2026,,471,,,
https://www.accordtour.com/tours/8335/tab/tab_price/tour_date/2026-05-07/cls_number_adult_cnt/%7B1:1%7D/cls_number_child_age/%7B%7D/tour_include_ins/true,Ритми моди: Париж+Мілан,18.07.2026,,471,,,
https://www.accordtour.com/tours/8335/tab/tab_price/tour_date/2026-05-07/cls_number_adult_cnt/%7B1:1%7D/cls_number_child_age/%7B%7D/tour_include_ins/true,Ритми моди: Париж+Мілан,20.07.2026,,471,,,
https://www.accordtour.com/tours/8335/tab/tab_price/tour_date/2026-05-07/cls_number_adult_cnt/%7B1:1%7D/cls_number_child_age/%7B%7D/tour_include_ins/true,Ритми моди: Париж+Мілан,24.07.2026,,471,,,
https://www.accordtour.com/tours/8335/tab/tab_price/tour_date/2026-05-07/cls_number_adult_cnt/%7B1:1%7D/cls_number_child_age/%7B%7D/tour_include_ins/true,Ритми моди: Париж+Мілан,28.07.2026,,471,,,
https://www.accordtour.com/tours/8335/tab/tab_price/tour_date/2026-05-07/cls_number_adult_cnt/%7B1:1%7D/cls_number_child_age/%7B%7D/tour_include_ins/true,Ритми моди: Париж+Мілан,31.07.2026,,471,,,
https://www.accordtour.com/tours/8335/tab/tab_price/tour_date/2026-05-07/cls_number_adult_cnt/%7B1:1%7D/cls_number_child_age/%7B%7D/tour_include_ins/true,Ритми моди: Париж+Мілан,02.08.2026,,471,,,
https://www.accordtour.com/tours/8335/tab/tab_price/tour_date/2026-05-07/cls_number_adult_cnt/%7B1:1%7D/cls_number_child_age/%7B%7D/tour_include_ins/true,Ритми моди: Париж+Мілан,04.08.2026,,471,,,
https://www.accordtour.com/tours/8335/tab/tab_price/tour_date/2026-05-07/cls_number_adult_cnt/%7B1:1%7D/cls_number_child_age/%7B%7D/tour_include_ins/true,Ритми моди: Париж+Мілан,09.08.2026,,471,,,
https://www.accordtour.com/tours/8335/tab/tab_price/tour_date/2026-05-07/cls_number_adult_cnt/%7B1:1%7D/cls_number_child_age/%7B%7D/tour_include_ins/true,Ритми моди: Париж+Мілан,14.08.2026,,471,,,
https://www.accordtour.com/tours/1030,Фіорди Півночі!!!,30.05.2026,,546,,,
https://www.accordtour.com/tours/1030,Фіорди Півночі!!!,31.05.2026,,546,,,
https://www.accordtour.com/tours/1030,Фіорди Півночі!!!,06.06.2026,,546,,,
https://www.accordtour.com/tours/1030,Фіорди Півночі!!!,07.06.2026,,546,,,
https://www.accordtour.com/tours/1030,Фіорди Півночі!!!,13.06.2026,,546,,,
https://www.accordtour.com/tours/1030,Фіорди Півночі!!!,14.06.2026,,546,,,
https://www.accordtour.com/tours/1030,Фіорди Півночі!!!,20.06.2026,,546,,,
https://www.accordtour.com/tours/1030,Фіорди Півночі!!!,21.06.2026,,546,,,
https://www.accordtour.com/tours/1030,Фіорди Півночі!!!,27.06.2026,,546,,,
https://www.accordtour.com/tours/1030,Фіорди Півночі!!!,28.06.2026,,546,,,
https://www.accordtour.com/tours/1030,Фіорди Півночі!!!,04.07.2026,,546,,,
https://www.accordtour.com/tours/1030,Фіорди Півночі!!!,05.07.2026,,546,,,
https://www.accordtour.com/tours/1030,Фіорди Півночі!!!,11.07.2026,,546,,,
https://www.accordtour.com/tours/1030,Фіорди Півночі!!!,12.07.2026,,546,,,
https://www.accordtour.com/tours/1030,Фіорди Півночі!!!,18.07.2026,,546,,,
https://www.accordtour.com/tours/1030,Фіорди Півночі!!!,19.07.2026,,546,,,
https://www.accordtour.com/tours/1030,Фіорди Півночі!!!,25.07.2026,,546,,,
https://www.accordtour.com/tours/1030,Фіорди Півночі!!!,26.07.2026,,546,,,
https://www.accordtour.com/tours/1030,Фіорди Півночі!!!,01.08.2026,,546,,,
https://www.accordtour.com/tours/1030,Фіорди Півночі!!!,02.08.2026,,546,,,
https://www.accordtour.com/tours/1030,Фіорди Півночі!!!,08.08.2026,,546,,,
https://www.accordtour.com/tours/1030,Фіорди Півночі!!!,09.08.2026,,546,,,
https://www.accordtour.com/tours/1030,Фіорди Півночі!!!,15.08.2026,,546,,,
https://www.accordtour.com/tours/1030,Фіорди Півночі!!!,16.08.2026,,546,,,
https://www.accordtour.com/tours/1030,Фіорди Півночі!!!,22.08.2026,,546,,,
https://www.accordtour.com/tours/866106,Мрії серед Альп... Швейцарія + Ельзас,29.05.2026,,269,,,
https://www.accordtour.com/tours/866106,Мрії серед Альп... Швейцарія + Ельзас,31.05.2026,,269,,,
https://www.accordtour.com/tours/866106,Мрії серед Альп... Швейцарія + Ельзас,06.06.2026,,269,,,
https://www.accordtour.com/tours/866106,Мрії серед Альп... Швейцарія + Ельзас,13.06.2026,,269,,,
https://www.accordtour.com/tours/866106,Мрії серед Альп... Швейцарія + Ельзас,14.06.2026,,269,,,
https://www.accordtour.com/tours/866106,Мрії серед Альп... Швейцарія + Ельзас,18.06.2026,,269,,,
https://www.accordtour.com/tours/866106,Мрії серед Альп... Швейцарія + Ельзас,27.06.2026,,269,,,
https://www.accordtour.com/tours/866106,Мрії серед Альп... Швейцарія + Ельзас,28.06.2026,,269,,,
https://www.accordtour.com/tours/866106,Мрії серед Альп... Швейцарія + Ельзас,02.07.2026,,269,,,
https://www.accordtour.com/tours/866106,Мрії серед Альп... Швейцарія + Ельзас,05.07.2026,,269,,,
https://www.accordtour.com/tours/866106,Мрії серед Альп... Швейцарія + Ельзас,11.07.2026,,269,,,
https://www.accordtour.com/tours/866106,Мрії серед Альп... Швейцарія + Ельзас,18.07.2026,,269,,,
https://www.accordtour.com/tours/866106,Мрії серед Альп... Швейцарія + Ельзас,19.07.2026,,269,,,
https://www.accordtour.com/tours/866106,Мрії серед Альп... Швейцарія + Ельзас,24.07.2026,,269,,,
https://www.accordtour.com/tours/866106,Мрії серед Альп... Швейцарія + Ельзас,28.07.2026,,269,,,
https://www.accordtour.com/tours/866106,Мрії серед Альп... Швейцарія + Ельзас,01.08.2026,,269,,,
https://www.accordtour.com/tours/866106,Мрії серед Альп... Швейцарія + Ельзас,02.08.2026,,269,,,
https://www.accordtour.com/tours/866106,Мрії серед Альп... Швейцарія + Ельзас,09.08.2026,,269,,,
https://www.accordtour.com/tours/866106,Мрії серед Альп... Швейцарія + Ельзас,14.08.2026,,269,,,
https://www.accordtour.com/tours/866106,Мрії серед Альп... Швейцарія + Ельзас,15.08.2026,,269,,,
https://www.accordtour.com/tours/866106,Мрії серед Альп... Швейцарія + Ельзас,22.08.2026,,269,,,
https://www.accordtour.com/tours/866106,Мрії серед Альп... Швейцарія + Ельзас,23.08.2026,,269,,,
https://www.accordtour.com/tours/866106,Мрії серед Альп... Швейцарія + Ельзас,24.08.2026,,269,,,
https://www.accordtour.com/tours/866106,Мрії серед Альп... Швейцарія + Ельзас,29.08.2026,,269,,,
https://www.accordtour.com/tours/801366,"Мікс щасливих емоцій Ніцца, Монако, Портофіно",24.05.2026,,211,,,
https://www.accordtour.com/tours/801366,"Мікс щасливих емоцій Ніцца, Монако, Портофіно",29.05.2026,,211,,,
https://www.accordtour.com/tours/801366,"Мікс щасливих емоцій Ніцца, Монако, Портофіно",06.06.2026,,211,,,
https://www.accordtour.com/tours/801366,"Мікс щасливих емоцій Ніцца, Монако, Портофіно",11.06.2026,,211,,,
https://www.accordtour.com/tours/801366,"Мікс щасливих емоцій Ніцца, Монако, Портофіно",21.06.2026,,211,,,
https://www.accordtour.com/tours/801366,"Мікс щасливих емоцій Ніцца, Монако, Портофіно",26.06.2026,,211,,,
https://www.accordtour.com/tours/801366,"Мікс щасливих емоцій Ніцца, Монако, Портофіно",03.07.2026,,211,,,
https://www.accordtour.com/tours/801366,"Мікс щасливих емоцій Ніцца, Монако, Портофіно",19.07.2026,,211,,,
https://www.accordtour.com/tours/801366,"Мікс щасливих емоцій Ніцца, Монако, Портофіно",24.07.2026,,211,,,
https://www.accordtour.com/tours/801366,"Мікс щасливих емоцій Ніцца, Монако, Портофіно",28.07.2026,,211,,,
https://www.accordtour.com/tours/801366,"Мікс щасливих емоцій Ніцца, Монако, Портофіно",04.08.2026,,211,,,
https://www.accordtour.com/tours/801366,"Мікс щасливих емоцій Ніцца, Монако, Портофіно",09.08.2026,,211,,,
https://www.accordtour.com/tours/801366,"Мікс щасливих емоцій Ніцца, Монако, Портофіно",13.08.2026,,211,,,
https://www.accordtour.com/tours/801366,"Мікс щасливих емоцій Ніцца, Монако, Портофіно",19.08.2026,,211,,,
https://www.accordtour.com/tours/801366,"Мікс щасливих емоцій Ніцца, Монако, Портофіно",22.08.2026,,211,,,
https://www.accordtour.com/tours/801366,"Мікс щасливих емоцій Ніцца, Монако, Портофіно",28.08.2026,,211,,,
https://www.accordtour.com/tours/801366,"Мікс щасливих емоцій Ніцца, Монако, Портофіно",29.08.2026,,211,,,
https://www.accordtour.com/tours/801366,"Мікс щасливих емоцій Ніцца, Монако, Портофіно",04.09.2026,,211,,,
https://www.accordtour.com/tours/801366,"Мікс щасливих емоцій Ніцца, Монако, Портофіно",12.09.2026,,211,,,
https://www.accordtour.com/tours/801366,"Мікс щасливих емоцій Ніцца, Монако, Портофіно",18.09.2026,,211,,,
https://www.accordtour.com/tours/801366,"Мікс щасливих емоцій Ніцца, Монако, Портофіно",22.09.2026,,211,,,
https://www.accordtour.com/tours/801366,"Мікс щасливих емоцій Ніцца, Монако, Портофіно",02.10.2026,,211,,,
https://www.accordtour.com/tours/801366,"Мікс щасливих емоцій Ніцца, Монако, Портофіно",14.10.2026,,211,,,
https://www.accordtour.com/tours/7936,Три щасливі дні Прага + Дрезден,28.05.2026,,195,,,
https://www.accordtour.com/tours/7936,Три щасливі дні Прага + Дрезден,29.05.2026,,195,,,
https://www.accordtour.com/tours/7936,Три щасливі дні Прага + Дрезден,06.06.2026,,195,,,
https://www.accordtour.com/tours/7936,Три щасливі дні Прага + Дрезден,12.06.2026,,195,,,
https://www.accordtour.com/tours/7936,Три щасливі дні Прага + Дрезден,14.06.2026,,195,,,
https://www.accordtour.com/tours/7936,Три щасливі дні Прага + Дрезден,18.06.2026,,195,,,
https://www.accordtour.com/tours/7936,Три щасливі дні Прага + Дрезден,26.06.2026,,195,,,
https://www.accordtour.com/tours/7936,Три щасливі дні Прага + Дрезден,28.06.2026,,195,,,
https://www.accordtour.com/tours/7936,Три щасливі дні Прага + Дрезден,03.07.2026,,195,,,
https://www.accordtour.com/tours/7936,Три щасливі дні Прага + Дрезден,10.07.2026,,195,,,
https://www.accordtour.com/tours/7936,Три щасливі дні Прага + Дрезден,11.07.2026,,195,,,
https://www.accordtour.com/tours/7936,Три щасливі дні Прага + Дрезден,17.07.2026,,195,,,
https://www.accordtour.com/tours/7936,Три щасливі дні Прага + Дрезден,18.07.2026,,195,,,
https://www.accordtour.com/tours/7936,Три щасливі дні Прага + Дрезден,24.07.2026,,195,,,
https://www.accordtour.com/tours/7936,Три щасливі дні Прага + Дрезден,28.07.2026,,195,,,
https://www.accordtour.com/tours/7936,Три щасливі дні Прага + Дрезден,31.07.2026,,195,,,
https://www.accordtour.com/tours/7936,Три щасливі дні Прага + Дрезден,01.08.2026,,195,,,
https://www.accordtour.com/tours/7936,Три щасливі дні Прага + Дрезден,09.08.2026,,195,,,
https://www.accordtour.com/tours/7936,Три щасливі дні Прага + Дрезден,14.08.2026,,195,,,
https://www.accordtour.com/tours/7936,Три щасливі дні Прага + Дрезден,15.08.2026,,195,,,
https://www.accordtour.com/tours/7936,Три щасливі дні Прага + Дрезден,21.08.2026,,195,,,
https://www.accordtour.com/tours/7936,Три щасливі дні Прага + Дрезден,22.08.2026,,195,,,
https://www.accordtour.com/tours/7936,Три щасливі дні Прага + Дрезден,23.08.2026,,195,,,
https://www.accordtour.com/tours/7936,Три щасливі дні Прага + Дрезден,27.08.2026,,195,,,
https://www.accordtour.com/tours/7936,Три щасливі дні Прага + Дрезден,28.08.2026,,195,,,
https://www.accordtour.com/tours/1118173/tab/tab_price/tour_date/2026-04-26/cls_number_adult_cnt/%7B1:1%7D/cls_number_child_age/%7B%7D/tour_include_ins/true,Французький поцілунок!!!,29.05.2026,,230,,,
https://www.accordtour.com/tours/1118173/tab/tab_price/tour_date/2026-04-26/cls_number_adult_cnt/%7B1:1%7D/cls_number_child_age/%7B%7D/tour_include_ins/true,Французький поцілунок!!!,31.05.2026,,230,,,
https://www.accordtour.com/tours/1118173/tab/tab_price/tour_date/2026-04-26/cls_number_adult_cnt/%7B1:1%7D/cls_number_child_age/%7B%7D/tour_include_ins/true,Французький поцілунок!!!,05.06.2026,,230,,,
https://www.accordtour.com/tours/1118173/tab/tab_price/tour_date/2026-04-26/cls_number_adult_cnt/%7B1:1%7D/cls_number_child_age/%7B%7D/tour_include_ins/true,Французький поцілунок!!!,06.06.2026,,230,,,
https://www.accordtour.com/tours/1118173/tab/tab_price/tour_date/2026-04-26/cls_number_adult_cnt/%7B1:1%7D/cls_number_child_age/%7B%7D/tour_include_ins/true,Французький поцілунок!!!,09.06.2026,,230,,,
https://www.accordtour.com/tours/1118173/tab/tab_price/tour_date/2026-04-26/cls_number_adult_cnt/%7B1:1%7D/cls_number_child_age/%7B%7D/tour_include_ins/true,Французький поцілунок!!!,13.06.2026,,230,,,
https://www.accordtour.com/tours/1118173/tab/tab_price/tour_date/2026-04-26/cls_number_adult_cnt/%7B1:1%7D/cls_number_child_age/%7B%7D/tour_include_ins/true,Французький поцілунок!!!,14.06.2026,,230,,,
https://www.accordtour.com/tours/1118173/tab/tab_price/tour_date/2026-04-26/cls_number_adult_cnt/%7B1:1%7D/cls_number_child_age/%7B%7D/tour_include_ins/true,Французький поцілунок!!!,18.06.2026,,230,,,
https://www.accordtour.com/tours/1118173/tab/tab_price/tour_date/2026-04-26/cls_number_adult_cnt/%7B1:1%7D/cls_number_child_age/%7B%7D/tour_include_ins/true,Французький поцілунок!!!,26.06.2026,,230,,,
https://www.accordtour.com/tours/1118173/tab/tab_price/tour_date/2026-04-26/cls_number_adult_cnt/%7B1:1%7D/cls_number_child_age/%7B%7D/tour_include_ins/true,Французький поцілунок!!!,28.06.2026,,230,,,
https://www.accordtour.com/tours/1118173/tab/tab_price/tour_date/2026-04-26/cls_number_adult_cnt/%7B1:1%7D/cls_number_child_age/%7B%7D/tour_include_ins/true,Французький поцілунок!!!,30.06.2026,,230,,,
https://www.accordtour.com/tours/1118173/tab/tab_price/tour_date/2026-04-26/cls_number_adult_cnt/%7B1:1%7D/cls_number_child_age/%7B%7D/tour_include_ins/true,Французький поцілунок!!!,03.07.2026,,230,,,
https://www.accordtour.com/tours/1118173/tab/tab_price/tour_date/2026-04-26/cls_number_adult_cnt/%7B1:1%7D/cls_number_child_age/%7B%7D/tour_include_ins/true,Французький поцілунок!!!,05.07.2026,,230,,,
https://www.accordtour.com/tours/1118173/tab/tab_price/tour_date/2026-04-26/cls_number_adult_cnt/%7B1:1%7D/cls_number_child_age/%7B%7D/tour_include_ins/true,Французький поцілунок!!!,08.07.2026,,230,,,
https://www.accordtour.com/tours/1118173/tab/tab_price/tour_date/2026-04-26/cls_number_adult_cnt/%7B1:1%7D/cls_number_child_age/%7B%7D/tour_include_ins/true,Французький поцілунок!!!,11.07.2026,,230,,,
https://www.accordtour.com/tours/1118173/tab/tab_price/tour_date/2026-04-26/cls_number_adult_cnt/%7B1:1%7D/cls_number_child_age/%7B%7D/tour_include_ins/true,Французький поцілунок!!!,15.07.2026,,230,,,
https://www.accordtour.com/tours/1118173/tab/tab_price/tour_date/2026-04-26/cls_number_adult_cnt/%7B1:1%7D/cls_number_child_age/%7B%7D/tour_include_ins/true,Французький поцілунок!!!,18.07.2026,,230,,,
https://www.accordtour.com/tours/1118173/tab/tab_price/tour_date/2026-04-26/cls_number_adult_cnt/%7B1:1%7D/cls_number_child_age/%7B%7D/tour_include_ins/true,Французький поцілунок!!!,24.07.2026,,230,,,
https://www.accordtour.com/tours/1118173/tab/tab_price/tour_date/2026-04-26/cls_number_adult_cnt/%7B1:1%7D/cls_number_child_age/%7B%7D/tour_include_ins/true,Французький поцілунок!!!,28.07.2026,,230,,,
https://www.accordtour.com/tours/1118173/tab/tab_price/tour_date/2026-04-26/cls_number_adult_cnt/%7B1:1%7D/cls_number_child_age/%7B%7D/tour_include_ins/true,Французький поцілунок!!!,31.07.2026,,230,,,
https://www.accordtour.com/tours/1118173/tab/tab_price/tour_date/2026-04-26/cls_number_adult_cnt/%7B1:1%7D/cls_number_child_age/%7B%7D/tour_include_ins/true,Французький поцілунок!!!,02.08.2026,,230,,,
https://www.accordtour.com/tours/1118173/tab/tab_price/tour_date/2026-04-26/cls_number_adult_cnt/%7B1:1%7D/cls_number_child_age/%7B%7D/tour_include_ins/true,Французький поцілунок!!!,04.08.2026,,230,,,
https://www.accordtour.com/tours/1118173/tab/tab_price/tour_date/2026-04-26/cls_number_adult_cnt/%7B1:1%7D/cls_number_child_age/%7B%7D/tour_include_ins/true,Французький поцілунок!!!,09.08.2026,,230,,,
https://www.accordtour.com/tours/1118173/tab/tab_price/tour_date/2026-04-26/cls_number_adult_cnt/%7B1:1%7D/cls_number_child_age/%7B%7D/tour_include_ins/true,Французький поцілунок!!!,11.08.2026,,230,,,
https://www.accordtour.com/tours/1118173/tab/tab_price/tour_date/2026-04-26/cls_number_adult_cnt/%7B1:1%7D/cls_number_child_age/%7B%7D/tour_include_ins/true,Французький поцілунок!!!,14.08.2026,,230,,,
https://www.accordtour.com/tours/1118326,Вікенд з видом на море: відпочинок на Адріатичному морі Італії + Венеція,29.05.2026,,156,,,
https://www.accordtour.com/tours/1118326,Вікенд з видом на море: відпочинок на Адріатичному морі Італії + Венеція,04.06.2026,,156,,,
https://www.accordtour.com/tours/1118326,Вікенд з видом на море: відпочинок на Адріатичному морі Італії + Венеція,06.06.2026,,156,,,
https://www.accordtour.com/tours/1118326,Вікенд з видом на море: відпочинок на Адріатичному морі Італії + Венеція,08.06.2026,,156,,,
https://www.accordtour.com/tours/1118326,Вікенд з видом на море: відпочинок на Адріатичному морі Італії + Венеція,11.06.2026,,156,,,
https://www.accordtour.com/tours/1118326,Вікенд з видом на море: відпочинок на Адріатичному морі Італії + Венеція,21.06.2026,,156,,,
https://www.accordtour.com/tours/1118326,Вікенд з видом на море: відпочинок на Адріатичному морі Італії + Венеція,22.06.2026,,156,,,
https://www.accordtour.com/tours/1118326,Вікенд з видом на море: відпочинок на Адріатичному морі Італії + Венеція,26.06.2026,,156,,,
https://www.accordtour.com/tours/1118326,Вікенд з видом на море: відпочинок на Адріатичному морі Італії + Венеція,28.06.2026,,156,,,
https://www.accordtour.com/tours/1118326,Вікенд з видом на море: відпочинок на Адріатичному морі Італії + Венеція,03.07.2026,,156,,,
https://www.accordtour.com/tours/1118326,Вікенд з видом на море: відпочинок на Адріатичному морі Італії + Венеція,05.07.2026,,156,,,
https://www.accordtour.com/tours/1118326,Вікенд з видом на море: відпочинок на Адріатичному морі Італії + Венеція,15.07.2026,,156,,,
https://www.accordtour.com/tours/1118326,Вікенд з видом на море: відпочинок на Адріатичному морі Італії + Венеція,19.07.2026,,156,,,
https://www.accordtour.com/tours/1118326,Вікенд з видом на море: відпочинок на Адріатичному морі Італії + Венеція,20.07.2026,,156,,,
https://www.accordtour.com/tours/1118326,Вікенд з видом на море: відпочинок на Адріатичному морі Італії + Венеція,24.07.2026,,156,,,
https://www.accordtour.com/tours/1118326,Вікенд з видом на море: відпочинок на Адріатичному морі Італії + Венеція,27.07.2026,,156,,,
https://www.accordtour.com/tours/1118326,Вікенд з видом на море: відпочинок на Адріатичному морі Італії + Венеція,28.07.2026,,156,,,
https://www.accordtour.com/tours/1118326,Вікенд з видом на море: відпочинок на Адріатичному морі Італії + Венеція,04.08.2026,,156,,,
https://www.accordtour.com/tours/1118326,Вікенд з видом на море: відпочинок на Адріатичному морі Італії + Венеція,09.08.2026,,156,,,
https://www.accordtour.com/tours/1118326,Вікенд з видом на море: відпочинок на Адріатичному морі Італії + Венеція,13.08.2026,,156,,,
https://www.accordtour.com/tours/1118326,Вікенд з видом на море: відпочинок на Адріатичному морі Італії + Венеція,14.08.2026,,156,,,
https://www.accordtour.com/tours/1118326,Вікенд з видом на море: відпочинок на Адріатичному морі Італії + Венеція,19.08.2026,,156,,,
https://www.accordtour.com/tours/1118326,Вікенд з видом на море: відпочинок на Адріатичному морі Італії + Венеція,21.08.2026,,156,,,
https://www.accordtour.com/tours/1118326,Вікенд з видом на море: відпочинок на Адріатичному морі Італії + Венеція,22.08.2026,,156,,,
https://www.accordtour.com/tours/1118326,Вікенд з видом на море: відпочинок на Адріатичному морі Італії + Венеція,28.08.2026,,156,,,
https://www.accordtour.com/tours/681300,Грецький настрій: відпочинок на Егейському морі+Cалоніки+Метеори,29.05.2026,,228,,,
https://www.accordtour.com/tours/681300,Грецький настрій: відпочинок на Егейському морі+Cалоніки+Метеори,06.06.2026,,228,,,
https://www.accordtour.com/tours/681300,Грецький настрій: відпочинок на Егейському морі+Cалоніки+Метеори,10.06.2026,,228,,,
https://www.accordtour.com/tours/681300,Грецький настрій: відпочинок на Егейському морі+Cалоніки+Метеори,13.06.2026,,228,,,
https://www.accordtour.com/tours/681300,Грецький настрій: відпочинок на Егейському морі+Cалоніки+Метеори,16.06.2026,,228,,,
https://www.accordtour.com/tours/681300,Грецький настрій: відпочинок на Егейському морі+Cалоніки+Метеори,26.06.2026,,228,,,
https://www.accordtour.com/tours/681300,Грецький настрій: відпочинок на Егейському морі+Cалоніки+Метеори,29.06.2026,,228,,,
https://www.accordtour.com/tours/681300,Грецький настрій: відпочинок на Егейському морі+Cалоніки+Метеори,02.07.2026,,228,,,
https://www.accordtour.com/tours/681300,Грецький настрій: відпочинок на Егейському морі+Cалоніки+Метеори,08.07.2026,,228,,,
https://www.accordtour.com/tours/681300,Грецький настрій: відпочинок на Егейському морі+Cалоніки+Метеори,18.07.2026,,228,,,
https://www.accordtour.com/tours/681300,Грецький настрій: відпочинок на Егейському морі+Cалоніки+Метеори,23.07.2026,,228,,,
https://www.accordtour.com/tours/681300,Грецький настрій: відпочинок на Егейському морі+Cалоніки+Метеори,28.07.2026,,228,,,
https://www.accordtour.com/tours/681300,Грецький настрій: відпочинок на Егейському морі+Cалоніки+Метеори,30.07.2026,,228,,,
https://www.accordtour.com/tours/681300,Грецький настрій: відпочинок на Егейському морі+Cалоніки+Метеори,02.08.2026,,228,,,
https://www.accordtour.com/tours/681300,Грецький настрій: відпочинок на Егейському морі+Cалоніки+Метеори,09.08.2026,,228,,,
https://www.accordtour.com/tours/681300,Грецький настрій: відпочинок на Егейському морі+Cалоніки+Метеори,10.08.2026,,228,,,
https://www.accordtour.com/tours/681300,Грецький настрій: відпочинок на Егейському морі+Cалоніки+Метеори,17.08.2026,,228,,,
https://www.accordtour.com/tours/681300,Грецький настрій: відпочинок на Егейському морі+Cалоніки+Метеори,23.08.2026,,228,,,
https://www.accordtour.com/tours/681300,Грецький настрій: відпочинок на Егейському морі+Cалоніки+Метеори,29.08.2026,,228,,,
https://www.accordtour.com/tours/681300,Грецький настрій: відпочинок на Егейському морі+Cалоніки+Метеори,04.09.2026,,228,,,
https://www.accordtour.com/tours/681300,Грецький настрій: відпочинок на Егейському морі+Cалоніки+Метеори,12.09.2026,,228,,,
https://www.accordtour.com/tours/681300,Грецький настрій: відпочинок на Егейському морі+Cалоніки+Метеори,18.09.2026,,228,,,
https://www.accordtour.com/tours/681300,Грецький настрій: відпочинок на Егейському морі+Cалоніки+Метеори,21.09.2026,,228,,,
https://www.accordtour.com/tours/681300,Грецький настрій: відпочинок на Егейському морі+Cалоніки+Метеори,24.09.2026,,228,,,
https://www.accordtour.com/tours/7037/tab/tab_price/tour_date/2026-06-08/cls_number_adult_cnt/%7B1:1%7D/cls_number_child_age/%7B%7D/tour_include_ins/true,Натхненний вікенд в Трансільванії...,29.05.2026,,159,,,
https://www.accordtour.com/tours/7037/tab/tab_price/tour_date/2026-06-08/cls_number_adult_cnt/%7B1:1%7D/cls_number_child_age/%7B%7D/tour_include_ins/true,Натхненний вікенд в Трансільванії...,06.06.2026,,159,,,
https://www.accordtour.com/tours/7037/tab/tab_price/tour_date/2026-06-08/cls_number_adult_cnt/%7B1:1%7D/cls_number_child_age/%7B%7D/tour_include_ins/true,Натхненний вікенд в Трансільванії...,08.06.2026,,159,,,
https://www.accordtour.com/tours/7037/tab/tab_price/tour_date/2026-06-08/cls_number_adult_cnt/%7B1:1%7D/cls_number_child_age/%7B%7D/tour_include_ins/true,Натхненний вікенд в Трансільванії...,09.06.2026,,159,,,
https://www.accordtour.com/tours/7037/tab/tab_price/tour_date/2026-06-08/cls_number_adult_cnt/%7B1:1%7D/cls_number_child_age/%7B%7D/tour_include_ins/true,Натхненний вікенд в Трансільванії...,11.06.2026,,159,,,
https://www.accordtour.com/tours/7037/tab/tab_price/tour_date/2026-06-08/cls_number_adult_cnt/%7B1:1%7D/cls_number_child_age/%7B%7D/tour_include_ins/true,Натхненний вікенд в Трансільванії...,21.06.2026,,159,,,
https://www.accordtour.com/tours/7037/tab/tab_price/tour_date/2026-06-08/cls_number_adult_cnt/%7B1:1%7D/cls_number_child_age/%7B%7D/tour_include_ins/true,Натхненний вікенд в Трансільванії...,26.06.2026,,159,,,
https://www.accordtour.com/tours/7037/tab/tab_price/tour_date/2026-06-08/cls_number_adult_cnt/%7B1:1%7D/cls_number_child_age/%7B%7D/tour_include_ins/true,Натхненний вікенд в Трансільванії...,03.07.2026,,159,,,
https://www.accordtour.com/tours/7037/tab/tab_price/tour_date/2026-06-08/cls_number_adult_cnt/%7B1:1%7D/cls_number_child_age/%7B%7D/tour_include_ins/true,Натхненний вікенд в Трансільванії...,15.07.2026,,159,,,
https://www.accordtour.com/tours/7037/tab/tab_price/tour_date/2026-06-08/cls_number_adult_cnt/%7B1:1%7D/cls_number_child_age/%7B%7D/tour_include_ins/true,Натхненний вікенд в Трансільванії...,19.07.2026,,159,,,
https://www.accordtour.com/tours/7037/tab/tab_price/tour_date/2026-06-08/cls_number_adult_cnt/%7B1:1%7D/cls_number_child_age/%7B%7D/tour_include_ins/true,Натхненний вікенд в Трансільванії...,24.07.2026,,159,,,
https://www.accordtour.com/tours/7037/tab/tab_price/tour_date/2026-06-08/cls_number_adult_cnt/%7B1:1%7D/cls_number_child_age/%7B%7D/tour_include_ins/true,Натхненний вікенд в Трансільванії...,28.07.2026,,159,,,
https://www.accordtour.com/tours/7037/tab/tab_price/tour_date/2026-06-08/cls_number_adult_cnt/%7B1:1%7D/cls_number_child_age/%7B%7D/tour_include_ins/true,Натхненний вікенд в Трансільванії...,04.08.2026,,159,,,
https://www.accordtour.com/tours/7037/tab/tab_price/tour_date/2026-06-08/cls_number_adult_cnt/%7B1:1%7D/cls_number_child_age/%7B%7D/tour_include_ins/true,Натхненний вікенд в Трансільванії...,09.08.2026,,159,,,
https://www.accordtour.com/tours/7037/tab/tab_price/tour_date/2026-06-08/cls_number_adult_cnt/%7B1:1%7D/cls_number_child_age/%7B%7D/tour_include_ins/true,Натхненний вікенд в Трансільванії...,19.08.2026,,159,,,
https://www.accordtour.com/tours/7037/tab/tab_price/tour_date/2026-06-08/cls_number_adult_cnt/%7B1:1%7D/cls_number_child_age/%7B%7D/tour_include_ins/true,Натхненний вікенд в Трансільванії...,22.08.2026,,159,,,
https://www.accordtour.com/tours/7037/tab/tab_price/tour_date/2026-06-08/cls_number_adult_cnt/%7B1:1%7D/cls_number_child_age/%7B%7D/tour_include_ins/true,Натхненний вікенд в Трансільванії...,28.08.2026,,159,,,
https://www.accordtour.com/tours/7037/tab/tab_price/tour_date/2026-06-08/cls_number_adult_cnt/%7B1:1%7D/cls_number_child_age/%7B%7D/tour_include_ins/true,Натхненний вікенд в Трансільванії...,04.09.2026,,159,,,
https://www.accordtour.com/tours/7037/tab/tab_price/tour_date/2026-06-08/cls_number_adult_cnt/%7B1:1%7D/cls_number_child_age/%7B%7D/tour_include_ins/true,Натхненний вікенд в Трансільванії...,12.09.2026,,159,,,
https://www.accordtour.com/tours/7037/tab/tab_price/tour_date/2026-06-08/cls_number_adult_cnt/%7B1:1%7D/cls_number_child_age/%7B%7D/tour_include_ins/true,Натхненний вікенд в Трансільванії...,16.09.2026,,159,,,
https://www.accordtour.com/tours/7037/tab/tab_price/tour_date/2026-06-08/cls_number_adult_cnt/%7B1:1%7D/cls_number_child_age/%7B%7D/tour_include_ins/true,Натхненний вікенд в Трансільванії...,17.09.2026,,159,,,
https://www.accordtour.com/tours/7037/tab/tab_price/tour_date/2026-06-08/cls_number_adult_cnt/%7B1:1%7D/cls_number_child_age/%7B%7D/tour_include_ins/true,Натхненний вікенд в Трансільванії...,22.09.2026,,159,,,
https://www.accordtour.com/tours/7037/tab/tab_price/tour_date/2026-06-08/cls_number_adult_cnt/%7B1:1%7D/cls_number_child_age/%7B%7D/tour_include_ins/true,Натхненний вікенд в Трансільванії...,02.10.2026,,159,,,
https://www.accordtour.com/tours/381010,Вище неба: відпочинок у Доломітових Альпах Італії,27.05.2026,,358,,,
https://www.accordtour.com/tours/381010,Вище неба: відпочинок у Доломітових Альпах Італії,29.05.2026,,358,,,
https://www.accordtour.com/tours/381010,Вище неба: відпочинок у Доломітових Альпах Італії,06.06.2026,,358,,,
https://www.accordtour.com/tours/381010,Вище неба: відпочинок у Доломітових Альпах Італії,08.06.2026,,358,,,
https://www.accordtour.com/tours/381010,Вище неба: відпочинок у Доломітових Альпах Італії,11.06.2026,,358,,,
https://www.accordtour.com/tours/381010,Вище неба: відпочинок у Доломітових Альпах Італії,13.06.2026,,358,,,
https://www.accordtour.com/tours/381010,Вище неба: відпочинок у Доломітових Альпах Італії,14.06.2026,,358,,,
https://www.accordtour.com/tours/381010,Вище неба: відпочинок у Доломітових Альпах Італії,15.06.2026,,358,,,
https://www.accordtour.com/tours/381010,Вище неба: відпочинок у Доломітових Альпах Італії,24.06.2026,,358,,,
https://www.accordtour.com/tours/381010,Вище неба: відпочинок у Доломітових Альпах Італії,26.06.2026,,358,,,
https://www.accordtour.com/tours/381010,Вище неба: відпочинок у Доломітових Альпах Італії,28.06.2026,,358,,,
https://www.accordtour.com/tours/381010,Вище неба: відпочинок у Доломітових Альпах Італії,30.06.2026,,358,,,
https://www.accordtour.com/tours/381010,Вище неба: відпочинок у Доломітових Альпах Італії,05.07.2026,,358,,,
https://www.accordtour.com/tours/381010,Вище неба: відпочинок у Доломітових Альпах Італії,06.07.2026,,358,,,
https://www.accordtour.com/tours/381010,Вище неба: відпочинок у Доломітових Альпах Італії,08.07.2026,,358,,,
https://www.accordtour.com/tours/381010,Вище неба: відпочинок у Доломітових Альпах Італії,15.07.2026,,358,,,
https://www.accordtour.com/tours/381010,Вище неба: відпочинок у Доломітових Альпах Італії,18.07.2026,,358,,,
https://www.accordtour.com/tours/381010,Вище неба: відпочинок у Доломітових Альпах Італії,19.07.2026,,358,,,
https://www.accordtour.com/tours/381010,Вище неба: відпочинок у Доломітових Альпах Італії,20.07.2026,,358,,,
https://www.accordtour.com/tours/381010,Вище неба: відпочинок у Доломітових Альпах Італії,24.07.2026,,358,,,
https://www.accordtour.com/tours/381010,Вище неба: відпочинок у Доломітових Альпах Італії,28.07.2026,,358,,,
https://www.accordtour.com/tours/381010,Вище неба: відпочинок у Доломітових Альпах Італії,29.07.2026,,358,,,
https://www.accordtour.com/tours/381010,Вище неба: відпочинок у Доломітових Альпах Італії,30.07.2026,,358,,,
https://www.accordtour.com/tours/381010,Вище неба: відпочинок у Доломітових Альпах Італії,02.08.2026,,358,,,
https://www.accordtour.com/tours/381010,Вище неба: відпочинок у Доломітових Альпах Італії,04.08.2026,,358,,,
https://www.accordtour.com/tours/8330,"Красиве життя... Лазурове узбережжя + лавандовий Валансоль Ніцца, Монако, Канни, Мілан, Венеція",29.05.2026,,317,,,
https://www.accordtour.com/tours/8330,"Красиве життя... Лазурове узбережжя + лавандовий Валансоль Ніцца, Монако, Канни, Мілан, Венеція",06.06.2026,,317,,,
https://www.accordtour.com/tours/8330,"Красиве життя... Лазурове узбережжя + лавандовий Валансоль Ніцца, Монако, Канни, Мілан, Венеція",08.06.2026,,317,,,
https://www.accordtour.com/tours/8330,"Красиве життя... Лазурове узбережжя + лавандовий Валансоль Ніцца, Монако, Канни, Мілан, Венеція",09.06.2026,,317,,,
https://www.accordtour.com/tours/8330,"Красиве життя... Лазурове узбережжя + лавандовий Валансоль Ніцца, Монако, Канни, Мілан, Венеція",10.06.2026,,317,,,
https://www.accordtour.com/tours/8330,"Красиве життя... Лазурове узбережжя + лавандовий Валансоль Ніцца, Монако, Канни, Мілан, Венеція",11.06.2026,,317,,,
https://www.accordtour.com/tours/8330,"Красиве життя... Лазурове узбережжя + лавандовий Валансоль Ніцца, Монако, Канни, Мілан, Венеція",21.06.2026,,317,,,
https://www.accordtour.com/tours/8330,"Красиве життя... Лазурове узбережжя + лавандовий Валансоль Ніцца, Монако, Канни, Мілан, Венеція",26.06.2026,,317,,,
https://www.accordtour.com/tours/8330,"Красиве життя... Лазурове узбережжя + лавандовий Валансоль Ніцца, Монако, Канни, Мілан, Венеція",03.07.2026,,317,,,
https://www.accordtour.com/tours/8330,"Красиве життя... Лазурове узбережжя + лавандовий Валансоль Ніцца, Монако, Канни, Мілан, Венеція",15.07.2026,,317,,,
https://www.accordtour.com/tours/8330,"Красиве життя... Лазурове узбережжя + лавандовий Валансоль Ніцца, Монако, Канни, Мілан, Венеція",19.07.2026,,317,,,
https://www.accordtour.com/tours/8330,"Красиве життя... Лазурове узбережжя + лавандовий Валансоль Ніцца, Монако, Канни, Мілан, Венеція",20.07.2026,,317,,,
https://www.accordtour.com/tours/8330,"Красиве життя... Лазурове узбережжя + лавандовий Валансоль Ніцца, Монако, Канни, Мілан, Венеція",24.07.2026,,317,,,
https://www.accordtour.com/tours/8330,"Красиве життя... Лазурове узбережжя + лавандовий Валансоль Ніцца, Монако, Канни, Мілан, Венеція",28.07.2026,,317,,,
https://www.accordtour.com/tours/8330,"Красиве життя... Лазурове узбережжя + лавандовий Валансоль Ніцца, Монако, Канни, Мілан, Венеція",04.08.2026,,317,,,
https://www.accordtour.com/tours/8330,"Красиве життя... Лазурове узбережжя + лавандовий Валансоль Ніцца, Монако, Канни, Мілан, Венеція",09.08.2026,,317,,,
https://www.accordtour.com/tours/8330,"Красиве життя... Лазурове узбережжя + лавандовий Валансоль Ніцца, Монако, Канни, Мілан, Венеція",19.08.2026,,317,,,
https://www.accordtour.com/tours/8330,"Красиве життя... Лазурове узбережжя + лавандовий Валансоль Ніцца, Монако, Канни, Мілан, Венеція",22.08.2026,,317,,,
https://www.accordtour.com/tours/8330,"Красиве життя... Лазурове узбережжя + лавандовий Валансоль Ніцца, Монако, Канни, Мілан, Венеція",28.08.2026,,317,,,
https://www.accordtour.com/tours/8330,"Красиве життя... Лазурове узбережжя + лавандовий Валансоль Ніцца, Монако, Канни, Мілан, Венеція",29.08.2026,,317,,,
https://www.accordtour.com/tours/8330,"Красиве життя... Лазурове узбережжя + лавандовий Валансоль Ніцца, Монако, Канни, Мілан, Венеція",04.09.2026,,317,,,
https://www.accordtour.com/tours/8330,"Красиве життя... Лазурове узбережжя + лавандовий Валансоль Ніцца, Монако, Канни, Мілан, Венеція",12.09.2026,,317,,,
https://www.accordtour.com/tours/8330,"Красиве життя... Лазурове узбережжя + лавандовий Валансоль Ніцца, Монако, Канни, Мілан, Венеція",16.09.2026,,317,,,
https://www.accordtour.com/tours/8330,"Красиве життя... Лазурове узбережжя + лавандовий Валансоль Ніцца, Монако, Канни, Мілан, Венеція",17.09.2026,,317,,,
https://www.accordtour.com/tours/5932,"Олімпійський привіт: Салоніки, Афіни, Метеори",29.05.2026,,310,,,
https://www.accordtour.com/tours/5932,"Олімпійський привіт: Салоніки, Афіни, Метеори",06.06.2026,,310,,,
https://www.accordtour.com/tours/5932,"Олімпійський привіт: Салоніки, Афіни, Метеори",09.06.2026,,310,,,
https://www.accordtour.com/tours/5932,"Олімпійський привіт: Салоніки, Афіни, Метеори",13.06.2026,,310,,,
https://www.accordtour.com/tours/5932,"Олімпійський привіт: Салоніки, Афіни, Метеори",16.06.2026,,310,,,
https://www.accordtour.com/tours/5932,"Олімпійський привіт: Салоніки, Афіни, Метеори",26.06.2026,,310,,,
https://www.accordtour.com/tours/5932,"Олімпійський привіт: Салоніки, Афіни, Метеори",29.06.2026,,310,,,
https://www.accordtour.com/tours/5932,"Олімпійський привіт: Салоніки, Афіни, Метеори",02.07.2026,,310,,,
https://www.accordtour.com/tours/5932,"Олімпійський привіт: Салоніки, Афіни, Метеори",08.07.2026,,310,,,
https://www.accordtour.com/tours/5932,"Олімпійський привіт: Салоніки, Афіни, Метеори",15.07.2026,,310,,,
https://www.accordtour.com/tours/5932,"Олімпійський привіт: Салоніки, Афіни, Метеори",18.07.2026,,310,,,
https://www.accordtour.com/tours/5932,"Олімпійський привіт: Салоніки, Афіни, Метеори",23.07.2026,,310,,,
https://www.accordtour.com/tours/5932,"Олімпійський привіт: Салоніки, Афіни, Метеори",28.07.2026,,310,,,
https://www.accordtour.com/tours/5932,"Олімпійський привіт: Салоніки, Афіни, Метеори",30.07.2026,,310,,,
https://www.accordtour.com/tours/5932,"Олімпійський привіт: Салоніки, Афіни, Метеори",02.08.2026,,310,,,
https://www.accordtour.com/tours/5932,"Олімпійський привіт: Салоніки, Афіни, Метеори",09.08.2026,,310,,,
https://www.accordtour.com/tours/5932,"Олімпійський привіт: Салоніки, Афіни, Метеори",17.08.2026,,310,,,
https://www.accordtour.com/tours/5932,"Олімпійський привіт: Салоніки, Афіни, Метеори",22.08.2026,,310,,,
https://www.accordtour.com/tours/5932,"Олімпійський привіт: Салоніки, Афіни, Метеори",24.08.2026,,310,,,
https://www.accordtour.com/tours/5932,"Олімпійський привіт: Салоніки, Афіни, Метеори",29.08.2026,,310,,,
https://www.accordtour.com/tours/5932,"Олімпійський привіт: Салоніки, Афіни, Метеори",04.09.2026,,310,,,
https://www.accordtour.com/tours/5932,"Олімпійський привіт: Салоніки, Афіни, Метеори",12.09.2026,,310,,,
https://www.accordtour.com/tours/5932,"Олімпійський привіт: Салоніки, Афіни, Метеори",18.09.2026,,310,,,
https://www.accordtour.com/tours/5932,"Олімпійський привіт: Салоніки, Афіни, Метеори",24.09.2026,,310,,,
https://www.accordtour.com/tours/630113/vsi_avtobusni_tury/niderlandu,"Там, де Північ зустрічається з Півднем&hellip; Амстердам+Мілан+Венеція!",29.05.2026,,341,,,
https://www.accordtour.com/tours/630113/vsi_avtobusni_tury/niderlandu,"Там, де Північ зустрічається з Півднем&hellip; Амстердам+Мілан+Венеція!",06.06.2026,,341,,,
https://www.accordtour.com/tours/630113/vsi_avtobusni_tury/niderlandu,"Там, де Північ зустрічається з Півднем&hellip; Амстердам+Мілан+Венеція!",10.06.2026,,341,,,
https://www.accordtour.com/tours/630113/vsi_avtobusni_tury/niderlandu,"Там, де Північ зустрічається з Півднем&hellip; Амстердам+Мілан+Венеція!",14.06.2026,,341,,,
https://www.accordtour.com/tours/630113/vsi_avtobusni_tury/niderlandu,"Там, де Північ зустрічається з Півднем&hellip; Амстердам+Мілан+Венеція!",15.06.2026,,341,,,
https://www.accordtour.com/tours/630113/vsi_avtobusni_tury/niderlandu,"Там, де Північ зустрічається з Півднем&hellip; Амстердам+Мілан+Венеція!",24.06.2026,,341,,,
https://www.accordtour.com/tours/630113/vsi_avtobusni_tury/niderlandu,"Там, де Північ зустрічається з Півднем&hellip; Амстердам+Мілан+Венеція!",26.06.2026,,341,,,
https://www.accordtour.com/tours/630113/vsi_avtobusni_tury/niderlandu,"Там, де Північ зустрічається з Півднем&hellip; Амстердам+Мілан+Венеція!",28.06.2026,,341,,,
https://www.accordtour.com/tours/630113/vsi_avtobusni_tury/niderlandu,"Там, де Північ зустрічається з Півднем&hellip; Амстердам+Мілан+Венеція!",30.06.2026,,341,,,
https://www.accordtour.com/tours/630113/vsi_avtobusni_tury/niderlandu,"Там, де Північ зустрічається з Півднем&hellip; Амстердам+Мілан+Венеція!",05.07.2026,,341,,,
https://www.accordtour.com/tours/630113/vsi_avtobusni_tury/niderlandu,"Там, де Північ зустрічається з Півднем&hellip; Амстердам+Мілан+Венеція!",06.07.2026,,341,,,
https://www.accordtour.com/tours/630113/vsi_avtobusni_tury/niderlandu,"Там, де Північ зустрічається з Півднем&hellip; Амстердам+Мілан+Венеція!",08.07.2026,,341,,,
https://www.accordtour.com/tours/630113/vsi_avtobusni_tury/niderlandu,"Там, де Північ зустрічається з Півднем&hellip; Амстердам+Мілан+Венеція!",15.07.2026,,341,,,
https://www.accordtour.com/tours/630113/vsi_avtobusni_tury/niderlandu,"Там, де Північ зустрічається з Півднем&hellip; Амстердам+Мілан+Венеція!",19.07.2026,,341,,,
https://www.accordtour.com/tours/630113/vsi_avtobusni_tury/niderlandu,"Там, де Північ зустрічається з Півднем&hellip; Амстердам+Мілан+Венеція!",20.07.2026,,341,,,
https://www.accordtour.com/tours/630113/vsi_avtobusni_tury/niderlandu,"Там, де Північ зустрічається з Півднем&hellip; Амстердам+Мілан+Венеція!",24.07.2026,,341,,,
https://www.accordtour.com/tours/630113/vsi_avtobusni_tury/niderlandu,"Там, де Північ зустрічається з Півднем&hellip; Амстердам+Мілан+Венеція!",28.07.2026,,341,,,
https://www.accordtour.com/tours/630113/vsi_avtobusni_tury/niderlandu,"Там, де Північ зустрічається з Півднем&hellip; Амстердам+Мілан+Венеція!",30.07.2026,,341,,,
https://www.accordtour.com/tours/630113/vsi_avtobusni_tury/niderlandu,"Там, де Північ зустрічається з Півднем&hellip; Амстердам+Мілан+Венеція!",02.08.2026,,341,,,
https://www.accordtour.com/tours/630113/vsi_avtobusni_tury/niderlandu,"Там, де Північ зустрічається з Півднем&hellip; Амстердам+Мілан+Венеція!",04.08.2026,,341,,,
https://www.accordtour.com/tours/630113/vsi_avtobusni_tury/niderlandu,"Там, де Північ зустрічається з Півднем&hellip; Амстердам+Мілан+Венеція!",09.08.2026,,341,,,
https://www.accordtour.com/tours/630113/vsi_avtobusni_tury/niderlandu,"Там, де Північ зустрічається з Півднем&hellip; Амстердам+Мілан+Венеція!",14.08.2026,,341,,,
https://www.accordtour.com/tours/630113/vsi_avtobusni_tury/niderlandu,"Там, де Північ зустрічається з Півднем&hellip; Амстердам+Мілан+Венеція!",15.08.2026,,341,,,
https://www.accordtour.com/tours/630113/vsi_avtobusni_tury/niderlandu,"Там, де Північ зустрічається з Півднем&hellip; Амстердам+Мілан+Венеція!",19.08.2026,,341,,,
https://www.accordtour.com/tours/630113/vsi_avtobusni_tury/niderlandu,"Там, де Північ зустрічається з Півднем&hellip; Амстердам+Мілан+Венеція!",23.08.2026,,341,,,
https://www.accordtour.com/tours/883136,"Лазурова відпустка Ніцца, Канни, Монако, Сан Ремо, Портофіно",29.05.2026,,467,,,
https://www.accordtour.com/tours/883136,"Лазурова відпустка Ніцца, Канни, Монако, Сан Ремо, Портофіно",06.06.2026,,467,,,
https://www.accordtour.com/tours/883136,"Лазурова відпустка Ніцца, Канни, Монако, Сан Ремо, Портофіно",08.06.2026,,467,,,
https://www.accordtour.com/tours/883136,"Лазурова відпустка Ніцца, Канни, Монако, Сан Ремо, Портофіно",09.06.2026,,467,,,
https://www.accordtour.com/tours/883136,"Лазурова відпустка Ніцца, Канни, Монако, Сан Ремо, Портофіно",10.06.2026,,467,,,
https://www.accordtour.com/tours/883136,"Лазурова відпустка Ніцца, Канни, Монако, Сан Ремо, Портофіно",11.06.2026,,467,,,
https://www.accordtour.com/tours/883136,"Лазурова відпустка Ніцца, Канни, Монако, Сан Ремо, Портофіно",21.06.2026,,467,,,
https://www.accordtour.com/tours/883136,"Лазурова відпустка Ніцца, Канни, Монако, Сан Ремо, Портофіно",26.06.2026,,467,,,
https://www.accordtour.com/tours/883136,"Лазурова відпустка Ніцца, Канни, Монако, Сан Ремо, Портофіно",03.07.2026,,467,,,
https://www.accordtour.com/tours/883136,"Лазурова відпустка Ніцца, Канни, Монако, Сан Ремо, Портофіно",15.07.2026,,467,,,
https://www.accordtour.com/tours/883136,"Лазурова відпустка Ніцца, Канни, Монако, Сан Ремо, Портофіно",19.07.2026,,467,,,
https://www.accordtour.com/tours/883136,"Лазурова відпустка Ніцца, Канни, Монако, Сан Ремо, Портофіно",20.07.2026,,467,,,
https://www.accordtour.com/tours/883136,"Лазурова відпустка Ніцца, Канни, Монако, Сан Ремо, Портофіно",24.07.2026,,467,,,
https://www.accordtour.com/tours/883136,"Лазурова відпустка Ніцца, Канни, Монако, Сан Ремо, Портофіно",28.07.2026,,467,,,
https://www.accordtour.com/tours/883136,"Лазурова відпустка Ніцца, Канни, Монако, Сан Ремо, Портофіно",04.08.2026,,467,,,
https://www.accordtour.com/tours/883136,"Лазурова відпустка Ніцца, Канни, Монако, Сан Ремо, Портофіно",09.08.2026,,467,,,
https://www.accordtour.com/tours/883136,"Лазурова відпустка Ніцца, Канни, Монако, Сан Ремо, Портофіно",19.08.2026,,467,,,
https://www.accordtour.com/tours/883136,"Лазурова відпустка Ніцца, Канни, Монако, Сан Ремо, Портофіно",22.08.2026,,467,,,
https://www.accordtour.com/tours/883136,"Лазурова відпустка Ніцца, Канни, Монако, Сан Ремо, Портофіно",28.08.2026,,467,,,
https://www.accordtour.com/tours/883136,"Лазурова відпустка Ніцца, Канни, Монако, Сан Ремо, Портофіно",29.08.2026,,467,,,
https://www.accordtour.com/tours/883136,"Лазурова відпустка Ніцца, Канни, Монако, Сан Ремо, Портофіно",04.09.2026,,467,,,
https://www.accordtour.com/tours/883136,"Лазурова відпустка Ніцца, Канни, Монако, Сан Ремо, Портофіно",12.09.2026,,467,,,
https://www.accordtour.com/tours/883136,"Лазурова відпустка Ніцца, Канни, Монако, Сан Ремо, Портофіно",16.09.2026,,467,,,
https://www.accordtour.com/tours/883136,"Лазурова відпустка Ніцца, Канни, Монако, Сан Ремо, Портофіно",17.09.2026,,467,,,
https://www.accordtour.com/tours/660866,Яскраві враження.... Амстердам та Париж...,27.05.2026,,378,,,
https://www.accordtour.com/tours/660866,Яскраві враження.... Амстердам та Париж...,29.05.2026,,378,,,
https://www.accordtour.com/tours/660866,Яскраві враження.... Амстердам та Париж...,06.06.2026,,378,,,
https://www.accordtour.com/tours/660866,Яскраві враження.... Амстердам та Париж...,08.06.2026,,378,,,
https://www.accordtour.com/tours/660866,Яскраві враження.... Амстердам та Париж...,09.06.2026,,378,,,
https://www.accordtour.com/tours/660866,Яскраві враження.... Амстердам та Париж...,10.06.2026,,378,,,
https://www.accordtour.com/tours/660866,Яскраві враження.... Амстердам та Париж...,11.06.2026,,378,,,
https://www.accordtour.com/tours/660866,Яскраві враження.... Амстердам та Париж...,13.06.2026,,378,,,
https://www.accordtour.com/tours/660866,Яскраві враження.... Амстердам та Париж...,14.06.2026,,378,,,
https://www.accordtour.com/tours/660866,Яскраві враження.... Амстердам та Париж...,15.06.2026,,378,,,
https://www.accordtour.com/tours/660866,Яскраві враження.... Амстердам та Париж...,24.06.2026,,378,,,
https://www.accordtour.com/tours/660866,Яскраві враження.... Амстердам та Париж...,26.06.2026,,378,,,
https://www.accordtour.com/tours/660866,Яскраві враження.... Амстердам та Париж...,28.06.2026,,378,,,
https://www.accordtour.com/tours/660866,Яскраві враження.... Амстердам та Париж...,30.06.2026,,378,,,
https://www.accordtour.com/tours/660866,Яскраві враження.... Амстердам та Париж...,05.07.2026,,378,,,
https://www.accordtour.com/tours/660866,Яскраві враження.... Амстердам та Париж...,08.07.2026,,378,,,
https://www.accordtour.com/tours/660866,Яскраві враження.... Амстердам та Париж...,11.07.2026,,378,,,
https://www.accordtour.com/tours/660866,Яскраві враження.... Амстердам та Париж...,19.07.2026,,378,,,
https://www.accordtour.com/tours/660866,Яскраві враження.... Амстердам та Париж...,20.07.2026,,378,,,
https://www.accordtour.com/tours/660866,Яскраві враження.... Амстердам та Париж...,24.07.2026,,378,,,
https://www.accordtour.com/tours/660866,Яскраві враження.... Амстердам та Париж...,28.07.2026,,378,,,
https://www.accordtour.com/tours/660866,Яскраві враження.... Амстердам та Париж...,29.07.2026,,378,,,
https://www.accordtour.com/tours/660866,Яскраві враження.... Амстердам та Париж...,30.07.2026,,378,,,
https://www.accordtour.com/tours/660866,Яскраві враження.... Амстердам та Париж...,31.07.2026,,378,,,
https://www.accordtour.com/tours/660866,Яскраві враження.... Амстердам та Париж...,02.08.2026,,378,,,
https://www.accordtour.com/tours/813,"Рим притягує нас! Відень, Флоренція та Венеція",29.05.2026,,301,,,
https://www.accordtour.com/tours/813,"Рим притягує нас! Відень, Флоренція та Венеція",06.06.2026,,301,,,
https://www.accordtour.com/tours/813,"Рим притягує нас! Відень, Флоренція та Венеція",13.06.2026,,301,,,
https://www.accordtour.com/tours/813,"Рим притягує нас! Відень, Флоренція та Венеція",14.06.2026,,301,,,
https://www.accordtour.com/tours/813,"Рим притягує нас! Відень, Флоренція та Венеція",17.06.2026,,301,,,
https://www.accordtour.com/tours/813,"Рим притягує нас! Відень, Флоренція та Венеція",20.06.2026,,301,,,
https://www.accordtour.com/tours/813,"Рим притягує нас! Відень, Флоренція та Венеція",23.06.2026,,301,,,
https://www.accordtour.com/tours/813,"Рим притягує нас! Відень, Флоренція та Венеція",26.06.2026,,301,,,
https://www.accordtour.com/tours/813,"Рим притягує нас! Відень, Флоренція та Венеція",28.06.2026,,301,,,
https://www.accordtour.com/tours/813,"Рим притягує нас! Відень, Флоренція та Венеція",02.07.2026,,301,,,
https://www.accordtour.com/tours/813,"Рим притягує нас! Відень, Флоренція та Венеція",05.07.2026,,301,,,
https://www.accordtour.com/tours/813,"Рим притягує нас! Відень, Флоренція та Венеція",08.07.2026,,301,,,
https://www.accordtour.com/tours/813,"Рим притягує нас! Відень, Флоренція та Венеція",18.07.2026,,301,,,
https://www.accordtour.com/tours/813,"Рим притягує нас! Відень, Флоренція та Венеція",19.07.2026,,301,,,
https://www.accordtour.com/tours/813,"Рим притягує нас! Відень, Флоренція та Венеція",20.07.2026,,301,,,
https://www.accordtour.com/tours/813,"Рим притягує нас! Відень, Флоренція та Венеція",24.07.2026,,301,,,
https://www.accordtour.com/tours/813,"Рим притягує нас! Відень, Флоренція та Венеція",28.07.2026,,301,,,
https://www.accordtour.com/tours/813,"Рим притягує нас! Відень, Флоренція та Венеція",31.07.2026,,301,,,
https://www.accordtour.com/tours/813,"Рим притягує нас! Відень, Флоренція та Венеція",01.08.2026,,301,,,
https://www.accordtour.com/tours/813,"Рим притягує нас! Відень, Флоренція та Венеція",02.08.2026,,301,,,
https://www.accordtour.com/tours/813,"Рим притягує нас! Відень, Флоренція та Венеція",04.08.2026,,301,,,
https://www.accordtour.com/tours/813,"Рим притягує нас! Відень, Флоренція та Венеція",09.08.2026,,301,,,
https://www.accordtour.com/tours/813,"Рим притягує нас! Відень, Флоренція та Венеція",14.08.2026,,301,,,
https://www.accordtour.com/tours/813,"Рим притягує нас! Відень, Флоренція та Венеція",15.08.2026,,301,,,
https://www.accordtour.com/tours/813,"Рим притягує нас! Відень, Флоренція та Венеція",22.08.2026,,301,,,
https://www.accordtour.com/tours/8360,"Швейцарська казка Цюріх, Берн, Женева + Монблан",29.05.2026,,322,,,
https://www.accordtour.com/tours/8360,"Швейцарська казка Цюріх, Берн, Женева + Монблан",06.06.2026,,322,,,
https://www.accordtour.com/tours/8360,"Швейцарська казка Цюріх, Берн, Женева + Монблан",14.06.2026,,322,,,
https://www.accordtour.com/tours/8360,"Швейцарська казка Цюріх, Берн, Женева + Монблан",28.06.2026,,322,,,
https://www.accordtour.com/tours/8360,"Швейцарська казка Цюріх, Берн, Женева + Монблан",11.07.2026,,322,,,
https://www.accordtour.com/tours/8360,"Швейцарська казка Цюріх, Берн, Женева + Монблан",18.07.2026,,322,,,
https://www.accordtour.com/tours/8360,"Швейцарська казка Цюріх, Берн, Женева + Монблан",24.07.2026,,322,,,
https://www.accordtour.com/tours/8360,"Швейцарська казка Цюріх, Берн, Женева + Монблан",01.08.2026,,322,,,
https://www.accordtour.com/tours/8360,"Швейцарська казка Цюріх, Берн, Женева + Монблан",15.08.2026,,322,,,
https://www.accordtour.com/tours/8360,"Швейцарська казка Цюріх, Берн, Женева + Монблан",22.08.2026,,322,,,
https://www.accordtour.com/tours/8360,"Швейцарська казка Цюріх, Берн, Женева + Монблан",12.09.2026,,322,,,
https://www.accordtour.com/tours/8360,"Швейцарська казка Цюріх, Берн, Женева + Монблан",19.09.2026,,322,,,
https://www.accordtour.com/tours/8360,"Швейцарська казка Цюріх, Берн, Женева + Монблан",27.09.2026,,322,,,
https://www.accordtour.com/tours/8359,"Швейцарська інтрига Австрія, Італія та Доломітові Альпи",28.05.2026,,328,,,
https://www.accordtour.com/tours/8359,"Швейцарська інтрига Австрія, Італія та Доломітові Альпи",29.05.2026,,328,,,
https://www.accordtour.com/tours/8359,"Швейцарська інтрига Австрія, Італія та Доломітові Альпи",06.06.2026,,328,,,
https://www.accordtour.com/tours/8359,"Швейцарська інтрига Австрія, Італія та Доломітові Альпи",11.06.2026,,328,,,
https://www.accordtour.com/tours/8359,"Швейцарська інтрига Австрія, Італія та Доломітові Альпи",13.06.2026,,328,,,
https://www.accordtour.com/tours/8359,"Швейцарська інтрига Австрія, Італія та Доломітові Альпи",14.06.2026,,328,,,
https://www.accordtour.com/tours/8359,"Швейцарська інтрига Австрія, Італія та Доломітові Альпи",17.06.2026,,328,,,
https://www.accordtour.com/tours/8359,"Швейцарська інтрига Австрія, Італія та Доломітові Альпи",24.06.2026,,328,,,
https://www.accordtour.com/tours/8359,"Швейцарська інтрига Австрія, Італія та Доломітові Альпи",26.06.2026,,328,,,
https://www.accordtour.com/tours/8359,"Швейцарська інтрига Австрія, Італія та Доломітові Альпи",28.06.2026,,328,,,
https://www.accordtour.com/tours/8359,"Швейцарська інтрига Австрія, Італія та Доломітові Альпи",02.07.2026,,328,,,
https://www.accordtour.com/tours/8359,"Швейцарська інтрига Австрія, Італія та Доломітові Альпи",05.07.2026,,328,,,
https://www.accordtour.com/tours/8359,"Швейцарська інтрига Австрія, Італія та Доломітові Альпи",08.07.2026,,328,,,
https://www.accordtour.com/tours/8359,"Швейцарська інтрига Австрія, Італія та Доломітові Альпи",17.07.2026,,328,,,
https://www.accordtour.com/tours/8359,"Швейцарська інтрига Австрія, Італія та Доломітові Альпи",18.07.2026,,328,,,
https://www.accordtour.com/tours/8359,"Швейцарська інтрига Австрія, Італія та Доломітові Альпи",19.07.2026,,328,,,
https://www.accordtour.com/tours/8359,"Швейцарська інтрига Австрія, Італія та Доломітові Альпи",24.07.2026,,328,,,
https://www.accordtour.com/tours/8359,"Швейцарська інтрига Австрія, Італія та Доломітові Альпи",28.07.2026,,328,,,
https://www.accordtour.com/tours/8359,"Швейцарська інтрига Австрія, Італія та Доломітові Альпи",31.07.2026,,328,,,
https://www.accordtour.com/tours/8359,"Швейцарська інтрига Австрія, Італія та Доломітові Альпи",01.08.2026,,328,,,
https://www.accordtour.com/tours/8359,"Швейцарська інтрига Австрія, Італія та Доломітові Альпи",02.08.2026,,328,,,
https://www.accordtour.com/tours/8359,"Швейцарська інтрига Австрія, Італія та Доломітові Альпи",04.08.2026,,328,,,
https://www.accordtour.com/tours/8359,"Швейцарська інтрига Австрія, Італія та Доломітові Альпи",09.08.2026,,328,,,
https://www.accordtour.com/tours/8359,"Швейцарська інтрига Австрія, Італія та Доломітові Альпи",14.08.2026,,328,,,
https://www.accordtour.com/tours/8359,"Швейцарська інтрига Австрія, Італія та Доломітові Альпи",15.08.2026,,328,,,
https://www.accordtour.com/tours/866636,"Віденський експрес! Краків, Відень, Будапешт",29.05.2026,,99,,,
https://www.accordtour.com/tours/866636,"Віденський експрес! Краків, Відень, Будапешт",05.06.2026,,99,,,
https://www.accordtour.com/tours/866636,"Віденський експрес! Краків, Відень, Будапешт",06.06.2026,,99,,,
https://www.accordtour.com/tours/866636,"Віденський експрес! Краків, Відень, Будапешт",12.06.2026,,99,,,
https://www.accordtour.com/tours/866636,"Віденський експрес! Краків, Відень, Будапешт",13.06.2026,,99,,,
https://www.accordtour.com/tours/866636,"Віденський експрес! Краків, Відень, Будапешт",26.06.2026,,99,,,
https://www.accordtour.com/tours/866636,"Віденський експрес! Краків, Відень, Будапешт",28.06.2026,,99,,,
https://www.accordtour.com/tours/813066,Вічна класика: Салоніки + Афіни + Метеори,29.05.2026,,288,,,
https://www.accordtour.com/tours/813066,Вічна класика: Салоніки + Афіни + Метеори,06.06.2026,,288,,,
https://www.accordtour.com/tours/813066,Вічна класика: Салоніки + Афіни + Метеори,08.06.2026,,288,,,
https://www.accordtour.com/tours/813066,Вічна класика: Салоніки + Афіни + Метеори,11.06.2026,,288,,,
https://www.accordtour.com/tours/813066,Вічна класика: Салоніки + Афіни + Метеори,21.06.2026,,288,,,
https://www.accordtour.com/tours/813066,Вічна класика: Салоніки + Афіни + Метеори,26.06.2026,,288,,,
https://www.accordtour.com/tours/813066,Вічна класика: Салоніки + Афіни + Метеори,03.07.2026,,288,,,
https://www.accordtour.com/tours/813066,Вічна класика: Салоніки + Афіни + Метеори,15.07.2026,,288,,,
https://www.accordtour.com/tours/813066,Вічна класика: Салоніки + Афіни + Метеори,19.07.2026,,288,,,
https://www.accordtour.com/tours/813066,Вічна класика: Салоніки + Афіни + Метеори,20.07.2026,,288,,,
https://www.accordtour.com/tours/813066,Вічна класика: Салоніки + Афіни + Метеори,24.07.2026,,288,,,
https://www.accordtour.com/tours/813066,Вічна класика: Салоніки + Афіни + Метеори,28.07.2026,,288,,,
https://www.accordtour.com/tours/813066,Вічна класика: Салоніки + Афіни + Метеори,04.08.2026,,288,,,
https://www.accordtour.com/tours/813066,Вічна класика: Салоніки + Афіни + Метеори,09.08.2026,,288,,,
https://www.accordtour.com/tours/813066,Вічна класика: Салоніки + Афіни + Метеори,19.08.2026,,288,,,
https://www.accordtour.com/tours/813066,Вічна класика: Салоніки + Афіни + Метеори,22.08.2026,,288,,,
https://www.accordtour.com/tours/813066,Вічна класика: Салоніки + Афіни + Метеори,29.08.2026,,288,,,
https://www.accordtour.com/tours/813066,Вічна класика: Салоніки + Афіни + Метеори,04.09.2026,,288,,,
https://www.accordtour.com/tours/813066,Вічна класика: Салоніки + Афіни + Метеори,12.09.2026,,288,,,
https://www.accordtour.com/tours/813066,Вічна класика: Салоніки + Афіни + Метеори,16.09.2026,,288,,,
https://www.accordtour.com/tours/813066,Вічна класика: Салоніки + Афіни + Метеори,18.09.2026,,288,,,
https://www.accordtour.com/tours/813066,Вічна класика: Салоніки + Афіни + Метеори,22.09.2026,,288,,,
https://www.accordtour.com/tours/813066,Вічна класика: Салоніки + Афіни + Метеори,02.10.2026,,288,,,
https://www.accordtour.com/tours/186313,Перше побачення в Греції: Салоніки + Олімп + Метеори + Грецькі Альпи,29.05.2026,,198,,,
https://www.accordtour.com/tours/186313,Перше побачення в Греції: Салоніки + Олімп + Метеори + Грецькі Альпи,06.06.2026,,198,,,
https://www.accordtour.com/tours/186313,Перше побачення в Греції: Салоніки + Олімп + Метеори + Грецькі Альпи,09.06.2026,,198,,,
https://www.accordtour.com/tours/186313,Перше побачення в Греції: Салоніки + Олімп + Метеори + Грецькі Альпи,11.06.2026,,198,,,
https://www.accordtour.com/tours/186313,Перше побачення в Греції: Салоніки + Олімп + Метеори + Грецькі Альпи,21.06.2026,,198,,,
https://www.accordtour.com/tours/186313,Перше побачення в Греції: Салоніки + Олімп + Метеори + Грецькі Альпи,26.06.2026,,198,,,
https://www.accordtour.com/tours/186313,Перше побачення в Греції: Салоніки + Олімп + Метеори + Грецькі Альпи,03.07.2026,,198,,,
https://www.accordtour.com/tours/186313,Перше побачення в Греції: Салоніки + Олімп + Метеори + Грецькі Альпи,15.07.2026,,198,,,
https://www.accordtour.com/tours/186313,Перше побачення в Греції: Салоніки + Олімп + Метеори + Грецькі Альпи,19.07.2026,,198,,,
https://www.accordtour.com/tours/186313,Перше побачення в Греції: Салоніки + Олімп + Метеори + Грецькі Альпи,20.07.2026,,198,,,
https://www.accordtour.com/tours/186313,Перше побачення в Греції: Салоніки + Олімп + Метеори + Грецькі Альпи,24.07.2026,,198,,,
https://www.accordtour.com/tours/186313,Перше побачення в Греції: Салоніки + Олімп + Метеори + Грецькі Альпи,28.07.2026,,198,,,
https://www.accordtour.com/tours/186313,Перше побачення в Греції: Салоніки + Олімп + Метеори + Грецькі Альпи,04.08.2026,,198,,,
https://www.accordtour.com/tours/186313,Перше побачення в Греції: Салоніки + Олімп + Метеори + Грецькі Альпи,09.08.2026,,198,,,
https://www.accordtour.com/tours/186313,Перше побачення в Греції: Салоніки + Олімп + Метеори + Грецькі Альпи,19.08.2026,,198,,,
https://www.accordtour.com/tours/186313,Перше побачення в Греції: Салоніки + Олімп + Метеори + Грецькі Альпи,22.08.2026,,198,,,
https://www.accordtour.com/tours/186313,Перше побачення в Греції: Салоніки + Олімп + Метеори + Грецькі Альпи,29.08.2026,,198,,,
https://www.accordtour.com/tours/186313,Перше побачення в Греції: Салоніки + Олімп + Метеори + Грецькі Альпи,04.09.2026,,198,,,
https://www.accordtour.com/tours/186313,Перше побачення в Греції: Салоніки + Олімп + Метеори + Грецькі Альпи,12.09.2026,,198,,,
https://www.accordtour.com/tours/186313,Перше побачення в Греції: Салоніки + Олімп + Метеори + Грецькі Альпи,18.09.2026,,198,,,
https://www.accordtour.com/tours/186313,Перше побачення в Греції: Салоніки + Олімп + Метеори + Грецькі Альпи,22.09.2026,,198,,,
https://www.accordtour.com/tours/186313,Перше побачення в Греції: Салоніки + Олімп + Метеори + Грецькі Альпи,02.10.2026,,198,,,
https://www.accordtour.com/tours/186313,Перше побачення в Греції: Салоніки + Олімп + Метеори + Грецькі Альпи,06.10.2026,,198,,,
https://www.accordtour.com/tours/6113,Наш красивий вікенд!,28.05.2026,,221,,,
https://www.accordtour.com/tours/6113,Наш красивий вікенд!,29.05.2026,,221,,,
https://www.accordtour.com/tours/6113,Наш красивий вікенд!,30.05.2026,,221,,,
https://www.accordtour.com/tours/6113,Наш красивий вікенд!,05.06.2026,,221,,,
https://www.accordtour.com/tours/6113,Наш красивий вікенд!,06.06.2026,,221,,,
https://www.accordtour.com/tours/6113,Наш красивий вікенд!,12.06.2026,,221,,,
https://www.accordtour.com/tours/6113,Наш красивий вікенд!,14.06.2026,,221,,,
https://www.accordtour.com/tours/6113,Наш красивий вікенд!,26.06.2026,,221,,,
https://www.accordtour.com/tours/6113,Наш красивий вікенд!,27.06.2026,,221,,,
https://www.accordtour.com/tours/6113,Наш красивий вікенд!,28.06.2026,,221,,,
https://www.accordtour.com/tours/6113,Наш красивий вікенд!,03.07.2026,,221,,,
https://www.accordtour.com/tours/6113,Наш красивий вікенд!,10.07.2026,,221,,,
https://www.accordtour.com/tours/6113,Наш красивий вікенд!,11.07.2026,,221,,,
https://www.accordtour.com/tours/6113,Наш красивий вікенд!,17.07.2026,,221,,,
https://www.accordtour.com/tours/6113,Наш красивий вікенд!,18.07.2026,,221,,,
https://www.accordtour.com/tours/6113,Наш красивий вікенд!,24.07.2026,,221,,,
https://www.accordtour.com/tours/6113,Наш красивий вікенд!,28.07.2026,,221,,,
https://www.accordtour.com/tours/6113,Наш красивий вікенд!,31.07.2026,,221,,,
https://www.accordtour.com/tours/6113,Наш красивий вікенд!,01.08.2026,,221,,,
https://www.accordtour.com/tours/6113,Наш красивий вікенд!,09.08.2026,,221,,,
https://www.accordtour.com/tours/6113,Наш красивий вікенд!,14.08.2026,,221,,,
https://www.accordtour.com/tours/6113,Наш красивий вікенд!,15.08.2026,,221,,,
https://www.accordtour.com/tours/6113,Наш красивий вікенд!,21.08.2026,,221,,,
https://www.accordtour.com/tours/6113,Наш красивий вікенд!,22.08.2026,,221,,,
https://www.accordtour.com/tours/6113,Наш красивий вікенд!,23.08.2026,,221,,,
https://www.accordtour.com/tours/888138,Іспанія – горда квітка Півдня Відпочинок на морі,26.05.2026,,385,,,
https://www.accordtour.com/tours/888138,Іспанія – горда квітка Півдня Відпочинок на морі,31.05.2026,,385,,,
https://www.accordtour.com/tours/888138,Іспанія – горда квітка Півдня Відпочинок на морі,05.06.2026,,385,,,
https://www.accordtour.com/tours/888138,Іспанія – горда квітка Півдня Відпочинок на морі,10.06.2026,,385,,,
https://www.accordtour.com/tours/888138,Іспанія – горда квітка Півдня Відпочинок на морі,15.06.2026,,385,,,
https://www.accordtour.com/tours/888138,Іспанія – горда квітка Півдня Відпочинок на морі,20.06.2026,,385,,,
https://www.accordtour.com/tours/888138,Іспанія – горда квітка Півдня Відпочинок на морі,25.06.2026,,385,,,
https://www.accordtour.com/tours/888138,Іспанія – горда квітка Півдня Відпочинок на морі,30.06.2026,,385,,,
https://www.accordtour.com/tours/888138,Іспанія – горда квітка Півдня Відпочинок на морі,05.07.2026,,385,,,
https://www.accordtour.com/tours/888138,Іспанія – горда квітка Півдня Відпочинок на морі,10.07.2026,,385,,,
https://www.accordtour.com/tours/888138,Іспанія – горда квітка Півдня Відпочинок на морі,15.07.2026,,385,,,
https://www.accordtour.com/tours/888138,Іспанія – горда квітка Півдня Відпочинок на морі,20.07.2026,,385,,,
https://www.accordtour.com/tours/888138,Іспанія – горда квітка Півдня Відпочинок на морі,25.07.2026,,385,,,
https://www.accordtour.com/tours/888138,Іспанія – горда квітка Півдня Відпочинок на морі,30.07.2026,,385,,,
https://www.accordtour.com/tours/888138,Іспанія – горда квітка Півдня Відпочинок на морі,04.08.2026,,385,,,
https://www.accordtour.com/tours/888138,Іспанія – горда квітка Півдня Відпочинок на морі,09.08.2026,,385,,,
https://www.accordtour.com/tours/888138,Іспанія – горда квітка Півдня Відпочинок на морі,14.08.2026,,385,,,
https://www.accordtour.com/tours/888138,Іспанія – горда квітка Півдня Відпочинок на морі,19.08.2026,,385,,,
https://www.accordtour.com/tours/888138,Іспанія – горда квітка Півдня Відпочинок на морі,24.08.2026,,385,,,
https://www.accordtour.com/tours/888138,Іспанія – горда квітка Півдня Відпочинок на морі,29.08.2026,,385,,,
https://www.accordtour.com/tours/888138,Іспанія – горда квітка Півдня Відпочинок на морі,03.09.2026,,385,,,
https://www.accordtour.com/tours/888138,Іспанія – горда квітка Півдня Відпочинок на морі,08.09.2026,,385,,,
https://www.accordtour.com/tours/888138,Іспанія – горда квітка Півдня Відпочинок на морі,13.09.2026,,385,,,
https://www.accordtour.com/tours/888138,Іспанія – горда квітка Півдня Відпочинок на морі,18.09.2026,,385,,,
https://www.accordtour.com/tours/888661,Літня відпустка під іспанськими вітрилами Відпочинок на морі,28.05.2026,,543,,,
https://www.accordtour.com/tours/888661,Літня відпустка під іспанськими вітрилами Відпочинок на морі,01.06.2026,,543,,,
https://www.accordtour.com/tours/888661,Літня відпустка під іспанськими вітрилами Відпочинок на морі,05.06.2026,,543,,,
https://www.accordtour.com/tours/888661,Літня відпустка під іспанськими вітрилами Відпочинок на морі,09.06.2026,,543,,,
https://www.accordtour.com/tours/888661,Літня відпустка під іспанськими вітрилами Відпочинок на морі,13.06.2026,,543,,,
https://www.accordtour.com/tours/888661,Літня відпустка під іспанськими вітрилами Відпочинок на морі,17.06.2026,,543,,,
https://www.accordtour.com/tours/888661,Літня відпустка під іспанськими вітрилами Відпочинок на морі,21.06.2026,,543,,,
https://www.accordtour.com/tours/888661,Літня відпустка під іспанськими вітрилами Відпочинок на морі,25.06.2026,,543,,,
https://www.accordtour.com/tours/888661,Літня відпустка під іспанськими вітрилами Відпочинок на морі,29.06.2026,,543,,,
https://www.accordtour.com/tours/888661,Літня відпустка під іспанськими вітрилами Відпочинок на морі,03.07.2026,,543,,,
https://www.accordtour.com/tours/888661,Літня відпустка під іспанськими вітрилами Відпочинок на морі,07.07.2026,,543,,,
https://www.accordtour.com/tours/888661,Літня відпустка під іспанськими вітрилами Відпочинок на морі,11.07.2026,,543,,,
https://www.accordtour.com/tours/888661,Літня відпустка під іспанськими вітрилами Відпочинок на морі,15.07.2026,,543,,,
https://www.accordtour.com/tours/888661,Літня відпустка під іспанськими вітрилами Відпочинок на морі,19.07.2026,,543,,,
https://www.accordtour.com/tours/888661,Літня відпустка під іспанськими вітрилами Відпочинок на морі,23.07.2026,,543,,,
https://www.accordtour.com/tours/888661,Літня відпустка під іспанськими вітрилами Відпочинок на морі,27.07.2026,,543,,,
https://www.accordtour.com/tours/888661,Літня відпустка під іспанськими вітрилами Відпочинок на морі,31.07.2026,,543,,,
https://www.accordtour.com/tours/888661,Літня відпустка під іспанськими вітрилами Відпочинок на морі,04.08.2026,,543,,,
https://www.accordtour.com/tours/888661,Літня відпустка під іспанськими вітрилами Відпочинок на морі,08.08.2026,,543,,,
https://www.accordtour.com/tours/888661,Літня відпустка під іспанськими вітрилами Відпочинок на морі,12.08.2026,,543,,,
https://www.accordtour.com/tours/888661,Літня відпустка під іспанськими вітрилами Відпочинок на морі,16.08.2026,,543,,,
https://www.accordtour.com/tours/888661,Літня відпустка під іспанськими вітрилами Відпочинок на морі,20.08.2026,,543,,,
https://www.accordtour.com/tours/888661,Літня відпустка під іспанськими вітрилами Відпочинок на морі,24.08.2026,,543,,,
https://www.accordtour.com/tours/888661,Літня відпустка під іспанськими вітрилами Відпочинок на морі,28.08.2026,,543,,,
https://www.accordtour.com/tours/1118349,"Сонячна відпустка: Трієст, Мілан, Генуя і Венеція",29.05.2026,,348,,,
https://www.accordtour.com/tours/1118349,"Сонячна відпустка: Трієст, Мілан, Генуя і Венеція",06.06.2026,,348,,,
https://www.accordtour.com/tours/1118349,"Сонячна відпустка: Трієст, Мілан, Генуя і Венеція",11.06.2026,,348,,,
https://www.accordtour.com/tours/1118349,"Сонячна відпустка: Трієст, Мілан, Генуя і Венеція",21.06.2026,,348,,,
https://www.accordtour.com/tours/1118349,"Сонячна відпустка: Трієст, Мілан, Генуя і Венеція",26.06.2026,,348,,,
https://www.accordtour.com/tours/1118349,"Сонячна відпустка: Трієст, Мілан, Генуя і Венеція",03.07.2026,,348,,,
https://www.accordtour.com/tours/1118349,"Сонячна відпустка: Трієст, Мілан, Генуя і Венеція",11.07.2026,,348,,,
https://www.accordtour.com/tours/1118349,"Сонячна відпустка: Трієст, Мілан, Генуя і Венеція",15.07.2026,,348,,,
https://www.accordtour.com/tours/1118349,"Сонячна відпустка: Трієст, Мілан, Генуя і Венеція",19.07.2026,,348,,,
https://www.accordtour.com/tours/1118349,"Сонячна відпустка: Трієст, Мілан, Генуя і Венеція",20.07.2026,,348,,,
https://www.accordtour.com/tours/1118349,"Сонячна відпустка: Трієст, Мілан, Генуя і Венеція",24.07.2026,,348,,,
https://www.accordtour.com/tours/1118349,"Сонячна відпустка: Трієст, Мілан, Генуя і Венеція",28.07.2026,,348,,,
https://www.accordtour.com/tours/1118349,"Сонячна відпустка: Трієст, Мілан, Генуя і Венеція",04.08.2026,,348,,,
https://www.accordtour.com/tours/1118349,"Сонячна відпустка: Трієст, Мілан, Генуя і Венеція",09.08.2026,,348,,,
https://www.accordtour.com/tours/1118349,"Сонячна відпустка: Трієст, Мілан, Генуя і Венеція",19.08.2026,,348,,,
https://www.accordtour.com/tours/1118349,"Сонячна відпустка: Трієст, Мілан, Генуя і Венеція",22.08.2026,,348,,,
https://www.accordtour.com/tours/1118349,"Сонячна відпустка: Трієст, Мілан, Генуя і Венеція",28.08.2026,,348,,,
https://www.accordtour.com/tours/1118349,"Сонячна відпустка: Трієст, Мілан, Генуя і Венеція",04.09.2026,,348,,,
https://www.accordtour.com/tours/1118349,"Сонячна відпустка: Трієст, Мілан, Генуя і Венеція",12.09.2026,,348,,,
https://www.accordtour.com/tours/1118349,"Сонячна відпустка: Трієст, Мілан, Генуя і Венеція",16.09.2026,,348,,,
https://www.accordtour.com/tours/1118349,"Сонячна відпустка: Трієст, Мілан, Генуя і Венеція",18.09.2026,,348,,,
https://www.accordtour.com/tours/1118349,"Сонячна відпустка: Трієст, Мілан, Генуя і Венеція",22.09.2026,,348,,,
https://www.accordtour.com/tours/1118349,"Сонячна відпустка: Трієст, Мілан, Генуя і Венеція",02.10.2026,,348,,,
https://www.accordtour.com/tours/603600/avtobusni_ekonom_tury/italiia,Випускний в Італії: 2 дні в Римі + відпочинок на морі,29.05.2026,,357,,,
https://www.accordtour.com/tours/603600/avtobusni_ekonom_tury/italiia,Випускний в Італії: 2 дні в Римі + відпочинок на морі,06.06.2026,,357,,,
https://www.accordtour.com/tours/603600/avtobusni_ekonom_tury/italiia,Випускний в Італії: 2 дні в Римі + відпочинок на морі,08.06.2026,,357,,,
https://www.accordtour.com/tours/603600/avtobusni_ekonom_tury/italiia,Випускний в Італії: 2 дні в Римі + відпочинок на морі,11.06.2026,,357,,,
https://www.accordtour.com/tours/603600/avtobusni_ekonom_tury/italiia,Випускний в Італії: 2 дні в Римі + відпочинок на морі,21.06.2026,,357,,,
https://www.accordtour.com/tours/603600/avtobusni_ekonom_tury/italiia,Випускний в Італії: 2 дні в Римі + відпочинок на морі,26.06.2026,,357,,,
https://www.accordtour.com/tours/603600/avtobusni_ekonom_tury/italiia,Випускний в Італії: 2 дні в Римі + відпочинок на морі,03.07.2026,,357,,,
https://www.accordtour.com/tours/603600/avtobusni_ekonom_tury/italiia,Випускний в Італії: 2 дні в Римі + відпочинок на морі,15.07.2026,,357,,,
https://www.accordtour.com/tours/603600/avtobusni_ekonom_tury/italiia,Випускний в Італії: 2 дні в Римі + відпочинок на морі,19.07.2026,,357,,,
https://www.accordtour.com/tours/603600/avtobusni_ekonom_tury/italiia,Випускний в Італії: 2 дні в Римі + відпочинок на морі,20.07.2026,,357,,,
https://www.accordtour.com/tours/603600/avtobusni_ekonom_tury/italiia,Випускний в Італії: 2 дні в Римі + відпочинок на морі,24.07.2026,,357,,,
https://www.accordtour.com/tours/603600/avtobusni_ekonom_tury/italiia,Випускний в Італії: 2 дні в Римі + відпочинок на морі,28.07.2026,,357,,,
https://www.accordtour.com/tours/603600/avtobusni_ekonom_tury/italiia,Випускний в Італії: 2 дні в Римі + відпочинок на морі,04.08.2026,,357,,,
https://www.accordtour.com/tours/603600/avtobusni_ekonom_tury/italiia,Випускний в Італії: 2 дні в Римі + відпочинок на морі,09.08.2026,,357,,,
https://www.accordtour.com/tours/603600/avtobusni_ekonom_tury/italiia,Випускний в Італії: 2 дні в Римі + відпочинок на морі,19.08.2026,,357,,,
https://www.accordtour.com/tours/603600/avtobusni_ekonom_tury/italiia,Випускний в Італії: 2 дні в Римі + відпочинок на морі,22.08.2026,,357,,,
https://www.accordtour.com/tours/603600/avtobusni_ekonom_tury/italiia,Випускний в Італії: 2 дні в Римі + відпочинок на морі,28.08.2026,,357,,,
https://www.accordtour.com/tours/603600/avtobusni_ekonom_tury/italiia,Випускний в Італії: 2 дні в Римі + відпочинок на морі,29.08.2026,,357,,,
https://www.accordtour.com/tours/603600/avtobusni_ekonom_tury/italiia,Випускний в Італії: 2 дні в Римі + відпочинок на морі,04.09.2026,,357,,,
https://www.accordtour.com/tours/603600/avtobusni_ekonom_tury/italiia,Випускний в Італії: 2 дні в Римі + відпочинок на морі,12.09.2026,,357,,,
https://www.accordtour.com/tours/603600/avtobusni_ekonom_tury/italiia,Випускний в Італії: 2 дні в Римі + відпочинок на морі,16.09.2026,,357,,,
https://www.accordtour.com/tours/603600/avtobusni_ekonom_tury/italiia,Випускний в Італії: 2 дні в Римі + відпочинок на морі,17.09.2026,,357,,,
https://www.accordtour.com/tours/603600/avtobusni_ekonom_tury/italiia,Випускний в Італії: 2 дні в Римі + відпочинок на морі,18.09.2026,,357,,,
https://www.accordtour.com/tours/603600/avtobusni_ekonom_tury/italiia,Випускний в Італії: 2 дні в Римі + відпочинок на морі,22.09.2026,,357,,,
https://www.accordtour.com/tours/601066,"Париж в моді, при любій погоді!",28.05.2026,,336,,,
https://www.accordtour.com/tours/601066,"Париж в моді, при любій погоді!",29.05.2026,,336,,,
https://www.accordtour.com/tours/601066,"Париж в моді, при любій погоді!",06.06.2026,,336,,,
https://www.accordtour.com/tours/601066,"Париж в моді, при любій погоді!",08.06.2026,,336,,,
https://www.accordtour.com/tours/601066,"Париж в моді, при любій погоді!",09.06.2026,,336,,,
https://www.accordtour.com/tours/601066,"Париж в моді, при любій погоді!",10.06.2026,,336,,,
https://www.accordtour.com/tours/601066,"Париж в моді, при любій погоді!",11.06.2026,,336,,,
https://www.accordtour.com/tours/601066,"Париж в моді, при любій погоді!",13.06.2026,,336,,,
https://www.accordtour.com/tours/601066,"Париж в моді, при любій погоді!",14.06.2026,,336,,,
https://www.accordtour.com/tours/601066,"Париж в моді, при любій погоді!",15.06.2026,,336,,,
https://www.accordtour.com/tours/601066,"Париж в моді, при любій погоді!",24.06.2026,,336,,,
https://www.accordtour.com/tours/601066,"Париж в моді, при любій погоді!",26.06.2026,,336,,,
https://www.accordtour.com/tours/601066,"Париж в моді, при любій погоді!",27.06.2026,,336,,,
https://www.accordtour.com/tours/601066,"Париж в моді, при любій погоді!",28.06.2026,,336,,,
https://www.accordtour.com/tours/601066,"Париж в моді, при любій погоді!",30.06.2026,,336,,,
https://www.accordtour.com/tours/601066,"Париж в моді, при любій погоді!",05.07.2026,,336,,,
https://www.accordtour.com/tours/601066,"Париж в моді, при любій погоді!",06.07.2026,,336,,,
https://www.accordtour.com/tours/601066,"Париж в моді, при любій погоді!",08.07.2026,,336,,,
https://www.accordtour.com/tours/601066,"Париж в моді, при любій погоді!",15.07.2026,,336,,,
https://www.accordtour.com/tours/601066,"Париж в моді, при любій погоді!",18.07.2026,,336,,,
https://www.accordtour.com/tours/601066,"Париж в моді, при любій погоді!",19.07.2026,,336,,,
https://www.accordtour.com/tours/601066,"Париж в моді, при любій погоді!",20.07.2026,,336,,,
https://www.accordtour.com/tours/601066,"Париж в моді, при любій погоді!",24.07.2026,,336,,,
https://www.accordtour.com/tours/601066,"Париж в моді, при любій погоді!",28.07.2026,,336,,,
https://www.accordtour.com/tours/601066,"Париж в моді, при любій погоді!",29.07.2026,,336,,,
https://www.accordtour.com/tours/601066,"Париж в моді, при любій погоді!",30.07.2026,,336,,,
https://www.accordtour.com/tours/3860,"Мрії в подарунок&hellip; Егер, Відень і Будапешт!",29.05.2026,,168,,,
https://www.accordtour.com/tours/3860,"Мрії в подарунок&hellip; Егер, Відень і Будапешт!",04.06.2026,,168,,,
https://www.accordtour.com/tours/3860,"Мрії в подарунок&hellip; Егер, Відень і Будапешт!",06.06.2026,,168,,,
https://www.accordtour.com/tours/3860,"Мрії в подарунок&hellip; Егер, Відень і Будапешт!",11.06.2026,,168,,,
https://www.accordtour.com/tours/3860,"Мрії в подарунок&hellip; Егер, Відень і Будапешт!",21.06.2026,,168,,,
https://www.accordtour.com/tours/3860,"Мрії в подарунок&hellip; Егер, Відень і Будапешт!",26.06.2026,,168,,,
https://www.accordtour.com/tours/3860,"Мрії в подарунок&hellip; Егер, Відень і Будапешт!",27.06.2026,,168,,,
https://www.accordtour.com/tours/3860,"Мрії в подарунок&hellip; Егер, Відень і Будапешт!",03.07.2026,,168,,,
https://www.accordtour.com/tours/3860,"Мрії в подарунок&hellip; Егер, Відень і Будапешт!",04.07.2026,,168,,,
https://www.accordtour.com/tours/3860,"Мрії в подарунок&hellip; Егер, Відень і Будапешт!",11.07.2026,,168,,,
https://www.accordtour.com/tours/3860,"Мрії в подарунок&hellip; Егер, Відень і Будапешт!",16.07.2026,,168,,,
https://www.accordtour.com/tours/3860,"Мрії в подарунок&hellip; Егер, Відень і Будапешт!",19.07.2026,,168,,,
https://www.accordtour.com/tours/3860,"Мрії в подарунок&hellip; Егер, Відень і Будапешт!",24.07.2026,,168,,,
https://www.accordtour.com/tours/3860,"Мрії в подарунок&hellip; Егер, Відень і Будапешт!",28.07.2026,,168,,,
https://www.accordtour.com/tours/3860,"Мрії в подарунок&hellip; Егер, Відень і Будапешт!",09.08.2026,,168,,,
https://www.accordtour.com/tours/3860,"Мрії в подарунок&hellip; Егер, Відень і Будапешт!",15.08.2026,,168,,,
https://www.accordtour.com/tours/3860,"Мрії в подарунок&hellip; Егер, Відень і Будапешт!",22.08.2026,,168,,,
https://www.accordtour.com/tours/3860,"Мрії в подарунок&hellip; Егер, Відень і Будапешт!",29.08.2026,,168,,,
https://www.accordtour.com/tours/3860,"Мрії в подарунок&hellip; Егер, Відень і Будапешт!",04.09.2026,,168,,,
https://www.accordtour.com/tours/3860,"Мрії в подарунок&hellip; Егер, Відень і Будапешт!",12.09.2026,,168,,,
https://www.accordtour.com/tours/3860,"Мрії в подарунок&hellip; Егер, Відень і Будапешт!",18.09.2026,,168,,,
https://www.accordtour.com/tours/3860,"Мрії в подарунок&hellip; Егер, Відень і Будапешт!",25.09.2026,,168,,,
https://www.accordtour.com/tours/1118186/tab/tab_price/tour_date/2026-06-13/cls_number_adult_cnt/%7B1:1%7D/cls_number_child_age/%7B%7D/tour_include_ins/true,Естетика півдня: Амальфітанське узбережжя + Рим,29.05.2026,,530,,,
https://www.accordtour.com/tours/1118186/tab/tab_price/tour_date/2026-06-13/cls_number_adult_cnt/%7B1:1%7D/cls_number_child_age/%7B%7D/tour_include_ins/true,Естетика півдня: Амальфітанське узбережжя + Рим,06.06.2026,,530,,,
https://www.accordtour.com/tours/1118186/tab/tab_price/tour_date/2026-06-13/cls_number_adult_cnt/%7B1:1%7D/cls_number_child_age/%7B%7D/tour_include_ins/true,Естетика півдня: Амальфітанське узбережжя + Рим,13.06.2026,,530,,,
https://www.accordtour.com/tours/1118186/tab/tab_price/tour_date/2026-06-13/cls_number_adult_cnt/%7B1:1%7D/cls_number_child_age/%7B%7D/tour_include_ins/true,Естетика півдня: Амальфітанське узбережжя + Рим,14.06.2026,,530,,,
https://www.accordtour.com/tours/1118186/tab/tab_price/tour_date/2026-06-13/cls_number_adult_cnt/%7B1:1%7D/cls_number_child_age/%7B%7D/tour_include_ins/true,Естетика півдня: Амальфітанське узбережжя + Рим,26.06.2026,,530,,,
https://www.accordtour.com/tours/1118186/tab/tab_price/tour_date/2026-06-13/cls_number_adult_cnt/%7B1:1%7D/cls_number_child_age/%7B%7D/tour_include_ins/true,Естетика півдня: Амальфітанське узбережжя + Рим,28.06.2026,,530,,,
https://www.accordtour.com/tours/1118186/tab/tab_price/tour_date/2026-06-13/cls_number_adult_cnt/%7B1:1%7D/cls_number_child_age/%7B%7D/tour_include_ins/true,Естетика півдня: Амальфітанське узбережжя + Рим,30.06.2026,,530,,,
https://www.accordtour.com/tours/1118186/tab/tab_price/tour_date/2026-06-13/cls_number_adult_cnt/%7B1:1%7D/cls_number_child_age/%7B%7D/tour_include_ins/true,Естетика півдня: Амальфітанське узбережжя + Рим,05.07.2026,,530,,,
https://www.accordtour.com/tours/1118186/tab/tab_price/tour_date/2026-06-13/cls_number_adult_cnt/%7B1:1%7D/cls_number_child_age/%7B%7D/tour_include_ins/true,Естетика півдня: Амальфітанське узбережжя + Рим,08.07.2026,,530,,,
https://www.accordtour.com/tours/1118186/tab/tab_price/tour_date/2026-06-13/cls_number_adult_cnt/%7B1:1%7D/cls_number_child_age/%7B%7D/tour_include_ins/true,Естетика півдня: Амальфітанське узбережжя + Рим,15.07.2026,,530,,,
https://www.accordtour.com/tours/1118186/tab/tab_price/tour_date/2026-06-13/cls_number_adult_cnt/%7B1:1%7D/cls_number_child_age/%7B%7D/tour_include_ins/true,Естетика півдня: Амальфітанське узбережжя + Рим,19.07.2026,,530,,,
https://www.accordtour.com/tours/1118186/tab/tab_price/tour_date/2026-06-13/cls_number_adult_cnt/%7B1:1%7D/cls_number_child_age/%7B%7D/tour_include_ins/true,Естетика півдня: Амальфітанське узбережжя + Рим,24.07.2026,,530,,,
https://www.accordtour.com/tours/1118186/tab/tab_price/tour_date/2026-06-13/cls_number_adult_cnt/%7B1:1%7D/cls_number_child_age/%7B%7D/tour_include_ins/true,Естетика півдня: Амальфітанське узбережжя + Рим,31.07.2026,,530,,,
https://www.accordtour.com/tours/1118186/tab/tab_price/tour_date/2026-06-13/cls_number_adult_cnt/%7B1:1%7D/cls_number_child_age/%7B%7D/tour_include_ins/true,Естетика півдня: Амальфітанське узбережжя + Рим,02.08.2026,,530,,,
https://www.accordtour.com/tours/1118186/tab/tab_price/tour_date/2026-06-13/cls_number_adult_cnt/%7B1:1%7D/cls_number_child_age/%7B%7D/tour_include_ins/true,Естетика півдня: Амальфітанське узбережжя + Рим,04.08.2026,,530,,,
https://www.accordtour.com/tours/1118186/tab/tab_price/tour_date/2026-06-13/cls_number_adult_cnt/%7B1:1%7D/cls_number_child_age/%7B%7D/tour_include_ins/true,Естетика півдня: Амальфітанське узбережжя + Рим,19.08.2026,,530,,,
https://www.accordtour.com/tours/1118186/tab/tab_price/tour_date/2026-06-13/cls_number_adult_cnt/%7B1:1%7D/cls_number_child_age/%7B%7D/tour_include_ins/true,Естетика півдня: Амальфітанське узбережжя + Рим,22.08.2026,,530,,,
https://www.accordtour.com/tours/1118186/tab/tab_price/tour_date/2026-06-13/cls_number_adult_cnt/%7B1:1%7D/cls_number_child_age/%7B%7D/tour_include_ins/true,Естетика півдня: Амальфітанське узбережжя + Рим,29.08.2026,,530,,,
https://www.accordtour.com/tours/1118186/tab/tab_price/tour_date/2026-06-13/cls_number_adult_cnt/%7B1:1%7D/cls_number_child_age/%7B%7D/tour_include_ins/true,Естетика півдня: Амальфітанське узбережжя + Рим,07.09.2026,,530,,,
https://www.accordtour.com/tours/1118186/tab/tab_price/tour_date/2026-06-13/cls_number_adult_cnt/%7B1:1%7D/cls_number_child_age/%7B%7D/tour_include_ins/true,Естетика півдня: Амальфітанське узбережжя + Рим,12.09.2026,,530,,,
https://www.accordtour.com/tours/1118186/tab/tab_price/tour_date/2026-06-13/cls_number_adult_cnt/%7B1:1%7D/cls_number_child_age/%7B%7D/tour_include_ins/true,Естетика півдня: Амальфітанське узбережжя + Рим,18.09.2026,,530,,,
https://www.accordtour.com/tours/1118186/tab/tab_price/tour_date/2026-06-13/cls_number_adult_cnt/%7B1:1%7D/cls_number_child_age/%7B%7D/tour_include_ins/true,Естетика півдня: Амальфітанське узбережжя + Рим,22.09.2026,,530,,,
https://www.accordtour.com/tours/1118186/tab/tab_price/tour_date/2026-06-13/cls_number_adult_cnt/%7B1:1%7D/cls_number_child_age/%7B%7D/tour_include_ins/true,Естетика півдня: Амальфітанське узбережжя + Рим,27.09.2026,,530,,,
https://www.accordtour.com/tours/1118186/tab/tab_price/tour_date/2026-06-13/cls_number_adult_cnt/%7B1:1%7D/cls_number_child_age/%7B%7D/tour_include_ins/true,Естетика півдня: Амальфітанське узбережжя + Рим,29.09.2026,,530,,,
https://www.accordtour.com/tours/160310,"Love is...Венеція і Париж! + Діснейленд, Верона та Мілан...",28.05.2026,,326,,,
https://www.accordtour.com/tours/160310,"Love is...Венеція і Париж! + Діснейленд, Верона та Мілан...",29.05.2026,,326,,,
https://www.accordtour.com/tours/160310,"Love is...Венеція і Париж! + Діснейленд, Верона та Мілан...",06.06.2026,,326,,,
https://www.accordtour.com/tours/160310,"Love is...Венеція і Париж! + Діснейленд, Верона та Мілан...",08.06.2026,,326,,,
https://www.accordtour.com/tours/160310,"Love is...Венеція і Париж! + Діснейленд, Верона та Мілан...",09.06.2026,,326,,,
https://www.accordtour.com/tours/160310,"Love is...Венеція і Париж! + Діснейленд, Верона та Мілан...",10.06.2026,,326,,,
https://www.accordtour.com/tours/160310,"Love is...Венеція і Париж! + Діснейленд, Верона та Мілан...",11.06.2026,,326,,,
https://www.accordtour.com/tours/160310,"Love is...Венеція і Париж! + Діснейленд, Верона та Мілан...",13.06.2026,,326,,,
https://www.accordtour.com/tours/160310,"Love is...Венеція і Париж! + Діснейленд, Верона та Мілан...",14.06.2026,,326,,,
https://www.accordtour.com/tours/160310,"Love is...Венеція і Париж! + Діснейленд, Верона та Мілан...",15.06.2026,,326,,,
https://www.accordtour.com/tours/160310,"Love is...Венеція і Париж! + Діснейленд, Верона та Мілан...",24.06.2026,,326,,,
https://www.accordtour.com/tours/160310,"Love is...Венеція і Париж! + Діснейленд, Верона та Мілан...",26.06.2026,,326,,,
https://www.accordtour.com/tours/160310,"Love is...Венеція і Париж! + Діснейленд, Верона та Мілан...",27.06.2026,,326,,,
https://www.accordtour.com/tours/160310,"Love is...Венеція і Париж! + Діснейленд, Верона та Мілан...",28.06.2026,,326,,,
https://www.accordtour.com/tours/160310,"Love is...Венеція і Париж! + Діснейленд, Верона та Мілан...",30.06.2026,,326,,,
https://www.accordtour.com/tours/160310,"Love is...Венеція і Париж! + Діснейленд, Верона та Мілан...",05.07.2026,,326,,,
https://www.accordtour.com/tours/160310,"Love is...Венеція і Париж! + Діснейленд, Верона та Мілан...",06.07.2026,,326,,,
https://www.accordtour.com/tours/160310,"Love is...Венеція і Париж! + Діснейленд, Верона та Мілан...",08.07.2026,,326,,,
https://www.accordtour.com/tours/160310,"Love is...Венеція і Париж! + Діснейленд, Верона та Мілан...",15.07.2026,,326,,,
https://www.accordtour.com/tours/160310,"Love is...Венеція і Париж! + Діснейленд, Верона та Мілан...",18.07.2026,,326,,,
https://www.accordtour.com/tours/160310,"Love is...Венеція і Париж! + Діснейленд, Верона та Мілан...",19.07.2026,,326,,,
https://www.accordtour.com/tours/160310,"Love is...Венеція і Париж! + Діснейленд, Верона та Мілан...",20.07.2026,,326,,,
https://www.accordtour.com/tours/160310,"Love is...Венеція і Париж! + Діснейленд, Верона та Мілан...",24.07.2026,,326,,,
https://www.accordtour.com/tours/160310,"Love is...Венеція і Париж! + Діснейленд, Верона та Мілан...",28.07.2026,,326,,,
https://www.accordtour.com/tours/160310,"Love is...Венеція і Париж! + Діснейленд, Верона та Мілан...",29.07.2026,,326,,,
https://www.accordtour.com/tours/160310,"Love is...Венеція і Париж! + Діснейленд, Верона та Мілан...",30.07.2026,,326,,,
https://www.accordtour.com/tours/5601,Must seе - Amsterdam або 2 дні в Амстердамі!,28.05.2026,,267,,,
https://www.accordtour.com/tours/5601,Must seе - Amsterdam або 2 дні в Амстердамі!,29.05.2026,,267,,,
https://www.accordtour.com/tours/5601,Must seе - Amsterdam або 2 дні в Амстердамі!,06.06.2026,,267,,,
https://www.accordtour.com/tours/5601,Must seе - Amsterdam або 2 дні в Амстердамі!,08.06.2026,,267,,,
https://www.accordtour.com/tours/5601,Must seе - Amsterdam або 2 дні в Амстердамі!,09.06.2026,,267,,,
https://www.accordtour.com/tours/5601,Must seе - Amsterdam або 2 дні в Амстердамі!,10.06.2026,,267,,,
https://www.accordtour.com/tours/5601,Must seе - Amsterdam або 2 дні в Амстердамі!,11.06.2026,,267,,,
https://www.accordtour.com/tours/5601,Must seе - Amsterdam або 2 дні в Амстердамі!,13.06.2026,,267,,,
https://www.accordtour.com/tours/5601,Must seе - Amsterdam або 2 дні в Амстердамі!,14.06.2026,,267,,,
https://www.accordtour.com/tours/5601,Must seе - Amsterdam або 2 дні в Амстердамі!,15.06.2026,,267,,,
https://www.accordtour.com/tours/5601,Must seе - Amsterdam або 2 дні в Амстердамі!,24.06.2026,,267,,,
https://www.accordtour.com/tours/5601,Must seе - Amsterdam або 2 дні в Амстердамі!,26.06.2026,,267,,,
https://www.accordtour.com/tours/5601,Must seе - Amsterdam або 2 дні в Амстердамі!,27.06.2026,,267,,,
https://www.accordtour.com/tours/5601,Must seе - Amsterdam або 2 дні в Амстердамі!,28.06.2026,,267,,,
https://www.accordtour.com/tours/5601,Must seе - Amsterdam або 2 дні в Амстердамі!,30.06.2026,,267,,,
https://www.accordtour.com/tours/5601,Must seе - Amsterdam або 2 дні в Амстердамі!,05.07.2026,,267,,,
https://www.accordtour.com/tours/5601,Must seе - Amsterdam або 2 дні в Амстердамі!,06.07.2026,,267,,,
https://www.accordtour.com/tours/5601,Must seе - Amsterdam або 2 дні в Амстердамі!,08.07.2026,,267,,,
https://www.accordtour.com/tours/5601,Must seе - Amsterdam або 2 дні в Амстердамі!,15.07.2026,,267,,,
https://www.accordtour.com/tours/5601,Must seе - Amsterdam або 2 дні в Амстердамі!,18.07.2026,,267,,,
https://www.accordtour.com/tours/5601,Must seе - Amsterdam або 2 дні в Амстердамі!,19.07.2026,,267,,,
https://www.accordtour.com/tours/5601,Must seе - Amsterdam або 2 дні в Амстердамі!,20.07.2026,,267,,,
https://www.accordtour.com/tours/5601,Must seе - Amsterdam або 2 дні в Амстердамі!,24.07.2026,,267,,,
https://www.accordtour.com/tours/5601,Must seе - Amsterdam або 2 дні в Амстердамі!,28.07.2026,,267,,,
https://www.accordtour.com/tours/5601,Must seе - Amsterdam або 2 дні в Амстердамі!,29.07.2026,,267,,,
https://www.accordtour.com/tours/5601,Must seе - Amsterdam або 2 дні в Амстердамі!,30.07.2026,,267,,,
https://www.accordtour.com/tours/830681,Мій маленький рай - Чорногорія!,31.05.2026,,336,,,
https://www.accordtour.com/tours/830681,Мій маленький рай - Чорногорія!,05.06.2026,,336,,,
https://www.accordtour.com/tours/830681,Мій маленький рай - Чорногорія!,10.06.2026,,336,,,
https://www.accordtour.com/tours/830681,Мій маленький рай - Чорногорія!,15.06.2026,,336,,,
https://www.accordtour.com/tours/830681,Мій маленький рай - Чорногорія!,20.06.2026,,336,,,
https://www.accordtour.com/tours/830681,Мій маленький рай - Чорногорія!,25.06.2026,,336,,,
https://www.accordtour.com/tours/830681,Мій маленький рай - Чорногорія!,30.06.2026,,336,,,
https://www.accordtour.com/tours/830681,Мій маленький рай - Чорногорія!,05.07.2026,,336,,,
https://www.accordtour.com/tours/830681,Мій маленький рай - Чорногорія!,10.07.2026,,336,,,
https://www.accordtour.com/tours/830681,Мій маленький рай - Чорногорія!,15.07.2026,,336,,,
https://www.accordtour.com/tours/830681,Мій маленький рай - Чорногорія!,20.07.2026,,336,,,
https://www.accordtour.com/tours/830681,Мій маленький рай - Чорногорія!,25.07.2026,,336,,,
https://www.accordtour.com/tours/830681,Мій маленький рай - Чорногорія!,30.07.2026,,336,,,
https://www.accordtour.com/tours/830681,Мій маленький рай - Чорногорія!,04.08.2026,,336,,,
https://www.accordtour.com/tours/830681,Мій маленький рай - Чорногорія!,09.08.2026,,336,,,
https://www.accordtour.com/tours/830681,Мій маленький рай - Чорногорія!,14.08.2026,,336,,,
https://www.accordtour.com/tours/830681,Мій маленький рай - Чорногорія!,19.08.2026,,336,,,
https://www.accordtour.com/tours/830681,Мій маленький рай - Чорногорія!,24.08.2026,,336,,,
https://www.accordtour.com/tours/830681,Мій маленький рай - Чорногорія!,29.08.2026,,336,,,
https://www.accordtour.com/tours/830681,Мій маленький рай - Чорногорія!,03.09.2026,,336,,,
https://www.accordtour.com/tours/830681,Мій маленький рай - Чорногорія!,08.09.2026,,336,,,
https://www.accordtour.com/tours/830681,Мій маленький рай - Чорногорія!,13.09.2026,,336,,,
https://www.accordtour.com/tours/830681,Мій маленький рай - Чорногорія!,18.09.2026,,336,,,
https://www.accordtour.com/tours/830681,Мій маленький рай - Чорногорія!,23.09.2026,,336,,,
https://www.accordtour.com/tours/611606,Балканська красуня - Чорногорія! Відпочинок на Адріатичному узбережжі...,31.05.2026,,370,,,
https://www.accordtour.com/tours/611606,Балканська красуня - Чорногорія! Відпочинок на Адріатичному узбережжі...,05.06.2026,,370,,,
https://www.accordtour.com/tours/611606,Балканська красуня - Чорногорія! Відпочинок на Адріатичному узбережжі...,10.06.2026,,370,,,
https://www.accordtour.com/tours/611606,Балканська красуня - Чорногорія! Відпочинок на Адріатичному узбережжі...,15.06.2026,,370,,,
https://www.accordtour.com/tours/611606,Балканська красуня - Чорногорія! Відпочинок на Адріатичному узбережжі...,20.06.2026,,370,,,
https://www.accordtour.com/tours/611606,Балканська красуня - Чорногорія! Відпочинок на Адріатичному узбережжі...,25.06.2026,,370,,,
https://www.accordtour.com/tours/611606,Балканська красуня - Чорногорія! Відпочинок на Адріатичному узбережжі...,30.06.2026,,370,,,
https://www.accordtour.com/tours/611606,Балканська красуня - Чорногорія! Відпочинок на Адріатичному узбережжі...,05.07.2026,,370,,,
https://www.accordtour.com/tours/611606,Балканська красуня - Чорногорія! Відпочинок на Адріатичному узбережжі...,10.07.2026,,370,,,
https://www.accordtour.com/tours/611606,Балканська красуня - Чорногорія! Відпочинок на Адріатичному узбережжі...,15.07.2026,,370,,,
https://www.accordtour.com/tours/611606,Балканська красуня - Чорногорія! Відпочинок на Адріатичному узбережжі...,20.07.2026,,370,,,
https://www.accordtour.com/tours/611606,Балканська красуня - Чорногорія! Відпочинок на Адріатичному узбережжі...,25.07.2026,,370,,,
https://www.accordtour.com/tours/611606,Балканська красуня - Чорногорія! Відпочинок на Адріатичному узбережжі...,30.07.2026,,370,,,
https://www.accordtour.com/tours/611606,Балканська красуня - Чорногорія! Відпочинок на Адріатичному узбережжі...,04.08.2026,,370,,,
https://www.accordtour.com/tours/611606,Балканська красуня - Чорногорія! Відпочинок на Адріатичному узбережжі...,09.08.2026,,370,,,
https://www.accordtour.com/tours/611606,Балканська красуня - Чорногорія! Відпочинок на Адріатичному узбережжі...,14.08.2026,,370,,,
https://www.accordtour.com/tours/611606,Балканська красуня - Чорногорія! Відпочинок на Адріатичному узбережжі...,19.08.2026,,370,,,
https://www.accordtour.com/tours/611606,Балканська красуня - Чорногорія! Відпочинок на Адріатичному узбережжі...,24.08.2026,,370,,,
https://www.accordtour.com/tours/611606,Балканська красуня - Чорногорія! Відпочинок на Адріатичному узбережжі...,29.08.2026,,370,,,
https://www.accordtour.com/tours/611606,Балканська красуня - Чорногорія! Відпочинок на Адріатичному узбережжі...,03.09.2026,,370,,,
https://www.accordtour.com/tours/611606,Балканська красуня - Чорногорія! Відпочинок на Адріатичному узбережжі...,08.09.2026,,370,,,
https://www.accordtour.com/tours/611606,Балканська красуня - Чорногорія! Відпочинок на Адріатичному узбережжі...,13.09.2026,,370,,,
https://www.accordtour.com/tours/611606,Балканська красуня - Чорногорія! Відпочинок на Адріатичному узбережжі...,18.09.2026,,370,,,
https://www.accordtour.com/tours/611606,Балканська красуня - Чорногорія! Відпочинок на Адріатичному узбережжі...,23.09.2026,,370,,,
https://www.accordtour.com/tours/8427,Швейцарське фондю: вся Швейцарія і Австрія!!!,28.05.2026,,495,,,
https://www.accordtour.com/tours/8427,Швейцарське фондю: вся Швейцарія і Австрія!!!,11.06.2026,,495,,,
https://www.accordtour.com/tours/8427,Швейцарське фондю: вся Швейцарія і Австрія!!!,24.06.2026,,495,,,
https://www.accordtour.com/tours/8427,Швейцарське фондю: вся Швейцарія і Австрія!!!,26.06.2026,,495,,,
https://www.accordtour.com/tours/8427,Швейцарське фондю: вся Швейцарія і Австрія!!!,27.06.2026,,495,,,
https://www.accordtour.com/tours/8427,Швейцарське фондю: вся Швейцарія і Австрія!!!,17.07.2026,,495,,,
https://www.accordtour.com/tours/8427,Швейцарське фондю: вся Швейцарія і Австрія!!!,24.07.2026,,495,,,
https://www.accordtour.com/tours/8427,Швейцарське фондю: вся Швейцарія і Австрія!!!,31.07.2026,,495,,,
https://www.accordtour.com/tours/8427,Швейцарське фондю: вся Швейцарія і Австрія!!!,01.08.2026,,495,,,
https://www.accordtour.com/tours/8427,Швейцарське фондю: вся Швейцарія і Австрія!!!,02.08.2026,,495,,,
https://www.accordtour.com/tours/8427,Швейцарське фондю: вся Швейцарія і Австрія!!!,15.08.2026,,495,,,
https://www.accordtour.com/tours/8427,Швейцарське фондю: вся Швейцарія і Австрія!!!,23.08.2026,,495,,,
https://www.accordtour.com/tours/8427,Швейцарське фондю: вся Швейцарія і Австрія!!!,22.09.2026,,495,,,
https://www.accordtour.com/tours/8427,Швейцарське фондю: вся Швейцарія і Австрія!!!,29.09.2026,,495,,,
https://www.accordtour.com/tours/8427,Швейцарське фондю: вся Швейцарія і Австрія!!!,24.10.2026,,495,,,
https://www.accordtour.com/tours/8427,Швейцарське фондю: вся Швейцарія і Австрія!!!,03.11.2026,,495,,,
https://www.accordtour.com/tours/8427,Швейцарське фондю: вся Швейцарія і Австрія!!!,23.11.2026,,495,,,
https://www.accordtour.com/tours/8427,Швейцарське фондю: вся Швейцарія і Австрія!!!,24.11.2026,,495,,,
https://www.accordtour.com/tours/8427,Швейцарське фондю: вся Швейцарія і Австрія!!!,30.11.2026,,495,,,
https://www.accordtour.com/tours/8427,Швейцарське фондю: вся Швейцарія і Австрія!!!,11.12.2026,,495,,,
https://www.accordtour.com/tours/8427,Швейцарське фондю: вся Швейцарія і Австрія!!!,14.12.2026,,495,,,
https://www.accordtour.com/tours/1118327,У ритмі літа... Відпочинок на Адріатичному морі Італії,29.05.2026,,342,,,
https://www.accordtour.com/tours/1118327,У ритмі літа... Відпочинок на Адріатичному морі Італії,06.06.2026,,342,,,
https://www.accordtour.com/tours/1118327,У ритмі літа... Відпочинок на Адріатичному морі Італії,11.06.2026,,342,,,
https://www.accordtour.com/tours/1118327,У ритмі літа... Відпочинок на Адріатичному морі Італії,21.06.2026,,342,,,
https://www.accordtour.com/tours/1118327,У ритмі літа... Відпочинок на Адріатичному морі Італії,26.06.2026,,342,,,
https://www.accordtour.com/tours/1118327,У ритмі літа... Відпочинок на Адріатичному морі Італії,03.07.2026,,342,,,
https://www.accordtour.com/tours/1118327,У ритмі літа... Відпочинок на Адріатичному морі Італії,15.07.2026,,342,,,
https://www.accordtour.com/tours/1118327,У ритмі літа... Відпочинок на Адріатичному морі Італії,19.07.2026,,342,,,
https://www.accordtour.com/tours/1118327,У ритмі літа... Відпочинок на Адріатичному морі Італії,24.07.2026,,342,,,
https://www.accordtour.com/tours/1118327,У ритмі літа... Відпочинок на Адріатичному морі Італії,28.07.2026,,342,,,
https://www.accordtour.com/tours/1118327,У ритмі літа... Відпочинок на Адріатичному морі Італії,04.08.2026,,342,,,
https://www.accordtour.com/tours/1118327,У ритмі літа... Відпочинок на Адріатичному морі Італії,09.08.2026,,342,,,
https://www.accordtour.com/tours/1118327,У ритмі літа... Відпочинок на Адріатичному морі Італії,19.08.2026,,342,,,
https://www.accordtour.com/tours/1118327,У ритмі літа... Відпочинок на Адріатичному морі Італії,22.08.2026,,342,,,
https://www.accordtour.com/tours/1118327,У ритмі літа... Відпочинок на Адріатичному морі Італії,28.08.2026,,342,,,
https://www.accordtour.com/tours/1118327,У ритмі літа... Відпочинок на Адріатичному морі Італії,04.09.2026,,342,,,
https://www.accordtour.com/tours/1118327,У ритмі літа... Відпочинок на Адріатичному морі Італії,12.09.2026,,342,,,
https://www.accordtour.com/tours/1118327,У ритмі літа... Відпочинок на Адріатичному морі Італії,18.09.2026,,342,,,
https://www.accordtour.com/tours/1118327,У ритмі літа... Відпочинок на Адріатичному морі Італії,22.09.2026,,342,,,
https://www.accordtour.com/tours/1118327,У ритмі літа... Відпочинок на Адріатичному морі Італії,02.10.2026,,342,,,
https://www.accordtour.com/tours/1118327,У ритмі літа... Відпочинок на Адріатичному морі Італії,06.10.2026,,342,,,
https://www.accordtour.com/tours/1118327,У ритмі літа... Відпочинок на Адріатичному морі Італії,18.10.2026,,342,,,
https://www.accordtour.com/tours/106686,Моя морська насолода! Відпочинок на Адріатичному морі Італії!,29.05.2026,,430,,,
https://www.accordtour.com/tours/106686,Моя морська насолода! Відпочинок на Адріатичному морі Італії!,06.06.2026,,430,,,
https://www.accordtour.com/tours/106686,Моя морська насолода! Відпочинок на Адріатичному морі Італії!,11.06.2026,,430,,,
https://www.accordtour.com/tours/106686,Моя морська насолода! Відпочинок на Адріатичному морі Італії!,21.06.2026,,430,,,
https://www.accordtour.com/tours/106686,Моя морська насолода! Відпочинок на Адріатичному морі Італії!,26.06.2026,,430,,,
https://www.accordtour.com/tours/106686,Моя морська насолода! Відпочинок на Адріатичному морі Італії!,03.07.2026,,430,,,
https://www.accordtour.com/tours/106686,Моя морська насолода! Відпочинок на Адріатичному морі Італії!,15.07.2026,,430,,,
https://www.accordtour.com/tours/106686,Моя морська насолода! Відпочинок на Адріатичному морі Італії!,19.07.2026,,430,,,
https://www.accordtour.com/tours/106686,Моя морська насолода! Відпочинок на Адріатичному морі Італії!,24.07.2026,,430,,,
https://www.accordtour.com/tours/106686,Моя морська насолода! Відпочинок на Адріатичному морі Італії!,28.07.2026,,430,,,
https://www.accordtour.com/tours/106686,Моя морська насолода! Відпочинок на Адріатичному морі Італії!,04.08.2026,,430,,,
https://www.accordtour.com/tours/106686,Моя морська насолода! Відпочинок на Адріатичному морі Італії!,09.08.2026,,430,,,
https://www.accordtour.com/tours/106686,Моя морська насолода! Відпочинок на Адріатичному морі Італії!,19.08.2026,,430,,,
https://www.accordtour.com/tours/106686,Моя морська насолода! Відпочинок на Адріатичному морі Італії!,22.08.2026,,430,,,
https://www.accordtour.com/tours/106686,Моя морська насолода! Відпочинок на Адріатичному морі Італії!,28.08.2026,,430,,,
https://www.accordtour.com/tours/106686,Моя морська насолода! Відпочинок на Адріатичному морі Італії!,04.09.2026,,430,,,
https://www.accordtour.com/tours/106686,Моя морська насолода! Відпочинок на Адріатичному морі Італії!,12.09.2026,,430,,,
https://www.accordtour.com/tours/106686,Моя морська насолода! Відпочинок на Адріатичному морі Італії!,18.09.2026,,430,,,
https://www.accordtour.com/tours/106686,Моя морська насолода! Відпочинок на Адріатичному морі Італії!,22.09.2026,,430,,,
https://www.accordtour.com/tours/106686,Моя морська насолода! Відпочинок на Адріатичному морі Італії!,02.10.2026,,430,,,
https://www.accordtour.com/tours/106686,Моя морська насолода! Відпочинок на Адріатичному морі Італії!,06.10.2026,,430,,,
https://www.accordtour.com/tours/106686,Моя морська насолода! Відпочинок на Адріатичному морі Італії!,18.10.2026,,430,,,
https://www.accordtour.com/tours/8385,Куточок морського раю&hellip; відпочинок на Лігурійському узбережжі Італії,29.05.2026,,547,,,
https://www.accordtour.com/tours/8385,Куточок морського раю&hellip; відпочинок на Лігурійському узбережжі Італії,06.06.2026,,547,,,
https://www.accordtour.com/tours/8385,Куточок морського раю&hellip; відпочинок на Лігурійському узбережжі Італії,14.06.2026,,547,,,
https://www.accordtour.com/tours/8385,Куточок морського раю&hellip; відпочинок на Лігурійському узбережжі Італії,17.06.2026,,547,,,
https://www.accordtour.com/tours/8385,Куточок морського раю&hellip; відпочинок на Лігурійському узбережжі Італії,26.06.2026,,547,,,
https://www.accordtour.com/tours/8385,Куточок морського раю&hellip; відпочинок на Лігурійському узбережжі Італії,05.07.2026,,547,,,
https://www.accordtour.com/tours/8385,Куточок морського раю&hellip; відпочинок на Лігурійському узбережжі Італії,08.07.2026,,547,,,
https://www.accordtour.com/tours/8385,Куточок морського раю&hellip; відпочинок на Лігурійському узбережжі Італії,19.07.2026,,547,,,
https://www.accordtour.com/tours/8385,Куточок морського раю&hellip; відпочинок на Лігурійському узбережжі Італії,24.07.2026,,547,,,
https://www.accordtour.com/tours/8385,Куточок морського раю&hellip; відпочинок на Лігурійському узбережжі Італії,31.07.2026,,547,,,
https://www.accordtour.com/tours/8385,Куточок морського раю&hellip; відпочинок на Лігурійському узбережжі Італії,02.08.2026,,547,,,
https://www.accordtour.com/tours/8385,Куточок морського раю&hellip; відпочинок на Лігурійському узбережжі Італії,09.08.2026,,547,,,
https://www.accordtour.com/tours/8385,Куточок морського раю&hellip; відпочинок на Лігурійському узбережжі Італії,15.08.2026,,547,,,
https://www.accordtour.com/tours/8385,Куточок морського раю&hellip; відпочинок на Лігурійському узбережжі Італії,23.08.2026,,547,,,
https://www.accordtour.com/tours/8385,Куточок морського раю&hellip; відпочинок на Лігурійському узбережжі Італії,29.08.2026,,547,,,
https://www.accordtour.com/tours/8385,Куточок морського раю&hellip; відпочинок на Лігурійському узбережжі Італії,07.09.2026,,547,,,
https://www.accordtour.com/tours/8385,Куточок морського раю&hellip; відпочинок на Лігурійському узбережжі Італії,13.09.2026,,547,,,
https://www.accordtour.com/tours/8385,Куточок морського раю&hellip; відпочинок на Лігурійському узбережжі Італії,18.09.2026,,547,,,
https://www.accordtour.com/tours/8385,Куточок морського раю&hellip; відпочинок на Лігурійському узбережжі Італії,22.09.2026,,547,,,
https://www.accordtour.com/tours/8385,Куточок морського раю&hellip; відпочинок на Лігурійському узбережжі Італії,27.09.2026,,547,,,
https://www.accordtour.com/tours/8385,Куточок морського раю&hellip; відпочинок на Лігурійському узбережжі Італії,04.10.2026,,547,,,
https://www.accordtour.com/tours/8385,Куточок морського раю&hellip; відпочинок на Лігурійському узбережжі Італії,14.10.2026,,547,,,
https://www.accordtour.com/tours/1118350,Відпустка на морі: відпочинок на Адріатичному узбережжі Італії,29.05.2026,,522,,,
https://www.accordtour.com/tours/1118350,Відпустка на морі: відпочинок на Адріатичному узбережжі Італії,06.06.2026,,522,,,
https://www.accordtour.com/tours/1118350,Відпустка на морі: відпочинок на Адріатичному узбережжі Італії,11.06.2026,,522,,,
https://www.accordtour.com/tours/1118350,Відпустка на морі: відпочинок на Адріатичному узбережжі Італії,21.06.2026,,522,,,
https://www.accordtour.com/tours/1118350,Відпустка на морі: відпочинок на Адріатичному узбережжі Італії,26.06.2026,,522,,,
https://www.accordtour.com/tours/1118350,Відпустка на морі: відпочинок на Адріатичному узбережжі Італії,03.07.2026,,522,,,
https://www.accordtour.com/tours/1118350,Відпустка на морі: відпочинок на Адріатичному узбережжі Італії,15.07.2026,,522,,,
https://www.accordtour.com/tours/1118350,Відпустка на морі: відпочинок на Адріатичному узбережжі Італії,19.07.2026,,522,,,
https://www.accordtour.com/tours/1118350,Відпустка на морі: відпочинок на Адріатичному узбережжі Італії,24.07.2026,,522,,,
https://www.accordtour.com/tours/1118350,Відпустка на морі: відпочинок на Адріатичному узбережжі Італії,28.07.2026,,522,,,
https://www.accordtour.com/tours/1118350,Відпустка на морі: відпочинок на Адріатичному узбережжі Італії,04.08.2026,,522,,,
https://www.accordtour.com/tours/1118350,Відпустка на морі: відпочинок на Адріатичному узбережжі Італії,09.08.2026,,522,,,
https://www.accordtour.com/tours/1118350,Відпустка на морі: відпочинок на Адріатичному узбережжі Італії,19.08.2026,,522,,,
https://www.accordtour.com/tours/1118350,Відпустка на морі: відпочинок на Адріатичному узбережжі Італії,22.08.2026,,522,,,
https://www.accordtour.com/tours/1118350,Відпустка на морі: відпочинок на Адріатичному узбережжі Італії,28.08.2026,,522,,,
https://www.accordtour.com/tours/1118350,Відпустка на морі: відпочинок на Адріатичному узбережжі Італії,04.09.2026,,522,,,
https://www.accordtour.com/tours/1118350,Відпустка на морі: відпочинок на Адріатичному узбережжі Італії,12.09.2026,,522,,,
https://www.accordtour.com/tours/1118350,Відпустка на морі: відпочинок на Адріатичному узбережжі Італії,18.09.2026,,522,,,
https://www.accordtour.com/tours/1118350,Відпустка на морі: відпочинок на Адріатичному узбережжі Італії,22.09.2026,,522,,,
https://www.accordtour.com/tours/1118350,Відпустка на морі: відпочинок на Адріатичному узбережжі Італії,02.10.2026,,522,,,
https://www.accordtour.com/tours/1118350,Відпустка на морі: відпочинок на Адріатичному узбережжі Італії,06.10.2026,,522,,,
https://www.accordtour.com/tours/1118350,Відпустка на морі: відпочинок на Адріатичному узбережжі Італії,18.10.2026,,522,,,
https://www.accordtour.com/tours/188681,Я і море - це amore: 3 ночі на узбережжі Адріатичного моря Італії,29.05.2026,,270,,,
https://www.accordtour.com/tours/188681,Я і море - це amore: 3 ночі на узбережжі Адріатичного моря Італії,06.06.2026,,270,,,
https://www.accordtour.com/tours/188681,Я і море - це amore: 3 ночі на узбережжі Адріатичного моря Італії,09.06.2026,,270,,,
https://www.accordtour.com/tours/188681,Я і море - це amore: 3 ночі на узбережжі Адріатичного моря Італії,11.06.2026,,270,,,
https://www.accordtour.com/tours/188681,Я і море - це amore: 3 ночі на узбережжі Адріатичного моря Італії,21.06.2026,,270,,,
https://www.accordtour.com/tours/188681,Я і море - це amore: 3 ночі на узбережжі Адріатичного моря Італії,26.06.2026,,270,,,
https://www.accordtour.com/tours/188681,Я і море - це amore: 3 ночі на узбережжі Адріатичного моря Італії,27.06.2026,,270,,,
https://www.accordtour.com/tours/188681,Я і море - це amore: 3 ночі на узбережжі Адріатичного моря Італії,03.07.2026,,270,,,
https://www.accordtour.com/tours/188681,Я і море - це amore: 3 ночі на узбережжі Адріатичного моря Італії,15.07.2026,,270,,,
https://www.accordtour.com/tours/188681,Я і море - це amore: 3 ночі на узбережжі Адріатичного моря Італії,19.07.2026,,270,,,
https://www.accordtour.com/tours/188681,Я і море - це amore: 3 ночі на узбережжі Адріатичного моря Італії,20.07.2026,,270,,,
https://www.accordtour.com/tours/188681,Я і море - це amore: 3 ночі на узбережжі Адріатичного моря Італії,24.07.2026,,270,,,
https://www.accordtour.com/tours/188681,Я і море - це amore: 3 ночі на узбережжі Адріатичного моря Італії,28.07.2026,,270,,,
https://www.accordtour.com/tours/188681,Я і море - це amore: 3 ночі на узбережжі Адріатичного моря Італії,04.08.2026,,270,,,
https://www.accordtour.com/tours/188681,Я і море - це amore: 3 ночі на узбережжі Адріатичного моря Італії,09.08.2026,,270,,,
https://www.accordtour.com/tours/188681,Я і море - це amore: 3 ночі на узбережжі Адріатичного моря Італії,19.08.2026,,270,,,
https://www.accordtour.com/tours/188681,Я і море - це amore: 3 ночі на узбережжі Адріатичного моря Італії,22.08.2026,,270,,,
https://www.accordtour.com/tours/188681,Я і море - це amore: 3 ночі на узбережжі Адріатичного моря Італії,29.08.2026,,270,,,
https://www.accordtour.com/tours/188681,Я і море - це amore: 3 ночі на узбережжі Адріатичного моря Італії,04.09.2026,,270,,,
https://www.accordtour.com/tours/188681,Я і море - це amore: 3 ночі на узбережжі Адріатичного моря Італії,12.09.2026,,270,,,
https://www.accordtour.com/tours/188681,Я і море - це amore: 3 ночі на узбережжі Адріатичного моря Італії,16.09.2026,,270,,,
https://www.accordtour.com/tours/188681,Я і море - це amore: 3 ночі на узбережжі Адріатичного моря Італії,18.09.2026,,270,,,
https://www.accordtour.com/tours/188681,Я і море - це amore: 3 ночі на узбережжі Адріатичного моря Італії,22.09.2026,,270,,,
https://www.accordtour.com/tours/7988,"Скандинавський бум: Стокгольм, Осло, Копенгаген! 3 столиці Скандинавії!",30.05.2026,,498,,,
https://www.accordtour.com/tours/7988,"Скандинавський бум: Стокгольм, Осло, Копенгаген! 3 столиці Скандинавії!",31.05.2026,,498,,,
https://www.accordtour.com/tours/7988,"Скандинавський бум: Стокгольм, Осло, Копенгаген! 3 столиці Скандинавії!",06.06.2026,,498,,,
https://www.accordtour.com/tours/7988,"Скандинавський бум: Стокгольм, Осло, Копенгаген! 3 столиці Скандинавії!",07.06.2026,,498,,,
https://www.accordtour.com/tours/7988,"Скандинавський бум: Стокгольм, Осло, Копенгаген! 3 столиці Скандинавії!",13.06.2026,,498,,,
https://www.accordtour.com/tours/7988,"Скандинавський бум: Стокгольм, Осло, Копенгаген! 3 столиці Скандинавії!",14.06.2026,,498,,,
https://www.accordtour.com/tours/7988,"Скандинавський бум: Стокгольм, Осло, Копенгаген! 3 столиці Скандинавії!",20.06.2026,,498,,,
https://www.accordtour.com/tours/7988,"Скандинавський бум: Стокгольм, Осло, Копенгаген! 3 столиці Скандинавії!",21.06.2026,,498,,,
https://www.accordtour.com/tours/7988,"Скандинавський бум: Стокгольм, Осло, Копенгаген! 3 столиці Скандинавії!",27.06.2026,,498,,,
https://www.accordtour.com/tours/7988,"Скандинавський бум: Стокгольм, Осло, Копенгаген! 3 столиці Скандинавії!",28.06.2026,,498,,,
https://www.accordtour.com/tours/7988,"Скандинавський бум: Стокгольм, Осло, Копенгаген! 3 столиці Скандинавії!",04.07.2026,,498,,,
https://www.accordtour.com/tours/7988,"Скандинавський бум: Стокгольм, Осло, Копенгаген! 3 столиці Скандинавії!",05.07.2026,,498,,,
https://www.accordtour.com/tours/7988,"Скандинавський бум: Стокгольм, Осло, Копенгаген! 3 столиці Скандинавії!",11.07.2026,,498,,,
https://www.accordtour.com/tours/7988,"Скандинавський бум: Стокгольм, Осло, Копенгаген! 3 столиці Скандинавії!",12.07.2026,,498,,,
https://www.accordtour.com/tours/7988,"Скандинавський бум: Стокгольм, Осло, Копенгаген! 3 столиці Скандинавії!",18.07.2026,,498,,,
https://www.accordtour.com/tours/7988,"Скандинавський бум: Стокгольм, Осло, Копенгаген! 3 столиці Скандинавії!",19.07.2026,,498,,,
https://www.accordtour.com/tours/7988,"Скандинавський бум: Стокгольм, Осло, Копенгаген! 3 столиці Скандинавії!",25.07.2026,,498,,,
https://www.accordtour.com/tours/7988,"Скандинавський бум: Стокгольм, Осло, Копенгаген! 3 столиці Скандинавії!",26.07.2026,,498,,,
https://www.accordtour.com/tours/7988,"Скандинавський бум: Стокгольм, Осло, Копенгаген! 3 столиці Скандинавії!",01.08.2026,,498,,,
https://www.accordtour.com/tours/7988,"Скандинавський бум: Стокгольм, Осло, Копенгаген! 3 столиці Скандинавії!",02.08.2026,,498,,,
https://www.accordtour.com/tours/7988,"Скандинавський бум: Стокгольм, Осло, Копенгаген! 3 столиці Скандинавії!",08.08.2026,,498,,,
https://www.accordtour.com/tours/7988,"Скандинавський бум: Стокгольм, Осло, Копенгаген! 3 столиці Скандинавії!",09.08.2026,,498,,,
https://www.accordtour.com/tours/7988,"Скандинавський бум: Стокгольм, Осло, Копенгаген! 3 столиці Скандинавії!",15.08.2026,,498,,,
https://www.accordtour.com/tours/7988,"Скандинавський бум: Стокгольм, Осло, Копенгаген! 3 столиці Скандинавії!",16.08.2026,,498,,,
https://www.accordtour.com/tours/7988,"Скандинавський бум: Стокгольм, Осло, Копенгаген! 3 столиці Скандинавії!",22.08.2026,,498,,,
https://www.accordtour.com/tours/1110,Підкоренні красою&hellip; Скандинавія і Фйорди!,30.05.2026,,686,,,
https://www.accordtour.com/tours/1110,Підкоренні красою&hellip; Скандинавія і Фйорди!,31.05.2026,,686,,,
https://www.accordtour.com/tours/1110,Підкоренні красою&hellip; Скандинавія і Фйорди!,06.06.2026,,686,,,
https://www.accordtour.com/tours/1110,Підкоренні красою&hellip; Скандинавія і Фйорди!,07.06.2026,,686,,,
https://www.accordtour.com/tours/1110,Підкоренні красою&hellip; Скандинавія і Фйорди!,13.06.2026,,686,,,
https://www.accordtour.com/tours/1110,Підкоренні красою&hellip; Скандинавія і Фйорди!,14.06.2026,,686,,,
https://www.accordtour.com/tours/1110,Підкоренні красою&hellip; Скандинавія і Фйорди!,20.06.2026,,686,,,
https://www.accordtour.com/tours/1110,Підкоренні красою&hellip; Скандинавія і Фйорди!,21.06.2026,,686,,,
https://www.accordtour.com/tours/1110,Підкоренні красою&hellip; Скандинавія і Фйорди!,27.06.2026,,686,,,
https://www.accordtour.com/tours/1110,Підкоренні красою&hellip; Скандинавія і Фйорди!,28.06.2026,,686,,,
https://www.accordtour.com/tours/1110,Підкоренні красою&hellip; Скандинавія і Фйорди!,04.07.2026,,686,,,
https://www.accordtour.com/tours/1110,Підкоренні красою&hellip; Скандинавія і Фйорди!,05.07.2026,,686,,,
https://www.accordtour.com/tours/1110,Підкоренні красою&hellip; Скандинавія і Фйорди!,11.07.2026,,686,,,
https://www.accordtour.com/tours/1110,Підкоренні красою&hellip; Скандинавія і Фйорди!,12.07.2026,,686,,,
https://www.accordtour.com/tours/1110,Підкоренні красою&hellip; Скандинавія і Фйорди!,18.07.2026,,686,,,
https://www.accordtour.com/tours/1110,Підкоренні красою&hellip; Скандинавія і Фйорди!,19.07.2026,,686,,,
https://www.accordtour.com/tours/1110,Підкоренні красою&hellip; Скандинавія і Фйорди!,25.07.2026,,686,,,
https://www.accordtour.com/tours/1110,Підкоренні красою&hellip; Скандинавія і Фйорди!,26.07.2026,,686,,,
https://www.accordtour.com/tours/1110,Підкоренні красою&hellip; Скандинавія і Фйорди!,01.08.2026,,686,,,
https://www.accordtour.com/tours/1110,Підкоренні красою&hellip; Скандинавія і Фйорди!,02.08.2026,,686,,,
https://www.accordtour.com/tours/1110,Підкоренні красою&hellip; Скандинавія і Фйорди!,08.08.2026,,686,,,
https://www.accordtour.com/tours/1110,Підкоренні красою&hellip; Скандинавія і Фйорди!,09.08.2026,,686,,,
https://www.accordtour.com/tours/1110,Підкоренні красою&hellip; Скандинавія і Фйорди!,15.08.2026,,686,,,
https://www.accordtour.com/tours/1110,Підкоренні красою&hellip; Скандинавія і Фйорди!,16.08.2026,,686,,,
https://www.accordtour.com/tours/1110,Підкоренні красою&hellip; Скандинавія і Фйорди!,22.08.2026,,686,,,
https://www.accordtour.com/tours/261491/tab/tab_price/tour_date/2026-05-10/cls_number_adult_cnt/%7B1:1%7D/cls_number_child_age/%7B%7D/tour_include_ins/true,Цікаві вихідні в Трансільванії,29.05.2026,,172,,,
https://www.accordtour.com/tours/261491/tab/tab_price/tour_date/2026-05-10/cls_number_adult_cnt/%7B1:1%7D/cls_number_child_age/%7B%7D/tour_include_ins/true,Цікаві вихідні в Трансільванії,06.06.2026,,172,,,
https://www.accordtour.com/tours/261491/tab/tab_price/tour_date/2026-05-10/cls_number_adult_cnt/%7B1:1%7D/cls_number_child_age/%7B%7D/tour_include_ins/true,Цікаві вихідні в Трансільванії,10.06.2026,,172,,,
https://www.accordtour.com/tours/261491/tab/tab_price/tour_date/2026-05-10/cls_number_adult_cnt/%7B1:1%7D/cls_number_child_age/%7B%7D/tour_include_ins/true,Цікаві вихідні в Трансільванії,13.06.2026,,172,,,
https://www.accordtour.com/tours/261491/tab/tab_price/tour_date/2026-05-10/cls_number_adult_cnt/%7B1:1%7D/cls_number_child_age/%7B%7D/tour_include_ins/true,Цікаві вихідні в Трансільванії,26.06.2026,,172,,,
https://www.accordtour.com/tours/261491/tab/tab_price/tour_date/2026-05-10/cls_number_adult_cnt/%7B1:1%7D/cls_number_child_age/%7B%7D/tour_include_ins/true,Цікаві вихідні в Трансільванії,08.07.2026,,172,,,
https://www.accordtour.com/tours/261491/tab/tab_price/tour_date/2026-05-10/cls_number_adult_cnt/%7B1:1%7D/cls_number_child_age/%7B%7D/tour_include_ins/true,Цікаві вихідні в Трансільванії,18.07.2026,,172,,,
https://www.accordtour.com/tours/261491/tab/tab_price/tour_date/2026-05-10/cls_number_adult_cnt/%7B1:1%7D/cls_number_child_age/%7B%7D/tour_include_ins/true,Цікаві вихідні в Трансільванії,30.07.2026,,172,,,
https://www.accordtour.com/tours/261491/tab/tab_price/tour_date/2026-05-10/cls_number_adult_cnt/%7B1:1%7D/cls_number_child_age/%7B%7D/tour_include_ins/true,Цікаві вихідні в Трансільванії,02.08.2026,,172,,,
https://www.accordtour.com/tours/261491/tab/tab_price/tour_date/2026-05-10/cls_number_adult_cnt/%7B1:1%7D/cls_number_child_age/%7B%7D/tour_include_ins/true,Цікаві вихідні в Трансільванії,09.08.2026,,172,,,
https://www.accordtour.com/tours/261491/tab/tab_price/tour_date/2026-05-10/cls_number_adult_cnt/%7B1:1%7D/cls_number_child_age/%7B%7D/tour_include_ins/true,Цікаві вихідні в Трансільванії,22.08.2026,,172,,,
https://www.accordtour.com/tours/261491/tab/tab_price/tour_date/2026-05-10/cls_number_adult_cnt/%7B1:1%7D/cls_number_child_age/%7B%7D/tour_include_ins/true,Цікаві вихідні в Трансільванії,29.08.2026,,172,,,
https://www.accordtour.com/tours/261491/tab/tab_price/tour_date/2026-05-10/cls_number_adult_cnt/%7B1:1%7D/cls_number_child_age/%7B%7D/tour_include_ins/true,Цікаві вихідні в Трансільванії,04.09.2026,,172,,,
https://www.accordtour.com/tours/261491/tab/tab_price/tour_date/2026-05-10/cls_number_adult_cnt/%7B1:1%7D/cls_number_child_age/%7B%7D/tour_include_ins/true,Цікаві вихідні в Трансільванії,12.09.2026,,172,,,
https://www.accordtour.com/tours/261491/tab/tab_price/tour_date/2026-05-10/cls_number_adult_cnt/%7B1:1%7D/cls_number_child_age/%7B%7D/tour_include_ins/true,Цікаві вихідні в Трансільванії,18.09.2026,,172,,,
https://www.accordtour.com/tours/261491/tab/tab_price/tour_date/2026-05-10/cls_number_adult_cnt/%7B1:1%7D/cls_number_child_age/%7B%7D/tour_include_ins/true,Цікаві вихідні в Трансільванії,24.09.2026,,172,,,
https://www.accordtour.com/tours/261491/tab/tab_price/tour_date/2026-05-10/cls_number_adult_cnt/%7B1:1%7D/cls_number_child_age/%7B%7D/tour_include_ins/true,Цікаві вихідні в Трансільванії,01.10.2026,,172,,,
https://www.accordtour.com/tours/261491/tab/tab_price/tour_date/2026-05-10/cls_number_adult_cnt/%7B1:1%7D/cls_number_child_age/%7B%7D/tour_include_ins/true,Цікаві вихідні в Трансільванії,18.10.2026,,172,,,
https://www.accordtour.com/tours/261491/tab/tab_price/tour_date/2026-05-10/cls_number_adult_cnt/%7B1:1%7D/cls_number_child_age/%7B%7D/tour_include_ins/true,Цікаві вихідні в Трансільванії,24.10.2026,,172,,,
https://www.accordtour.com/tours/261491/tab/tab_price/tour_date/2026-05-10/cls_number_adult_cnt/%7B1:1%7D/cls_number_child_age/%7B%7D/tour_include_ins/true,Цікаві вихідні в Трансільванії,04.11.2026,,172,,,
https://www.accordtour.com/tours/261491/tab/tab_price/tour_date/2026-05-10/cls_number_adult_cnt/%7B1:1%7D/cls_number_child_age/%7B%7D/tour_include_ins/true,Цікаві вихідні в Трансільванії,20.11.2026,,172,,,
https://www.accordtour.com/tours/688633,Серце Адріатики... Чорногорія + Хорватія,27.05.2026,,326,,,
https://www.accordtour.com/tours/688633,Серце Адріатики... Чорногорія + Хорватія,01.06.2026,,326,,,
https://www.accordtour.com/tours/688633,Серце Адріатики... Чорногорія + Хорватія,06.06.2026,,326,,,
https://www.accordtour.com/tours/688633,Серце Адріатики... Чорногорія + Хорватія,11.06.2026,,326,,,
https://www.accordtour.com/tours/688633,Серце Адріатики... Чорногорія + Хорватія,16.06.2026,,326,,,
https://www.accordtour.com/tours/688633,Серце Адріатики... Чорногорія + Хорватія,21.06.2026,,326,,,
https://www.accordtour.com/tours/688633,Серце Адріатики... Чорногорія + Хорватія,26.06.2026,,326,,,
https://www.accordtour.com/tours/688633,Серце Адріатики... Чорногорія + Хорватія,01.07.2026,,326,,,
https://www.accordtour.com/tours/688633,Серце Адріатики... Чорногорія + Хорватія,06.07.2026,,326,,,
https://www.accordtour.com/tours/688633,Серце Адріатики... Чорногорія + Хорватія,11.07.2026,,326,,,
https://www.accordtour.com/tours/688633,Серце Адріатики... Чорногорія + Хорватія,16.07.2026,,326,,,
https://www.accordtour.com/tours/688633,Серце Адріатики... Чорногорія + Хорватія,21.07.2026,,326,,,
https://www.accordtour.com/tours/688633,Серце Адріатики... Чорногорія + Хорватія,26.07.2026,,326,,,
https://www.accordtour.com/tours/688633,Серце Адріатики... Чорногорія + Хорватія,31.07.2026,,326,,,
https://www.accordtour.com/tours/688633,Серце Адріатики... Чорногорія + Хорватія,05.08.2026,,326,,,
https://www.accordtour.com/tours/688633,Серце Адріатики... Чорногорія + Хорватія,10.08.2026,,326,,,
https://www.accordtour.com/tours/688633,Серце Адріатики... Чорногорія + Хорватія,15.08.2026,,326,,,
https://www.accordtour.com/tours/688633,Серце Адріатики... Чорногорія + Хорватія,20.08.2026,,326,,,
https://www.accordtour.com/tours/688633,Серце Адріатики... Чорногорія + Хорватія,25.08.2026,,326,,,
https://www.accordtour.com/tours/688633,Серце Адріатики... Чорногорія + Хорватія,30.08.2026,,326,,,
https://www.accordtour.com/tours/688633,Серце Адріатики... Чорногорія + Хорватія,04.09.2026,,326,,,
https://www.accordtour.com/tours/688633,Серце Адріатики... Чорногорія + Хорватія,09.09.2026,,326,,,
https://www.accordtour.com/tours/688633,Серце Адріатики... Чорногорія + Хорватія,14.09.2026,,326,,,
https://www.accordtour.com/tours/800883,Морський бриз Чорногорії,26.05.2026,,234,,,
https://www.accordtour.com/tours/800883,Морський бриз Чорногорії,31.05.2026,,234,,,
https://www.accordtour.com/tours/800883,Морський бриз Чорногорії,05.06.2026,,234,,,
https://www.accordtour.com/tours/800883,Морський бриз Чорногорії,10.06.2026,,234,,,
https://www.accordtour.com/tours/800883,Морський бриз Чорногорії,15.06.2026,,234,,,
https://www.accordtour.com/tours/800883,Морський бриз Чорногорії,20.06.2026,,234,,,
https://www.accordtour.com/tours/800883,Морський бриз Чорногорії,25.06.2026,,234,,,
https://www.accordtour.com/tours/800883,Морський бриз Чорногорії,30.06.2026,,234,,,
https://www.accordtour.com/tours/800883,Морський бриз Чорногорії,05.07.2026,,234,,,
https://www.accordtour.com/tours/800883,Морський бриз Чорногорії,10.07.2026,,234,,,
https://www.accordtour.com/tours/800883,Морський бриз Чорногорії,15.07.2026,,234,,,
https://www.accordtour.com/tours/800883,Морський бриз Чорногорії,20.07.2026,,234,,,
https://www.accordtour.com/tours/800883,Морський бриз Чорногорії,25.07.2026,,234,,,
https://www.accordtour.com/tours/800883,Морський бриз Чорногорії,30.07.2026,,234,,,
https://www.accordtour.com/tours/800883,Морський бриз Чорногорії,04.08.2026,,234,,,
https://www.accordtour.com/tours/800883,Морський бриз Чорногорії,09.08.2026,,234,,,
https://www.accordtour.com/tours/800883,Морський бриз Чорногорії,14.08.2026,,234,,,
https://www.accordtour.com/tours/800883,Морський бриз Чорногорії,19.08.2026,,234,,,
https://www.accordtour.com/tours/800883,Морський бриз Чорногорії,24.08.2026,,234,,,
https://www.accordtour.com/tours/800883,Морський бриз Чорногорії,29.08.2026,,234,,,
https://www.accordtour.com/tours/800883,Морський бриз Чорногорії,03.09.2026,,234,,,
https://www.accordtour.com/tours/800883,Морський бриз Чорногорії,08.09.2026,,234,,,
https://www.accordtour.com/tours/800883,Морський бриз Чорногорії,13.09.2026,,234,,,
https://www.accordtour.com/tours/888118,Палкий тиждень в Іспанії... 5 ночей на морі,26.05.2026,,456,,,
https://www.accordtour.com/tours/888118,Палкий тиждень в Іспанії... 5 ночей на морі,31.05.2026,,456,,,
https://www.accordtour.com/tours/888118,Палкий тиждень в Іспанії... 5 ночей на морі,05.06.2026,,456,,,
https://www.accordtour.com/tours/888118,Палкий тиждень в Іспанії... 5 ночей на морі,10.06.2026,,456,,,
https://www.accordtour.com/tours/888118,Палкий тиждень в Іспанії... 5 ночей на морі,15.06.2026,,456,,,
https://www.accordtour.com/tours/888118,Палкий тиждень в Іспанії... 5 ночей на морі,20.06.2026,,456,,,
https://www.accordtour.com/tours/888118,Палкий тиждень в Іспанії... 5 ночей на морі,25.06.2026,,456,,,
https://www.accordtour.com/tours/888118,Палкий тиждень в Іспанії... 5 ночей на морі,30.06.2026,,456,,,
https://www.accordtour.com/tours/888118,Палкий тиждень в Іспанії... 5 ночей на морі,05.07.2026,,456,,,
https://www.accordtour.com/tours/888118,Палкий тиждень в Іспанії... 5 ночей на морі,10.07.2026,,456,,,
https://www.accordtour.com/tours/888118,Палкий тиждень в Іспанії... 5 ночей на морі,15.07.2026,,456,,,
https://www.accordtour.com/tours/888118,Палкий тиждень в Іспанії... 5 ночей на морі,20.07.2026,,456,,,
https://www.accordtour.com/tours/888118,Палкий тиждень в Іспанії... 5 ночей на морі,25.07.2026,,456,,,
https://www.accordtour.com/tours/888118,Палкий тиждень в Іспанії... 5 ночей на морі,30.07.2026,,456,,,
https://www.accordtour.com/tours/888118,Палкий тиждень в Іспанії... 5 ночей на морі,04.08.2026,,456,,,
https://www.accordtour.com/tours/888118,Палкий тиждень в Іспанії... 5 ночей на морі,09.08.2026,,456,,,
https://www.accordtour.com/tours/888118,Палкий тиждень в Іспанії... 5 ночей на морі,14.08.2026,,456,,,
https://www.accordtour.com/tours/888118,Палкий тиждень в Іспанії... 5 ночей на морі,19.08.2026,,456,,,
https://www.accordtour.com/tours/888118,Палкий тиждень в Іспанії... 5 ночей на морі,24.08.2026,,456,,,
https://www.accordtour.com/tours/888118,Палкий тиждень в Іспанії... 5 ночей на морі,29.08.2026,,456,,,
https://www.accordtour.com/tours/888118,Палкий тиждень в Іспанії... 5 ночей на морі,03.09.2026,,456,,,
https://www.accordtour.com/tours/888118,Палкий тиждень в Іспанії... 5 ночей на морі,08.09.2026,,456,,,
https://www.accordtour.com/tours/888118,Палкий тиждень в Іспанії... 5 ночей на морі,13.09.2026,,456,,,
https://www.accordtour.com/tours/888118,Палкий тиждень в Іспанії... 5 ночей на морі,18.09.2026,,456,,,
https://www.accordtour.com/tours/6525,"Незнайомка з Півдня... Італія! Неаполь, Амальфітанське узбережжя, Барі та регіон Апулія",29.05.2026,,593,,,
https://www.accordtour.com/tours/6525,"Незнайомка з Півдня... Італія! Неаполь, Амальфітанське узбережжя, Барі та регіон Апулія",06.06.2026,,593,,,
https://www.accordtour.com/tours/6525,"Незнайомка з Півдня... Італія! Неаполь, Амальфітанське узбережжя, Барі та регіон Апулія",14.06.2026,,593,,,
https://www.accordtour.com/tours/6525,"Незнайомка з Півдня... Італія! Неаполь, Амальфітанське узбережжя, Барі та регіон Апулія",17.06.2026,,593,,,
https://www.accordtour.com/tours/6525,"Незнайомка з Півдня... Італія! Неаполь, Амальфітанське узбережжя, Барі та регіон Апулія",26.06.2026,,593,,,
https://www.accordtour.com/tours/6525,"Незнайомка з Півдня... Італія! Неаполь, Амальфітанське узбережжя, Барі та регіон Апулія",05.07.2026,,593,,,
https://www.accordtour.com/tours/6525,"Незнайомка з Півдня... Італія! Неаполь, Амальфітанське узбережжя, Барі та регіон Апулія",08.07.2026,,593,,,
https://www.accordtour.com/tours/6525,"Незнайомка з Півдня... Італія! Неаполь, Амальфітанське узбережжя, Барі та регіон Апулія",19.07.2026,,593,,,
https://www.accordtour.com/tours/6525,"Незнайомка з Півдня... Італія! Неаполь, Амальфітанське узбережжя, Барі та регіон Апулія",24.07.2026,,593,,,
https://www.accordtour.com/tours/6525,"Незнайомка з Півдня... Італія! Неаполь, Амальфітанське узбережжя, Барі та регіон Апулія",31.07.2026,,593,,,
https://www.accordtour.com/tours/6525,"Незнайомка з Півдня... Італія! Неаполь, Амальфітанське узбережжя, Барі та регіон Апулія",02.08.2026,,593,,,
https://www.accordtour.com/tours/6525,"Незнайомка з Півдня... Італія! Неаполь, Амальфітанське узбережжя, Барі та регіон Апулія",09.08.2026,,593,,,
https://www.accordtour.com/tours/6525,"Незнайомка з Півдня... Італія! Неаполь, Амальфітанське узбережжя, Барі та регіон Апулія",15.08.2026,,593,,,
https://www.accordtour.com/tours/6525,"Незнайомка з Півдня... Італія! Неаполь, Амальфітанське узбережжя, Барі та регіон Апулія",23.08.2026,,593,,,
https://www.accordtour.com/tours/6525,"Незнайомка з Півдня... Італія! Неаполь, Амальфітанське узбережжя, Барі та регіон Апулія",29.08.2026,,593,,,
https://www.accordtour.com/tours/6525,"Незнайомка з Півдня... Італія! Неаполь, Амальфітанське узбережжя, Барі та регіон Апулія",07.09.2026,,593,,,
https://www.accordtour.com/tours/6525,"Незнайомка з Півдня... Італія! Неаполь, Амальфітанське узбережжя, Барі та регіон Апулія",13.09.2026,,593,,,
https://www.accordtour.com/tours/6525,"Незнайомка з Півдня... Італія! Неаполь, Амальфітанське узбережжя, Барі та регіон Апулія",18.09.2026,,593,,,
https://www.accordtour.com/tours/6525,"Незнайомка з Півдня... Італія! Неаполь, Амальфітанське узбережжя, Барі та регіон Апулія",22.09.2026,,593,,,
https://www.accordtour.com/tours/6525,"Незнайомка з Півдня... Італія! Неаполь, Амальфітанське узбережжя, Барі та регіон Апулія",27.09.2026,,593,,,
https://www.accordtour.com/tours/6525,"Незнайомка з Півдня... Італія! Неаполь, Амальфітанське узбережжя, Барі та регіон Апулія",04.10.2026,,593,,,
https://www.accordtour.com/tours/6525,"Незнайомка з Півдня... Італія! Неаполь, Амальфітанське узбережжя, Барі та регіон Апулія",14.10.2026,,593,,,
https://www.accordtour.com/tours/831601,"Казки Балтійського моря Стокгольм, Рига, Таллінн",29.05.2026,,265,,,
https://www.accordtour.com/tours/831601,"Казки Балтійського моря Стокгольм, Рига, Таллінн",04.06.2026,,265,,,
https://www.accordtour.com/tours/831601,"Казки Балтійського моря Стокгольм, Рига, Таллінн",14.06.2026,,265,,,
https://www.accordtour.com/tours/831601,"Казки Балтійського моря Стокгольм, Рига, Таллінн",20.06.2026,,265,,,
https://www.accordtour.com/tours/831601,"Казки Балтійського моря Стокгольм, Рига, Таллінн",05.07.2026,,265,,,
https://www.accordtour.com/tours/831601,"Казки Балтійського моря Стокгольм, Рига, Таллінн",10.07.2026,,265,,,
https://www.accordtour.com/tours/831601,"Казки Балтійського моря Стокгольм, Рига, Таллінн",18.07.2026,,265,,,
https://www.accordtour.com/tours/831601,"Казки Балтійського моря Стокгольм, Рига, Таллінн",24.07.2026,,265,,,
https://www.accordtour.com/tours/831601,"Казки Балтійського моря Стокгольм, Рига, Таллінн",30.07.2026,,265,,,
https://www.accordtour.com/tours/831601,"Казки Балтійського моря Стокгольм, Рига, Таллінн",01.08.2026,,265,,,
https://www.accordtour.com/tours/831601,"Казки Балтійського моря Стокгольм, Рига, Таллінн",05.08.2026,,265,,,
https://www.accordtour.com/tours/831601,"Казки Балтійського моря Стокгольм, Рига, Таллінн",15.08.2026,,265,,,
https://www.accordtour.com/tours/831601,"Казки Балтійського моря Стокгольм, Рига, Таллінн",23.08.2026,,265,,,
https://www.accordtour.com/tours/831601,"Казки Балтійського моря Стокгольм, Рига, Таллінн",06.09.2026,,265,,,
https://www.accordtour.com/tours/831601,"Казки Балтійського моря Стокгольм, Рига, Таллінн",20.09.2026,,265,,,
https://www.accordtour.com/tours/831601,"Казки Балтійського моря Стокгольм, Рига, Таллінн",10.10.2026,,265,,,
https://www.accordtour.com/tours/831601,"Казки Балтійського моря Стокгольм, Рига, Таллінн",18.10.2026,,265,,,
https://www.accordtour.com/tours/831601,"Казки Балтійського моря Стокгольм, Рига, Таллінн",24.10.2026,,265,,,
https://www.accordtour.com/tours/831601,"Казки Балтійського моря Стокгольм, Рига, Таллінн",30.10.2026,,265,,,
https://www.accordtour.com/tours/831601,"Казки Балтійського моря Стокгольм, Рига, Таллінн",05.11.2026,,265,,,
https://www.accordtour.com/tours/831601,"Казки Балтійського моря Стокгольм, Рига, Таллінн",19.11.2026,,265,,,
https://www.accordtour.com/tours/610300,Спокій Адріатики Відпочинок на морі в Чорногорії,28.05.2026,,266,,,
https://www.accordtour.com/tours/610300,Спокій Адріатики Відпочинок на морі в Чорногорії,04.06.2026,,266,,,
https://www.accordtour.com/tours/610300,Спокій Адріатики Відпочинок на морі в Чорногорії,11.06.2026,,266,,,
https://www.accordtour.com/tours/610300,Спокій Адріатики Відпочинок на морі в Чорногорії,18.06.2026,,266,,,
https://www.accordtour.com/tours/610300,Спокій Адріатики Відпочинок на морі в Чорногорії,25.06.2026,,266,,,
https://www.accordtour.com/tours/610300,Спокій Адріатики Відпочинок на морі в Чорногорії,02.07.2026,,266,,,
https://www.accordtour.com/tours/610300,Спокій Адріатики Відпочинок на морі в Чорногорії,09.07.2026,,266,,,
https://www.accordtour.com/tours/610300,Спокій Адріатики Відпочинок на морі в Чорногорії,16.07.2026,,266,,,
https://www.accordtour.com/tours/610300,Спокій Адріатики Відпочинок на морі в Чорногорії,23.07.2026,,266,,,
https://www.accordtour.com/tours/610300,Спокій Адріатики Відпочинок на морі в Чорногорії,30.07.2026,,266,,,
https://www.accordtour.com/tours/610300,Спокій Адріатики Відпочинок на морі в Чорногорії,06.08.2026,,266,,,
https://www.accordtour.com/tours/610300,Спокій Адріатики Відпочинок на морі в Чорногорії,13.08.2026,,266,,,
https://www.accordtour.com/tours/610300,Спокій Адріатики Відпочинок на морі в Чорногорії,20.08.2026,,266,,,
https://www.accordtour.com/tours/610300,Спокій Адріатики Відпочинок на морі в Чорногорії,27.08.2026,,266,,,
https://www.accordtour.com/tours/610300,Спокій Адріатики Відпочинок на морі в Чорногорії,03.09.2026,,266,,,
https://www.accordtour.com/tours/610300,Спокій Адріатики Відпочинок на морі в Чорногорії,10.09.2026,,266,,,
https://www.accordtour.com/tours/610300,Спокій Адріатики Відпочинок на морі в Чорногорії,17.09.2026,,266,,,
https://www.accordtour.com/tours/610300,Спокій Адріатики Відпочинок на морі в Чорногорії,24.09.2026,,266,,,
https://www.accordtour.com/tours/610300,Спокій Адріатики Відпочинок на морі в Чорногорії,01.10.2026,,266,,,
https://www.accordtour.com/tours/610300,Спокій Адріатики Відпочинок на морі в Чорногорії,08.10.2026,,266,,,
https://www.accordtour.com/tours/610300,Спокій Адріатики Відпочинок на морі в Чорногорії,15.10.2026,,266,,,
https://www.accordtour.com/tours/888136,Курортний Роман Відпочинок на морі Іспанії Швейцарія + Іспанія + Франція,31.05.2026,,738,,,
https://www.accordtour.com/tours/888136,Курортний Роман Відпочинок на морі Іспанії Швейцарія + Іспанія + Франція,07.06.2026,,738,,,
https://www.accordtour.com/tours/888136,Курортний Роман Відпочинок на морі Іспанії Швейцарія + Іспанія + Франція,14.06.2026,,738,,,
https://www.accordtour.com/tours/888136,Курортний Роман Відпочинок на морі Іспанії Швейцарія + Іспанія + Франція,21.06.2026,,738,,,
https://www.accordtour.com/tours/888136,Курортний Роман Відпочинок на морі Іспанії Швейцарія + Іспанія + Франція,28.06.2026,,738,,,
https://www.accordtour.com/tours/888136,Курортний Роман Відпочинок на морі Іспанії Швейцарія + Іспанія + Франція,05.07.2026,,738,,,
https://www.accordtour.com/tours/888136,Курортний Роман Відпочинок на морі Іспанії Швейцарія + Іспанія + Франція,12.07.2026,,738,,,
https://www.accordtour.com/tours/888136,Курортний Роман Відпочинок на морі Іспанії Швейцарія + Іспанія + Франція,19.07.2026,,738,,,
https://www.accordtour.com/tours/888136,Курортний Роман Відпочинок на морі Іспанії Швейцарія + Іспанія + Франція,26.07.2026,,738,,,
https://www.accordtour.com/tours/888136,Курортний Роман Відпочинок на морі Іспанії Швейцарія + Іспанія + Франція,02.08.2026,,738,,,
https://www.accordtour.com/tours/888136,Курортний Роман Відпочинок на морі Іспанії Швейцарія + Іспанія + Франція,09.08.2026,,738,,,
https://www.accordtour.com/tours/888136,Курортний Роман Відпочинок на морі Іспанії Швейцарія + Іспанія + Франція,16.08.2026,,738,,,
https://www.accordtour.com/tours/888136,Курортний Роман Відпочинок на морі Іспанії Швейцарія + Іспанія + Франція,23.08.2026,,738,,,
https://www.accordtour.com/tours/888136,Курортний Роман Відпочинок на морі Іспанії Швейцарія + Іспанія + Франція,30.08.2026,,738,,,
https://www.accordtour.com/tours/888136,Курортний Роман Відпочинок на морі Іспанії Швейцарія + Іспанія + Франція,06.09.2026,,738,,,
https://www.accordtour.com/tours/888136,Курортний Роман Відпочинок на морі Іспанії Швейцарія + Іспанія + Франція,13.09.2026,,738,,,
https://www.accordtour.com/tours/888136,Курортний Роман Відпочинок на морі Іспанії Швейцарія + Іспанія + Франція,20.09.2026,,738,,,
https://www.accordtour.com/tours/888136,Курортний Роман Відпочинок на морі Іспанії Швейцарія + Іспанія + Франція,27.09.2026,,738,,,
https://www.accordtour.com/tours/888136,Курортний Роман Відпочинок на морі Іспанії Швейцарія + Іспанія + Франція,04.10.2026,,738,,,
https://www.accordtour.com/tours/888136,Курортний Роман Відпочинок на морі Іспанії Швейцарія + Іспанія + Франція,11.10.2026,,738,,,
https://www.accordtour.com/tours/888136,Курортний Роман Відпочинок на морі Іспанії Швейцарія + Іспанія + Франція,18.10.2026,,738,,,
https://www.accordtour.com/tours/111383,Серенада південного сонця Іспанія + Швейцарія Відпочинок на морі,28.05.2026,,810,,,
https://www.accordtour.com/tours/111383,Серенада південного сонця Іспанія + Швейцарія Відпочинок на морі,11.06.2026,,810,,,
https://www.accordtour.com/tours/111383,Серенада південного сонця Іспанія + Швейцарія Відпочинок на морі,24.06.2026,,810,,,
https://www.accordtour.com/tours/111383,Серенада південного сонця Іспанія + Швейцарія Відпочинок на морі,02.07.2026,,810,,,
https://www.accordtour.com/tours/111383,Серенада південного сонця Іспанія + Швейцарія Відпочинок на морі,17.07.2026,,810,,,
https://www.accordtour.com/tours/111383,Серенада південного сонця Іспанія + Швейцарія Відпочинок на морі,24.07.2026,,810,,,
https://www.accordtour.com/tours/111383,Серенада південного сонця Іспанія + Швейцарія Відпочинок на морі,31.07.2026,,810,,,
https://www.accordtour.com/tours/111383,Серенада південного сонця Іспанія + Швейцарія Відпочинок на морі,01.08.2026,,810,,,
https://www.accordtour.com/tours/111383,Серенада південного сонця Іспанія + Швейцарія Відпочинок на морі,15.08.2026,,810,,,
https://www.accordtour.com/tours/111383,Серенада південного сонця Іспанія + Швейцарія Відпочинок на морі,23.08.2026,,810,,,
https://www.accordtour.com/tours/111383,Серенада південного сонця Іспанія + Швейцарія Відпочинок на морі,29.08.2026,,810,,,
https://www.accordtour.com/tours/111383,Серенада південного сонця Іспанія + Швейцарія Відпочинок на морі,13.09.2026,,810,,,
https://www.accordtour.com/tours/111383,Серенада південного сонця Іспанія + Швейцарія Відпочинок на морі,17.09.2026,,810,,,
https://www.accordtour.com/tours/111383,Серенада південного сонця Іспанія + Швейцарія Відпочинок на морі,22.09.2026,,810,,,
https://www.accordtour.com/tours/111383,Серенада південного сонця Іспанія + Швейцарія Відпочинок на морі,27.09.2026,,810,,,
https://www.accordtour.com/tours/111383,Серенада південного сонця Іспанія + Швейцарія Відпочинок на морі,30.09.2026,,810,,,
https://www.accordtour.com/tours/7956,"&laquo;Релакс&raquo; по-італійськи: Амальфітанське узбережжя + Рим, Флоренція і Венеція!",29.05.2026,,556,,,
https://www.accordtour.com/tours/7956,"&laquo;Релакс&raquo; по-італійськи: Амальфітанське узбережжя + Рим, Флоренція і Венеція!",06.06.2026,,556,,,
https://www.accordtour.com/tours/7956,"&laquo;Релакс&raquo; по-італійськи: Амальфітанське узбережжя + Рим, Флоренція і Венеція!",13.06.2026,,556,,,
https://www.accordtour.com/tours/7956,"&laquo;Релакс&raquo; по-італійськи: Амальфітанське узбережжя + Рим, Флоренція і Венеція!",14.06.2026,,556,,,
https://www.accordtour.com/tours/7956,"&laquo;Релакс&raquo; по-італійськи: Амальфітанське узбережжя + Рим, Флоренція і Венеція!",26.06.2026,,556,,,
https://www.accordtour.com/tours/7956,"&laquo;Релакс&raquo; по-італійськи: Амальфітанське узбережжя + Рим, Флоренція і Венеція!",28.06.2026,,556,,,
https://www.accordtour.com/tours/7956,"&laquo;Релакс&raquo; по-італійськи: Амальфітанське узбережжя + Рим, Флоренція і Венеція!",30.06.2026,,556,,,
https://www.accordtour.com/tours/7956,"&laquo;Релакс&raquo; по-італійськи: Амальфітанське узбережжя + Рим, Флоренція і Венеція!",05.07.2026,,556,,,
https://www.accordtour.com/tours/7956,"&laquo;Релакс&raquo; по-італійськи: Амальфітанське узбережжя + Рим, Флоренція і Венеція!",08.07.2026,,556,,,
https://www.accordtour.com/tours/7956,"&laquo;Релакс&raquo; по-італійськи: Амальфітанське узбережжя + Рим, Флоренція і Венеція!",15.07.2026,,556,,,
https://www.accordtour.com/tours/7956,"&laquo;Релакс&raquo; по-італійськи: Амальфітанське узбережжя + Рим, Флоренція і Венеція!",19.07.2026,,556,,,
https://www.accordtour.com/tours/7956,"&laquo;Релакс&raquo; по-італійськи: Амальфітанське узбережжя + Рим, Флоренція і Венеція!",24.07.2026,,556,,,
https://www.accordtour.com/tours/7956,"&laquo;Релакс&raquo; по-італійськи: Амальфітанське узбережжя + Рим, Флоренція і Венеція!",31.07.2026,,556,,,
https://www.accordtour.com/tours/7956,"&laquo;Релакс&raquo; по-італійськи: Амальфітанське узбережжя + Рим, Флоренція і Венеція!",02.08.2026,,556,,,
https://www.accordtour.com/tours/7956,"&laquo;Релакс&raquo; по-італійськи: Амальфітанське узбережжя + Рим, Флоренція і Венеція!",04.08.2026,,556,,,
https://www.accordtour.com/tours/7956,"&laquo;Релакс&raquo; по-італійськи: Амальфітанське узбережжя + Рим, Флоренція і Венеція!",19.08.2026,,556,,,
https://www.accordtour.com/tours/7956,"&laquo;Релакс&raquo; по-італійськи: Амальфітанське узбережжя + Рим, Флоренція і Венеція!",22.08.2026,,556,,,
https://www.accordtour.com/tours/7956,"&laquo;Релакс&raquo; по-італійськи: Амальфітанське узбережжя + Рим, Флоренція і Венеція!",29.08.2026,,556,,,
https://www.accordtour.com/tours/7956,"&laquo;Релакс&raquo; по-італійськи: Амальфітанське узбережжя + Рим, Флоренція і Венеція!",07.09.2026,,556,,,
https://www.accordtour.com/tours/7956,"&laquo;Релакс&raquo; по-італійськи: Амальфітанське узбережжя + Рим, Флоренція і Венеція!",12.09.2026,,556,,,
https://www.accordtour.com/tours/7956,"&laquo;Релакс&raquo; по-італійськи: Амальфітанське узбережжя + Рим, Флоренція і Венеція!",18.09.2026,,556,,,
https://www.accordtour.com/tours/7956,"&laquo;Релакс&raquo; по-італійськи: Амальфітанське узбережжя + Рим, Флоренція і Венеція!",22.09.2026,,556,,,
https://www.accordtour.com/tours/7956,"&laquo;Релакс&raquo; по-італійськи: Амальфітанське узбережжя + Рим, Флоренція і Венеція!",27.09.2026,,556,,,
https://www.accordtour.com/tours/7956,"&laquo;Релакс&raquo; по-італійськи: Амальфітанське узбережжя + Рим, Флоренція і Венеція!",29.09.2026,,556,,,
https://www.accordtour.com/tours/368833,Вікенд у Будапешт! + Відень!,29.05.2026,,87,,,
https://www.accordtour.com/tours/368833,Вікенд у Будапешт! + Відень!,04.06.2026,,87,,,
https://www.accordtour.com/tours/368833,Вікенд у Будапешт! + Відень!,12.06.2026,,87,,,
https://www.accordtour.com/tours/368833,Вікенд у Будапешт! + Відень!,21.06.2026,,87,,,
https://www.accordtour.com/tours/368833,Вікенд у Будапешт! + Відень!,26.06.2026,,87,,,
https://www.accordtour.com/tours/368833,Вікенд у Будапешт! + Відень!,27.06.2026,,87,,,
https://www.accordtour.com/tours/368833,Вікенд у Будапешт! + Відень!,03.07.2026,,87,,,
https://www.accordtour.com/tours/368833,Вікенд у Будапешт! + Відень!,10.07.2026,,87,,,
https://www.accordtour.com/tours/368833,Вікенд у Будапешт! + Відень!,17.07.2026,,87,,,
https://www.accordtour.com/tours/368833,Вікенд у Будапешт! + Відень!,24.07.2026,,87,,,
https://www.accordtour.com/tours/368833,Вікенд у Будапешт! + Відень!,14.08.2026,,87,,,
https://www.accordtour.com/tours/368833,Вікенд у Будапешт! + Відень!,21.08.2026,,87,,,
https://www.accordtour.com/tours/368833,Вікенд у Будапешт! + Відень!,28.08.2026,,87,,,
https://www.accordtour.com/tours/368833,Вікенд у Будапешт! + Відень!,04.09.2026,,87,,,
https://www.accordtour.com/tours/368833,Вікенд у Будапешт! + Відень!,18.09.2026,,87,,,
https://www.accordtour.com/tours/368833,Вікенд у Будапешт! + Відень!,25.09.2026,,87,,,
https://www.accordtour.com/tours/368833,Вікенд у Будапешт! + Відень!,02.10.2026,,87,,,
https://www.accordtour.com/tours/368833,Вікенд у Будапешт! + Відень!,16.10.2026,,87,,,
https://www.accordtour.com/tours/368833,Вікенд у Будапешт! + Відень!,23.10.2026,,87,,,
https://www.accordtour.com/tours/368833,Вікенд у Будапешт! + Відень!,24.10.2026,,87,,,
https://www.accordtour.com/tours/368833,Вікенд у Будапешт! + Відень!,30.10.2026,,87,,,
https://www.accordtour.com/tours/368833,Вікенд у Будапешт! + Відень!,06.11.2026,,87,,,
https://www.accordtour.com/tours/881363,"Жага пригод Амстердам, Париж + Діснейленд",29.05.2026,,297,,,
https://www.accordtour.com/tours/881363,"Жага пригод Амстердам, Париж + Діснейленд",06.06.2026,,297,,,
https://www.accordtour.com/tours/881363,"Жага пригод Амстердам, Париж + Діснейленд",09.06.2026,,297,,,
https://www.accordtour.com/tours/881363,"Жага пригод Амстердам, Париж + Діснейленд",13.06.2026,,297,,,
https://www.accordtour.com/tours/881363,"Жага пригод Амстердам, Париж + Діснейленд",14.06.2026,,297,,,
https://www.accordtour.com/tours/881363,"Жага пригод Амстердам, Париж + Діснейленд",16.06.2026,,297,,,
https://www.accordtour.com/tours/881363,"Жага пригод Амстердам, Париж + Діснейленд",24.06.2026,,297,,,
https://www.accordtour.com/tours/881363,"Жага пригод Амстердам, Париж + Діснейленд",27.06.2026,,297,,,
https://www.accordtour.com/tours/881363,"Жага пригод Амстердам, Париж + Діснейленд",28.06.2026,,297,,,
https://www.accordtour.com/tours/881363,"Жага пригод Амстердам, Париж + Діснейленд",30.06.2026,,297,,,
https://www.accordtour.com/tours/881363,"Жага пригод Амстердам, Париж + Діснейленд",05.07.2026,,297,,,
https://www.accordtour.com/tours/881363,"Жага пригод Амстердам, Париж + Діснейленд",08.07.2026,,297,,,
https://www.accordtour.com/tours/881363,"Жага пригод Амстердам, Париж + Діснейленд",11.07.2026,,297,,,
https://www.accordtour.com/tours/881363,"Жага пригод Амстердам, Париж + Діснейленд",19.07.2026,,297,,,
https://www.accordtour.com/tours/881363,"Жага пригод Амстердам, Париж + Діснейленд",24.07.2026,,297,,,
https://www.accordtour.com/tours/881363,"Жага пригод Амстердам, Париж + Діснейленд",28.07.2026,,297,,,
https://www.accordtour.com/tours/881363,"Жага пригод Амстердам, Париж + Діснейленд",31.07.2026,,297,,,
https://www.accordtour.com/tours/881363,"Жага пригод Амстердам, Париж + Діснейленд",02.08.2026,,297,,,
https://www.accordtour.com/tours/881363,"Жага пригод Амстердам, Париж + Діснейленд",04.08.2026,,297,,,
https://www.accordtour.com/tours/881363,"Жага пригод Амстердам, Париж + Діснейленд",09.08.2026,,297,,,
https://www.accordtour.com/tours/881363,"Жага пригод Амстердам, Париж + Діснейленд",15.08.2026,,297,,,
https://www.accordtour.com/tours/881363,"Жага пригод Амстердам, Париж + Діснейленд",19.08.2026,,297,,,
https://www.accordtour.com/tours/881363,"Жага пригод Амстердам, Париж + Діснейленд",22.08.2026,,297,,,
https://www.accordtour.com/tours/881363,"Жага пригод Амстердам, Париж + Діснейленд",23.08.2026,,297,,,
https://www.accordtour.com/tours/881363,"Жага пригод Амстердам, Париж + Діснейленд",25.08.2026,,297,,,
https://www.accordtour.com/tours/5116,Мої зимові пригоди в Італії: відпочинок в Доломітових Альпах,01.11.2026,,369,,,
https://www.accordtour.com/tours/5116,Мої зимові пригоди в Італії: відпочинок в Доломітових Альпах,03.11.2026,,369,,,
https://www.accordtour.com/tours/5116,Мої зимові пригоди в Італії: відпочинок в Доломітових Альпах,13.11.2026,,369,,,
https://www.accordtour.com/tours/5116,Мої зимові пригоди в Італії: відпочинок в Доломітових Альпах,17.11.2026,,369,,,
https://www.accordtour.com/tours/5116,Мої зимові пригоди в Італії: відпочинок в Доломітових Альпах,20.11.2026,,369,,,
https://www.accordtour.com/tours/5116,Мої зимові пригоди в Італії: відпочинок в Доломітових Альпах,25.11.2026,,369,,,
https://www.accordtour.com/tours/5116,Мої зимові пригоди в Італії: відпочинок в Доломітових Альпах,30.11.2026,,369,,,
https://www.accordtour.com/tours/5116,Мої зимові пригоди в Італії: відпочинок в Доломітових Альпах,03.12.2026,,369,,,
https://www.accordtour.com/tours/5116,Мої зимові пригоди в Італії: відпочинок в Доломітових Альпах,05.12.2026,,369,,,
https://www.accordtour.com/tours/5116,Мої зимові пригоди в Італії: відпочинок в Доломітових Альпах,06.12.2026,,369,,,
https://www.accordtour.com/tours/5116,Мої зимові пригоди в Італії: відпочинок в Доломітових Альпах,07.12.2026,,369,,,
https://www.accordtour.com/tours/5116,Мої зимові пригоди в Італії: відпочинок в Доломітових Альпах,11.12.2026,,369,,,
https://www.accordtour.com/tours/5116,Мої зимові пригоди в Італії: відпочинок в Доломітових Альпах,12.12.2026,,369,,,
https://www.accordtour.com/tours/5116,Мої зимові пригоди в Італії: відпочинок в Доломітових Альпах,15.12.2026,,369,,,
https://www.accordtour.com/tours/5116,Мої зимові пригоди в Італії: відпочинок в Доломітових Альпах,18.12.2026,,369,,,
https://www.accordtour.com/tours/5116,Мої зимові пригоди в Італії: відпочинок в Доломітових Альпах,20.12.2026,,369,,,
https://www.accordtour.com/tours/5116,Мої зимові пригоди в Італії: відпочинок в Доломітових Альпах,21.12.2026,,369,,,
https://www.accordtour.com/tours/5116,Мої зимові пригоди в Італії: відпочинок в Доломітових Альпах,23.12.2026,,369,,,
https://www.accordtour.com/tours/636813,Східний хіт - Істанбул!,02.06.2026,,229,,,
https://www.accordtour.com/tours/636813,Східний хіт - Істанбул!,20.06.2026,,229,,,
https://www.accordtour.com/tours/636813,Східний хіт - Істанбул!,27.06.2026,,229,,,
https://www.accordtour.com/tours/636813,Східний хіт - Істанбул!,15.07.2026,,229,,,
https://www.accordtour.com/tours/636813,Східний хіт - Істанбул!,30.07.2026,,229,,,
https://www.accordtour.com/tours/636813,Східний хіт - Істанбул!,01.08.2026,,229,,,
https://www.accordtour.com/tours/636813,Східний хіт - Істанбул!,29.08.2026,,229,,,
https://www.accordtour.com/tours/636813,Східний хіт - Істанбул!,03.09.2026,,229,,,
https://www.accordtour.com/tours/636813,Східний хіт - Істанбул!,12.09.2026,,229,,,
https://www.accordtour.com/tours/636813,Східний хіт - Істанбул!,22.09.2026,,229,,,
https://www.accordtour.com/tours/636813,Східний хіт - Істанбул!,10.10.2026,,229,,,
https://www.accordtour.com/tours/636813,Східний хіт - Істанбул!,07.11.2026,,229,,,
https://www.accordtour.com/tours/636813,Східний хіт - Істанбул!,20.11.2026,,229,,,
https://www.accordtour.com/tours/636813,Східний хіт - Істанбул!,20.12.2026,,229,,,
https://www.accordtour.com/tours/8530,Шалене серце або дорога до улюблених місць...,04.06.2026,,331,,,
https://www.accordtour.com/tours/8530,Шалене серце або дорога до улюблених місць...,27.06.2026,,331,,,
https://www.accordtour.com/tours/8530,Шалене серце або дорога до улюблених місць...,04.07.2026,,331,,,
https://www.accordtour.com/tours/8530,Шалене серце або дорога до улюблених місць...,24.07.2026,,331,,,
https://www.accordtour.com/tours/8530,Шалене серце або дорога до улюблених місць...,13.08.2026,,331,,,
https://www.accordtour.com/tours/8530,Шалене серце або дорога до улюблених місць...,22.08.2026,,331,,,
https://www.accordtour.com/tours/8530,Шалене серце або дорога до улюблених місць...,05.09.2026,,331,,,
https://www.accordtour.com/tours/8530,Шалене серце або дорога до улюблених місць...,16.09.2026,,331,,,
https://www.accordtour.com/tours/8530,Шалене серце або дорога до улюблених місць...,02.10.2026,,331,,,
https://www.accordtour.com/tours/8530,Шалене серце або дорога до улюблених місць...,15.10.2026,,331,,,
https://www.accordtour.com/tours/8530,Шалене серце або дорога до улюблених місць...,31.10.2026,,331,,,
https://www.accordtour.com/tours/8530,Шалене серце або дорога до улюблених місць...,01.11.2026,,331,,,
https://www.accordtour.com/tours/8530,Шалене серце або дорога до улюблених місць...,14.11.2026,,331,,,
https://www.accordtour.com/tours/8530,Шалене серце або дорога до улюблених місць...,11.12.2026,,331,,,
https://www.accordtour.com/tours/8530,Шалене серце або дорога до улюблених місць...,20.12.2026,,331,,,
https://www.accordtour.com/tours/8530,Шалене серце або дорога до улюблених місць...,30.12.2026,,331,,,
https://www.accordtour.com/tours/5019/tab/tab_price/tour_date/2026-04-29/cls_number_adult_cnt/%7B1:1%7D/cls_number_child_age/%7B%7D/tour_include_ins/true,Захопливий вікенд&hellip; + Трансфегераш,29.05.2026,,173,,,
https://www.accordtour.com/tours/5019/tab/tab_price/tour_date/2026-04-29/cls_number_adult_cnt/%7B1:1%7D/cls_number_child_age/%7B%7D/tour_include_ins/true,Захопливий вікенд&hellip; + Трансфегераш,06.06.2026,,173,,,
https://www.accordtour.com/tours/5019/tab/tab_price/tour_date/2026-04-29/cls_number_adult_cnt/%7B1:1%7D/cls_number_child_age/%7B%7D/tour_include_ins/true,Захопливий вікенд&hellip; + Трансфегераш,11.06.2026,,173,,,
https://www.accordtour.com/tours/5019/tab/tab_price/tour_date/2026-04-29/cls_number_adult_cnt/%7B1:1%7D/cls_number_child_age/%7B%7D/tour_include_ins/true,Захопливий вікенд&hellip; + Трансфегераш,28.06.2026,,173,,,
https://www.accordtour.com/tours/5019/tab/tab_price/tour_date/2026-04-29/cls_number_adult_cnt/%7B1:1%7D/cls_number_child_age/%7B%7D/tour_include_ins/true,Захопливий вікенд&hellip; + Трансфегераш,08.07.2026,,173,,,
https://www.accordtour.com/tours/5019/tab/tab_price/tour_date/2026-04-29/cls_number_adult_cnt/%7B1:1%7D/cls_number_child_age/%7B%7D/tour_include_ins/true,Захопливий вікенд&hellip; + Трансфегераш,18.07.2026,,173,,,
https://www.accordtour.com/tours/5019/tab/tab_price/tour_date/2026-04-29/cls_number_adult_cnt/%7B1:1%7D/cls_number_child_age/%7B%7D/tour_include_ins/true,Захопливий вікенд&hellip; + Трансфегераш,24.07.2026,,173,,,
https://www.accordtour.com/tours/5019/tab/tab_price/tour_date/2026-04-29/cls_number_adult_cnt/%7B1:1%7D/cls_number_child_age/%7B%7D/tour_include_ins/true,Захопливий вікенд&hellip; + Трансфегераш,31.07.2026,,173,,,
https://www.accordtour.com/tours/5019/tab/tab_price/tour_date/2026-04-29/cls_number_adult_cnt/%7B1:1%7D/cls_number_child_age/%7B%7D/tour_include_ins/true,Захопливий вікенд&hellip; + Трансфегераш,02.08.2026,,173,,,
https://www.accordtour.com/tours/5019/tab/tab_price/tour_date/2026-04-29/cls_number_adult_cnt/%7B1:1%7D/cls_number_child_age/%7B%7D/tour_include_ins/true,Захопливий вікенд&hellip; + Трансфегераш,15.08.2026,,173,,,
https://www.accordtour.com/tours/5019/tab/tab_price/tour_date/2026-04-29/cls_number_adult_cnt/%7B1:1%7D/cls_number_child_age/%7B%7D/tour_include_ins/true,Захопливий вікенд&hellip; + Трансфегераш,23.08.2026,,173,,,
https://www.accordtour.com/tours/5019/tab/tab_price/tour_date/2026-04-29/cls_number_adult_cnt/%7B1:1%7D/cls_number_child_age/%7B%7D/tour_include_ins/true,Захопливий вікенд&hellip; + Трансфегераш,25.08.2026,,173,,,
https://www.accordtour.com/tours/5019/tab/tab_price/tour_date/2026-04-29/cls_number_adult_cnt/%7B1:1%7D/cls_number_child_age/%7B%7D/tour_include_ins/true,Захопливий вікенд&hellip; + Трансфегераш,27.08.2026,,173,,,
https://www.accordtour.com/tours/5019/tab/tab_price/tour_date/2026-04-29/cls_number_adult_cnt/%7B1:1%7D/cls_number_child_age/%7B%7D/tour_include_ins/true,Захопливий вікенд&hellip; + Трансфегераш,12.09.2026,,173,,,
https://www.accordtour.com/tours/5019/tab/tab_price/tour_date/2026-04-29/cls_number_adult_cnt/%7B1:1%7D/cls_number_child_age/%7B%7D/tour_include_ins/true,Захопливий вікенд&hellip; + Трансфегераш,17.09.2026,,173,,,
https://www.accordtour.com/tours/5019/tab/tab_price/tour_date/2026-04-29/cls_number_adult_cnt/%7B1:1%7D/cls_number_child_age/%7B%7D/tour_include_ins/true,Захопливий вікенд&hellip; + Трансфегераш,27.09.2026,,173,,,
https://www.accordtour.com/tours/5019/tab/tab_price/tour_date/2026-04-29/cls_number_adult_cnt/%7B1:1%7D/cls_number_child_age/%7B%7D/tour_include_ins/true,Захопливий вікенд&hellip; + Трансфегераш,01.10.2026,,173,,,
https://www.accordtour.com/tours/5019/tab/tab_price/tour_date/2026-04-29/cls_number_adult_cnt/%7B1:1%7D/cls_number_child_age/%7B%7D/tour_include_ins/true,Захопливий вікенд&hellip; + Трансфегераш,04.10.2026,,173,,,
https://www.accordtour.com/tours/5019/tab/tab_price/tour_date/2026-04-29/cls_number_adult_cnt/%7B1:1%7D/cls_number_child_age/%7B%7D/tour_include_ins/true,Захопливий вікенд&hellip; + Трансфегераш,16.10.2026,,173,,,
https://www.accordtour.com/tours/5019/tab/tab_price/tour_date/2026-04-29/cls_number_adult_cnt/%7B1:1%7D/cls_number_child_age/%7B%7D/tour_include_ins/true,Захопливий вікенд&hellip; + Трансфегераш,24.10.2026,,173,,,
https://www.accordtour.com/tours/5019/tab/tab_price/tour_date/2026-04-29/cls_number_adult_cnt/%7B1:1%7D/cls_number_child_age/%7B%7D/tour_include_ins/true,Захопливий вікенд&hellip; + Трансфегераш,31.10.2026,,173,,,
https://www.accordtour.com/tours/5019/tab/tab_price/tour_date/2026-04-29/cls_number_adult_cnt/%7B1:1%7D/cls_number_child_age/%7B%7D/tour_include_ins/true,Захопливий вікенд&hellip; + Трансфегераш,03.11.2026,,173,,,
https://www.accordtour.com/tours/5834/tab/tab_price/tour_date/2026-05-22/cls_number_adult_cnt/%7B1:1%7D/cls_number_child_age/%7B%7D/tour_include_ins/true,Побачення з вампіром!!! Бухарест+Брашов,29.05.2026,,127,,,
https://www.accordtour.com/tours/5834/tab/tab_price/tour_date/2026-05-22/cls_number_adult_cnt/%7B1:1%7D/cls_number_child_age/%7B%7D/tour_include_ins/true,Побачення з вампіром!!! Бухарест+Брашов,11.06.2026,,127,,,
https://www.accordtour.com/tours/5834/tab/tab_price/tour_date/2026-05-22/cls_number_adult_cnt/%7B1:1%7D/cls_number_child_age/%7B%7D/tour_include_ins/true,Побачення з вампіром!!! Бухарест+Брашов,12.06.2026,,127,,,
https://www.accordtour.com/tours/5834/tab/tab_price/tour_date/2026-05-22/cls_number_adult_cnt/%7B1:1%7D/cls_number_child_age/%7B%7D/tour_include_ins/true,Побачення з вампіром!!! Бухарест+Брашов,20.06.2026,,127,,,
https://www.accordtour.com/tours/5834/tab/tab_price/tour_date/2026-05-22/cls_number_adult_cnt/%7B1:1%7D/cls_number_child_age/%7B%7D/tour_include_ins/true,Побачення з вампіром!!! Бухарест+Брашов,02.07.2026,,127,,,
https://www.accordtour.com/tours/5834/tab/tab_price/tour_date/2026-05-22/cls_number_adult_cnt/%7B1:1%7D/cls_number_child_age/%7B%7D/tour_include_ins/true,Побачення з вампіром!!! Бухарест+Брашов,11.07.2026,,127,,,
https://www.accordtour.com/tours/5834/tab/tab_price/tour_date/2026-05-22/cls_number_adult_cnt/%7B1:1%7D/cls_number_child_age/%7B%7D/tour_include_ins/true,Побачення з вампіром!!! Бухарест+Брашов,23.07.2026,,127,,,
https://www.accordtour.com/tours/5834/tab/tab_price/tour_date/2026-05-22/cls_number_adult_cnt/%7B1:1%7D/cls_number_child_age/%7B%7D/tour_include_ins/true,Побачення з вампіром!!! Бухарест+Брашов,05.08.2026,,127,,,
https://www.accordtour.com/tours/5834/tab/tab_price/tour_date/2026-05-22/cls_number_adult_cnt/%7B1:1%7D/cls_number_child_age/%7B%7D/tour_include_ins/true,Побачення з вампіром!!! Бухарест+Брашов,21.08.2026,,127,,,
https://www.accordtour.com/tours/5834/tab/tab_price/tour_date/2026-05-22/cls_number_adult_cnt/%7B1:1%7D/cls_number_child_age/%7B%7D/tour_include_ins/true,Побачення з вампіром!!! Бухарест+Брашов,04.09.2026,,127,,,
https://www.accordtour.com/tours/5834/tab/tab_price/tour_date/2026-05-22/cls_number_adult_cnt/%7B1:1%7D/cls_number_child_age/%7B%7D/tour_include_ins/true,Побачення з вампіром!!! Бухарест+Брашов,15.09.2026,,127,,,
https://www.accordtour.com/tours/5834/tab/tab_price/tour_date/2026-05-22/cls_number_adult_cnt/%7B1:1%7D/cls_number_child_age/%7B%7D/tour_include_ins/true,Побачення з вампіром!!! Бухарест+Брашов,20.09.2026,,127,,,
https://www.accordtour.com/tours/5834/tab/tab_price/tour_date/2026-05-22/cls_number_adult_cnt/%7B1:1%7D/cls_number_child_age/%7B%7D/tour_include_ins/true,Побачення з вампіром!!! Бухарест+Брашов,25.09.2026,,127,,,
https://www.accordtour.com/tours/5834/tab/tab_price/tour_date/2026-05-22/cls_number_adult_cnt/%7B1:1%7D/cls_number_child_age/%7B%7D/tour_include_ins/true,Побачення з вампіром!!! Бухарест+Брашов,06.10.2026,,127,,,
https://www.accordtour.com/tours/5834/tab/tab_price/tour_date/2026-05-22/cls_number_adult_cnt/%7B1:1%7D/cls_number_child_age/%7B%7D/tour_include_ins/true,Побачення з вампіром!!! Бухарест+Брашов,30.10.2026,,127,,,
https://www.accordtour.com/tours/5834/tab/tab_price/tour_date/2026-05-22/cls_number_adult_cnt/%7B1:1%7D/cls_number_child_age/%7B%7D/tour_include_ins/true,Побачення з вампіром!!! Бухарест+Брашов,08.11.2026,,127,,,
https://www.accordtour.com/tours/5834/tab/tab_price/tour_date/2026-05-22/cls_number_adult_cnt/%7B1:1%7D/cls_number_child_age/%7B%7D/tour_include_ins/true,Побачення з вампіром!!! Бухарест+Брашов,29.11.2026,,127,,,
https://www.accordtour.com/tours/5834/tab/tab_price/tour_date/2026-05-22/cls_number_adult_cnt/%7B1:1%7D/cls_number_child_age/%7B%7D/tour_include_ins/true,Побачення з вампіром!!! Бухарест+Брашов,09.12.2026,,127,,,
https://www.accordtour.com/tours/5834/tab/tab_price/tour_date/2026-05-22/cls_number_adult_cnt/%7B1:1%7D/cls_number_child_age/%7B%7D/tour_include_ins/true,Побачення з вампіром!!! Бухарест+Брашов,18.12.2026,,127,,,
https://www.accordtour.com/tours/5834/tab/tab_price/tour_date/2026-05-22/cls_number_adult_cnt/%7B1:1%7D/cls_number_child_age/%7B%7D/tour_include_ins/true,Побачення з вампіром!!! Бухарест+Брашов,30.12.2026,,127,,,
https://www.accordtour.com/tours/8444/tab/tab_price/tour_date/2026-05-24/cls_number_adult_cnt/%7B1:1%7D/cls_number_child_age/%7B%7D/tour_include_ins/true,"Там, де сонце торкається гірських вершин&hellip;",09.06.2026,,259,,,
https://www.accordtour.com/tours/8444/tab/tab_price/tour_date/2026-05-24/cls_number_adult_cnt/%7B1:1%7D/cls_number_child_age/%7B%7D/tour_include_ins/true,"Там, де сонце торкається гірських вершин&hellip;",21.06.2026,,259,,,
https://www.accordtour.com/tours/8444/tab/tab_price/tour_date/2026-05-24/cls_number_adult_cnt/%7B1:1%7D/cls_number_child_age/%7B%7D/tour_include_ins/true,"Там, де сонце торкається гірських вершин&hellip;",24.07.2026,,259,,,
https://www.accordtour.com/tours/8444/tab/tab_price/tour_date/2026-05-24/cls_number_adult_cnt/%7B1:1%7D/cls_number_child_age/%7B%7D/tour_include_ins/true,"Там, де сонце торкається гірських вершин&hellip;",09.08.2026,,259,,,
https://www.accordtour.com/tours/8444/tab/tab_price/tour_date/2026-05-24/cls_number_adult_cnt/%7B1:1%7D/cls_number_child_age/%7B%7D/tour_include_ins/true,"Там, де сонце торкається гірських вершин&hellip;",22.08.2026,,259,,,
https://www.accordtour.com/tours/8444/tab/tab_price/tour_date/2026-05-24/cls_number_adult_cnt/%7B1:1%7D/cls_number_child_age/%7B%7D/tour_include_ins/true,"Там, де сонце торкається гірських вершин&hellip;",04.09.2026,,259,,,
https://www.accordtour.com/tours/8444/tab/tab_price/tour_date/2026-05-24/cls_number_adult_cnt/%7B1:1%7D/cls_number_child_age/%7B%7D/tour_include_ins/true,"Там, де сонце торкається гірських вершин&hellip;",22.09.2026,,259,,,
https://www.accordtour.com/tours/8444/tab/tab_price/tour_date/2026-05-24/cls_number_adult_cnt/%7B1:1%7D/cls_number_child_age/%7B%7D/tour_include_ins/true,"Там, де сонце торкається гірських вершин&hellip;",18.10.2026,,259,,,
https://www.accordtour.com/tours/8444/tab/tab_price/tour_date/2026-05-24/cls_number_adult_cnt/%7B1:1%7D/cls_number_child_age/%7B%7D/tour_include_ins/true,"Там, де сонце торкається гірських вершин&hellip;",31.10.2026,,259,,,
https://www.accordtour.com/tours/8444/tab/tab_price/tour_date/2026-05-24/cls_number_adult_cnt/%7B1:1%7D/cls_number_child_age/%7B%7D/tour_include_ins/true,"Там, де сонце торкається гірських вершин&hellip;",08.11.2026,,259,,,
https://www.accordtour.com/tours/8444/tab/tab_price/tour_date/2026-05-24/cls_number_adult_cnt/%7B1:1%7D/cls_number_child_age/%7B%7D/tour_include_ins/true,"Там, де сонце торкається гірських вершин&hellip;",17.11.2026,,259,,,
https://www.accordtour.com/tours/8444/tab/tab_price/tour_date/2026-05-24/cls_number_adult_cnt/%7B1:1%7D/cls_number_child_age/%7B%7D/tour_include_ins/true,"Там, де сонце торкається гірських вершин&hellip;",11.12.2026,,259,,,
https://www.accordtour.com/tours/863885/tab/tab_price/tour_date/2026-12-30/cls_number_adult_cnt/%7B1:1%7D/cls_number_child_age/%7B%7D/tour_include_ins/true,Вікенд з родзинкою&hellip; Замок Корвінів + Турда!,29.05.2026,,150,,,
https://www.accordtour.com/tours/863885/tab/tab_price/tour_date/2026-12-30/cls_number_adult_cnt/%7B1:1%7D/cls_number_child_age/%7B%7D/tour_include_ins/true,Вікенд з родзинкою&hellip; Замок Корвінів + Турда!,09.06.2026,,150,,,
https://www.accordtour.com/tours/863885/tab/tab_price/tour_date/2026-12-30/cls_number_adult_cnt/%7B1:1%7D/cls_number_child_age/%7B%7D/tour_include_ins/true,Вікенд з родзинкою&hellip; Замок Корвінів + Турда!,26.06.2026,,150,,,
https://www.accordtour.com/tours/863885/tab/tab_price/tour_date/2026-12-30/cls_number_adult_cnt/%7B1:1%7D/cls_number_child_age/%7B%7D/tour_include_ins/true,Вікенд з родзинкою&hellip; Замок Корвінів + Турда!,03.07.2026,,150,,,
https://www.accordtour.com/tours/863885/tab/tab_price/tour_date/2026-12-30/cls_number_adult_cnt/%7B1:1%7D/cls_number_child_age/%7B%7D/tour_include_ins/true,Вікенд з родзинкою&hellip; Замок Корвінів + Турда!,24.07.2026,,150,,,
https://www.accordtour.com/tours/863885/tab/tab_price/tour_date/2026-12-30/cls_number_adult_cnt/%7B1:1%7D/cls_number_child_age/%7B%7D/tour_include_ins/true,Вікенд з родзинкою&hellip; Замок Корвінів + Турда!,22.08.2026,,150,,,
https://www.accordtour.com/tours/863885/tab/tab_price/tour_date/2026-12-30/cls_number_adult_cnt/%7B1:1%7D/cls_number_child_age/%7B%7D/tour_include_ins/true,Вікенд з родзинкою&hellip; Замок Корвінів + Турда!,28.08.2026,,150,,,
https://www.accordtour.com/tours/863885/tab/tab_price/tour_date/2026-12-30/cls_number_adult_cnt/%7B1:1%7D/cls_number_child_age/%7B%7D/tour_include_ins/true,Вікенд з родзинкою&hellip; Замок Корвінів + Турда!,12.09.2026,,150,,,
https://www.accordtour.com/tours/863885/tab/tab_price/tour_date/2026-12-30/cls_number_adult_cnt/%7B1:1%7D/cls_number_child_age/%7B%7D/tour_include_ins/true,Вікенд з родзинкою&hellip; Замок Корвінів + Турда!,17.09.2026,,150,,,
https://www.accordtour.com/tours/863885/tab/tab_price/tour_date/2026-12-30/cls_number_adult_cnt/%7B1:1%7D/cls_number_child_age/%7B%7D/tour_include_ins/true,Вікенд з родзинкою&hellip; Замок Корвінів + Турда!,22.09.2026,,150,,,
https://www.accordtour.com/tours/863885/tab/tab_price/tour_date/2026-12-30/cls_number_adult_cnt/%7B1:1%7D/cls_number_child_age/%7B%7D/tour_include_ins/true,Вікенд з родзинкою&hellip; Замок Корвінів + Турда!,02.10.2026,,150,,,
https://www.accordtour.com/tours/863885/tab/tab_price/tour_date/2026-12-30/cls_number_adult_cnt/%7B1:1%7D/cls_number_child_age/%7B%7D/tour_include_ins/true,Вікенд з родзинкою&hellip; Замок Корвінів + Турда!,18.10.2026,,150,,,
https://www.accordtour.com/tours/863885/tab/tab_price/tour_date/2026-12-30/cls_number_adult_cnt/%7B1:1%7D/cls_number_child_age/%7B%7D/tour_include_ins/true,Вікенд з родзинкою&hellip; Замок Корвінів + Турда!,28.10.2026,,150,,,
https://www.accordtour.com/tours/863885/tab/tab_price/tour_date/2026-12-30/cls_number_adult_cnt/%7B1:1%7D/cls_number_child_age/%7B%7D/tour_include_ins/true,Вікенд з родзинкою&hellip; Замок Корвінів + Турда!,31.10.2026,,150,,,
https://www.accordtour.com/tours/863885/tab/tab_price/tour_date/2026-12-30/cls_number_adult_cnt/%7B1:1%7D/cls_number_child_age/%7B%7D/tour_include_ins/true,Вікенд з родзинкою&hellip; Замок Корвінів + Турда!,01.11.2026,,150,,,
https://www.accordtour.com/tours/863885/tab/tab_price/tour_date/2026-12-30/cls_number_adult_cnt/%7B1:1%7D/cls_number_child_age/%7B%7D/tour_include_ins/true,Вікенд з родзинкою&hellip; Замок Корвінів + Турда!,13.11.2026,,150,,,
https://www.accordtour.com/tours/863885/tab/tab_price/tour_date/2026-12-30/cls_number_adult_cnt/%7B1:1%7D/cls_number_child_age/%7B%7D/tour_include_ins/true,Вікенд з родзинкою&hellip; Замок Корвінів + Турда!,06.12.2026,,150,,,
https://www.accordtour.com/tours/863885/tab/tab_price/tour_date/2026-12-30/cls_number_adult_cnt/%7B1:1%7D/cls_number_child_age/%7B%7D/tour_include_ins/true,Вікенд з родзинкою&hellip; Замок Корвінів + Турда!,11.12.2026,,150,,,
https://www.accordtour.com/tours/863885/tab/tab_price/tour_date/2026-12-30/cls_number_adult_cnt/%7B1:1%7D/cls_number_child_age/%7B%7D/tour_include_ins/true,Вікенд з родзинкою&hellip; Замок Корвінів + Турда!,30.12.2026,,150,,,
https://www.accordtour.com/tours/668031,У компанії з морем: Відпочинок на Егейському узбережжі,29.05.2026,,250,,,
https://www.accordtour.com/tours/668031,У компанії з морем: Відпочинок на Егейському узбережжі,06.06.2026,,250,,,
https://www.accordtour.com/tours/668031,У компанії з морем: Відпочинок на Егейському узбережжі,09.06.2026,,250,,,
https://www.accordtour.com/tours/668031,У компанії з морем: Відпочинок на Егейському узбережжі,11.06.2026,,250,,,
https://www.accordtour.com/tours/668031,У компанії з морем: Відпочинок на Егейському узбережжі,21.06.2026,,250,,,
https://www.accordtour.com/tours/668031,У компанії з морем: Відпочинок на Егейському узбережжі,26.06.2026,,250,,,
https://www.accordtour.com/tours/668031,У компанії з морем: Відпочинок на Егейському узбережжі,03.07.2026,,250,,,
https://www.accordtour.com/tours/668031,У компанії з морем: Відпочинок на Егейському узбережжі,15.07.2026,,250,,,
https://www.accordtour.com/tours/668031,У компанії з морем: Відпочинок на Егейському узбережжі,19.07.2026,,250,,,
https://www.accordtour.com/tours/668031,У компанії з морем: Відпочинок на Егейському узбережжі,20.07.2026,,250,,,
https://www.accordtour.com/tours/668031,У компанії з морем: Відпочинок на Егейському узбережжі,24.07.2026,,250,,,
https://www.accordtour.com/tours/668031,У компанії з морем: Відпочинок на Егейському узбережжі,28.07.2026,,250,,,
https://www.accordtour.com/tours/668031,У компанії з морем: Відпочинок на Егейському узбережжі,04.08.2026,,250,,,
https://www.accordtour.com/tours/668031,У компанії з морем: Відпочинок на Егейському узбережжі,09.08.2026,,250,,,
https://www.accordtour.com/tours/668031,У компанії з морем: Відпочинок на Егейському узбережжі,19.08.2026,,250,,,
https://www.accordtour.com/tours/668031,У компанії з морем: Відпочинок на Егейському узбережжі,22.08.2026,,250,,,
https://www.accordtour.com/tours/668031,У компанії з морем: Відпочинок на Егейському узбережжі,29.08.2026,,250,,,
https://www.accordtour.com/tours/668031,У компанії з морем: Відпочинок на Егейському узбережжі,04.09.2026,,250,,,
https://www.accordtour.com/tours/668031,У компанії з морем: Відпочинок на Егейському узбережжі,12.09.2026,,250,,,
https://www.accordtour.com/tours/668031,У компанії з морем: Відпочинок на Егейському узбережжі,16.09.2026,,250,,,
https://www.accordtour.com/tours/668031,У компанії з морем: Відпочинок на Егейському узбережжі,18.09.2026,,250,,,
https://www.accordtour.com/tours/668031,У компанії з морем: Відпочинок на Егейському узбережжі,22.09.2026,,250,,,
https://www.accordtour.com/tours/8866,"Посмішка Кармен! Любляна, Мілан, Барселона, Ніцца та Венеція!",12.06.2026,,427,,,
https://www.accordtour.com/tours/8866,"Посмішка Кармен! Любляна, Мілан, Барселона, Ніцца та Венеція!",27.06.2026,,427,,,
https://www.accordtour.com/tours/8866,"Посмішка Кармен! Любляна, Мілан, Барселона, Ніцца та Венеція!",02.07.2026,,427,,,
https://www.accordtour.com/tours/8866,"Посмішка Кармен! Любляна, Мілан, Барселона, Ніцца та Венеція!",16.08.2026,,427,,,
https://www.accordtour.com/tours/8866,"Посмішка Кармен! Любляна, Мілан, Барселона, Ніцца та Венеція!",05.09.2026,,427,,,
https://www.accordtour.com/tours/8866,"Посмішка Кармен! Любляна, Мілан, Барселона, Ніцца та Венеція!",12.09.2026,,427,,,
https://www.accordtour.com/tours/8866,"Посмішка Кармен! Любляна, Мілан, Барселона, Ніцца та Венеція!",15.10.2026,,427,,,
https://www.accordtour.com/tours/680163,Моя гірська симфонія...,06.06.2026,,276,,,
https://www.accordtour.com/tours/680163,Моя гірська симфонія...,21.06.2026,,276,,,
https://www.accordtour.com/tours/680163,Моя гірська симфонія...,26.06.2026,,276,,,
https://www.accordtour.com/tours/680163,Моя гірська симфонія...,03.07.2026,,276,,,
https://www.accordtour.com/tours/680163,Моя гірська симфонія...,19.07.2026,,276,,,
https://www.accordtour.com/tours/680163,Моя гірська симфонія...,28.07.2026,,276,,,
https://www.accordtour.com/tours/680163,Моя гірська симфонія...,09.08.2026,,276,,,
https://www.accordtour.com/tours/680163,Моя гірська симфонія...,22.08.2026,,276,,,
https://www.accordtour.com/tours/680163,Моя гірська симфонія...,29.08.2026,,276,,,
https://www.accordtour.com/tours/680163,Моя гірська симфонія...,12.09.2026,,276,,,
https://www.accordtour.com/tours/680163,Моя гірська симфонія...,22.09.2026,,276,,,
https://www.accordtour.com/tours/680163,Моя гірська симфонія...,06.10.2026,,276,,,
https://www.accordtour.com/tours/680163,Моя гірська симфонія...,18.10.2026,,276,,,
https://www.accordtour.com/tours/680163,Моя гірська симфонія...,31.10.2026,,276,,,
https://www.accordtour.com/tours/680163,Моя гірська симфонія...,01.11.2026,,276,,,
https://www.accordtour.com/tours/680163,Моя гірська симфонія...,08.11.2026,,276,,,
https://www.accordtour.com/tours/680163,Моя гірська симфонія...,17.11.2026,,276,,,
https://www.accordtour.com/tours/680163,Моя гірська симфонія...,06.12.2026,,276,,,
https://www.accordtour.com/tours/680163,Моя гірська симфонія...,12.12.2026,,276,,,
https://www.accordtour.com/tours/680163,Моя гірська симфонія...,18.12.2026,,276,,,
https://www.accordtour.com/tours/680163,Моя гірська симфонія...,30.12.2026,,276,,,
https://www.accordtour.com/tours/311081/tab/tab_price/tour_date/2026-05-31/cls_number_adult_cnt/%7B1:1%7D/cls_number_child_age/%7B%7D/tour_include_ins/true,"Таємничий вікенд... Невермор, Дракула, Бухарест...",31.05.2026,,232,,,
https://www.accordtour.com/tours/311081/tab/tab_price/tour_date/2026-05-31/cls_number_adult_cnt/%7B1:1%7D/cls_number_child_age/%7B%7D/tour_include_ins/true,"Таємничий вікенд... Невермор, Дракула, Бухарест...",13.06.2026,,232,,,
https://www.accordtour.com/tours/311081/tab/tab_price/tour_date/2026-05-31/cls_number_adult_cnt/%7B1:1%7D/cls_number_child_age/%7B%7D/tour_include_ins/true,"Таємничий вікенд... Невермор, Дракула, Бухарест...",18.06.2026,,232,,,
https://www.accordtour.com/tours/311081/tab/tab_price/tour_date/2026-05-31/cls_number_adult_cnt/%7B1:1%7D/cls_number_child_age/%7B%7D/tour_include_ins/true,"Таємничий вікенд... Невермор, Дракула, Бухарест...",26.06.2026,,232,,,
https://www.accordtour.com/tours/311081/tab/tab_price/tour_date/2026-05-31/cls_number_adult_cnt/%7B1:1%7D/cls_number_child_age/%7B%7D/tour_include_ins/true,"Таємничий вікенд... Невермор, Дракула, Бухарест...",04.07.2026,,232,,,
https://www.accordtour.com/tours/311081/tab/tab_price/tour_date/2026-05-31/cls_number_adult_cnt/%7B1:1%7D/cls_number_child_age/%7B%7D/tour_include_ins/true,"Таємничий вікенд... Невермор, Дракула, Бухарест...",10.07.2026,,232,,,
https://www.accordtour.com/tours/311081/tab/tab_price/tour_date/2026-05-31/cls_number_adult_cnt/%7B1:1%7D/cls_number_child_age/%7B%7D/tour_include_ins/true,"Таємничий вікенд... Невермор, Дракула, Бухарест...",18.07.2026,,232,,,
https://www.accordtour.com/tours/311081/tab/tab_price/tour_date/2026-05-31/cls_number_adult_cnt/%7B1:1%7D/cls_number_child_age/%7B%7D/tour_include_ins/true,"Таємничий вікенд... Невермор, Дракула, Бухарест...",24.07.2026,,232,,,
https://www.accordtour.com/tours/311081/tab/tab_price/tour_date/2026-05-31/cls_number_adult_cnt/%7B1:1%7D/cls_number_child_age/%7B%7D/tour_include_ins/true,"Таємничий вікенд... Невермор, Дракула, Бухарест...",09.08.2026,,232,,,
https://www.accordtour.com/tours/311081/tab/tab_price/tour_date/2026-05-31/cls_number_adult_cnt/%7B1:1%7D/cls_number_child_age/%7B%7D/tour_include_ins/true,"Таємничий вікенд... Невермор, Дракула, Бухарест...",14.08.2026,,232,,,
https://www.accordtour.com/tours/311081/tab/tab_price/tour_date/2026-05-31/cls_number_adult_cnt/%7B1:1%7D/cls_number_child_age/%7B%7D/tour_include_ins/true,"Таємничий вікенд... Невермор, Дракула, Бухарест...",19.08.2026,,232,,,
https://www.accordtour.com/tours/311081/tab/tab_price/tour_date/2026-05-31/cls_number_adult_cnt/%7B1:1%7D/cls_number_child_age/%7B%7D/tour_include_ins/true,"Таємничий вікенд... Невермор, Дракула, Бухарест...",06.09.2026,,232,,,
https://www.accordtour.com/tours/311081/tab/tab_price/tour_date/2026-05-31/cls_number_adult_cnt/%7B1:1%7D/cls_number_child_age/%7B%7D/tour_include_ins/true,"Таємничий вікенд... Невермор, Дракула, Бухарест...",09.09.2026,,232,,,
https://www.accordtour.com/tours/311081/tab/tab_price/tour_date/2026-05-31/cls_number_adult_cnt/%7B1:1%7D/cls_number_child_age/%7B%7D/tour_include_ins/true,"Таємничий вікенд... Невермор, Дракула, Бухарест...",24.09.2026,,232,,,
https://www.accordtour.com/tours/311081/tab/tab_price/tour_date/2026-05-31/cls_number_adult_cnt/%7B1:1%7D/cls_number_child_age/%7B%7D/tour_include_ins/true,"Таємничий вікенд... Невермор, Дракула, Бухарест...",11.10.2026,,232,,,
https://www.accordtour.com/tours/311081/tab/tab_price/tour_date/2026-05-31/cls_number_adult_cnt/%7B1:1%7D/cls_number_child_age/%7B%7D/tour_include_ins/true,"Таємничий вікенд... Невермор, Дракула, Бухарест...",18.10.2026,,232,,,
https://www.accordtour.com/tours/311081/tab/tab_price/tour_date/2026-05-31/cls_number_adult_cnt/%7B1:1%7D/cls_number_child_age/%7B%7D/tour_include_ins/true,"Таємничий вікенд... Невермор, Дракула, Бухарест...",22.10.2026,,232,,,
https://www.accordtour.com/tours/311081/tab/tab_price/tour_date/2026-05-31/cls_number_adult_cnt/%7B1:1%7D/cls_number_child_age/%7B%7D/tour_include_ins/true,"Таємничий вікенд... Невермор, Дракула, Бухарест...",24.10.2026,,232,,,
https://www.accordtour.com/tours/311081/tab/tab_price/tour_date/2026-05-31/cls_number_adult_cnt/%7B1:1%7D/cls_number_child_age/%7B%7D/tour_include_ins/true,"Таємничий вікенд... Невермор, Дракула, Бухарест...",28.10.2026,,232,,,
https://www.accordtour.com/tours/311081/tab/tab_price/tour_date/2026-05-31/cls_number_adult_cnt/%7B1:1%7D/cls_number_child_age/%7B%7D/tour_include_ins/true,"Таємничий вікенд... Невермор, Дракула, Бухарест...",06.11.2026,,232,,,
https://www.accordtour.com/tours/311081/tab/tab_price/tour_date/2026-05-31/cls_number_adult_cnt/%7B1:1%7D/cls_number_child_age/%7B%7D/tour_include_ins/true,"Таємничий вікенд... Невермор, Дракула, Бухарест...",12.11.2026,,232,,,
https://www.accordtour.com/tours/311081/tab/tab_price/tour_date/2026-05-31/cls_number_adult_cnt/%7B1:1%7D/cls_number_child_age/%7B%7D/tour_include_ins/true,"Таємничий вікенд... Невермор, Дракула, Бухарест...",21.11.2026,,232,,,
https://www.accordtour.com/tours/686111,Солодкі дотики моря... Греція! Відпочинок на Егейському морі!,21.05.2026,,384,,,
https://www.accordtour.com/tours/686111,Солодкі дотики моря... Греція! Відпочинок на Егейському морі!,28.05.2026,,384,,,
https://www.accordtour.com/tours/686111,Солодкі дотики моря... Греція! Відпочинок на Егейському морі!,04.06.2026,,384,,,
https://www.accordtour.com/tours/686111,Солодкі дотики моря... Греція! Відпочинок на Егейському морі!,11.06.2026,,384,,,
https://www.accordtour.com/tours/686111,Солодкі дотики моря... Греція! Відпочинок на Егейському морі!,18.06.2026,,384,,,
https://www.accordtour.com/tours/686111,Солодкі дотики моря... Греція! Відпочинок на Егейському морі!,25.06.2026,,384,,,
https://www.accordtour.com/tours/686111,Солодкі дотики моря... Греція! Відпочинок на Егейському морі!,02.07.2026,,384,,,
https://www.accordtour.com/tours/686111,Солодкі дотики моря... Греція! Відпочинок на Егейському морі!,09.07.2026,,384,,,
https://www.accordtour.com/tours/686111,Солодкі дотики моря... Греція! Відпочинок на Егейському морі!,16.07.2026,,384,,,
https://www.accordtour.com/tours/686111,Солодкі дотики моря... Греція! Відпочинок на Егейському морі!,23.07.2026,,384,,,
https://www.accordtour.com/tours/686111,Солодкі дотики моря... Греція! Відпочинок на Егейському морі!,30.07.2026,,384,,,
https://www.accordtour.com/tours/686111,Солодкі дотики моря... Греція! Відпочинок на Егейському морі!,06.08.2026,,384,,,
https://www.accordtour.com/tours/686111,Солодкі дотики моря... Греція! Відпочинок на Егейському морі!,13.08.2026,,384,,,
https://www.accordtour.com/tours/686111,Солодкі дотики моря... Греція! Відпочинок на Егейському морі!,20.08.2026,,384,,,
https://www.accordtour.com/tours/686111,Солодкі дотики моря... Греція! Відпочинок на Егейському морі!,27.08.2026,,384,,,
https://www.accordtour.com/tours/686111,Солодкі дотики моря... Греція! Відпочинок на Егейському морі!,03.09.2026,,384,,,
https://www.accordtour.com/tours/686111,Солодкі дотики моря... Греція! Відпочинок на Егейському морі!,10.09.2026,,384,,,
https://www.accordtour.com/tours/686111,Солодкі дотики моря... Греція! Відпочинок на Егейському морі!,17.09.2026,,384,,,
https://www.accordtour.com/tours/686111,Солодкі дотики моря... Греція! Відпочинок на Егейському морі!,24.09.2026,,384,,,
https://www.accordtour.com/tours/686111,Солодкі дотики моря... Греція! Відпочинок на Егейському морі!,01.10.2026,,384,,,
https://www.accordtour.com/tours/686111,Солодкі дотики моря... Греція! Відпочинок на Егейському морі!,08.10.2026,,384,,,
https://www.accordtour.com/tours/686111,Солодкі дотики моря... Греція! Відпочинок на Егейському морі!,15.10.2026,,384,,,
https://www.accordtour.com/tours/686111,Солодкі дотики моря... Греція! Відпочинок на Егейському морі!,22.10.2026,,384,,,
https://www.accordtour.com/tours/803886,Сонячна розкіш Чорногорія + Хорватія Відпочинок на морі в Чорногорії,03.06.2026,,385,,,
https://www.accordtour.com/tours/803886,Сонячна розкіш Чорногорія + Хорватія Відпочинок на морі в Чорногорії,10.06.2026,,385,,,
https://www.accordtour.com/tours/803886,Сонячна розкіш Чорногорія + Хорватія Відпочинок на морі в Чорногорії,17.06.2026,,385,,,
https://www.accordtour.com/tours/803886,Сонячна розкіш Чорногорія + Хорватія Відпочинок на морі в Чорногорії,24.06.2026,,385,,,
https://www.accordtour.com/tours/803886,Сонячна розкіш Чорногорія + Хорватія Відпочинок на морі в Чорногорії,01.07.2026,,385,,,
https://www.accordtour.com/tours/803886,Сонячна розкіш Чорногорія + Хорватія Відпочинок на морі в Чорногорії,08.07.2026,,385,,,
https://www.accordtour.com/tours/803886,Сонячна розкіш Чорногорія + Хорватія Відпочинок на морі в Чорногорії,15.07.2026,,385,,,
https://www.accordtour.com/tours/803886,Сонячна розкіш Чорногорія + Хорватія Відпочинок на морі в Чорногорії,22.07.2026,,385,,,
https://www.accordtour.com/tours/803886,Сонячна розкіш Чорногорія + Хорватія Відпочинок на морі в Чорногорії,29.07.2026,,385,,,
https://www.accordtour.com/tours/803886,Сонячна розкіш Чорногорія + Хорватія Відпочинок на морі в Чорногорії,05.08.2026,,385,,,
https://www.accordtour.com/tours/803886,Сонячна розкіш Чорногорія + Хорватія Відпочинок на морі в Чорногорії,12.08.2026,,385,,,
https://www.accordtour.com/tours/803886,Сонячна розкіш Чорногорія + Хорватія Відпочинок на морі в Чорногорії,19.08.2026,,385,,,
https://www.accordtour.com/tours/803886,Сонячна розкіш Чорногорія + Хорватія Відпочинок на морі в Чорногорії,26.08.2026,,385,,,
https://www.accordtour.com/tours/803886,Сонячна розкіш Чорногорія + Хорватія Відпочинок на морі в Чорногорії,02.09.2026,,385,,,
https://www.accordtour.com/tours/803886,Сонячна розкіш Чорногорія + Хорватія Відпочинок на морі в Чорногорії,09.09.2026,,385,,,
https://www.accordtour.com/tours/803886,Сонячна розкіш Чорногорія + Хорватія Відпочинок на морі в Чорногорії,16.09.2026,,385,,,
https://www.accordtour.com/tours/803886,Сонячна розкіш Чорногорія + Хорватія Відпочинок на морі в Чорногорії,23.09.2026,,385,,,
https://www.accordtour.com/tours/803886,Сонячна розкіш Чорногорія + Хорватія Відпочинок на морі в Чорногорії,30.09.2026,,385,,,
https://www.accordtour.com/tours/803886,Сонячна розкіш Чорногорія + Хорватія Відпочинок на морі в Чорногорії,07.10.2026,,385,,,
https://www.accordtour.com/tours/803886,Сонячна розкіш Чорногорія + Хорватія Відпочинок на морі в Чорногорії,14.10.2026,,385,,,
https://www.accordtour.com/tours/803886,Сонячна розкіш Чорногорія + Хорватія Відпочинок на морі в Чорногорії,21.10.2026,,385,,,
https://www.accordtour.com/tours/803886,Сонячна розкіш Чорногорія + Хорватія Відпочинок на морі в Чорногорії,28.10.2026,,385,,,
https://www.accordtour.com/tours/813366,Приємний вікенд Прага + Дрезден,30.05.2026,,106,,,
https://www.accordtour.com/tours/813366,Приємний вікенд Прага + Дрезден,06.06.2026,,106,,,
https://www.accordtour.com/tours/813366,Приємний вікенд Прага + Дрезден,13.06.2026,,106,,,
https://www.accordtour.com/tours/813366,Приємний вікенд Прага + Дрезден,27.06.2026,,106,,,
https://www.accordtour.com/tours/813366,Приємний вікенд Прага + Дрезден,07.07.2026,,106,,,
https://www.accordtour.com/tours/813366,Приємний вікенд Прага + Дрезден,18.07.2026,,106,,,
https://www.accordtour.com/tours/813366,Приємний вікенд Прага + Дрезден,30.07.2026,,106,,,
https://www.accordtour.com/tours/813366,Приємний вікенд Прага + Дрезден,15.08.2026,,106,,,
https://www.accordtour.com/tours/813366,Приємний вікенд Прага + Дрезден,22.08.2026,,106,,,
https://www.accordtour.com/tours/813366,Приємний вікенд Прага + Дрезден,23.08.2026,,106,,,
https://www.accordtour.com/tours/813366,Приємний вікенд Прага + Дрезден,27.08.2026,,106,,,
https://www.accordtour.com/tours/813366,Приємний вікенд Прага + Дрезден,12.09.2026,,106,,,
https://www.accordtour.com/tours/813366,Приємний вікенд Прага + Дрезден,18.09.2026,,106,,,
https://www.accordtour.com/tours/813366,Приємний вікенд Прага + Дрезден,25.09.2026,,106,,,
https://www.accordtour.com/tours/813366,Приємний вікенд Прага + Дрезден,03.10.2026,,106,,,
https://www.accordtour.com/tours/813366,Приємний вікенд Прага + Дрезден,14.10.2026,,106,,,
https://www.accordtour.com/tours/813366,Приємний вікенд Прага + Дрезден,18.10.2026,,106,,,
https://www.accordtour.com/tours/813366,Приємний вікенд Прага + Дрезден,23.10.2026,,106,,,
https://www.accordtour.com/tours/813366,Приємний вікенд Прага + Дрезден,24.10.2026,,106,,,
https://www.accordtour.com/tours/813366,Приємний вікенд Прага + Дрезден,25.10.2026,,106,,,
https://www.accordtour.com/tours/813366,Приємний вікенд Прага + Дрезден,31.10.2026,,106,,,
https://www.accordtour.com/tours/133166,Празьке дежавю Прага та Відень,28.05.2026,,128,,,
https://www.accordtour.com/tours/133166,Празьке дежавю Прага та Відень,29.05.2026,,128,,,
https://www.accordtour.com/tours/133166,Празьке дежавю Прага та Відень,30.05.2026,,128,,,
https://www.accordtour.com/tours/133166,Празьке дежавю Прага та Відень,05.06.2026,,128,,,
https://www.accordtour.com/tours/133166,Празьке дежавю Прага та Відень,06.06.2026,,128,,,
https://www.accordtour.com/tours/133166,Празьке дежавю Прага та Відень,12.06.2026,,128,,,
https://www.accordtour.com/tours/133166,Празьке дежавю Прага та Відень,14.06.2026,,128,,,
https://www.accordtour.com/tours/133166,Празьке дежавю Прага та Відень,26.06.2026,,128,,,
https://www.accordtour.com/tours/133166,Празьке дежавю Прага та Відень,27.06.2026,,128,,,
https://www.accordtour.com/tours/133166,Празьке дежавю Прага та Відень,28.06.2026,,128,,,
https://www.accordtour.com/tours/133166,Празьке дежавю Прага та Відень,03.07.2026,,128,,,
https://www.accordtour.com/tours/133166,Празьке дежавю Прага та Відень,10.07.2026,,128,,,
https://www.accordtour.com/tours/133166,Празьке дежавю Прага та Відень,11.07.2026,,128,,,
https://www.accordtour.com/tours/133166,Празьке дежавю Прага та Відень,17.07.2026,,128,,,
https://www.accordtour.com/tours/133166,Празьке дежавю Прага та Відень,18.07.2026,,128,,,
https://www.accordtour.com/tours/133166,Празьке дежавю Прага та Відень,24.07.2026,,128,,,
https://www.accordtour.com/tours/133166,Празьке дежавю Прага та Відень,28.07.2026,,128,,,
https://www.accordtour.com/tours/133166,Празьке дежавю Прага та Відень,31.07.2026,,128,,,
https://www.accordtour.com/tours/133166,Празьке дежавю Прага та Відень,01.08.2026,,128,,,
https://www.accordtour.com/tours/133166,Празьке дежавю Прага та Відень,09.08.2026,,128,,,
https://www.accordtour.com/tours/133166,Празьке дежавю Прага та Відень,14.08.2026,,128,,,
https://www.accordtour.com/tours/133166,Празьке дежавю Прага та Відень,15.08.2026,,128,,,
https://www.accordtour.com/tours/133166,Празьке дежавю Прага та Відень,21.08.2026,,128,,,
https://www.accordtour.com/tours/133166,Празьке дежавю Прага та Відень,22.08.2026,,128,,,
https://www.accordtour.com/tours/133166,Празьке дежавю Прага та Відень,23.08.2026,,128,,,
https://www.accordtour.com/tours/888611/vsi_avtobusni_tury/finliandiia,Неймовірні пригоди у Санта-Клауса,11.12.2026,,528,,,
https://www.accordtour.com/tours/888611/vsi_avtobusni_tury/finliandiia,Неймовірні пригоди у Санта-Клауса,21.12.2026,,528,,,
https://www.accordtour.com/tours/888611/vsi_avtobusni_tury/finliandiia,Неймовірні пригоди у Санта-Клауса,25.12.2026,,528,,,
https://www.accordtour.com/tours/613086/tab/tab_price/tour_date/2026-05-23/cls_number_adult_cnt/%7B1:1%7D/cls_number_child_age/%7B%7D/tour_include_ins/true,Полювання на вампірів,28.05.2026,,136,,,
https://www.accordtour.com/tours/613086/tab/tab_price/tour_date/2026-05-23/cls_number_adult_cnt/%7B1:1%7D/cls_number_child_age/%7B%7D/tour_include_ins/true,Полювання на вампірів,12.06.2026,,136,,,
https://www.accordtour.com/tours/613086/tab/tab_price/tour_date/2026-05-23/cls_number_adult_cnt/%7B1:1%7D/cls_number_child_age/%7B%7D/tour_include_ins/true,Полювання на вампірів,20.06.2026,,136,,,
https://www.accordtour.com/tours/613086/tab/tab_price/tour_date/2026-05-23/cls_number_adult_cnt/%7B1:1%7D/cls_number_child_age/%7B%7D/tour_include_ins/true,Полювання на вампірів,28.06.2026,,136,,,
https://www.accordtour.com/tours/613086/tab/tab_price/tour_date/2026-05-23/cls_number_adult_cnt/%7B1:1%7D/cls_number_child_age/%7B%7D/tour_include_ins/true,Полювання на вампірів,02.07.2026,,136,,,
https://www.accordtour.com/tours/613086/tab/tab_price/tour_date/2026-05-23/cls_number_adult_cnt/%7B1:1%7D/cls_number_child_age/%7B%7D/tour_include_ins/true,Полювання на вампірів,23.07.2026,,136,,,
https://www.accordtour.com/tours/613086/tab/tab_price/tour_date/2026-05-23/cls_number_adult_cnt/%7B1:1%7D/cls_number_child_age/%7B%7D/tour_include_ins/true,Полювання на вампірів,31.07.2026,,136,,,
https://www.accordtour.com/tours/613086/tab/tab_price/tour_date/2026-05-23/cls_number_adult_cnt/%7B1:1%7D/cls_number_child_age/%7B%7D/tour_include_ins/true,Полювання на вампірів,02.08.2026,,136,,,
https://www.accordtour.com/tours/613086/tab/tab_price/tour_date/2026-05-23/cls_number_adult_cnt/%7B1:1%7D/cls_number_child_age/%7B%7D/tour_include_ins/true,Полювання на вампірів,15.08.2026,,136,,,
https://www.accordtour.com/tours/613086/tab/tab_price/tour_date/2026-05-23/cls_number_adult_cnt/%7B1:1%7D/cls_number_child_age/%7B%7D/tour_include_ins/true,Полювання на вампірів,21.08.2026,,136,,,
https://www.accordtour.com/tours/613086/tab/tab_price/tour_date/2026-05-23/cls_number_adult_cnt/%7B1:1%7D/cls_number_child_age/%7B%7D/tour_include_ins/true,Полювання на вампірів,27.08.2026,,136,,,
https://www.accordtour.com/tours/613086/tab/tab_price/tour_date/2026-05-23/cls_number_adult_cnt/%7B1:1%7D/cls_number_child_age/%7B%7D/tour_include_ins/true,Полювання на вампірів,03.09.2026,,136,,,
https://www.accordtour.com/tours/613086/tab/tab_price/tour_date/2026-05-23/cls_number_adult_cnt/%7B1:1%7D/cls_number_child_age/%7B%7D/tour_include_ins/true,Полювання на вампірів,12.09.2026,,136,,,
https://www.accordtour.com/tours/613086/tab/tab_price/tour_date/2026-05-23/cls_number_adult_cnt/%7B1:1%7D/cls_number_child_age/%7B%7D/tour_include_ins/true,Полювання на вампірів,20.09.2026,,136,,,
https://www.accordtour.com/tours/613086/tab/tab_price/tour_date/2026-05-23/cls_number_adult_cnt/%7B1:1%7D/cls_number_child_age/%7B%7D/tour_include_ins/true,Полювання на вампірів,27.09.2026,,136,,,
https://www.accordtour.com/tours/613086/tab/tab_price/tour_date/2026-05-23/cls_number_adult_cnt/%7B1:1%7D/cls_number_child_age/%7B%7D/tour_include_ins/true,Полювання на вампірів,01.10.2026,,136,,,
https://www.accordtour.com/tours/613086/tab/tab_price/tour_date/2026-05-23/cls_number_adult_cnt/%7B1:1%7D/cls_number_child_age/%7B%7D/tour_include_ins/true,Полювання на вампірів,02.10.2026,,136,,,
https://www.accordtour.com/tours/613086/tab/tab_price/tour_date/2026-05-23/cls_number_adult_cnt/%7B1:1%7D/cls_number_child_age/%7B%7D/tour_include_ins/true,Полювання на вампірів,16.10.2026,,136,,,
https://www.accordtour.com/tours/613086/tab/tab_price/tour_date/2026-05-23/cls_number_adult_cnt/%7B1:1%7D/cls_number_child_age/%7B%7D/tour_include_ins/true,Полювання на вампірів,24.10.2026,,136,,,
https://www.accordtour.com/tours/613086/tab/tab_price/tour_date/2026-05-23/cls_number_adult_cnt/%7B1:1%7D/cls_number_child_age/%7B%7D/tour_include_ins/true,Полювання на вампірів,25.10.2026,,136,,,
https://www.accordtour.com/tours/613086/tab/tab_price/tour_date/2026-05-23/cls_number_adult_cnt/%7B1:1%7D/cls_number_child_age/%7B%7D/tour_include_ins/true,Полювання на вампірів,01.11.2026,,136,,,
https://www.accordtour.com/tours/613086/tab/tab_price/tour_date/2026-05-23/cls_number_adult_cnt/%7B1:1%7D/cls_number_child_age/%7B%7D/tour_include_ins/true,Полювання на вампірів,05.11.2026,,136,,,
https://www.accordtour.com/tours/7147/tab/tab_price/tour_date/2026-05-24/cls_number_adult_cnt/%7B1:1%7D/cls_number_child_age/%7B%7D/tour_include_ins/true,Подорож в Трансільванію&hellip;,03.06.2026,,254,,,
https://www.accordtour.com/tours/7147/tab/tab_price/tour_date/2026-05-24/cls_number_adult_cnt/%7B1:1%7D/cls_number_child_age/%7B%7D/tour_include_ins/true,Подорож в Трансільванію&hellip;,12.06.2026,,254,,,
https://www.accordtour.com/tours/7147/tab/tab_price/tour_date/2026-05-24/cls_number_adult_cnt/%7B1:1%7D/cls_number_child_age/%7B%7D/tour_include_ins/true,Подорож в Трансільванію&hellip;,27.06.2026,,254,,,
https://www.accordtour.com/tours/7147/tab/tab_price/tour_date/2026-05-24/cls_number_adult_cnt/%7B1:1%7D/cls_number_child_age/%7B%7D/tour_include_ins/true,Подорож в Трансільванію&hellip;,18.07.2026,,254,,,
https://www.accordtour.com/tours/7147/tab/tab_price/tour_date/2026-05-24/cls_number_adult_cnt/%7B1:1%7D/cls_number_child_age/%7B%7D/tour_include_ins/true,Подорож в Трансільванію&hellip;,01.08.2026,,254,,,
https://www.accordtour.com/tours/7147/tab/tab_price/tour_date/2026-05-24/cls_number_adult_cnt/%7B1:1%7D/cls_number_child_age/%7B%7D/tour_include_ins/true,Подорож в Трансільванію&hellip;,26.08.2026,,254,,,
https://www.accordtour.com/tours/7147/tab/tab_price/tour_date/2026-05-24/cls_number_adult_cnt/%7B1:1%7D/cls_number_child_age/%7B%7D/tour_include_ins/true,Подорож в Трансільванію&hellip;,06.09.2026,,254,,,
https://www.accordtour.com/tours/7147/tab/tab_price/tour_date/2026-05-24/cls_number_adult_cnt/%7B1:1%7D/cls_number_child_age/%7B%7D/tour_include_ins/true,Подорож в Трансільванію&hellip;,20.09.2026,,254,,,
https://www.accordtour.com/tours/7147/tab/tab_price/tour_date/2026-05-24/cls_number_adult_cnt/%7B1:1%7D/cls_number_child_age/%7B%7D/tour_include_ins/true,Подорож в Трансільванію&hellip;,11.10.2026,,254,,,
https://www.accordtour.com/tours/7147/tab/tab_price/tour_date/2026-05-24/cls_number_adult_cnt/%7B1:1%7D/cls_number_child_age/%7B%7D/tour_include_ins/true,Подорож в Трансільванію&hellip;,15.10.2026,,254,,,
https://www.accordtour.com/tours/7147/tab/tab_price/tour_date/2026-05-24/cls_number_adult_cnt/%7B1:1%7D/cls_number_child_age/%7B%7D/tour_include_ins/true,Подорож в Трансільванію&hellip;,14.11.2026,,254,,,
https://www.accordtour.com/tours/7147/tab/tab_price/tour_date/2026-05-24/cls_number_adult_cnt/%7B1:1%7D/cls_number_child_age/%7B%7D/tour_include_ins/true,Подорож в Трансільванію&hellip;,02.12.2026,,254,,,
https://www.accordtour.com/tours/7147/tab/tab_price/tour_date/2026-05-24/cls_number_adult_cnt/%7B1:1%7D/cls_number_child_age/%7B%7D/tour_include_ins/true,Подорож в Трансільванію&hellip;,18.12.2026,,254,,,
https://www.accordtour.com/tours/7147/tab/tab_price/tour_date/2026-05-24/cls_number_adult_cnt/%7B1:1%7D/cls_number_child_age/%7B%7D/tour_include_ins/true,Подорож в Трансільванію&hellip;,29.12.2026,,254,,,
https://www.accordtour.com/tours/1118170,Ароматний вікенд&hellip;,13.06.2026,,148,,,
https://www.accordtour.com/tours/1118170,Ароматний вікенд&hellip;,16.06.2026,,148,,,
https://www.accordtour.com/tours/1118170,Ароматний вікенд&hellip;,27.06.2026,,148,,,
https://www.accordtour.com/tours/1118170,Ароматний вікенд&hellip;,02.07.2026,,148,,,
https://www.accordtour.com/tours/1118170,Ароматний вікенд&hellip;,17.07.2026,,148,,,
https://www.accordtour.com/tours/1118170,Ароматний вікенд&hellip;,02.08.2026,,148,,,
https://www.accordtour.com/tours/1118170,Ароматний вікенд&hellip;,09.08.2026,,148,,,
https://www.accordtour.com/tours/1118170,Ароматний вікенд&hellip;,22.08.2026,,148,,,
https://www.accordtour.com/tours/1118170,Ароматний вікенд&hellip;,27.08.2026,,148,,,
https://www.accordtour.com/tours/1118170,Ароматний вікенд&hellip;,05.09.2026,,148,,,
https://www.accordtour.com/tours/1118170,Ароматний вікенд&hellip;,13.09.2026,,148,,,
https://www.accordtour.com/tours/1118170,Ароматний вікенд&hellip;,25.09.2026,,148,,,
https://www.accordtour.com/tours/1118170,Ароматний вікенд&hellip;,01.10.2026,,148,,,
https://www.accordtour.com/tours/1118170,Ароматний вікенд&hellip;,18.10.2026,,148,,,
https://www.accordtour.com/tours/1118170,Ароматний вікенд&hellip;,30.10.2026,,148,,,
https://www.accordtour.com/tours/1118170,Ароматний вікенд&hellip;,04.11.2026,,148,,,
https://www.accordtour.com/tours/1118170,Ароматний вікенд&hellip;,14.11.2026,,148,,,
https://www.accordtour.com/tours/1118170,Ароматний вікенд&hellip;,29.11.2026,,148,,,
https://www.accordtour.com/tours/1118170,Ароматний вікенд&hellip;,05.12.2026,,148,,,
https://www.accordtour.com/tours/1118170,Ароматний вікенд&hellip;,18.12.2026,,148,,,
https://www.accordtour.com/tours/133188,Перше кохання... Прага,28.05.2026,,319,,,
https://www.accordtour.com/tours/133188,Перше кохання... Прага,11.06.2026,,319,,,
https://www.accordtour.com/tours/133188,Перше кохання... Прага,24.06.2026,,319,,,
https://www.accordtour.com/tours/133188,Перше кохання... Прага,26.06.2026,,319,,,
https://www.accordtour.com/tours/133188,Перше кохання... Прага,27.06.2026,,319,,,
https://www.accordtour.com/tours/133188,Перше кохання... Прага,17.07.2026,,319,,,
https://www.accordtour.com/tours/133188,Перше кохання... Прага,24.07.2026,,319,,,
https://www.accordtour.com/tours/133188,Перше кохання... Прага,31.07.2026,,319,,,
https://www.accordtour.com/tours/133188,Перше кохання... Прага,01.08.2026,,319,,,
https://www.accordtour.com/tours/133188,Перше кохання... Прага,02.08.2026,,319,,,
https://www.accordtour.com/tours/133188,Перше кохання... Прага,15.08.2026,,319,,,
https://www.accordtour.com/tours/133188,Перше кохання... Прага,23.08.2026,,319,,,
https://www.accordtour.com/tours/133188,Перше кохання... Прага,29.08.2026,,319,,,
https://www.accordtour.com/tours/133188,Перше кохання... Прага,22.09.2026,,319,,,
https://www.accordtour.com/tours/133188,Перше кохання... Прага,29.09.2026,,319,,,
https://www.accordtour.com/tours/133188,Перше кохання... Прага,18.10.2026,,319,,,
https://www.accordtour.com/tours/133188,Перше кохання... Прага,24.10.2026,,319,,,
https://www.accordtour.com/tours/1188,Пікнічок в Амстердамі,29.05.2026,,189,,,
https://www.accordtour.com/tours/1188,Пікнічок в Амстердамі,09.06.2026,,189,,,
https://www.accordtour.com/tours/1188,Пікнічок в Амстердамі,15.06.2026,,189,,,
https://www.accordtour.com/tours/1188,Пікнічок в Амстердамі,30.06.2026,,189,,,
https://www.accordtour.com/tours/1188,Пікнічок в Амстердамі,05.07.2026,,189,,,
https://www.accordtour.com/tours/1188,Пікнічок в Амстердамі,11.07.2026,,189,,,
https://www.accordtour.com/tours/1188,Пікнічок в Амстердамі,18.07.2026,,189,,,
https://www.accordtour.com/tours/1188,Пікнічок в Амстердамі,28.07.2026,,189,,,
https://www.accordtour.com/tours/1188,Пікнічок в Амстердамі,04.08.2026,,189,,,
https://www.accordtour.com/tours/1188,Пікнічок в Амстердамі,11.08.2026,,189,,,
https://www.accordtour.com/tours/1188,Пікнічок в Амстердамі,22.08.2026,,189,,,
https://www.accordtour.com/tours/1188,Пікнічок в Амстердамі,25.08.2026,,189,,,
https://www.accordtour.com/tours/1188,Пікнічок в Амстердамі,12.09.2026,,189,,,
https://www.accordtour.com/tours/1188,Пікнічок в Амстердамі,22.09.2026,,189,,,
https://www.accordtour.com/tours/1188,Пікнічок в Амстердамі,29.09.2026,,189,,,
https://www.accordtour.com/tours/1188,Пікнічок в Амстердамі,03.10.2026,,189,,,
https://www.accordtour.com/tours/1188,Пікнічок в Амстердамі,14.10.2026,,189,,,
https://www.accordtour.com/tours/1188,Пікнічок в Амстердамі,23.10.2026,,189,,,
https://www.accordtour.com/tours/1188,Пікнічок в Амстердамі,24.10.2026,,189,,,
https://www.accordtour.com/tours/1188,Пікнічок в Амстердамі,27.10.2026,,189,,,
https://www.accordtour.com/tours/1188,Пікнічок в Амстердамі,31.10.2026,,189,,,
https://www.accordtour.com/tours/688,Побачення в Парижі! + Мюнхен!,27.05.2026,,373,,,
https://www.accordtour.com/tours/688,Побачення в Парижі! + Мюнхен!,12.06.2026,,373,,,
https://www.accordtour.com/tours/688,Побачення в Парижі! + Мюнхен!,20.06.2026,,373,,,
https://www.accordtour.com/tours/688,Побачення в Парижі! + Мюнхен!,26.06.2026,,373,,,
https://www.accordtour.com/tours/688,Побачення в Парижі! + Мюнхен!,27.06.2026,,373,,,
https://www.accordtour.com/tours/688,Побачення в Парижі! + Мюнхен!,02.07.2026,,373,,,
https://www.accordtour.com/tours/688,Побачення в Парижі! + Мюнхен!,11.07.2026,,373,,,
https://www.accordtour.com/tours/688,Побачення в Парижі! + Мюнхен!,15.07.2026,,373,,,
https://www.accordtour.com/tours/688,Побачення в Парижі! + Мюнхен!,13.08.2026,,373,,,
https://www.accordtour.com/tours/688,Побачення в Парижі! + Мюнхен!,16.08.2026,,373,,,
https://www.accordtour.com/tours/688,Побачення в Парижі! + Мюнхен!,29.08.2026,,373,,,
https://www.accordtour.com/tours/688,Побачення в Парижі! + Мюнхен!,12.09.2026,,373,,,
https://www.accordtour.com/tours/688,Побачення в Парижі! + Мюнхен!,18.09.2026,,373,,,
https://www.accordtour.com/tours/688,Побачення в Парижі! + Мюнхен!,14.10.2026,,373,,,
https://www.accordtour.com/tours/688,Побачення в Парижі! + Мюнхен!,18.10.2026,,373,,,
https://www.accordtour.com/tours/688,Побачення в Парижі! + Мюнхен!,23.10.2026,,373,,,
https://www.accordtour.com/tours/688,Побачення в Парижі! + Мюнхен!,13.12.2026,,373,,,
https://www.accordtour.com/tours/688,Побачення в Парижі! + Мюнхен!,17.12.2026,,373,,,
https://www.accordtour.com/tours/688,Побачення в Парижі! + Мюнхен!,29.12.2026,,373,,,
https://www.accordtour.com/tours/1118332/tab/tab_price/tour_date/2026-05-24/cls_number_adult_cnt/%7B1:1%7D/cls_number_child_age/%7B%7D/tour_include_ins/true,Вікенд в Бухаресті...,29.05.2026,,126,,,
https://www.accordtour.com/tours/1118332/tab/tab_price/tour_date/2026-05-24/cls_number_adult_cnt/%7B1:1%7D/cls_number_child_age/%7B%7D/tour_include_ins/true,Вікенд в Бухаресті...,09.06.2026,,126,,,
https://www.accordtour.com/tours/1118332/tab/tab_price/tour_date/2026-05-24/cls_number_adult_cnt/%7B1:1%7D/cls_number_child_age/%7B%7D/tour_include_ins/true,Вікенд в Бухаресті...,03.07.2026,,126,,,
https://www.accordtour.com/tours/1118332/tab/tab_price/tour_date/2026-05-24/cls_number_adult_cnt/%7B1:1%7D/cls_number_child_age/%7B%7D/tour_include_ins/true,Вікенд в Бухаресті...,19.07.2026,,126,,,
https://www.accordtour.com/tours/1118332/tab/tab_price/tour_date/2026-05-24/cls_number_adult_cnt/%7B1:1%7D/cls_number_child_age/%7B%7D/tour_include_ins/true,Вікенд в Бухаресті...,24.07.2026,,126,,,
https://www.accordtour.com/tours/1118332/tab/tab_price/tour_date/2026-05-24/cls_number_adult_cnt/%7B1:1%7D/cls_number_child_age/%7B%7D/tour_include_ins/true,Вікенд в Бухаресті...,09.08.2026,,126,,,
https://www.accordtour.com/tours/1118332/tab/tab_price/tour_date/2026-05-24/cls_number_adult_cnt/%7B1:1%7D/cls_number_child_age/%7B%7D/tour_include_ins/true,Вікенд в Бухаресті...,22.08.2026,,126,,,
https://www.accordtour.com/tours/1118332/tab/tab_price/tour_date/2026-05-24/cls_number_adult_cnt/%7B1:1%7D/cls_number_child_age/%7B%7D/tour_include_ins/true,Вікенд в Бухаресті...,28.08.2026,,126,,,
https://www.accordtour.com/tours/1118332/tab/tab_price/tour_date/2026-05-24/cls_number_adult_cnt/%7B1:1%7D/cls_number_child_age/%7B%7D/tour_include_ins/true,Вікенд в Бухаресті...,04.09.2026,,126,,,
https://www.accordtour.com/tours/1118332/tab/tab_price/tour_date/2026-05-24/cls_number_adult_cnt/%7B1:1%7D/cls_number_child_age/%7B%7D/tour_include_ins/true,Вікенд в Бухаресті...,12.09.2026,,126,,,
https://www.accordtour.com/tours/1118332/tab/tab_price/tour_date/2026-05-24/cls_number_adult_cnt/%7B1:1%7D/cls_number_child_age/%7B%7D/tour_include_ins/true,Вікенд в Бухаресті...,17.09.2026,,126,,,
https://www.accordtour.com/tours/1118332/tab/tab_price/tour_date/2026-05-24/cls_number_adult_cnt/%7B1:1%7D/cls_number_child_age/%7B%7D/tour_include_ins/true,Вікенд в Бухаресті...,22.09.2026,,126,,,
https://www.accordtour.com/tours/1118332/tab/tab_price/tour_date/2026-05-24/cls_number_adult_cnt/%7B1:1%7D/cls_number_child_age/%7B%7D/tour_include_ins/true,Вікенд в Бухаресті...,02.10.2026,,126,,,
https://www.accordtour.com/tours/1118332/tab/tab_price/tour_date/2026-05-24/cls_number_adult_cnt/%7B1:1%7D/cls_number_child_age/%7B%7D/tour_include_ins/true,Вікенд в Бухаресті...,18.10.2026,,126,,,
https://www.accordtour.com/tours/1118332/tab/tab_price/tour_date/2026-05-24/cls_number_adult_cnt/%7B1:1%7D/cls_number_child_age/%7B%7D/tour_include_ins/true,Вікенд в Бухаресті...,31.10.2026,,126,,,
https://www.accordtour.com/tours/1118332/tab/tab_price/tour_date/2026-05-24/cls_number_adult_cnt/%7B1:1%7D/cls_number_child_age/%7B%7D/tour_include_ins/true,Вікенд в Бухаресті...,05.11.2026,,126,,,
https://www.accordtour.com/tours/1118332/tab/tab_price/tour_date/2026-05-24/cls_number_adult_cnt/%7B1:1%7D/cls_number_child_age/%7B%7D/tour_include_ins/true,Вікенд в Бухаресті...,08.11.2026,,126,,,
https://www.accordtour.com/tours/1118332/tab/tab_price/tour_date/2026-05-24/cls_number_adult_cnt/%7B1:1%7D/cls_number_child_age/%7B%7D/tour_include_ins/true,Вікенд в Бухаресті...,17.11.2026,,126,,,
https://www.accordtour.com/tours/1118332/tab/tab_price/tour_date/2026-05-24/cls_number_adult_cnt/%7B1:1%7D/cls_number_child_age/%7B%7D/tour_include_ins/true,Вікенд в Бухаресті...,06.12.2026,,126,,,
https://www.accordtour.com/tours/1118332/tab/tab_price/tour_date/2026-05-24/cls_number_adult_cnt/%7B1:1%7D/cls_number_child_age/%7B%7D/tour_include_ins/true,Вікенд в Бухаресті...,11.12.2026,,126,,,
https://www.accordtour.com/tours/1118332/tab/tab_price/tour_date/2026-05-24/cls_number_adult_cnt/%7B1:1%7D/cls_number_child_age/%7B%7D/tour_include_ins/true,Вікенд в Бухаресті...,15.12.2026,,126,,,
https://www.accordtour.com/tours/261467,Максимум насолоди або моя бажана відпустка!!!,27.05.2026,,447,,,
https://www.accordtour.com/tours/261467,Максимум насолоди або моя бажана відпустка!!!,10.06.2026,,447,,,
https://www.accordtour.com/tours/261467,Максимум насолоди або моя бажана відпустка!!!,24.06.2026,,447,,,
https://www.accordtour.com/tours/261467,Максимум насолоди або моя бажана відпустка!!!,08.07.2026,,447,,,
https://www.accordtour.com/tours/261467,Максимум насолоди або моя бажана відпустка!!!,22.07.2026,,447,,,
https://www.accordtour.com/tours/261467,Максимум насолоди або моя бажана відпустка!!!,05.08.2026,,447,,,
https://www.accordtour.com/tours/261467,Максимум насолоди або моя бажана відпустка!!!,19.08.2026,,447,,,
https://www.accordtour.com/tours/261467,Максимум насолоди або моя бажана відпустка!!!,02.09.2026,,447,,,
https://www.accordtour.com/tours/261467,Максимум насолоди або моя бажана відпустка!!!,16.09.2026,,447,,,
https://www.accordtour.com/tours/261467,Максимум насолоди або моя бажана відпустка!!!,30.09.2026,,447,,,
https://www.accordtour.com/tours/261467,Максимум насолоди або моя бажана відпустка!!!,14.10.2026,,447,,,
https://www.accordtour.com/tours/261467,Максимум насолоди або моя бажана відпустка!!!,28.10.2026,,447,,,
https://www.accordtour.com/tours/261401,Мій літній романс або який солодкий шум прибою... Албанія,04.06.2026,,404,,,
https://www.accordtour.com/tours/261401,Мій літній романс або який солодкий шум прибою... Албанія,18.06.2026,,404,,,
https://www.accordtour.com/tours/261401,Мій літній романс або який солодкий шум прибою... Албанія,02.07.2026,,404,,,
https://www.accordtour.com/tours/261401,Мій літній романс або який солодкий шум прибою... Албанія,16.07.2026,,404,,,
https://www.accordtour.com/tours/261401,Мій літній романс або який солодкий шум прибою... Албанія,30.07.2026,,404,,,
https://www.accordtour.com/tours/261401,Мій літній романс або який солодкий шум прибою... Албанія,13.08.2026,,404,,,
https://www.accordtour.com/tours/261401,Мій літній романс або який солодкий шум прибою... Албанія,27.08.2026,,404,,,
https://www.accordtour.com/tours/261401,Мій літній романс або який солодкий шум прибою... Албанія,10.09.2026,,404,,,
https://www.accordtour.com/tours/261401,Мій літній романс або який солодкий шум прибою... Албанія,24.09.2026,,404,,,
https://www.accordtour.com/tours/261401,Мій літній романс або який солодкий шум прибою... Албанія,08.10.2026,,404,,,
https://www.accordtour.com/tours/261401,Мій літній романс або який солодкий шум прибою... Албанія,22.10.2026,,404,,,
https://www.accordtour.com/tours/163016,"Канікули в Парижі +Страсбург Діснейленд, Астерікс, Європа Парк",28.05.2026,,376,,,
https://www.accordtour.com/tours/163016,"Канікули в Парижі +Страсбург Діснейленд, Астерікс, Європа Парк",26.06.2026,,376,,,
https://www.accordtour.com/tours/163016,"Канікули в Парижі +Страсбург Діснейленд, Астерікс, Європа Парк",17.07.2026,,376,,,
https://www.accordtour.com/tours/163016,"Канікули в Парижі +Страсбург Діснейленд, Астерікс, Європа Парк",31.07.2026,,376,,,
https://www.accordtour.com/tours/163016,"Канікули в Парижі +Страсбург Діснейленд, Астерікс, Європа Парк",15.08.2026,,376,,,
https://www.accordtour.com/tours/163016,"Канікули в Парижі +Страсбург Діснейленд, Астерікс, Європа Парк",23.08.2026,,376,,,
https://www.accordtour.com/tours/163016,"Канікули в Парижі +Страсбург Діснейленд, Астерікс, Європа Парк",29.08.2026,,376,,,
https://www.accordtour.com/tours/8303,Вікенд в Будапешт! + Хевіз!,29.05.2026,,87,,,
https://www.accordtour.com/tours/8303,Вікенд в Будапешт! + Хевіз!,04.06.2026,,87,,,
https://www.accordtour.com/tours/8303,Вікенд в Будапешт! + Хевіз!,12.06.2026,,87,,,
https://www.accordtour.com/tours/8303,Вікенд в Будапешт! + Хевіз!,21.06.2026,,87,,,
https://www.accordtour.com/tours/8303,Вікенд в Будапешт! + Хевіз!,26.06.2026,,87,,,
https://www.accordtour.com/tours/8303,Вікенд в Будапешт! + Хевіз!,27.06.2026,,87,,,
https://www.accordtour.com/tours/8303,Вікенд в Будапешт! + Хевіз!,03.07.2026,,87,,,
https://www.accordtour.com/tours/8303,Вікенд в Будапешт! + Хевіз!,10.07.2026,,87,,,
https://www.accordtour.com/tours/8303,Вікенд в Будапешт! + Хевіз!,17.07.2026,,87,,,
https://www.accordtour.com/tours/8303,Вікенд в Будапешт! + Хевіз!,24.07.2026,,87,,,
https://www.accordtour.com/tours/8303,Вікенд в Будапешт! + Хевіз!,14.08.2026,,87,,,
https://www.accordtour.com/tours/8303,Вікенд в Будапешт! + Хевіз!,21.08.2026,,87,,,
https://www.accordtour.com/tours/8303,Вікенд в Будапешт! + Хевіз!,28.08.2026,,87,,,
https://www.accordtour.com/tours/8303,Вікенд в Будапешт! + Хевіз!,04.09.2026,,87,,,
https://www.accordtour.com/tours/8303,Вікенд в Будапешт! + Хевіз!,18.09.2026,,87,,,
https://www.accordtour.com/tours/8303,Вікенд в Будапешт! + Хевіз!,25.09.2026,,87,,,
https://www.accordtour.com/tours/8303,Вікенд в Будапешт! + Хевіз!,02.10.2026,,87,,,
https://www.accordtour.com/tours/8303,Вікенд в Будапешт! + Хевіз!,16.10.2026,,87,,,
https://www.accordtour.com/tours/8303,Вікенд в Будапешт! + Хевіз!,23.10.2026,,87,,,
https://www.accordtour.com/tours/8303,Вікенд в Будапешт! + Хевіз!,24.10.2026,,87,,,
https://www.accordtour.com/tours/8303,Вікенд в Будапешт! + Хевіз!,30.10.2026,,87,,,
https://www.accordtour.com/tours/8303,Вікенд в Будапешт! + Хевіз!,06.11.2026,,87,,,
https://www.accordtour.com/tours/6055,"Схід, солодка любов моя... Туреччина + Греція",11.06.2026,,330,,,
https://www.accordtour.com/tours/6055,"Схід, солодка любов моя... Туреччина + Греція",26.06.2026,,330,,,
https://www.accordtour.com/tours/6055,"Схід, солодка любов моя... Туреччина + Греція",15.07.2026,,330,,,
https://www.accordtour.com/tours/6055,"Схід, солодка любов моя... Туреччина + Греція",29.08.2026,,330,,,
https://www.accordtour.com/tours/6055,"Схід, солодка любов моя... Туреччина + Греція",12.09.2026,,330,,,
https://www.accordtour.com/tours/6055,"Схід, солодка любов моя... Туреччина + Греція",18.09.2026,,330,,,
https://www.accordtour.com/tours/6055,"Схід, солодка любов моя... Туреччина + Греція",14.10.2026,,330,,,
https://www.accordtour.com/tours/6055,"Схід, солодка любов моя... Туреччина + Греція",18.10.2026,,330,,,
https://www.accordtour.com/tours/6055,"Схід, солодка любов моя... Туреччина + Греція",13.11.2026,,330,,,
https://www.accordtour.com/tours/4015,Музика прибою: Відпочинок на Егейському морі Греції!,28.05.2026,,312,,,
https://www.accordtour.com/tours/4015,Музика прибою: Відпочинок на Егейському морі Греції!,08.06.2026,,312,,,
https://www.accordtour.com/tours/4015,Музика прибою: Відпочинок на Егейському морі Греції!,19.06.2026,,312,,,
https://www.accordtour.com/tours/4015,Музика прибою: Відпочинок на Егейському морі Греції!,30.06.2026,,312,,,
https://www.accordtour.com/tours/4015,Музика прибою: Відпочинок на Егейському морі Греції!,11.07.2026,,312,,,
https://www.accordtour.com/tours/4015,Музика прибою: Відпочинок на Егейському морі Греції!,22.07.2026,,312,,,
https://www.accordtour.com/tours/4015,Музика прибою: Відпочинок на Егейському морі Греції!,02.08.2026,,312,,,
https://www.accordtour.com/tours/4015,Музика прибою: Відпочинок на Егейському морі Греції!,13.08.2026,,312,,,
https://www.accordtour.com/tours/4015,Музика прибою: Відпочинок на Егейському морі Греції!,24.08.2026,,312,,,
https://www.accordtour.com/tours/4015,Музика прибою: Відпочинок на Егейському морі Греції!,04.09.2026,,312,,,
https://www.accordtour.com/tours/4015,Музика прибою: Відпочинок на Егейському морі Греції!,15.09.2026,,312,,,
https://www.accordtour.com/tours/4015,Музика прибою: Відпочинок на Егейському морі Греції!,26.09.2026,,312,,,
https://www.accordtour.com/tours/4015,Музика прибою: Відпочинок на Егейському морі Греції!,07.10.2026,,312,,,
https://www.accordtour.com/tours/3395,Сієста у греків: відпочинок на Егейському морі і Охридському озері,01.06.2026,,463,,,
https://www.accordtour.com/tours/3395,Сієста у греків: відпочинок на Егейському морі і Охридському озері,12.06.2026,,463,,,
https://www.accordtour.com/tours/3395,Сієста у греків: відпочинок на Егейському морі і Охридському озері,23.06.2026,,463,,,
https://www.accordtour.com/tours/3395,Сієста у греків: відпочинок на Егейському морі і Охридському озері,04.07.2026,,463,,,
https://www.accordtour.com/tours/3395,Сієста у греків: відпочинок на Егейському морі і Охридському озері,15.07.2026,,463,,,
https://www.accordtour.com/tours/3395,Сієста у греків: відпочинок на Егейському морі і Охридському озері,26.07.2026,,463,,,
https://www.accordtour.com/tours/3395,Сієста у греків: відпочинок на Егейському морі і Охридському озері,06.08.2026,,463,,,
https://www.accordtour.com/tours/3395,Сієста у греків: відпочинок на Егейському морі і Охридському озері,17.08.2026,,463,,,
https://www.accordtour.com/tours/3395,Сієста у греків: відпочинок на Егейському морі і Охридському озері,28.08.2026,,463,,,
https://www.accordtour.com/tours/3395,Сієста у греків: відпочинок на Егейському морі і Охридському озері,08.09.2026,,463,,,
https://www.accordtour.com/tours/3395,Сієста у греків: відпочинок на Егейському морі і Охридському озері,19.09.2026,,463,,,
https://www.accordtour.com/tours/3395,Сієста у греків: відпочинок на Егейському морі і Охридському озері,30.09.2026,,463,,,
https://www.accordtour.com/tours/161306,"Всі фарби Балкан Албанія, Північна Македонія, Болгарія",09.06.2026,,426,,,
https://www.accordtour.com/tours/161306,"Всі фарби Балкан Албанія, Північна Македонія, Болгарія",28.06.2026,,426,,,
https://www.accordtour.com/tours/161306,"Всі фарби Балкан Албанія, Північна Македонія, Болгарія",17.07.2026,,426,,,
https://www.accordtour.com/tours/161306,"Всі фарби Балкан Албанія, Північна Македонія, Болгарія",05.08.2026,,426,,,
https://www.accordtour.com/tours/161306,"Всі фарби Балкан Албанія, Північна Македонія, Болгарія",24.08.2026,,426,,,
https://www.accordtour.com/tours/161306,"Всі фарби Балкан Албанія, Північна Македонія, Болгарія",12.09.2026,,426,,,
https://www.accordtour.com/tours/161306,"Всі фарби Балкан Албанія, Північна Македонія, Болгарія",01.10.2026,,426,,,
https://www.accordtour.com/tours/161306,"Всі фарби Балкан Албанія, Північна Македонія, Болгарія",20.10.2026,,426,,,
https://www.accordtour.com/tours/160688,Неймовірне знайомство... Македонія + Албанія,14.06.2026,,449,,,
https://www.accordtour.com/tours/160688,Неймовірне знайомство... Македонія + Албанія,03.07.2026,,449,,,
https://www.accordtour.com/tours/160688,Неймовірне знайомство... Македонія + Албанія,22.07.2026,,449,,,
https://www.accordtour.com/tours/160688,Неймовірне знайомство... Македонія + Албанія,10.08.2026,,449,,,
https://www.accordtour.com/tours/160688,Неймовірне знайомство... Македонія + Албанія,29.08.2026,,449,,,
https://www.accordtour.com/tours/160688,Неймовірне знайомство... Македонія + Албанія,17.09.2026,,449,,,
https://www.accordtour.com/tours/160688,Неймовірне знайомство... Македонія + Албанія,06.10.2026,,449,,,
https://www.accordtour.com/tours/1118179,Мій літній коктейль&hellip; Тур з відпочинком на морі в Албанії&hellip;,01.06.2026,,569,,,
https://www.accordtour.com/tours/1118179,Мій літній коктейль&hellip; Тур з відпочинком на морі в Албанії&hellip;,20.06.2026,,569,,,
https://www.accordtour.com/tours/1118179,Мій літній коктейль&hellip; Тур з відпочинком на морі в Албанії&hellip;,09.07.2026,,569,,,
https://www.accordtour.com/tours/1118179,Мій літній коктейль&hellip; Тур з відпочинком на морі в Албанії&hellip;,28.07.2026,,569,,,
https://www.accordtour.com/tours/1118179,Мій літній коктейль&hellip; Тур з відпочинком на морі в Албанії&hellip;,16.08.2026,,569,,,
https://www.accordtour.com/tours/1118179,Мій літній коктейль&hellip; Тур з відпочинком на морі в Албанії&hellip;,04.09.2026,,569,,,
https://www.accordtour.com/tours/1118179,Мій літній коктейль&hellip; Тур з відпочинком на морі в Албанії&hellip;,23.09.2026,,569,,,
https://www.accordtour.com/tours/1118179,Мій літній коктейль&hellip; Тур з відпочинком на морі в Албанії&hellip;,12.10.2026,,569,,,
https://www.accordtour.com/tours/6522,Аромат зі східними нотами...,11.06.2026,,393,,,
https://www.accordtour.com/tours/6522,Аромат зі східними нотами...,26.06.2026,,393,,,
https://www.accordtour.com/tours/6522,Аромат зі східними нотами...,15.07.2026,,393,,,
https://www.accordtour.com/tours/6522,Аромат зі східними нотами...,29.08.2026,,393,,,
https://www.accordtour.com/tours/6522,Аромат зі східними нотами...,12.09.2026,,393,,,
https://www.accordtour.com/tours/6522,Аромат зі східними нотами...,18.09.2026,,393,,,
https://www.accordtour.com/tours/6522,Аромат зі східними нотами...,14.10.2026,,393,,,
https://www.accordtour.com/tours/6522,Аромат зі східними нотами...,18.10.2026,,393,,,
https://www.accordtour.com/tours/6522,Аромат зі східними нотами...,13.11.2026,,393,,,
https://www.accordtour.com/tours/8499/tab/tab_price/tour_date/2026-12-09/cls_number_adult_cnt/%7B1:1%7D/cls_number_child_age/%7B%7D/tour_include_ins/true/tour_include_parom/42/tour_include_parom2/43/tour_include_parom3/6527,Лапландія і Томтеленд - У світі Санта Клауса!,09.12.2026,,639,,,
https://www.accordtour.com/tours/8499/tab/tab_price/tour_date/2026-12-09/cls_number_adult_cnt/%7B1:1%7D/cls_number_child_age/%7B%7D/tour_include_ins/true/tour_include_parom/42/tour_include_parom2/43/tour_include_parom3/6527,Лапландія і Томтеленд - У світі Санта Клауса!,15.12.2026,,639,,,
https://www.accordtour.com/tours/8499/tab/tab_price/tour_date/2026-12-09/cls_number_adult_cnt/%7B1:1%7D/cls_number_child_age/%7B%7D/tour_include_ins/true/tour_include_parom/42/tour_include_parom2/43/tour_include_parom3/6527,Лапландія і Томтеленд - У світі Санта Клауса!,18.12.2026,,639,,,
https://www.accordtour.com/tours/8499/tab/tab_price/tour_date/2026-12-09/cls_number_adult_cnt/%7B1:1%7D/cls_number_child_age/%7B%7D/tour_include_ins/true/tour_include_parom/42/tour_include_parom2/43/tour_include_parom3/6527,Лапландія і Томтеленд - У світі Санта Клауса!,19.12.2026,,639,,,
https://www.accordtour.com/tours/8499/tab/tab_price/tour_date/2026-12-09/cls_number_adult_cnt/%7B1:1%7D/cls_number_child_age/%7B%7D/tour_include_ins/true/tour_include_parom/42/tour_include_parom2/43/tour_include_parom3/6527,Лапландія і Томтеленд - У світі Санта Клауса!,24.12.2026,,639,,,
https://www.accordtour.com/tours/868686,Полуниця з Портвейном... Португалія,28.05.2026,,798,,,
https://www.accordtour.com/tours/868686,Полуниця з Портвейном... Португалія,11.06.2026,,798,,,
https://www.accordtour.com/tours/868686,Полуниця з Портвейном... Португалія,26.06.2026,,798,,,
https://www.accordtour.com/tours/868686,Полуниця з Портвейном... Португалія,05.07.2026,,798,,,
https://www.accordtour.com/tours/868686,Полуниця з Портвейном... Португалія,17.07.2026,,798,,,
https://www.accordtour.com/tours/868686,Полуниця з Портвейном... Португалія,24.07.2026,,798,,,
https://www.accordtour.com/tours/868686,Полуниця з Портвейном... Португалія,31.07.2026,,798,,,
https://www.accordtour.com/tours/868686,Полуниця з Портвейном... Португалія,01.08.2026,,798,,,
https://www.accordtour.com/tours/868686,Полуниця з Портвейном... Португалія,15.08.2026,,798,,,
https://www.accordtour.com/tours/868686,Полуниця з Портвейном... Португалія,29.08.2026,,798,,,
https://www.accordtour.com/tours/868686,Полуниця з Портвейном... Португалія,22.09.2026,,798,,,
https://www.accordtour.com/tours/868686,Полуниця з Портвейном... Португалія,29.09.2026,,798,,,
https://www.accordtour.com/tours/868686,Полуниця з Портвейном... Португалія,18.10.2026,,798,,,
https://www.accordtour.com/tours/868686,Полуниця з Портвейном... Португалія,24.10.2026,,798,,,
https://www.accordtour.com/tours/3695,"Веселий ярмарок... Різдвяна Німеччина та Франція. Дрезден, Нюрнберг, Страсбург, Кольмар, Прага",05.12.2026,,260,,,
https://www.accordtour.com/tours/3695,"Веселий ярмарок... Різдвяна Німеччина та Франція. Дрезден, Нюрнберг, Страсбург, Кольмар, Прага",06.12.2026,,260,,,
https://www.accordtour.com/tours/3695,"Веселий ярмарок... Різдвяна Німеччина та Франція. Дрезден, Нюрнберг, Страсбург, Кольмар, Прага",12.12.2026,,260,,,
https://www.accordtour.com/tours/3695,"Веселий ярмарок... Різдвяна Німеччина та Франція. Дрезден, Нюрнберг, Страсбург, Кольмар, Прага",19.12.2026,,260,,,
https://www.accordtour.com/tours/3695,"Веселий ярмарок... Різдвяна Німеччина та Франція. Дрезден, Нюрнберг, Страсбург, Кольмар, Прага",20.12.2026,,260,,,
https://www.accordtour.com/tours/3695,"Веселий ярмарок... Різдвяна Німеччина та Франція. Дрезден, Нюрнберг, Страсбург, Кольмар, Прага",21.12.2026,,260,,,
https://www.accordtour.com/tours/3695,"Веселий ярмарок... Різдвяна Німеччина та Франція. Дрезден, Нюрнберг, Страсбург, Кольмар, Прага",23.12.2026,,260,,,
https://www.accordtour.com/tours/668336,Без меж - Будапешт! Виїзд з Києва,27.05.2026,,183,,,
https://www.accordtour.com/tours/668336,Без меж - Будапешт! Виїзд з Києва,28.05.2026,,183,,,
https://www.accordtour.com/tours/668336,Без меж - Будапешт! Виїзд з Києва,29.05.2026,,183,,,
https://www.accordtour.com/tours/668336,Без меж - Будапешт! Виїзд з Києва,04.06.2026,,183,,,
https://www.accordtour.com/tours/668336,Без меж - Будапешт! Виїзд з Києва,06.06.2026,,183,,,
https://www.accordtour.com/tours/668336,Без меж - Будапешт! Виїзд з Києва,09.06.2026,,183,,,
https://www.accordtour.com/tours/668336,Без меж - Будапешт! Виїзд з Києва,10.06.2026,,183,,,
https://www.accordtour.com/tours/668336,Без меж - Будапешт! Виїзд з Києва,11.06.2026,,183,,,
https://www.accordtour.com/tours/668336,Без меж - Будапешт! Виїзд з Києва,13.06.2026,,183,,,
https://www.accordtour.com/tours/668336,Без меж - Будапешт! Виїзд з Києва,14.06.2026,,183,,,
https://www.accordtour.com/tours/668336,Без меж - Будапешт! Виїзд з Києва,15.06.2026,,183,,,
https://www.accordtour.com/tours/668336,Без меж - Будапешт! Виїзд з Києва,24.06.2026,,183,,,
https://www.accordtour.com/tours/668336,Без меж - Будапешт! Виїзд з Києва,26.06.2026,,183,,,
https://www.accordtour.com/tours/668336,Без меж - Будапешт! Виїзд з Києва,27.06.2026,,183,,,
https://www.accordtour.com/tours/668336,Без меж - Будапешт! Виїзд з Києва,28.06.2026,,183,,,
https://www.accordtour.com/tours/668336,Без меж - Будапешт! Виїзд з Києва,30.06.2026,,183,,,
https://www.accordtour.com/tours/668336,Без меж - Будапешт! Виїзд з Києва,03.07.2026,,183,,,
https://www.accordtour.com/tours/668336,Без меж - Будапешт! Виїзд з Києва,05.07.2026,,183,,,
https://www.accordtour.com/tours/668336,Без меж - Будапешт! Виїзд з Києва,06.07.2026,,183,,,
https://www.accordtour.com/tours/668336,Без меж - Будапешт! Виїзд з Києва,08.07.2026,,183,,,
https://www.accordtour.com/tours/668336,Без меж - Будапешт! Виїзд з Києва,15.07.2026,,183,,,
https://www.accordtour.com/tours/668336,Без меж - Будапешт! Виїзд з Києва,16.07.2026,,183,,,
https://www.accordtour.com/tours/668336,Без меж - Будапешт! Виїзд з Києва,17.07.2026,,183,,,
https://www.accordtour.com/tours/668336,Без меж - Будапешт! Виїзд з Києва,18.07.2026,,183,,,
https://www.accordtour.com/tours/668336,Без меж - Будапешт! Виїзд з Києва,19.07.2026,,183,,,
https://www.accordtour.com/tours/668336,Без меж - Будапешт! Виїзд з Києва,24.07.2026,,183,,,