URL туру,Назва туру,День №,Місто/Локація,Активності (теги),Опис дня,Симв.
https://eurotrips.ua/vikend-v-budapeshti-viden/,Вікенд у Будапешті + Відень,1,Львів,виїзд зі Львова; старт подорожі; знайомство в дорозі; нічний переїзд,"Збір групи у Львові — 16:00. Виїзд зі Львова — 17:00.
Закривай ноутбук, вимикай робочі сповіщення. Маршрут до офісу замінять прогулянки містом — попереду два дні у Будапешті та Відні.
Виїжджаємо у бік кордону. Знайомимось із групою в дорозі, відпочиваємо.
Нічний переїзд до Будапешта.
*Оскільки через воєнний стан багато людей перебувають у різних країнах — індивідуально підкажемо кожному, як зручніше приєднатися до туру.
**Потяги наразі можуть затримуватися. Рекомендуємо планувати прибуття до місця відправлення щонайменше за 10 годин, а в ідеалі — за добу до старту.",571
https://eurotrips.ua/vikend-v-budapeshti-viden/,Вікенд у Будапешті + Відень,2,Будапешт,оглядова прогулянка Будапештом; Сентендре; купальні Будапешта; кораблик по Дунаю; нічний Будапешт; Центральний ринок; клуб Fogaś,"Прибуваємо до Будапешта вранці. Ранкова кава, нове місто та відчуття, що попереду цілий день.
Починаємо з оглядової прогулянки з гідом-локалом. Різнокольорові вулички, Рибальський бастіон, вид на Дунай і Парламент. Завершуємо на Центральному ринковому залі: тут є що скуштувати з угорської кухні й знайти небанальні сувеніри.
А після оглядової — коротка поїздка до містечка Сентендре. Відоме своїми пастельними фасадами будинків, вузькими вуличками та мистецькою атмосферою. Тут можна помилуватися галереями, сувенірними крамницями та відчути справжню угорську провінційну магію. Родзинкою Сентендре є музей марципанів. Вартість допки: 35€.
Після заселення в готель — вільний час. Прогулянка вздовж Дунаю, дворики старого міста або будапештські купальні. Тепла вода, простора архітектура, повна відключеність від усього зайвого — один із тих досвідів, який варто відчути особисто.
Ввечері кораблик по Дунаю. Вартість допки: 35€. Парламент у вечірньому підсвічуванні, безлімітне ігристе та гарна компанія поруч. Потім, якщо є настрій, — нічний Будапешт і клуб Fogaś: два поверхи, кілька барів, різна музика.
Ніч у готелі.
Усі додаткові активності (далі — допки) за бажанням. Ти самостійно вирішуєш відвідувати їх чи ні.",1218
https://eurotrips.ua/vikend-v-budapeshti-viden/,Вікенд у Будапешті + Відень,3,Будапешт | Відень,вільний час у Будапешті; переїзд у Відень; оглядова прогулянка Віднем; австрійська кухня; вечірній Відень; нічний переїзд,"Сніданок і виселення з готелю.
Вільний час у Будапешті.
З бажаючими вирушаємо до Відня. Вартість допки: 50€. Австрійська столиця — інший темп і естетика: широкі проспекти, класична архітектура, відчуття виваженості.
Оглядова прогулянка з гідом-локалом: резиденції Габсбургів, собор Святого Стефана, Віденська національна опера, Музейний квартал. Гід покаже, де готують справжній шніцель і торт Захер — не туристичний варіант, а той, що їдять місцеві.
Після прогулянки — вільний час. Відень добре пізнається пішки: кав’ярні, парки, вулиці без поспіху.
Для тих, хто хоче більшого, є вечірній авторський маршрут «Легенди Відня» — містичні історії, ліхтарики й дегустація шнапсу. Вартість допки: 25€.
Повертаємось до Будапешта.
Нічний переїзд у Львів.
Усі допки — за бажанням. Ти самостійно вирішуєш відвідувати їх чи ні.",817
https://eurotrips.ua/vikend-v-budapeshti-viden/,Вікенд у Будапешті + Відень,4,Львів,повернення до Львова; фінал подорожі,"Прибуття у Львів орієнтовно о 16:00.
Чотири дні, два міста, одна компанія. Тепер є що згадати — і є з ким.
*Ціни на додаткові активності можуть незначно змінюватися залежно від сезону та інших обставин.
**Час прибуття до Львова — орієнтовний. Не рекомендуємо купувати квитки на зворотний потяг завчасно.",303
https://eurotrips.ua/adriatychne-more-italiyi/,Італія Море Доломітові Альпи,1,Львів,виїзд зі Львова; Нічний переїзд на Адріатичне узбережжя; Тур у Доломітові Альпи; Тур на Адріатичне море; Тур в Італію,"08:30 — збір групи.  09:00 — виїзд зі Львова.
Наша пригода починається! Зручно розміщуйся в автобусі, знайомся з новими людьми і налаштовуйся на яскраві враження попереду.
Крім вражень від Європи, на тебе чекають знайомства з цікавою компанією, повне перезавантаження і свобода для власних бажань. Іноді, щоб вирішити всі свої питання, достатньо просто відправитись у тур. Так і зробимо.
Нічний переїзд на Адріатичне узбережжя через Будапешт.
Оскільки через воєнний стан багато людей опинились в різних країнах, ми індивідуально підкажемо кожному як приєднатись до туру (з України чи з-за кордону).
Потяги наразі можуть затримуватись. Рекомендуємо планувати прибуття до місця відправлення щонайменше за 10 годин, а в ідеалі — за добу до старту туру.",749
https://eurotrips.ua/adriatychne-more-italiyi/,Італія Море Доломітові Альпи,2,Адріатичне узбережжя,Прибуття на узбережжя; релакс на пляжі; Відпочинок на Адріатичному морі,"Прибуття на узбережжя і заселення в готель поруч із пляжем.
На нас чекає невеликий, але особливий курортний куточок Італії між Венецією та Трієстом — Лідо-ді-Єзоло (або курорт поруч, але теж на Венеційській рів'єрі).  Улюблений курорт самих італійців, особливо жителів півночі країни. Місце з довгою курортною традицією, куди їдуть не випадково, а щоб повернутися.
Широкі піщані пляжі з пологим входом у море, повноцінний пляжний сервіс із шезлонгами і парасолями, готелі в серці курорту з розвиненою інфраструктурою. Курорт компактний — нові готелі тут майже не будуються, тому ті, що є, тримають рівень і стабільно заповнені в сезон.
Одна з головних переваг — відстань до найкрасивіших місць Північної Італії. Венеція, Доломітові Альпи, Верона — все поруч. Екскурсійна програма відбувається без виснажливих переїздів. Отримуй море і враження в одному турі.
На сьогодні ідеальний план: вдень лежимо на пляжі і дихаємо морем, а ввечері збираємось разом на прогулянку на кораблику. Келих ігристого, гарні краєвиди з води і приємна компанія поруч. Вартість: 35€ (ігристе включено).
Ніч у готелі.
Усі додаткові активності (далі — допки) не обов'язкові. Ти самостійно вирішуєш, відвідувати їх чи ні.",1195
https://eurotrips.ua/adriatychne-more-italiyi/,Італія Море Доломітові Альпи,3,Адріатичне узбережжя | Верона,вільний день; поїздка у Верону; прогулянки; Доломітові Альпи Італії; Подорож на Адріатичне море,"Сніданок у готелі.
Сьогодні можна відпочивати на пляжі під гарячим сонцем — а можна вирушити досліджувати Італію.
Верона — місто кохання і романтики. Пропонуємо авторську прогулянку з місцевим жителем: середньовічні вулички, де колись ходив Данте, і місця любовної історії Ромео та Джульєтти. Вартість поїздки до Верони: 35€.
Також сьогодні на нас чекає озеро Гарда — найбільше в Італії. Приїжджаємо до Пескʼєра-дель-Гарда: прогулянка вулицями старого міста, венеційські мури, мости через канали і аперитив із чарівним краєвидом на воду. Вартість поїздки: 50€.
Ніч у готелі.
Усі допки не обов'язкові. Ти самостійно вирішуєш, відвідувати їх чи ні.",646
https://eurotrips.ua/adriatychne-more-italiyi/,Італія Море Доломітові Альпи,4,Адріатичне узбережжя | Доломітові Альпи,Вільний день на морі; Адріатичне море Італія; Доломітові гори; Адріатичне узбережжя Італії; Тур в Італію,"Сніданок у готелі. Вільний день на морі.
Для тих, хто хоче побачити Італію інакше — їдемо в Доломітові Альпи.
Альпійське повітря, смарагдова гладь озера Браєс і скелясті гори навколо. Тут важко зробити погану фотографію — і ще важче захотіти їхати назад. Влаштуємо пікнік просто серед гір. Вартість: 50€.
Повернення на курорт.
Ніч у готелі.
Усі допки не обов'язкові. Ти самостійно вирішуєш, відвідувати їх чи ні.",412
https://eurotrips.ua/adriatychne-more-italiyi/,Італія Море Доломітові Альпи,5,Адріатичне узбережжя | Венеція,поїздка до Венеції; кольоровий Бурано; гондоли і водне таксі; Доломіти Італія; Адріатика,"Сніданок у готелі. Вільний день на морі.
Сьогодні пропонуємо вирушити до Венеції. Покатаємось на кораблику, прогуляємось вузькими вуличками, помилуємось Гранд-каналом, сфотографуємо Палац Дожів і загадаємо бажання на старовинних мостах. Вартість: 50€ (круїз від континентальної до острівної частини включено).
Ще одне яскраве враження попереду — Бурано. Різнокольорові будиночки, тихі вулички і жодного натовпу. Кожна стіна тут — готовий кадр. Вартість: 40€.
І наостанок — водне таксі головною артерією Венеції, Гранд-каналом. Красиво і незабутньо. Вартість: 35€.
Виїзд до Львова через Будапешт.
Усі допки не обов'язкові. Ти самостійно вирішуєш, відвідувати їх чи ні.",667
https://eurotrips.ua/adriatychne-more-italiyi/,Італія Море Доломітові Альпи,6,Львів,Приїзд у Львів; повернення додому; Подорож до Італії; Тур в Італію на море,"По дорозі — розмови про найяскравіші моменти і плани на наступні подорожі.
Орієнтовне прибуття до Львова — 22:00.
Якщо тобі треба підказати, як краще дістатись точки збору з твого міста і назад — просто скажи про це нашому менеджеру.
Час прибуття до Львова — орієнтовний. Не рекомендуємо купувати квитки на зворотний потяг завчасно.
Ціни на додаткові активності можуть незначно змінюватися залежно від сезону або інших обставин.",428
https://eurotrips.ua/weekend-amsterdam/,Вікенд у Амстердамі + Берлін і Прага,1,Львів/Польща,виїзд зі львова; переїзд до польщі; знайомство; ніч в готелі; Тур у Амстердам,"Зверніть увагу, що потяги зараз можуть затримуватись, тому радимо планувати прибуття до місця виїзду за 10 годин, а в ідеалі — за добу до старту туру.
06:00 Збір групи у Львові / 06:30 Виїзд зі Львова
Вітаємо вас у подорожі! Протягом наступних кількох днів ми відвідаємо одні з найколоритніших міст Європи, познайомимося з їхньою історією, архітектурою та атмосферою.
Зручно вмощуйтеся в автобусі, знайомтеся з іншими учасниками подорожі та налаштовуйтеся на приємну мандрівку — наша пригода починається!
Вирушаємо у напрямку кордону.
У разі швидкого проходження кордону пропонуємо коротку прогулянку Вроцлавом разом із місцевим жителем. Під час екскурсії ви побачите чарівні куточки міста: ринкову площу, відомі вроцлавські гномики, старовинні будинки та мальовничі канали. Кожна вулиця тут має свою історію, яку цікаво відкривати під час подорожі. Вартість екскурсії — 15 євро.
Ночівля у готелі.
*Оскільки через воєнний стан багато людей опинилась в різних країнах, ми індивідуально підкажемо кожному як приєднатись до туру (з України чи з-за кордону).",1054
https://eurotrips.ua/weekend-amsterdam/,Вікенд у Амстердамі + Берлін і Прага,2,Берлін,ПРИБУТТЯ В БЕРЛІН; оглядовка з локалом; прогулянка; ВІЛЬНИЙ ЧАС; секретні місця Берліна; нічний переїзд до Гааги; Тур у Берлін,"Сніданок та виселення з готелю.
Переїзд до Берліна. Guten Morgen — ми на місці! Відразу вирушаємо знайомитися з містом разом із локальним гідом. Креативний, динамічний і відкритий — саме таким постає Берлін перед своїми гостями. Це місто поєднує історію та сучасність, свободу самовираження та особливу атмосферу творчості.
Пропонуємо вирушити на прогулянку «іншим» Берліном. Ми побачимо стріт-арт знаменитого району Kreuzberg, клубну милю, Берлінську стіну та почуємо історію створення найдовшої галереї просто неба у світі — East Side Gallery. Під час прогулянки познайомимося не лише з відомими місцями міста, а й з його менш туристичною стороною — дізнаємося, де місцеві мешканці п’ють ранкову каву, обідають і проводять вечори. Вартість прогулянки — 25 євро.
Також пропонуємо приєднатися до нашого бестселера — авторської прогулянки від локального гіда «Berlin Secret Places». Програму ми спеціально залишаємо в секреті — усі деталі ви дізнаєтесь вже під час екскурсії. Це чудова можливість побачити місто з несподіваного боку та відкрити для себе місця, про які знають не всі туристи. Вартість — 20 євро.
Усі допки не обов'язкові, і ти самостійно вирішуєш, відвідувати їх чи ні.
Нічний переїзд до Амстердама.",1214
https://eurotrips.ua/weekend-amsterdam/,Вікенд у Амстердамі + Берлін і Прага,3,Амстердам,ПРИБУТТЯ В амстердам; Прогулянка з місцевим жителем,"Вранці робимо зупинку на сніданок та ароматну каву. Сповнюйся енергією, адже попереду дуже насичений день.
Після прибуття — оглядова прогулянка Амстердамом разом із локальним гідом.Це місто надихає. Канали, човни, квіткові ринки, яскраві вузенькі будинки, аромат свіжої випічки та кави на березі води. Тут майже кожен куточок нагадує живий музей. Ми прогуляємося мальовничими вуличками, почуємо історії про життя місцевих, відчуємо атмосферу цього особливого міста, де мистецтво, свобода та енергія гармонійно поєднуються.
Також пропонуємо відкрити для себе атмосферу елегантної Гааги. Разом із місцевим гідом ти побачиш старовинні площі, мальовничі канали та затишні куточки міста. Під час прогулянки почуєш цікаві історії про королівську родину та повсякденне життя голландців. Вартість — 45 євро.
Далі пропонуємо факультативну прогулянку на велосипедах віддаленими куточками Амстердама. Це можливість побачити місто очима місцевих — канали без натовпів туристів, парки, невеликі дворики та затишні райони, де життя тече спокійно й розмірено. Вартість — 35 євро (включає оренду велосипеда на 4 години).
Усі додаткові екскурсії не є обов’язковими — ти сам вирішуєш, як провести цей день.
Переїзд і ніч у готелі.",1212
https://eurotrips.ua/weekend-amsterdam/,Вікенд у Амстердамі + Берлін і Прага,4,Амстердам,село Волендам,"Сніданок у готелі. Сьогодні в тебе вільний день в Амстердамі — саме час відчути місто у своєму ритмі.Погуляй мальовничими каналами, зазирни до музею Ван Гога чи Rijksmuseum, скуштуй свіжі stroopwafels і насолоджуйся атмосферою вуличних музикантів і вільнодумства, яким живе Амстердам.
А для охочих пропонуємо поїздку до Заансе-Сханс та Волендам. Хочеш побачити Голландію з листівок? Погнали в селище Заансе-Сханс! Тут на нас чекають старовинні діючі вітряки, майстерні, де виготовляють традиційні дерев’яні черевики-кломпи, і затишні зелені пейзажі, що виглядають як живопис.Обов’язково заїдемо у рибальське село Волендам, щоб скуштувати легендарний оселедець (він тут справді особливий!) і зробити круті фото на фоні рибальських човнів та моря.Вартість поїздки – 35 євро.
Вечірній Амстердам відкриває зовсім інше обличчя міста — яскраве, суперечливе та сповнене історій. Під час пішохідної прогулянки легендарним кварталом De Wallen ми зануримося в атмосферу одного з найвідоміших районів Європи. Дізнаємося про культуру амстердамських кофішопів і особливе ставлення міста до легких наркотиків, поговоримо про нічне життя, яке перетворює вузькі вулиці та канали на сцену яскравих вогнів і людських історій, почуємо легенди та маловідомі факти про події й персонажів Червоного кварталу, а також побачимо, як живуть люди, для яких цей район є домом і роботою. На кілька хвилин зазирнемо до колоритного Amsterdam Chinatown, де азійські традиції несподівано переплітаються з європейською історією. Ця прогулянка дозволить побачити Амстердам з іншого боку — відвертий, багатогранний і сповнений історій, про які рідко пишуть у путівниках.  Вартість – 25 євро.
Усі додаткові екскурсії не є обов’язковими — ти сам вирішуєш, як провести цей день.
Нічний переїзд в Прагу.",1763
https://eurotrips.ua/weekend-amsterdam/,Вікенд у Амстердамі + Берлін і Прага,5,Прага,прибуття в прагу; оглядовка з локалом; Празький Град; вільний час у Празі; ОБІД НА КОРАБЛИКУ; ніч в готелі; Тур у Прагу,"Зупинка на сніданок та ранкову каву по дорозі до Праги.
Нас вже чекає локал, який покаже найцікавіші місця Праги. Під час прогулянки  познайомимося з середньовічною архітектурою, відкриємо найкращі споти з краєвидами та послухаємо захопливі історії про місто. Звісно, не оминемо місцеві кафешки та паби – куди ж без чеського пива!
У вільний час поїдемо у Празький Град – найбільшу королівську резиденцію у світі! Тут і величний палац, і резиденція президента, і крута пивоварня 13 століття. А ще – найкращі оглядові майданчики міста, з яких Прага буде як на долоні. Вартість прогулянки – 20 євро.
А ввечері в нас особливий план! Запрошуємо на вечерю-круїз по Влтаві. Уяви: смачна їжа, келих вина, вогні вечірньої Праги та шум хвиль. Кращого завершення дня (та і подорожі загалом) і не вигадаєш. Вартість обіду на кораблику – 40 євро.
Усі допки не обов'язкові, і ти самостійно вирішуєш, відвідувати їх чи ні.
Ніч у готелі.",921
https://eurotrips.ua/weekend-amsterdam/,Вікенд у Амстердамі + Берлін і Прага,6,Львів/Польща,ПРИБУТТЯ ДО ЛЬВОВА,"Сніданок в готелі. Виселення та переїзд до України Прибуття до Львова орієнтовно о 23:50. Ділимося емоціями та плануємо наступну подорож разом :)
Якщо тобі потрібно підказати, як краще дістатися до точки збору з твого міста та повернутися назад — просто повідом про це нашого менеджера.
* Ціни на додаткові активності можуть незначно змінюватися залежно від сезону або інших незалежних від нас обставин.
** Час прибуття до Львова — орієнтовний, тому не рекомендуємо купувати квитки на зворотний потяг.",501
https://eurotrips.ua/baltijskyj-kruyiz/,Балтійський круїз БЕЗ НІЧНИХ,1,Львів,ЗБІР ГРУПИ; ЗНАЙОМСТВО; ігри в автобусі; переїзд у Ригу,"Зверніть увагу, що потяги зараз можуть затримуватись, тому радимо планувати прибуття до місця виїзду за 10 годин, а в ідеалі — за добу до старту туру.
Цей тур без нічних переїздів.
Наша подорож починається! В цьому турі ми підібрали автобус і готелі вищого рівня, та розробили програму, яка буде комфортною для наймолодших мандрівників будь-якого віку і досвіду.
Непохитна основа всіх наших турів: знайомства і спілкування зі ""своїми"" людьми, повне перезавантаження внутрішніх батарейок, свобода для імпровізації та здійснення особистих бажань.
Переїзд в готель в Каунасі (Литва).
*Оскільки через військовий стан багато людей опинились в різних країнах, ми індивідуально підкажемо кожному як приєднатись до туру (з України чи з-за кордону).",740
https://eurotrips.ua/baltijskyj-kruyiz/,Балтійський круїз БЕЗ НІЧНИХ,2,Рига,Рига; прогулянка з локалом; Beer Bike; ніч в готелі,"Сніданок у готелі та виселення. Після сніданку в готелі вирушаємо до Риги — чарівної столиці Латвії.
На нас чекає оглядова прогулянка з локалом (входить у вартість туру). Прогуляємося затишними вуличками старого міста, побачимо легендарний Будинок Чорноголових, величний Домський собор та кумедний пам’ятник Бременським музикантам. Кожна зупинка тут — мов кадр зі святкової листівки.
Після екскурсії матимемо час для самостійних прогулянок.
У другій половині дня вирушаємо далі — у напрямку Таллінна. Ввечері заселяємося до готелю та відпочиваємо перед новими враженнями.
Ночівля в готелі в Таллінні.",600
https://eurotrips.ua/baltijskyj-kruyiz/,Балтійський круїз БЕЗ НІЧНИХ,3,Таллінн + пором,переїзд у Таллінн; круїзний лайнер до Стокгольма,"Сніданок у готелі та виселення.
Далі на нас чекає оглядова прогулянка по Таллінну з локалом(входить у вартість туру).
Прогуляємось середньовічним старим містом: побачимо колоритний провулок Катаріни, ратушну площу, найстарішу аптеку Європи, таємничий Датський дворик і піднімемося на два мальовничі оглядові майданчики, звідки відкривається казковий краєвид на Таллінн. Атмосфера міста ніби переносить у середньовіччя.
Після цього пропонуємо допку — “Сучасний Таллінн” (25 € / 15 €). Це абсолютно інша сторона міста: колишні заводи та склади перетворилися на арт-простори, стильні кав’ярні та бари. Ми прогуляємось кварталом із муралами, заїдемо на локальний маркет, скуштуємо сучасні естонські смаки та зробимо кілька атмосферних фото.
Після екскурсії бажаючі зможуть відвідати Морський музей Lennusadam.  Це один з найсучасніших морських музеїв Європи, розташований у старовинному ангара для гідролітаків. Усередині — підводний човен, справжній гідролітак, старовинні кораблі, безліч інтерактивів і виставок, які цікаві і дорослим, і дітям. Якщо вам цікаво побачити техніку в дії, зануритись у морську історію або просто гарно провести час — це місце справді варте уваги. Вартість — 25 євро + вхідний квиток.
У другій половині дня вирушаємо в порт. Заселяємось у каюти на поромі та готуємось до нових вражень. О 18:00 наш корабель вирушає у напрямку Стокгольма. Вечір на борту — це дискотеки, бари, магазини duty free та скандинавська атмосфера круїзу",1453
https://eurotrips.ua/baltijskyj-kruyiz/,Балтійський круїз БЕЗ НІЧНИХ,4,Стокгольм + пором,атмосфера північної столиці; прогулянка з локалом; затишок і хьюге; допка в метро,"Сніданок на поромі (оплачується додатково 20 €), після чого ми прибуваємо до Стокгольма о 10:30.
Пропонуємо автобусну прогулянку містом з фотопаузами ""Більше про Стокгольм"" (30 € / 20 €), під час якої ви побачите головні визначні пам’ятки столиці Швеції:
Ратушу, де щороку відбувається урочиста банкетна церемонія Нобелівської премії
Шикарна панорама на озеро Меларен, яке через протоку з'єднується з Балтійським морем.
Потім на нас чекає пішохідна оглядова прогулянка з локалом по району Gamla Stan (входить у вартість туру). Прогулянка старими вуличками та центральними площами міста дозволить відчути його неповторну атмосферу та скандинавський шарм.
Далі вільний час для самостійних прогулянок, обіду чи шопінгу.
О 15:30 вирушаємо назад у порт, а о 17:30 наш пором відправляється до Таллінна. Вечір на борту — час для відпочинку, барів та розваг.
Друга ніч на поромі.",871
https://eurotrips.ua/baltijskyj-kruyiz/,Балтійський круїз БЕЗ НІЧНИХ,5,Вільнюс,прогулянка з локалом; магічна атмосфера; богемний район Ужупіс,"Сніданок на поромі (оплачується додатково 20 €), після чого о 10:45 прибуваємо в Таллінн. Вихід з порома та переїзд до Вільнюса.
По приїзду заселяємося в готель і готуємось до вечірніх вражень. Пропонуємо оглядову прогулянку по Вільнюсу з локалом (20 € / 15 €), під час якої ви побачите старе місто, центральні площі та дізнаєтеся цікаві факти про столицю Литви.
Після прогулянки повернення в готель. Для тих, хто бажає продовжити вечір, є можливість відвідати вечірку, нічний клуб або танцпол у Вільнюсі.
Ночівля в готелі у Вільнюсі.",534
https://eurotrips.ua/baltijskyj-kruyiz/,Балтійський круїз БЕЗ НІЧНИХ,6,Львів,Переїзд додому; ПРИБУТТЯ ДО ЛЬВОВА; обійми; ПЛАНУВАННЯ НОВОЇ ПОДОРОЖІ,"Сніданок у готелі та виселення. Після сніданку в готелі пропонуємо для бажаючих відвідати Тракайський замок та панораму на п""ять озер (25 €). Це чудова можливість зробити останні яскраві фото та відчути атмосферу історичної Литви.
Після цього виїзд з Вільнюса та переїзд до Львова з проходженням кордону.
Повернення до Львова вже після опівночі (орієнтовно о 02:00)",365
https://eurotrips.ua/venecziya-bez-nichnyh/,Венеція БЕЗ НІЧНИХ,1,Львів,збір групи; переїзд до Словенії; ніч в готелі,"Зверніть увагу, що потяги зараз можуть затримуватись, тому радимо планувати прибуття до місця виїзду за 10 годин, а в ідеалі — за добу до старту туру.
06:00 Збір групи у Львові / 06:30 Виїзд зі Львова
Італійська подорож розпочинається! Ми не просто їдемо досліджувати нові місця, ми вирушаємо святкувати Новий рік у Венецію. Жодної передсвяткової метушні на кухні чи прибирання – лише класна атмосфера, загадування бажань з просеко, ілюмінації та повна фелічіта!
Поки що займай місце в автобусі, відпочивай та знайомся з новими друзями. Хто знає — можливо, саме з цієї поїздки розпочнеться твій найкращий рік?
Заселення в готель у Словенії.
*Оскільки через воєнний стан багато людей опинились в різних країнах, ми індивідуально підкажемо кожному як приєднатись до туру (з України чи з-за кордону).",797
https://eurotrips.ua/venecziya-bez-nichnyh/,Венеція БЕЗ НІЧНИХ,2,Любляна / Венеція,Прогулянка з локалом по Любляну; переїзд у Венецію,"Сніданок та виселення з готелю.
Ранок проведемо в Любляні – затишній європейській столиці, яка уособлює той самий slow living. Разом із локалом прогуляємося містом, насолоджуючись казковою архітектурою. Побачимо Потрійний міст, заглянемо на головну площу та оберемо місце з ідеальним видом, аби випити гарячого шоколаду.
А потім вирушаємо у Венецію!
Заселяємося в готель.
Ніч у готелі.
Усі додаткові активності (далі – допки) не обов'язкові, і ти самостійно вирішуєш, відвідувати їх чи ні.",489
https://eurotrips.ua/venecziya-bez-nichnyh/,Венеція БЕЗ НІЧНИХ,3,Венеція | Бурано,ЯСКРАВИЙ ОСТРІВ БУРАНО; Гранд канал; ВЕЧЕРЯ З АПЕРОЛЕМ,"Сніданок у готелі.
Розпочнемо день зі знайомства з Венецією — локал уже чекає на нас, щоб провести найгарнішими місцями міста. Нікуди не поспішаючи, будемо гуляти серед близько 150 каналів, з’єднаних 409 мостами. Пройдемося вздовж Гранд-каналу, дізнаємося, де роблять найкраще тірамісу, і зробимо фото біля палаццо, які зазвичай бачимо лише на листівках.
Далі пропонуємо відчути себе героями фільму «Турист» із Анджеліною Джолі та Джонні Деппом — викличемо знамените водне таксі та естетично прокатаємося головною артерією Венеції, Гранд-каналом. Вартість — 35 євро.
Якщо хочеться яскравих кольорів, вирушимо на острів Бурано — тут безліч атмосферних різнокольорових будинків, менше туристів, а кожна вуличка — ідеальний інста-ракурс. Вартість виїзду на острів — 40 євро.
Увечері — вільний час для прогулянки набережною, пошуку ресторанчика з домашньою пастою та келиха за чудову подорож. Cheers!
Ніч у готелі.",910
https://eurotrips.ua/venecziya-bez-nichnyh/,Венеція БЕЗ НІЧНИХ,4,Будапешт,Прогулянка з локалом; вільний час; прогулянку на кораблику з безлімітним просеко; нічний Будапешт; ніч у готелі,"Сніданок в готелі та виселення.
Наступна зупинка нашої подорожі – Будапешт. Після прибуття вирушаємо на автобусно-пішохідну прогулянку з локалом. Побачимо Рибацький бастіон, зробимо ""те саме"" фото з видом на Парламент, заглянемо у затишні дворики та дізнаємось, чому Будапешт вважається однією з найгарніших столиць Європи.
У вільний час вирушай досліджувати Будапешт. Тільки обіцяй не поспішати. Заглядай у дворики, прогуляйся вздовж Дунаю, зупиняйся, аби насолодитися моментом з келихом угорського вина, та відчуй ритм життя місцевих. Обов’язково заглянь у Будапештський Маркет Хол – найбільший ринок міста. Серед різноманіття автентичних закладів ти точно знайдеш, чим потішити свого внутрішнього гурмана. А у сувенірних лавках зможеш придбати небанальні подарунки для себе та близьких.
Ввечері запрошуємо тебе на прогулянку на кораблику з безлімітним просеко. Набережна запалюється вогнями і набуває зовсім іншого вигляду. Ось ми проїжджаємо Парламент і кожен намагається зробити найкраще фото. А потім ми забиваємо на ці ракурси і просто відпочиваємо з келихом просеко, повертаючись у стан безтурботності та задоволення. Ідеальне завершення святкової подорожі! Вартість прогулянки – 35 євро.
Ніч у готелі.",1210
https://eurotrips.ua/venecziya-bez-nichnyh/,Венеція БЕЗ НІЧНИХ,5,Львів,Прибуття у Львів,"Прибуття до Львова орієнтовно о 23:00.
Снідаємо та вирушаємо в дорогу додому. Обмінюємося враженнями про подорож та вже плануємо нові мандрівки з Eurotrips!
Якщо тобі треба підказати, як краще дістатись точки збору з твого міста і назад — просто скажи про це нашому менеджеру. * Ціни на додаткові активності можуть незначно змінюватися в залежності від сезону або інших незалежних від нас обставин. ** Час прибуття до Львова — орієнтовний, не рекомендуємо купувати квитки на зворотний потяг.",491
https://eurotrips.ua/viden-zaltsburh/,Вікенд у Відні + Зальцбург,1,Львів | Будапешт,збір групи у Львові; знайомство; тусовка в автобусі; прогулянка на кораблику,"Зверніть увагу, що потяги зараз можуть затримуватись, тому радимо планувати прибуття до місця виїзду за 10 годин, а в ідеалі — за добу до старту туру.
6:00 збір групи у Львові / 6:30 виїзд зі Львова.
Якщо вдало пройдемо кордон, то запрошуємо тебе на прогулянку на кораблику з безлімітним ігристим. Набережна запалюється вогнями і набуває зовсім іншого вигляду. Поруч – кльові люди, жарти та теплі розмови. Ось ми проїжджаємо Парламент і кожен намагається зробити найкраще фото. А потім ми забиваємо на ці ракурси і просто чілимо з келихом ігристого, повертаючись у стан безтурботності та задоволення. Вартість прогулянки – 35 євро.
Ніч в готелі на території Угорщини.",667
https://eurotrips.ua/viden-zaltsburh/,Вікенд у Відні + Зальцбург,2,Відень,Прибуття у Відень; оглядова прогулянка; таємниці та загадки Відня,"Сніданок та виселення з готелю та рушаємо до Відня.
Прибуваємо до австрійської столиці і йдемо на оглядову прогулянку з локалом. Побачимо розкішні резиденції австрійських імператорів, собор св. Стефана і, звичайно ж, Віденську Національну Оперу. Заглянемо у Музейний квартал та зануримося в атмосферу мистецтва та креативу. Наш гід здасть точки з найсмачнішим шніцелем та Захером у місті, аби ми отримали повноцінний гастро-експіріенс. Увечері пропонуємо піти на нашу авторську активність ""Легенди Відня"". Забудь про застарілий екскурсійний формат - сьогодні все буде інакше! А завершимо прогулянку дегустацією місцевого шнапсу. Вартість (включно здегустацією шнапсу) - 25 євро.
Переїзд до готелю, ніч в готелі.",711
https://eurotrips.ua/viden-zaltsburh/,Вікенд у Відні + Зальцбург,3,Зальцбург,подорож у Зальцбург; справжні цукерки «Моцарт»; сувеніри собі та друзям,"Снідаємо і виселяємося з готелю.
На тебе чекає нова порція натхнення – подорож у Зальцбург! Це австрійське місто асоціюється з казкою, бо кожен його куточок – це насолода для очей та душі. Альпійські схили доповнюються казковими будиночками і створюють відчуття, ніби перед тобою ожила листівка. Разом із місцевим жителем ми зануримося в атмосферу цього містечка і дізнаємося цікаві історії Зальцбурга. Побачимо палац і сади Мірабель, найрізноманітніші крихітні будиночки на площі Альтермаркет, подивимось будиночок, де жив і творив Моцарт, та пройдемося найвідомішою вуличкою Зальцбурга Гетрайдегассе. До речі, саме у Зальцбурзі можна придбати справжні цукерки «Моцарт» як солодкий сувенір собі чи друзям.  Після прогулянки пропонуємо зібратися разом і відправитися в Гальштат – крихітне містечко з населенням всього в 1000 осіб. Тут панує особлива атмосфера, особливо взимку, небувалої відірваності від цивілізації та умиротворення: іграшкові будиночки, блакитне озеро з лебедями та хмари, які відображаються у воді. Ти відчуєш себе, немов у книзі казок. Вартість поїздки – 45 євро.
Повертаємось до Зальцбурга та переїзжаємо до готелю.
Ніч в готелі.",1151
https://eurotrips.ua/viden-zaltsburh/,Вікенд у Відні + Зальцбург,4,Прага,поїздка у Прагу; прогулянка з локалом; обід на кораблику; переїзд до Львова,"Сніданок в готелі, переїзд до Праги.  По приїзду нас зустрічає місцевий мешканець, який покаже найцікавіші споти та розповість інсайти про локалів. Разом ми будемо гуляти Карловим мостом, куштувати чеські смаколики у старому місті та побачимо унікальний астрономічний годинник на Староміській площі.
Після активної прогулянки саме час підкріпитися. Ми продовжимо додавати розкоші і влаштуємо обід на кораблику по Влтаві! Будемо куштувати локальні страви, насолоджуючись видом на місто з води. Шум хвиль, вітер у волоссі, смачна їжа і келих ігристого за нашу подорож. Вартість обіду на кораблику – 40 євро.
Аби додати нашій подорожі більше розкоші (бо ми цього варті:), навідаємося у Празький Град, який вважається найбільшим палацовим комплексом у світі. Тільки уяви, в одному місці розташоване Королівське місто Градчани, резиденція Президента Чехії, найбільший палац світу, пивоварня 13 століття і 5 найкращих оглядових майданчиків міста. Ті королі явно розумілися на гарному житті. Вартість – 20 євро.
Нічний переїзд до Львова.",1030
https://eurotrips.ua/viden-zaltsburh/,Вікенд у Відні + Зальцбург,5,Польща | Львів,ПРИБУТТЯ ДО ЛЬВОВА; ФІНАЛЬНІ ОБІЙМИ; ПЛАНУВАННЯ НОВОЇ ПОДОРОЖІ,"15:00 Орієнтовний час прибуття до Львова.
Обмінюємося фото, підписуємося на соцмережі один одного (якщо досі цього не зробили) і плануємо наступні спільні мандрівки. Адже ще так багато фантастичних місць, які хочеться відвідати!
* Ціни на додаткові активності можуть незначно змінюватися в залежності від сезону або інших незалежних від нас обставин.
** Час прибуття до Львова — орієнтовний, не рекомендуємо купувати квитки на зворотний потяг.",443
https://eurotrips.ua/vikend-u-budapeshti-ta-vidni/,Будапешт – Відень,1,Львів,виїзд зі Львова; знайомство; тусовки в автобусі; Нічний переїзд в Будапешт; Тур в Будапешт; Тур в Будапешт зі Львова; Будапешт Тур,"Зверніть увагу, що потяги зараз можуть затримуватись, тому радимо планувати прибуття до місця виїзду за 10 годин, а в ідеалі — за добу до старту туру.
Збір групи у Львові - 16:00 / Виїзд зі Львова - 17:00.
Вітаємо у подорожі! Вимикай ноут, закривай робочі чати та видихай – наш вікенд у Будапешті + Відень розпочинається. Маршрут до офісу ми змінимо на прогулянки новими містами, замість робочих колів будуть посиденьки з новими друзями, а твій Інстаграм нарешті наповниться свіжим контентом. Ти заслужив це відпочинок, тож бери з нього максимум!
Виїжджаємо в бік кордону.
Оскільки через військовий стан багато людей опинились в різних країнах, ми індивідуально підкажемо кожному як приєднатись до туру (з України чи з-за кордону).",731
https://eurotrips.ua/vikend-u-budapeshti-ta-vidni/,Будапешт – Відень,2,Будапешт,прибуття в Будапешт; чіл у купальнях; оглядова прогулянка з локалом; Будапештський Маркет Хол; прогулянка на кораблику; вечірка #eurotripsfamily; тур на 4 дні; тур в Європу; тур Будапешт Відень,"Розпочнемо цей день зі сніданку дорогою до Будапешта. Обожнюємо цей вайб – нове місто, ранкова тиша, кава для заряду енергії та передчуття нової подорожі. Які ж цінні такі моменти.
По приїзду вирушаємо знайомитися з містом на автобусно-пішохідній прогулянці з локалом. Наш автобусний тур в Будапешт включає оглядову екскурсію – ми пройдемося затишними різнокольоровими вуличками, заглянемо на Рибацький бастіон і сфоткаємось на фоні відомого Парламенту.
Завершимо прогулянку на ""локальному ринку вихідного дня"" – найбільшому ринку міста. Серед різноманіття автентичних закладів ти точно знайдеш, чим потішити свого внутрішнього гурмана. А у сувенірних лавках зможеш придбати небанальні подарунки для себе та близьких.
Заселяємося у готель.
У вільний час вирушай досліджувати Будапешт. Тільки обіцяй не поспішати. Заглядай у дворики, прогуляйся вздовж Дунаю, зупиняйся, аби насолодитися моментом з келихом угорського вина, та відчуй ритм життя місцевих. Або маємо ще одну рекомендацію. Як щодо відпочинку у купальнях? Це справжній must-visit у Будапешті! Уяви: тепла водичка, історичні басейни та атмосфера, яка ніби переносить тебе у інший час. Тут можна розслабитися, забути про всі турботи й просто насолоджуватися моментом.
Ввечері запрошуємо тебе на прогулянку на кораблику з безлімітним ігристим. Набережна запалюється вогнями і набуває зовсім іншого вигляду. Поруч – кльові люди, жарти та теплі розмови. Ось ми проїжджаємо Парламент і кожен намагається зробити найкраще фото. А потім ми забиваємо на ці ракурси і просто чілимо з келихом ігристого, повертаючись у стан безтурботності та задоволення. Вартість прогулянки – 35 євро.
Був ти з нами на кораблику, чи самостійно гуляв вечірнім містом, на завершення дня збираємося у Fogaś. Це два поверхи розваг, тематичних клубів, барів та вечірок під різні жанри музики. Кращого місця, аби пізнати молодіжне життя Будапешта і один одного навіть не вигадаєш!
Ніч у готелі.
Усі додаткові активності (далі – допки) не обов'язкові, і ти самостійно вирішуєш, відвідувати їх чи ні.",2026
https://eurotrips.ua/vikend-u-budapeshti-ta-vidni/,Будапешт – Відень,3,Будапешт | Відень,вільний день в Будапешті; поїздка у Відень; оглядова прогулянка з локалом; фірмовий Захер; руфтоп з видом на місто; Будапешт + Відень тур вихідного дня,"Сніданок і виселення з готелю.
Сьогодні вирушаємо до Відня — елегантної австрійської столиці з імператорською архітектурою, витонченими фасадами та особливою зимовою атмосферою. Наш автобусний тур у Відень — це прогулянки легендарними вуличками, міський шарм і класичний європейський настрій.
Після прибуття на нас чекає оглядова прогулянка з локальним гідом. Побачимо розкішні резиденції Габсбургів, собор Святого Стефана, Віденську національну оперу та Музейний квартал — простір, де поєднуються історія, мистецтво й сучасне міське життя.
Гід поділиться локаціями, де готують найсмачніший віденський шніцель і легендарний торт Захер, щоб ви відчули справжній гастро-віденський експірієнс. А потім піднімемося на rooftop із панорамним видом на місто, зробимо cheers келихом шнапсу та зафіксуємо цю мить на фото.
Після прогулянки — вільний час у місті.
А для тих, хто хоче ще більше магії, пропонуємо авторську вечірню активність — ""Легенди Відня"". Це не нудна екскурсія, а живий маршрут із містичними історіями, ліхтариками й дегустацією місцевого шнапсу.Вартість — 25 євро (включно з дегустацією).
Після всіх вражень повертаємось до Будапешта.
Усі додаткові активності — за бажанням.",1185
https://eurotrips.ua/vikend-u-budapeshti-ta-vidni/,Будапешт – Відень,4,Львів,Прибуття до Львова; міцні обійми з #eurotripsfamily; планування нового туру разом; Тур Будапешт+Відень зі Львова; Вікенд в Будапешт + Відень,"Прибуття у Львів орієнтовно о 16:00.
Час пролетів непомітно, але кожен момент цього вікенду ми прожили на повну. Тур вихідного дня до Будапешта та Відня став ще однією яскравою подорожжю, наповненою емоціями, новими відкриттями та теплими знайомствами. Обіймаємося з новими друзями й уже починаємо планувати наступні тріпи разом. Адже подорожі — один із найефективніших способів подбати про ментальне перезавантаження.
До зустрічі у нових мандрівках!
* Ціни на екскурсії можуть незначно змінюватися, в залежності від сезону або інших незалежних від нас обставин.
** Час прибуття у Львів – орієнтовно, ми не рекомендуємо купувати квитки на зворотний потяг.",655
https://eurotrips.ua/transylvaniya-vikend/,Вікенд у Трансильванії + Трансфагараш,1,Чернівці,збір групи в Чернівцях; знайомство з групою; нічний переїзд у Брашов; Тур в Трансільванію; Вікенд в Трансільванії,"20:00 збір у Чернівцях / 21:00 виїзд з Чернівців.
Наша пригода починається! Комфортабельний автобус з відмінною музикою, фільмами і компанією — це тільки початок. Пам'ятай, як зустрінеш подорож, так її і проведеш.
Крім вражень від Трансильванії, на тебе чекають нові знайомства, повне перезавантаження всіх внутрішніх батарейок та свобода для здійснення особистих бажань. Іноді, щоб вирішити всі свої питання, достатньо просто відправитись в подорож. Так і зробимо.
Нічний переїзд у Брашов.
Оскільки через воєнний стан багато людей опинились в різних країнах, ми індивідуально підкажемо кожному як приєднатись до туру (з України чи з-за кордону).",646
https://eurotrips.ua/transylvaniya-vikend/,Вікенд у Трансильванії + Трансфагараш,2,Брашов / замок Дракули,знайомство з Брашовом; локальна кухня; Подорож в Трансильванію; Трансфагараш тур; Найкрасивіша дорога в Румунії,"Зупинка на каву і сніданок по дорозі — і ось уже зовсім інші пейзажі за вікном.
Прибуття у Брашов.
Розпочнемо знайомство на оглядовій прогулянці з гідом-локалом. Вузькі вулички, готична архітектура і румунський колорит — місто, яке дивує з першого погляду.
А далі, ходімо шукати вампірів? Якщо вони і існують, то точно десь в потайних проходах та моторошних лабіринтах замка Бран, відомому як замок Дракули. Страшні історії, моторошні легенди та середньовічна атмосфера включені у програму. Вартість: 35€ (вхідний квиток включений у вартість).
Заселення в готель і відпочинок.
Заселення в готель і відпочинок. Увечері збираємось на посиденьки — у готелі або в затишному кафе Брашова.
Ніч у готелі.
Усі додаткові активності (далі — допки) необов’язкові і ти самостійно вирішуєш відвідувати їх чи ні.",798
https://eurotrips.ua/transylvaniya-vikend/,Вікенд у Трансильванії + Трансфагараш,3,Трансфагараш / озеро Балеа,найкрасивіша дорога світу; високогірне озеро; пікнік з шампанським; Нічний переїзд у Чернівці; Тур на Трансфагараш; Трансфагараш маршрут; Румунія траса Трансфагараш,"Сніданок у готелі.
Сьогодні — головна фішка туру.
Трансфагараш — найкрасивіша гірська дорога Європи довжиною близько 40 км. Дорога проходить через гірський масив Фегераш і відкрита всього декілька місяців на рік. Спеціально для нас, звісно :)
Серпантини крізь Румунські Карпати на висоті 2400 метрів, краєвиди, від яких перехоплює подих, і середня швидкість 40 км/год — бо кожен поворот хочеться розглядати. Весь автобус не відлипає від вікон. А по дорозі можна зустріти ведмедиків — вони тут зовсім не соромляться .
Кінцева точка — озеро Балеа. Гірське озеро посеред Карпат, де влаштуємо пікнік і спробуємо відпочити від всіх переживань. Тільки ти, гарна компанія людей і неймовірна краса навколо. Вартість: 45€.
Нічний переїзд до Чернівців.
Усі допки не обов'язкові. Ти самостійно вирішуєш, відвідувати їх чи ні.",814
https://eurotrips.ua/transylvaniya-vikend/,Вікенд у Трансильванії + Трансфагараш,4,Чернівці,Прибуття в Чернівці; обійми і планування нової подорожі разом; Автобусний тур на Трансфагараш; Екскурсія Трансфагараш,"Ми в Україні! Час пролетів швидко, але стільки ж незабутніх вражень залишилось. Обіймаємось, підписуємось один на одного в соцмережах і плануємо наступну подорож разом.
Орієнтовний час прибуття у Чернівці — 10:00 (залежить від проходження кордону).
*Якщо треба підказати, як краще дістатись точки збору і назад — просто скажи про це нашому менеджеру.
**Ціни на допки можуть змінюватися в залежності від сезону та інших зовнішніх обставин.",438
https://eurotrips.ua/vikend-u-venetsiyi/,Вікенд у Венеції + озеро Гарда,1,Львів | Будапешт,збір групи; виїзд зі львова; безлімітне ігристе; знайомство і релакс; Тур у Венецію зі Львова; Тур в Італію,"06:00 — збір групи у Львові.  07:00 — виїзд зі Львова.
Наша пригода починається.
Зручно розміщуйся в автобусі, знайомся з новими людьми і налаштовуйся на враження попереду. Крім Італії, на тебе чекають знайомства з цікавою компанією, повне перезавантаження і свобода для власних бажань. Іноді, щоб вирішити всі свої питання, достатньо просто відправитись у тур.
Так і зробимо.
Під вечір зупиняємось у Будапешті — і запрошуємо на прогулянку на кораблику з безлімітним ігристим. Набережна запалюється вогнями, поруч — цікаві люди і теплі розмови. Проїжджаємо повз Парламент, а потім просто насолоджуємось келихом ігристого і відчуттям, що відпустка вже почалась. Вартість: 35€ (за умови швидкого проходження кордону).
Нічний переїзд до Венеції.
Оскільки через воєнний стан багато людей опинились в різних країнах, ми індивідуально підкажемо кожному як приєднатись до туру (з України чи з-за кордону).
Потяги наразі можуть затримуватись. Рекомендуємо планувати прибуття до місця відправлення щонайменше за 10 годин, а в ідеалі — за добу до старту туру.
Усі додаткові активності (далі — допки) не обов'язкові. Ти самостійно вирішуєш, відвідувати їх чи ні.",1151
https://eurotrips.ua/vikend-u-venetsiyi/,Вікенд у Венеції + озеро Гарда,2,Венеція,громадський транспорт; гід у Венеції; острів Бурано; водне таксі; Гранд канал; ніч у готелі; Венеція,"Вільний день у Венеції.
Трансфер до острівної частини: 30€ (включає громадський транспорт і трансфер-кораблик).
Близько 150 каналів, 409 мостів — і гід-локал, який навчить у всьому цьому орієнтуватись і розкаже найцікавіше про місто.
За бажанням — поїздка на острів Бурано. Різнокольорові будиночки, маленькі дворики, білизна над головою і тихі вулички без натовпів. Кожна стіна тут — готовий кадр. Вартість: 40€.
Для тих, хто хоче відчути Венецію з води — прогулянка водним таксі головним каналом міста. Вартість: 35€.
Вечірнє заселення в готель.
Усі допки не обов'язкові. Ти самостійно вирішуєш, відвідувати їх чи ні.
Ніч у готелі.",633
https://eurotrips.ua/vikend-u-venetsiyi/,Вікенд у Венеції + озеро Гарда,3,Верона / озеро Гарда,Верона; Балкон Джульєтти; італійські вина; озеро Гарда; захід сонця; нічний переїзд,"Сніданок у готелі та виселення.
Зранку — оглядова прогулянка з гідом-локалом у Падуї. Вузькі аркадні вулички, величезна площа Прато-делла-Валле з каналом і статуями, базиліка Святого Антонія, до якої досі приходять люди з усього світу. Місто живе своїм ритмом — без туристичного галасу, але з характером.
Далі за бажанням — Верона. Місто, де розгорталась історія Ромео і Джульєтти, але за межами романтичних легенд тут відкривається жива і дуже автентична Італія. Прогулянка з місцевим жителем: менш туристичні, але більш атмосферні місця, переплетіння середньовічності і сучасності. Завершимо дегустацією італійських вин. Гід підкаже перевірені місця для обіду. Вартість поїздки у Верону: 55€.
Після — озеро Гарда. Приїжджаємо до Пескʼєра-дель-Гарда — містечка на південному березі озера, де венеційські мури оточують старе місто з усіх боків. Всередині — вузькі вулички, мости через канали і затишні тераси з виглядом на воду. Одне з небагатьох місць на Гарді, де можна відчути справжнє середньовічне місто — і при цьому сісти на аперитив прямо біля озера. Вартість: 35€.
Повернення до Падуї і виїзд до Львова.
Нічний переїзд.
Усі допки не обов'язкові. Ти самостійно вирішуєш, відвідувати їх чи ні.",1200
https://eurotrips.ua/vikend-u-venetsiyi/,Вікенд у Венеції + озеро Гарда,4,Будапешт | Львів,прибуття до Львова; планування нової подорожі з Eurotrips; Тур на вихідні в Італію; Тур на вихідні у Венецію; Тур на вихідні,"По дорозі — розмови про найяскравіші моменти і плани на наступні подорожі.
Орієнтовне прибуття до Львова через Будапешт — 22:00.
Якщо треба підказати, як краще дістатись точки збору з твого міста і назад — просто скажи про це нашому менеджеру.
Час прибуття до Львова — орієнтовний. Не рекомендуємо купувати квитки на зворотний потяг завчасно.
Ціни на додаткові активності можуть незначно змінюватися залежно від сезону або інших обставин.",438
https://eurotrips.ua/vyhidni-u-prazi-drezden/,Вихідні у Празі + Дрезден,1,Львів | Чехія,ВИЇЗД ЗІ ЛЬВОВА; НІЧНИЙ ПЕРЕЇЗД В Прагу; Тур в Прагу зі Львова; Прага тур; тур на 4 дні,"Зверніть увагу, що потяги зараз можуть затримуватись, тому радимо планувати прибуття до місця виїзду за 10 годин, а в ідеалі — за добу до старту туру.
Цей тур можна оплатити частинами або взяти у розстрочку від Monobank і ПриватБанк. Залишай заявку і ми розповімо детальну інформацію.
13:00 - збір групи
14 :00 виїзд групи
Наш довгоочікуваний відпочинок розпочинається просто зараз. Кажуть, що найкращий спосіб перезавантажитися – це змінити картинку за вікном та затестити нові експіріенси. Саме цим ми будемо займатися у нашому тріпі.
На декілька днів ми змінимо звичний маршрут “дім - офіс - супермаркет - спортзал” на нові міста та гастро-точки. Все це у дружній компанії мандрівників та у спокійному чіл-форматі – жодних нічних переїздів.
Час поставити справи на паузу та подбати про свій внутрішній стан. Тож, вперед!
Нічний переїзд.
*Оскільки через військовий стан багато людей опинилась в різних країнах, ми індивідуально підкажемо кожному як приєднатись до туру (з України чи з-за кордону).",999
https://eurotrips.ua/vyhidni-u-prazi-drezden/,Вихідні у Празі + Дрезден,2,ПРАГА,ПРОГУЛЯНКА З місцевим жителем; КОРАБЛИК ПО ВЛТАВІ; ВІЛЬНИЙ ЧАС; Празький Град; Тур до Праги,"Сніданок у дорозі
Нас зустрічає місцевий мешканець, який покаже найцікавіші споти та розповість інсайти про локалів. Разом ми будемо гуляти Карловим мостом, куштувати чеські смаколики у старому місті та побачимо унікальний астрономічний годинник на Староміській площі.
Аби додати нашій подорожі більше розкоші (бо ми цього варті:), навідаємося у Празький Град, який вважається найбільшим палацовим комплексом у світі. Тільки уяви, в одному місці розташоване Королівське місто Градчани, резиденція Президента Чехії, найбільший палац світу, пивоварня 13 століття і 5 найкращих оглядових майданчиків міста. Ті королі явно розумілися на гарному житті. Вартість – 20 євро.
Після активної прогулянки саме час підкріпитися. Після побаченого в королівській резиденції було б дуже банально піти на обід у звичайний ресторан. Ми продовжимо додавати розкоші і влаштуємо обід на кораблику по Влтаві! Будемо куштувати локальні страви, насолоджуючись видом на місто з води. Шум хвиль, вітер у волоссі, смачна їжа і келих шампанського за нашу подорож. Вартість обіду на кораблику – 40 євро.
Заселення в готель
Увечері пропонуємо прогулятися містом з містичним вайбом. Заблукаємо вузькими лабіринтами середньовічних вулиць, освітлених загадковим світлом газових ліхтарів, відчуємо незвичайні запахи та звуки і побачимо дивних створінь, що ховаються в тіні старовинних будинків. Вартість – 20 євро.
Ніч в готелі",1394
https://eurotrips.ua/vyhidni-u-prazi-drezden/,Вихідні у Празі + Дрезден,3,ДРЕЗДЕН + САКСОНСЬКА ШВЕЙЦАРІЯ,знайомимось із Дрезденом; долина зі скелями Бастай; вільний час; Нічний переїзд до Львова; тур в Європу,"Сніданок у готелі.
По бажанню відправимося в Дрезден – одне з найбільш королівських міст Німеччини. Нас чекає Дрезденська галерея, тераса Брюллів, опера Землера і Цвінгер. А ще затишні кафе в самісінькому центрі і атмосферні пивоварні.
Дорогою заїдемо на фотопаузу в парк Бастай. Саксонська Швейцарія — знаменита простора долина з скелями, ущілинами і захоплюючими видами на долину річки Ельба. Вартість поїздки у Дрезден + Саксонська Швейцарія — 50 євро.
Вільний день для тих, хто залишився в Празі. Увечері забігай зігрітися в улюблене місце нашої команди - Zkušební Provoz (Kralodvorska 11). Тут нам завжди раді!
Повернення до Праги та нічний переїзд додому",660
https://eurotrips.ua/vyhidni-u-prazi-drezden/,Вихідні у Празі + Дрезден,4,КРАКІВ / ЛЬВІВ,Прибуття до Львова; фінальні обійми; планування нової подорожі; тур Прага Дрезден,"Ранкове прибуття до Кракова.
На нас чекає оглядова екскурсія містом з локалом, яка вже входить у вартість туру. Після екскурсії буде час для самостійних прогулянок вуличками старого міста, кави з краківським сирником чи шопінгу.
Вартість оглядової прогулянки з локалом – 10 євро.
Орієнтовне прибуття до Львова — о 22:00.
*Ціни на екскурсії можуть незначно змінюватися, в залежності від сезону або інших незалежних від нас обставин. **Час прибуття до Львова – орієнтовний, не рекомендуємо купувати квитки на зворотній потяг",522
https://eurotrips.ua/praga-drezden/,Вікенд у Празі + Дрезден БЕЗ НІЧНИХ,1,Львів,ВИЇЗД ЗІ ЛЬВОВА; ЗНАЙОМСТВО; Ігри в автобусі; НІЧНИЙ ПЕРЕЇЗД,"Зверніть увагу, що потяги зараз можуть затримуватись, тому радимо планувати прибуття до місця виїзду за 10 годин, а в ідеалі — за добу до старту туру.
06:00 Збір групи у Львові
06:30 Виїзд зі Львова.
Наш довгоочікуваний відпочинок розпочинається просто зараз. Кажуть, що найкращий спосіб перезавантажитися – це змінити картинку за вікном та затестити нові експіріенси. Саме цим ми будемо займатися у нашому тріпі.
На декілька днів ми змінимо звичний маршрут “дім - офіс - супермаркет - спортзал” на нові міста та гастро-точки. Все це у дружній компанії мандрівників та у спокійному чіл-форматі – жодних нічних переїздів.
Час поставити справи на паузу та подбати про свій внутрішній стан. Тож, вперед!
Ніч в готелі в Празі.
*Оскільки через військовий стан багато хто опинились в різних країнах, ми індивідуально підкажемо кожному як приєднатись до туру (з України чи з-за кордону).",880
https://eurotrips.ua/praga-drezden/,Вікенд у Празі + Дрезден БЕЗ НІЧНИХ,2,Прага,Прогулянка з локалом; кораблик по Влтаві; ВІЛЬНИЙ ЧАС; екскурсія наймістичнішими куточками Праги,"Сніданок в готелі.
Нас зустрічає місцевий мешканець, який покаже найцікавіші споти та розповість інсайти про локалів. Разом ми будемо гуляти Карловим мостом, куштувати чеські смаколики у старому місті та побачимо унікальний астрономічний годинник на Староміській площі.  Аби додати нашій подорожі більше розкоші (бо ми цього варті:), навідаємося у Празький Град, який вважається найбільшим палацовим комплексом у світі. Тільки уяви, в одному місці розташоване Королівське місто Градчани, резиденція Президента Чехії, найбільший палац світу, пивоварня 13 століття і 5 найкращих оглядових майданчиків міста. Ті королі явно розумілися на гарному житті. Вартість – 20 євро. Після активної прогулянки саме час підкріпитися. Після побаченого в королівській резиденції було б дуже банально піти на обід у звичайний ресторан. Ми продовжимо додавати розкоші і влаштуємо обід на кораблику по Влтаві! Будемо куштувати локальні страви, насолоджуючись видом на місто з води. Шум хвиль, вітер у волоссі, смачна їжа і келих шампанського за нашу подорож. Вартість обіду на кораблику – 40 євро.
Заселення в готель.
Увечері пропонуємо прогулятися містом з містичним вайбом. Заблукаємо вузькими лабіринтами середньовічних вулиць, освітлених загадковим світлом газових ліхтарів, відчуємо незвичайні запахи та звуки і побачимо дивних створінь, що ховаються в тіні старовинних будинків. Вартість – 20 євро.
Усі додаткові активності (далі – допки) не обов'язкові, і ти самостійно вирішуєш, відвідувати їх чи ні. Ніч в готелі.",1502
https://eurotrips.ua/praga-drezden/,Вікенд у Празі + Дрезден БЕЗ НІЧНИХ,3,Прага | Дрезден | Саксонська Швейцарія,знайомимось із Дрезденом; Дрезденська картинна галерея; вільний час; Саксонська Швейцарія,"Сніданок у готелі.
По бажанню відправимося в Дрезден – одне з найбільш королівських міст Німеччини. Нас чекає Дрезденська галерея, тераса Брюллів, опера Землера і Цвінгер. А ще затишні кафе в самісінькому центрі і атмосферні пивоварні. Дорогою заїдемо на фотопаузу в парк Бастай. Саксонська Швейцарія — знаменита простора долина з скелями, ущілинами і захоплюючими видами на долину річки Ельба. Вартість поїздки у Дрезден + Саксонська Швейцарія — 50 євро. Вільний день для тих, хто залишився в Празі. Увечері забігай зігрітися в улюблене місце нашої команди - Zkušební Provoz (Kralodvorska 11). Тут нам завжди раді!
Ніч в готелі.",629
https://eurotrips.ua/praga-drezden/,Вікенд у Празі + Дрезден БЕЗ НІЧНИХ,4,Львів,Краків; Прибуття до Львова; фінальні обійми; планування нової подорожі,"Сніданок та виселення з готелю. Прибуття до Кракова.
На нас чекає оглядова екскурсія містом з локалом, яка вже входить у вартість туру. Після екскурсії буде час для самостійних прогулянок вуличками старого міста, кави з краківським сирником чи шопінгу.
Вартість оглядової прогулянки з локалом – 10 євро.
Орієнтовне прибуття до Львова — о 00:00.",344
https://eurotrips.ua/transylvaniya/,Вікенд у Трансильванії + Бухарест,1,Львів,збір групи у Львові; переїзд в Брашов; Тур у Румунію; Тур на вихідні,"06:00 — збір групи у Львові 07:00 — виїзд зі Львова
Наша пригода починається! Комфортабельний автобус з відмінною музикою, фільмами і компанією — це тільки початок. Пам'ятай, як зустрінеш подорож, так її і проведеш.
Крім вражень від Трансильванії, на тебе чекають нові знайомства, повне перезавантаження всіх внутрішніх батарейок та свобода для здійснення особистих бажань. Іноді, щоб вирішити всі свої питання, достатньо просто відправитись в подорож. Так і зробимо.
Прибуття у Брашов та заселення у готель.
Потяги наразі можуть затримуватись. Рекомендуємо планувати прибуття до місця відправлення щонайменше за 10 годин, а в ідеалі — за добу до старту туру.
Оскільки через воєнний стан багато людей опинились в різних країнах, ми індивідуально підкажемо кожному як приєднатись до туру (з України чи з-за кордону).",815
https://eurotrips.ua/transylvaniya/,Вікенд у Трансильванії + Бухарест,2,Брашов / замок Бран / замок Кантакузіно,Сніданок у готелі; Вільний час у Брашові; Подорож до Бухареста; Прогулянки та кав’ярні; Ніч у готелі,"Сніданок в готелі.
Насолоджуємося ранковою кавою, смакуємо сніданком та запасаємося енергією на активний день. Ми у Брашові — одному з найгарніших міст Трансильванії. На оглядовій прогулянці разом з місцевим гідом пройдемо найвужчою вулицею Румунії, зайдемо до найбільшої готичної церкви Східної Європи, піднімемося на Оглядову вежу і відчуємо темп площі Ради.
У вільний час вирушаємо у замок Бран, відомий якзамок Дракули. Таємні переходи, старовинні кімнати, вежі і легенди, від яких моторошно навіть удень.
Далі — замок Кантакузіно, де знімали серіал Венздей. Відчуємо атмосферу академії Невермор та зробимо фото на впізнаваних локаціях.
Вартість відвідування двох замків: 35€+ вхідні квитки.
Ввечері — вільний час у Брашові. Атмосферні паби, готичні вулички або просто прогулянка нічним містом.
Вечері повернення в готель та ніч в готелі.
Усі додаткові активності (далі — допки) необов’язкові і ти самостійно вирішуєш відвідувати їх чи ні.",943
https://eurotrips.ua/transylvaniya/,Вікенд у Трансильванії + Бухарест,3,Брашов / Бухарест,Сніданок та виселення; Оглядова екскурсія з локалом; Замок Бран (Дракула); Замок Кантакузіно; Вільний час у Брашові; Вечірній виїзд до Львова; Нічний переїзд,"Сніданок та виселення з готелю.
Сьогодні вибір за тобою. Можна залишитися в Брашові — ще є що дослідити, куди зайти і де посидіти з кавою без поспіху.
Інший варіант – поїхати з нами в Бухарест за новими враженнями. Разом із гідом-локалом прогуляємося містом; побачимо величезний Палац Парламенту, найбільшу урядову будівлю Європи; зайдемо в локальні книгарні та кав’ярні. Вартість поїздки: 50€.
Вечірній виїзд до Львова та нічний переїзд в Україну.
Усі допки не обов'язкові. Ти самостійно вирішуєш, відвідувати їх чи ні.",520
https://eurotrips.ua/transylvaniya/,Вікенд у Трансильванії + Бухарест,4,Львів,повернення додому; планування наступних подорожей разом,"Прибуття до Львова орієнтовно о 15:00.
Час в дорозі ідеально підходить для того, щоб нарешті запостити весь контент в соцмережі. Щоправда, зі сторіз він зникне за добу, а спогади залишаться на все життя. До нових зустрічей! Впевнені, це станеться зовсім скоро.
*Час прибуття до Львова — орієнтовний. Не рекомендуємо купувати квитки на зворотний потяг завчасно.
**Якщо треба підказати, як краще дістатись точки збору з твого міста і назад — просто скажи про це нашому менеджеру.
***Ціни на додаткові активності можуть незначно змінюватися залежно від сезону або інших обставин",575
https://eurotrips.ua/italijski-rizdvyani-yarmarky/,Італійські різдвяні ярмарки,1,Львів,виїзд зі львова; знайомство; нічний переїзд до Італії; Поїздка у Італію,"06:00 Збір групи у Львові / 06:30 Виїзд зі Львова
Вітаємо в подорожі! Вмикаємо режим “Давайте вже після свят” і вирушаємо у довгоочікувану відпустку. На нас вже чекають різдвяні ярмарки у найгарніших італійських містах, багато смачної їжі, апероль та тотальний релакс.
Поки що займай місце в автобусі, відпочивай та знайомся з новими друзями. Хто знає — можливо, саме з цієї поїздки розпочнеться твій найкращий рік?
Якщо вдало пройдемо кордон, то ввечері на тебе чекає особливий бонус у Будапешті! Нічна прогулянка на кораблику Дунаєм – найкращий спосіб познайомитися з містом у новорічному сяйві. Будемо милуватися підсвіченим Парламентом, робити фотки з келихом ігристого та ловити перші моменти відпустки. А потім просто розслабимося під шум хвиль та теплі розмови з компанією. Вартість прогулянки – 35 євро.
Нічний переїзд до Італії.
*Оскільки через воєнний стан багато людей опинились в різних країнах, ми індивідуально підкажемо кожному як приєднатись до туру (з України чи з-за кордону).",994
https://eurotrips.ua/italijski-rizdvyani-yarmarky/,Італійські різдвяні ярмарки,2,Верона,"прибуття до Верони; заселення в готель; оглядовка з локалом; прогулянка ""Шляхами Ромео і Джульєтти""; ніч в готелі; Тур на італійські озера","Cніданок у дорозі та прибуття у Верону.
Ми в одному із найромантичніших міст світу, де чи не кожна вуличка сповнена любовними історіями та цікавими легендами. Саме звідси розпочинаємо наше знайомство із різдвяною Італією.
Заселяємося в готель та вирушаємо на оглядову прогулянку Вероною разом із локалом. Побачимо “Балкон Джульєтти”, площу Ербе, середньовічні палаци, Арену ді Верона та інші атмосферні локації, прикрашені святковими вогнями.
Хочеш ще більше романтики, різдвяного вайбу та love story? Ходімо на прогулянку ""Шляхами Ромео і Джульєтти"" з місцевим мешканцем. Він покаже нетипові місця Верони та розповість реальні історії кохання, що тут трапилися. Дізнаємося, де насправді жили герої Шекспіра та знайдемо таємні закохані послання на стінах старовинних палаців. Вартість прогулянки – 25 євро.
А ввечері — як щодо келиха вина в енотеці, прогулянки вздовж річки Адідже або просто вечора під яскравими вогниками старого міста? Давай розслабимося і відчуємо цю святкову легкість, коли робочі чати мовчать, немає метушні в очікуванні гостей, і можна просто насолоджуватися новими місцями.
Усі допки не обов'язкові, і ти самостійно вирішуєш, відвідувати їх чи ні.
Ніч у готелі.",1185
https://eurotrips.ua/italijski-rizdvyani-yarmarky/,Італійські різдвяні ярмарки,3,Мілан,виселення з готелю; оглядовка з локалом по Мілану; вільний час; переїзд та ніч в готелі,"Сніданок в готелі.
Наступна зупинка нашого різдвяного тріпу – Мілан! Тут на нас вже чекає місцевий мешканець, аби познайомити з найцікавішими спотами. Ми побачимо величний Дуомо і поганяємо голубів на однойменній площі, пройдемося лакшері торговою галереєю Віктора Еммануїла II, послухаємо цікаві інсайти про італійців та дізнаємося, у чому секрет La Dolce Far Niente (солодкого нічогонероблення).
А ще в грудні та на початку січня площа Piazza del Duomo перетворюється на справжню казку. Тут працює різдвяний ярмарок з понад 80 дерев’яними будиночками, де можна скуштувати сезонні італійські смаколики: традиційний міланський панетоне, різноманітні сири, смажені каштани, гарячий шоколад, глінтвейн та вуличні закуски. Звідусіль доносяться аромати спецій, казково підсвічується собор та будівлі довкола, щасливі люди обіймаються і роблять Cheers – те, що треба, аби відчути святкову атмосферу.
У вільний час можеш продовжити гуляти містом або поїхати з нами на озеро Комо. Ти точно бачив ці локації на Pinterest або листівках, а вживу вони ще більш мальовничі. Суцільна естетика, що надихає та сповнює спокоєм. Спочатку прогуляємося вздовж озера, оточеного Альпами, наробимо класних фото та помилуємося розкішними віллами. Це місце точно увійде в топ твоїх найулюбленіших. Вартість поїздки – 55 євро (прогулянковий кораблик входить у вартість).
Давай влаштуємо Secret Santa у святковому турі! Що ти любиш більше: отримувати подарунки чи дарувати? Будемо дуже вдячні, якщо ти заздалегідь підготуєш маленький презент, який отримає хтось із твого гурту. Більш детальну інформацію тобі розповість наш менеджер та супроводжуючий.
Усі допки не обов’язкові — ти сам вирішуєш, що саме зробить твій день ідеальним.
Ніч у готелі.",1720
https://eurotrips.ua/italijski-rizdvyani-yarmarky/,Італійські різдвяні ярмарки,4,Венеція,сніданок в готелі; прибуття в Венецію; прогулянка на кораблику з локалом; водне таксі Гранд каналом; подорож на о. Бурано; вільний час; нічний переїзд до Львова,"Cніданок в готелі та виселення.
Для більшої казковості та різдвяного настрою не вистачає Венеції. Тому сьогодні ми тут, у місті на воді із сотнею каналів та мостів. Під час дороги до Сан-Марко гід нам буде розповідати про Венецію, її історію та сучасність. (вартість трансферу до Сан-Марко – 30 євро).
Обов’язково заглянемо на місцевий різдвяний ярмарок, аби вкотре скуштувати місцеві смаколики (обов’язково спробуй венеціанське печиво zaeti) та випити глінтвейну з видом на сяючі будівлі.
У вільний час запрошуємо в круїз Гранд Каналом на справжньому венеційському водному таксі! Попливемо головною вулицею міста, де палаци просто виростають з води та відчуємо себе зірками фільму “Турист”. Вартість – 35 євро.
Взимку особливо хочеться яскравих кольорів, тож як щодо того, аби вирушити до острова Бурано? Тут ду-уже багато атмосферних і різнокольорових будинків, немає натовпів туристів, а кожна стіна — ідеальний інста-ракурс. Відчуємо той самий slow-living та влаштуємо фотосесію. Вартість виїзду на острів – 40 євро.
Увечері — вільний час, аби пройтись набережною, знайти ресторанчик з домашньою пастою та підняти келих за цю подорож. Обмінюємося враженнями, фото та соцмережами і…можемо планувати вже наступні тріпи разом.
Нічний переїзд до Львова.",1253
https://eurotrips.ua/italijski-rizdvyani-yarmarky/,Італійські різдвяні ярмарки,5,Львів,повернення додому; планування наступної подорожі разом,"Прибуття до Львова орієнтовно о 22:00.
День у дорозі. Ідеальний час, аби нарешті запостити весь зроблений у подорожі контент, змонтувати Reels чи просто відпочити. До зустрічі у нових мандрівках!
Якщо тобі треба підказати, як краще дістатись точки збору з твого міста і назад — просто скажи про це нашому менеджеру. * Ціни на додаткові активності можуть незначно змінюватися в залежності від сезону або інших незалежних від нас обставин. ** Час прибуття до Львова — орієнтовний, не рекомендуємо купувати квитки на зворотний потяг.",530
https://eurotrips.ua/kanikuly-v-barseloni/,Канікули в Барселоні,1,Збір групи / Долина Красунь в Егері,збір групи; старт туру; виїзд зі Львова; переїзд до Угорщини; Егер; Долина Красунь; початок подорожі,"Сьогодні стартує наша подорож до нових країн, яскравих міст і незабутніх вражень
Не хвилюйся про організацію — ми подбали про все, а тобі залишається насолоджуватися дорогою, знайомитися з новими друзями та відчути той особливий настрій початку великої пригоди.
Першу зупинку робимо в Долині Красунь в Егері — затишному та атмосферному місці в Угорщині, яке ідеально підходить для відпочинку після дороги.
Тут за бажанням пропонуємо обід з традиційним угорським гуляшем  — смачно, поживно та саме те, що потрібно перед подальшою дорогою. Вартість обіду: 15 € з особи.
Увечері приїжджаємо до готелю, де зможемо відпочити, прийняти душ і набратися сил перед наступними днями подорожі.
Ніч у готелі.
P.S. Якщо зручно приєднатися до групи в Мукачево, Стрию або в іншому місті по маршруту — напиши нам, і ми підкажемо найкращий варіант",830
https://eurotrips.ua/kanikuly-v-barseloni/,Канікули в Барселоні,2,Адріатика / Венеція та острови,сніданок у готелі; переїзд до Італії; Лідо-ді-Єзоло; Адріатичне море; Венеція; Бурано; нічний переїзд,"Сьогодні день, коли море та місто поєднуються у яскраві враження і справжній італійський настрій.
Сніданок у готелі.
Виселення та переїзд до узбережжя Адріатичного моря.
Лідо-ді-Єзоло — затишний курорт із довгою набережною, морським повітрям і легкою атмосферою відпочинку. Прогулянка вздовж моря, фото на фоні пляжу, вільний час для кави, морозива або невеликого шопінгу. Чудова можливість відпочити після дороги та налаштуватися на насичений день.
Для охочих до культури та нових відкриттів — екскурсія до Венеції.Місто каналів, старовинних мостів і вузьких вуличок захоплює з першого погляду. Пішохідна прогулянка історичним центром, площа Сан-Марко, Палац Дожів, атмосфера справжньої Італії.Вартість: 40 € дорослий / 35 € дитина.
Для тих, хто хоче ще більше кольорів і фотолокацій — острів Бурано.Різнокольорові будиночки, затишні вулички та особлива атмосфера маленького італійського містечка. Вартість: 35 €.
За бажанням можливий заїзд на водному таксі Гранд-каналом.Панорами Венеції з води, палаци та мости з унікального ракурсу. Вартість: 35 €.
Після насиченого дня повертаємося на узбережжя, збираємося в дорогу та вирушаємо у нічний переїзд до Іспанії.
Нічний переїзд.",1178
https://eurotrips.ua/kanikuly-v-barseloni/,Канікули в Барселоні,3,Середземне море / Перше знайомство з Іспанією,прибуття до Іспанії; заселення в готель; Середземне море; узбережжя; прогулянка містом; захід сонця,"Перший день на узбережжі — зустріч з прекрасним Середземним морем.
Заселяємося в готель на узбережжі — комфортні номери для відпочинку після дороги.
Хочеш відчути морську атмосферу? Прогулянка вздовж пляжу подарує легкий морський бриз, золотистий пісок та аромат хвиль, навіть якщо купання не на порядку денному. Тут можна бігати, грати у волейбол, робити фото, збирати мушлі або просто насолоджуватися спокоєм і красою узбережжя.
Вечеря в готелі, а після — легка прогулянка містом. Вузькі вулички та перші каталонські смаколики створюють справжній середземноморський вайб.
Фінал дня — захід сонця на набережній. Організовуємо пікнік на узбережжі — чудова можливість перекусити, поспілкуватися та насолодитися морськими краєвидами.
Час вдихнути морське повітря і відчути: твоя іспанська пригода щойно почалася.
Ніч у готелі.",824
https://eurotrips.ua/kanikuly-v-barseloni/,Канікули в Барселоні,4,"Барселона: ритм, історія, свобода",сніданок у готелі; відпочинок на морі; Барселона; Готичний квартал; Гауді; парк Ґюель; середземноморський вайб,"Сніданок у готелі.
Сьогодні день на морському узбережжі — його можна провести у власному темпі або вирушити за драйвом та новими емоціями до Барселони. Місто, де кожен куточок дихає історією та мистецтвом, гарантовано подарує яскраві враження.Вартість поїздки: 30 €.
Прогулянка Готичним кварталом — вузькі вулички, старовинні фасади, атмосферні кав’ярні та автентичний місцевий ритм життя. Тут легко зупинити час і просто насолоджуватися моментом. Вартість активності: 20 €.
Далі — знайомство з фантастичним світом Антоніо Гауді. Химерні лінії, кольорові мозаїки та унікальна архітектура створюють відчуття, ніби місто живе власним ритмом. Відвідуємо парк Ґюель та інші шедеври генія. Вартість активності: 25 € + вхідний квиток.
Повернення до готелю на узбережжі, вечеря та вечірні прогулянки — час насолодитися середземноморським вайбом і спокоєм після насиченого дня.",869
https://eurotrips.ua/kanikuly-v-barseloni/,Канікули в Барселоні,5,"PortAventura: адреналін, швидкість, емоції",PortAventura; парк розваг; адреналін; американські гірки; день драйву; емоції; узбережжя Іспанії; євротріп,"Сніданок у готелі.
Сьогодні на нас чекає день максимального драйву та яскравих вражень у легендарному парку розваг PortAventura. Це один із найвідоміших тематичних парків Європи, де кожна зона — окрема пригода. Вартість поїздки: 40 € + вхідний квиток.
PortAventura складається з шести тематичних зон, які переносять у різні куточки світу:
Після насиченого дня повертаємося до готелю на узбережжі.Вечеря, вечірні прогулянки та час поділитися емоціями й враженнями.
Ніч у готелі.",477
https://eurotrips.ua/kanikuly-v-barseloni/,Канікули в Барселоні,6,"Французька Рив’єра: Ніцца, Монако, гламур",Французька Рив’єра; Ніцца; Монако; прогулянка; узбережжя; гламур; євротріп; фото; море; подорож,"Сніданок у готелі.
Сьогодні рушаємо назустріч новим пригодам на Французьку Рив’єру.
Ніцца — наше перше місто. Воно зустрічає легким вітерцем, шумом хвиль та ароматом моря. Прогулянка з локалом відкриває справжній ритм узбережжя: набережна, затишні кафе, яскраві будинки та особлива атмосфера міста. Тут можна гуляти, робити фото та ловити місцевий вайб.
Далі вирушаємо до Монако — маленького, але яскравого міста з блискучими яхтами, вузькими вуличками та аристократичним гламуром князівства. Це чудова можливість відчути себе героєм голлівудського фільму та зробити неймовірні фотографії. Вартість поїздки: 35 €.
Після гламурного дня повертаємося до Італії, поселення в готель і заслужений відпочинок перед наступними пригодами.
Ніч у готелі.",743
https://eurotrips.ua/kanikuly-v-barseloni/,Канікули в Барселоні,7,"Озеро Гарда: фортеця, атракціони, релакс",Озеро Гарда; Peschiera del Garda; Гардаленд; атракціони; фортеця; відпочинок; релакс; нічний переїзд; євротріп; фото,"Сніданок у готелі.
Сьогодні рушаємо до південного берега озера Гарда — одного з найкрасивіших озер Італії.
Перший пункт — Peschiera del Garda. Старовинна фортеця XVI століття оточує місто мурованими стінами, а канали й вузькі вулички створюють атмосферу спокою та релаксу. Вода, старовинна архітектура та тиша дарують ідеальний відпочинок перед останніми яскравими враженнями.
Пропонуємо поїздку в Гардаленд — один з найвідоміших тематичних парків Італії. Атракціони для будь-якого віку, шоу та інтерактивні програми подарують незабутні емоції та фото для пам’яті. Вартість: 25 € + вхідний квиток.
Після насиченого дня вирушаємо у нічний переїзд в Україну. Час відпочити та пригадати всі яскраві моменти подорожі.
Ніч у дорозі.",727
https://eurotrips.ua/kanikuly-v-barseloni/,Канікули в Барселоні,8,Повернення додому,Обійми; планування нової наступної подорожі,"Ось і настав фінальний день нашої пригоди - час підсумків, обміну емоціями та планування нових подорожей, поки спогади про море, гори та міста ще яскраво гріють серце.",167
https://eurotrips.ua/vikend-u-krakovi/,Канікули в Енерджиландії + Краків БЕЗ НІЧНИХ,1,Львів,збір групи у Львові; виїзд в Краків,"Цей тур можна оплатити частинами. Залишай заявку, і ми розповімо детальну інформацію.
Зверніть увагу, що потяги зараз можуть затримуватись, тому радимо планувати прибуття до місця виїзду за 10 годин, а в ідеалі — за добу до старту туру.
06:00 Збір групи у Львові / 06:30 Виїзд зі Львова
Вітаємо в подорожі! Попереду – омріяний вікенд у Кракові та багато теплих моментів. Складай валізу в автобус, вмощуйся зручніше і знайомся з новими друзями.
Пропонуємо дорогою заїхати на ферму альпак. Так-так, це ті пухнасті тваринки, що заполонили увесь інстаграм. Їхня милота розтопить твоє сердечко, обіцяємо. Вартість відвідування — 30 євро.
Прибуваємо у Краків та відразу йдемо знайомитися із містом разом із локалом. Під час прогулянки побачимо легендарного Дракона — символ Кракова, готичний Маріацький костел, один із найстаріших університетів Європи та ще багато цікавого. І все це під захопливі розповіді місцевого, який занурить нас у польський вайб минулого та сучасності.
Казімеж та Вавель. Кахімеж — це район, де Краків живе не за туристичним розкладом, а на повну. Барчики з атмосферою, вінтажні кав’ярні, стріт-арт і музика з кожного кута — тут легко зависнути на кілька годин. Ідеальне місце, щоб відчути творчу, нічну й трохи бунтарську душу міста. Далі — Вавельський пагорб, серце польської історії. Побачимо королівський замок і кафедральний собор, а з висоти відкриються панорами на Віслу та старе місто.
Екскурсія знайомить з двома різними, але однаково важливими сторонами Кракова. Вартість — 20 євро/дорослий, 10євро/діти до 11,99.
Ніч у готелі.
*Оскільки через військовий стан всі опинилась в різних країнах, ми індивідуально підкажемо кожному як приєднатись до туру (з України чи з-за кордону).",1707
https://eurotrips.ua/vikend-u-krakovi/,Канікули в Енерджиландії + Краків БЕЗ НІЧНИХ,2,Татри | Морське Око,трекінг по Татрам; озеро Морське Око; пікнік з фотосесією; релакс у термалах,"Сніданок у готелі.
Вільний день у Кракові. Можеш самостійно вирушити на прогулянку містом, блукаючи середньовічними вулицями, досліджуючи автентичні кав’ярні та заглядаючи у костели.
За більшим вау-ефектом пропонуємо поїздку в Закопане — серце Польських Татр.Вартість — 30 євро (дорослі) / 19 євро (діти до 11,99 років).
У самому Закопане запрошуємо приєднатися до додаткового трекінгу до найгарнішого озера в Польських Татрах — Морського Ока. Автобусом дістанемося до Лисої Галявини, а звідти підемо у трекінг. Дорога досить рівна, тому навіть без спортивної підготовки почуватимешся комфортно. Не забудь про зручне взуття, воду та снеки — вони знадобляться. Вісім кілометрів неспішної прогулянки з перервами на фотосесії, і ось ми на місці. Насолоджуємося прозорою водою в оточенні гірських вершин. Вартість— 25 євро(дорослі) / 15 євро(діти до 11,99)
Після активного дня вирушаємо на повний релакс у Хохоловські терми. Тепла вода, спокій і відновлення сил після гірської прогулянки — ідеальне завершення дня.Вартість — 15 євро (дорослий) / 10 євро (діти до 11,99 років) + вхідний квиток оплачується додатково.
Усі додаткові активності не обов’язкові — ти сам вирішуєш, які локації відвідати.
Ніч у готелі.",1207
https://eurotrips.ua/vikend-u-krakovi/,Канікули в Енерджиландії + Краків БЕЗ НІЧНИХ,3,Краків,Енерджіландія; виїзд додому,"Сніданок у готелі та виселення.
Погнали в Енерджіландію! Це найбільший парк розваг у Польщі з найкрутішими американськими гірками та десятками атракціонів для дітей і дорослих. Тут на тебе чекають екстремальні спуски, швидкість, драйв і море яскравих емоцій. Це не просто прогулянка, а повне занурення у світ розваг, де кожна локація дарує нові враження та заряд енергії (вхідні квитки оплачуються додатково)
Сповнені натхнення та нових спогадів, повертаємося додому. Обмінюємося фото та соцмережами, виставляємо контент і плануємо нові подорожі!
Орієнтовний час прибуття у Львів – 00:00.
Якщо тобі треба підказати, як краще дістатись точки збору з твого міста і назад — просто скажи про це нашому менеджеру.
*Ціни на екскурсії можуть незначно змінюватися, в залежності від сезону або інших не залежних від нас обставин.
** Час прибуття до Львова — орієнтовний, не рекомендуємо купувати квитки на зворотний потяг.",913
https://eurotrips.ua/krakiv-zakopane-morske-oko-bez-nichnyh/,Краків Закопане Морське Око БЕЗ НІЧНИХ,1,Львів | Польща,Збір групи; Тур в Закопане Морське Око; Морське Око тур,"Зверніть увагу, що потяги зараз можуть затримуватись, тому радимо планувати прибуття до місця виїзду за 10 годин, а в ідеалі — за добу до старту туру.
Цей тур можна оплатити частинами. Залишай заявку, і ми розповімо детальну інформацію.
06:00 Збір групи у Львові / 06:30 Виїзд зі Львова
Вітаємо в подорожі! Попереду – омріяний вікенд у Кракові та багато теплих моментів. Складай валізу в автобус, вмощуйся зручніше і знайомся з новими друзями.
Пропонуємо дорогою заїхати на ферму альпак. Так-так, це ті пухнасті тваринки, що заполонили увесь інстаграм. Їхня милота розтопить твоє сердечко, обіцяємо. Вартість відвідування — 30 євро.
Прибуваємо у Краків та відразу йдемо знайомитися із містом разом із локалом. Під час прогулянки побачимо легендарного Дракона — символ Кракова, готичний Маріацький костел, один із найстаріших університетів Європи та ще багато цікавого. І все це під захопливі розповіді місцевого, який занурить нас у польський вайб минулого та сучасності.
Казімеж та Вавель. Кахімеж — це район, де Краків живе не за туристичним розкладом, а на повну. Барчики з атмосферою, вінтажні кав’ярні, стріт-арт і музика з кожного кута — тут легко зависнути на кілька годин. Ідеальне місце, щоб відчути творчу, нічну й трохи бунтарську душу міста. Далі — Вавельський пагорб, серце польської історії. Побачимо королівський замок і кафедральний собор, а з висоти відкриються панорами на Віслу та старе місто.
Екскурсія знайомить з двома різними, але однаково важливими сторонами Кракова. Вартість — 20 євро/дорослий, 10євро/діти до 11,99.
Ніч у готелі.
*Оскільки через військовий стан всі опинилась в різних країнах, ми індивідуально підкажемо кожному як приєднатись до туру (з України чи з-за кордону).",1707
https://eurotrips.ua/krakiv-zakopane-morske-oko-bez-nichnyh/,Краків Закопане Морське Око БЕЗ НІЧНИХ,2,Татри | Морське Око,трекінг по Татрам; озеро Морське Око; пікнік з фотосесією; релакс у термалах,"Сніданок у готелі.
Вільний день у Кракові. Можеш самостійно вирушити на прогулянку містом, блукаючи середньовічними вулицями, досліджуючи автентичні кав’ярні та заглядаючи у костели.
За більшим вау-ефектом пропонуємо поїздку в Закопане — серце Польських Татр.Вартість — 35 євро (дорослі) / 25 євро (діти до 11,99 років).
У самому Закопане запрошуємо приєднатися до додаткового трекінгу до найгарнішого озера в Польських Татрах — Морського Ока. Автобусом дістанемося до Лисої Галявини, а звідти підемо у трекінг. Дорога досить рівна, тому навіть без спортивної підготовки почуватимешся комфортно. Не забудь про зручне взуття, воду та снеки — вони знадобляться. Вісім кілометрів неспішної прогулянки з перервами на фотосесії, і ось ми на місці. Насолоджуємося прозорою водою в оточенні гірських вершин. Вартість — 25 євро(дорослі) / 15 євро(діти до 11,99)
Після активного дня вирушаємо на повний релакс у Хохоловські терми. Тепла вода, спокій і відновлення сил після гірської прогулянки — ідеальне завершення дня.Вартість — 15 євро (дорослий) / 10 євро (діти до 11,99 років) + вхідний квиток оплачується додатково.
Усі додаткові активності не обов’язкові — ти сам вирішуєш, які локації відвідати.
Ніч у готелі.",1208
https://eurotrips.ua/krakiv-zakopane-morske-oko-bez-nichnyh/,Краків Закопане Морське Око БЕЗ НІЧНИХ,3,Краків,Закопане; виїзд додому; Відпочинок в Татрах,"Сніданок у готелі та виселення.
Вільний день у Кракові. Можеш самостійно вирушити на прогулянку містом, блукаючи середньовічними вулицями, досліджуючи автентичні кав’ярні та заглядаючи у костели.
Хочеш більше адреналіну? Погнали в Енерджіландію! Це найбільший парк розваг у Польщі з найкрутішими американськими гірками та десятками атракціонів для дітей і дорослих. Тут на тебе чекають екстремальні спуски, швидкість, драйв і море яскравих емоцій. Це не просто прогулянка, а повне занурення у світ розваг, де кожна локація дарує нові враження та заряд енергії. Вартість поїздки – 20 євро + вхідний квиток (парк відкрито з квітня по жовтень).
Їдемо за новими враженнями в соляну копальню Велічка. Такого ти ще ніде не бачив: підземні лабіринти, величні зали та навіть цілі церкви, вирізані з солі! Ми ніби перенесемося в інший вимір та відчуємо себе героями фентезі, що вирушили на місію глибоко під землю. Вартість – 25 євро + вхідний квиток.
Для охочих відвідуємо меморіальний комплекс Аушвіц-Біркенау — місце пам’яті та тиші, що нагадує про трагічні події Другої світової війни. Під час екскурсії з ліцензованим гідом побачимо територію колишнього нацистського концтабору, бараки, вежі охорони та меморіали. Це важка, але важлива частина історії Європи, яка залишає глибокі емоції та змушує замислитись. Вартість 30 євро + вхідний квиток.
Усі допки не обов’язкові — ти сам вирішуєш, які активності відвідати.
Сповнені натхнення та нових спогадів, повертаємося додому. Обмінюємося фото та соцмережами, виставляємо контент і плануємо нові подорожі!
Орієнтовний час прибуття у Львів – 00:00.
Якщо тобі треба підказати, як краще дістатись точки збору з твого міста і назад — просто скажи про це нашому менеджеру.
*Ціни на екскурсії можуть незначно змінюватися, в залежності від сезону або інших не залежних від нас обставин.
** Час прибуття до Львова — орієнтовний, не рекомендуємо купувати квитки на зворотний потяг.",1915
https://eurotrips.ua/best-beaches/,Найкращі пляжі Європи,1,Львів,виїзд зі Львова; знайомство; Нічний переїзд; Тур на море; найкращі пляжі Європи,"06:00 — збір групи. 06:30 — виїзд зі Львова.
Наша пригода починається.
Зручно розміщуйся в автобусі, знайомся з новими людьми і налаштовуйся на враження попереду. Крім Європи, на тебе чекають знайомства з цікавою компанією, повне перезавантаження і свобода для власних бажань. Іноді, щоб вирішити всі свої питання, достатньо просто відправитись у тур.
Так і зробимо.
Пізнє заселення в готель на території Угорщини.
Оскільки через воєнний стан багато людей опинились в різних країнах, ми індивідуально підкажемо кожному як приєднатись до туру (з України чи з-за кордону).
Потяги наразі можуть затримуватись. Рекомендуємо планувати прибуття до місця відправлення щонайменше за 10 годин, а в ідеалі — за добу до старту туру.",721
https://eurotrips.ua/best-beaches/,Найкращі пляжі Європи,2,Любляна | Альпи,Любляна; Словенія; старе місто; європейська архітектура; набережна; прогулянка з гідом; Альпи; озеро Блед; гірські пейзажі; природа; спокійний відпочинок,"Сніданок у готелі та виселення.
Переїзд до Любляни — затишної європейської столиці, де історія, архітектура і спокійний ритм життя існують поруч. Оглядова прогулянка з місцевим гідом: старе місто, набережна річки Любляниці, мости і площі. Це місто не про поспіх — тут хочеться роздивлятись деталі, слухати історії і просто насолоджуватись моментом.
Після оглядової матимемо вільний час: кава на набережній, місцеві крамниці або прогулянка у власному темпі.
За бажанням — поїздка до озера Блед. Смарагдова вода, острів із церквою посеред озера, замок на скелі і панорами Альп. Прогулянка навколо озера, фото і відпочинок серед природи. Вартість: 30€.
Переїзд до готелю у місті Падуя.
Ніч у готелі.
Усі додаткові активності (далі — допки) не обов'язкові, і ти самостійно вирішуєш, відвідувати їх чи ні.",800
https://eurotrips.ua/best-beaches/,Найкращі пляжі Європи,3,Лігурійське узбережжя / Сан-Ремо,Італійська Рив’єра; Лігурійське узбережжя; море; кольорові будинки; середземноморська архітектура; прогулянки; Портофіно; яхти; узбережжя; відпочинок,,0
https://eurotrips.ua/milan-komo-alps/,Мілан — Комо — Альпи,1,Львів/Будапешт,виїзд зі львова; знайомство; прогулянка на кораблику в Будапешті; нічний переїзд до Італії; Поїздка у Італію,"Збір групи у Львові — 06:00. Виїзд — 07:00.
Закривай ноутбук. Попереду — Верона, Мілан, Комо, Гарда, Альпи і Венеція.
Займай місце в автобусі, відпочивай і знайомся з групою в дорозі.
Якщо кордон пройдемо вчасно, ввечері нас чекає бонус у Будапешті: прогулянка на кораблику Дунаєм. Підсвічений Парламент, келих ігристого, перші моменти відпустки. Вартість додаткової активності — 35€.
Нічний переїзд до Італії.
Усі додаткові активності (далі — допки) не обов'язкові. Ти самостійно вирішуєш, відвідувати їх чи ні.
Потяги наразі можуть затримуватися. Рекомендуємо планувати прибуття до місця відправлення щонайменше за 10 годин, а в ідеалі — за добу до старту.
Оскільки через воєнний стан багато людей опинились в різних країнах, ми індивідуально підкажемо кожному як приєднатись до туру (з України чи з-за кордону).",814
https://eurotrips.ua/milan-komo-alps/,Мілан — Комо — Альпи,2,Верона,"прибуття до Верони; заселення в готель; оглядовка з локалом; прогулянка ""Шляхами Ромео і Джульєтти""; ніч в готелі; Тур на італійські озера","Прибуття у Верону. Сніданок.
Починаємо з оглядової прогулянки з локалом. Площа Ербе з середньовічними палацами, велична Арена ді Верона, затишні вулиці старого міста. Місто, де кожен куток — це чиясь любовна історія або цікава легенда.
Після прогулянки — переїзд до готелю. Заселення з 15:00.
Хочеш побачити більше? Є допка «Шляхами Ромео і Джульєтти» з місцевим жителем. Нетипові місця, реальні любовні історії, таємні послання на стінах старовинних палаців — і жодного туристичного маршруту зі стандартним гідом. Вартість допки — 20€.
Ніч у готелі біля Верони.
Усі допки не обов'язкові. Ти самостійно вирішуєш, відвідувати їх чи ні.",634
https://eurotrips.ua/milan-komo-alps/,Мілан — Комо — Альпи,3,Мілан,переїзд у Мілан; оглядовка з локалом; вільний час; прогулянка на озеро Комо; переїзд та ніч в готелі; Тур на озеро Комо,"Сніданок. Переїзд до Мілана.
Мілан — ділова столиця Італії з власним темпом, районами, де живуть самі міланці, і кафе, де еспресо п'ють стоячи за барною стійкою — бо так швидше і смачніше.
Місто зустрічає нас з місцевим жителем-гідом: Собор Дуомо — один із найбільших готичних соборів світу, будівництво якого тривало майже шість століть. Галерея Віктора Еммануїла II — найстаріший у світі торговий пасаж із скляним куполом. Площа з голубами і розмови про те, як тут насправді живуть люди.
Після оглядової — вільний час. Місто добре пізнається пішки.
Для тих, хто хоче більшого — допка на озеро Комо. Одне з найкрасивіших озер Європи, оточене Альпами і засаджене кипарисами. Саме тут тримають вілли світові зірки, які можуть обрати будь-яке місце на планеті — і обирають Комо.
Прогулянка вздовж берега, розкішні вілли на схилах, кришталева вода. А потім — кораблик по озеру з келихом просекко і краєвидами, які важко забути. Вартість допки: 55€ (кораблик включено).
Повернення у Верону.
Ніч у готелі біля Верони.
Усі допки не обов'язкові. Ти самостійно вирішуєш, відвідувати їх чи ні.",1084
https://eurotrips.ua/milan-komo-alps/,Мілан — Комо — Альпи,4,озеро Гарда / озеро Браєс,прогулянка озером Гарда; поїздка на озеро Браєс; переїзд та ніч в готелі; Тур у Мілан,"Сніданок у готелі.
Їдемо на озеро Гарда — найбільше озеро Італії, де з одного берега видно Доломітові Альпи, а вода така прозора і блакитна, що важко повірити, що це не море. Зупиняємось у Сірміоне — середньовічному містечку на вузькому півострові прямо посеред озера.
Тут квітне бугенвілія на кам'яних будинках, пахне лимоном — сувенірні лавки з лимончелло і варенням стоять буквально на кожному кроці. Піца й апероль по дуже приємним цінам.
Починаємо з фруктів або лимонаду зі свіжих лимонів біля мосту Ponte Levatoio. Далі — вузькі вулички історичного центру і замок Скалігерів. Піднімаємось на мури: звідси відкривається панорама на озеро і Альпи на горизонті. Після — вільний час. Можна скупатись у лазуровій воді озера або за бажанням поплавати на човні.
У вільний час запрошуємо в Доломітові Альпи — до озера Браєс.
Це одне з найфотографованіших місць Італії, і коли бачиш його вперше — розумієш чому. Смарагдово-бірюзова вода, яку важко описати і неможливо забути, оточена скелями і хвойним лісом. Озеро лежить на висоті 1496 метрів — тут інше повітря, інша тиша і відчуття, що ти дуже далеко від усього зайвого.
Невеликий трекінг навколо озера, лавочки для відпочинку посеред гірської тиші і вода кольору, який важко описати словами. За бажанням — можна взяти човен і поплавати озером, дивлячись на скелі з води. Є час просто побути там, подихати і зробити кадри, які не вмістяться в один пост. Вартість допки: 55€.
Повернення на озеро Гарда. Переїзд у готель біля Верони.
Ніч у готелі.
Усі допки не обов'язкові. Ти самостійно вирішуєш, відвідувати їх чи ні.",1567
https://eurotrips.ua/milan-komo-alps/,Мілан — Комо — Альпи,5,Венеція,сніданок в готелі; прибуття в Венецію; прогулянка на кораблику з локалом; водне таксі Гранд каналом; подорож на острів Бурано; вільний час; нічний переїзд до Львова,"Сніданок у готелі та виселення.
Переїзд у Венецію. Трансфер до острівної частини: 30€ (включає громадський транспорт і трансфер-кораблик).
По дорозі до Сан-Марко гід розповідає про місто — його історію і теперішнє.
Венеція — місто, яке не схоже ні на що інше. Немає звичного трафіку — тільки канали, мости і будинки, що ростуть прямо з води. Площа Сан-Марко з базилікою і дзвіницею, міст Ріальто, вузькі вулички , де двоє ледь розминуться. Місто, яке виглядає як декорація.
За бажанням —поїздка на острів Бурано, одне з найкрасивіших місць Венеціанської лагуни. Довгий час тут було звичайне рибальське селище, а різнокольорові будинки з'явились із практичної потреби: щоб рибалки могли знаходити свій дім крізь туман.
Тепер це різнобарвні вулички, прання на мотузках просто над головою, тихі дворики і та сама італійська неквапливість, яку важко описати, але легко відчути. Вартість: 40€.
Для тих, хто хоче відчути Венецію з води — круїз Гранд Каналом на водному таксі. Пливемо головною артерією міста, де палаци виростають прямо з води. Інший ракурс, інше відчуття Венеції. Вартість: 35€.
Ввечері — вільний час і фінальна вечеря.
Виїзд до Львова.
Усі допки не обов'язкові. Ти самостійно вирішуєш, відвідувати їх чи ні.",1219
https://eurotrips.ua/milan-komo-alps/,Мілан — Комо — Альпи,6,Львів,повернення додому; планування наступної подорожі разом,"Прибуття до Львова орієнтовно о 22:00.
Ділимося емоціями та плануємо наступну поїздку разом!
Якщо тобі треба підказати, як краще дістатись точки збору з твого міста і назад — просто скажи про це нашому менеджеру.
Ціни на додаткові активності можуть незначно змінюватися залежно від сезону або інших обставин.
Час прибуття до Львова — орієнтовний. Не рекомендуємо купувати квитки на зворотний потяг завчасно.",407
https://eurotrips.ua/morska-italiya-5-nochej-na-lido-di-yezolo/,Морська Італія (5 ночей на Лідо-ді-Єзоло),1,Старт подорожі до Італії,виїзд зі Львова; нічний переїзд; знайомство з групою,"Зверніть увагу, що потяги зараз можуть затримуватись, тому радимо планувати прибуття до місця виїзду за 10 годин, а в ідеалі — за добу до старту туру.
08:30 – збір групи09:00 – виїзд зі Львова
Сьогодні починається наша подорож до сонячної Італії, моря та нових відкриттів. Лідо-ді-Єзоло – це один із найвідоміших курортів Адріатичного узбережжя, який відрізняється своєю преміальною атмосферою: доглянуті пляжі, розвинена інфраструктура та широкий вибір розваг для будь-якого віку. На відміну від інших курортів регіону, тут зручно поєднано спокійний пляжний відпочинок із можливістю активних прогулянок вздовж набережної та відвідування локальних кафе і магазинів. Твоє завдання сьогодні – насолоджуватися дорогою, знайомитися з компанією нових друзів і ловити той особливий вайб старту подорожі.
Під час переїзду відбудеться перетин кордону.
Увечері — нічний переїзд, під час якого можна відпочити та набратися сил для наступних пригод.
Ніч у автобусі.
P.S. Якщо тобі зручніше приєднатися до групи у Мукачево або Стрию ще десь по маршруту — дай знати, і ми підкажемо найзручніший варіант.",1090
https://eurotrips.ua/morska-italiya-5-nochej-na-lido-di-yezolo/,Морська Італія (5 ночей на Лідо-ді-Єзоло),2,Прибуття в Лідо-ді-Єзоло — перший день на морі,Лідо-ді-Єзоло; пляж; відпочинок на морі; автобусний тур; Eurotrips,"Сьогодні ми прибуваємо в сонячний італійський курорт — Лідо-ді-Єзоло. Після дороги настав час трохи розслабитися: свіже морське повітря, ніжне сонце та шум хвиль задають ритм відпочинку. Заселення в готель, короткий відпочинок і вже можна насолоджуватися першим днем на морі.
Для тих, хто хоче зануритися у справжній італійський вайб, є можливість приєднатися до Велкам-паті на кораблику. Легка водна прогулянка подарує знайомство з групою, можливість розслабитися після дороги та відчути атмосферу італійського літа — сонце, вода, легкий бриз і гарний настрій. Ідеальний старт нашої морської пригоди! Вартість — 35 € з особи.
Після вечірніх емоцій і легкого сплеску адреналіну повертаємося до готелю. Вечірній відпочинок біля моря допоможе налаштуватися на повний ритм подорожі, а перед нами ще багато сонця, моря та нових відкриттів.
Ніч в готелі.",849
https://eurotrips.ua/morska-italiya-5-nochej-na-lido-di-yezolo/,Морська Італія (5 ночей на Лідо-ді-Єзоло),3,Лідо-ді-Єзоло/Верона: романтика Ромео і Джульєтти серед італійських вулиць,Лідо-ді-Єзоло; відпочинок на морі; релакс; пляж; сонце; море; італійський вайб; знайомство з групою; морські емоції,"Сніданок у готелі. Сьогодні у нас повний день для релаксу на курорті Лідо-ді-Єзоло. Сонце, море, лагідний вітерець та золотистий пісок створюють ідеальні умови, щоб просто відчути відпочинок. Хочеш активності? Прогуляйся вздовж узбережжя, освіжися у морі або просто розслабся на шезлонгу під шум хвиль — день для насолоди моментом! Для тих, хто хоче додати культурного вайбу та відчути атмосферу історичної Італії, пропонуємо додаткову поїздку до Верони. По прибуттю пропонуємо відправитися на авторську прогулянку від нашого місцевого жителя. Прогуляємося по середньовічних вуличках, де колись гуляв Данте, побачимо місця любовної історії Ромео і Джульєтти. Вартість – 50 євро. Також сьогодні на нас чекає найбільше озеро Італії – Гарда! Ми приїдемо у Песк'єра-дель-Гарда містечко на березі озера. Прогуляємося вулицями старого міста, побачимо венеційські мури, мости через канали та засядемо на аперитив з чарівним краєвидом. Вартість поїздки – 35 євро. Повернення в готель.
Ніч в готелі.",990
https://eurotrips.ua/morska-italiya-5-nochej-na-lido-di-yezolo/,Морська Італія (5 ночей на Лідо-ді-Єзоло),4,"Лідо-ді-Єзоло/Доломітові Альпи: панорами, фотозупинки та гірський драйв",Лідо-ді-Єзоло; Венеція; Гранд-канал; канали; гондоли; прогулянка з гідом; водне таксі; романтика; пляж; релакс; італійський вайб,"Сніданок у готелі.
Сьогодні день, коли можна повністю віддатися морському відпочинку та зарядитися енергією сонця. Лідо-ді-Єзоло зустрічає нас лагідним шумом хвиль, золотистим піском і легким бризом — ідеальні умови для купання, засмагання або просто неспішного релаксу на шезлонгу. Тут можна знайти компанію для пляжного волейболу, пробігтися вздовж узбережжя або насолоджуватися тишею й морською атмосферою.
А для тих, хто хоче додати до відпочинку драйву та неймовірних пейзажів — пропонуємо активний виїзд у Доломітові Альпи. Панорами гір, свіже повітря і фотозупинки в локаціях, які виглядають так, ніби зійшли зі сторінок календаря, гарантовано зарядять енергією та подарують яскраві спогади. Вартість — 50 € з особи.
Після дня на морі або в горах повертаємося в готель, де можна насолодитися вечерею і підготуватися до наступного насиченого дня.
Ніч в готелі.",866
https://eurotrips.ua/morska-italiya-5-nochej-na-lido-di-yezolo/,Морська Італія (5 ночей на Лідо-ді-Єзоло),5,Лідо-ді-Єзоло/Бурано: рай кольорових будиночків,Італія; острів; кольорові будинки; фотопрогулянка; море; відпочинок; спокій; італійський шарм; інста-кадри; подорож; екскурсія; водна прогулянка; романтика; лайфстайл; море і сонце; казкова Італія.,"Сніданок у готелі. Вільний день на морі. Сьогодні ми пропонуємо відправитися до Венеції. Покатаємось на кораблику навколо Венеції, прогуляємося по вузьких вуличках, помилуємося Гранд-каналом, сфотографуємо Палац Дожів, загадаємо бажання на старовинних химерних мостах і зануримося з головою в романтику міста. Вартість поїздки – 50 євро (у ціну входить круїз на кораблі від континентальної до острівної частини Венеції). Ще одне яскраве враження попереду! Ми пропонуємо відвідати Бурано, адже це не просто острів, це приголомшливі яскраві будиночки, де немає натовпів туристів і кожна стіна — ідеальний інста-ракурс. Не сумнівайся, ми влаштуємо незабутню фотосесію! Вартість – 40 €. А зараз пропонуємо тобі відчути себе героєм фільму «Турист» із Анджеліною Джолі та Джонні Деппом! Викличемо знамените водне таксі і красиво прокотимося на ньому головною артерією Венеції – Гранд каналом! Вартість – 35 євро. Поверенення в готель.
Ніч в готелі.",942
https://eurotrips.ua/morska-italiya-5-nochej-na-lido-di-yezolo/,Морська Італія (5 ночей на Лідо-ді-Єзоло),6,Лідо-ді-Єзоло/Флоренція: серце Ренесансу та мистецький вайб Італії,Флоренція; Ренесанс; архітектура; історичний центр; італійська кава; джелато; культурна програма; фотопрогулянка; мистецтво; Італія; Лідо-ді-Єзоло; подорож з Eurotrips,"Сьогодні день, коли море можна поєднати з культурною перлиною Італії. Ранок починається біля узбережжя Лідо-ді-Єзоло — легкий бриз, золотистий пісок і шум хвиль задають ідеальний ритм дня. Хочеш повністю розслабитися? Візьми шезлонг, книжку або просто насолоджуйся сонцем — тут можна втекти від усіх турбот і зарядитися енергією моря.
А для тих, хто тягне до мистецтва і архітектури — вирушаємо до Флоренції! Вузькі вулички, величні площі та культові споруди, які захоплюють з першого погляду. Прогулянка історичним центром з гідом розкриє легенди міста, історію Медічі та красу Ренесансу. Вільний час дозволяє загубитися серед затишних кав’ярень, спробувати справжнє італійське джелато і зробити незабутні кадри на пам’ять. Вартість — 55 € з особи.
Після дня, сповненого вражень і натхнення, повертаємося на узбережжя Лідо-ді-Єзоло, збираємо сили для останніх пригод і насолоджуємося вечірнім спокоєм моря.
Ніч в готелі.",921
https://eurotrips.ua/morska-italiya-5-nochej-na-lido-di-yezolo/,Морська Італія (5 ночей на Лідо-ді-Єзоло),7,Вирушаємо додому — час згадати яскраві моменти подорожі,Повернення додому; автобусний переїзд; Лідо-ді-Єзоло; спогади з подорожі; Європа; комфортний тур; нічний переїзд,"Сніданок у готелі та останній погляд на море — сьогодні ми рушаємо додому, але спогади залишаються назавжди.
12:00 — виїзд у напрямку України.
Під час переїзду можна ще раз згадати найяскравіші моменти подорожі, обговорити пригоди, зробити останні фото з друзями з туру та планувати наступний євротріп.
Нічний переїзд.",318
https://eurotrips.ua/morska-italiya-5-nochej-na-lido-di-yezolo/,Морська Італія (5 ночей на Лідо-ді-Єзоло),8,Львів: повернення та підсумки неймовірної подорожі,Повернення до Львова,"Прибуття до Львова орієнтовно о 14:00.
* Ціни на екскурсії можуть незначно мінятися, залежно від сезону або інших незалежних від нас обставин.
** Час прибуття до Львова – орієнтовний, не рекомендуємо купувати квитки на зворотній потяг.
Хочете поїхати в тур своєю групою? Деталі щодо групових запитів – тут",305
https://eurotrips.ua/novyj-rik-u-krakovi/?utm_source=google&utm_campaign=performance_max&utm_medium=cpc&utm_content=performance_max,Новий рік у Кракові БЕЗ НІЧНИХ,1,Львів / Краків,збір групи у Львові; виїзд в Краків; прогулянка з локалом,"06:00 Збір групи у Львові/ 06:30 Виїзд зі Львова
Вітаємо в подорожі! Попереду – омріяний вікенд у Кракові, святкова атмосфера та багато теплих моментів. Складай валізу в автобус, вмощуйся зручніше і знайомся з новими друзями.
Прибуваємо у Краків та відразу йдемо знайомитися із містом разом із локалом. У цей період воно виглядає особливо казково. Тож не ховай далеко телефон — тут буквально кожен куток може стати фотозоною. Під час прогулянки побачимо легендарного Дракона — символ Кракова, готичний Маріацький костел, Вавельський замок, один із найстаріших університетів Європи та ще багато цікавого. І все це під захопливі розповіді місцевого, який занурить нас у польський вайб минулого та сучасності.
Казімєж — це район, де Краків живе не за туристичним розкладом, а на повну. Барчики з атмосферою, вінтажні кав’ярні, стріт-арт і музика з кожного кута — тут легко зависнути на кілька годин. Ідеальне місце, щоб відчути творчу, нічну й трохи бунтарську душу міста. Вартість - 20 євро.
Ніч у готелі.
*Так як через військовий стан всі опинилась в різних країнах, ми індивідуально підкажемо кожному як приєднатись до туру (з України чи з-за кордону).",1152
https://eurotrips.ua/novyj-rik-u-krakovi/?utm_source=google&utm_campaign=performance_max&utm_medium=cpc&utm_content=performance_max,Новий рік у Кракові БЕЗ НІЧНИХ,2,Краків | Закопане,вільний день у Кракові; поїздка в Закопане; термальні купальні,"Сніданок у готелі.
Вільний день у Кракові. Можеш самостійно вирушити на прогулянку містом, блукаючи середньовічними вулицями, досліджуючи автентичні кав’ярні та заглядаючи у костели.
Як щодо того, аби вирушити у зимову казку та буквально переміститися у живу різдвяну листівку? Поїхали в Закопане! Дерев’яні будиночки, святковий декор, запах кориці у гірському повітрі – те, що треба для новорічного настрою. В голові крутиться пісня про “the most wonderful time of the year”, а довкола – неймовірні панорами. Для більшого вау-ефекту піднімемося на фунікулері на Голубалівку, влаштуємо фотосесію та видихнемо всю напругу минулого року! Вартість — 35 євро
Повернернення до Кракова
Увечері вирушаємо в центр міста на зустріч Нового 2027 року! На нас чекає святкова атмосфера, ігристе та тисячі вогнів. Опівночі — феєрверки, обійми, загадування бажань і той самий момент, який хочеться запам’ятати назавжди.
Ніч в готелі або на танцполі.
Усі допки не обов'язкові, і ти самостійно вирішуєш, відвідувати їх чи ні.",1008
https://eurotrips.ua/novyj-rik-u-krakovi/?utm_source=google&utm_campaign=performance_max&utm_medium=cpc&utm_content=performance_max,Новий рік у Кракові БЕЗ НІЧНИХ,3,Краків | Львів,ферма альпа; повернення додому,"Сніданок в готелі та виселення.
Можеш продовжити гуляти Краковом самостійно. Як варіант – піднятися на Вавельську вежу та побачити місто з висоти або пройтися стильним Казімєжем, заходячи у вінтажні лавки та галереї.
Оголошуємо час милоти та їдемо на ферму альпак. Зможемо погодувати, наобійматися та зробити десяток фото із цими пухнастими тваринками. Цей досвід подарує тобі купу позитиву! Вартість – дорослий - 35 євро
Сповнені натхнення та нових спогадів, повертаємося додому. Обмінюємося фото та соцмережами, виставляємо контент і плануємо нові подорожі!
Орієнтовний час прибуття у Львів – 00:00.
*Ціни на екскурсії можуть незначно змінюватися, в залежності від сезону або інших не залежних від нас обставин.
** Час прибуття до Львова — орієнтовний, не рекомендуємо купувати квитки на зворотний потяг.",806
https://eurotrips.ua/novyj-rik-u-krakovi/?utm_source=google&utm_campaign=performance_max&utm_medium=cpc&utm_content=performance_max,Новий рік у Кракові БЕЗ НІЧНИХ,5,Типові автобуси Eurotrips,,"день
Типові автобуси Eurotrips
Подорожі здійснюються на сучасних туристичних автобусах класу Euro 5 / Euro 6, розрахованих на комфортні переїзди Європою. СалонВ автобусах — м’які відкидні крісла, кондиціонер, індивідуальне освітлення та достатньо місця для ніг і ручної поклажі. Частина автобусів обладнана столиками, USB-зарядками, Wi-Fi, підставками для ніг і панорамними вікнами. Комфорт у дорозіМи плануємо маршрут із регулярними санітарними зупинками та часом на відпочинок. Водії працюють відповідно до європейських норм праці та відпочинку, а команди супроводу залишаються на зв’язку протягом усієї подорожі. БезпекаУсі автобуси проходять регулярне технічне обслуговування та міжнародні перевірки перед виїздами. Для нас важливий не лише маршрут, а й відчуття спокою в дорозі. АтмосфераДля багатьох саме дорога стає частиною подорожі: вечірні розмови, ранкова кава на заправці десь в Альпах і той момент, коли за вікном вперше з’являється море або нове місто.",966
https://eurotrips.ua/novyj-rik-u-milani/?utm_source=google&utm_campaign=performance_max&utm_medium=cpc&utm_content=performance_max,Новий рік у Мілані,1,Львів,виїзд зі львова; знайомство; нічний переїзд до Італії; Поїздка у Італію,"06:00 Збір групи у Львові / 06:30 Виїзд зі Львова
Вітаємо в подорожі! Вмикаємо режим “Давайте вже після свят” і вирушаємо у довгоочікувану відпустку. На нас вже чекають різдвяні ярмарки у найгарніших італійських містах, багато смачної їжі, апероль та тотальний релакс.
Поки що займай місце в автобусі, відпочивай та знайомся з новими друзями. Хто знає — можливо, саме з цієї поїздки розпочнеться твій найкращий рік?
Якщо вдало пройдемо кордон, то ввечері на тебе чекає особливий бонус у Будапешті! Нічна прогулянка на кораблику Дунаєм – найкращий спосіб познайомитися з містом у новорічному сяйві. Будемо милуватися підсвіченим Парламентом, робити фотки з келихом ігристого та ловити перші моменти відпустки. А потім просто розслабимося під шум хвиль та теплі розмови з компанією. Вартість прогулянки – 35 євро.
Нічний переїзд до Італії.
*Оскільки через воєнний стан багато людей опинились в різних країнах, ми індивідуально підкажемо кожному як приєднатись до туру (з України чи з-за кордону).",994
https://eurotrips.ua/novyj-rik-u-milani/?utm_source=google&utm_campaign=performance_max&utm_medium=cpc&utm_content=performance_max,Новий рік у Мілані,2,Верона,"прибуття до Верони; заселення в готель; оглядовка з локалом; прогулянка ""Шляхами Ромео і Джульєтти""; ніч в готелі; Тур на італійські озера","Cніданок у дорозі та прибуття у Верону.
Ми в одному із найромантичніших міст світу, де чи не кожна вуличка сповнена любовними історіями та цікавими легендами. Саме звідси розпочинаємо наше знайомство із різдвяною Італією.
Заселяємося в готель та вирушаємо на оглядову прогулянку Вероною разом із локалом. Побачимо “Балкон Джульєтти”, площу Ербе, середньовічні палаци, Арену ді Верона та інші атмосферні локації, прикрашені святковими вогнями.
Хочеш ще більше романтики, різдвяного вайбу та love story? Ходімо на прогулянку ""Шляхами Ромео і Джульєтти"" з місцевим мешканцем. Він покаже нетипові місця Верони та розповість реальні історії кохання, що тут трапилися. Дізнаємося, де насправді жили герої Шекспіра та знайдемо таємні закохані послання на стінах старовинних палаців. Вартість прогулянки – 25 євро.
А ввечері — як щодо келиха вина в енотеці, прогулянки вздовж річки Адідже або просто вечора під яскравими вогниками старого міста? Давай розслабимося і відчуємо цю святкову легкість, коли робочі чати мовчать, немає метушні в очікуванні гостей, і можна просто насолоджуватися новими місцями.
Усі допки не обов'язкові, і ти самостійно вирішуєш, відвідувати їх чи ні.
Ніч у готелі.",1185
https://eurotrips.ua/novyj-rik-u-milani/?utm_source=google&utm_campaign=performance_max&utm_medium=cpc&utm_content=performance_max,Новий рік у Мілані,3,Мілан,виселення з готелю; оглядовка з локалом по Мілану; вільний час; переїзд та ніч в готелі,"Сніданок та виселення з готелю.
Наступна зупинка нашого новорічного тріпу – Мілан! Тут на нас вже чекає місцевий мешканець, аби познайомити з найцікавішими спотами. Ми побачимо величний Дуомо і поганяємо голубів на однойменній площі, пройдемося лакшері торговою галереєю Віктора Еммануїла II, послухаємо цікаві інсайти про італійців та дізнаємося, у чому секрет La Dolce Far Niente (солодкого нічогонероблення).
А ще в грудні та на початку січня площа Piazza del Duomo перетворюється на справжню казку. Тут працює різдвяний ярмарок з понад 80 дерев’яними будиночками, де можна скуштувати сезонні італійські смаколики: традиційний міланський панетоне, різноманітні сири, смажені каштани, гарячий шоколад, глінтвейн та вуличні закуски. Звідусіль доносяться аромати спецій, казково підсвічується собор та будівлі довкола, щасливі люди обіймаються і роблять Cheers – те, що треба, аби відчути святкову атмосферу.
У вільний час можеш продовжити гуляти містом або поїхати з нами на озеро Комо. Ти точно бачив ці локації на Pinterest або листівках, а вживу вони ще більш мальовничі. Суцільна естетика, що надихає та сповнює спокоєм. Спочатку прогуляємося вздовж озера, оточеного Альпами, наробимо класних фото та помилуємося розкішними віллами. Це місце точно увійде в топ твоїх найулюбленіших. Вартість поїздки – 55 євро (прогулянковий кораблик входить у вартість).
Заселення в готель.
Увечері вирушаємо в центр міста на зустріч Нового року!  На нас чекає святкова атмосфера, жива музика, шампанське, тисячі вогнів і спільний countdown разом з італійцями та мандрівниками з усього світу. Опівночі — феєрверки, обійми, загадування бажань і той самий момент, який хочеться запам’ятати назавжди.
Усі допки не обов’язкові — ти сам вирішуєш, що саме зробить твій день ідеальним.
Ніч у готелі.",1781
https://eurotrips.ua/novyj-rik-u-milani/?utm_source=google&utm_campaign=performance_max&utm_medium=cpc&utm_content=performance_max,Новий рік у Мілані,4,Венеція,сніданок в готелі; прибуття в Венецію; прогулянка на кораблику з локалом; водне таксі Гранд каналом; подорож на о. Бурано; вільний час; нічний переїзд до Львова,"Cніданок в готелі та виселення.
Для більшої казковості та різдвяного настрою не вистачає Венеції. Тому сьогодні ми тут, у місті на воді із сотнею каналів та мостів. Під час дороги до Сан-Марко гід нам буде розповідати про Венецію, її історію та сучасність. (вартість трансферу до Сан-Марко – 30 євро).
Обов’язково заглянемо на місцевий різдвяний ярмарок, аби вкотре скуштувати місцеві смаколики (обов’язково спробуй венеціанське печиво zaeti) та випити глінтвейну з видом на сяючі будівлі.
У вільний час запрошуємо в круїз Гранд Каналом на справжньому венеційському водному таксі! Попливемо головною вулицею міста, де палаци просто виростають з води та відчуємо себе зірками фільму “Турист”. Вартість – 35 євро.
Взимку особливо хочеться яскравих кольорів, тож як щодо того, аби вирушити до острова Бурано? Тут ду-уже багато атмосферних і різнокольорових будинків, немає натовпів туристів, а кожна стіна — ідеальний інста-ракурс. Відчуємо той самий slow-living та влаштуємо фотосесію. Вартість виїзду на острів – 40 євро.
Увечері — вільний час, аби пройтись набережною, знайти ресторанчик з домашньою пастою та підняти келих за цю подорож. Обмінюємося враженнями, фото та соцмережами і…можемо планувати вже наступні тріпи разом.
Нічний переїзд до Львова.",1253
https://eurotrips.ua/novyj-rik-u-milani/?utm_source=google&utm_campaign=performance_max&utm_medium=cpc&utm_content=performance_max,Новий рік у Мілані,5,Львів,повернення додому; планування наступної подорожі разом,"Прибуття до Львова орієнтовно о 22:00.
День у дорозі. Ідеальний час, аби нарешті запостити весь зроблений у подорожі контент, змонтувати Reels чи просто відпочити. До зустрічі у нових мандрівках!
Якщо тобі треба підказати, як краще дістатись точки збору з твого міста і назад — просто скажи про це нашому менеджеру. * Ціни на додаткові активності можуть незначно змінюватися в залежності від сезону або інших незалежних від нас обставин. ** Час прибуття до Львова — орієнтовний, не рекомендуємо купувати квитки на зворотний потяг.",530
https://eurotrips.ua/vikend-v-budapeshti-viden/,Вікенд у Будапешті + Відень,1,Львів,виїзд зі Львова; старт подорожі; знайомство в дорозі; нічний переїзд,"Збір групи у Львові — 16:00. Виїзд зі Львова — 17:00.
Закривай ноутбук, вимикай робочі сповіщення. Маршрут до офісу замінять прогулянки містом — попереду два дні у Будапешті та Відні.
Виїжджаємо у бік кордону. Знайомимось із групою в дорозі, відпочиваємо.
Нічний переїзд до Будапешта.
*Оскільки через воєнний стан багато людей перебувають у різних країнах — індивідуально підкажемо кожному, як зручніше приєднатися до туру.
**Потяги наразі можуть затримуватися. Рекомендуємо планувати прибуття до місця відправлення щонайменше за 10 годин, а в ідеалі — за добу до старту.",571
https://eurotrips.ua/vikend-v-budapeshti-viden/,Вікенд у Будапешті + Відень,2,Будапешт,оглядова прогулянка Будапештом; Сентендре; купальні Будапешта; кораблик по Дунаю; нічний Будапешт; Центральний ринок; клуб Fogaś,"Прибуваємо до Будапешта вранці. Ранкова кава, нове місто та відчуття, що попереду цілий день.
Починаємо з оглядової прогулянки з гідом-локалом. Різнокольорові вулички, Рибальський бастіон, вид на Дунай і Парламент. Завершуємо на Центральному ринковому залі: тут є що скуштувати з угорської кухні й знайти небанальні сувеніри.
А після оглядової — коротка поїздка до містечка Сентендре. Відоме своїми пастельними фасадами будинків, вузькими вуличками та мистецькою атмосферою. Тут можна помилуватися галереями, сувенірними крамницями та відчути справжню угорську провінційну магію. Родзинкою Сентендре є музей марципанів. Вартість допки: 35€.
Після заселення в готель — вільний час. Прогулянка вздовж Дунаю, дворики старого міста або будапештські купальні. Тепла вода, простора архітектура, повна відключеність від усього зайвого — один із тих досвідів, який варто відчути особисто.
Ввечері кораблик по Дунаю. Вартість допки: 35€. Парламент у вечірньому підсвічуванні, безлімітне ігристе та гарна компанія поруч. Потім, якщо є настрій, — нічний Будапешт і клуб Fogaś: два поверхи, кілька барів, різна музика.
Ніч у готелі.
Усі додаткові активності (далі — допки) за бажанням. Ти самостійно вирішуєш відвідувати їх чи ні.",1218
https://eurotrips.ua/vikend-v-budapeshti-viden/,Вікенд у Будапешті + Відень,3,Будапешт | Відень,вільний час у Будапешті; переїзд у Відень; оглядова прогулянка Віднем; австрійська кухня; вечірній Відень; нічний переїзд,"Сніданок і виселення з готелю.
Вільний час у Будапешті.
З бажаючими вирушаємо до Відня. Вартість допки: 50€. Австрійська столиця — інший темп і естетика: широкі проспекти, класична архітектура, відчуття виваженості.
Оглядова прогулянка з гідом-локалом: резиденції Габсбургів, собор Святого Стефана, Віденська національна опера, Музейний квартал. Гід покаже, де готують справжній шніцель і торт Захер — не туристичний варіант, а той, що їдять місцеві.
Після прогулянки — вільний час. Відень добре пізнається пішки: кав’ярні, парки, вулиці без поспіху.
Для тих, хто хоче більшого, є вечірній авторський маршрут «Легенди Відня» — містичні історії, ліхтарики й дегустація шнапсу. Вартість допки: 25€.
Повертаємось до Будапешта.
Нічний переїзд у Львів.
Усі допки — за бажанням. Ти самостійно вирішуєш відвідувати їх чи ні.",817
https://eurotrips.ua/vikend-v-budapeshti-viden/,Вікенд у Будапешті + Відень,4,Львів,повернення до Львова; фінал подорожі,"Прибуття у Львів орієнтовно о 16:00.
Чотири дні, два міста, одна компанія. Тепер є що згадати — і є з ким.
*Ціни на додаткові активності можуть незначно змінюватися залежно від сезону та інших обставин.
**Час прибуття до Львова — орієнтовний. Не рекомендуємо купувати квитки на зворотний потяг завчасно.",303
https://eurotrips.ua/novyj-rik-u-venecziyi/,Новий рік у Венеції БЕЗ НІЧНИХ,1,Львів,збір групи; переїзд до Словенії,"06:00 Збір групи у Львові / 06:30 Виїзд зі Львова
Італійська подорож розпочинається! Ми не просто їдемо досліджувати нові місця, ми вирушаємо святкувати Новий рік у Венецію. Жодної передсвяткової метушні на кухні чи прибирання – лише класна атмосфера, загадування бажань з просеко, ілюмінації та повна фелічіта!
Поки що займай місце в автобусі, відпочивай та знайомся з новими друзями. Хто знає — можливо, саме з цієї поїздки розпочнеться твій найкращий рік?
Заселення в готель у Словенії.
*Оскільки через воєнний стан багато людей опинились в різних країнах, ми індивідуально підкажемо кожному як приєднатись до туру (з України чи з-за кордону).",646
https://eurotrips.ua/novyj-rik-u-venecziyi/,Новий рік у Венеції БЕЗ НІЧНИХ,2,Венеція,Прогулянка з локалом по Любляну; переїзд у Венецію,"Сніданок та виселення з готелю.
Ранок проведемо в Любляні – затишній європейській столиці, яка уособлює той самий slow living. Разом із локалом прогуляємося містом, насолоджуючись казковою архітектурою. Побачимо Потрійний міст, заглянемо на головну площу та оберемо місце з ідеальним видом, аби випити гарячого шоколаду.
А далі вирушаємо до Венеції — зустрічати Новий рік 2027 у місті каналів, світла та романтики. На нас чекає святкова атмосфера, вогні, музика, шампанське на площах і відчуття справжньої італійської казки, коли старе місто перетворюється на одну велику новорічну сцену.
Заселяємося в готель.
Ніч у готелі.
Усі додаткові активності (далі – допки) не обов'язкові, і ти самостійно вирішуєш, відвідувати їх чи ні.",728
https://eurotrips.ua/novyj-rik-u-venecziyi/,Новий рік у Венеції БЕЗ НІЧНИХ,3,Венеція | Бурано,ЯСКРАВИЙ ОСТРІВ БУРАНО; Гранд канал; ВЕЧЕРЯ З АПЕРОЛЕМ,"Сніданок у готелі.
Розпочнемо день зі знайомства з Венецією — локал уже чекає на нас, щоб провести найгарнішими місцями міста. Нікуди не поспішаючи, будемо гуляти серед близько 150 каналів, з’єднаних 409 мостами. Пройдемося вздовж Гранд-каналу, дізнаємося, де роблять найкраще тірамісу, і зробимо фото біля палаццо, які зазвичай бачимо лише на листівках.
Далі пропонуємо відчути себе героями фільму «Турист» із Анджеліною Джолі та Джонні Деппом — викличемо знамените водне таксі та естетично прокатаємося головною артерією Венеції, Гранд-каналом. Вартість — 35 євро.
Якщо хочеться яскравих кольорів, вирушимо на острів Бурано — тут безліч атмосферних різнокольорових будинків, менше туристів, а кожна вуличка — ідеальний інста-ракурс. Вартість виїзду на острів — 40 євро.
Увечері — вільний час для прогулянки набережною, пошуку ресторанчика з домашньою пастою та келиха за чудову подорож. Cheers!
Ніч у готелі.",910
https://eurotrips.ua/novyj-rik-u-venecziyi/,Новий рік у Венеції БЕЗ НІЧНИХ,4,Будапешт,Прогулянка з локалом; вільний час; прогулянку на кораблику з безлімітним просеко; нічний Будапешт; ніч у готелі,"Сніданок в готелі та виселення.
Наступна зупинка нашого тріпу – Будапешт. Після прибуття вирушаємо на автобусно-пішохідну прогулянку з локалом. Побачимо Рибацький бастіон, зробимо ""те саме"" фото з видом на Парламент, заглянемо у затишні дворики та дізнаємось, чому Будапешт вважається однією з найгарніших столиць Європи.
У вільний час вирушай досліджувати Будапешт. Тільки обіцяй не поспішати. Заглядай у дворики, прогуляйся вздовж Дунаю, зупиняйся, аби насолодитися моментом з келихом угорського вина, та відчуй ритм життя місцевих. Обов’язково заглянь у Будапештський Маркет Хол – найбільший ринок міста. Серед різноманіття автентичних закладів ти точно знайдеш, чим потішити свого внутрішнього гурмана. А у сувенірних лавках зможеш придбати небанальні подарунки для себе та близьких.
Ввечері запрошуємо тебе на прогулянку на кораблику з безлімітним просеко. Набережна запалюється вогнями і набуває зовсім іншого вигляду. Ось ми проїжджаємо Парламент і кожен намагається зробити найкраще фото. А потім ми забиваємо на ці ракурси і просто чілимо з келихом просеко, повертаючись у стан безтурботності та задоволення. Ідеальне завершення святкової подорожі! Вартість прогулянки – 35 євро.
Ніч у готелі.",1202
https://eurotrips.ua/novyj-rik-u-venecziyi/,Новий рік у Венеції БЕЗ НІЧНИХ,5,Львів,Прибуття у Львів,"Прибуття до Львова орієнтовно о 23:00.
Снідаємо та вирушаємо в дорогу додому. Обмінюємося враженнями про подорож та вже плануємо нові мандрівки з Eurotrips!
Якщо тобі треба підказати, як краще дістатись точки збору з твого міста і назад — просто скажи про це нашому менеджеру. * Ціни на додаткові активності можуть незначно змінюватися в залежності від сезону або інших незалежних від нас обставин. ** Час прибуття до Львова — орієнтовний, не рекомендуємо купувати квитки на зворотний потяг.",491
https://eurotrips.ua/novyj-rik-v-rymi/,Новий рік у Римі,1,Львів,збір групи; знайомство; ігри в автобусі; нічний переїзд у Верону,,0
https://eurotrips.ua/novyj-rik-v-rymi/,Новий рік у Римі,2,Верона,прибуття у Верону; оглядова з місцевим жителем; вільний час; романтична прогулянка Вероною; спільна вечеря,"Сніданок по дорозі. Ранкове прибуття до Верони.
Заселення в готель у другій половині дня.
Свою подорож ми розпочнемо з прогулянки Вероною з локалом. Пройдемося середньовічними вуличками, де колись гуляв сам Данте, побачимо місця любовної історії Ромео і Джульєтти, старовинну Римську Арену, де досі проводять театральні вистави та концерти.
Вільний час у Вероні.
Після обіду запрошуємо на нашу романтичну прогулянку з локалом. Ми зануримося в атмосферу середньовіччя біля будинку Джульєтти, дізнаємось, як сучасні Ромео підкорюють серця, і відвідаємо місця, де сьогодні народжуються нові історії кохання. Пройдемося вузькими вуличками, історичними площами, а на Площі Ербе поговоримо про італійські традиції стосунків. Завершимо прогулянку на оглядових майданчиках із чарівними видами, де можна загадати бажання про зустріч зі своєю другою половинкою. Вартість – 25 євро.
Ввечері пропонуємо зустрітися на традиційну італійську вечерю: відзначимо наше знайомство за келихом апероля, справжньою італійською піцою та смачною пастою. Ніч у готелі.
Усі допки не є обов'язковими, і ти самостійно вирішуєш, відвідувати їх чи ні.",1121
https://eurotrips.ua/novyj-rik-v-rymi/,Новий рік у Римі,3,Рим,оглядова від локала; назвизначніші пам'ятки; вільний день; Таємний Санта; Зустріч Нового Року,"Переїзд у Рим.
Після приїзду одразу відправляємось на оглядову прогулянку Римом з місцевим жителем-гідом. Це — величне місто зі своєю тисячолітньою історією. Ми обов'язково побачимо Колізей, і навіть доторкнемося до нього. Вітторіано, Римський Форум, Капітолійська площа — місця, де за легендою виник Рим. Центральне місце імперії, що символізує його велич і славу перед Богами. Колись тут був розташований храм Юпітера, що, на думку стародавніх римлян, вважався «столицею світу». Пересуваємося містом на громадському транспорті (сплачується самостійно).
Заселення в готель.
Давай влаштуємо Secret Santa у святковому турі! Що ти любиш більше: отримувати подарунки чи дарувати? Будемо дуже вдячні, якщо ти заздалегідь підготуєш маленький презент, який отримає хтось із твого гурту. Більш детальну інформацію тобі розповість наш менеджер та супроводжуючий.
У новорічну ніч тисячі місцевих жителів зберуться на Сirco Massimo на опен-еір концерті, аби зустріти 2027-й. Так зробимо і ми дружньою групою. Запасемось крутим настроєм, келихом глінтвейну чи шампанського (а краще і не одним), бенгальськими вогниками і розпочнемо Новий рік яскраво. І не забудь про своє заповітне бажання, бо сьогодні всі дива стають реальністю!
* У новорічну ніч може бути гучно через феєрверки.",1270
https://eurotrips.ua/novyj-rik-v-rymi/,Новий рік у Римі,4,Рим,вільний день у Римі; богемний район Трастевере; найсмачніші зупинки; дегустація вина,"Сніданок у готелі. Вільний день в Римі.
Сьогодні пропонуємо завершити як справжні італійці, гуляючи богемним районом Трастевере. Під час прогулянки ми побачимо найстаріше єврейське гетто та острів Тіберіна, зробимо найсмачніші зупинки (морозиво та піца Трапіцціно – гарантовані). Завершимо день з келихом ігристого на винній дегустації. Вартість – 25 євро.
Усі допки не є обов'язковими, і ти самостійно вирішуєш, відвідувати їх чи ні.
Ніч в готелі.",448
https://eurotrips.ua/novyj-rik-v-rymi/,Новий рік у Римі,5,Венеція,прогулянка з локалом; піцца і апероль; водне таксі; гранд канал; фінальна вечірка на кораблику,"Ранній сніданок та виселення з готелю. Переїзд до Венеції.
У Венеції близько 150 каналів, пов'язаних 409 мостами! Тільки уяви, як легко загубитися. Але такого в наших планах немає – наш місцевий мешканець-гід навчить орієнтуватися в цьому лабіринті та розповість найцікавіше, що треба знати про місто.
Як щодо романтичних покатушок на водному таксі? На традиційному венеціанському човні дослідимо вузенькі канали та насолодимось середньовічними будиночками з води. І все це у супроводі автентично вдягненого гондольєра. Вартість – 35 євро.
Увечері кличемо тебе на вечірку на кораблику! Будемо згадувати та ділитись враженнями від подорожі, пропливаючи чисельні острови навкруг Венеції з келихом ігристого. Вартість – 35 євро.
Усі допки не є обов'язковими, і ти самостійно вирішуєш, відвідувати їх чи ні.
23:30 Нічний переїзд до Львова.",835
https://eurotrips.ua/novyj-rik-v-rymi/,Новий рік у Римі,6,Львів,приїзд у Львів; обійми; планування нової подорожі,"Прибуття до Львова орієнтовно о 22:00.
Ділимося емоціями і плануємо наступну поїздку разом ;)
Якщо тобі треба підказати, як краще дістатись точки збору з твого міста і назад — просто скажи про це нашому менеджеру.
* Ціни на екскурсії можуть незначно змінюватися, в залежності від сезону або інших незалежних від нас обставин.
** Час прибуття до Львова — орієнтовний, не рекомендуємо купувати квитки на зворотний потяг.",418
https://eurotrips.ua/paris-normandiya/,Париж + Нормандія,1,Львів | Польща,ЗБІР ГРУПИ; Знайомство; переїзд в Чехію; відпочинок від дороги; Тур в Париж; Тур в Париж зі Львова,"Зверніть увагу: потяги зараз можуть затримуватись, тому радимо планувати прибуття до місця виїзду за 10 годин, а в ідеалі — за добу до старту туру.
Подорож починається. З дороги, знайомств і відчуття, що попереду більше, ніж просто маршрут.
Попереду тиждень, у якому змінюються міста, мова і ритм. Париж, до якого давно хотілося дістатися. І ще кілька місць, які відкриються вже в процесі.
6:00 — збір групи у Львові
6:30 — виїзд зі Львова
Заселення в готель на території Чехії. Відпочинок після дороги.
Усі додаткові активності (далі — допки) не обов'язкові. Ти самостійно вирішуєш, відвідувати їх чи ні.
Через воєнний стан підкажемо, як зручно приєднатися до туру з України або з-за кордону.",693
https://eurotrips.ua/paris-normandiya/,Париж + Нормандія,2,Прага,ПРИБУТТЯ В Прагу; Оглядова прогулянка; ПРАЗЬКИЙ ГРАД; ВІЛЬНИЙ ЧАС; кораблик по Влтаві; ВЕЧІРНІЙ ВИЇЗД В ПАРИЖ; Автобусний тур у Париж; Поїздка в Париж,"Сніданок у готелі та виселення.
Сьогодні — Прага. Місто, яке не поспішає.
Нас зустрічає локал. Разом із ним пройдемося оглядовим маршрутом центром: Староміська площа з унікальним астрономічним годинником, вузькі вулиці старого міста і Карлів міст. Побачимо головні символи Праги — і зрозуміємо, як виглядає місто в русі, а не на картинках.
Після активної прогулянки саме час перекусити. Пропонуємо обід-круїз по Влтаві: 2 години на кораблику, шведська лінія з чеською кухнею — м’ясні страви, гарніри, овочі. Велкам-дрінк, пиво, вино та безалкогильні напої на вибір. Вартість допки — дорослий 40€, діти до 11,99 — 35€.
У другій половині дня — допка в Празький Град. Піднімемось у район Градчани, побачимо резиденцію Президента Чехії, найбільший замковий комплекс Європи, старовинні двори та оглядові майданчики з видом на місто. Вартість — дорослий 20€, діти до 11,99 — 10€.
Увечері — ще одна допка «Містична Прага». Прогулянка середньовічними вулицями при світлі ліхтарів, міські легенди і зовсім інша атмосфера міста. Вартість — дорослий 20€, діти до 11,99 — 10€.
Усі допки не обов'язкові. Ти самостійно вирішуєш, відвідувати їх чи ні.
Нічний переїзд у Париж.",1160
https://eurotrips.ua/paris-normandiya/,Париж + Нормандія,3,Париж,Прибуття в Париж; прогулянка з місцевим жителем; кораблик по Сені; вільний час у Парижі; Подорож в Париж; Париж на автобусі; Екскурсії в Парижі,"Дорогою робимо зупинку на сніданок.
Париж. Місто, яке кожен проживає по-своєму.
Разом із локалом проїдемо основними вулицями, побачимо головні локації і зробимо фотозупинки. Це перше знайомство, щоб зрозуміти місто і свій подальший маршрут.
Заселення в готель. Пересування містом — громадським транспортом (оплачується додатково).
Вільний час.
Або запрошуємо на прогулянку корабликом по Сені (~1 година). Пропливаємо повз Ейфелеву вежу, Лувр, Нотр-Дам і головні мости міста. Кораблик підходить дуже близько до набережної і самої вежі — саме тут знімають відео, коли пропливаєш під мостом, а на фоні відкривається Ейфелева. Вартість — дорослі 20€, діти до 11,99 — 15€.
Увечері рекомендуємо відвідати шоу Crazy Horse. Сучасний перформанс зі світлом, музикою і хореографією — інший Париж, який не побачиш вдень. Вартість вхідного квитка від 119€.
Усі допки не обов'язкові. Ти самостійно вирішуєш, відвідувати їх чи ні.
Ніч у готелі.",929
https://eurotrips.ua/paris-normandiya/,Париж + Нормандія,4,Нормандія | Париж,французька Нормандія; вільний день у Парижі; нічний Париж; Нормандія Тур; Тур у Нормандію,"Сніданок у готелі.
Вільний день у Парижі або поїздка в Нормандію.
Той день, який найчастіше стає улюбленим у цій подорожі. Це можливість вперше побачити океан. Не на фото — в реальності.
Почнемо з Трувіля. Курортне місто з набережною і ринком морепродуктів. Тут можна скуштувати королівські креветки, свіжі устриці (навіть якщо раніше не подобались — тут часто змінюють думку) і келих просеко.
Далі — узбережжя Ла-Маншу. Влаштовуємо пікнік просто на березі. Шум хвиль, чайки і відчуття простору.
Після цього — скелі Етрета, заради яких сюди приїжджають. Можна гуляти вздовж узбережжя, піднятись на скелі або просто залишитись біля води.
Це місце без різких рухів. Пари, старші люди, які повільно гуляють, морський бриз і багато повітря. Тут не хочеться поспішати. І не потрібно.
Вартість допки — дорослий 55€, діти до 11,99 — 40€.
Повернення у Париж.
Увечері — допка «Вечірній Париж». Проїдемо повз Тріумфальну арку, Єлисейські поля і сучасний район La Defense. На зворотному шляху — Булонський ліс. Закінчимо нашу поїздку з келихом шампанського біля Ейфелевої вежі.
Вартість — дорослий 30€, діти до 11,99 — 20€.
Усі допки не обов'язкові. Ти самостійно вирішуєш, відвідувати їх чи ні.
Ніч у готелі.",1198
https://eurotrips.ua/paris-normandiya/,Париж + Нормандія,5,Париж,ВІЛЬНИЙ ДЕНЬ; Disneyland за бажанням; Латинський квартал; Монмартр; накращий вид на Париж; Виїзд У ВІДЕНЬ; Тур у Францію,"Сніданок у готелі. Сьогодні — день без поспіху.
Можна залишитися в Парижі. Або поїхати далі.
Вирушаємо до Діснейленду. Цілий день у парку: атракціони, тематичні зони, паради персонажів. Ближче до вечора — світлове шоу і феєрверки над замком. Той самий момент, який зазвичай хочеться зняти і залишити собі. Вартість допки — 25€ + вхідний квиток.
Або інший варіант — пропонуємо прогулянку Монмартром. Тут розквітала богемна душа столиці: Ренуар, Дега, Тулуз-Лотрек, Ван Гог, Модільяні та Пікассо творили свої шедеври, а Аполлінер залишав вірші. Побачиш легендарне кабаре Мулен Руж, Базиліку Сакре-Кер, квартали художників і поетів, а ще — один із найвражаючих видів на Париж. Район вузьких вулиць, закладів з французькою кухнею не за всі євро світу і простих моментів, за які люблять це місто. Вартість допки — дорослі 25€, діти до 11,99 — 15€.
Ще один варіант — повільніший. Допка — Латинський квартал. Прогулянка районом: старі вулиці, невеликі кафе, жива атмосфера міста без туристичного шуму. Вартість — дорослі 25€, діти до 11,99 — 15€.
У вільний час рекомендуємо відвідати Лувр. Квитки краще придбати заздалегідь онлайн.
Усі допки не обов'язкові. Ти самостійно вирішуєш, як провести цей день.
22:00 — виїзд з Парижа. Нічний переїзд у Відень.",1245
https://eurotrips.ua/paris-normandiya/,Париж + Нормандія,6,Відень,ПРИБУТТЯ у Відень; ВІЛЬНИЙ ДЕНЬ; легендарний Захер; фінальна вечеря; Тур до Франції,"Відень — місто з іншим темпом. Спокійніше, зібраніше, без зайвого шуму.
Почнемо з прогулянки з локалом. Пройдемося центром: Хофбург — зимова резиденція Габсбургів, площа Марії Терезії, Собор Святого Стефана і головні вулиці міста.
Далі — час обрати свій ритм.
Допка — «Легенди Відня». Вечірня прогулянка історичним центром. Почуємо міські історії, пройдемо знайомими вулицями вже без денного натовпу і зробимо зупинки у найатмосферніших місцях. Формат легкий: трохи історій, трохи руху і келих ігристого під час маршруту. Вартість — дорослий 25€, діти до 11,99 — 10€.
Або інший варіант — залишитися в місті без плану. Можна зайти в Café Sacher (Philharmonikerstraße 4) і спробувати традиційний шоколадний торт із кавою. Або піти до Donaukanal — графіті, вуличні музиканти, кав’ярні і бари. Інший, менш формальний Відень.
Усі допки не обов'язкові. Ти самостійно вирішуєш, як провести цей день.
Ніч у готелі.",906
https://eurotrips.ua/paris-normandiya/,Париж + Нормандія,7,Польща | Львів,виїзд на кордон; ПРИБУТТЯ ДО ЛЬВОВА; планування нової подорожі з Eurotrips; Тур у Францію зі Львова,"Снідаємо, збираємо речі і виїжджаємо додому. Ділимося емоціями та плануємо наступну поїздку разом.
Прибуття до Львова орієнтовно о 23:30.
*Ціни на додаткові активності можуть незначно змінюватися залежно від сезону або інших обставин.
**Час прибуття до Львова – орієнтовний, не рекомендуємо купувати квитки на зворотній потяг.",326
https://eurotrips.ua/paryzh-bryusel-mon-sen-mishel/,Мон-Сен-Мішель – Париж – Брюссель,1,Львів | Польща,ЗБІР ГРУПИ; Знайомство; переїзд в Польщу; відпочинок від дороги; Тур в Париж; Тур в Париж зі Львова,"06:00 — збір групи. 06:30 — виїзд зі Львова.
Наша пригода починається.
Зручно розміщуйся в автобусі, знайомся з новими людьми і налаштовуйся на враження попереду. Протягом дня — переїзд територією Польщі.
За швидкого проходження кордону зупиняємось у Кракові. Прогулянка з місцевим жителем: Ринкова площа — одна з найбільших у Європі, Маріацький костел, Суконні ряди і Вавельський пагорб. Легке знайомство з містом після дороги. Вартість: 10€.
Увечері — прибуття і заселення в готель на території Польщі.
Усі додаткові активності (далі — допки) не обов'язкові. Ти самостійно вирішуєш, відвідувати їх чи ні.
Оскільки через воєнний стан багато людей опинились в різних країнах, ми індивідуально підкажемо кожному як приєднатись до туру (з України чи з-за кордону).
Потяги наразі можуть затримуватись. Рекомендуємо планувати прибуття до місця відправлення щонайменше за 10 годин, а в ідеалі — за добу до старту туру.",913
https://eurotrips.ua/paryzh-bryusel-mon-sen-mishel/,Мон-Сен-Мішель – Париж – Брюссель,2,Дрезден,ПРИБУТТЯ у Дрезден; оглядова прогулянка з локалом; саксонська архітектура; дегустація німецького пива,"Сніданок у готелі та виселення.
Переїзд до Дрездена — міста, де барокова архітектура і сучасний ритм існують поруч.
Оглядова прогулянка з місцевим жителем-гідом: ансамбль Цвінґер, Опера Земпера, Фрауенкірхе і Брюльська тераса — так званий «балкон Європи» з виглядом на Ельбу. Місто, яке було майже повністю зруйноване і відбудоване — і це відчувається на кожній вулиці.
Після прогулянки за бажанням — дегустація німецького пива та обід у традиційному саксонському закладі. Справжні локальні смаки і щедрі порції. Вартість: 35€.
У вільний час — прогулянка набережною Ельби або кава в центрі міста.
У другій половині дня — переїзд у готель на території Німеччини.
Ніч у готелі.
Усі допки не обов'язкові. Ти самостійно вирішуєш, відвідувати їх чи ні.",747
https://eurotrips.ua/paryzh-bryusel-mon-sen-mishel/,Мон-Сен-Мішель – Париж – Брюссель,3,Брюссель / Брюгге,ПРИБУТТЯ у Брюссель; Гран-Плас; старе місто; Брюгге — місто каналів,"Сніданок у готелі та виселення.
Переїзд до Брюсселя — столиці Бельгії і міста, де вирішується доля Європи. Тут розташовані штаб-квартири Євросоюзу і НАТО — саме тому Брюссель часто називають столицею Європи.
Оглядова прогулянка з місцевим жителем-гідом: головна площа Гран-Плас, атмосферні вулички старого міста і символи, без яких неможливо уявити Брюссель. Місто дивує поєднанням історії, політичної ваги і легкого європейського шарму.
Далі — Брюгге. Канали, мереживні будинки, середньовічні площі і та казкова атмосфера, коли здається, що час тут зупинився. Ідеальне місце для неспішних прогулянок і красивих фото. Вартість: 40€.
Переїзд у Францію.
Ніч у готелі на території Франції.
Усі допки не обов'язкові. Ти самостійно вирішуєш, відвідувати їх чи ні.",758
https://eurotrips.ua/paryzh-bryusel-mon-sen-mishel/,Мон-Сен-Мішель – Париж – Брюссель,4,Руан / Трувіль / Етрета,Руан; Нормандія; середньовічне місто; готичні собори; старе місто; Франція,"Сніданок у готелі та виселення.
Руан — нормандське місто з одним із найкрасивіших готичних соборів Франції, фахверковими будинками і вузькими середньовічними вуличками, де час ніби сповільнюється. Тут писав Мопассан, тут жив Флобер — і місто досі зберігає характер, який надихав письменників.
За бажанням пропонуємо подорож до Нормандії.
Спершу прогуляємося курортним Трувілем, насолоджуючись спокійним ритмом маленького французького містечка. Вдихнемо повітря Атлантики, скуштуємо свіжі устриці, креветки та прохолодне ігристе на місцевому ринку.
Завершимо день в Етрета — місці, де Моне знаходив натхнення. Прогулянки панорамними стежками над океаном: зелені пагорби, білосніжні скелі, хвилі Ла-Маншу та крики чайок. Вартість поїздки: 45€.
Увечері — переїзд та поселення в готель в Кані.
Ніч у готелі.",803
https://eurotrips.ua/paryzh-bryusel-mon-sen-mishel/,Мон-Сен-Мішель – Париж – Брюссель,5,Мон-Сен-Мішель,Атлантичне узбережжя; піратське місто; Мон-Сен-Мішель; середньовічна Франція; панорамні краєвиди,"Сніданок у готелі та виселення.
За бажанням — поїздка до Мон-Сен-Мішель. Середньовічне абатство на скелястому острові посеред затоки — місце, яке виглядає неможливим, але існує. Готичні вежі. Кам’яні вулички. І припливи, які повністю змінюють пейзаж за кілька годин.
Всередині — маленьке місто: крамнички, кафе, музеї. Вище — оглядовий майданчик, звідки відкриваються панорами на затоку . На самій верхівці — діюче абатство. Вартість: 45€ + вхідний квиток.
Увечері — переїзд до готелю в Парижі.
Ніч у готелі.
Усі допки не обов'язкові. Ти самостійно вирішуєш, відвідувати їх чи ні.",580
https://eurotrips.ua/paryzh-bryusel-mon-sen-mishel/,Мон-Сен-Мішель – Париж – Брюссель,6,Париж,Париж; Монмарт; нічний переїзд,"Сніданок у готелі та виселення.
Париж. Ранкова прогулянка з місцевим жителем-гідом: справжній Париж без туристичних маршрутів, з вуличками і історіями, які не знайдеш у путівнику.
За бажанням — Монмартр. Тут писали Ренуар, Ван Гог, Пікассо. Кабаре Мулен Руж, Базиліка Сакре-Кер, квартал художників і один із найкращих видів на місто. Вартість: 25€ / діти до 12 років 15€.
Для гурманів — Латинський квартал. Секретні страви французьких шефів, локальні смаколики і ритм паризької богеми. Наш гід-локал знає всі точки, де обідають самі французи. Вартість: 35€ / діти до 12 років 25€.
Або — прогулянка на кораблику по Сені. Панорами міста з води, легендарні мости, Ейфелева вежа на горизонті. Вартість: 20€ / діти 15€.
Увечері — виїзд із Парижа і нічний переїзд до Вроцлава.",770
https://eurotrips.ua/paryzh-bryusel-mon-sen-mishel/,Мон-Сен-Мішель – Париж – Брюссель,7,Вроцлав,Вроцлав; ринкова площа; гномики; старовинні будинки; канали; Польща; пішохідна прогулянка; поселення в готель,"Прибуття до Вроцлава і заселення в готель.
Після відпочинку — прогулянка з місцевим жителем-гідом. Ринкова площа з атмосферними будинками, знамениті гномики, старовинні будівлі і мальовничі канали. Вроцлав — одне з найкрасивіших міст Польщі, яке часто відкривають для себе наприкінці подорожі — і воно приємно дивує.
Ніч у готелі.",330
https://eurotrips.ua/paryzh-bryusel-mon-sen-mishel/,Мон-Сен-Мішель – Париж – Брюссель,8,Повернення до Львова,Вроцлав; переїзд в Україну; ранковий виїзд; підсумки подорожі; спогади та фото; завершення туру,"Сніданок у готелі та виселення.
Ранковий виїзд із Вроцлава. По дорозі — розмови про найяскравіші моменти і плани на наступні подорожі.
Орієнтовне прибуття до Львова — 23:30.
Час прибуття до Львова — орієнтовний. Не рекомендуємо купувати квитки на зворотний потяг завчасно.
Ціни на додаткові активності можуть незначно змінюватися залежно від сезону або інших обставин.",368
https://eurotrips.ua/neapol-rim/,Південна Італія,1,Львів,Збір у Львові; знайомство; переїзд через кордон; ніч в готелі; Тур на південь Італії,"06:00 Збір групи у Львові
06:30 Виїзд зі Львова
Наша пригода починається.
Зручно розміщуйся в автобусі, знайомся з новими людьми і налаштовуйся на враження попереду. Крім Італії, на тебе чекають знайомства з цікавою компанією, повне перезавантаження і свобода для власних бажань. Іноді, щоб вирішити всі свої питання, достатньо просто відправитись у тур.
Так і зробимо.
Якщо кордон пройдемо швидко — заїжджаємо у винний регіон Токай. Старовинні винні підвали, дегустація шести видів токайських вин і традиційний гуляш. Гарний початок для тих, хто любить відкривати нове по дорозі. Вартість: 27€.
Переїзд у Будапешт та ночівля у готелі.
Усі додаткові активності (далі — допки) не обов'язкові, і ти самостійно вирішуєш, відвідувати їх чи ні.
Оскільки через воєнний стан багато людей опинились в різних країнах, ми індивідуально підкажемо кожному як приєднатись до туру (з України чи з-за кордону).
Потяги наразі можуть затримуватись. Рекомендуємо планувати прибуття до місця відправлення щонайменше за 10 годин, а в ідеалі — за добу до старту туру.",1046
https://eurotrips.ua/neapol-rim/,Південна Італія,2,Будапешт,виселення з готелю; прогулянка Будапештом; вільний час у місті; прогулянка на кораблику; нічний переїзд; Тур у Мілан,"Сніданок та виселення з готелю.
Починаємо день із оглядової прогулянки Будапештом з місцевим жителем-гідом. Колоритні вулички, Рибальський бастіон, вид на Дунай і Парламент. Завершуємо на Центральному ринковому залі: тут є що скуштувати з угорської кухні й знайти небанальні сувеніри.
Далі — вільний час у місті. Заглядай у дворики, прогуляйся вздовж Дунаю, насолодись келихом угорського вина.
Або маємо ще одну рекомендацію. Як щодо відпочинку у купальнях? Уяви: тепла водичка, історичні басейни та атмосфера, яка переносить тебе у інший час.
Увечері запрошуємо на прогулянку корабликом по Дунаю. Парламент у вечірньому підсвічуванні, безлімітне просекко та гарна компанія поруч. Вартість прогулянки: 35€.
Нічний переїзд у Рим.
Усі допки не обов'язкові, і ти самостійно вирішуєш, відвідувати їх чи ні.",802
https://eurotrips.ua/neapol-rim/,Південна Італія,3,Рим,прибуття в рим; прогулянка; район Трастевере; вільний час; ніч в готелі; Тур у Італію,"Сніданок у дорозі та прибуття у Рим.
Розпочнемо з оглядової прогулянки з місцевим жителем. Доторкнемось до Колізею, побачимо Вітторіано, Римський Форум та Капітолійську площу — місця, де, за легендою, виник Рим.
Після обіду та заселення в готель даємо тобі час на сієсту.
Увечері — прогулянка з місцевим жителем районом Трастевере. Знамениті апельсинові сади, міст до острова Тиберина посеред річки Тібр, найстаріше єврейське гетто і смачні зупинки по дорозі — морозиво та піца Трапіцціно гарантовані. Вартість: 25€.
Вільний час у Трастевере.
Ніч у готелі.
Усі допки не обов'язкові, і ти самостійно вирішуєш, відвідувати їх чи ні.",630
https://eurotrips.ua/neapol-rim/,Південна Італія,4,Неаполь | Помпеї,прибуття в неаполь; вільний час; прогулянка у помпеї; ніч у готелі; Тур у Неаполь,"Сніданок та виселення із готелю.
Наступна зупинка — Неаполь. Тут вже чекає місцевий житель-гід, який покаже справжнє обличчя міста. Забудь про хаотичний Неаполь — ти побачиш його зовсім іншим. Будемо гуляти вузькими вуличками історичного центру, де на кожному кроці — справжня піца, ароматна кава та галасливі місцеві мешканці.
У вільний час запрошуємо у Помпеї, одне з найбільших археологічних чудес світу. Разом із місцевим жителем-гідом прогуляємося вулицями, якими ходили давні римляни. Заглянемо у їхні будинки, побачимо крамниці та таверни. А ще –– послухаємо найцікавіші факти та історії про життя міста. Вартість поїздки у Помпеї: 55€ (включно з квитком в археологічний парк).
Повернення в Неаполь. Вільний час у місті.
Ніч у готелі.
Усі допки не обов'язкові, і ти самостійно вирішуєш, відвідувати їх чи ні.",815
https://eurotrips.ua/neapol-rim/,Південна Італія,5,Неаполь / Амальфі / Позітано,вільний час; круїз до Амальфі; подорож в Позітано; ніч в готелі; Тур на озеро Капрі,"Сніданок у готелі.
Вільний день у Неаполі. Хочеш більш спокійного відпочинку — гуляй вузькими вуличками, заглядай у маленькі тратторії, пробуй піцу там, де її вигадали.
Або запрошуємо в круїз Амальфітанським узбережжям. Попливемо вздовж скель і містечок, які ніби зависли над морем, зупинятимемось у найкрасивіших локаціях та зробимо кадри, які ще довго стоятимуть у тебе на заставці. Вартість: 65€ (у вартість включені трансфер, кораблик та супровід турлідера).
Маємо сьогодні ще одну допку — Позітано, легендарне містечко Амальфітанського узбережжя, де кольорові будиночки підіймаються просто по скелях, а внизу гойдаються рибальські човни. Тут хочеться просто гуляти вузькими вуличками, ловити морський вітер і робити фото на кожному кроці. Вартість: 25€ (у вартість входять кораблик та супровід турлідера).
Повернення у Неаполь. Ніч у готелі.
Усі допки не обов'язкові, і ти самостійно вирішуєш, відвідувати їх чи ні.",920
https://eurotrips.ua/neapol-rim/,Південна Італія,6,Неаполь | острів Капрі,вільний день в неаполі; острів Капрі; виїзд з неаполя; ніч у готелі,"Сніданок у готелі.
Вільний день у Неаполі.
Сьогодні можна залишитися досліджувати Неаполь або вирушити з нами на Капрі — острів, який давно став символом півдня Італії. Саме тут відпочивають світові знаменитості, а краєвиди виглядають так, ніби їх спеціально створили для кіно.
На нас чекають кришталево чиста вода, скелі, що виростають просто з моря, і панорами, від яких складно відірвати погляд. Під час морської прогулянки побачимо знамениту Арку Марміка, вілли на узбережжі та найкрасивіші точки острова з води.
А далі — час загубитися серед вузьких вуличок Капрі. Тут дизайнерські бутіки перетинаються із античними руїнами, а маленькі бари з лімончелло — з атмосферними терасами над морем. Вартість: 77€.
Виїзд з Неаполя. Ніч у готелі по маршруту.
Усі допки не обов'язкові, і ти самостійно вирішуєш, відвідувати їх чи ні.",827
https://eurotrips.ua/neapol-rim/,Південна Італія,7,Венеція,прибуття у Венецію; круїз Гранд каналом; подорож на о. Бурано; вільний час; нічний переїзд; Поїздка у Бурано,"Сніданок у готелі та виселення.
Приїжджаємо у Венецію. Під час дороги до Сан-Марко гід розповідає про місто — його історію і теперішнє. Вартість трансферу до Сан-Марко: 30€.
Вільний час у місті.
Є кілька допок на вибір. Круїз на водному таксі Гранд Каналом — пливемо головною вулицею міста, де палаци виростають прямо з води. Вартість: 35€.
Поїздка на острів Бурано — різнокольорові будиночки, тихі дворики і кожна стіна як готовий кадр для твоїх соцмереж. Вартість: 40€.
Ввечері — вільний час і фінальна вечеря.
Виїзд до Львова.
Усі допки не обов'язкові. Ти самостійно вирішуєш, відвідувати їх чи ні.",601
https://eurotrips.ua/neapol-rim/,Південна Італія,8,Львів,повернення додому; планування наступної подорожі разом,"Прибуття до Львова орієнтовно о 22:00. Ділимося емоціями та плануємо наступну поїздку разом :)
Якщо тобі треба підказати, як краще дістатись точки збору з твого міста і назад — просто скажи про це нашому менеджеру. * Ціни на додаткові активності можуть незначно змінюватися в залежності від сезону або інших незалежних від нас обставин. ** Час прибуття до Львова — орієнтовний, не рекомендуємо купувати квитки на зворотний потяг.",429
https://eurotrips.ua/piknik-v-alpah-halshtat/,Пікнік в Альпах + Гальштат,1,Львів | Будапешт,збір групи; знайомство; ігри в автобусі; нічний переїзд в Зальцбург; тур в Альпи; тур в Австрію; тур в гори,"12:00 — збір групи.  13:00 — виїзд зі Львова.
Наша пригода починається! Комфортабельний автобус з відмінною музикою, фільмами і компанією — це тільки початок. Пам'ятай, як зустрінеш подорож, так її і проведеш.
Крім вражень від Австрії, на тебе чекають нові знайомства, повне перезавантаження всіх внутрішніх батарейок та свобода для здійснення особистих бажань. Іноді, щоб вирішити всі свої питання, достатньо просто відправитись в подорож. Так і зробимо.
Нічний переїзд до Зальцбурга через Будапешт.
Оскільки через воєнний стан багато людей опинились в різних країнах, ми індивідуально підкажемо кожному як приєднатись до туру (з України чи з-за кордону).
Потяги наразі можуть затримуватись. Рекомендуємо планувати прибуття до місця відправлення щонайменше за 10 годин, а в ідеалі — за добу до старту туру.",807
https://eurotrips.ua/piknik-v-alpah-halshtat/,Пікнік в Альпах + Гальштат,2,Зальцбург,Прибуття в Зальцбург; оглядова від локала; найкрасивіші оглядові майданчики; традиційна вечеря в Августінері; вільний час; ніч у готелі; тур в Зальцбург,"Прокидаємось — за вікном вже Австрія.
Знайомство з містом починається зоглядової прогулянки з місцевим жителем-гідом. Головна торгова вулиця старого міста Гетрайдегассе, сади Мірабель і будинок, де народився Моцарт. Зальцбург — місто, де класична музика і гірське повітря існують поруч.
Заселення в готель після 14:00. Пересуваємось на громадському транспорті.
У вільний час рекомендуємо поїхати в Ангар-7.Унікальний музей з колекцією історичних літаків компанії Flying Bulls («дочки» Red Bull). Відчинено щодня з 9:00 до 22:00.
За бажанням запрошуємо на прогулянку найкрасивішими оглядовими майданчиками міста з гідом-локалом. На заході сонця Зальцбург закохує в себе остаточно. Вартість: 25€.
Увечері збираємось на вечерю в Августінері — одному з найстаріших пивних залів міста. Краще місця, щоб відчути австрійську атмосферу, важко придумати.
Усі додаткові активності (далі — допки) не обов'язкові. Ти самостійно вирішуєш, відвідувати їх чи ні.
Ніч у готелі.",961
https://eurotrips.ua/piknik-v-alpah-halshtat/,Пікнік в Альпах + Гальштат,3,Зальцбург / Гальштат,вільний день у Зальцбурзі; поїздка в Гальштат; пікнік всією #eurotripsfamily; соляна шахта; вільний час у Гальштаті; Нічний переїзд до Львова; Гальштат тур,"Сніданок і виселення з готелю.
Вільний день у Зальцбурзі — або їдемо до Гальштата.
Вирушаємо в Долину Зальцкаммергут — місце, де розташовано 76 озер з водою настільки чистою, що її можна пити. Зупиняємось у Гальштаті — крихітному містечку з населенням менше тисячі людей на березі гірського озера. Іграшкові будиночки, лебеді на воді і хмари, що відбиваються в озері.
Цілий день тут: прогулянки вузькими вуличками, фотозупинки, невеличкий водоспад на околиці, відпочинок біля озера, крамнички з сувенірами і кафе з виглядом на воду. Гальштат невеликий — але часу тут завжди не вистачає.
А потім — влаштуємо пікнік з неймовірним краєвидом на Альпи. Вино, смаколики, власна музика і хороша компанія поруч. Те, що зараз так необхідно.
Вартість поїздки: 45€.
За бажанням пропонуємо спуститись у соляну шахту. Вартість: 40€. У вартість допки входить: екскурсія шахтою та підйом на гору Celtic Adventure Mountain (з кельтським селом Salina та соляною мануфактурою).
Екскурсія триває 1,5 години. Весь візит (включаючи Celtic Adventure Mountain) займає приблизно 2,5 години. Англомовний супроводжуючий.
Виїзд до Зальцбургу за рештою групи.
Збір групи. Нічний переїзд до Львова через Будапешт.
Усі допки не обов'язкові, і ти самостійно вирішуєш, відвідувати їх чи ні.",1258
https://eurotrips.ua/piknik-v-alpah-halshtat/,Пікнік в Альпах + Гальштат,4,Будапешт | Львів,приїзд у Львів; теплі обійми; планування наступної подорожі; повернення додому; Тур в Гальштат; подорож у гори,"Прибуття до Львова (через Будапешт) орієнтовно о 18:00. Ділимося емоціями і плануємо наступну поїздку разом :)
Якщо тобі треба підказати, як краще дістатись точки збору з твого міста і назад — просто скажи про це нашому менеджеру. * Ціни на додаткові активності можуть незначно змінюватися в залежності від сезону або інших незалежних від нас обставин. ** Час прибуття до Львова — орієнтовний, не рекомендуємо купувати квитки на зворотний потяг.",445
https://eurotrips.ua/budapesht-vena-praga/,Прага-Відень-Будапешт,1,Львів / Краків,переїзд у Краків,"Відкладемо трохи роботу, статус задач та дедлайни? Давай відкривати нові грані себе у компанії однодумців – тут можеш бути собою. Разом будемо гуляти локаціями, пити каву у модних кав’ярнях та пиво з локалами у топових барах.
Вмощуйся зручніше в автобусі, наш тріп починається.
Першою зупинкою в нас буде Краків. Разом з нашим локалом вирушаємо досліджувати місто — відвідаємо не лише туристичні, але й інсайдерські місця та дізнаємося секрети цього колоритного міста.
Переїзд в готель та ночівля.
*Так як через військовий стан багато людей опинились в різних країнах, ми індивідуально підкажемо кожному як приєднатись до туру (з України чи з-за кордону).
Усі додаткові активності не обов'язкові, і ти самостійно вирішуєш, відвідувати їх чи ні.",744
https://eurotrips.ua/budapesht-vena-praga/,Прага-Відень-Будапешт,2,Прага,Оглядова прогулянка; Празький Град; оглядова прогулянка; вільний час; ніч в готелі,"Сніданок та виселення з готелю.
Переїзд до Праги.
Нас зустрічає місцевий житель, який покаже найцікавіші і найромантичніші місця Праги. Ми почуємо історії, якими дихають вулички, побачимо оригінальні музеї, унікальні паби і кафешки - дізнаємося, як місто стало таким, як воно є зараз.
Тепер саме час підкріпитися. Тільки давай не робити це у першому-ліпшому фастфуді. Краще влаштуємо обід на кораблику по Влтаві, насолоджуючись видом на місто з води. Шум хвиль, вітер у волоссі, смачна їжа і келих за нашу подорож. Вартість обіду на кораблику - 40 євро.
Після обіду вирушаємо досліджувати вайб Праги, насолоджуйся кожною миттю!
Також рекомендуємо відвідати Празький Град, який вважається найбільшою у світі королівською резиденцією. Ти побачиш: Королівське місто Градчани, резиденцію Президента Чехії, найбільший палац світу, пивоварню 13 століття і 5 найкращих оглядових майданчиків міста. Вартість – 20 євро.
Переїзд до готелю.
Ніч в готелі.",943
https://eurotrips.ua/budapesht-vena-praga/,Прага-Відень-Будапешт,3,Відень/Братислава,Прибуття до Відня; оглядова прогулянка; переїзд до Будапешту,"Сніданок в готелі та виселення.
Вперед до Відня! Локал вже чекає на нас, щоб показати найкрутіші місця австрійської столиці. Побачимо імператорські палаци, величний собор св. Стефана та Віденську оперу. Затим доповнимо прогулянку мистецтвом! Прогуляємося Музейним кварталом, де креатив та естетика на кожному кроці. А ще наш гід поділиться інсайдерською інфою – де шукати найсмачніший шніцель та справжній Захер.
А тепер — ще більше Європи за один день! Рушаємо до Братислави — компактної, атмосферної столиці Словаччини. Під час прогулянки старим містом побачимо Братиславський Град, затишні вулички, старовинні площі та набережну Дунаю з панорамними краєвидами. Це місто підкорює своєю легкістю, шармом і неспішною атмосферою. Вартість поїздки  40 €.
Переїзд до Будапешту.
Ночівля в готелі.",792
https://eurotrips.ua/budapesht-vena-praga/,Прага-Відень-Будапешт,4,Будапешт/Сентендре,Дорога до дому; заїзд у Краків; міцні обійми; планування майбутньої подорожі разом; Прибуття до Львова,"Сніданок в готелі та виселення.
Зранку всі разом вирушаємо на оглядову прогулянку від нашого місцевого жителя. Будапешт – місто мостів і тепла, місто, яке по праву носить горде звання «перлина Дунаю». Ти зможеш прогулятися затишними вуличками, побачити і доторкнутися до Будайської фортеці, відчути себе королем чи королевою, гордо пройшовшись біля Королівського Палацу.
А після Будапешта — коротка поїздка до чарівного містечка Сентендре. Це місто відоме своїм пастельним фасадом будинків, вузькими вуличками та мистецькою атмосферою. Тут можна помилуватися галереями, сувенірними крамницями та традиційними кафе, і відчути справжню угорську провінційну магію всього за кілька кілометрів від столиці. А ще родзинкою Сентендре є музей марципанів. Вартість 20 євро.
Після насиченого дня пропонуємо побачити Будапешт з води та поплавати по Дунаю на кораблику з безлімітним ігристим, що стане прекрасним завершенням туру. Вартість - 35 євро (ігристе входить у вартість).
Виїзд в Україну.
Нічний переїзд.",1000
https://eurotrips.ua/budapesht-vena-praga/,Прага-Відень-Будапешт,5,Львів,Дорога до дому; міцні обійми; планування майбутньої подорожі разом; Прибуття до Львова,"Прибуття у Львів орієнтовно о 12:00.
Час пролетів непомітно, але кожен момент цього вікенду ми прожили на повну. Тур вихідного дня до Будапешта та Відня став ще однією яскравою подорожжю, наповненою емоціями, новими відкриттями та теплими знайомствами. Обіймаємося з новими друзями й уже починаємо планувати наступні тріпи разом. Адже подорожі — один із найефективніших способів подбати про ментальне перезавантаження.
До зустрічі у нових мандрівках!
* Ціни на екскурсії можуть незначно змінюватися, в залежності від сезону або інших незалежних від нас обставин.
** Час прибуття у Львів – орієнтовно, ми не рекомендуємо купувати квитки на зворотний потяг.
Хочете поїхати в тур своєю групою? Деталі по груповим запитам - тут",723
https://eurotrips.ua/rimskie-kanikulyi/,Римські канікули,1,Львів / Будапешт,збір групи; переїзд у сторону Верони; Тур в Рим,"12:00 — збір групи у Львові. 13:00 — виїзд зі Львова.
Наша пригода починається.
Зручно розміщуйся в автобусі, знайомся з новими людьми і налаштовуйся на враження попереду. Крім Італії, на тебе чекають знайомства з цікавою компанією, повне перезавантаження і свобода для власних бажань. Іноді, щоб вирішити всі свої питання, достатньо просто відправитись у тур.
Так і зробимо.
Переїзд у бік Верони через Будапешт.
Оскільки через воєнний стан багато людей опинились в різних країнах, ми індивідуально підкажемо кожному як приєднатись до туру (з України чи з-за кордону).
Потяги наразі можуть затримуватись. Рекомендуємо планувати прибуття до місця відправлення щонайменше за 10 годин, а в ідеалі — за добу до старту туру.",719
https://eurotrips.ua/rimskie-kanikulyi/,Римські канікули,2,Верона,ЗАСЕЛЕННЯ В ГОТЕЛЬ; Італійська вечеря; НІЧ У ГОТЕЛІ; романтична прогулянка; Автобусний тур в Рим,"Сніданок по дорозі. Ранкове прибуття до Верони.
Заселення в готель у другій половині дня.
Починаємо з оглядової прогулянки містом з місцевим жителем. Середньовічні вулички, де колись ходив Данте, місця любовної історії Ромео і Джульєтти, стародавня Римська Арена, де досі проводять вистави та концерти.
Вільний час у Вероні.
Для тих, хто хоче більшого — прогулянка «Шляхами Ромео і Джульєтти» з місцевим жителем. Нетипові місця міста, реальні історії кохання, таємні послання на стінах старовинних палаців. Вартість: 20€.
Увечері збираємось на традиційну італійську вечерю: знайомимось за келихом апероля, справжньою піцою та пастою.
Ніч у готелі.
Усі додаткові активності (далі — допки) не обов'язкові. Ти самостійно вирішуєш, відвідувати їх чи ні.",749
https://eurotrips.ua/rimskie-kanikulyi/,Римські канікули,3,Рим,вільний день; прогулянка районом Трастевере; винна дегустація,"Сніданок у дорозі та виселення з готелю у Вероні.
Прибуваємо до Риму. Оглядова прогулянка з місцевим жителем. Доторкнемось до Колізею, побачимо Вітторіано, Римський Форум та Капітолійську площу — місця, де, за легендою, виник Рим.
Пересуваємось містом на громадському транспорті (оплачується самостійно).
Вільний час у Римі.
Увечері — прогулянка з місцевим жителем районом Трастевере. Знамениті апельсинові сади, міст до острова Тиберина посеред річки Тібр, найстаріше єврейське гетто і смачні зупинки по дорозі — морозиво та піца Трапіцціно гарантовані. Вартість: 25€.
Вільний час у Трастевере.
Заселення в готель. Ніч у готелі.
Усі допки не обов'язкові. Ти самостійно вирішуєш, відвідувати їх чи ні.",701
https://eurotrips.ua/rimskie-kanikulyi/,Римські канікули,4,Рим / Ватикан,найменша країна світу; резиденція Папи Римського; вільний день у Римі; тур в Італію,"Сніданок у готелі і виселення.
Вільний день у Римі.
Пропонуємо пікнік на березі Тірренського моря. Вино, смаколики, власна музика, розмови і справжня dolce vita під відкритим небом. Вартість: 35€.
На дати жовтня замість пікніку — майстер-клас з приготування італійської піци. Разом з місцевим кухарем і україномовним перекладачем готуємо піцу, а після — куштуємо її з келихом вина. Вартість: 55€.
Також пропонуємо прогулятися Ватиканом — найменшою країною світу і головним священним місцем для католиків. Собор Святого Петра і Сікстинська капела. Нова країна на твоїй мапі. Вартість: 35€ + вхідний квиток.
Ніч у готелі по маршруту.
Усі допки не обов'язкові. Ти самостійно вирішуєш, відвідувати їх чи ні.",703
https://eurotrips.ua/rimskie-kanikulyi/,Римські канікули,5,Венеція,прогулянка на водному таксі; освіжаючий апероль та піца,"Ранній сніданок і виселення з готелю.
Переїзд до Венеції. Вільний день у місті.
Пересування на громадському транспорті. Трансфер до острівної частини — 30€ (включає громадський транспорт і кораблик).
Близько 150 каналів, 409 мостів — і місцевий житель, який навчить у всьому цьому орієнтуватись і розкаже найцікавіше про місто під час оглядової прогулянки.
Для тих, хто хоче відчути Венецію з води — прогулянка на водному таксі вузькими каналами повз середньовічні будинки. Вартість: 35€.
Увечері — вечірка на кораблику навколо островів Венеції. Дві години на воді, ігристе включено. Вартість: 35€.
Нічний переїзд до Львова через Будапешт.
Усі допки не обов'язкові. Ти самостійно вирішуєш, відвідувати їх чи ні.",711
https://eurotrips.ua/rimskie-kanikulyi/,Римські канікули,6,Будапешт / Львів,приїзд у Львів; повернення додому; автобусний тур в Італію,"По дорозі — розмови про найяскравіші моменти і плани на наступні подорожі.
Орієнтовне прибуття до Львова — 23:00.
Якщо тобі треба підказати, як краще дістатись точки збору з твого міста і назад — просто скажи про це нашому менеджеру.
Час прибуття до Львова — орієнтовний. Не рекомендуємо купувати квитки на зворотний потяг завчасно.
Ціни на додаткові активності можуть незначно змінюватися залежно від сезону або інших обставин.",428
https://eurotrips.ua/rizdvo-i-novyj-rik-u-krakovi-bez-nichnyh/,Різдвяний вікенд у Кракові БЕЗ НІЧНИХ,1,Львів / Краків,збір групи у Львові; виїзд в Краків; прогулянка з локалом,"06:00 Збір групи у Львові/ 06:30 Виїзд зі Львова
Вітаємо в подорожі! Попереду – омріяний вікенд у Кракові, святкова атмосфера та багато теплих моментів. Складай валізу в автобус, вмощуйся зручніше і знайомся з новими друзями.
Прибуваємо у Краків та відразу йдемо знайомитися із містом разом із локалом. У цей період воно виглядає особливо казково. Тож не ховай далеко телефон — тут буквально кожен куток може стати фотозоною. Під час прогулянки побачимо легендарного Дракона — символ Кракова, готичний Маріацький костел, Вавельський замок, один із найстаріших університетів Європи та ще багато цікавого. І все це під захопливі розповіді місцевого, який занурить нас у польський вайб минулого та сучасності.
Казімєж — це район, де Краків живе не за туристичним розкладом, а на повну. Барчики з атмосферою, вінтажні кав’ярні, стріт-арт і музика з кожного кута — тут легко зависнути на кілька годин. Ідеальне місце, щоб відчути творчу, нічну й трохи бунтарську душу міста. (Вартість - 20 євро).
Ніч у готелі.
*Так як через військовий стан всі опинилась в різних країнах, ми індивідуально підкажемо кожному як приєднатись до туру (з України чи з-за кордону).",1154
https://eurotrips.ua/rizdvo-i-novyj-rik-u-krakovi-bez-nichnyh/,Різдвяний вікенд у Кракові БЕЗ НІЧНИХ,2,Краків | Закопане,вільний день у Кракові; поїздка в Закопане; термальні купальні,"Сніданок у готелі.
Вільний день у Кракові. Можеш самостійно вирушити на прогулянку містом, блукаючи середньовічними вулицями, досліджуючи автентичні кав’ярні та заглядаючи у костели.
Як щодо того, аби вирушити у зимову казку та буквально переміститися у живу різдвяну листівку? Поїхали в Закопане! Дерев’яні будиночки, святковий декор, запах кориці у гірському повітрі – те, що треба для новорічного настрою. В голові крутиться пісня про “the most wonderful time of the year”, а довкола – неймовірні панорами. Для більшого вау-ефекту піднімемося на фунікулері на Голубалівку, влаштуємо фотосесію та видихнемо всю напругу минулого року! Вартість: дорослий — 35 євро / діти до 11,99 років — 19 євро.
Після активного дня у горах саме час для повного релаксу у термальних купальнях. Поплаваємо у басейнах просто неба в оточенні засніжених гір. Тепло, спокій, очищення від зайвих думок. Відновлюємо сили та готуємося до нових вражень! Вартість: дорослий — 15 євро / діти до 11,99 років — 10 євро + вхідний квиток оплачується додатково.
Давай влаштуємо Secret Santa у святковому турі! Що ти любиш більше: отримувати подарунки чи дарувати? Будемо дуже вдячні, якщо ти заздалегідь підготуєш маленький презент, який отримає хтось із твого гурту. Більш детальну інформацію тобі розповість наш менеджер та супроводжуючий.
Усі допки не обов'язкові, і ти самостійно вирішуєш, відвідувати їх чи ні.
Ніч в готелі",1397
https://eurotrips.ua/rizdvo-i-novyj-rik-u-krakovi-bez-nichnyh/,Різдвяний вікенд у Кракові БЕЗ НІЧНИХ,3,Краків | Львів,копальня Велічка; ферма альпа; повернення додому,"Сніданок в готелі та виселення.
Можеш продовжити гуляти Краковом самостійно. Як варіант – піднятися на Вавельську вежу та побачити місто з висоти або пройтися стильним Казімєжем, заходячи у вінтажні лавки та галереї.
За новими враженнями поїхали в соляну копальню Велічка. Такого ти ще ніде не бачив: підземні лабіринти, величні зали та навіть цілі церкви, вирізані з солі! Ми ніби перенесемося в інший вимір та відчуємо себе героями фентезі, що вирушили на місію глибоко під землю. Вартість – 25 євро + вхідний квиток.
Оголошуємо час милоти та їдемо на ферму альпак. Зможемо погодувати, наобійматися та зробити десяток фото із цими пухнастими тваринками. Цей досвід подарує тобі купу позитиву! Вартість – дорослий - 35 євро / діти до 11,99 років - 25 євро.
Усі допки не обов'язкові, і ти самостійно вирішуєш, відвідувати їх чи ні.
Сповнені натхнення та нових спогадів, повертаємося додому. Обмінюємося фото та соцмережами, виставляємо контент і плануємо нові подорожі!
Орієнтовний час прибуття у Львів – 00:00.
Якщо тобі треба підказати, як краще дістатись точки збору з твого міста і назад — просто скажи про це нашому менеджеру.
*Ціни на екскурсії можуть незначно змінюватися, в залежності від сезону або інших не залежних від нас обставин.
** Час прибуття до Львова — орієнтовний, не рекомендуємо купувати квитки на зворотний потяг.",1336
https://eurotrips.ua/skandinaviya/,Скандинавія + Язик Троля,1,Львів | Польща,ЗУСТРІЧ ГРУПИ; ЗНАЙОМСТВО; НІЧНИЙ ПЕРЕЇЗД,"День 1. Львів / Польща
06:00 — збір групи.  06:30 — виїзд зі Львова.
Наша пригода починається.
Зручно розміщуйся в автобусі, знайомся з новими людьми і налаштовуйся на нові враження. Попереду — дика природа, епічні краєвиди, фіорди і місця, які ти бачив лише на фото. Це подорож для тих, хто хоче більше, ніж просто міста: гори, океан, тумани над водою і ті самі кадри, які не потребують фільтрів.
За швидкого проходження кордону зупиняємось у Варшаві. Прогулянка з місцевим жителем: атмосферні вулички Старого міста, Ринкова площа, Королівський замок і приховані дворики. Місто, де історія і сучасна міська енергія існують поруч. Вартість: 15€.
Усі додаткові активності (далі — допки) не обов'язкові. Ти самостійно вирішуєш, відвідувати їх чи ні.
Заселення в готель і відпочинок після дороги.
Оскільки через воєнний стан багато людей опинились в різних країнах, ми індивідуально підкажемо кожному як приєднатись до туру (з України чи з-за кордону).
Потяги наразі можуть затримуватись. Рекомендуємо планувати прибуття до місця відправлення щонайменше за 10 годин, а в ідеалі — за добу до старту туру.",1100
https://eurotrips.ua/skandinaviya/,Скандинавія + Язик Троля,2,Гданськ / Ніч на поромі,ГДАНСЬК; МОРСЬКИЙ ХАРАКТЕР; ПРОГУЛЯНКА З ЛОКАЛОМ; МАЛЬБОРК; ВІЛЬНИЙ ЧАС,"Сніданок у готелі та виселення.
Вирушаємо до Гданська — міста з морським характером, яскравими фасадами і тією атмосферою, коли хочеться просто ходити і роздивлятись. Прогулянка з гідом-локалом: цікаві історії, легенди і локації, про які знають лише місцеві.
Далі обираєш формат дня: залишитись у Гданську для неспішних прогулянок набережною і кав'ярень — або поїхати до Мальборка, найбільшого цегляного замку Європи. Масштаби вражають, а фото виглядають як кадри з фільму. Вартість поїздки: 30€ + вхідний квиток.
Після переїжджаємо до Гдині — портового міста і нашого входу в морську частину пригоди. Сідаємо на пором, заселяємось у чотиримісні каюти і виходимо в море.
Засинаємо під шум хвиль.
Усі допки не обов'язкові. Ти самостійно вирішуєш, відвідувати їх чи ні.",767
https://eurotrips.ua/skandinaviya/,Скандинавія + Язик Троля,3,"Шведський спокій, данський шарм і дорога на фіорди",МАЛЬМЕ; СКАНДИНАВСЬКА АТМОСФЕРА; ПРОГУЛЯНКА З ЛОКАЛОМ; КОПЕНГАГЕН; НАБЕРЕЖНА; ВІЛЬНИЙ ЧАС; НІЧНИЙ ПЕРЕЇЗД,"Ранок починається зі сніданку на поромі (входить у вартість) — кава в руках, море за бортом.
Після прибуття до Карскруни, Швеція зустрічає спокоєм і водою. Вирушаємо до Мальме — міста, де старі вулички гармонійно поєднуються з сучасною архітектурою. Прогулянка з гідом-локалом: улюблені місця місцевих і справжня скандинавська атмосфера.
Далі обираєш: залишитись у Мальме для неспішного відпочинку на набережній — або поїхати до Копенгагена.
Перетнемо міст Ересунн між Швецією і Данією — і це вже сама по собі пригода. Конструкція починається як звичайна естакада над водою, а потім просто зникає: посередині переходить у підводний тунель під морським дном. Між ними — невеликий штучний острів, який залишили природі. Їдеш і не одразу розумієш, що вже в іншій країні.
Копенгаген зустрічає різнокольоровими фасадами району Нюгавн, вузькими каналами і тією особливою данською легкістю, яку тут називають hygge. Прогулянка біля Русалоньки, набережна з кав'ярнями і відчуття міста, де людям, здається, просто добре живеться. Вартість: 30€ / діти до 12 років 20€.
Увечері — виїзд у напрямку Бергена. Нічна дорога, фільми і розмови до засинання.
Нічний переїзд.
Усі допки не обов'язкові. Ти самостійно вирішуєш, відвідувати їх чи ні.",1227
https://eurotrips.ua/skandinaviya/,Скандинавія + Язик Троля,4,Водоспад Вурінгфоссен / Берген,Водоспад Вурінгфоссен; Берген; рибний ринок Фіскеторгет,"Перша зупинка — водоспад Вурінгфоссен. Один із найвідоміших водоспадів Норвегії: висота, драматичні скелі навколо і панорами фіордів. Місце, де відчуваєш справжню силу природи.
Прибуваємо до Бергена — міста яскравих будиночків на набережній, затишної гавані і гір, що буквально оточують місто з усіх боків. Прогулянка з місцевим жителем-гідом: вузькі вулички, атмосферні ринки, історія ганзейського Бергена і місця, які не знайдеш у путівнику.
У вільний час — рибний ринок Фіскеторгет із понад 800-річною історією. Свіжі морепродукти, кольорові човни і неймовірні фото на фоні порту.
Захід сонця — на вершині гори Флойен. Кілька хвилин на фунікулері Флейбанен — і перед тобою панорама Бергена і фіордів.
Ніч у готелі.",717
https://eurotrips.ua/skandinaviya/,Скандинавія + Язик Троля,5,Флом / Фіорди,ФІОРДИ; ГОРИ; НОРВЕЗЬКА ПРИРОДА; ПЕЙЗАЖІ,"Сніданок у готелі та виселення.
Сьогодні — поїздка до Флому. Високі гори, водоспади, туман над фіордами і пейзажі, які виглядають як з листівки. Тут хочеться просто сповільнитись і дивитись навколо. Кожен поворот дороги — новий краєвид. Вартість: 50€ / діти до 12 років 40€.
За бажанням — оглядовий майданчик Стегастейн на висоті 650 метрів над Аурландсфьорд. Глибокі фіорди, круті гори і кришталево чиста вода внизу. Вартість: 35€ / діти до 12 років 25€.
Повернення до Бергена. Переїзд у готель по маршруту.
Ніч у готелі.
Усі допки не обов'язкові. Ти самостійно вирішуєш, відвідувати їх чи ні.",594
https://eurotrips.ua/skandinaviya/,Скандинавія + Язик Троля,6,Язик Троля,ПРИГОДИ; ХАЙКІНГ; ЯЗИК ТРОЛЯ; НОРВЕЗЬКА ПРИРОДА,"Сніданок і виселення.
Переїзд до Одди — воріт до легендарного треку.
Сьогодні — підйом на Язик Троля. Круті гори, чисте повітря і гірські озера, які місцеві називають «тролячими котлами». Стежка піднімається на висоту 872 метри — і що вище, то більше розумієш, навіщо сюди їдуть з усього світу.
Фінальний відрізок іде вздовж крутого схилу, де внизу — фіорд, а навколо — тільки скелі і небо. На самій вершині виступає горизонтальна кам'яна плита над прірвою — той самий Язик. Стоїш на ньому і дивишся вниз з висоти пташиного польоту. Підйом займає близько 5 годин — але кожен крок того вартий. Вартість: 60€ (підйом потребує хорошої фізичної підготовки).
Для тих, хто не йде на підйом — вільний час в автентичному норвезькому селищі.
Після насиченого дня — переїзд у готель по маршруту.
Ніч у готелі.
Усі допки не обов'язкові. Ти самостійно вирішуєш, відвідувати їх чи ні.",871
https://eurotrips.ua/skandinaviya/,Скандинавія + Язик Троля,7,Осло,ОСЛО; ПРОГУЛЯНКА З ЛОКАЛОМ; GRÜNERLØKKA; ВУЛИЦЯ INGENS GATE; МИСТЕЦЬКІ КУТОЧКИ; MATHALLEN; ВУЛИЧНА ЇЖА; ВІЛЬНИЙ ЧАС,"Сніданок у готелі і виїзд до Осло.
Коротка автобусна прогулянка містом — відчути ритм столиці і оглянути головні точки.
Після обіду — прогулянка з місцевим жителем районом Грюнерльокка. Це богемне серце Осло: колишній робітничий район, який перетворився на місце з найкращими кав'ярнями міста, вінтажними крамницями, графіті і молодими художниками. Тут мешкають музиканти, дизайнери і ті, хто свідомо оминає туристичні маршрути. Вулички з характером, мистецькі куточки і справжнє життя Осло без туристичного глянцю. Обідаємо на ринку вуличної їжі Матхален Осло — вершковий рибний суп і скандинавські смаколики. Вартість: 15€.
Переїзд у готель по маршруту.
Ніч у готелі.
Усі допки не обов'язкові. Ти самостійно вирішуєш, відвідувати їх чи ні.",741
https://eurotrips.ua/skandinaviya/,Скандинавія + Язик Троля,8,Стокгольм / Ніч на поромі,СТОКГОЛЬМ; АРХІТЕКТУРА; НОРДИЧНА ПРИРОДА; КАВ’ЯРНІ; ФОТОСЕСІЯ,"Сніданок в готелі і виселення.
Переїзд до Стокгольма — міста островів, мостів і чарівних набережних. Автобусна прогулянка з фотозупинками: старовинні вулички, сучасна архітектура і краєвиди, що просяться в кадр.
Далі — Стокгольмське метро. Підземна галерея, де на кожній станції оживає мистецтво: яскраві мурали, скульптури й інсталяції від відомих шведських художників. Вартість: 25€ / діти до 12 років 15€.
Переїзд у порт, заселення в чотиримісні каюти.
Ніч у каютах.
Усі допки не обов'язкові. Ти самостійно вирішуєш, відвідувати їх чи ні.",541
https://eurotrips.ua/skandinaviya/,Скандинавія + Язик Троля,9,Рига / Юрмала,РИГА; СТАРЕ МІСТО; ВІЛЬНИЙ ЧАС; КУЛЬТУРА; ПРОГУЛЯНКА,"Прибуття до Латвії. Сніданок на поромі за додаткову плату.
Переїзд до Риги — місцевий житель-гід зустрічає нас і проводить прогулянку старим містом.
Після — Юрмала. Завершуємо тур на березі Балтійського моря: морське повітря, свіжий бриз і пікнік на узбережжі разом із усією компанією. Вартість: 20€ / діти до 12 років 15€.
Нічний переїзд до України.
Усі допки не обов'язкові. Ти самостійно вирішуєш, відвідувати їх чи ні.",422
https://eurotrips.ua/skandinaviya/,Скандинавія + Язик Троля,10,Польща | Львів,Повернення у львів; обіймаємось; плануємо нову спільну подорож,"По дорозі — розмови про найяскравіші моменти і плани на наступні подорожі.
Орієнтовне прибуття до Львова — 16:00.
Час прибуття до Львова — орієнтовний. Не рекомендуємо купувати квитки на зворотний потяг завчасно.
Якщо треба підказати, як краще дістатись точки збору з твого міста і назад — просто скажи про це нашому менеджеру.
Ціни на додаткові активності можуть незначно змінюватися залежно від сезону або інших обставин.",423
https://eurotrips.ua/sonce-more-barselona/,Сонце Море Барселона,1,Львів — старт подорожі,Переїзд; зустріч групи; знайомство; переїзд до Угорщини; початок подорожі.,"06:00 — збір групи у Львові.  06:30 — виїзд зі Львова.
Сідаємо в автобус — і подорож починається.
Логістика, маршрут, організація — все на нас. Твоє завдання сьогодні одне: розслабитись, познайомитись із компанією і відчути той особливий настрій старту.
Якщо кордон пройдемо швидко — заїжджаємо у винний регіон Токай. Старовинні винні підвали, дегустація шести видів токайських вин і традиційний гуляш. Гарний початок для тих, хто любить відкривати нове по дорозі. Вартість: 27€.
Увечері — готель, відпочинок після дороги.
Ніч у готелі.
Усі додаткові активності (далі — допки) не обов'язкові. Ти самостійно вирішуєш, відвідувати їх чи ні.
Оскільки через воєнний стан багато людей опинились в різних країнах, ми індивідуально підкажемо кожному як приєднатись до туру (з України чи з-за кордону).
Потяги наразі можуть затримуватись. Рекомендуємо планувати прибуття до місця відправлення щонайменше за 10 годин, а в ідеалі — за добу до старту туру.",945
https://eurotrips.ua/sonce-more-barselona/,Сонце Море Барселона,2,Лідо-ді-Єзоло / Венеція,Лідо ді Єзоло; Венеція; відпочинок біля моря; морська подорож; канали Венеції; прогулянка містом; водне таксі; фотосесія Бурано; нічний переїзд,"Сьогодні море і місто — на вибір.
Хочеш відпочити після дороги — курорт Лідо-ді-Єзоло чекає: сонце, пісок, солоне повітря і повна свобода. Бери купальник і йди до моря.
Для тих, хто хоче додаткових активностей — їдемо до Венеції. Канали, старовинні мости, вузькі вулички, Гранд-канал. Місто, яке виглядає неможливим — і при цьому існує. Прогулянка, кораблик, Палац Дожів. Вартість: 50€ / діти 35€.
Для тих, хто хоче відчути місто з води — поїздка на водному таксі Гранд-каналом. Вартість: 35€.
Після Венеції — Бурано. Острів із різнокольоровими будинками, тихими вуличками і атмосферою маленького італійського містечка. Тут не потрібно поспішати — тільки роздивлятися і фотографувати кожний будиночок. Вартість: 35€.
Після насиченого дня повертаємось на узбережжя і вирушаємо в нічний переїзд до Іспанії.
Нічний переїзд.
Усі допки не обов'язкові. Ти самостійно вирішуєш, відвідувати їх чи ні.",892
https://eurotrips.ua/sonce-more-barselona/,Сонце Море Барселона,3,Перший день на узбережжі — Калелья,Калелья; відпочинок на морі; релакс; прогулянка містом; пляж; сангрія; перший день в Іспанії,"Перший день на іспанському узбережжі.
Заселяємось у Hotel President 3* — комфортні номери, доглянута територія і басейн. Залишаємо речі і йдемо на пляж. Золотистий пісок, прозоре Середземне море, легкий вітерець. Перше купання, перша засмага — і відчуття, що відпустка нарешті почалась.
Увечері — вечеря в готелі і прогулянка містом. Вузькі вулички, кафе з ароматною кавою, перші каталонські смаколики і запах моря.
Твоя іспанська історія щойно почалася.
Ніч у готелі.
Усі допки не обов'язкові. Ти самостійно вирішуєш, відвідувати їх чи ні.",540
https://eurotrips.ua/sonce-more-barselona/,Сонце Море Барселона,4,Калелья / Барселона,Барселона; Готичний квартал; парк Ґюель; мистецтво; архітектура; прогулянка містом; культурна подорож; екскурсія; море; відпочинок,"Вільний день на морі — або Барселона.
Хочеш провести день у своєму темпі — пляж, сонце, легкий бриз Середземного моря. А якщо тягне до нових вражень — їдемо до Барселони. Вартість поїздки: 30€.
Прогулянка Готичним кварталом: вузькі вулички, старовинні фасади, затишні кав'ярні і справжній ритм міста. Тут легко забути про час. Вартість: 20€.
Далі — світ Антоні Гауді. Химерні лінії, кольорові мозаїки, архітектура, яка виглядає живою. Парк Ґюель та інші роботи генія, який змінив обличчя міста. Вартість: 25€ + вхідний квиток.
Повернення до Калельї, вечеря, вечірня прогулянка.
Ніч у готелі.
Усі допки не обов'язкові. Ти самостійно вирішуєш, відвідувати їх чи ні.",663
https://eurotrips.ua/sonce-more-barselona/,Сонце Море Барселона,5,Калелья / Андорра,Андорра; гори; шопінг; гірські пейзажі; фотозони; активний відпочинок; каталонське сонце,"День на пляжі — або поїздка в Андорру.
Маленька країна в горах із неймовірними краєвидами, свіжим гірським повітрям і центром, де приємно просто гуляти. Місцеві смаколики, сувеніри, гірська атмосфера.
Зовсім інша Іспанія за один день. Вартість: 50€ / діти 40€.
Після гірських вражень повертаємось до Калельї.
АБО запрошуємо дослідити таємні бухти Коста Брави. Одноденна подорож найкрасивішим узбережжям Каталонії: білі рибальські містечка, бірюзові бухти та середземноморські панорами.
Починаємо в Calella de Palafrugell — атмосферне містечко з човнами та білосніжними будиночками. Для бажаючих — легкий хайкінг до дикої бухта El Golfet з соснами та скелями над морем. Потім середньовічна перлина Tossa del Mar з фортецею біля води. Завершуємо в Lloret de Mar — море і найкращі краєвиди узбережжя. Ідеальний маршрут для фото, моря та справжнього вайбу Коста Брави. Вартість: 45€ / діти 35€.
Ніч у готелі.
Усі допки не обов'язкові. Ти самостійно вирішуєш, відвідувати їх чи ні.",976
https://eurotrips.ua/sonce-more-barselona/,Сонце Море Барселона,6,Калелья / Монсеррат,Монсеррат; гори; панорами; канатна дорога; прогулянка на природі; фотозони; релакс; краєвиди; Каталонія,"Сьогодні трохи змінюємо темп.
Вирушаємо до Монсеррату — місця, яке виглядає так, ніби його намалював художник у найсміливіших фантазіях. Химерні скелі, монастир на висоті, краєвиди, від яких перехоплює подих. Тут хочеться просто стояти і дивитись. Вартість: 40€ / діти 30€ + вхідний квиток.
Для тих, хто хоче більше — прогулянка стежками серед скель і оглядових майданчиків. Гірське повітря, відчуття простору і кадри, які важко зробити деінде.
Після дня повертаємось до Калельї.
Для бажаючих відчути вайб вечірньої Барселони пропонуємо трансфер в місто. Вартість: 30€ / діти 20€.
Ніч у готелі.
Усі допки не обов'язкові. Ти самостійно вирішуєш, відвідувати їх чи ні.",666
https://eurotrips.ua/sonce-more-barselona/,Сонце Море Барселона,7,Калелья / Фігерас і Жирона,Figueres; Girona; сюрреалізм; старовинне місто; мистецтво; музей Сальвадора Далі; середньовічні вулиці; подорож Іспанією,"Подвійна порція вражень.
Спочатку — Фігерас. Місто, де мистецтво перетворюється на інший вимір. Музей великого сюрреаліста Сальвадора Далі дивує: незвичайні інсталяції, роботи, що змушують поглянути на світ інакше. Тут хочеться спостерігати, фотографувати і сміятися від здивування.
Після — Жирона. Середньовічне місто з вузькими кам'яними вуличками, старовинними мостами над річкою і різнокольоровими будинками на берегах. Легко загубитися — і при цьому відчути себе на своєму місці. Вартість поїздки: 45€ / діти 35€ + вхідний квиток.
Вечір — вечеря і відпочинок у готелі.
Ніч у готелі.
Усі допки не обов'язкові. Ти самостійно вирішуєш, відвідувати їх чи ні.",659
https://eurotrips.ua/sonce-more-barselona/,Сонце Море Барселона,8,Калелья / Ніцца і Монако,Ніцца; Монако; Французька Рив’єра; набережна; море,"Сніданок у Калельї — і вирушаємо у Французьку Рив'єру.
Перша зупинка — Ніцца. Місто зустрічає легким вітерцем, шумом хвиль і запахом моря. Прогулянка з місцевим жителем відкриває справжній ритм узбережжя: набережна, затишні кафе, яскраві будинки. Тут хочеться просто ходити і відчувати.
Далі — Монако. Маленьке і дуже яскраве: блискучі яхти, вузькі вулички, аристократична атмосфера. Зовсім інший світ за кілька кілометрів від Ніцци. Вартість: 40€ / діти 30€.
Після цього дня вирушаємо до Італії — готель і заслужений відпочинок.
Ніч у готелі.
Усі допки не обов'язкові. Ти самостійно вирішуєш, відвідувати їх чи ні.",615
https://eurotrips.ua/sonce-more-barselona/,Сонце Море Барселона,9,Озеро Гарда і Верона,озеро Гарда; Верона; старовинні фортеці; канали; романтика Італії; нічний переїзд,"Снідаємо і їдемо до південного берега озера Гарда.
Перша зупинка — Пескʼєра-дель-Гарда. Стара фортеця обіймає місто мурованими стінами, канали і вузькі вулички створюють атмосферу, в якій легко забути про час. Вода, тиша, неспішний ритм.
Для тих, хто хоче романтики — їдемо до Верони. Вузькі вулички, кольорові будинки, легендарний амфітеатр і балкон Джульєтти. Справжня північна Італія в одному місті. Вартість: 45€ / діти 35€.
Після насиченого дня сідаємо в автобус і вирушаємо додому.
Нічний переїзд.
Усі допки не обов'язкові. Ти самостійно вирішуєш, відвідувати їх чи ні.",575
https://eurotrips.ua/sonce-more-barselona/,Сонце Море Барселона,10,Львів,Обійми; планування нової наступної подорожі,"По дорозі — розмови про найяскравіші моменти і плани на наступні подорожі.
Орієнтовне прибуття до Львова — 23:00.
Час прибуття до Львова — орієнтовний. Не рекомендуємо купувати квитки на зворотний потяг завчасно.
Ціни на додаткові активності можуть незначно змінюватися залежно від сезону або інших обставин.",308
https://eurotrips.ua/sonyachna-grecziya-asteris/,Сонячна Греція: Asteris Village,1,Львів/Київ,зустріч групи; знайомство; подорож до Греції; Тур в Грецію,"06:00 — збір групи у Львові
06:30 — виїзд зі Львова
06:00 — збір групи у Києві
06:30— виїзд із Києва
Вирушаємо на Егейське узбережжя. Попереду — релакс на морі, грецька кухня і 7 ночей в одному готелі без постійних зборів валіз.
Зручно розміщуйся в автобусі та знайомся з компанією. Логістика, маршрут, готель — усе на нас.
Наступний тиждень проведемо в Asteris Village — сімейному готелі з великим садом із цитрусовими деревами на півострові Халкідікі. Басейн із баром, ресторан, дитячий майданчик і 10 хвилини пішки до піщаного пляжу Трикорфо.
Якщо шукаєш молодіжну атмосферу — маємо готель Simeon Hotel.
Оскільки через воєнний стан багато людей опинились в різних країнах, ми індивідуально підкажемо кожному як приєднатись до туру (з України чи з-за кордону).
До групи можна приєднатись у Києві, Львові, Івано-Франківську, Умані, Одесі, Ізмаїлі та Чернівцях. Якщо зручніше доєднатись у Європі або дістатися самостійно — повідом нас, і ми допоможемо підібрати маршрут.
Потяги наразі можуть затримуватись. Рекомендуємо планувати прибуття до місця відправлення щонайменше за 10 годин, а в ідеалі — за добу до старту туру.
Більше почитати про курорт Халкідіки можна у нашій статті.",1180
https://eurotrips.ua/sonyachna-grecziya-asteris/,Сонячна Греція: Asteris Village,2,Греція,поселення в готель; відпочинок на морі; знайомство в стилі #eurotripsfamily; Відпочинок Греція,"Ще трохи в дорозі — і ми на місці.
З кожним кілометром пейзаж змінюється: смарагдове море, оливкові плантації, аромат соснових лісів. Халкідікі зустрічає ще до того, як виходиш з автобуса.
Заселяємось в Asteris Village, відпочиваємо в номерах і вирушаємо на море.
Увечері збираємось разом: зустрічаємо захід сонця і ділимось очікуваннями від тижня попереду.
Ніч у готелі.",371
https://eurotrips.ua/sonyachna-grecziya-asteris/,Сонячна Греція: Asteris Village,3,Греція / Афітос і Каллітея,вільний день на морі; Афітос і Каллітея; Греція відпочинок на морі,"Вільний день на морі.
Сьогодні вирушаємо до двох різних куточків Халкідіки.
Афітос — невелике село з кам'яними вуличками та панорамами на Егейське море. Тут можна прогулятись, скуштувати місцеві страви і відчути спокійний ритм грецького побуту.
Каллітея — курортне місто з просторим пляжем із прозорою водою і білим піском. Купаємось, відпочиваємо, насолоджуємось морем.
Бо в Греції головне — відчувати, а не поспішати. Вартість поїздки — дорослий 25€, діти до 11,99 — 20€.
Ніч у готелі.
Усі допки не обов'язкові. Ти самостійно вирішуєш, відвідувати їх чи ні.
Усі додаткові активності (далі — допки) не обов'язкові. Ти самостійно вирішуєш, відвідувати їх чи ні.",661
https://eurotrips.ua/sonyachna-grecziya-asteris/,Сонячна Греція: Asteris Village,4,Греція / Салоніки,вільний день на морі; подорож у Салоніки; скуштуємо вуличну їжу; Аквапарк; Греція тур,"Вільний день на морі.
Хочеш продовжити засмагати? Вперед!
Для тих, хто хоче поєднати пляж із містом — їдемо до Салонік. Друге за розміром місто Греції поєднує античну спадщину, візантійську архітектуру і живу вечірню атмосферу біля моря.
Прогулянка містом: вузькі вулички, атмосферні дворики, кав'ярні з виглядом на море. Зупиняємось біля Білої вежі для фото на згадку, влаштовуємо шопінг та заходимо на фермерський ринок зі спеціями, фетою та гіросом. Вартість поїздки — дорослий 35€, діти до 11,99 — 25€.
Далі — гастрономічна прогулянка з локалом: секретна таверна, про яку знають тільки місцеві, і автентичні грецькі закуски. Вартість — 40€.
Для тих, хто хоче провести день активніше, — аквапарк біля Салонік. Вартість поїздки — 20€ + вхідний квиток 22€.
Ніч у готелі.
Усі допки не обов'язкові. Ти самостійно вирішуєш, відвідувати їх чи ні.",843
https://eurotrips.ua/sonyachna-grecziya-asteris/,Сонячна Греція: Asteris Village,5,Морський круїз,Круїз по Егейському узбережжю; справжнє грецьке барбекю; спільна вечеря,"Вільний день на морі.
Сьогодні — морський круїз.
Відпливаємо до пляжу Робінсон — дикого берега, до якого не добратись суходолом. Далі — зупинка в одній із бухт Блакитної лагуни: купання просто з борту, відпочинок, час без поспіху.
Обід включений. Вартість круїзу — 50€. Бар на борту оплачується окремо.
Ніч у готелі.
Усі допки не обов'язкові. Ти самостійно вирішуєш, відвідувати їх чи ні.",388
https://eurotrips.ua/sonyachna-grecziya-asteris/,Сонячна Греція: Asteris Village,6,Олімп,Вільний день на морі; місцева виноробня; дегустація ункальних вин; ПІДЙОМ НА ОЛІМП,"День на морі.
Сьогодні зануримося у грецькі легенди, смак і пригоди. Ні на що не натякаємо, але ми буквально у країні, де бог Діоніс навчив людей виноробству. Тож поїхали на дегустацію вина!
Разом із місцевим виноробом пройдемося музеєм виноробні і виноградниками, де під сонцем достигають соковиті грона. Потім побачимо весь процес – від збору до витримки.
І кульмінація — дегустація 5 унікальних грецьких вин, кожне зі своєю історією. Обирай фаворита і не забудь купити пару пляшок друзям — вони точно будуть у захваті. Вартість — 35€.
А потім — прямуємо до Олімпу. Піднімемось на оглядовий майданчик, прогуляємось гірським селом Святого Пантелеймона та робимо зупинку біля водоспаду у підніжжя гори. Кажуть, там вмивався сам Зевс. І бонус — плантація ківі, де можна спробувати свіжі фрукти прямо з дерева. Вартість поїздки — дорослий 49€, діти до 11,99 — 35€.
Ніч у готелі.
Усі допки не обов'язкові. Ти самостійно вирішуєш, відвідувати їх чи ні.",948
https://eurotrips.ua/sonyachna-grecziya-asteris/,Сонячна Греція: Asteris Village,7,Греція,ПОЇЗДКА У МЕТЕОРИ,"Вільний день на морі або
Поїздка до Метеори — одного з найбільш вражаючих місць усієї Греції. Гігантські скелі, на вершинах яких століттями стоять монастирі, ніби завислі між небом і землею. Дорога серпантинами, панорамні оглядові майданчики, краєвиди, які виглядають нереально навіть наживо. Це саме те місце, після якого карта пам’яті в телефоні закінчується швидше, ніж сили захоплюватись.
Метеори входять до списку спадщини ЮНЕСКО і вважаються одним із справжніх чудес Греції. Тут тихо, велично і трохи магічно.
Вартість поїздки — дорослий 75€, діти до 11,99 — 60€.
Ніч у готелі.
Усі допки не обов'язкові. Ти самостійно вирішуєш, відвідувати їх чи ні.",655
https://eurotrips.ua/sonyachna-grecziya-asteris/,Сонячна Греція: Asteris Village,8,Греція,відпочинок на узбережжі; незвідані пляжі Сітонії; Тур до Греції,"Сьогодні — день для відпочинку та досліджень. Можна провести час на пляжі біля готелю або вирушити з нами до незвіданих пляжів Сітонії.
Бухти зі скелями, білим піском і чистою водою — місця, які місцеві вважають обов'язковими для відвідування.
Не забудь купальник, сонцезахисний крем і, звісно, телефон. Фото тут виходять такі, що соцмережі потім вибухають лайками.
Завершуємо день пікніком на березі: грецькі страви, вино і хороша компанія. Вартість поїздки — дорослий 35€, діти до 11,99 — 25€.
Ніч у готелі.
Усі додаткові активності (далі — допки) не обов'язкові. Ти самостійно вирішуєш, відвідувати їх чи ні.",611
https://eurotrips.ua/sonyachna-grecziya-asteris/,Сонячна Греція: Asteris Village,9,Греція,останній день на морі; Повернення додому; Тур в Грецію 2026,"Останній день подорожі. Ще одна прогулянка узбережжям, ранкова кава з виглядом на море.
Після сніданку на нас чекає автобус — повертаємось додому.
10:30 — виїжджаємо з курорту.
Нічний переїзд у Львів / Київ — в залежності від дати.
Усі допки не обов'язкові. Ти самостійно вирішуєш, відвідувати їх чи ні.",303
https://eurotrips.ua/sonyachna-grecziya-asteris/,Сонячна Греція: Asteris Village,10,Львів/Київ,Обійми; планування нової подорожі з #eurotripsfamily; Відпочинок в Греції для українців,"Грецька подорож добігає кінця. Обіймаємося, обмінюємося контактами і домовляємось про наступні зустрічі.
Орієнтовне прибуття до Львова — 18:00 (для дат із прибуттям у Львів). Орієнтовне прибуття до Києва — 20:00 (для дат із прибуттям у Київ).
*Час прибуття до Львова / Києва — орієнтовний. Не рекомендуємо купувати квитки на зворотний потяг завчасно.
**Ціни на додаткові активності можуть незначно змінюватися залежно від сезону або інших обставин.",448
https://eurotrips.ua/stambul/,Стамбул,1,Львів,збір групи; знайомство; нічний переїзд; Тур у Стамбул,"Збір групи у Львові — 06:00. Виїзд — 06:30.
Попереду — місто, яке живе одночасно в Європі та Азії. Гранд Базар, протока Босфор і панорами, які важко вмістити в один кадр.
Займай місце в автобусі, знайомся з групою і відпочивай у дорозі.
Нічний переїзд.
Оскільки через воєнний стан багато людей опинились в різних країнах, ми індивідуально підкажемо кожному як приєднатись до туру (з України чи з-за кордону).
Потяги наразі можуть затримуватися. Рекомендуємо планувати прибуття до місця відправлення щонайменше за 10 годин, а в ідеалі — за добу до старту.
У виїздах квітня–травня місто прикрашають мільйони тюльпанів — саме в цей час проходить Istanbul Tulip Festival. Весняний настрій і яскраві фото серед квітів гарантовані.",725
https://eurotrips.ua/stambul/,Стамбул,2,Стамбул,прибуття в стамбул; оглядовка з локалом; круїз Босфором; вечірній Стамбул; ніч в готелі; Поїздка у Стамбул,"Сніданок у дорозі. Прибуття до Стамбула.
Місто зустрічає нас разом з локалом. Починаємо з культурної програми: Блакитна мечеть, палац Топкапи, Гранд Базар. А потім — райони, де кипить справжнє місцеве життя: маленькі кав'ярні з чаєм, ринок зі свіжою рибою, ввечері — нарди у дворику.
Заселення в готель.
Після відпочинку — допка Сулейманіє. Грандіозна мечеть султана Сулеймана, історії про кохання, владу й інтриги Османської імперії та панорами Стамбула з оглядового майданчика. Вартість допки — 15€.
Ввечері — круїз Босфором. Старовинні будинки і сучасні хмарочоси з води, мармуровий палац Долмабахче, де жили останні султани, традиційна вечеря з напоями і шоу-програма — все під шум хвиль і супровід чайок. Вартість допки — 55€.
Ніч у готелі.
Усі додаткові активності (далі — допки) не обов'язкові. Ти самостійно вирішуєш, відвідувати їх чи ні.",847
https://eurotrips.ua/stambul/,Стамбул,3,Стамбул,Таксім; Істікляль; Галатська вежа; Каракьой; Балат; Долмабахче; нічний Стамбул; вільний час; ніч у готелі; Тур у Туреччину,"Сніданок у готелі.
Сьогодні — живий, стильний і справжній Стамбул. Починаємо з площі Таксім, проходимо легендарною вулицею Істікляль — музика, аромат кави, історія на кожному кроці — і виходимо до Галатської вежі. Вартість допки — 25€.
Далі вільний час. Стамбул більший за Лондон і Париж разом узяті, тому вуличками тут можна блукати дуже довго. Район Каракьой з найкращими кав'ярнями міста і турецькою випічкою, район Балат з кольоровими будиночками і затишними кафе — або традиційний турецький хамам для повного занурення.
Є кілька допок на вибір. Палац Долмабахче — розкіш і європейський шик Османської імперії на березі Босфору: вражаючі інтер'єри, найбільша кришталева люстра світу і розповідь про останні роки султанів. Вартість — 20€ + вхідний квиток.
У квітні–травні є окрема поїздка до Emirgan Park на Istanbul Tulip Festival: 117 гектарів парку, понад 2 мільйони тюльпанів і панорами Босфору. Вартість трансферу — 15€.
Ввечері — допка «Нічний Стамбул». Локал покаже місто після заходу сонця — місця, про які не пишуть у туристичних гайдах. Вартість — 30€.
Ніч у готелі.
Усі додаткові активності (далі — допки) не обов'язкові. Ти самостійно вирішуєш, відвідувати їх чи ні.",1181
https://eurotrips.ua/stambul/,Стамбул,4,Стамбул,Принцеві острови; Бююкада; пішохідні прогулянки; фото; пікнік; відпочинок; нічний переїзд,"Сніданок у готелі. Виселення.
Останній день у місті проводимо на Принцевих островах — за 30 хвилин від Стамбула і в зовсім іншому ритмі. Тиша, море, соснові пагорби.
Їдемо на Бююкада — найвідоміший острів архіпелагу. Тут немає автомобілів: тільки вузькі вулички, історичні вілли та морські краєвиди. Хороше місце для прогулянки, пікніку і «просто зупинитися». Вартість — 45€ (пором включено).
Нічний переїзд.
Усі додаткові активності (далі — допки) не обов'язкові. Ти самостійно вирішуєш, відвідувати їх чи ні.",510
https://eurotrips.ua/stambul/,Стамбул,5,Львів,повернення додому; планування наступних подорожей разом,"Прибуття до Львова орієнтовно о 23:00.
На шляху додому відбираємо найкращі фото та обговорюємо, куди вирушимо наступного разу.
Якщо тобі треба підказати, як краще дістатись точки збору з твого міста і назад — просто скажи про це нашому менеджеру.
*Ціни на додаткові активності можуть незначно змінюватися залежно від сезону або інших обставин.
**Час прибуття до Львова — орієнтовний. Не рекомендуємо купувати квитки на зворотний потяг завчасно.",444
https://eurotrips.ua/vikend-v-budapeshti-viden/,Вікенд у Будапешті + Відень,1,Львів,виїзд зі Львова; старт подорожі; знайомство в дорозі; нічний переїзд,"Збір групи у Львові — 16:00. Виїзд зі Львова — 17:00.
Закривай ноутбук, вимикай робочі сповіщення. Маршрут до офісу замінять прогулянки містом — попереду два дні у Будапешті та Відні.
Виїжджаємо у бік кордону. Знайомимось із групою в дорозі, відпочиваємо.
Нічний переїзд до Будапешта.
*Оскільки через воєнний стан багато людей перебувають у різних країнах — індивідуально підкажемо кожному, як зручніше приєднатися до туру.
**Потяги наразі можуть затримуватися. Рекомендуємо планувати прибуття до місця відправлення щонайменше за 10 годин, а в ідеалі — за добу до старту.",571
https://eurotrips.ua/vikend-v-budapeshti-viden/,Вікенд у Будапешті + Відень,2,Будапешт,оглядова прогулянка Будапештом; Сентендре; купальні Будапешта; кораблик по Дунаю; нічний Будапешт; Центральний ринок; клуб Fogaś,"Прибуваємо до Будапешта вранці. Ранкова кава, нове місто та відчуття, що попереду цілий день.
Починаємо з оглядової прогулянки з гідом-локалом. Різнокольорові вулички, Рибальський бастіон, вид на Дунай і Парламент. Завершуємо на Центральному ринковому залі: тут є що скуштувати з угорської кухні й знайти небанальні сувеніри.
А після оглядової — коротка поїздка до містечка Сентендре. Відоме своїми пастельними фасадами будинків, вузькими вуличками та мистецькою атмосферою. Тут можна помилуватися галереями, сувенірними крамницями та відчути справжню угорську провінційну магію. Родзинкою Сентендре є музей марципанів. Вартість допки: 35€.
Після заселення в готель — вільний час. Прогулянка вздовж Дунаю, дворики старого міста або будапештські купальні. Тепла вода, простора архітектура, повна відключеність від усього зайвого — один із тих досвідів, який варто відчути особисто.
Ввечері кораблик по Дунаю. Вартість допки: 35€. Парламент у вечірньому підсвічуванні, безлімітне ігристе та гарна компанія поруч. Потім, якщо є настрій, — нічний Будапешт і клуб Fogaś: два поверхи, кілька барів, різна музика.
Ніч у готелі.
Усі додаткові активності (далі — допки) за бажанням. Ти самостійно вирішуєш відвідувати їх чи ні.",1218
https://eurotrips.ua/vikend-v-budapeshti-viden/,Вікенд у Будапешті + Відень,3,Будапешт | Відень,вільний час у Будапешті; переїзд у Відень; оглядова прогулянка Віднем; австрійська кухня; вечірній Відень; нічний переїзд,"Сніданок і виселення з готелю.
Вільний час у Будапешті.
З бажаючими вирушаємо до Відня. Вартість допки: 50€. Австрійська столиця — інший темп і естетика: широкі проспекти, класична архітектура, відчуття виваженості.
Оглядова прогулянка з гідом-локалом: резиденції Габсбургів, собор Святого Стефана, Віденська національна опера, Музейний квартал. Гід покаже, де готують справжній шніцель і торт Захер — не туристичний варіант, а той, що їдять місцеві.
Після прогулянки — вільний час. Відень добре пізнається пішки: кав’ярні, парки, вулиці без поспіху.
Для тих, хто хоче більшого, є вечірній авторський маршрут «Легенди Відня» — містичні історії, ліхтарики й дегустація шнапсу. Вартість допки: 25€.
Повертаємось до Будапешта.
Нічний переїзд у Львів.
Усі допки — за бажанням. Ти самостійно вирішуєш відвідувати їх чи ні.",817
https://eurotrips.ua/vikend-v-budapeshti-viden/,Вікенд у Будапешті + Відень,4,Львів,повернення до Львова; фінал подорожі,"Прибуття у Львів орієнтовно о 16:00.
Чотири дні, два міста, одна компанія. Тепер є що згадати — і є з ким.
*Ціни на додаткові активності можуть незначно змінюватися залежно від сезону та інших обставин.
**Час прибуття до Львова — орієнтовний. Не рекомендуємо купувати квитки на зворотний потяг завчасно.",303
https://eurotrips.ua/transylvaniya-halloween/,Хелловін у Трансильванії + Бухарест,1,Львів,збір групи у Львові; переїзд в Брашов; Тур у Румунію; Тур на вихідні,"06:00 — збір групи у Львові 07:00 — виїзд зі Львова
Наша пригода починається! Комфортабельний автобус з відмінною музикою, фільмами і компанією — це тільки початок. Пам'ятай, як зустрінеш подорож, так її і проведеш.
Крім вражень від Трансильванії, на тебе чекають нові знайомства, повне перезавантаження всіх внутрішніх батарейок та свобода для здійснення особистих бажань. Іноді, щоб вирішити всі свої питання, достатньо просто відправитись в подорож. Так і зробимо.
Прибуття у Брашов та заселення у готель.
Потяги наразі можуть затримуватись. Рекомендуємо планувати прибуття до місця відправлення щонайменше за 10 годин, а в ідеалі — за добу до старту туру.
Оскільки через воєнний стан багато людей опинились в різних країнах, ми індивідуально підкажемо кожному як приєднатись до туру (з України чи з-за кордону).",815
https://eurotrips.ua/transylvaniya-halloween/,Хелловін у Трансильванії + Бухарест,2,Брашов / замок Бран / замок Кантакузіно,Сніданок та виселення; Оглядова екскурсія з локалом; Замок Бран (Дракула); Замок Кантакузіно; Вільний час у Брашові; Хелловін у замку; Вечірній виїзд до Львова; Нічний переїзд,"Сніданок в готелі.
Насолоджуємося ранковою кавою, смакуємо сніданком та запасаємося енергією на активний день. Ми у Брашові — одному з найгарніших міст Трансильванії. На оглядовій прогулянці разом з місцевим гідом пройдемо найвужчою вулицею Румунії, зайдемо до найбільшої готичної церкви Східної Європи, піднімемося на Оглядову вежу і відчуємо темп площі Ради.
У вільний час вирушаємо у замок Бран, відомий якзамок Дракули. Таємні переходи, старовинні кімнати, вежі і легенди, від яких моторошно навіть удень.
Далі — замок Кантакузіно, де знімали серіал Венздей. Відчуємо атмосферу академії Невермор та зробимо фото на впізнаваних локаціях.
Вартість відвідування двох замків: 35€+ вхідні квитки.
Ввечері — вільний час у Брашові. Атмосферні паби, готичні вулички або просто прогулянка нічним містом.
Вечері повернення в готель та ніч в готелі.
Усі додаткові активності (далі — допки) необов’язкові і ти самостійно вирішуєш відвідувати їх чи ні.",943
https://eurotrips.ua/transylvaniya-halloween/,Хелловін у Трансильванії + Бухарест,3,Брашов / Бухарест,Сніданок у готелі; Вільний час у Брашові; Подорож до Бухареста; Прогулянки та кав’ярні; Спільні спогади; Ніч у готелі,"Сніданок та виселення з готелю.
Сьогодні вибір за тобою. Можна залишитися в Брашові — ще є що дослідити, куди зайти і де посидіти з кавою без поспіху.
Інший варіант – поїхати з нами в Бухарест за новими враженнями. Разом із гідом-локалом прогуляємося містом; побачимо величезний Палац Парламенту, найбільшу урядову будівлю Європи; зайдемо в локальні книгарні та кав’ярні. Вартість поїздки: 50€.
Хелловін у замку — 01.11.
Для тих, хто хоче відчути свято там, де легенди справді оживають. З 09:00 до 22:00 — особлива програма: аудіо- та відеоефекти, актори, які з'являються звідусіль, приглушене світло і тематичні декорації у кожній залі. Таємні переходи стають ще темнішими. Старовинні кімнати — ще моторошнішими. Класна можливість побачити легендарний замок у наймістичнішому вигляді та відчути дух свята.
Вечірній виїзд до Львова та нічний переїзд в Україну.
Усі допки не обов'язкові. Ти самостійно вирішуєш, відвідувати їх чи ні.",932
https://eurotrips.ua/transylvaniya-halloween/,Хелловін у Трансильванії + Бухарест,4,Львів,повернення додому; планування наступних подорожей разом,"Прибуття до Львова орієнтовно о 15:00.
Час в дорозі ідеально підходить для того, щоб нарешті запостити весь контент в соцмережі. Щоправда, зі сторіз він зникне за добу, а спогади залишаться на все життя. До нових зустрічей! Впевнені, це станеться зовсім скоро.
*Час прибуття до Львова — орієнтовний. Не рекомендуємо купувати квитки на зворотний потяг завчасно.
**Якщо треба підказати, як краще дістатись точки збору з твого міста і назад — просто скажи про це нашому менеджеру.
***Ціни на додаткові активності можуть незначно змінюватися залежно від сезону або інших обставин",575
https://eurotrips.ua/more-u-chornogoriyi/,Чорногорія: де море торкається гір,1,Львів / Подгориця / Будва,збір групи у Львові; виїзд до моря; автобусна дорога; кава на зупинках; знайомства в автобусі; фільми та музика; передчуття пригод; нічний переїзд,"Фінальна ціна залежить від обраного варіанту харчування і типу розміщення — ти самостійно обираєш, який варіант підходить. Деталі розповість менеджер під час першої розмови.
06:00 — збір групи у Львові. 07:00 — виїзд зі Львова.
Сідаємо в автобус і стартуємо — тури на море в Чорногорію починаються саме з цього моменту, коли розумієш, що вирвався з рутини й їдеш туди, де завжди легше дихається.
Хтось одразу кутається в плед і дрімає, хтось знайомиться із сусідом по сидінню, хтось уже планує, які фотки зробить на пляжі. Попереду ніч у дорозі — з фільмами, перекусами на зупинках і тим відчуттям, що море з кожною годиною стає ближчим.
Оскільки через воєнний стан багато людей опинились в різних країнах, ми індивідуально підкажемо кожному як приєднатись до туру (з України чи з-за кордону).",793
https://eurotrips.ua/more-u-chornogoriyi/,Чорногорія: де море торкається гір,2,Курорт Бечичі,відпочинок на морі; найбільше озеро балканського півострова; прогулянка на кораблику,"Наш день розпочинається вже біля гір, а море буквально за поворотом. Прокидаєшся — і відчуваєш, що все попереду.
Заселяємось у Sky Line Resort, кидаємо речі в номер, вдягаємо купальники і йдемо до моря. Перші кроки на пляжі, перший дотик солоної води — і можна видихнути: ми на морі. Вільний час на курорті.
Увечері запрошуємо на прогулянку до Старої Будви на заході сонця. Вирушаємо з готелю красивою набережною, де нас зустрічає гід-локал з келихом місцевого ігристого. Будва увечері — це вузькі середньовічні вулички, муровані будинки і тераси з виглядом на Адріатику. Момент, коли відчуваєш справжній характер Чорногорії. Вартість — 20€ / діти 10€.
Для тих, хто хоче більше адреналіну — параглайдинг над узбережжям. Вітер у волоссі, неймовірні панорами моря та гір і момент, який залишиться в пам'яті надовго. Маякни турлідеру — він організує індивідуальний графік польоту. Вартість — 85€.
Ніч у готелі.
Усі додаткові активності (далі — допки) не обов’язкові. Ти самостійно вирішуєш, які локації відвідати.",1010
https://eurotrips.ua/more-u-chornogoriyi/,Чорногорія: де море торкається гір,3,Скадарське озеро / Светі-Стефан,ранок біля моря; пляжний релакс; сонце і спокій; Скадарське озеро; човнова прогулянка; латаття на воді; фотостоп Светі-Стефан; інстаграмні локації; гармонія природи; ночівля в готелі,"Ранок — і море вже кличе. Перша половина дня — пляж і сонце.
Після обіду запрошуємо до Скадарського озера — найбільшого озера на Балканах. Тут час ніби сповільнюється: лілії ніжно колишуться на хвилях, човен тихо ковзає водою, а навколо — тиша і краєвиди, від яких не хочеться відривати погляд.
По дорозі — зупинка біля Светі-Стефана. Це невеликий острів-готель, з'єднаний із берегом вузьким перешийком. Середньовічне рибальське селище, перебудоване в розкішний курорт, виглядає так, ніби його спеціально створили для фотографій: червоні дахи, кам'яні будинки і море навколо з усіх боків. Вартість — 55€ / діти 45€.
Ніч у готелі.
Усі допки не обов’язкові. Ти самостійно вирішуєш, які локації відвідати.",702
https://eurotrips.ua/more-u-chornogoriyi/,Чорногорія: де море торкається гір,4,Албанія,басейн чи море; подорож до Албанії; чорногорські серпантини; панорами Адріатики; гірські пейзажі; колоритна Тирана; албанське узбережжя; море після міста; ночівля в готелі,"Прокинулись, потягнулись. Відпочивати біля басейну чи ловити хвилі в морі — обирати тобі.
Ми ж любимо досліджувати, тому пропонуємо знайомство з новою країною — Албанією. Дорога пролягає через мальовничі чорногорські гори й узбережжя Адріатики: гірські дороги відкривають неймовірні краєвиди морських бухт і соснових лісів. Після кордону змінюється все — ландшафт, архітектура, темп.
Тирана, столиця Албанії, зустрічає кольоровими фасадами будинків, широкими проспектами і площами, де з ранку до ночі кипить життя. Місто довго жило за зачиненими дверима — і тепер наздоганяє з власним характером. Тут є що відчути і що сфотографувати.
Після міської прогулянки прямуємо на албанське узбережжя — трохи перепочити і зануритись у море. Вартість — 50€ / діти 40€.
Ніч у готелі.
Усі допки не обов’язкові. Ти самостійно вирішуєш, які локації відвідати.",845
https://eurotrips.ua/more-u-chornogoriyi/,Чорногорія: де море торкається гір,5,Боко-Которська затока,Боко-Которська затока; Пераст і барокова архітектура; острів Госпа од Шкрпела; човнова прогулянка затокою; на воді; устрична ферма; свіжі устриці з видом на гори; старий Котор; середньовічні вулички; середземноморський вайб; вечірній релакс біля моря; ночівля в готелі,"Сьогодні — одна з найкрасивіших локацій Чорногорії.
Боко-Которська затока — це місце, де гори спускаються прямо до моря. Їдемо з місцевим жителем, який покаже ці місця зсередини.
Перша зупинка — Пераст. Невелике містечко з бароковою архітектурою і мощеними набережними, звідки сідаємо на човен і пливемо до острова Госпа од Шкрпєла (Богородиця на Скелі). Цей маленький острів виглядає так, ніби його намалювали для листівки: маленька церква, кам’яні будинки та вода, що переливається всіма відтінками блакиті.
Дорогою до Котора — устрична ферма Бока. Свіжі устриці просто з затоки від 3€ за штуку і краєвиди, які складно описати словами.
Завершуємо день у Которі — старовинному місті з середньовічними стінами та вузькими кам’яними вулицями. Затишні площі, ресторани з місцевими чевапами (маленькі смажені ковбаски ) і кальмарами на грилі на обід.
Вартість — 50€ / діти 40€.
Вечір — у вільному ритмі. Ніч у готелі.
Усі допки не обов’язкові. Ти самостійно вирішуєш, які локації відвідати.",987
https://eurotrips.ua/more-u-chornogoriyi/,Чорногорія: де море торкається гір,6,Каньйон Тара та Дурмітор — Гірське Чорне озеро,гори Чорногорії; панорама Будви; Жабляк і Дурмітор; Чорне озеро; прогулянка сосновим лісом; каньйон Тари; міст Джурджевича; сльоза Європи; гірські краєвиди; єднання з природою; адреналін і релакс; ночівля в готелі,"Чорногорія — це не лише море.
Сьогодні пропонуємо вирушити в гори: каньйони, соснові ліси і гірське озеро на висоті понад 1400 метрів. По дорозі зупиняємось на оглядовому майданчику над Будвою — старе місто, море і гори в одному кадрі.
Далі — національний парк Дурмітор і Чорне озеро. Прогулянка серед соснового лісу та віддзеркалення гір на поверхні озера. Тиша, яку хочеться просто слухати. Можна відпочити на березі або скупатись у прохолодній гірській воді.
Наступна точка — міст Джурджевича.
Бетонні арки висотою понад 170 метрів нависають над каньйоном річки Тара. Дорогою спустимося до самої річки. Тут можна доторкнутися до «сльози Європи» — помочити ноги або навіть швидко скупатися (вода досить прохолодна).  Вартість — 50€ / діти 35€.
Ніч у готелі.
Усі допки не обов’язкові. Ти самостійно вирішуєш, які локації відвідати.",832
https://eurotrips.ua/more-u-chornogoriyi/,Чорногорія: де море торкається гір,7,Дубровник,ранок із видом на море; релакс на терасі; подорож до Дубровника; старе місто та міські мури; мармурові вулиці; адріатичні панорами; морський круїз Адріатикою; вау-ефект з води; вечір повернення з пригодами; ночівля в готелі,"Вільний ранок. Кава, море, свій темп.
Але якщо ти тут за враженнями — дуже радимо поїхати до Дубровника. Перетинаємо кордон із Хорватією, і за кілька кілометрів з'являється старе місто за білими мурами над морем.
З місцевим жителем досліджуємо найатмосферніші закутки, піднімаємось на міські мури з краєвидом на Адріатику і слухаємо історії, які не знайдеш у путівнику. Дубровник — одне з найкраще збережених середньовічних міст Середземномор'я.
Це відчувається на кожному кроці. Вартість — 55€ / діти 45€.
Для тих, хто хоче ще більше — морська прогулянка навколо Дубровника. 45 хвилин на хвилях Адріатики і краєвид старого міста з боку моря. Вартість — 15€.
Повернемось пізно. Але з новими враженнями.
Ніч у готелі.",716
https://eurotrips.ua/more-u-chornogoriyi/,Чорногорія: де море торкається гір,8,Будванська рив’єра,ранок без поспіху; Hawaii Cruise; Будванська рив’єра з моря; пляж Могрен і скелі; острів Святий Миколай; острів-готель Святий Стефан; Королівський пляж; приватний пляж із welcome-drink; рибний обід на борту; море й повний релакс; ночівля в готелі,"Перша половина дня — твоя. Море, сонце, відпочинок.
Після обіду — морська прогулянка вздовж Будванської рив'єри. Сідаємо на кораблик і вирушаємо туди, де береги виглядають зовсім інакше, ніж із суші. Підпливаємо до пляжу Могрен з моря, оминаємо скелі, заглядаємо до невеликої печери. Далі — острів Святий Миколай із дикими скелями, острів-готель Святий Стефан із різних ракурсів і Королівський пляж.
Фінальна точка — приватний пляж, доступний лише з моря.
Для комфорту є лежаки з парасолями, душ і переодягальня. А зустрічають гостей welcome-drink.
Поки відпочиваєш, готується свіжий рибний обід: дорадо або сібас на грилі, спагеті з мідіями, овочі, фрукти і біле вино.
Вартість — 65€ / діти 45€.
Ніч у готелі.
Усі допки не обов’язкові. Ти самостійно вирішуєш, які локації відвідати.",783
https://eurotrips.ua/more-u-chornogoriyi/,Чорногорія: де море торкається гір,9,Монетка в море на прощання,ранкова йога на терасі; шум хвиль і релакс; пляж і море; книга та коктейль біля води; прощання з узбережжям; монетка в море на повернення; теплі спогади; дорога додому; нічний переїзд,"Ранок починаємо з йоги на терасі. Свіже повітря, легкий шум хвиль і момент, який хочеться затримати. Далі — пляж. Купайся, засмагай або просто насолоджуйся моментом з книгою та коктейлем.
Збір речей. Виселення. Обійми. Перед від'їздом — символічна монетка в море, щоб обов'язково повернутися.
16:00 вирушаємо додому — із теплом Чорногорії і хорошими спогадами.",360
https://eurotrips.ua/more-u-chornogoriyi/,Чорногорія: де море торкається гір,10,"Дорога, спогади і повернення до Львова",дорога спогадів; дорога додому,"По дорозі — розмови про найяскравіші моменти і плани на наступні подорожі.
Орієнтовне прибуття до Львова — 23:00.
Час прибуття до Львова — орієнтовний. Не рекомендуємо купувати квитки на зворотний потяг завчасно.
Ціни на додаткові активності можуть незначно змінюватися залежно від сезону або інших обставин.",308
https://eurotrips.ua/switzerland/,Швейцарія,1,Львів,зустріч групи; знайомство; ніч в готелі; Тур у Швейцарію,"6:00 — Збір групи у Львові.
6:30 — Виїзд зі Львова.
Вітаємо у подорожі! Настав час залишити турботи позаду, насолодитися дорогою, пейзажами та передчуттям пригод. Зручно розміщуйся в автобусі, знайомся з новими друзями і налаштовуйся на яскраві враження.
У разі успішного проходження кордону запрошуємо зануритись в угорську атмосферу у винному регіоні Токай. Спустимось у старовинні винні підвали, продегустуємо 6 видів токайських вин і відчуємо настрій неспішного європейського релаксу. А щоб було ще атмосферніше — скуштуємо традиційний ароматний гуляш. Вартість: 27€.
Пропонуємо насолодитись вечірнім Будапештом під час прогулянки корабликом по Дунаю. Парламент у вечірньому підсвічуванні, безлімітне просекко та гарна компанія поруч. Вартість прогулянки: 35€.
Після насиченого дня — пізнє заселення в готель на території Угорщини. Відпочиваємо, заряджаємося енергією для наступних пригод та насолоджуємося першим вечором у Європі.
Ніч у готелі.
Усі додаткові активності (далі — допки) не обов'язкові. Ти самостійно вирішуєш, відвідувати їх чи ні.
Оскільки через воєнний стан багато людей опинились в різних країнах, ми індивідуально підкажемо кожному як приєднатись до туру (з України чи з-за кордону).
Потяги наразі можуть затримуватись. Рекомендуємо планувати прибуття до місця відправлення щонайменше за 10 годин, а в ідеалі — за добу до старту туру.",1358
https://eurotrips.ua/switzerland/,Швейцарія,2,Відень,оглядова прогулянка Віднем; легенди Відня; нічний переїзд; Тур у гори,"Сніданок у готелі та виселення.
Вирушаємо до Відня.
Перша зупинка — палац Шенбрунн, літня резиденція Габсбургів. Розкішні зали, парки і відчуття, що потрапив в інший час. Вартість: 15€ + вхідний квиток.
Далі — оглядова прогулянка з місцевим жителем. Собор Святого Стефана, Віденська національна опера, Музейний квартал. Гід покаже, де у місті готують справжній шніцель і торт Захер — не туристичний варіант, а той, що їдять місцеві.
Увечері — авторська прогулянка «Легенди Відня». Забудь про стандартні екскурсії. Тебе очікують інтерактив, цікаві історії міста та дегустація місцевого шнапсу для настрою. Вартість: 25 євро (дегустація включена).
Нічний переїзд до Цюріха.
Усі допки не обов'язкові. Ти самостійно вирішуєш, відвідувати їх чи ні.",743
https://eurotrips.ua/switzerland/,Швейцарія,3,Цюріх / Люцерн,прогулянка Цюрихом; Рейнський водоспад; відпочинок у Цюриху; ніч в готелі; Поїздка у Швейцарію,"Прокидаємось — за вікном вже Альпи.
Прибуваємо до Цюріха. Оглядовапрогулянка з місцевим жителем: спочатку сучасне місто з його особливим ритмом і достатком, потім — старе місто з вузькими вуличками, зеленими парками і крамничками зі швейцарським шоколадом та сирами.
Після — їдемо до Люцерна. Найстаріший дерев'яний міст Європи — Каппельбрюкке, середньовічна архітектура і озеро, яке відбиває гори. Люцерн невеликий, але саме тому залишає таке сильне враження. Вартість: 35€.
Переїзд та заселення в готель біля Цюриха. Невеликий відпочинок.
Ніч у готелі.
Усі допки не обов'язкові. Ти самостійно вирішуєш, відвідувати їх чи ні.",626
https://eurotrips.ua/switzerland/,Швейцарія,4,Берн / Інтерлакен / Гріндельвальд,прогулянка з місцевим жителем; поїздка в Інтерлакен; ніч в готелі; Поїздка у гори,"Сніданок у готелі. Вирушаємо до Берна.
Оглядова прогулянка з місцевим жителем столицею Швейцарії: годинникова вежа Цитглогге, Бернський собор і мальовничі вулички старого міста. Тут добре просто ходити і дивитись.
Після обіду — Інтерлакен. Місто між двома озерами в оточенні гір. Прогулянка з виглядом на Юнгфрау і відпочинок біля води. Вартість: 30€.
Далі — Гріндельвальд. Один із найкрасивіших альпійських курортів країни: зелені долини, гірські краєвиди, льодовики і відчуття, що потрапив на листівку. Вартість: 30€.
За гарної погоди у вільний час — маршрут First Cliff Walk by Tissot. Підвісний міст і оглядові майданчики з краєвидами Альп, які важко описати словами. Дістатись можна канатною дорогою Grindelwald First. Вартість канатної дороги: близько 90€ залежно від сезону. Деталі: https://www.jungfrau.ch/en-gb/grindelwaldfirst/
Ніч у готелі.
Усі допки не обов'язкові. Ти самостійно вирішуєш, відвідувати їх чи ні.",923
https://eurotrips.ua/switzerland/,Швейцарія,5,Рейнський водоспад,Рейнський водоспад; оглядові майданчики; фото на фоні водоспаду; прогулянка; переїзд до Праги,"Сніданок у готелі та виселення.
07:30 — для бажаючих трансфер у Базель. Вартість: 20€.",86