URL,Назва туру,Маршрут (міста),Кількість днів,Виїзд з / Найближча дата,Входить у вартість,Додатково оплачується,Допки (за бажанням),Особливості туру,Базова ціна (€),Стара ціна (€),Статус парсингу,Дата парсингу
https://adriatic-travel.com.ua/tour/cheski-perlyny-4-nochi-v-prazi-drezden,«Чеські перлини: 4 ночі в Празі + Дрезден»,"Краків, Прага, Чеський Крумлов, Карлові Вари, Дрезден, Кутна Гора",5,"Львів, Тарнув, Краків, Катовіце, Оломоуц, Брно, Прага",Проїзд автобусом єврокласу; Супровід керівником групи; Проживання по маршруту: 4 ночі у готелі 3*; Харчування - сніданки; Оглядова екскурсія по Празі; Страхування,"Проїзд в громадському транспорті; Факультативні екскурсії; Вхідні квитки в екскурсійні об'єкти; Особисті витрати (обіди, вечері, та інше); City tax - 3€ з особи/доба; Обов'язкова доплата за оренду радіоприймача з навушниками для екскурсій - 2€/день (оплачується керівнику групи); Послуга ""Місце Priority"" - 10€/особа (Замовляється при бронюванні туру. Обирається місце з 5 по 12); Послуга ""Одномісне розміщення"" - 110€ (доплата до вартості туру); Послуга ""Останній ряд"" - знижка 10€ від вартості туру при виборі місця в останньому ряді автобуса.; Послуга ""Для наречених пар"" - знижка 5% від вартості туру для тих хто нещодавно побрався (забронювати тур не пізніше 30 днів з дати розпису).; Послуга ""Додаткове вільне місце біля себе"" - 75% до вартості туру.; Послуга ""Подарунок на день народження"" . - Даруємо 1 безкоштовну факультативну екскурсію в турі на вибір Туроператора (вартість екскурсії не перевищуватиме 20€. Обрати екскурсію можливо лише з того переліку, який надасть Туроператор вже в турі). - Подарункова екскурсія надається лише у разі, якщо день народження туриста припадає безпосередньо на дати туру.; Послуга ""Організованим групам"" Детальні умови по бронюванню організованих груп дивіться у розділі: організованим групам Увага! Для груп більш як 40 осіб, необхідно писати індивідуальний запит - детальні умови; Послуга ""Сімейна подорож"" - знижки для дітей* (дана послуга не розповсюджується на бронювання туристичних послуг для організованих груп): Детальні умови по знижках на дітей дивіться у розділі: акції; Правила проведення екскурсійного туру.",,"Автобусний тур на 5 днів , без нічних переїздів : ранковий виїзд зі Львова, нічне повернення до Львова (в залежності від проходження кордону).; Відвідаємо такі казкові міста Європи: Дрезден, Краків, Майсен, Прага, Карлові Вари, Кутна Гора, Чеський Крумлов Подорож до столиці Саксонії – унікальна нагода побачити рідкісні зразки європейської культурної спадщини, а також родзинку Саксонську Швейцарію . В цьому турі матимемо нагоду провести 3 чудових дні в Празі . Прогуляєомсь Старим Містом, яке вважається одним з найкрасивіших історичних центрів у Європі. Тут можна знайти архітектурні пам'ятки різних епох, включаючи Празький Орлій, Празький Град, Карлів міст , а також численні церкви та палаці. Матимемо нагоду відвідати Празький Град - це найбільший середньовічний замок у світі, який є резиденцією чеського президента. Він включає в себе палац короля і церкву Святого Віта , які є прикладами величної готичної архітектури. Побачимо Карлів міст - славетний пішохідний міст, який з'єднує Старе Місто і район Мала Страна . Він відомий своїми бароковими статуями та видами на річку Влтаву . Кулінарні враження: чеська кухня пропонує багато національних страв, які варто спробувати, такі як традиційна свиняча рулька, та пиво, оскільки Чехія відома своєю багатою пивоварнею. В Дрездені матимемо можливість відвідати Дрезденську галерею , або Галерею старих майстрів . А ще за 40 хв від Дрездена завітаємо до містечка Мейсен . В ході екскурсії ми побуваємо біля грандіозного готичного кафедрального собору, біля середньовічного замку Альбрехстбург , пройдемося по ринковій площі і відвідаємо сувенірні крамнички. Познайомимось з таємничим прикордонним районом Богемії й Саксонії , котрий завдяки своїй унікальній природі, чудними скелями, водоспадами, ріками, неймовірними фортецями, оглядовими майданчиками та затишними селами не випадково отримав назву Саксонська Швейцарія .; В Празі також пропонуємо вам цікаву вечірню екскурсію . Ця екскурсія костюмована , цікава, неповторна. Прогуляємось темними вуличками Праги з чарівним екскурсоводом з нічною лампою і цікавими містичними історіями.; Зверніть увагу! У вартість туру включена оглядова екскурсія по Празі; У вартість туру включено проживання в готелях категорії 3-4*.; Детальніше з програмою туру можете ознайомитися в розділі ""Програма туру"" .; Враження від туру інших учасників можете переглянути у розділі ""Відгуки"" .; Фотографії, відео, відгуки можете подивитися в соцмережах: instagram , facebook , telegram .; Графік виїздів, та інформацію про гарантовані автобусні тури до Праги дивіться в календарі на сайті. Якщо у вас виникли запитання, ви можете проконсультуватися з менеджером: натискайте на кнопку ""відправити запит"". Якщо бажаєте придбати тур, натискайте tour_id=1351 , agent_url=/tour/cheski-perlyny-4-nochi-v-prazi-drezden, type=text, title=""Замовити тур"".",252,270,✅ done,"22.06.2026, 11:58:38"
https://adriatic-travel.com.ua/tour/rym-prekrasnyy-zavzhdy#about_tour,"«Рим прекрасний завжди...: 2 дні в Римі + Венеція, Флоренція»","Венеція, Рим, Ватикан, Тіволі, Неаполь, Сорренто, Гаета, Флоренція, Піза",6,"Львів, Стрий, Мукачево, Ужгород, Любляна, Будапешт","Проїзд автобусом єврокласу; Супровід керівником групи; Проживання по маршруту: готель 3*; Харчування - сніданки; Оглядові екскурсії по Флоренції, Риму та Венеції; Страхування","Проїзд в громадському транспорті; Факультативні екскурсії; Вхідні квитки в екскурсійні об'єкти; Особисті витрати (обіди, вечері, та інше); City tax - від 3€/доба/особи (місцевий податок, оплачується керівнику групи за вимоги готелю); Обов'язкова доплата за оренду радіоприймача з навушниками для екскурсій - 2€/день (оплачується керівнику групи); Послуга ""Місце Priority"" - 15€/особа (Замовляється при бронюванні туру. Обирається місце з 1 по 12); Послуга ""Одномісне розміщення"" - 105€ (доплата до вартості туру); За умови індивідуального бронювання - діти віком до 13 років включно, НЕ ОПЛАЧУЮТЬ факультативні екскурсії, якщо інше не вказано в програмі туру (Якщо в програмі туру вказана вартість для дітей - то така факультативна екскурсія оплачується по вказаній вартості). Вхідні квитки в екскурсійні об'єкти та послуги трансферу оплачуються на загальних підставах. За умови бронювання туру для організованих груп, турів на випускний - всі учасники групи оплачують стандартну вартість факультативних екскурсій.; Послуга ""Останній ряд"" - знижка 10€ від вартості туру при виборі місця в останньому ряді автобуса.; Послуга ""Для наречених пар"" - знижка 5% від вартості туру для тих хто нещодавно побрався (забронювати тур не пізніше 30 днів з дати розпису).; Послуга ""Додаткове вільне місце біля себе"" - 75% до вартості туру.; Послуга ""Подарунок на день народження"" . - Даруємо 1 безкоштовну факультативну екскурсію в турі на вибір Туроператора (вартість екскурсії не перевищуватиме 20€. Обрати екскурсію можливо лише з того переліку, який надасть Туроператор вже в турі). - Подарункова екскурсія надається лише у разі, якщо день народження туриста припадає безпосередньо на дати туру.",,"Автобусний тур на 6 днів, з 2 нічними переїздами. Ранковий виїзд зі Львова і вечірнє повернення у Львів (в залежності від проходження кордону). При перетині КПП Лужанка , організовується трансфер з Ужгорода до Мукачево; Відвідаємо чарівні міста Італії: Флоренція, Піза, Рим (1 ніч), Ватикан, Тіволі, Неаполь, Венеція.; Починаємо нашу мандрівку з Будапешта, де можемо прогулятися по вечірньому місту або здійснити прогулянку на човнику по Дунаю. Далі на нас чекає Венеція, де рекомендуємо обовязково здійснити романтичну прогулянку на гондолі. У вільний час можна буде переглянути острови лагуни, палац Джорджів, обрати екскурсія по Гранд-Каналу - головній вулиці Венеції. Після Венеції відправляємось до Риму - столиці імператорів. Дізнавшись цікаві факти про Рим на оглядовій екскуріїї далі можна відвідати: Ватикан, Три великі базиліки Риму, Траставере, Колізей, Тіволі. В цьому тури ми проводимо 2 дні в Римі. Далі на нас очікує Флоренція. Гуляємо по Флоренції, відвідуємо пішохідну екскурсію, а у вільний час є можливість відправитися до Пізи. Отримавши масу позитивних емоцій ми прямуємо додому!; Зверніть увагу! У вартість туру включено 3 екскурсії по містах: Флоренція, Рим та Венеція .; У вартість туру також входить проживання у готелях категорії 3* . Сніданки включені у вартість.; всі автобусні тури по Італії; всі автобусні тури в Італію на море; всі автобусні тури; діючі акції на автобусні тури",304,326,✅ done,"22.06.2026, 11:58:43"
https://adriatic-travel.com.ua/tour/evropeyska-mozaika-krakiv-praga-viden-budapesht,«Європейська мозаїка: Краків-Прага-Відень-Будапешт»,"Краків, Прага, Відень, Будапешт(1 ніч), Егерсалок, Егер",30,"Львів, Тарнув, Краків, Катовіце, Оломоуц, Брно, Прага",Проїзд автобусом єврокласу; Супровід керівником групи; Проживання по маршруту: готель 3*; Харчування - сніданки; Оглядова екскурсія по Празі та Відню; Страхування,"Проїзд в громадському транспорті; Факультативні екскурсії; Вхідні квитки в екскурсійні об'єкти; Особисті витрати (обіди, вечері, та інше); City tax - 3€/доба; Обов'язкова доплата за оренду радіоприймача з навушниками для екскурсій - 2€/день (оплачується керівнику групи); Послуга ""Місце Priority"" - 10€/особа (Замовляється при бронюванні туру. Обирається місце з 5 по 12); Послуга ""Одномісне розміщення"" - 70€ (доплата до вартості туру); За умови індивідуального бронювання - діти віком до 13 років включно, НЕ ОПЛАЧУЮТЬ факультативні екскурсії, якщо інше не вказано в програмі туру (Якщо в програмі туру вказана вартість для дітей - то така факультативна екскурсія оплачується по вказаній вартості). Вхідні квитки в екскурсійні об'єкти та послуги трансферу оплачуються на загальних підставах. За умови бронювання туру для організованих груп, турів на випускний - всі учасники групи оплачують стандартну вартість факультативних екскурсій.; Послуга ""Останній ряд"" - знижка 10€ від вартості туру при виборі місця в останньому ряді автобуса.; Послуга ""Для наречених пар"" - знижка 5% від вартості туру для тих хто нещодавно побрався (забронювати тур не пізніше 30 днів з дати розпису).; Послуга ""Додаткове вільне місце біля себе"" - 75% до вартості туру.; Послуга ""Подарунок на день народження"" . - Даруємо 1 безкоштовну факультативну екскурсію в турі на вибір Туроператора (вартість екскурсії не перевищуватиме 20€. Обрати екскурсію можливо лише з того переліку, який надасть Туроператор вже в турі). - Подарункова екскурсія надається лише у разі, якщо день народження туриста припадає безпосередньо на дати туру.",,"Автобусний тур на 4 дні, без нічних переїздів . Ранковий виїзд зі Львова і нічне прибуття у Львів (в залежності від проходження кордону); Відвідаємо такі чарівні міста: Краків (Польща), Прага (Чехія), Відень (Австрія), Будапешт, Єгерсалок, Єгер (Угорщина).; У Кракові прогуляємося Старим містом з головною площею і залишками укріплень XV ст. У Празі ознайомимось з історичними районами Праги та її чудовими пам’ятками архітектури, можемо здійснити прогулянку річкою Влтавою на катері, а також матимемо можливість відвідати знамениті чеські пивні та послухати історії про них. Відвідаємо Відень - столицю блискучої імперії, місто палаців і величних площ, мальовничих вуличок і численних скверів. У Будапешті можна буде здійснити прогулянку по Дунаю. А в Єгері буде чудова нагода дегустувати угорські вина та спробувати смачний гуляш.; Зверніть увагу! У вартість туру включено 2 екскурсії по місту: Прага та Відень .; У вартості туру проживання у готелях категорії 3* на території Чехії та Угорщини. Сніданки включені у вартість.; З детальною програмою тура можете ознайомитися у розділі "" Програма "".; Враження від інших учасників туру дивіться у розділі "" Відгуки "".; Фотографії, відео, відгуки можете подивитися в соцмережах: instagram , facebook , telegram .; Графік виїздів, та інформацію про гарантовані автобусні тури до Європи дивіться в календарі на сайті. Якщо у вас виникли запитання, ви можете проконсультуватися з менеджером: натискайте на кнопку ""відправити запит"". Якщо бажаєте придбати тур, натискайте tour_id=211, agent_url=/tour/evropeyska-mozaika-krakiv-praga-viden-budapesht, type=text, title=""Замовити тур"".; всі автоубснітури до Чехії; всі автобусні тури; всі актуальні акції на автобусні тури",205,215,✅ done,"22.06.2026, 11:58:47"
https://adriatic-travel.com.ua/tour/neymovirna-shveytsariya-ta-elzas,«Неймовірна Швейцарія та Ельзас!»,"Краків, Зальцбург, Зальцкаммергут, Вадуц, Люцерн, Інтерлакен, Цюрих, Кольмар, Страсбург, Прага",5,"Львів, Перемишль, Ярослав, Тарнув, Краків, Катовіце, Острава, Оломоуц, Брно","Проїзд автобусом єврокласу; Супровід керівником групи; Проживання в готелях по маршруту; Харчування - сніданки; Екскурсійні об'єкти: Зальцбург, Люцерн, Кольмар та Прага; Страхування","Проїзд в громадському транспорті; Факультативні екскурсії; Вхідні квитки в екскурсійні об'єкти; Особисті витрати (обіди, вечері, та інше); City tax - 2€-5€/доба (місцевий податок, оплачується на рецепції за вимоги готелю); Обов'язкова доплата за оренду радіоприймача з навушниками для екскурсій - 2€/день (оплачується керівнику групи); Послуга ""Місце Priority"" - 10€/особа (Замовляється при бронюванні туру. Обирається місце з 5 по 12); Послуга ""Одномісне розміщення"" - 155€ (доплата до вартості туру); За умови індивідуального бронювання - діти віком до 13 років включно, НЕ ОПЛАЧУЮТЬ факультативні екскурсії, якщо інше не вказано в програмі туру (Якщо в програмі туру вказана вартість для дітей - то така факультативна екскурсія оплачується по вказаній вартості). Вхідні квитки в екскурсійні об'єкти та послуги трансферу оплачуються на загальних підставах. За умови бронювання туру для організованих груп, турів на випускний - всі учасники групи оплачують стандартну вартість факультативних екскурсій.; Послуга ""Останній ряд"" - знижка 10€ від вартості туру при виборі місця в останньому ряді автобуса.; Послуга ""Для наречених пар"" - знижка 5% від вартості туру для тих хто нещодавно побрався (забронювати тур не пізніше 30 днів з дати розпису).; Послуга ""Додаткове вільне місце біля себе"" - 75% до вартості туру.",,"Автобусний тур на 5 днів, без нічних переїздів . Ранковий виїзд зі Львова і нічне прибуття до Львова (залежно від проходження кордону).; Відвідуємо казкові міста: Краків (Польща), Зальцбург, Зальцкаммергут (Австрія), Вадуц (Ліхтеншнейн), Люцерн , Інтерлакен , Цюрих (Швейцарія), Кольмар , Страсбург (Франція), Прага (Чехія). Детальний маршрут тура можете переглянути в розділі "" Маршрут "".; Відвідаємо із вами королівський Краків . Заїдемо до міста Моцарта - Зальцбург , з можливістю побачити альпійський озерний край - Зальцкаммергут . По дорозі до Швейцарії побачимо крихітне князівство Ліхтенштейн. І ось вона Швейцарія. Затишне місто Люцерн . У вільний час можемо відвідати Інтерлакен та долину Лаутербруннен , гору Пілатус , і Цюрих . А далі нас чекає французька провінція Ельзас . Місто Кольмар - невеличке, але дуже красиве містечко немов із казки братів Грімм. І не забудемо про місто фахверкових будинків і центр Ради Європи - Страсбург . А на завершення нашого туру прогуляємося по вуличках Праги .; Зверніть увагу! У вартість туру включено 4 екскурсійних об'єкти: Зальцбург, Люцерн, Кольмар та Прага; У вартість туру входить проживання у готелях . Сніданки включені у вартість.; З детальною програмою туру ви можете ознайомитися в розділі "" Програма туру "".; Враження від туру інших учасників можете переглянути в розділі "" Відгуки "".; Фотографії, відео, відгуки можете подивитися в соцмережах: instagram , facebook , telegram .; Графік виїздів, та інформацію про гарантовані автобусні тури до Швейцарії та Франції дивіться в календарі на сайті. Якщо у вас виникли запитання, ви можете проконсультуватися з менеджером: натискайте на кнопку ""відправити запит"".; всі автобусні тури до Швейцарії; всі автобусні тури до Франції; всі автобусні тури; діючі акції на автобусні тури",315,331,✅ done,"22.06.2026, 11:58:52"
https://adriatic-travel.com.ua/tour/italiyskyy-vikend-venetsiya-florentsiya-rym#about_tour,"«Італійський вікенд... Венеція, Флоренція, Рим»","Будапешт, Венеція, Рим, Ватикан, Флоренція, Піза",5,"Львів, Стрий, Мукачево, Ужгород, Будапешт","Проїзд автобусом єврокласу; Супровід керівником групи; Проживання по маршруту: готель 3-4*; Харчування - сніданки; Оглядові екскурсії по Венеції, Риму та Флоренції; Страхування","Проїзд в громадському транспорті; Факультативні екскурсії; Вхідні квитки в екскурсійні об'єкти; Особисті витрати (обіди, вечері, та інше); City tax - від 3€ до 7€ (місцевий податок, оплачується керівнику групи за вимоги готелю); Обов'язкова доплата за оренду радіоприймача з навушниками для екскурсій - 2€/день (оплачується керівнику групи); Послуга ""Місце Priority"" - 10€/особа (Замовляється при бронюванні туру. Обирається місце з 1 по 12); Послуга ""Одномісне розміщення"" - від 70€ (доплата до вартості туру); За умови індивідуального бронювання - діти віком до 13 років включно, НЕ ОПЛАЧУЮТЬ факультативні екскурсії, якщо інше не вказано в програмі туру (Якщо в програмі туру вказана вартість для дітей - то така факультативна екскурсія оплачується по вказаній вартості). Вхідні квитки в екскурсійні об'єкти та послуги трансферу оплачуються на загальних підставах. За умови бронювання туру для організованих груп, турів на випускний - всі учасники групи оплачують стандартну вартість факультативних екскурсій.; Послуга ""Останній ряд"" - знижка 10€ від вартості туру при виборі місця в останньому ряді автобуса.; Послуга ""Для наречених пар"" - знижка 5% від вартості туру для тих хто нещодавно побрався (забронювати тур не пізніше 30 днів з дати розпису).; Послуга ""Додаткове вільне місце біля себе"" - 75% до вартості туру.; Послуга ""Подарунок на день народження"" . - Даруємо 1 безкоштовну факультативну екскурсію в турі на вибір Туроператора (вартість екскурсії не перевищуватиме 20€. Обрати екскурсію можливо лише з того переліку, який надасть Туроператор вже в турі). - Подарункова екскурсія надається лише у разі, якщо день народження туриста припадає безпосередньо на дати туру.",,"Автобусний тур на 5 днів з 2 нічними переїздами. Ранковий виїзд зі Львова і вечірнє повернення у Львів (залежно від проходження кордону). При перетині КПП Лужанка , організовується трансфер з Ужгорода до Мукачево; Відвідаємо чарівні міста Італії (Венеція, Рим, Ватикан, Флоренція, Піза) та Угорщини (Будапешт).; У Будапешті можна буде здійснити прогулянку по Дунаю. «Місто на воді» - відома Венеція , не покине нас своєю увагою. Прогуляємось по місту на гондолі. Прогулявшись по Гранд Каналі - Головній вулиці Ви познайомитесь з найромантичнішими місцями Італії і насолодитесь найкрасивішим водним шляхом у світі. Буде змога відвідати «кольорові»острови Венеції: Мурано і Бурано. Рим - вічне місто, яке відкриє нам свою античну історію легенди та таємниці, що зберігаються в стінах храмів, монументах та старовинних будівель... Завітаємо у найменшу країну світу – Ватикан, де побачимо творіння античних скульпторів, геніїв Відродження і сучасних художників. У Ватикані 2025 рік — Ювілейний , тож саме цього року відкриті Святі ворота , які відчиняються лише раз на 25 років. Це особливий час благодаті, коли паломники можуть пройти крізь них і отримати повне відпущення гріхів . Флоренція – столиця Тоскани, вразить вас. Архітектурна трійця Домського Собору, Баптистерій з його «Брамою Раю» і Дзвіницею Джотто, Старий Палац - символ міської влади, Старий Міст зі своєю сімсотрічною історією, Галерея Уфіцці, в якій зберігаються кращі твори Джотто, Боттічеллі, Леонардо да Вінчі, Рафаель, Мікеланджело, Караваджо, Тіциан. Ще одна перлина Тоскани – Піза, знаменита відомою в усьому світі «падучою вежею», а також, потрапимо на Площу Чудес, що є домом для таких пам'яток як Пізанський собор, баптистерій та монументальне кладовище.; всі автобусні тури в Італію; всі діючі акції на автобусні тури",256,275,✅ done,"22.06.2026, 11:58:56"
https://adriatic-travel.com.ua/tour/paryzh-misto-kokhannya,«Париж - місто кохання»,"Варшава, Берлін, Париж, Руан, Довіль, Трувіль-сюр-Мер, Етрета, Нюрнберг, Прага, Краків",6,"Львів, Люблін, Варшава, Лодзь, Познань, Берлін, Магдебург, Ганновер, Оснабрюк","Проїзд автобусом єврокласу; Супровід керівником групи; Проживання по маршруту: готель зі сніданками; Харчування — сніданки; Оглядові екскурсії по Берліну, Парижу, музею Фрагонар та Празі; Страхування","Проїзд в громадському транспорті; Факультативні екскурсії; Вхідні квитки в екскурсійні об'єкти; Особисті витрати (обіди, вечері, та інше); City tax - від 2€ до 5€ за ніч в готелі (місцевий податок, оплачується керівнику групи за вимоги готелю); Обов'язкова доплата за оренду радіоприймача з навушниками для екскурсій - 2€/день (оплачується керівнику групи); Послуга ""Місце Priority"" - 15€/особа (Замовляється при бронюванні туру. Обирається місце з 5 по 12); Послуга ""Одномісне розміщення"" - 100€ (доплата до вартості туру); За умови індивідуального бронювання - діти віком до 13 років включно, НЕ ОПЛАЧУЮТЬ факультативні екскурсії, якщо інше не вказано в програмі туру (Якщо в програмі туру вказана вартість для дітей - то така факультативна екскурсія оплачується по вказаній вартості). Вхідні квитки в екскурсійні об'єкти та послуги трансферу оплачуються на загальних підставах. За умови бронювання туру для організованих груп, турів на випускний - всі учасники групи оплачують стандартну вартість факультативних екскурсій.; Послуга ""Останній ряд"" - знижка 10€ від вартості туру при виборі місця в останньому ряді автобуса.; Послуга ""Для наречених пар"" - знижка 5% від вартості туру для тих хто нещодавно побрався (забронювати тур не пізніше 30 днів з дати розпису).; Послуга ""Додаткове вільне місце біля себе"" - 75% до вартості туру.; Послуга ""Подарунок на день народження"" . - Даруємо 1 безкоштовну факультативну екскурсію в турі на вибір Туроператора (вартість екскурсії не перевищуватиме 20€. Обрати екскурсію можливо лише з того переліку, який надасть Туроператор вже в турі). - Подарункова екскурсія надається лише у разі, якщо день народження туриста припадає безпосередньо на дати туру.",,"Тур на 6 з двома нічними переїздами. Ранковий виїзд зі Львова та нічне прибуття у Львів (залежно від проходження кордону).; Детальний маршрут туру дивіться у розділі "" Маршрут "".; У турі відвідаємо: Польщу (Краків, Варшава), Чехію (Прагу), Францію (Париж) та Німеччину (Берлін, Нюрнберг).; Старе місто Варшави внесене до списку культурної спадщини ЮНЕСКО і цей факт мотивує багатьох туристів, які приїжджають до Варшави прогулятися по вуличках «Старе Място». Отримаємо задоволення від побачених пам'яток Берліну. Відчуємо, що Париж стає рідним з першого погляду і з першого кроку, адже паризькі прогулянки заводять у минуле, у потаємні куточки душі. Матимемо змогу насолодитись красою Парижу у вечірніх вогнях. Відкриємо для себе чарівний світ Діснея і справжню магію Парижа. Прогуляємося по історичних районах Праги та її чудовим пам’яткам архітектури. Будемо мати змогу відвідати знамениті пивні та послухати історії про них. У Кракові ми побачимо ринкову площу, яку оточують чудові кам'яниці та палаци, колишні торгові ряди (Сукенніце).; Зверніть увагу! У вартості туру 4 екскурсії по містах: Прага, Берлін, Париж та музей Fragonard .; У вартість туру входить проживання в готелях зі сніданками на території ЄС.; З детальною програмою тура можете ознайомитися у розділі "" Програма ""; Враження від туру інших учасників можете переглянути у розділі "" Відгуки "".; Фотографії, відео, відгуки можете подивитися в соцмережах: instagram , facebook , telegram .; Графік виїздів, та інформацію про гарантовані автобусні тури до Франції дивіться в календарі на сайті. Якщо у вас виникли запитання, ви можете проконсультуватися з менеджером: натискайте на кнопку ""відправити запит"". Якщо бажаєте придбати тур, натискайте tour_id=109, agent_url=/tour/paryzh-misto-kokhannya, type=text, title=""Замовити тур""; всі автобусні тури в Париж; всі автобусні тури до Франції; всі автобусні тури; діючі акції на автобусні тури",273,287,✅ done,"22.06.2026, 11:59:00"
https://adriatic-travel.com.ua/tour/avstriyskyy-khit-budapesht,«Австрійський хіт + Будапешт»,"Відень, Будапешт(1 ніч), Сентендре, Егер",30,"Львів, Стрий, Мукачево, Чоп, Будапешт",Проїзд автобусом єврокласу; Супровід керівником групи; Проживання по маршруту: готель 3*; Харчування - сніданки; Оглядові екскурсії по Відню та Будапешту; Страхування,"Проїзд в громадському транспорті; Факультативні екскурсії; Вхідні квитки в екскурсійні об'єкти; Особисті витрати (обіди, вечері, та інше); City tax - 3€/ніч/особа (місцевий податок, оплачується керівнику групи за вимоги готелю); Обов'язкова доплата за оренду радіоприймача з навушниками для екскурсій - 2€/день (оплачується керівнику групи); Послуга ""Місце Priority"" - 10€/особа (Замовляється при бронюванні туру. Обирається місце з 5 по 12); Послуга ""Одномісне розміщення"" - 25€ (доплата до вартості туру); За умови індивідуального бронювання - діти віком до 13 років включно, НЕ ОПЛАЧУЮТЬ факультативні екскурсії, якщо інше не вказано в програмі туру (Якщо в програмі туру вказана вартість для дітей - то така факультативна екскурсія оплачується по вказаній вартості). Вхідні квитки в екскурсійні об'єкти та послуги трансферу оплачуються на загальних підставах. За умови бронювання туру для організованих груп, турів на випускний - всі учасники групи оплачують стандартну вартість факультативних екскурсій.; Послуга ""Останній ряд"" - знижка 10€ від вартості туру при виборі місця в останньому ряді автобуса.; Послуга ""Для наречених пар"" - знижка 5% від вартості туру для тих хто нещодавно побрався (забронювати тур не пізніше 30 днів з дати розпису).; Послуга ""Додаткове вільне місце біля себе"" - 75% до вартості туру.; Послуга ""Подарунок на день народження"" . - Даруємо 1 безкоштовну факультативну екскурсію в турі на вибір Туроператора (вартість екскурсії не перевищуватиме 20€. Обрати екскурсію можливо лише з того переліку, який надасть Туроператор вже в турі). - Подарункова екскурсія надається лише у разі, якщо день народження туриста припадає безпосередньо на дати туру.",,"Автобусний тур вихідного дня на 4 дні, з 2 нічними переїздами. Виїзд у п’ятницю ввечері зі Львова, повернення у понеділок, в першій половині дня до Львова. (в залежності від проходження кордону).; Відвідаємо такі чудові міста Європи: Відень (Австрія), Будапешт, Єгер (Угорщина). Розпочнемо нашу подорож зі столиці блискучої імперії, міста палаців і величних площ – Відня , та помандруємо до прекрасного Будапешту , де ми зможемо насолодитись неймовірною вечірньою ілюмінацією та побачити знаменитий Парламент. Прогуляємося по Будапешту, ввечері можна здійснити прогулянку на човнику по Дунаю. Пропонуємо також екскурсію в місто Сентендре.В Долині красунь матимемо можливість продегустувати вина і смачний гуляш. Бажаючі можуть відвідати Тропікарій – Океанаріум у Будапешті.; Зверніть увагу! У вартості включені 2 екскурсії по містах: Відень та Будапешт.; У вартості туру проживання у чудовому готелі категорії 3* на території Угорщини.; Детальніше з програмою туру можете ознайомитися в розділі "" Програма туру "".; Фотографії, відео, відгуки можете подивитися в соцмережах: instagram , facebook , telegram .; Графік виїздів, та інформацію про гарантовані автобусні тури до Австрії та Угорщини дивіться в календарі на сайті. Якщо у вас виникли запитання, ви можете проконсультуватися з менеджером: натискайте на кнопку ""відправити запит"". Якщо бажаєте придбати тур, натискайте tour_id=142, agent_url=/tour/avstriyskyy-khit-budapesht, type=text, title=""Замовити тур"".",148,155,✅ done,"22.06.2026, 11:59:04"
https://adriatic-travel.com.ua/tour/bogemski-vyhidni,"«Богемські вихідні: 3 ночі в Празі + Дрезден, Карлові Вари, Чеський Крумлов»","Краків, Прага, Карлові Вари, Чеський Крумлов, Кутна Гора, Дрезден, Майсен",30,"Львів, Тарнув, Краків, Катовіце, Оломоуц, Брно, Прага",Проїзд автобусом єврокласу; Супровід керівником групи; Проживання по маршруту: готель 3*; Харчування - сніданки; Оглядові екскурсії по Дрездену та Празі; Страхування,"Проїзд в громадському транспорті; Факультативні екскурсії; Вхідні квитки в екскурсійні об'єкти; Особисті витрати (обіди, вечері, та інше); City tax - 3€ з особи/доба (у Новорічні та святкові дати сума може становити 3-5€ з особи/доба); Обов'язкова доплата за оренду радіоприймача з навушниками для екскурсій - 2€/день (оплачується керівнику групи); Послуга ""Місце Priority"" - 10€/особа (Замовляється при бронюванні туру. Обирається місце з 5 по 12); Послуга ""Одномісне розміщення"" - 80€ (доплата до вартості туру); За умови індивідуального бронювання - діти віком до 13 років включно, НЕ ОПЛАЧУЮТЬ факультативні екскурсії, якщо інше не вказано в програмі туру (Якщо в програмі туру вказана вартість для дітей - то така факультативна екскурсія оплачується по вказаній вартості). Вхідні квитки в екскурсійні об'єкти та послуги трансферу оплачуються на загальних підставах. За умови бронювання туру для організованих груп, турів на випускний - всі учасники групи оплачують стандартну вартість факультативних екскурсій.; Послуга ""Останній ряд"" - знижка 10€ від вартості туру при виборі місця в останньому ряді автобуса.; Послуга ""Для наречених пар"" - знижка 5% від вартості туру для тих хто нещодавно побрався (забронювати тур не пізніше 30 днів з дати розпису).; Послуга ""Додаткове вільне місце біля себе"" - 75% до вартості туру.; Послуга ""Подарунок на день народження"" . - Даруємо 1 безкоштовну факультативну екскурсію в турі на вибір Туроператора (вартість екскурсії не перевищуватиме 20€. Обрати екскурсію можливо лише з того переліку, який надасть Туроператор вже в турі). - Подарункова екскурсія надається лише у разі, якщо день народження туриста припадає безпосередньо на дати туру.",,"Автобусний тур на 4 дні, без нічних переїздів : ранковий виїзд зі Львова, нічне повернення до Львова (в залежності від проходження кордону).; Відвідаємо такі казкові міста Європи: Дрезден, Краків, Майсен, Прага, Карлові Вари, Кутна Гора, Чеський Крумлов; Подорож до столиці Саксонії – унікальна нагода побачити рідкісні зразки європейської культурної спадщини, а також родзинку Саксонську Швейцарію . В цьому турі матимемо нагоду провести 3 чудових дні в Празі . Прогуляєомсь Старим Містом , яке вважається одним з найкрасивіших історичних центрів у Європі. Тут можна знайти архітектурні пам'ятки різних епох, включаючи Празький Орлій, Празький Град , Карлів міст, а також численні церкви та палаці. Матимемо нагоду відвідати Празький Град - це найбільший середньовічний замок у світі, який є резиденцією чеського президента. Він включає в себе палац короля і церкву Святого Віта , які є прикладами величної готичної архітектури. Побачимо Карлів міст - славетний пішохідний міст, який з'єднує Старе Місто і район Мала Страна. Він відомий своїми бароковими статуями та видами на річку Влтаву . Кулінарні враження: чеська кухня пропонує багато національних страв, які варто спробувати, такі як традиційна свиняча рулька, та пиво, оскільки Чехія відома своєю багатою пивоварнею. В Дрездені матимемо можливість відвідати Дрезденську галерею , або Галерею старих майстрів . А ще за 40 хв від Дрездена завітаємо до містечка Мейсен . В ході екскурсії ми побуваємо біля грандіозного готичного кафедрального собору, біля середньовічного замку Альбрехстбург , пройдемося по ринковій площі і відвідаємо сувенірні крамнички. Познайомимось з таємничим прикордонним районом Богемії й Саксонії , котрий завдяки своїй унікальній природі, чудними скелями, водоспадами, ріками, неймовірними фортецями, оглядовими майданчиками та затишними селами не випадково отримав назву Саксонська Швейцарія . В Празі також пропонуємо вам цікаву вечірню екскурсію . Ця екскурсія костюмована, цікава, неповторна. Прогуляємось темними вуличками Праги з чарівним екскурсоводом з нічною лампою і цікавими містичними історіями .; Зверніть увагу! У вартість туру включені 2 екскурсії по містах: Дрезден, Прага .; У вартість туру включено проживання в готелях категорії 3* .; Детальніше з програмою туру можете ознайомитися в розділі "" Програма туру "".; Враження від туру інших учасників можете переглянути у розділі "" Відгуки "".; Фотографії, відео, відгуки можете подивитися в соцмережах: instagram , facebook , telegram .; Графік виїздів, та інформацію про гарантовані автобусні тури до Праги дивіться в календарі на сайті. Якщо у вас виникли запитання, ви можете проконсультуватися з менеджером: натискайте на кнопку ""відправити запит"". Якщо бажаєте придбати тур, натискайте tour_id=1541 , agent_url=/tour/bogemski-vyhidni, type=text, title=""Замовити тур"".; всі автобусні тури до Чехії; всі автобусні тури; акції на автобусні тури",228,245,✅ done,"22.06.2026, 11:59:08"
https://adriatic-travel.com.ua/tour/miks-vikend-budapesht-viden,«Мікс вікенд: Будапешт + Відень»,"Будапешт(1 ніч), Відень, Егер",30,"Львів, Стрий, Мукачево, Чоп, Будапешт",Проїзд автобусом єврокласу; Супровід керівником групи; Проживання по маршруту: готель 3*; Харчування - сніданки; Екскурсія по Будапешту; Страхування,"Проїзд в громадському транспорті; Факультативні екскурсії; Трансфер + оглядова екскурсія до Відня (дорослий - 46€,діти до 13.99 років - 30€); Вхідні квитки в екскурсійні об'єкти; Особисті витрати (обіди, вечері, та інше); City tax - 3€/ніч/особа (місцевий податок, оплачується керівнику групи за вимоги готелю); Обов'язкова доплата за оренду радіоприймача з навушниками для екскурсій - 2€/день (оплачується керівнику групи); Послуга ""Місце Priority"" - 10€/особа (Замовляється при бронюванні туру. Обирається місце з 5 по 12); Послуга ""Одномісне розміщення"" - 25€ (доплата до вартості туру); За умови індивідуального бронювання - діти віком до 13 років включно, НЕ ОПЛАЧУЮТЬ факультативні екскурсії, якщо інше не вказано в програмі туру (Якщо в програмі туру вказана вартість для дітей - то така факультативна екскурсія оплачується по вказаній вартості). Вхідні квитки в екскурсійні об'єкти та послуги трансферу оплачуються на загальних підставах. За умови бронювання туру для організованих груп, турів на випускний - всі учасники групи оплачують стандартну вартість факультативних екскурсій.; Послуга ""Останній ряд"" - знижка 10€ від вартості туру при виборі місця в останньому ряді автобуса.; Послуга ""Для наречених пар"" - знижка 5% від вартості туру для тих хто нещодавно побрався (забронювати тур не пізніше 30 днів з дати розпису).; Послуга ""Додаткове вільне місце біля себе"" - 75% до вартості туру.",,"Автобусний тур на 4 дні з 2 нічними переїздами. Вечірній виїзд зі Львова і прибуття у Львів у першій половині дня (в залежності від проходження кордону).; У турі відвідаємо чудові міста Будапешт та Егер (в Угорщині) і Відень (в Австрія). Ці міста не залишать вас байдужими, а закохають з першого погляду. У Будапешті матимемо можливість здійснити прогулянку на човнику по Дунаю. Оглянемо найвідомішу, найдовшу будівлю Будапешту – Парламент. Зможемо піднятися на гору Гелерт з якої відкривається найкращий панорамним видом на місто. Далі відвідаємо Відень - столицю блискучої імперії, місто палаців і величних площ, мальовничих вуличок і численних скверів. Після цього заїдемо в Єгер, де буде чудова нагода продегустувати угорські вина та спробувати смачний гуляш.; Зверніть увагу! У вартість туру включена 1 екскурсія по місту: Будапешт .; У вартості туру проживання в готелі категорії 3* на території Угорщини. Сніданки включені у вартість туру.; З детальною програмою туру ви можете ознайомитися в розділі "" Програма туру "".; Враження від туру інших учасників можете переглянути в розділі "" Відгуки "".; Фотографії, відео, відгуки можете подивитися в соцмережах: instagram , facebook , telegram .; Графік виїздів, та інформацію про гарантовані автобусні тури до Австрії та Угорщини дивіться в календарі на сайті. Якщо у вас виникли запитання, ви можете проконсультуватися з менеджером: натискайте на кнопку ""відправити запит"". Якщо бажаєте придбати тур, натискайте tour_id=398 , agent_url=/tour/miks-vikend-budapesht-viden, type=text, title=""Замовити тур"".",107,112,✅ done,"22.06.2026, 11:59:12"
https://adriatic-travel.com.ua/tour/tak-dobre-razom-paryzh-benilyuks,«Так добре разом: Франція + Бельгія!»,"Вроцлав, Айзенах, Ерфурт, Брюссель, Брюгге, Руан, Етрета, Довіль, Трувіль-сюр-Мер, Онфлер, Сен-Мало, Мон-Cен-Мішель, Париж, Прага",8,"Львів, Перемишль, Жешув, Тарнув, Краків, Катовіце, Острава, Оломоуц, Брно, Прага, Нюрнберг","Проїзд автобусом єврокласу; Супровід керівником групи; Проживання по маршруту: готель зі сніданками; Харчування — сніданки; Екскурсії у вартості: Айзенах, Брюссель, Руан, Сен-Мало, Париж та музей парфумів Фрагонар; Страхування; всі автобусні тури до Франції; всі автобусні тури; діючі акції на автобусні тури","Проїзд в громадському транспорті; Факультативні екскурсії; Вхідні квитки в екскурсійні об'єкти; Особисті витрати (обіди, вечері, та інше); City tax - від 2€ до 5€ за ніч в готелі (місцевий податок, оплачується керівнику групи за вимоги готелю); Обов'язкова доплата за оренду радіоприймача з навушниками для екскурсій - 2€/день (оплачується керівнику групи); Послуга ""Місце Priority"" - 15€/особа (Замовляється при бронюванні туру. Обирається місце з 5 по 12); Послуга ""Одномісне розміщення"" - 245€ (доплата до вартості туру); За умови індивідуального бронювання - діти віком до 13 років включно, НЕ ОПЛАЧУЮТЬ факультативні екскурсії, якщо інше не вказано в програмі туру (Якщо в програмі туру вказана вартість для дітей - то така факультативна екскурсія оплачується по вказаній вартості). Вхідні квитки в екскурсійні об'єкти та послуги трансферу оплачуються на загальних підставах. За умови бронювання туру для організованих груп, турів на випускний - всі учасники групи оплачують стандартну вартість факультативних екскурсій.; Послуга ""Останній ряд"" - знижка 10€ від вартості туру при виборі місця в останньому ряді автобуса.; Послуга ""Для наречених пар"" - знижка 5% від вартості туру для тих хто нещодавно побрався (забронювати тур не пізніше 30 днів з дати розпису).; Послуга ""Додаткове вільне місце біля себе"" - 75% до вартості туру.; Послуга ""Подарунок на день народження"" . - Даруємо 1 безкоштовну факультативну екскурсію в турі на вибір Туроператора (вартість екскурсії не перевищуватиме 20€. Обрати екскурсію можливо лише з того переліку, який надасть Туроператор вже в турі). - Подарункова екскурсія надається лише у разі, якщо день народження туриста припадає безпосередньо на дати туру.",,"Автобусний тур на 8 днів без нічних переїздів. Ранковий виїзд зі Львова і нічне прибуття до Львова (в залежності від проходження кордону).; Маршрут починається з польського Вроцлава , де ви влаштуєте квест у пошуках гномів, та німецьких Айзенаха й Ерфурта з їхніми фахверковими будинками й таємничими замками. Бельгійська частина — це Гран-Плас у Брюсселі , дегустація шоколаду та прогулянки каналами «північної Венеції» в Брюгге . Справжній драйв чекає на узбережжі Франції: від білосніжних скель Етрета та середньовічного Руана до піратських стін Сен-Мало та полів устриць у Канкалі . Побачите легендарний острів-абатство Мон-Сен-Мішель , зануритесь у богемний дух Парижа з його ароматами та вогнями, а на завершення — відпочинок у Празі під час круїзу по Влтаві з панорамою Празького граду.; Зверніть увагу! У вартість туру включено 6 екскурсій : Айзенах, Брюссель, Руан, Сен-Мало, Париж та музей парфумів Фрагонар; У вартітсь туру входить проживання у готелях. Сніданки включені у вартість.; З детальною програмою туру ви можете ознайомитися в розділі ""Програма туру"".; Враження від туру інших учасників можете переглянути в розділі ""Відгуки""; Фотографії, відео, відгуки можете подивитися в соцмережах: instagram , facebook , telegram .; Графік виїздів, та інформацію про гарантовані автобусні тури дивіться в календарі на сайті. Якщо у вас виникли запитання, ви можете проконсультуватися з менеджером: натискайте на кнопку ""відправити запит"". Якщо бажаєте придбати тур, натискайте tour_id=1583 , agent_url=/tour/tak-dobre-razom-paryzh-benilyuks, type=text, title=""Замовити тур""",501,538,✅ done,"22.06.2026, 11:59:16"
https://adriatic-travel.com.ua/tour/mistychna-transilvaniya,«Містична Трансільванія»,"Буштень, Брашов",30,"Львів, Стрий, Івано-Франківськ, Чернівці",Проїзд автобусом єврокласу; Супровід керівником групи; Проживання по маршруту: готель 3*; Харчування - сніданки; Страхування,"Проїзд в громадському транспорті; Факультативні екскурсії; Вхідні квитки в екскурсійні об'єкти; Особисті витрати (обіди, вечері, та інше); City tax - 3€/доба з особи (місцевий податок, оплачується керівнику групи за вимоги готелю); Обов'язкова доплата за оренду радіоприймача з навушниками для екскурсій - 2€/день (оплачується керівнику групи); Послуга ""Місце Priority"" - 10€/особа (Замовляється при бронюванні туру. Обирається місце з 5 по 12); Послуга ""Одномісне розміщення"" - 50€ (доплата до вартості туру); За умови індивідуального бронювання - діти віком до 13 років включно, НЕ ОПЛАЧУЮТЬ факультативні екскурсії, якщо інше не вказано в програмі туру (Якщо в програмі туру вказана вартість для дітей - то така факультативна екскурсія оплачується по вказаній вартості). Вхідні квитки в екскурсійні об'єкти та послуги трансферу оплачуються на загальних підставах. За умови бронювання туру для організованих груп, турів на випускний - всі учасники групи оплачують стандартну вартість факультативних екскурсій.; Послуга ""Останній ряд"" - знижка 10€ від вартості туру при виборі місця в останньому ряді автобуса.; Послуга ""Для наречених пар"" - знижка 5% від вартості туру для тих хто нещодавно побрався (забронювати тур не пізніше 30 днів з дати розпису).; Послуга ""Додаткове вільне місце біля себе"" - 75% до вартості туру.; Послуга ""Подарунок на день народження"" . - Даруємо 1 безкоштовну факультативну екскурсію в турі на вибір Туроператора (вартість екскурсії не перевищуватиме 20€. Обрати екскурсію можливо лише з того переліку, який надасть Туроператор вже в турі). - Подарункова екскурсія надається лише у разі, якщо день народження туриста припадає безпосередньо на дати туру.",,"Автобусний тур на 3 дні, без нічних переїздів. Ранковий виїзд зі Львова і нічне поверенення до Львова (в залежності від проходження кордону).; Відвідаємо такі міста: Буштень, Брашов.; Британський принц Чарльз, який має садибу у Трансільванії, якось сказав: ""Трансільванія, головний експортний товар Європи. В Британії немає нічого подібного, а якби було - ми б зробили його головним туристичним регіоном Європи "". Поїхали побачимо замки Кантакузіно (в якому знімали серіал Венздей, від Netflix), Пелеш, Бран та Ришнов . Прогуляємось по казковому Брашову і скуштуємо національну кухню, і все це за 3 дні без нічних переїздів.; У вартість туру також входить проживання у готелі категорії 3*. Сніданки включені у вартість.; З детальною програмою тура можете ознайомитися у розділі "" Програма "".; Враження від туру інших учасників можете переглянути в розділі "" Відгуки "".; Фотографії, відео, відгуки можете подивитися в соцмережах: instagram , facebook , telegram .; Графік виїздів, та інформацію про гарантовані автобусні тури до Румунії дивіться в календарі на сайті. Якщо у вас виникли запитання, ви можете проконсультуватися з менеджером: натискайте на кнопку ""відправити запит"". Якщо бажаєте придбати тур, натискайте tour_id=1402 , agent_url=/tour/mistychna-transilvaniya, type=text, title=""Замовити тур"".; всі актуальні акції на автобусні тури; всі автобусні тури до замку Кантакузіно; всі автобусні тури до замку Дракули; всі автобусні тури до Румунії; Стандартна вартість діє при умові оплати туру за стандартною ціною по загальній програмі туру.",173,185,✅ done,"22.06.2026, 11:59:23"
https://adriatic-travel.com.ua/tour/smaragdy-polshchi-morske-oko-zakopane-krakiv,"«Смарагди Польщі: Морське Око, Закопане, Краків»","Краків, Закопане",30,"Львів, Тарнув, Краків",Проїзд автобусом єврокласу; Супровід керівником групи; Проживання по маршруту: готель 3*; Харчування - сніданки; Оглядова екскурсія по Кракову; Трансфер до Закопане; Страхування,"Проїзд в громадському транспорті; Факультативні екскурсії; Вхідні квитки в екскурсійні об'єкти; Особисті витрати (обіди, вечері, та інше); City tax - 2€/доба (місцевий податок, оплачується на рецепції за вимоги готелю); Обов'язкова доплата за оренду радіоприймача з навушниками для екскурсій - 2€/день (оплачується керівнику групи); Послуга ""Місце Priority"" - 7€/особа (Замовляється при бронюванні туру. Обирається місце з 5 по 12); Послуга ""Одномісне розміщення"" - 50€ (доплата до вартості туру); За умови індивідуального бронювання - діти віком до 13 років включно, НЕ ОПЛАЧУЮТЬ факультативні екскурсії, якщо інше не вказано в програмі туру (Якщо в програмі туру вказана вартість для дітей - то така факультативна екскурсія оплачується по вказаній вартості). Вхідні квитки в екскурсійні об'єкти та послуги трансферу оплачуються на загальних підставах. За умови бронювання туру для організованих груп, турів на випускний - всі учасники групи оплачують стандартну вартість факультативних екскурсій.; Послуга ""Останній ряд"" - знижка 10€ від вартості туру при виборі місця в останньому ряді автобуса.; Послуга ""Для наречених пар"" - знижка 5% від вартості туру для тих хто нещодавно побрався (забронювати тур не пізніше 30 днів з дати розпису).; Послуга ""Додаткове вільне місце біля себе"" - 75% до вартості туру.; Послуга ""Подарунок на день народження"" . - Даруємо 1 безкоштовну факультативну екскурсію в турі на вибір Туроператора (вартість екскурсії не перевищуватиме 20€. Обрати екскурсію можливо лише з того переліку, який надасть Туроператор вже в турі). - Подарункова екскурсія надається лише у разі, якщо день народження туриста припадає безпосередньо на дати туру.",,"Автобусний тур вихідного дня, без нічних переїздів , на 3 дні: виїзд зі Львова у п’ятницю зранку, нічне повернення у неділю до Львова (в залежності від проходження кордону); Відвідаємо такі міста Європи: Краків, Закопане (Польща). Ми проведемо 2 незабутні ночі у казковому Кракові . Матимемо нагоду побачити єврейський квартал – Казімеж, спробувати справжнього польського пива. Також, буде нагода побачити одне з найбільш високогірних міст Польщі – Закопане , яке розташоване у вузькій впадині між Татрами і вузьким ланцюгом Губалувки та відвідати смарагдово-зелене озеро Морське Око одне з найвпізнаваніших пам'яток в Польщі. Детальний маршрут туру дивыться в розділі "" Маршрут "".; Зверніть увагу! У вартість туру включена 1 екскурсія по Кракову та трансфер до Закопане .; У вартості туру включено проживання в готелі категорії 3* на території Польщі.; З детальною програмою туру ви можете ознайомитися в розділі "" Програма туру "".; Враження від подорожі інших учасників тура дивіться в розділі "" Відгуки "".; Графік виїздів, та інформацію про гарантовані автобусні тури до Польщі дивіться в календарі на сайті. Якщо у вас виникли запитання, ви можете проконсультуватися з менеджером: натискайте на кнопку ""відправити запит"". Якщо бажаєте придбати тур, натискайте tour_id=1427 , agent_url=/tour/smaragdy-polshchi-morske-oko-zakopane-krakiv, type=text, title=""Замовити тур""; усі тури до Польщі; усі автобусни тури; діючі акції на автобусні тури",157,168,✅ done,"22.06.2026, 11:59:27"
https://adriatic-travel.com.ua/tour/vikend-v-transilvanii,«Вікенд в Трансільванії»,"Буштень, Брашов",30,"Львів, Стрий, Івано-Франківськ, Чернівці",Проїзд автобусом єврокласу; Супровід керівником групи; Проживання по маршруту: готель 3*; Харчування - сніданки; Страхування,"Проїзд в громадському транспорті; Факультативні екскурсії; Вхідні квитки в екскурсійні об'єкти; Особисті витрати (обіди, вечері, та інше); City tax - 3€/ніч (місцевий податок, оплачується керівнику групи за вимоги готелю); Обов'язкова доплата за оренду радіоприймача з навушниками для екскурсій - 2€/день (оплачується керівнику групи); Послуга ""Місце Priority"" - 10€/особа (Замовляється при бронюванні туру. Обирається місце з 5 по 12); Послуга ""Одномісне розміщення"" - 30€ (доплата до вартості туру); За умови індивідуального бронювання - діти віком до 13 років включно, НЕ ОПЛАЧУЮТЬ факультативні екскурсії, якщо інше не вказано в програмі туру (Якщо в програмі туру вказана вартість для дітей - то така факультативна екскурсія оплачується по вказаній вартості). Вхідні квитки в екскурсійні об'єкти та послуги трансферу оплачуються на загальних підставах. За умови бронювання туру для організованих груп, турів на випускний - всі учасники групи оплачують стандартну вартість факультативних екскурсій.; Послуга ""Останній ряд"" - знижка 10€ від вартості туру при виборі місця в останньому ряді автобуса.; Послуга ""Для наречених пар"" - знижка 5% від вартості туру для тих хто нещодавно побрався (забронювати тур не пізніше 30 днів з дати розпису).; Послуга ""Додаткове вільне місце біля себе"" - 75% до вартості туру.; Послуга ""Подарунок на день народження"" . - Даруємо 1 безкоштовну факультативну екскурсію в турі на вибір Туроператора (вартість екскурсії не перевищуватиме 20€. Обрати екскурсію можливо лише з того переліку, який надасть Туроператор вже в турі). - Подарункова екскурсія надається лише у разі, якщо день народження туриста припадає безпосередньо на дати туру.",,"Автобусний тур на 4 дні, 2 нічні переїзди. Вечірній виїзд зі Львова і поверенення до Львова у першій половині дня (в залежності від проходження кордону).; Тур починається зі Львова. Приєднатися по маршруту можна в містах: Стрий , Івано-Франківськ , Чернівці . (натиснувши на назву міста ви можете подивитися всі тури з цього міста); Відвідаємо такі міста: Буштень, Брашов.; Ми маємо чудову нагоду за вікенд в Румунії побачити Замок Кантакузіно , який став популярним після виходу хітового серіалу ""Wednesday, Замок Дракули у селі Бран, Замок Пелеш , який є одним з найгарніших замків в Румунії та Фортецю Ришнов, а також поніжитись в теплих водах термального аквапарку Брашова , та посмакувати місцеву національну кухню під час Національної вечері.; Зверніть увагу! Екскурсії в турі оплачуються додатково. Вартість екскурсій вказана у програмі туру .; У вартість туру також входить проживання у готелях категорії 3*. Сніданки включені у вартість.; З детальною програмою тура можете ознайомитися у розділі "" Програма "".; Враження від туру інших учасників можете переглянути в розділі "" Відгуки "".; Графік виїздів, та інформацію про гарантовані автобусні тури по Румунії дивіться в календарі на сайті. Якщо у вас виникли запитання, ви можете проконсультуватися з менеджером: натискайте на кнопку ""відправити запит"". Якщо бажаєте придбати тур, натискайте tour_id=578 , agent_url=/tour/vikend-v-transilvanii, type=text, title=""Замовити тур""; всі актуальні акції на автобусні тури; всі автобусні тури до замку Кантакузіно; всі автобусні тури до замку Дракули; всі автобусні тури до Румунії",145,155,✅ done,"22.06.2026, 11:59:30"
https://adriatic-travel.com.ua/tour/praha-misto-yake-obralo-mene,"«Прага - місто, яке обрало мене»","Краків, Дрезден, Прага",30,"Львів, Тарнув, Краків, Катовіце, Оломоуц, Брно",Проїзд автобусом єврокласу; Супровід керівником групи; Проживання по маршруту: готель 3*; Харчування - сніданки; Оглядові екскурсії по Дрездену та Празі; Страхування,"Проїзд в громадському транспорті; Факультативні екскурсії; Вхідні квитки в екскурсійні об'єкти; Особисті витрати (обіди, вечері, та інше); City tax - 3€ з особи/доба; Обов'язкова доплата за оренду радіоприймача з навушниками для екскурсій - 2€/день (оплачується керівнику групи); Послуга ""Місце Priority"" - 10€/особа (Замовляється при бронюванні туру. Обирається місце з 5 по 12); Послуга ""Одномісне розміщення"" - 50€ (доплата до вартості туру); За умови індивідуального бронювання - діти віком до 13 років включно, НЕ ОПЛАЧУЮТЬ факультативні екскурсії, якщо інше не вказано в програмі туру (Якщо в програмі туру вказана вартість для дітей - то така факультативна екскурсія оплачується по вказаній вартості). Вхідні квитки в екскурсійні об'єкти та послуги трансферу оплачуються на загальних підставах. За умови бронювання туру для організованих груп, турів на випускний - всі учасники групи оплачують стандартну вартість факультативних екскурсій.; Послуга ""Останній ряд"" - знижка 10€ від вартості туру при виборі місця в останньому ряді автобуса.; Послуга ""Для наречених пар"" - знижка 5% від вартості туру для тих хто нещодавно побрався (забронювати тур не пізніше 30 днів з дати розпису).; Послуга ""Додаткове вільне місце біля себе"" - 75% до вартості туру.; Послуга ""Подарунок на день народження"" . - Даруємо 1 безкоштовну факультативну екскурсію в турі на вибір Туроператора (вартість екскурсії не перевищуватиме 20€. Обрати екскурсію можливо лише з того переліку, який надасть Туроператор вже в турі). - Подарункова екскурсія надається лише у разі, якщо день народження туриста припадає безпосередньо на дати туру.",,"Тур на 4 дні з 1 нічним переїздом. Ранковий виїзд зі Львова та ранкове прибуття у Львів (в залежності від проходження кордону).; Ночівля у готелях категорії 3* на території Польщі (1 ніч) та Чехії (1 ніч).; У турі відвідаємо: Польщу ( Краків ), Чехію (Прагу) та Німеччину (Дрезден).; У Кракові ми побачимо ринкову площу, яку оточують чудові кам'яниці та палаци, колишні торгові ряди (Сукенніце). Прогуляємося по історичних районах Праги та її чудовим пам’яткам архітектури. Будемо мати змогу відвідати знамениті пивні та послухати історії про них. А також завітаємо у скарбницю саксонського бароко – місто Дрезден , яке заворожує блискучим і захопливим поєднанням традицій і сучасності.; Зверніть увагу! У вартість туру включено 2 екскурсії по містах: Дрезден та Прага .; У вартості туру проживання в готелі категорії 3*. Сніданки включені у вартість туру.; З детальною програмою туру ви можете ознайомитися в розділі "" Програма туру "".; Графік виїздів, ціна тура та інформацію про гарантований автобусний тур в Чехію дивіться в календарі на сайті. Якщо у вас виникли запитання, ви можете проконсультуватися з менеджером: натискайте на кнопку ""відправити запит"". Якщо бажаєте придбати тур, натискайте tour_id=505, agent_url=/tour/praha-misto-yake-obralo-mene, type=text, title=""Замовити тур""; всі автобусні тури в Чехію; всі автобусні тури; діючі акції на автобусні тури",175,188,✅ done,"22.06.2026, 11:59:34"
https://adriatic-travel.com.ua/tour/pohlyad-v-mynule-rym-pompeyi-neapol,"«Погляд в минуле: 3 дні в Римі + Помпеї, Неаполь»","Будапешт, Грац, Рим, Ватикан, Неаполь, Флоренція, Сієна, Піза, Венеція",8,"Львів, Львів, Мукачево, Нижні Ворота, Стрий, Ужгород, район Граца, Будапешт","Супровід керівником групи; Проживання по маршруту: готель 3-4*; Харчування - сніданки; Оглядові екскурсії по Грацу, Венеції, Риму(2 екскурсії) та Флоренції; Страхування","Проїзд в громадському транспорті; Факультативні екскурсії; Вхідні квитки в екскурсійні об'єкти; Особисті витрати (обіди, вечері, та інше); City tax - від 3€/доба/особи (місцевий податок, оплачується керівнику групи за вимоги готелю); Обов'язкова доплата за оренду радіоприймача з навушниками для екскурсій - 2€/день (оплачується керівнику групи); Послуга ""Місце Priority"" - 15€/особа (Замовляється при бронюванні туру. Обирається місце з 1 по 12); Послуга ""Одномісне розміщення"" - 255€ (доплата до вартості туру); Послуга ""Останній ряд"" - знижка 10€ від вартості туру при виборі місця в останньому ряді автобуса.; Послуга ""Для наречених пар"" - знижка 5% від вартості туру для тих хто нещодавно побрався (забронювати тур не пізніше 30 днів з дати розпису).; Послуга ""Додаткове вільне місце біля себе"" - 75% до вартості туру.; Послуга ""Подарунок на день народження"" . - Даруємо 1 безкоштовну факультативну екскурсію в турі на вибір Туроператора (вартість екскурсії не перевищуватиме 20€. Обрати екскурсію можливо лише з того переліку, який надасть Туроператор вже в турі). - Подарункова екскурсія надається лише у разі, якщо день народження туриста припадає безпосередньо на дати туру.; Послуга ""Організованим групам"" Детальні умови по бронюванню організованих груп дивіться у розділі: організованим групам Увага! Для груп більш як 40 осіб, необхідно писати індивідуальний запит - детальні умови",,"Зверніть увагу! У вартість туру включені 5 екскурсії по містах: Грац, Венеція Рим (2 екскурсії), Флоренція.; Тур на 8 днів без нічних переїздів . Ранковий виїзд з України та нічне прибуття в Україну (залежно від проходження кордону).; Ночівля у готелях категорії 3-4* на території Угорщини (2 ночі) та Італії (5 ночей).; У турі відвідаємо: Угорщину (Будапешт), Австрію (Грац) та чудові міста Італії (Рим (3 дні), Неаполь, острів Капрі, Помпеї, Флоренція, Сієна, Піза, Венеція).; Неймовірний тур по величних містах Італії, який дозволить зануритися в історичне минуле країни.; У Будапешті будемо мати змогу прогулятися по Дунаю на кораблику. Відвідаємо найкрасивіше місто не тільки Австрії, але і всієї Європи, мальовниче місто на річці Мур - місто Грац . Прогуляємося вуличками величного і прекрасного Риму - імператорського міста і побачимо найвизначніші пам’ятки: Капітолійський музей, величний Пантеон, Римський форум. Завітаємо у найменшу країну у світі – Ватикан. Пропонуємо відвідати Неаполь, місто, в яке Ви закохаєтеся з першого погляду. Завітаємо у нескінченно квітучий острів Капрі , що притягує своїм сяйвом і теплом. Найцікавіше на Капрі - це море, а також дика природа і пейзажі, висічені вітром і морем. Дізнаємося факти і секрети більш ніж двотисячолітньої історії дивовижної Флоренції. Завітаємо в одну з прекрасних перлин регіону Тоскана – в місто Піза . А також заїдемо у Сієну - одне з найкрасивіших міст Італії, що зберегло на своїх вузьких вуличках середньовічний дух і входить до списку Всесвітньої культурної спадщини ЮНЕСКО. У Венеції пропонуємо здійснити романтичну прогулянку на гондолі, екскурсію по Гранд-Каналу - головній вулиці Венеції.; У вартість туру включено проживання в готелях категорії 3-4* .; Детальніше з програмою туру можете ознайомитися в розділі "" Програма туру "".; Враження від туру інших учасників можете переглянути у розділі "" Відгуки "".; Фотографії, відео, відгуки можете подивитися в соцмережах: instagram , facebook , telegram .; Графік виїздів, та інформацію про гарантовані автобусні тури до Італії дивіться в календарі на сайті. Якщо у вас виникли запитання, ви можете проконсультуватися з менеджером: натискайте на кнопку ""відправити запит"". Якщо бажаєте придбати тур, натискайте tour_id=575 , agent_url=/tour/pohlyad-v-mynule-rym-pompeyi-neapol, type=text, title=""Замовити тур"".",462,496,✅ done,"22.06.2026, 11:59:38"
https://adriatic-travel.com.ua/tour/yakyy-chudovyy-krakiv-park-enerdzhilandiya,«Який чудовий Краків + парк Енерджіландія»,"Краків, Закопане, Величка",30,"Львів, Тарнув, Краків",Проїзд автобусом єврокласу; Супровід керівником групи; Проживання по маршруту: готель 3*; Харчування - сніданки; Оглядова екскурсія по Кракову; Страхування,"Проїзд в громадському транспорті; Факультативні екскурсії; Вхідні квитки в екскурсійні об'єкти; Особисті витрати (обіди, вечері, та інше); City tax - 2€ /ніч/особа (місцевий податок, оплачується керівнику групи за вимоги готелю); Обов'язкова доплата за оренду радіоприймача з навушниками для екскурсій - 2€/день (оплачується керівнику групи); Послуга ""Місце Priority"" - 7€/особа (Замовляється при бронюванні туру. Обирається місце з 5 по 12); Послуга ""Одномісне розміщення"" - 80€ (доплата до вартості туру); За умови індивідуального бронювання - діти віком до 13 років включно, НЕ ОПЛАЧУЮТЬ факультативні екскурсії, якщо інше не вказано в програмі туру (Якщо в програмі туру вказана вартість для дітей - то така факультативна екскурсія оплачується по вказаній вартості). Вхідні квитки в екскурсійні об'єкти та послуги трансферу оплачуються на загальних підставах. За умови бронювання туру для організованих груп, турів на випускний - всі учасники групи оплачують стандартну вартість факультативних екскурсій.; Послуга ""Останній ряд"" - знижка 10€ від вартості туру при виборі місця в останньому ряді автобуса.; Послуга ""Для наречених пар"" - знижка 5% від вартості туру для тих хто нещодавно побрався (забронювати тур не пізніше 30 днів з дати розпису).; Послуга ""Додаткове вільне місце біля себе"" - 75% до вартості туру.; Послуга ""Подарунок на день народження"" . - Даруємо 1 безкоштовну факультативну екскурсію в турі на вибір Туроператора (вартість екскурсії не перевищуватиме 20€. Обрати екскурсію можливо лише з того переліку, який надасть Туроператор вже в турі). - Подарункова екскурсія надається лише у разі, якщо день народження туриста припадає безпосередньо на дати туру.",,"Автобусний тур вихідного дня, без нічних переїздів , на 3 дні: виїзд зі Львова у п’ятницю зранку, нічне повернення у неділю до Львова (орієнтовно після 23:30, в залежності від проходження кордону); Відвідаємо такі міста Європи: Краків, Закопане, Величка (Польща). Ми проведемо 2 незабутні ночі у казковому Кракові . Матимемо нагоду побачити єврейський квартал – Казімеж, відвідати лабіринти соляних шахт Велічки , спробувати справжнього польського пива. Також, буде нагода побачити одне з найбільш високогірних міст Польщі – Закопане , яке розташоване у вузькій впадині між Татрами і вузьким ланцюгом Губалувки. Детальний маршрут туру дивыться в розділі "" Маршрут "".; Зверніть увагу! У вартість туру включена 1 екскурсія по місту: Краків .; У вартість туру входить проживання в готелі категорії 3* на території Польщі.; З детальною програмою туру ви можете ознайомитися в розділі "" Програма туру "".; Враження від подорожі інших учасників тура дивіться в розділі "" Відгуки "".; Фотографії, відео, відгуки можете подивитися в соцмережах: instagram , telegram , facebook; Графік виїздів, та інформацію про гарантовані автобусні тури на різдвяні ярмарки Польщі дивіться в календарі на сайті. Якщо у вас виникли запитання, ви можете проконсультуватися з менеджером: натискайте на кнопку ""відправити запит"". Якщо бажаєте придбати тур, натискайте tour_id=1424 , agent_url=/tour/yakyy-chudovyy-krakiv-park-enerdzhilandiy, type=text, title=""Замовити тур"".",152,163,✅ done,"22.06.2026, 11:59:42"
https://adriatic-travel.com.ua/tour/praha-moye-ulyublene-misto,«Прага - моє улюблене місто»,"Краків, Прага(1 ніч), Дрезден",30,"Львів, Катовіце, Краків, Тарнув",Проїзд автобусом єврокласу; Супровід керівником групи; Проживання по маршруту: готель 3*; Харчування - сніданки; Оглядові екскурсії по Дрездену та Празі; Страхування,"Проїзд в громадському транспорті; Факультативні екскурсії; Вхідні квитки в екскурсійні об'єкти; Особисті витрати (обіди, вечері, та інше); City tax - 3€ з особи/доба; Обов'язкова доплата за оренду радіоприймача з навушниками для екскурсій - 2€/день (оплачується керівнику групи); Послуга ""Місце Priority"" - 10€/особа (Замовляється при бронюванні туру. Обирається місце з 5 по 12); Послуга ""Одномісне розміщення"" - 25€ (доплата до вартості туру); За умови індивідуального бронювання - діти віком до 13 років включно, НЕ ОПЛАЧУЮТЬ факультативні екскурсії, якщо інше не вказано в програмі туру (Якщо в програмі туру вказана вартість для дітей - то така факультативна екскурсія оплачується по вказаній вартості). Вхідні квитки в екскурсійні об'єкти та послуги трансферу оплачуються на загальних підставах. За умови бронювання туру для організованих груп, турів на випускний - всі учасники групи оплачують стандартну вартість факультативних екскурсій.; Послуга ""Останній ряд"" - знижка 10€ від вартості туру при виборі місця в останньому ряді автобуса.; Послуга ""Для наречених пар"" - знижка 5% від вартості туру для тих хто нещодавно побрався (забронювати тур не пізніше 30 днів з дати розпису).; Послуга ""Додаткове вільне місце біля себе"" - 75% до вартості туру.; Послуга ""Подарунок на день народження"" . - Даруємо 1 безкоштовну факультативну екскурсію в турі на вибір Туроператора (вартість екскурсії не перевищуватиме 20€. Обрати екскурсію можливо лише з того переліку, який надасть Туроператор вже в турі). - Подарункова екскурсія надається лише у разі, якщо день народження туриста припадає безпосередньо на дати туру.",,"Автобусний тур вихідного дня на 4 дні з двома нічними переїздами. Денний виїзд зі Львова та денне прибуття у Львів (в залежності від проходження кордону).; У турі відвідаємо: Польща (Краків), Чехію (Прагу) та Німеччину (Дрезден).; У Кракові ми побачимо ринкову площу, яку оточують чудові кам'яниці та палаци, колишні торгові ряди (Сукенніце). Прогуляємося по історичних районах Праги та її чудовим пам’яткам архітектури. Будемо мати змогу відвідати знамениті пивні та послухати історії про них. А також завітаємо у скарбницю саксонського бароко – місто Дрезден, яке заворожує блискучим і захопливим поєднанням традицій і сучасності.; Зверніть увагу! У вартості туру 2 екскурсії по містах: Дрезден, Прага .; У вартості туру проживання в готелі категорії 3* на території Чехії (1 ніч).; З детальною програмою туру ви можете ознайомитися в розділі "" Програма туру "".; Враження від туру інших учасників можете переглянути у розділі "" Відгуки "".; Фотографії, відео, відгуки можете подивитися в соцмережах: instagram , facebook , telegram .; Графік виїздів, ціна тура та інформацію про гарантовані автобусні тури до Чехії дивіться в календарі на сайті. Якщо у вас виникли запитання, ви можете проконсультуватися з менеджером: натискайте на кнопку ""відправити запит"". Якщо бажаєте придбати тур, натискайте tour_id=462, agent_url=/tour/praha-moye-ulyublene-misto, type=text, title=""Замовити тур""",168,180,✅ done,"22.06.2026, 11:59:46"
https://adriatic-travel.com.ua/tour/o-rym-ty-tsilyy-svit,"«О Рим, ти цілий світ!»","Відень, Краків, Флоренція, Піза, Рим, Ватикан, Венеція, Егер",6,"Львів, Краків, Брно, район Відня","Проїзд автобусом єврокласу; Супровід керівником групи; Проживання по маршруту: готель 3*; Харчування - сніданки; 4 Екскурсії: по Відню, Флоренції, Риму та Венеції; Страхування","Проїзд в громадському транспорті; Факультативні екскурсії; Вхідні квитки в екскурсійні об'єкти; Особисті витрати (обіди, вечері, та інше); City tax - від 3€ до 7€ (місцевий податок, оплачується керівнику групи за вимоги готелю); Обов'язкова доплата за оренду радіоприймача з навушниками для екскурсій - 2€/день (оплачується керівнику групи); Послуга ""Місце Priority"" - 15€/особа (Замовляється при бронюванні туру. Обирається місце з 1 по 12); Послуга ""Одномісне розміщення"" - 175€ (доплата до вартості туру); За умови індивідуального бронювання - діти віком до 13 років включно, НЕ ОПЛАЧУЮТЬ факультативні екскурсії, якщо інше не вказано в програмі туру (Якщо в програмі туру вказана вартість для дітей - то така факультативна екскурсія оплачується по вказаній вартості). Вхідні квитки в екскурсійні об'єкти та послуги трансферу оплачуються на загальних підставах. За умови бронювання туру для організованих груп, турів на випускний - всі учасники групи оплачують стандартну вартість факультативних екскурсій.; Послуга ""Останній ряд"" - знижка 10€ від вартості туру при виборі місця в останньому ряді автобуса.; Послуга ""Для наречених пар"" - знижка 5% від вартості туру для тих хто нещодавно побрався (забронювати тур не пізніше 30 днів з дати розпису).; Послуга ""Додаткове вільне місце біля себе"" - 75% до вартості туру.; Послуга ""Подарунок на день народження"" . - Даруємо 1 безкоштовну факультативну екскурсію в турі на вибір Туроператора (вартість екскурсії не перевищуватиме 20€. Обрати екскурсію можливо лише з того переліку, який надасть Туроператор вже в турі). - Подарункова екскурсія надається лише у разі, якщо день народження туриста припадає безпосередньо на дати туру.",,"Автобусний тур на 6 днів, без нічних переїздів . Ранковий виїзд зі Львова і нічне повернення у Львів (залежно від проходження кордону).; Відвідаємо такі міста Відень, Краків, Флоренція, Піза, Рим, Ватикан, Венеція, Егер.; Їдемо до Італії, через Польщу ! Завітаємо спочатку в Краків . Після цього переїжджаємо до столиці Австрії - Відня. Далі нас вже очікує Італія: Флоренція, Піза, Рим, Ватикан . Проведемо один незабутній день у Римі . Відвідаємо також романтичну Венецію . На зворотному шляху заїдемо до Єгеру .; Зверніть увагу! У вартість туру включено 4 екскурсії по містах: Відень, Флоренція, Рим, Венеція.; У вартість туру також входить проживання у готелях категорії 3* . Сніданки включені у вартість.; Рим - столиця імперії: 2 дні в Римі + Флоренція та Венеція (через Угорщину); Рим - вічне місто! (через Угорщину); Рим і магія Італії (через Польщу); усі автобусні тури до Італії; усі автобусні тури без нічних переїздів; діючі акції на автобусні тури",365,392,✅ done,"22.06.2026, 11:59:50"
https://adriatic-travel.com.ua/tour/zustrinemos-v-paryzhi,«Зустрічаємось в Парижі + Мюнхен та Зальцбург!»,"Будапешт, Зальцбург, Зальцкаммергут, Париж(1 ніч), Мюнхен, Прага",6,"Львів, Стрий, Мукачево, Будапешт, район Відня, Зальцбург","Проїзд автобусом єврокласу; Супровід керівником групи; Проживання по маршруту: готель зі сніданками; Харчування — сніданки; 4 екскурсії по містах: Мюнхен, Париж, Зальцбург та Прага.; Страхування","Проїзд в громадському транспорті; Факультативні екскурсії; Вхідні квитки в екскурсійні об'єкти; Особисті витрати (обіди, вечері, та інше); City tax - від 2€ до 5€ за ніч в готелі (місцевий податок, оплачується керівнику групи за вимоги готелю); Обов'язкова доплата за оренду радіоприймача з навушниками для екскурсій - 2€/день (оплачується керівнику групи); Послуга ""Місце Priority"" - 15€/особа (Замовляється при бронюванні туру. Обирається місце з 5 по 12); Послуга ""Одномісне розміщення"" - 190€ (доплата до вартості туру); За умови індивідуального бронювання - діти віком до 13 років включно, НЕ ОПЛАЧУЮТЬ факультативні екскурсії, якщо інше не вказано в програмі туру (Якщо в програмі туру вказана вартість для дітей - то така факультативна екскурсія оплачується по вказаній вартості). Вхідні квитки в екскурсійні об'єкти та послуги трансферу оплачуються на загальних підставах. За умови бронювання туру для організованих груп, турів на випускний - всі учасники групи оплачують стандартну вартість факультативних екскурсій.; Послуга ""Останній ряд"" - знижка 10€ від вартості туру при виборі місця в останньому ряді автобуса.; Послуга ""Для наречених пар"" - знижка 5% від вартості туру для тих хто нещодавно побрався (забронювати тур не пізніше 30 днів з дати розпису).; Послуга ""Додаткове вільне місце біля себе"" - 75% до вартості туру.; Послуга ""Подарунок на день народження"" . - Даруємо 1 безкоштовну факультативну екскурсію в турі на вибір Туроператора (вартість екскурсії не перевищуватиме 20€. Обрати екскурсію можливо лише з того переліку, який надасть Туроператор вже в турі). - Подарункова екскурсія надається лише у разі, якщо день народження туриста припадає безпосередньо на дати туру.",,"Автобусний тур на 6 днів, без нічних переїздів . Ранковий виїзд зі Львова і нічне прибуття у Львів (в залежності від проходження кордону); Завітаємо у казкові міста: Будапешт ( Угорщина ), Мюнхен ( Німеччина ), 1 ніч у місті кохання Парижі ( Франція ), Зальцбург ( Австрія ), Прага ( Чехія ). Детальний маршрут тура можете переглянути в розділі "" Маршрут "".; У Будапешті можна буде здійснити прогулянку по Дунаю. Завітаємо в Зальцбург – місто, яке переносить в казку, Ви побачите палац і парк Мірабель, музеї Моцарта, будинки Крістіана Доплера і Герберта фон Караяна, центральну вулицю Гетрайдегассе, концертні зали Festspielhäuse, монастир святого Петра, Кафедральний собор. Париж – місто ,в яке закохатись не можливо. Чарує загадковим минулим та не менш прекрасним теперішнім. Ми потонемо у вечірніх вогнях Парижу, поринемо у неймовірний світ Діснею. Матимемо змогу споглядати неймовірні роботи Леонардо Да Вінчі, Рембрандта, Тиціана, Рафаеля в Луврі . Погуляємо по річці Сені , що дасть нам змогу відкрити для себе Париж по – новому. В Парижі проведемо 2 дні . Мюнхен місто з багатим минулим, історичною та культурною спадщиною, насиченою сучасним життям. Побуваємо у місцях видатних людей: Рентген, Дизель, фізик Ом. Побачимо будівлю парламенту, баварський національний музей, уряд, річний палацово-парковий ансамбль Німфенбург, заїдемо до Олімпійського парку і на територію БМВ. Прогуляємося по історичних районах Праги та її чудовим пам’яткам архітектури. Будемо мати змогу відвідати знамениті пивні та послухати історії про них.; Зверніть увагу! У вартість туру включено 4 екскурсії по містах: Мюнхен, Париж, Зальцбург та Прага.; У вартітсь туру входить проживання у готелях зі сніданками.; З детальною програмою туру ви можете ознайомитися в розділі "" Програма туру "".; Враження від туру інших учасників можете переглянути в розділі "" Відгуки "".; Фотографії, відео, відгуки можете подивитися в соцмережах: instagram , facebook , telegram .; Графік виїздів, та інформацію про гарантовані автобусні тури у Францію дивіться в календарі на сайті. Якщо у вас виникли запитання, ви можете проконсультуватися з менеджером: натискайте на кнопку ""відправити запит"". Якщо бажаєте придбати тур, натискайте tour_id=559, agent_url=/tour/zustrinemos-v-paryzhi, type=text, title=""Замовити тур"".",372,400,✅ done,"22.06.2026, 11:59:54"
https://adriatic-travel.com.ua/tour/veseli-kanikuly-3-dni-v-paryzhi-normandiya-ta-disneylend,«Веселі канікули: 3 дні в Парижі + Нормандія та Діснейленд!»,"Краків, Берлін, Париж, Руан, Довіль, Трувіль-сюр-Мер, Етрета, Нюрнберг, Прага, Брно",7,"Львів, Перемишль, Тарнув, Краків, Катовіце, Вроцлав, Берлін","Проїзд автобусом єврокласу; Супровід керівником групи; Проживання по маршруту: готель зі сніданками; Харчування - сніданки; Екскурсійні об'єкти: Берлін, Прага, музей парфумерії Фрагонар та Париж, трансфер в Діснейленд; Страхування","Проїзд в громадському транспорті; Факультативні екскурсії; Вхідні квитки в екскурсійні об'єкти; Особисті витрати (обіди, вечері, та інше); City tax - від 2€ до 6€ за ніч в готелі (місцевий податок, оплачується керівнику групи за вимоги готелю); Обов'язкова доплата за оренду радіоприймача з навушниками для екскурсій - 2€/день (оплачується керівнику групи); Послуга ""Місце Priority"" - 15€/особа (Замовляється при бронюванні туру. Обирається місце з 5 по 12); Послуга ""Одномісне розміщення"" - 155€ (доплата до вартості туру); За умови індивідуального бронювання - діти віком до 13 років включно, НЕ ОПЛАЧУЮТЬ факультативні екскурсії, якщо інше не вказано в програмі туру (Якщо в програмі туру вказана вартість для дітей - то така факультативна екскурсія оплачується по вказаній вартості). Вхідні квитки в екскурсійні об'єкти та послуги трансферу оплачуються на загальних підставах. За умови бронювання туру для організованих груп, турів на випускний - всі учасники групи оплачують стандартну вартість факультативних екскурсій.; Послуга ""Останній ряд"" - знижка 10€ від вартості туру при виборі місця в останньому ряді автобуса.; Послуга ""Для наречених пар"" - знижка 5% від вартості туру для тих хто нещодавно побрався (забронювати тур не пізніше 30 днів з дати розпису).; Послуга ""Додаткове вільне місце біля себе"" - 75% до вартості туру.",,"Автобусний тур на 7 днів, 2 нічних переїзди. Ранковий виїзд зі Львова і вечірнє прибуття до Львова (в залежності від проходження кордону).; Відвідуємо такі міста: Вроцлав, Берлін, Париж, Руан, Етрета, Нюрнберг, Прага, Брно. Детальний маршрут тура можете переглянути в розділі ""Маршрут"".; У цьому турі відвідаємо такі цікаві міста, як Вроцлав, Берлін, Париж, Прага та Брно. У кожному з цих міст є багато цікавинок і кожен може знайти для себе атракції і заняття до душі. Особливо для дітей, адже там є багато розважальних і пізнавальних місць. Вроцлав зі своєю приятельською атмосферою та історією. Берлін зі своїм відомим зоопарком, у якому найбільша кількість видів тварин з-поміж усіх інших. Париж , скільки б туди не їхали, все одно знайдеться щось, із чим ще потрібно познайомитись, і звісно ж Паризький Діснейленд, який є справжнім раєм для дітей! Хоча не забуваймо і про менш відомий, але від цього не менш захопливий тематичний парк розваг популярного у світі мультика «Астерікс»! Заїдемо до Праги , де зможемо скуштувати Трдельник, Карловарські вафлі, Празький торт, пернік, сливові кльоцки, палачінки, фргал і багато іншого, що важко з першого разу вимовити, але неймовірно смачно. І по дорозі додому можемо відвідати друге найбільше місто Чехії – Брно , або ж неймовірний комплекс карстових печер – Моравський крас !; Зверніть увагу! У вартість туру включено 5 екскурсійних об'єктів: Берлін, Прага, Париж та музей парфумерії Фрагонар, трансфер в Діснейленд; У вартітсь туру входить проживання у готелях . Сніданки включені у вартість.; З детальною програмою тура можете ознайомитися у розділі "" Програма ""; Враження від туру інших учасників можете переглянути у розділі "" Відгуки "".; Фотографії, відео, відгуки можете подивитися в соцмережах: instagram , facebook , telegram .; Графік виїздів, та інформацію про гарантовані автобусні тури до Парижа та Нормандії дивіться в календарі на сайті. Якщо у вас виникли запитання, ви можете проконсультуватися з менеджером: натискайте на кнопку ""відправити запит"". Якщо бажаєте придбати тур, натискайте tour_id=1394 , agent_url=/tour/veseli-kanikuly-u-paryzhi-disneylend, type=text, title=""Замовити тур""",329,353,✅ done,"22.06.2026, 11:59:58"
https://adriatic-travel.com.ua/tour/rumuniya-zaproshuye,«Румунія запрошує! Бухарест + замки Трансільванії»,"Бухарест(1 ніч), Брашов(1 ніч)",30,Львів,Проїзд автобусом єврокласу; Супровід керівником групи; Проживання по маршруту: готель 3*; Харчування - сніданки; Оглядова екскурсія по м. Бухарест; Страхування,"Проїзд в громадському транспорті; Факультативні екскурсії; Вхідні квитки в екскурсійні об'єкти; Особисті витрати (обіди, вечері, та інше); City tax - 3€/за добу/з особи (місцевий податок, оплачується керівнику групи за вимоги готелю); Обов'язкова доплата за оренду радіоприймача з навушниками для екскурсій - 2€/день (оплачується керівнику групи); Послуга ""Місце Priority"" - 10€/особа (Замовляється при бронюванні туру. Обирається місце з 5 по 12); Послуга ""Одномісне розміщення"" - 50€ (доплата до вартості туру); За умови індивідуального бронювання - діти віком до 13 років включно, НЕ ОПЛАЧУЮТЬ факультативні екскурсії, якщо інше не вказано в програмі туру (Якщо в програмі туру вказана вартість для дітей - то така факультативна екскурсія оплачується по вказаній вартості). Вхідні квитки в екскурсійні об'єкти та послуги трансферу оплачуються на загальних підставах. За умови бронювання туру для організованих груп, турів на випускний - всі учасники групи оплачують стандартну вартість факультативних екскурсій.; Послуга ""Останній ряд"" - знижка 10€ від вартості туру при виборі місця в останньому ряді автобуса.; Послуга ""Для наречених пар"" - знижка 5% від вартості туру для тих хто нещодавно побрався (забронювати тур не пізніше 30 днів з дати розпису).; Послуга ""Додаткове вільне місце біля себе"" - 75% до вартості туру.",,"Автобусний тур на 4 дні з 1 нічним переїздом. Вечірній виїзд зі Львова і нічне поверенення у Львів (в залежності від проходження кордону).; Відвідаємо Бухарест, Брашов.; Запрошуємо на знайомство з Румунією! На початку туру завітаємо в столицю Бухарест! Проведемо незабутній день в замках, посмакуємо кухнею і вином, а на кінець побалуємо себе в найбільшому термальному комплексі Європи - Therme București . Тут ви відчуєте себе у справжньому тропічному раї: більш як 500 пальм і 800 тисяч різних рослин, привезених з різних куточків світу, басейни, пляжі та сауни. Ви в прямому сенсі відчуєте себе в джунглях. Самі терми поділені на три зони - в залежності від того, чим вам захочеться зайнятися: Galaxy (парк розваг з гірками), The Palm (зона відпочинку з величезним басейном) і Elysium (преміальна зона з саунами, цинковим басейном, масажем і найкращим рестораном в термах). А далі нас зустрічає Трансільванія, з її неймовірними замками Бран, Пелеш, Кантакузіно і Ришнов – вони не залишать байдужими жодного туриста.; Зверніть увагу! У вартість туру включено 1 екскурсії по місту: Бухарест .; У вартість туру також входить проживання у готелях категорії 3* . Сніданки включені у вартість.; З детальною програмою тура можете ознайомитися у розділі "" Програма ""; Враження від туру інших учасників можете переглянути у розділі "" Відгуки "".; Фотографії, відео, відгуки можете подивитися в соцмережах: instagram , facebook , telegram .; Графік виїздів, та інформацію про гарантовані автобусні тури до Румунії дивіться в календарі на сайті. Якщо у вас виникли запитання, ви можете проконсультуватися з менеджером: натискайте на кнопку ""відправити запит"". Якщо бажаєте придбати тур, натискайте tour_id=1290 , agent_url=/tour/rumuniya-zaproshuye, type=text, title=""Замовити тур""",168,180,✅ done,"22.06.2026, 12:00:02"
https://adriatic-travel.com.ua/tour/blyskuchyy-vikend-drezden-praha-viden,«Блискучий вікенд: Дрезден - Прага - Відень - Будапешт»,"Краків, Майсен, Дрезден, Прага, Відень, Будапешт(1 ніч), Егерсалок, Егер",5,"Львів, Тарнув, Краків, Катовіце, Легніца",Проїзд автобусом єврокласу; Супровід керівником групи; Проживання по маршруту: готель 3*; Харчування - сніданки; Оглядові екскурсії у Дрездені та Празі; Страхування,"Проїзд в громадському транспорті; Факультативні екскурсії; Вхідні квитки в екскурсійні об'єкти; Особисті витрати (обіди, вечері, та інше); City tax - 12€ з особи (місцевий податок, оплачується керівнику групи за вимоги готелю); Обов'язкова доплата за оренду радіоприймача з навушниками для екскурсій - 2€/день (оплачується керівнику групи); Послуга ""Місце Priority"" - 10€/особа (Замовляється при бронюванні туру. Обирається місце з 5 по 12); Послуга ""Одномісне розміщення"" - 100€ (доплата до вартості туру); Послуга ""Останній ряд"" - знижка 10€ від вартості туру при виборі місця в останньому ряді автобуса.; Послуга ""Для наречених пар"" - знижка 5% від вартості туру для тих хто нещодавно побрався (забронювати тур не пізніше 30 днів з дати розпису).; Послуга ""Додаткове вільне місце біля себе"" - 75% до вартості туру.; Послуга ""Подарунок на день народження"" . - Даруємо 1 безкоштовну факультативну екскурсію в турі на вибір Туроператора (вартість екскурсії не перевищуватиме 20€. Обрати екскурсію можливо лише з того переліку, який надасть Туроператор вже в турі). - Подарункова екскурсія надається лише у разі, якщо день народження туриста припадає безпосередньо на дати туру.; Послуга ""Організованим групам"" Детальні умови по бронюванню організованих груп дивіться у розділі: організованим групам Увага! Для груп більш як 40 осіб, необхідно писати індивідуальний запит - детальні умови; Послуга ""Сімейна подорож"" - знижки для дітей* (дана послуга не розповсюджується на бронювання туристичних послуг для організованих груп): Детальні умови по знижках на дітей дивіться у розділі: акції",,"Тур на 5 днів, без нічних переїздів . Ранковий виїзд зі Львова і нічне прибуття у Львів (в залежності від проходження кордону); В турі ми відвідаємо такі міста : Краків ( Польща ) , Майсен , Дрезден ( Німеччина ) , Прага ( Чехія ) , Відень ( Австрія ) , Будапешт, Егерсалок , Егер ( Угорщина ); Розпочинаємо нашу подорож з королівського міста Кракова , де ми матимемо можливість прогулятися по старому місту, побачити безліч неоціненних пам'яток архітектури та мистецтва. Вирушаємо у Дрезден – місто дивовижної краси, перлина бароко, тут ми побачимо і дізнаємось багато цікавого про чудове місто. Можемо відвідати Дрезденську картинну галерею – одне з найбільших зібрань живопису у світі. А ще в нас є можливість відвідати Саксонську Швейцарію – це унікальне місто з унікальною природою, химерними скелями, водоспадами, річками, приголомшливими фортецями. Можемо перенестись в Мейсен – всесвітньо відоме місто завдяки мейсенській порцеляні, тут ми побуваємо біля грандіозного готичного кафедрального собору, біля середньовічного замку Альбрехстбург, пройдемося по ринковій площі і відвідаємо сувенірні крамнички. Перенесемось в казкову Прагу , тут Ви пройдетесь лабіринтами вулиць Старого міста, і побуваєте у найкрасивіших місцях. Маємо можливість побачити Празький Град - найбільшу фортецю Чехії, прогулятись на катері по Влтаві, подивитись як варять пиво і звісно його продегустувати, а коли сяде сонце побачити вечірню Прагу у всій красі... Їдемо у Відень - столицю блискучої імперії, місто палаців і величних площ. Відень... пишний і помпезний, легковажний і веселий. Тут ми можемо прогулятись по вузьких середньовічних вуличках міста, завітати Імператорський палац Шонбрунн і відвідати один з кращих у світі зібрань християнських реліквій – Золоту скарбницю Габсбургів… Вирушаємо в Будапешт – серце Угорщини, тут можемо прогулятись на кораблику по Дунаю, перед Вами відкриється панорама вечірнього міста з дивовижною ілюмінацією. Можемо також насолодитися і отримати релакс в Термальних купальнях Saliris Resort - Spa& Conference Hotel – Egerszal ók за 140 км від Будапешту, біля підніжжя соляних схилів розташовані 17 критих і відкритих басейнів, джакузі, водні гірки, ванна з перлами і басейни для дітей. Також є можливість потрапити на дегустацію молодого вина з гуляшем у винні погреби в місті Егер .; Зверніть увагу! У вартості туру 2 екскурсії по містах: Дрезден, Прага.; У вартості туру входить проживання в готелі категорії 3* . Сніданки включені у вартість туру.; З детальною програмою туру ви можете ознайомитися в розділі "" Програма туру "".; Почитати враження від туру інших учасників можете в розділі "" Відгуки "".; Графік виїздів, ціна тура та інформацію про гарантовані автобусні тури по Європі дивіться в календарі на сайті. Якщо у вас виникли запитання, ви можете проконсультуватися з менеджером: натискайте на кнопку ""відправити запит"". Якщо бажаєте придбати тур, натискайте tour_id=1105 , agent_url=/tour/blyskuchyy-vikend-drezden-praha-viden, type=text, title=""Замовити тур""",247,265,✅ done,"22.06.2026, 12:00:06"
https://adriatic-travel.com.ua/tour/krashchi-z-krashchykh-viden-zaltsburh-myunkhen,«Кращі з кращих: Відень-Зальцбург-Мюнхен»,"Краків, Відень, Зальцбург, Мюнхен",30,"Львів, Тарнув, Краків, Катовіце, Оломоуц, Брно",Супровід керівником групи; Проживання по маршруту: готель 3*; Харчування - сніданки; 2 екскурсії: автобусна екскурсія «Відень – столиця розкоші» та екскурсія по місту Мюнхен; Страхування (Поліс доступний для звантаження в особистому кабінеті. Просимо видавати туристам перед виїздом!),"Проїзд в громадському транспорті; Факультативні екскурсії; Вхідні квитки в екскурсійні об'єкти; Особисті витрати (обіди, вечері, та інше); City tax - 3€/доба; Обов'язкова доплата за оренду радіоприймача з навушниками для екскурсій - 2€/день (оплачується керівнику групи); Послуга ""Місце Priority"" - 10€/особа (Замовляється при бронюванні туру. Обирається місце з 1 по 12); Послуга ""Одномісне розміщення"" - 75€ (доплата до вартості туру); Послуга ""Останній ряд"" - знижка 10€ від вартості туру при виборі місця в останньому ряді автобуса.; Послуга ""Для наречених пар"" - знижка 5% від вартості туру для тих хто нещодавно побрався (забронювати тур не пізніше 30 днів з дати розпису).; Послуга ""Додаткове вільне місце біля себе"" - 75% до вартості туру.; Послуга ""Подарунок на день народження"" . - Даруємо 1 безкоштовну факультативну екскурсію в турі на вибір Туроператора (вартість екскурсії не перевищуватиме 20€. Обрати екскурсію можливо лише з того переліку, який надасть Туроператор вже в турі). - Подарункова екскурсія надається лише у разі, якщо день народження туриста припадає безпосередньо на дати туру.; Послуга ""Організованим групам"" Детальні умови по бронюванню організованих груп дивіться у розділі: організованим групам Увага! Для груп більш як 40 осіб, необхідно писати індивідуальний запит - детальні умови; Послуга ""Сімейна подорож"" - знижки для дітей* (дана послуга не розповсюджується на бронювання туристичних послуг для організованих груп): Детальні умови по знижках на дітей дивіться у розділі: акції",,"Тур на 4 дні, без нічних переїзди. Ранній виїзд зі Львова і нічне прибуття у Львів (в залежності від проходження кордону); Відвідаємо незабутні міста: Краків (Польща), Відень, Зальцбург (Австрія), Мюнхен (Німеччина).; У Кракові прогуляємося Старим містом з головною площею і залишками укріплень XV ст. Відвідаємо Відень - столицю блискучої імперії, місто палаців і величних площ, мальовничих вуличок і численних скверів. Зальцбург – місто, яке переносить в казку, Ви побачите палац і парк Мірабель, музеї Моцарта, будинки Крістіана Доплера і Герберта фон Караяна, центральну вулицю Гетрайдегассе, концертні зали Festspielhäuse, монастир святого Петра, Кафедральний собор. Мюнхен місто з багатим минулим, історичною та культурною спадщиною, насиченою сучасним життям. Побуваємо у місцях видатних людей: Рентген, Дизель, фізик Ом. Побачимо будівлю парламенту, баварський національний музей, уряд, річний палацово-парковий ансамбль Німфенбург, заїдемо до Олімпійського парку і на територію БМВ. Також матимемо змогу відвідати головні пивоварні Мюнхену. Та зануримось у справжню баварську казку відвідавши замок Нойшванштайн.; У вартість туру входить: автобусна екскурсія «Відень – столиця розкоші», екскурсія по місту Мюнхен; Проживання у транзитних готелях категорії 3* на території Чехії та Австрії. Сніданки включені у вартість в готелях; Стандартна вартість діє при умові оплати туру за стандартною ціною по загальній програмі туру.",247,265,✅ done,"22.06.2026, 12:00:10"
https://adriatic-travel.com.ua/tour/yakyy-chudovyy-tsey-krakiv,«Який чудовий цей Краків»,"Краків(2 ночі), Закопане, Величка",30,"Львів, Тарнув, Краків",Проїзд автобусом єврокласу; Супровід керівником групи; Проживання по маршруту: готель 3*; Харчування - сніданки; Оглядова екскурсія по Кракову; Страхування,"Проїзд в громадському транспорті; Факультативні екскурсії; Вхідні квитки в екскурсійні об'єкти; Особисті витрати (обіди, вечері, та інше); City tax - 2€/ніч/особа (місцевий податок, оплачується керівнику групи за вимоги готелю); Обов'язкова доплата за оренду радіоприймача з навушниками для екскурсій - 2€/день (оплачується керівнику групи); Послуга ""Місце Priority"" - 7€/особа (Замовляється при бронюванні туру. Обирається місце з 5 по 12); Послуга ""Одномісне розміщення"" - 50€ (доплата до вартості туру); За умови індивідуального бронювання - діти віком до 13 років включно, НЕ ОПЛАЧУЮТЬ факультативні екскурсії, якщо інше не вказано в програмі туру (Якщо в програмі туру вказана вартість для дітей - то така факультативна екскурсія оплачується по вказаній вартості). Вхідні квитки в екскурсійні об'єкти та послуги трансферу оплачуються на загальних підставах. За умови бронювання туру для організованих груп, турів на випускний - всі учасники групи оплачують стандартну вартість факультативних екскурсій.; Послуга ""Останній ряд"" - знижка 10€ від вартості туру при виборі місця в останньому ряді автобуса.; Послуга ""Для наречених пар"" - знижка 5% від вартості туру для тих хто нещодавно побрався (забронювати тур не пізніше 30 днів з дати розпису).; Послуга ""Додаткове вільне місце біля себе"" - 75% до вартості туру.; Послуга ""Подарунок на день народження"" . - Даруємо 1 безкоштовну факультативну екскурсію в турі на вибір Туроператора (вартість екскурсії не перевищуватиме 20€. Обрати екскурсію можливо лише з того переліку, який надасть Туроператор вже в турі). - Подарункова екскурсія надається лише у разі, якщо день народження туриста припадає безпосередньо на дати туру.",,"Автобусний тур вихідного дня, без нічних переїздів , на 3 дні: виїзд зі Львова у п’ятницю зранку, нічне повернення у неділю до Львова (орієнтовно після 23:30, в залежності від проходження кордону); Відвідаємо такі міста Європи: Краків, Закопане, Величка (Польща). Ми проведемо 2 незабутні ночі у казковому Кракові . Матимемо нагоду побачити єврейський квартал – Казімеж, відвідати лабіринти соляних шахт Велічки , спробувати справжнього польського пива. Також, буде нагода побачити одне з найбільш високогірних міст Польщі – Закопане , яке розташоване у вузькій впадині між Татрами і вузьким ланцюгом Губалувки. Детальний маршрут туру дивыться в розділі "" Маршрут "".; Зверніть увагу! У вартість туру включена 1 екскурсія по місту: Краків .; У вартість туру входить проживання в готелі категорії 3* на території Польщі.; З детальною програмою туру ви можете ознайомитися в розділі "" Програма туру "".; Враження від подорожі інших учасників тура дивіться в розділі "" Відгуки "".; Фотографії, відео, відгуки можете подивитися в соцмережах: instagram , telegram , facebook; Графік виїздів, та інформацію про гарантовані автобусні тури до Польщі дивіться в календарі на сайті. Якщо у вас виникли запитання, ви можете проконсультуватися з менеджером: натискайте на кнопку ""відправити запит"". Якщо бажаєте придбати тур, натискайте tour_id=69 , agent_url=/tour/yakyy-chudovyy-tsey-krakiv, type=text, title=""Замовити тур"".; усі тури до Польщі; усі автобусни тури; діючі акції на автобусні тури",152,163,✅ done,"22.06.2026, 12:00:14"
https://adriatic-travel.com.ua/tour/pryyemnyy-vikend-krakiv-praha-viden-budapesht,«Приємний вікенд: Краків-Прага-Відень-Будапешт»,"Краків, Прага, Відень, Будапешт, Егер",4,"Львів, Тарнув, Краків, Катовіце, Оломоуц, Брно",Супровід керівником групи; Проживання по маршруту: готель 3*; Харчування - сніданки; Оглядова екскурсія по Празі; Страхування (Поліс доступний для звантаження в особистому кабінеті. Просимо видавати туристам перед виїздом!),"Проїзд в громадському транспорті; Факультативні екскурсії; Вхідні квитки в екскурсійні об'єкти; Особисті витрати (обіди, вечері, та інше); City tax - 3€ з особи/доба; Обов'язкова доплата за оренду радіоприймача з навушниками для екскурсій - 2€/день (оплачується керівнику групи); Послуга ""Місце Priority"" - 10€/особа (Замовляється при бронюванні туру. Обирається місце з 1 по 12); Послуга ""Одномісне розміщення"" - 25€ (доплата до вартості туру); За умови індивідуального бронювання - діти віком до 13 років включно, НЕ ОПЛАЧУЮТЬ факультативні екскурсії, якщо інше не вказано в програмі туру (Якщо в програмі туру вказана вартість для дітей - то така факультативна екскурсія оплачується по вказаній вартості). Вхідні квитки в екскурсійні об'єкти та послуги трансферу оплачуються на загальних підставах. За умови бронювання туру для організованих груп, турів на випускний - всі учасники групи оплачують стандартну вартість факультативних екскурсій.; Послуга ""Останній ряд"" - знижка 10€ від вартості туру при виборі місця в останньому ряді автобуса.; Послуга ""Для наречених пар"" - знижка 5% від вартості туру для тих хто нещодавно побрався (забронювати тур не пізніше 30 днів з дати розпису).; Послуга ""Додаткове вільне місце біля себе"" - 75% до вартості туру.",,"Автобусний тур на 4 днів з двома нічними переїздами. Денний виїзд зі Львова та денне прибуття у Львів (в залежності від проходження кордону).; У турі відвідаємо: Польщу (Краків), Чехію (Прагу), Австрію (Відень) та Угорщину (Будапешт, Егер). Детальний маршрут тура дивіться в роділі "" Маршрут "".; Зверніть увагу: у вартість тура включена 1 оглядова екскурсія по Празі.; У вартість тура входить проживання у готелі категорії 3* на території Чехії (1 ніч).; З детальною програмою тура можете ознайомитися у розділі "" Програма "".; Враження від подорожі інших учасників тура дивіться в розділі "" Відгуки "".; Графік виїздів, та інформацію про гарантовані автобусні тури по Європі дивіться в календарі на сайті. Якщо у вас виникли запитання, ви можете проконсультуватися з менеджером: натискайте на кнопку ""замовити тур"", ""залишити запит на тур"".",159,170,✅ done,"22.06.2026, 12:00:18"
https://adriatic-travel.com.ua/tour/paryzh-tse-prystrast-paryzh-tse-svyato,«Париж - це пристрасть! Париж - це свято!»,"Вроцлав, Дрезден, Майсен, Париж, Руан, Довіль, Трувіль-сюр-Мер, Етрета, Нюрнберг, Прага, Брно, Краків",7,"Львів, Перемишль, Тарнув, Краків, Катовіце, Вроцлав, Дрезден","Супровід керівником групи; Проживання по маршруту: готель зі сніданками; Харчування - сніданки; Оглядова екскурсія по Празі, Парижу, парфумерній фабриці Фрагонар та Дрездену; Страхування","Проїзд в громадському транспорті; Факультативні екскурсії; Вхідні квитки в екскурсійні об'єкти; Особисті витрати (обіди, вечері, та інше); City tax - 2,5€/особа/доба (місцевий податок, оплачується керівнику групи за вимоги готелю); Обов'язкова доплата за оренду радіоприймача з навушниками для екскурсій - 2€/день (оплачується керівнику групи); Послуга ""Місце Priority"" - 15€/особа (Замовляється при бронюванні туру. Обирається місце з 5 по 12); Послуга ""Одномісне розміщення"" - 155€ (доплата до вартості туру); За умови індивідуального бронювання - діти віком до 13 років включно, НЕ ОПЛАЧУЮТЬ факультативні екскурсії, якщо інше не вказано в програмі туру (Якщо в програмі туру вказана вартість для дітей - то така факультативна екскурсія оплачується по вказаній вартості). Вхідні квитки в екскурсійні об'єкти та послуги трансферу оплачуються на загальних підставах. За умови бронювання туру для організованих груп, турів на випускний - всі учасники групи оплачують стандартну вартість факультативних екскурсій.; Послуга ""Останній ряд"" - знижка 10€ від вартості туру при виборі місця в останньому ряді автобуса.; Послуга ""Для наречених пар"" - знижка 5% від вартості туру для тих хто нещодавно побрався (забронювати тур не пізніше 30 днів з дати розпису).; Послуга ""Додаткове вільне місце біля себе"" - 75% до вартості туру.; Послуга ""Подарунок на день народження"" . - Даруємо 1 безкоштовну факультативну екскурсію в турі на вибір Туроператора (вартість екскурсії не перевищуватиме 20€. Обрати екскурсію можливо лише з того переліку, який надасть Туроператор вже в турі). - Подарункова екскурсія надається лише у разі, якщо день народження туриста припадає безпосередньо на дати туру.",,"Тур на 7 днів з двома нічними переїздами. Ранковий виїзд зі Львова. Вечірнє прибуття у Львів (в залежності від проходження кордону).; У турі відвідаємо: Польщу (Вроцлав, Краків), Чехію (Брно, Прагу), Францію (Париж), Німеччину (Дрезден, Нюрнберг).; У Кракові ми побачимо ринкову площу, яку оточують чудові кам'яниці та палаци, колишні торгові ряди (Сукенніце). Прогуляємося по історичних районах Праги та її чудовими пам’ятками архітектури. Будемо мати змогу відвідати знамениті пивні заклади та послухати історії про них. Відчуємо, що Париж стає рідним з першого погляду і з першого кроку, адже паризькі прогулянки заводять у минуле, у потаємні куточки душі. Матимемо змогу насолодитись красою Парижу у вечірніх вогнях. Відкриємо для себе чарівний світ Діснея і справжню магію Парижа. Ознайомимося з цікавою історією та з визначними пам'ятками Дрездену.; Зверніть увагу! У вартості туру 4 екскурсії: Прага, Париж, парфумерна фабрика Фрагонар, Дрезден.; У вартості проживання в готелях на території Чехії (1 ніч) , Франції (2 ночі) , Польщі (1 ніч). Сніданки у вартості; Детальніше з програмою туру можете ознайомитися в розділі "" Програма туру "".; Враження від туру інших учасників дивіться в розділі "" Відгуки ""; Фотографії, відео, відгуки можете подивитися в соцмережах: instagram , facebook , telegram .; Графік виїздів, та інформацію про гарантовані автобусні тури до Франції дивіться в календарі на сайті. Якщо у вас виникли запитання, ви можете проконсультуватися з менеджером: натискайте на кнопку ""відправити запит"". Якщо бажаєте придбати тур, натискайте tour_id=94, agent_url=/tour/paryzh-tse-prystrast-paryzh-tse-svyato, type=text, title=""Замовити тур"".; всі автобусні тури до Франції; всі автобусні тури в Париж; діючі акції на автобусні тури",324,348,✅ done,"22.06.2026, 12:00:22"
https://adriatic-travel.com.ua/tour/vidpustka-klasu-lyuks-krainy-benilyuks,"«Відпустка класу ""Люкс"" - країни БеНіЛюкс!»","Краків, Берлін, Амстердам, Зансе-Сханс, Брюссель, Брюгге, Люксембург, Прага",6,"Львів, Перемишль, Ярослав, Тарнув, Краків, Катовіце, Вроцлав, Легніца, Берлін, Магдебург, Ганновер, Оснабрюк","Проїзд автобусом єврокасу; Супровід керівником групи; Проживання по маршруту: готель 3*; Харчування - сніданки; Оглядові екскурсії по Берліну, Брюселю та Люксембургу; Страхування","Проїзд в громадському транспорті; Факультативні екскурсії; Вхідні квитки в екскурсійні об'єкти; Особисті витрати (обіди, вечері, та інше); City tax - від 3€ до 7€ (місцевий податок, оплачується керівнику групи за вимоги готелю); Обов'язкова доплата за оренду радіоприймача з навушниками для екскурсій - 2€/день (оплачується керівнику групи); Послуга ""Місце Priority"" - 15€/особа (Замовляється при бронюванні туру. Обирається місце з 5 по 12); Послуга ""Одномісне розміщення"" - 195€ (доплата до вартості туру); За умови індивідуального бронювання - діти віком до 13 років включно, НЕ ОПЛАЧУЮТЬ факультативні екскурсії, якщо інше не вказано в програмі туру (Якщо в програмі туру вказана вартість для дітей - то така факультативна екскурсія оплачується по вказаній вартості). Вхідні квитки в екскурсійні об'єкти та послуги трансферу оплачуються на загальних підставах. За умови бронювання туру для організованих груп, турів на випускний - всі учасники групи оплачують стандартну вартість факультативних екскурсій.; Послуга ""Останній ряд"" - знижка 10€ від вартості туру при виборі місця в останньому ряді автобуса.; Послуга ""Для наречених пар"" - знижка 5% від вартості туру для тих хто нещодавно побрався (забронювати тур не пізніше 30 днів з дати розпису).; Послуга ""Додаткове вільне місце біля себе"" - 75% до вартості туру.; Послуга ""Подарунок на день народження"" . - Даруємо 1 безкоштовну факультативну екскурсію в турі на вибір Туроператора (вартість екскурсії не перевищуватиме 20€. Обрати екскурсію можливо лише з того переліку, який надасть Туроператор вже в турі). - Подарункова екскурсія надається лише у разі, якщо день народження туриста припадає безпосередньо на дати туру.",,"Відвідаємо міста Краків ( Польща ), Берлін ( Німеччина ), Амстердам, Зансе-Сханс ( Нідерланди ), Брюссель, Брюгге ( Бельгія ), Люксембург, Прага ( Чехія ).; Цей тур пропонує незабутню подорож по кількох знакових містах Європи, з яких кожне має свій унікальний характер і чарівність.; У перший день ми заїдемо до Кракова , міста, яке славиться своєю історією, культурою та красивими вуличками. Тут ви зможете побачити такі пам'ятки, як Вавельський замок , Площу Ринок та Барбокан . Крім того, Краків є одним з найкращих місць в Польщі для відчуття аутентичної кухні та знайомства з місцевою культурою. Далі прямуємо до Берліна - столиці Німеччини та одного з найбільш впливових міст Європи. Тут ви зможете насолодитися величністю Бранденбурзької брами та Рейхстагу , зробити прогулянку по знаменитому бульвару Курфюрстендам та побачити на власні очі знамените графіті на залишках Берлінського муру . Наступним містом у маршруті є Амстердам , з його відомими каналами та затишними кав'ярнями. Ви можете відвідати музеї Ван Гога та Рейксмузеум , прогулятися вздовж річки Амстел і по площі Дам й спробувати традиційний нідерландський сир та голландську кухню. Після Амстердаму , маршрут веде до Брюсселя - столиці Бельгії та Європейського союзу. Тут ви зможете насолодитися відомим бельгійським шоколадом та смачним пивом, побачити Гран-Плас та Малого Жульєна , більш відомого як Хлопчик-дзюркунчик. А далі Люксембург – місто-держава, яке славиться своїми середньовічними фортецями та красивими парками. Тут ви зможете побачити місто з висоти, відвідати палац Грюнінген та відпочити в чудовому парку Петрусс . Останнім містом у маршруті є Прага , столиця Чеської Республіки , яка відома своєю старовинною архітектурою та пивом. Ви можете побачити замок Праги, старе місто та відвідати пивоварню для спроби справжнього чеського пива.; Цей тур може бути ідеальним варіантом для тих, хто хоче побачити багато за короткий проміжок часу та отримати незабутні враження від кожного міста.; З детальною програмою тура можете ознайомитися у розділі "" Програма ""; Враження від туру інших учасників можете переглянути у розділі "" Відгуки "".",367,394,✅ done,"22.06.2026, 12:00:29"
https://adriatic-travel.com.ua/tour/nash-chudovyy-vikend-krakiv-drezden-praha,«Наш чудовий вікенд: Краків-Дрезден-Прага»,"Краків, Дрезден, Майсен, Прага(1 ніч), Чеський Крумлов, Брно",30,"Львів, Тарнув, Краків, Катовіце, Оломоуц, Брно",Проїзд автобусом єврокласу; Супровід керівником групи; Проживання по маршруту: готель 3*; Харчування - сніданки; Оглядові екскурсії по містах: Дрезден та Прага; Страхування (Поліс доступний для звантаження в особистому кабінеті. Просимо видавати туристам перед виїздом!),"Проїзд в громадському транспорті; Факультативні екскурсії; Вхідні квитки в екскурсійні об'єкти; Особисті витрати (обіди, вечері, та інше); City tax - 3€/доба; Обов'язкова доплата за оренду радіоприймача з навушниками для екскурсій - 2€/день (оплачується керівнику групи); Послуга ""Місце Priority"" - 10€/особа (Замовляється при бронюванні туру. Обирається місце з 1 по 12); Послуга ""Одномісне розміщення"" - 75€ (доплата до вартості туру); За умови індивідуального бронювання - діти віком до 13 років включно, НЕ ОПЛАЧУЮТЬ факультативні екскурсії, якщо інше не вказано в програмі туру (Якщо в програмі туру вказана вартість для дітей - то така факультативна екскурсія оплачується по вказаній вартості). Вхідні квитки в екскурсійні об'єкти та послуги трансферу оплачуються на загальних підставах. За умови бронювання туру для організованих груп, турів на випускний - всі учасники групи оплачують стандартну вартість факультативних екскурсій.; Послуга ""Останній ряд"" - знижка 10€ від вартості туру при виборі місця в останньому ряді автобуса.; Послуга ""Для наречених пар"" - знижка 5% від вартості туру для тих хто нещодавно побрався (забронювати тур не пізніше 30 днів з дати розпису).; Послуга ""Додаткове вільне місце біля себе"" - 75% до вартості туру.; Послуга ""Подарунок на день народження"" . - Даруємо 1 безкоштовну факультативну екскурсію в турі на вибір Туроператора (вартість екскурсії не перевищуватиме 20€. Обрати екскурсію можливо лише з того переліку, який надасть Туроператор вже в турі). - Подарункова екскурсія надається лише у разі, якщо день народження туриста припадає безпосередньо на дати туру.",,"Тур на 4 дні без нічних переїздів. Ранковий виїзд з України та нічне прибуття в Україну (в залежності від проходження кордону).; Ночівля у готелях категорії 3* на території Польщі (1 ніч), Чехії (2 ночі).; У турі відвідаємо: Польщу (Краків), Чехію (Прагу, Брно), Німеччину (Дрезден).; У Кракові ми побачимо ринкову площу, яку оточують чудові кам'яниці та палаци, колишні торгові ряди (Сукенніце). Завітаємо у скарбницю саксонського бароко – місто Дрезден, яке заворожує блискучим і захопливим поєднанням традицій і сучасності. Прогуляємося по історичних районах Праги та її чудовим пам’яткам архітектури. Будемо мати змогу відвідати знамениті пивні та послухати історії про них. Відвідаємо знаменитий курорт Карлові Вари, що славиться своїми цілющими джерелами та неповторною архітектурою. А також заїдемо в один з основних економічних центрів Чеської Республіки, історичний центр Моравії – місто Брно.; У вартості туру оглядові екскурсії по Дрездену та Празі.; Доплата за одномісне розміщення – 75 євро.",205,220,✅ done,"22.06.2026, 12:00:33"
https://adriatic-travel.com.ua/tour/vid-krayu-do-krayu-paryzh-amsterdam-normandiya#about_tour,"«Від краю до краю: Париж, Амстердам, Нормандія…»","Вроцлав, Берлін, Амстердам, Брюссель, Париж, Руан, Довіль, Трувіль-сюр-Мер, Онфлер, Нюрнберг, Прага, Брно, Краків",7,"Львів, Перемишль, Ярослав, Тарнув, Краків, Катовіце, Вроцлав, Легніца, Берлін, Магдебург, Ганновер, Оснабрюк","Супровід керівником групи; Проживання по маршруту: готель зі сніданками; Харчування - сніданки; Оглядові екскурсії: Берлін, Амстердам, Париж, парфумерна фабрика Фрагонар та Прага; Страхування; всі автобусні тури в Париж; всі автобусні тури до Франції; всі автобуні тури в Амстердам; всі автобусні тури до Нідерландів; всі автобусні тури; діючі акціі на автобусні тури","Проїзд в громадському транспорті; Факультативні екскурсії; Вхідні квитки в екскурсійні об'єкти; Особисті витрати (обіди, вечері, та інше); City tax - від 2€ до 5€ за ніч в готелі (місцевий податок, оплачується керівнику групи за вимоги готелю); Обов'язкова доплата за оренду радіоприймача з навушниками для екскурсій - 2€/день (оплачується керівнику групи); Послуга ""Місце Priority"" - 15€/особа (Замовляється при бронюванні туру. Обирається місце з 5 по 12); Послуга ""Одномісне розміщення"" - 150€ (доплата до вартості туру); За умови індивідуального бронювання - діти віком до 13 років включно, НЕ ОПЛАЧУЮТЬ факультативні екскурсії, якщо інше не вказано в програмі туру (Якщо в програмі туру вказана вартість для дітей - то така факультативна екскурсія оплачується по вказаній вартості). Вхідні квитки в екскурсійні об'єкти та послуги трансферу оплачуються на загальних підставах. За умови бронювання туру для організованих груп, турів на випускний - всі учасники групи оплачують стандартну вартість факультативних екскурсій.; Послуга ""Останній ряд"" - знижка 10€ від вартості туру при виборі місця в останньому ряді автобуса.; Послуга ""Для наречених пар"" - знижка 5% від вартості туру для тих хто нещодавно побрався (забронювати тур не пізніше 30 днів з дати розпису).; Послуга ""Додаткове вільне місце біля себе"" - 75% до вартості туру.; Послуга ""Подарунок на день народження"" . - Даруємо 1 безкоштовну факультативну екскурсію в турі на вибір Туроператора (вартість екскурсії не перевищуватиме 20€. Обрати екскурсію можливо лише з того переліку, який надасть Туроператор вже в турі). - Подарункова екскурсія надається лише у разі, якщо день народження туриста припадає безпосередньо на дати туру.",,"Тур на 7 днів з 2 нічними переїздами. Ранковий виїзд зі Львова і нічне прибуття у Львів (в залежності від проходження кордону).; В турі ми відвідаємо такі міста: Вроцлав ( Польща ), Берлін ( Німеччина ), Амстердам ( Нідерланди ), Париж, Руан , Етрета ( Франція ) , Нюрнберг ( Німеччина ) , Прага, Брно (Чехія), Краків ( Польща ). Детальний маршрут тура дивіться в розділі "" Маршрут "".; Розпочнемо нашу подорож з міста Вроцлав - одне з найкрасивіших міст Польщі. А попереду Берлін – це мегаполіс, місто різноманітної архітектури, музеїв і палаців, цікавих пам'яток і жвавого життя. Тут можемо завітати в Пергамон в якому розміщені виставки історії Стародавнього світу або провести вечір в німецькому пивному закладі зі смачним німецьким пивом в руках… Прямуємо в Амстердам – незабутній, сміливий, неповторний, розмальований яскравими барвами. Маємо можливість потрапити в казкові сади з розкішними квітковими експозиціями з тюльпанів, гіацинтів, нарцисів, фрезій, ірисів в Королівський парк квітів Кекенхоф. Також можна рогулятись на кораблику по каналах Амстердаму, побачити життя нічного Амстердаму, заглянути в маленьке, але колоритне село Заансе Сханс – відоме своїми вітряками, сироварінням та знаменитими дерев'яними черевиками – кломпами… І ось ми в Парижі – місто всіх часів і народів, найелегантніша столиця світу. Ми матимемо можливість побачити знаменитий собор, про який писав Віктор Гюго, прогулятися старим мостом Парижа, відвідати безліч красивих і захопливих місць, здійснити прогулянку на кораблику по Сені. Також є можливість побувати в Нормандії, зокрема в Руані - столиці регіону. А тепер нас чекає Нюрнберг , місто казок та красивих легенд… Після цього ми відвідаємо Прагу і прогуляємось її затишними та містичними вуличками. При бажанні можна на човнику прогулятися по річці Влтава. Далі вирушаємо в Краків де ми прогуляємось містом польських королів із цікавою багато столітньою історією.; У турі є можливість відвідати Нормандію: Руан та Етрета.; В цьому турі ми проводимо 2 незабутні дні у Парижі!.; Детальну програму тура дивіться у розділі "" Програма тура "".; Враження від подорожі інших учасників туру можете переглянути у розділі "" Відгуки "".",350,376,✅ done,"22.06.2026, 12:00:38"
https://adriatic-travel.com.ua/tour/frantsuzkyy-koloryt-paryzh-ta-elzas,"«Французький колорит: Париж, Страсбург та Діснейленд!»","Вроцлав, Берлін, Люксембург, Париж, Руан, Довіль, Трувіль-сюр-Мер, Етрета, Кольмар, Страсбург, Прага",6,"Львів, Перемишль, Жешув, Тарнув, Краків, Катовіце, Вроцлав, Легніца, Берлін","Проїзд автобусом єврокласу; Супровід керівником групи; Проживання по маршруту: готель зі сніданками; Харчування — сніданки; Оглядові екскурсії: Берлін, Париж, парфумерна фабрика Фрагонар, Кольмар та Прага; Страхування","Проїзд в громадському транспорті; Факультативні екскурсії; Вхідні квитки в екскурсійні об'єкти; Особисті витрати (обіди, вечері, та інше); City tax - від 2€ до 6€ за ніч в готелі (місцевий податок, оплачується керівнику групи за вимоги готелю); Обов'язкова доплата за оренду радіоприймача з навушниками для екскурсій - 2€/день (оплачується керівнику групи); Послуга ""Місце Priority"" - 15€/особа (Замовляється при бронюванні туру. Обирається місце з 5 по 12); Послуга ""Одномісне розміщення"" - 190€ (доплата до вартості туру); За умови індивідуального бронювання - діти віком до 13 років включно, НЕ ОПЛАЧУЮТЬ факультативні екскурсії, якщо інше не вказано в програмі туру (Якщо в програмі туру вказана вартість для дітей - то така факультативна екскурсія оплачується по вказаній вартості). Вхідні квитки в екскурсійні об'єкти та послуги трансферу оплачуються на загальних підставах. За умови бронювання туру для організованих груп, турів на випускний - всі учасники групи оплачують стандартну вартість факультативних екскурсій.; Послуга ""Останній ряд"" - знижка 10€ від вартості туру при виборі місця в останньому ряді автобуса.; Послуга ""Для наречених пар"" - знижка 5% від вартості туру для тих хто нещодавно побрався (забронювати тур не пізніше 30 днів з дати розпису).; Послуга ""Додаткове вільне місце біля себе"" - 75% до вартості туру.",,"Автобусний тур на 6 днів, без нічних переїздів . Ранковий виїзд зі Львова та нічне прибуття у Львів (в залежності від проходження кордону).; У турі відвідаємо: Вроцлав (Польща), Берлін (Німеччина), Люксембург (Люксембург), Париж, Руан, Етрета, Кольмар, Страсбург (Франція), Прага (Чехія); Франція – країна з давньою історією і великим різноманіттям визначних місць. Кожен регіон Франції має свої традиції і особливості з якими неодмінно варто ознайомитися. У турі ми відвідаємо серце Франції, регіон Іль-де-Франс , а точніше місто мистецтва, краси, моди і романтики - Париж . Місто з великою кількістю історичних пам’яток і мистецьких атракцій, де у будь-якому куточку, у парках чи бульварах, на проспектах чи маленьких вуличках панує особлива атмосфера! Також зможемо поїхати до регіону Нормандія . Нормандія - область Франції розташована на берегах Ла-Маншу . Велика кількість історичних місць і будівель, чудові пляжі і природні пейзажі, ринки зі свіжими морепродуктами, кальвадос, романтика і заспокійливий шум хвиль. Ще одна область – це Ельзас . Це регіон на сході Франції, де виробляють одні з найкращих вин у світі. У Ельзасі розташовані міста Кольмар та Страсбург , які вражають своєю красою, і виглядають ніби саме у цих містах відбувалися події казок! Також по маршруту ми зможемо відвідати мініатюрне та чарівне герцогство - Люксембург , казковий Вроцлав , магічну Прагу та жвавий Берлін !; Зверніть увагу! У вартість туру включено 5 екскурсії по містах: Берлін, Париж, парфумерна фабрика Фрагонар, Кольмар та Прага .; У вартітсь туру входить проживання у готелях. Сніданки включені у вартість.; З детальною програмою туру ви можете ознайомитися в розділі "" Програма туру "".; Враження від туру інших учасників можете переглянути в розділі "" Відгуки "".; Графік виїздів, та інформацію про гарантовані автобусні тури до Франції дивіться в календарі на сайті. Якщо у вас виникли запитання, ви можете проконсультуватися з менеджером: натискайте на кнопку ""відправити запит"". Якщо бажаєте придбати тур, натискайте tour_id=1397 , agent_url=/tour/frantsuzkyy-koloryt-paryzh-ta-elzas, type=text, title=""Замовити тур""",363,390,✅ done,"22.06.2026, 12:00:42"
https://adriatic-travel.com.ua/tour/vive-la-france-mon-sen-mishel-luara-ta-normandiya,"«Vive La France! Мон-Сен-Мішель, Луара та Нормандія!»","Вроцлав, Ерфурт, Вюрцбург, Кельн, Руан, Етрета, Кан, Мон-Cен-Мішель, Турс, Кольмар, Брно",7,Львів,"Проїзд автобусом єврокласу; Супровід керівником групи; Проживання по маршруту: готель зі сніданками; Харчування — сніданки; Оглядові екскурсії: Ерфурт, Руан, Кан, Тур та Кольмар; Страхування (Поліс доступний для звантаження в особистому кабінеті. Просимо видавати туристам перед виїздом!)","Проїзд в громадському транспорті; Факультативні екскурсії; Вхідні квитки в екскурсійні об'єкти; Особисті витрати (обіди, вечері, та інше); City tax - від 2€ до 6€ за ніч в готелі (місцевий податок, оплачується керівнику групи за вимоги готелю); Обов'язкова доплата за оренду радіоприймача з навушниками для екскурсій - 2€/день (оплачується керівнику групи); Знижки на дітей при бронюванні туру за 30 днів до виїзду - умови акції; Знижки на дітей при бронюванні туру від 7 до 29 днів до виїзду - умови акції; Знижки дітям на факультативні екскурсії - умови акції; Знижка на дорослих при бронюванні за 30 днів до виїзду - умови акції; Послуга ""Місце Priority"" - 15€/особа (Замовляється при бронюванні туру. Обирається місце з 5 по 12); Послуга ""Одномісне розміщення"" - 215€ (доплата до вартості туру); За умови індивідуального бронювання - діти віком до 13 років включно, НЕ ОПЛАЧУЮТЬ факультативні екскурсії, якщо інше не вказано в програмі туру (Якщо в програмі туру вказана вартість для дітей - то така факультативна екскурсія оплачується по вказаній вартості). Вхідні квитки в екскурсійні об'єкти та послуги трансферу оплачуються на загальних підставах. За умови бронювання туру для організованих груп, турів на випускний - всі учасники групи оплачують стандартну вартість факультативних екскурсій.",,"Автобусний тур на 7 днів, без нічних переїздів: ранковий виїзд зі Львова, нічне повернення до Львова (в залежності від проходження кордону).; Відвідаємо такі міста Європи: Вроцлав ( Польща ), Ерфурт, Айзенах, Кьольн ( Німеччина ), Руан, Кан, Гранвіль, Сен-Мало, Канкаль, Тур, Кольмар, Рікевір, Егісхайм ( Франція ), Брно ( Чехія ).; Вроцлав - найбільше місто Західної Польщі, місто островів та мостів, де можна прогулятися по мальовничих набережних річки Одри. Ерфурт - це місто в центрі Німеччини, розташоване на річці Гера. Середньовічне місто з чарівною атмосферою, де можна побачити унікальний Собор Ерфурта та Цитадель Петерсберг. Руан - одне з найкрасивіших міст Франції, з багатою історією та культурою. До популярних туристичних визначних пам'яток Руана належать Руанський собор, Астрономічний годинник та церква Жанни Д’Арк. Гранвіль - це приморське місто в Нормандії, Франція, розташоване на узбережжі Ла-Маншу. Це популярне туристичне місце завдяки своїм красивим пляжам, мальовничій гавані та історичному центру міста. Тур - Місто садів та замків, де можна прогулятися по ботанічному саду або відвідати Замок Турс. Кольмар - місто на сході Франції, розташоване в регіоні Ельзас. Це мальовниче місто з фахверковими будинками, брукованими вулицями та каналами. Також у цьому турі у нас буде нагода відвідати всесвітньовідоме аббатсво Мон-Сен-Мішель , неймовірне містечко Етрета та футуричтичні сади Етрета , унікальне місто-фортецю - Сен-Мало та столицю устриць Канкаль , чудеса архітектури в Долині Луари – замки Амбуаз, Шамбор та Шенонсо , мальовничі Рікевір та Егісхайм у Ельзасі, німецький Кельн з його відомим собором, столицю Моравії – Брно , та дивовижне природне утворення – Моравський Крас.; Зверніть увагу! У вартість туру включені 5 екскурсій: Ерфрут, Руан, Кан, Тур та Кольмар.; У вартості туру включено проживання у готелях категорії 3* зі сніданками.; Детальніше з програмою туру можете ознайомитися в розділі ""Програма туру"" .; Враження від туру інших учасників можете переглянути у розділі ""Відгуки"".; Графік виїздів, та інформацію про гарантовані автобусні тури до Франції дивіться в календарі на сайті. Якщо у вас виникли запитання, ви можете проконсультуватися з менеджером: натискайте на кнопку, ""відправити запит"".",447,480,✅ done,"22.06.2026, 12:00:47"
https://adriatic-travel.com.ua/tour/garno-tak-paryzh-tsyuryh#about_tour,«Гарно так: Париж + Цюрих!»,"Вроцлав, Нюрнберг, Ротенбург-на-Таубері, Париж, Цюрих, Люцерн, Штайн-ам-Райн, Прага",6,"Львів, Перемишль, Жешув, Тарнув, Краків, Катовіце, Нюрнберг","Проїзд автобусом єврокласу; Супровід керівником групи; Проживання по маршруту: готель 3*; Харчування — сніданки; 5 оглядових екскурсій: Нюрнберг, Париж, парфумерна фабрика Фрагонар, Цюрих та Прага; Страхування","Проїзд в громадському транспорті; Факультативні екскурсії; Вхідні квитки в екскурсійні об'єкти; Особисті витрати (обіди, вечері, та інше); City tax - 2€-5€/доба (місцевий податок, оплачується на рецепції за вимоги готелю); Обов'язкова доплата за оренду радіоприймача з навушниками для екскурсій - 2€/день (оплачується керівнику групи); Послуга ""Місце Priority"" - 15€/особа (Замовляється при бронюванні туру. Обирається місце з 5 по 12); Послуга ""Одномісне розміщення"" - 180€ (доплата до вартості туру); За умови індивідуального бронювання - діти віком до 13 років включно, НЕ ОПЛАЧУЮТЬ факультативні екскурсії, якщо інше не вказано в програмі туру (Якщо в програмі туру вказана вартість для дітей - то така факультативна екскурсія оплачується по вказаній вартості). Вхідні квитки в екскурсійні об'єкти та послуги трансферу оплачуються на загальних підставах. За умови бронювання туру для організованих груп, турів на випускний - всі учасники групи оплачують стандартну вартість факультативних екскурсій.; Послуга ""Останній ряд"" - знижка 10€ від вартості туру при виборі місця в останньому ряді автобуса.; Послуга ""Для наречених пар"" - знижка 5% від вартості туру для тих хто нещодавно побрався (забронювати тур не пізніше 30 днів з дати розпису).; Послуга ""Додаткове вільне місце біля себе"" - 75% до вартості туру.; Послуга ""Подарунок на день народження"" . - Даруємо 1 безкоштовну факультативну екскурсію в турі на вибір Туроператора (вартість екскурсії не перевищуватиме 20€. Обрати екскурсію можливо лише з того переліку, який надасть Туроператор вже в турі). - Подарункова екскурсія надається лише у разі, якщо день народження туриста припадає безпосередньо на дати туру.",,"Автобусний тур на 6 днів, без нічних переїздів . Ранковий виїзд зі Львова і нічне поверенення у Львів (в залежності від проходження кордону).; 2 дні в Парижі, а також відвідаємо Брно — харизматичне серце Моравії, де легенди оживають на кожному кроці. Затишні бруковані вулички ведуть до старовинних площ, над якими велично підноситься замок Шпільберг, а під містом ховаються таємничі середньовічні підземелля. Тут, під склепінням старої ратуші, надійно оберігає свої секрети знаменитий брненський дракон, а кав'ярні та пивоварні запрошують відчути справжній, живий та гостинний смак Чехії. Нюрнберг , місто з дихаючою історією. Його середньовічний центр, оточений потужними мурами, ніби перенесе тебе в часи лицарів і ремісників. Кожна цеглинка тут розповідає свою історію, а величні собори підносяться до небес, мов свідки минулих віків. Ротенберг-на-Таубер - це справжня перлина середньовіччя. Місто, що застигло в часі, зберегло свою чарівну атмосферу. Вузькі вулички, вимощені бруківкою, ведуть до затишних площ, де можна насолодитися чашкою кави та спостерігати за життям міста. Париж - це місто мрій, де кожне каміння просякнуте романтикою. Ейфелева вежа, що сягає в небо, Лувр, що зберігає скарби світового мистецтва, і собор Паризької Богоматері, що вражає своєю величчю, - це лише деякі з його символів. Цюрих - місто контрастів, де сучасність гармонійно поєднується з історією. Банківські квартали з висотними будівлями змінюються спокійними парками і озерами. Це місто, де життя кипить 24 години на добу. Люцерн , який закохує своїми мальовничими пейзажами. Дерев'яний міст Чапель-брюке, що перекинувся через річку Ройс, і гори, що оточують місто, створюють неповторну картину. Штафн-ам-Райн - це тихе і затишне містечко, ідеальне для відпочинку від міської метушні. Спокійні вулички, мальовничі пейзажі і свіже повітря зроблять твій відпочинок незабутнім. Прага , де історія оживає на кожному кроці. Пражський град, Карлів міст і Староместська площа - це лише деякі з його визначних пам'яток. Місто, де поєднуються різні стилі архітектури і культури.",363,390,✅ done,"22.06.2026, 12:00:50"
https://adriatic-travel.com.ua/tour/shveytsariya-dlya-tebe,"«Швейцарія для тебе... Гріндельвальд, Швейцарська Рів'єра, гора Пілатус + гора Монблан!»","Краків, Зальцбург, Зальцкаммергут, Люцерн, Женева, Цюрих, Аннесі, Берн, Інтерлакен, Ґріндельвальд, Прага",6,"Львів, Перемишль, Ярослав, Тарнув, Краків, Катовіце, Острава, Оломоуц, Брно, район Відня, район Лінца, Зальцбург","Проїзд автобусом єврокласу; Супровід керівником групи; Проживання по маршруту: готель 3*; Харчування — сніданки; 6 екскурсійних об'єктів: Краків, Зальцбург, Люцерн, Женева, Інтерлакен та Прага; Страхування","Проїзд в громадському транспорті; Факультативні екскурсії; Вхідні квитки в екскурсійні об'єкти; Особисті витрати (обіди, вечері, та інше); City tax - 2€-5€/доба (місцевий податок, оплачується на рецепції за вимоги готелю); Обов'язкова доплата за оренду радіоприймача з навушниками для екскурсій - 2€/день (оплачується керівнику групи); Послуга ""Місце Priority"" - 10€/особа (Замовляється при бронюванні туру. Обирається місце з 5 по 12); Послуга ""Одномісне розміщення"" - 200€ (доплата до вартості туру); Послуга ""Останній ряд"" - знижка 10€ від вартості туру при виборі місця в останньому ряді автобуса.; Послуга ""Для наречених пар"" - знижка 5% від вартості туру для тих хто нещодавно побрався (забронювати тур не пізніше 30 днів з дати розпису).; Послуга ""Додаткове вільне місце біля себе"" - 75% до вартості туру.; Послуга ""Подарунок на день народження"" . - Даруємо 1 безкоштовну факультативну екскурсію в турі на вибір Туроператора (вартість екскурсії не перевищуватиме 20€. Обрати екскурсію можливо лише з того переліку, який надасть Туроператор вже в турі). - Подарункова екскурсія надається лише у разі, якщо день народження туриста припадає безпосередньо на дати туру.; Послуга ""Організованим групам"" Детальні умови по бронюванню організованих груп дивіться у розділі: організованим групам Увага! Для груп більш як 40 осіб, необхідно писати індивідуальний запит - детальні умови; Послуга ""Сімейна подорож"" - знижки для дітей* (дана послуга не розповсюджується на бронювання туристичних послуг для організованих груп): Детальні умови по знижках на дітей дивіться у розділі: акції",,"Автобусний тур на 6 днів без нічних переїздів. Ранковий виїзд зі Львова і нічне поверенення у Львів (в залежності від проходження кордону).; Відвідаємо такі міста: Краків, Зальцбург, Зальцкаммергут, Люцерн, Женева, Цюрих, Аннесі, Берн, Інтерлакен, Ґріндельвальд, Прага.; Приготуйтеся до незабутньої подорожі, яка перенесе вас крізь століття історії та вразить різноманіттям культур і природних красот Європи! Наша подорож розпочнеться в Кракові , колишній столиці Польщі. Ви прогуляєтесь Королівським шляхом, милуючись готичною архітектурою, відвідаєте Вавельський замок – резиденцію польських королів, і зануритесь в атмосферу середньовічного міста. Далі наш шлях лежить до Зальцбурга , міста, де народився великий Моцарт. Звідси ми вирушимо в мальовничий Зальцкаммергут – регіон озер і гір. Швейцарія зустріне нас своїми величними Альпами. Ми відвідаємо Рейнський водоспад – один з найпотужніших у Європі, і Люцерн – місто з чарівним Старим містом і знаменитим мостом Капельбрюке. Звідси ми піднімемося на гору Пілатус і насолодимося панорамними видами на озеро Люцерн та Альпи. Далі наш шлях проляже через Цюрих – фінансовий центр Швейцарії, Женеву – місто на березі Женевського озера, і Берн – столицю Швейцарії. Також зможемо відвідати Швейцарську Рив'єру – це справжній рай для любителів спокійного відпочинку та вишуканої атмосфери. Міста Монтре, Веве та Лозанна, розташовані на берегах Женевського озера, пропонують туристам безліч цікавих місць та занять. Хоча основний акцент ми робимо на Швейцарії, варто згадати про сусідню Францію. Ми відвідаємо Ансі – містечко, відоме своїми каналами і романтичною атмосферою. Звідси ми зможемо помилуватися величчю Монблану – найвищої гори Європи. Останнім пунктом нашого маршруту буде Прага – місто з багатовіковою історією і неповторною атмосферою. Ви прогуляєтесь по Карловому мосту, відвідаєте Празький град і насолодитесь краєвидами Старого міста. Цей тур подарує вам незабутні враження, дозволить познайомитися з різноманітністю культур Європи і насолодитися красою її природних ландшафтів.; Зверніть увагу! У вартість туру включено 6 екскурсій по містах: Краків, Зальцбург, Люцерн, Женева, Інтерлакен та Прага .; У вартість туру також входить проживання у готелях категорії 3* . Сніданки включені у вартість.; З детальною програмою тура можете ознайомитися у розділі "" Програма ""; Враження від туру інших учасників можете переглянути у розділі "" Відгуки "".; Фотографії, відео, відгуки можете подивитися в соцмережах: instagram , facebook , telegram .; Графік виїздів, та інформацію про гарантовані автобусні тури до Швейцарії дивіться в календарі на сайті. Якщо у вас виникли запитання, ви можете проконсультуватися з менеджером: натискайте на кнопку ""відправити запит"". Якщо бажаєте придбати тур, натискайте tour_id=1670 , agent_url=/tour/shveytsariya-dlya-tebe, type=text, title=""Замовити тур""; всі автобусні тури до Швейцарії; всі акції на навтобусні тури",367,394,✅ done,"22.06.2026, 12:00:54"
https://adriatic-travel.com.ua/tour/vikend-v-shveytsariyu-zaltsburg-ta-praga,«Вікенд в Швейцарію + Зальцбург та Прага!»,"Краків, Зальцбург, Зальцкаммергут, Цюрих, Люцерн, Прага",30,"Львів, Перемишль, Ярослав, Тарнув, Краків, Катовіце, Острава, Оломоуц, Брно, район Відня, район Лінца, Зальцбург","Проїзд автобусом єврокласу; Супровід керівником групи; Проживання по маршруту: готель 3*; Харчування — сніданки; Оглядові екскурсії по Кракову, Зальцбургу та Цюриху; Страхування","Проїзд в громадському транспорті; Факультативні екскурсії; Вхідні квитки в екскурсійні об'єкти; Особисті витрати (обіди, вечері, та інше); City tax - 2€-5€/доба (місцевий податок, оплачується на рецепції за вимоги готелю); Обов'язкова доплата за оренду радіоприймача з навушниками для екскурсій - 2€/день (оплачується керівнику групи); Послуга ""Місце Priority"" - 10€/особа (Замовляється при бронюванні туру. Обирається місце з 5 по 12); Послуга ""Одномісне розміщення"" - 110€ (доплата до вартості туру); Послуга ""Останній ряд"" - знижка 10€ від вартості туру при виборі місця в останньому ряді автобуса.; Послуга ""Для наречених пар"" - знижка 5% від вартості туру для тих хто нещодавно побрався (забронювати тур не пізніше 30 днів з дати розпису).; Послуга ""Додаткове вільне місце біля себе"" - 75% до вартості туру.; Послуга ""Подарунок на день народження"" . - Даруємо 1 безкоштовну факультативну екскурсію в турі на вибір Туроператора (вартість екскурсії не перевищуватиме 20€. Обрати екскурсію можливо лише з того переліку, який надасть Туроператор вже в турі). - Подарункова екскурсія надається лише у разі, якщо день народження туриста припадає безпосередньо на дати туру.; Послуга ""Організованим групам"" Детальні умови по бронюванню організованих груп дивіться у розділі: організованим групам Увага! Для груп більш як 40 осіб, необхідно писати індивідуальний запит - детальні умови; Послуга ""Сімейна подорож"" - знижки для дітей* (дана послуга не розповсюджується на бронювання туристичних послуг для організованих груп): Детальні умови по знижках на дітей дивіться у розділі: акції; Правила проведення екскурсійного туру.",,"Тур на 4 дні без нічних переїздів; Відвідаємо такі країни: Польща, Австрія, Швейцарія, Чехія; Наш автобусний тур запрошує Вас в незабутню подорож серцем Старого Світу. Почнемо нашу мандрівку в містичному Кракові, де середньовічні вулички та королівські замки оживають історією. Далі вирушимо до музичного Зальцбурга , міста Моцарта, та мальовничого Зальцкаммергуту , де ти зможеш насолодитися красою альпійських озер. Швейцарія зустріне нас елегантним Цюрихом та захоплюючим Рейнським водоспадом . А в Люцерні Ви відчуєте справжній дух Швейцарії. І на завершення, ми відвідаємо казкову Прагу , де кожен камінь дихає історією. Це буде незабутній тур, який об'єднає в собі культуру, природу та романтику Європи.; Зверніть увагу! У вартість туру включено 3 екскурсії по містах : Краків, Зальцбург, Цюрих.; У вартість туру також входить проживання у готелях категорії 3* . Сніданки включені у вартість.; З детальною програмою тура можете ознайомитися у розділі "" Програма ""; Враження від туру інших учасників можете переглянути у розділі "" Відгуки "".; Фотографії, відео, відгуки можете подивитися в соцмережах: instagram , facebook , telegram .; Графік виїздів, та інформацію про гарантований автобусний тур до Швейцарії дивіться в календарі на сайті. Якщо у вас виникли запитання, ви можете проконсультуватися з менеджером: натискайте на кнопку ""відправити запит"". Якщо бажаєте придбати тур, натискайте tour_id=1671, agent_url=/tour/vikend-v-shveytsariyu-zaltsburg-ta-praga, type=text, title=""Замовити тур""",264,283,✅ done,"22.06.2026, 12:00:59"
https://adriatic-travel.com.ua/tour/pobachennya-na-dvokh-venetsiya-i-verona,«Побачення на двох - Венеція і Верона…»,"Егер, Будапешт, Венеція, Верона",30,"Львів, Стрий, Мукачево, Ужгород, Любляна, Будапешт",Проїзд автобусом єврокласу; Супровід керівником групи; Проживання по маршруту: готель 3*; Харчування - сніданки; Оглядова екскурсія по Венеції та Падуї; Страхування,"Проїзд в громадському транспорті; Факультативні екскурсії; Вхідні квитки в екскурсійні об'єкти; Особисті витрати (обіди, вечері, та інше); City tax - від 3€ до 7€ (місцевий податок, оплачується керівнику групи за вимоги готелю); Обов'язкова доплата за оренду радіоприймача з навушниками для екскурсій - 2€/день (оплачується керівнику групи); Послуга ""Місце Priority"" - 10€/особа (Замовляється при бронюванні туру. Обирається місце з 1 по 12); Послуга ""Одномісне розміщення"" - 40€ (доплата до вартості туру)",,"Автобусний тур на 4 дні, 2 нічних переїзди . Ранковий виїзд зі Львова і вечірнє прибуття у Львів (в залежності від проходження кордону). При перетині КПП Лужанка , організовується трансфер з Ужгорода до Мукачево; В турі ми відвідаємо такі міста: Будапешт (Угорщина) , Венеція , Верона, Падуя (Італія) .; Ми вирушаємо в Угорщину - Будапешт , можемо прогулятись на кораблику по Дунаю , перед Вами відкриється панорама вечірнього міста . А тепер вирушаємо в Венецію – місто на воді, де замість вулиць канали. Пропонуємо Вам незабутню прогулянку на гондолі, побачити Гранд канал, потрапити в величний палац Дожів. Маємо нагоду побувати у двох яскравих містах: Мурано – відомий на увесь світ виробництвом скла і Бурано – відомий й з давніх часів прекрасними мереживами . А тепер прямуємо в місто романтики і кохання Верону. Верона це місто надзвичайної краси, б алкон Ромео і Джульєтти, старовинні вулички, величний Амфітеатр і безліч пам’яток. Маємо шанс відвідати озеро Гарда – місце надзвичайної краси, найчистіше озеро Європи .",159,170,✅ done,"22.06.2026, 12:01:03"
https://adriatic-travel.com.ua/tour/smak-toskany-siena-aretstso-ta-san-dzhyminyano,"«Смак Тоскани: Флоренція, Сієна та Сан-Джиміньяно»","Будапешт, Зальцбург, Зальцкаммергут, Больцано, Флоренція, Піза, Сан-Мініато, Сієна, Вольтерра, П'єнца, Кортона, Ареццо, Сан-Джиміньяно, Венеція",7,"Львів, Львів, Мукачево, Стрий, Ужгород, Любляна, Будапешт","Проїзд автобусом єврокласу; Супровід керівником групи; Проживання по маршруту: готель 3*; Харчування - сніданки; Оглядові екскурсії по Любляні, Флоренції, Сієні та Феррарі; Страхування; всі автобусні тури до Італії; всі автобусні тури; діючі акції на автобусні тури","Проїзд в громадському транспорті; Факультативні екскурсії; Вхідні квитки в екскурсійні об'єкти; Особисті витрати (обіди, вечері, та інше); City tax - від 3€/доба/особи (місцевий податок, оплачується керівнику групи за вимоги готелю); Обов'язкова доплата за оренду радіоприймача з навушниками для екскурсій - 2€/день (оплачується керівнику групи); Послуга ""Місце Priority"" - 15€/особа (Замовляється при бронюванні туру. Обирається місце з 1 по 12); Послуга ""Одномісне розміщення"" - 175€ (доплата до вартості туру); Послуга ""Останній ряд"" - знижка 10€ від вартості туру при виборі місця в останньому ряді автобуса.; Послуга ""Для наречених пар"" - знижка 5% від вартості туру для тих хто нещодавно побрався (забронювати тур не пізніше 30 днів з дати розпису).; Послуга ""Додаткове вільне місце біля себе"" - 75% до вартості туру.; Послуга ""Подарунок на день народження"" . - Даруємо 1 безкоштовну факультативну екскурсію в турі на вибір Туроператора (вартість екскурсії не перевищуватиме 20€. Обрати екскурсію можливо лише з того переліку, який надасть Туроператор вже в турі). - Подарункова екскурсія надається лише у разі, якщо день народження туриста припадає безпосередньо на дати туру.; Послуга ""Організованим групам"" Детальні умови по бронюванню організованих груп дивіться у розділі: організованим групам Увага! Для груп більш як 40 осіб, необхідно писати індивідуальний запит - детальні умови; Послуга ""Сімейна подорож"" - знижки для дітей* (дана послуга не розповсюджується на бронювання туристичних послуг для організованих груп): Детальні умови по знижках на дітей дивіться у розділі: акції; Правила проведення екскурсійного туру.",,,410,440,✅ done,"22.06.2026, 12:01:07"
https://adriatic-travel.com.ua/tour/prekrasna-yak-madonna-donna-barselona,«Прекрасна - як мадонна! Донна Барселона!»,"Егер, Будапешт, Любляна, Блед, Мілан, Барселона(1 ніч), Ніцца, Монако, Венеція, Егерсалок",8,"Львів, Львів, Мукачево, Нижні Ворота, Стрий, Ужгород, Любляна, Будапешт, При перетині КПП Лужанка, буде трансфер з Ужгорода до Мукачево","Проїзд автобусом єврокласу; Супровід керівником групи; Проживання по маршруту: готель 3*; Харчування - сніданки; Важливо! У вартість включено 5 оглядових екскурсій у містах: Любляна, Мілан, Барселона, Венеція, Ніцца.; Страхування; всі автобусні тури в Іспанію; всі діючі акції на автобусні тури","Проїзд в громадському транспорті; Факультативні екскурсії; Вхідні квитки в екскурсійні об'єкти; Особисті витрати (обіди, вечері, та інше); City tax - 3€/доба (місцевий податок, оплачується керівнику групи за вимоги готелю); Обов'язкова доплата за оренду радіоприймача з навушниками для екскурсій - 2€/день (оплачується керівнику групи); Послуга ""Місце Priority"" - 15€/особа (Замовляється при бронюванні туру. Обирається місце з 1 по 12); Послуга ""Одномісне розміщення"" - 225€ (доплата до вартості туру); За умови індивідуального бронювання - діти віком до 13 років включно, НЕ ОПЛАЧУЮТЬ факультативні екскурсії, якщо інше не вказано в програмі туру (Якщо в програмі туру вказана вартість для дітей - то така факультативна екскурсія оплачується по вказаній вартості). Вхідні квитки в екскурсійні об'єкти та послуги трансферу оплачуються на загальних підставах. За умови бронювання туру для організованих груп, турів на випускний - всі учасники групи оплачують стандартну вартість факультативних екскурсій.; Послуга ""Останній ряд"" - знижка 10€ від вартості туру при виборі місця в останньому ряді автобуса.; Послуга ""Для наречених пар"" - знижка 5% від вартості туру для тих хто нещодавно побрався (забронювати тур не пізніше 30 днів з дати розпису).; Послуга ""Додаткове вільне місце біля себе"" - 75% до вартості туру.; Послуга ""Подарунок на день народження"" . - Даруємо 1 безкоштовну факультативну екскурсію в турі на вибір Туроператора (вартість екскурсії не перевищуватиме 20€. Обрати екскурсію можливо лише з того переліку, який надасть Туроператор вже в турі). - Подарункова екскурсія надається лише у разі, якщо день народження туриста припадає безпосередньо на дати туру.",,"Автобусний тур на 8 днів з двома нічними переїздами. Ранковий виїзд зы Львова та нічне прибуття у Львыв (в залежності від проходження кордону).; У турі відвідаємо: Угорщину (Будапешт, Егер, Егерсалок), Словенію (Любляну), Італію (Мілан, Венецію), сонячну Іспанію (Барселону), відправимось на Лазурний берег (Ніцца, Сен-Тропе, Монако).; В Єгері буде чудова нагода дегустувати угорські вина та спробувати смачний гуляш. А в Будапешті будемо мати змогу прогулятися по Дунаю на кораблику. Пропонуємо заїхати у Любляну - невелике, але дуже красиве європейське місто, розташоване на обох берегах річки Любляниці. У туристів буде можливість відвідати озеро Блед . Це символ Словенії і перлина серед Альпійських курортів, посередині якого знаходиться острівець з дзвоном бажань. Також відвідаємо Мілан - мегаполіс, який зберігає своє видатне тисячолітнє минуле, місто з численними галереями, музеями, театрами. Після цього пропонуємо заїхати в однойменне місто Комо . Тут Ви зможете прогулятися по історичному центру міста, піднятися на фунікулері, помилувавшись околицями озера з висоти пташиного польоту, здійснити прогулянку по озеру на катері, пообідати в одному з ресторанів з чарівним видом на озеро. Будемо мати змогу відвідати музей просто неба – Барселону, адже всі пам'ятки Барселони важко перерахувати. Туристи зможуть побачити гора Монсеррат, на якій розташований старовинний монастир. А також відвідати «іспанський діснейленд» - «Port Aventura». Після цього ми відправимось на Лазурний берег, який приваблює відпочивальників як взимку, так і влітку славою найпрестижнішого курорту Франції. Прогулянка по Ніцці приведе Вас у великий захват, Вас будуть супроводжувати приголомшливі архітектурні шедеври, такі як Ратуша в Ніцці , Оперний театр і Палац префектури. Також у нас буде можливість відвідати князівство Монако та неймовірне затишне містечко Монте Карло та доторкнутися до світського життя Лазурного Берега. У Венеції пропонуємо здійснити романтичну прогулянку на гондолі, екскурсію по Гранд-Каналу - головній вулиці Венеції. А на завершення туру в Єгерсалоку можна сповна насолодитись природою і отримати релакс в термальних купальнях.; Важливо! У вартість включено 5 екскурсій у містах: Любляна, Мілан, Барселона, Венеція, Ніцца .; У вартості туру проживання в готелях категорії 3* зі сніданками .; Детальніше з програмою туру можете ознайомитися в розділі "" Програма туру "".; Графік виїздів, та інформацію про гарантовані автобусні тури до Іспанії дивіться в календарі на сайті. Якщо у вас виникли запитання, ви можете проконсультуватися з менеджером: натискайте на кнопку ""відправити запит"". Якщо бажаєте придбати тур, натискайте tour_id=1024 , agent_url=/tour/prekrasna-yak-madonna-donna-barselona, type=text, title=""Замовити тур"".",437,459,✅ done,"22.06.2026, 12:01:11"
https://adriatic-travel.com.ua/tour/avstriyskyy-vikend-viden-zal-tsburh-praha,"«Австрійський вікенд: Відень - Зальцбург - Прага» Виїзд зі Львова, Мукачево","Відень, Зальцбург, Зальцкаммергут, Прага",30,"Львів, Стрий, Мукачево, Чоп, Будапешт",Проїзд автобусом єврокласу; Супровід керівником групи; Проживання по маршруту: готель 3*; Харчування - сніданки; Оглядова екскурсія по Відню та Зальцбургу.; Страхування,"Проїзд в громадському транспорті; Факультативні екскурсії; Вхідні квитки в екскурсійні об'єкти; Особисті витрати (обіди, вечері, та інше); City tax - 3€/доба; Обов'язкова доплата за оренду радіоприймача з навушниками для екскурсій - 2€/день (оплачується керівнику групи); Послуга ""Місце Priority"" - 10€/особа (Замовляється при бронюванні туру. Обирається місце з 5 по 12); Послуга ""Одномісне розміщення"" - 60€ (доплата до вартості туру); За умови індивідуального бронювання - діти віком до 13 років включно, НЕ ОПЛАЧУЮТЬ факультативні екскурсії, якщо інше не вказано в програмі туру (Якщо в програмі туру вказана вартість для дітей - то така факультативна екскурсія оплачується по вказаній вартості). Вхідні квитки в екскурсійні об'єкти та послуги трансферу оплачуються на загальних підставах. За умови бронювання туру для організованих груп, турів на випускний - всі учасники групи оплачують стандартну вартість факультативних екскурсій.; Послуга ""Останній ряд"" - знижка 10€ від вартості туру при виборі місця в останньому ряді автобуса.; Послуга ""Для наречених пар"" - знижка 5% від вартості туру для тих хто нещодавно побрався (забронювати тур не пізніше 30 днів з дати розпису).; Послуга ""Додаткове вільне місце біля себе"" - 75% до вартості туру.; Послуга ""Подарунок на день народження"" . - Даруємо 1 безкоштовну факультативну екскурсію в турі на вибір Туроператора (вартість екскурсії не перевищуватиме 20€. Обрати екскурсію можливо лише з того переліку, який надасть Туроператор вже в турі). - Подарункова екскурсія надається лише у разі, якщо день народження туриста припадає безпосередньо на дати туру.",,"Автобусний тур на 4 дні, без нічних переїздів . Ранковий виїзд зі Львова і нічне прибуття у Львів (в залежності від проходження кордону); На Вас чекає 2 країни: Австрія і Чехія, з можливістю відвідати чарівні міста Відень, Зальцбург, Зальцкаммергут, Санкт-Вольфганг, Гальштат, Прага Адріатік Тревел запрошує вас у автобусний тур без нічних переїздів зі Львова, де вас чекають незабутні враження. Починається ваша подорож із Відня – імперської столиці Австрії, яка вражає розкішшю палаців, ароматною кавою та штруделем у затишних кав’ярнях. Ви зможете прогулятися садами Шенбрунну, побачити Собор Святого Стефана та насолодитися атмосферою одного з найкрасивіших міст світу. Далі маршрут веде вас до Зальцбургу – міста Моцарта, де кожна вуличка дихає історією. Але справжньою перлиною туру стане озерний край Зальцкаммергут – справжнє альпійське диво. Не можна уявити автобусний тур до Австрії без відвідин Гальштату – містечка, яке здається вирізаним із листівки. Білосніжні будинки, що немов виростають із озера, величні гори та соляні копальні – все це створює атмосферу справжньої казки. А ще вас чекає Прага – місто, де кожен камінь шепоче історію. Карлів міст, Празький Град, вузькі середньовічні вулички та легендарні чеські пивниці – все це робить подорож справді магічною.; Детальніше з програмою туру можете ознайомитися в розділі "" Програма туру "".",242,260,✅ done,"22.06.2026, 12:01:15"
https://adriatic-travel.com.ua/tour/mista-dlya-potsilunkiv-viden-venetsiya-verona,«Міста для поцілунків: Венеція-Мілан-Верона»,"Будапешт, Венеція, Мілан, Верона, Егерсалок, Егер",5,"Львів, Львів, Мукачево, При перетині КПП Лужанка, буде трансфер з Ужгорода до Мукачево, Ужгород, Любляна, Будапешт","Проїзд автобусом єврокласу; Супровід керівником групи; Проживання по маршруту: готель 3-4*; Харчування - сніданки; Оглядові екскурсії: Венеція, Мілан та Верона; Страхування","Проїзд в громадському транспорті; Факультативні екскурсії; Вхідні квитки в екскурсійні об'єкти; Особисті витрати (обіди, вечері, та інше); City tax - від 3€ до 7€ (місцевий податок, оплачується керівнику групи за вимоги готелю); Обов'язкова доплата за оренду радіоприймача з навушниками для екскурсій - 2€/день (оплачується керівнику групи); Послуга ""Місце Priority"" - 10€/особа (Замовляється при бронюванні туру. Обирається місце з 1 по 12); Послуга ""Одномісне розміщення"" - 70€ (доплата до вартості туру); За умови індивідуального бронювання - діти віком до 13 років включно, НЕ ОПЛАЧУЮТЬ факультативні екскурсії, якщо інше не вказано в програмі туру (Якщо в програмі туру вказана вартість для дітей - то така факультативна екскурсія оплачується по вказаній вартості). Вхідні квитки в екскурсійні об'єкти та послуги трансферу оплачуються на загальних підставах. За умови бронювання туру для організованих груп, турів на випускний - всі учасники групи оплачують стандартну вартість факультативних екскурсій.; Послуга ""Останній ряд"" - знижка 10€ від вартості туру при виборі місця в останньому ряді автобуса.; Послуга ""Для наречених пар"" - знижка 5% від вартості туру для тих хто нещодавно побрався (забронювати тур не пізніше 30 днів з дати розпису).; Послуга ""Додаткове вільне місце біля себе"" - 75% до вартості туру.; Послуга ""Подарунок на день народження"" . - Даруємо 1 безкоштовну факультативну екскурсію в турі на вибір Туроператора (вартість екскурсії не перевищуватиме 20€. Обрати екскурсію можливо лише з того переліку, який надасть Туроператор вже в турі). - Подарункова екскурсія надається лише у разі, якщо день народження туриста припадає безпосередньо на дати туру.",,"Тур на 5 днів, без нічних переїздів . Ранковий виїзд зі Львова і пізнє прибуття у Львів(залежно від проходження кордону); Відвідаємо романтичні міста: Венеція, Мілан та Верона (Італія) та Єгерсалок, Егер (Угорщина). Венеція — «Місто на воді», яке зачаровує кожного мандрівника. Прогуляємось її вузенькими вуличками та через численні канали, насолодимось атмосферою старовинного міста. Катання на гондолі по Гранд-каналу дозволить побачити Венецію з найромантичнішого боку. Буде змога відвідати відомі «кольорові» острови — Мурано і Бурано . Після цього на нас чекає Верона — «місто закоханих» Ромео і Джульєтти. Прогулянка старовинними вуличками, знайомство з романтичною архітектурою, античним амфітеатром і затишною атмосферою міста. Далі заїдемо на озеро Гарда — одне з найкрасивіших і найчистіших озер Європи. Його краєвиди вражають спокоєм і гармонією природи, що поєднується з італійським шармом курортних містечок. Подорож завершується в Мілані — столиці моди та стилю. Тут на нас чекає знайомство з головними визначними пам’ятками міста: величним собором Дуомо, галереєю Вітторіо Еммануеле II, замком Сфорца та оперою Ла Скала. Факультативно можна відвідати мальовничі озера Комо та Лугано , або озеро Маджоре з чарівним містечком Стреза , або ж вирушити до старовинного Бергамо . На завершення туру нас очікуватиме Saliris Resort lt можна сповна насолодитись природою і отримати релакс в термальних купальнях або ж дегустація егерських вин з гуляшем.",307,330,✅ done,"22.06.2026, 12:01:18"
https://adriatic-travel.com.ua/tour/nezabutnya-vidpustka-v-nimechchyni,«Незабутня відпустка в Німеччині»,"Оломоуць, Чеське Будейовице, Мюнхен, Ульм, Прага",6,"Львів, Тарнув, Краків, Катовіце, Вроцлав, Берлін","Проїзд автобусом єврокласу; Супровід керівником групи; Проживання по маршруту: готель 3*; Харчування - сніданки; Оглядові екскурсії по містах: Берлін, Гамбург, Бремен, Вернігероде; Страхування","Проїзд в громадському транспорті; Факультативні екскурсії; Вхідні квитки в екскурсійні об'єкти; Особисті витрати (обіди, вечері, та інше); Обов'язкова доплата за оренду радіоприймача з навушниками для екскурсій - 2€/день (оплачується керівнику групи); City tax - 3€/доба; Послуга ""Місце Priority"" - 15€/особа (Замовляється при бронюванні туру. Обирається місце з 5 по 12); Послуга ""Одномісне розміщення"" - 150€ (доплата до вартості туру); Послуга ""Останній ряд"" - знижка 10€ від вартості туру при виборі місця в останньому ряді автобуса.; Послуга ""Для наречених пар"" - знижка 5% від вартості туру для тих хто нещодавно побрався (забронювати тур не пізніше 30 днів з дати розпису).; Послуга ""Додаткове вільне місце біля себе"" - 75% до вартості туру.; Послуга ""Подарунок на день народження"" . - Даруємо 1 безкоштовну факультативну екскурсію в турі на вибір Туроператора (вартість екскурсії не перевищуватиме 20€. Обрати екскурсію можливо лише з того переліку, який надасть Туроператор вже в турі). - Подарункова екскурсія надається лише у разі, якщо день народження туриста припадає безпосередньо на дати туру.; Послуга ""Організованим групам"" Детальні умови по бронюванню організованих груп дивіться у розділі: організованим групам Увага! Для груп більш як 40 осіб, необхідно писати індивідуальний запит - детальні умови; Послуга ""Сімейна подорож"" - знижки для дітей* (дана послуга не розповсюджується на бронювання туристичних послуг для організованих груп): Детальні умови по знижках на дітей дивіться у розділі: акції",,"Тур на 6 днів без нічних переїзд ів . Ранковий виїзд з України і нічне прибуття в Україну (в залежності від проходження кордону) .; Ночівля у готелі категорії 3* на території Польщі (2 ночі) та Німеччини (3 ночі).; У турі відвідаємо: Польщі (Вроцлав, Краків), Німеччину (Берлін, Гамбург, Бремен, Вернігероде, Кведлінбург, Гановер, Гослар ).; Розпочнемо наш тур з чудового міста Вроцлав , відомого своїми мальовничими каналами та численними історичними пам'ятками. Продовжимо подорож до Берліна , де нас чекають величні пам'ятники історії та культури, від Бранденбурзьких воріт до сучасних архітектурних шедеврів. Далі вирушимо до Гамбурга , де нас вразить живописний порт і сучасні архітектурні комплекси. Можливість відвідати Бремен , де ми зануримося в атмосферу середньовічних вуличок. Продовжимо нашу подорож до Вернігероде — затишного містечка біля підніжжя гір Гарца, яке зачаровує своїми фахверковими будинками та середньовічним замком, що височіє над містом і відкриває захопливі панорами. Це ідеальне місце, щоб відчути атмосферу минулих століть та насолодитися чарівністю старовинних вуличок. Також у нас буде можливість відвідати гори Гарц — це край стародавніх легенд і дивовижної природи, де густі ліси, водоспади та гірські стежки створюють відчуття справжньої німецької казки. Далі вирушимо до Кведлінбурга , міста, яке вражає своєю унікальною архітектурою та величезною історичною спадщиною. Фахверкові будинки, романські церкви та величний замок на пагорбі створюють атмосферу справжньої середньовічної казки. Цей старовинний куточок Європи не залишить байдужим жодного мандрівника. Наприкінці туру ми потрапимо в Краков , де нас чекають чарівні вулички старого міста, чудові архітектурні пам’ятки та неймовірна атмосферу цієї культури.; Зверніть увагу! У вартість туру включено 4 екскурсії по містах: Берлін, Гамбург, Бремен, Вернігероде .; У вартість туру також входить проживання у готелях категорії 3* . Сніданки включені у вартість.; З детальною програмою тура можете ознайомитися у розділі "" Програма ""; Враження від туру інших учасників можете переглянути у розділі "" Відгуки "".; Фотографії, відео, відгуки можете подивитися в соцмережах: instagram , facebook , telegram .; Графік виїздів, та інформацію про гарантовані автобусні тури до Німеччини дивіться в календарі на сайті. Якщо у вас виникли запитання, ви можете проконсультуватися з менеджером: натискайте на кнопку ""відправити запит"". Якщо бажаєте придбати тур, натискайте tour_id=1129 , agent_url=/tour/nezabutnya-vidpustka-v-nimechchyni, type=text, title=""Замовити тур"".",354,380,✅ done,"22.06.2026, 12:01:22"
https://adriatic-travel.com.ua/tour/dolomitovi-alpy-vidpochynok-na-vershyni-nebes,«Доломітові Альпи Італії: Відпочинок на вершині небес»,"Краків, Зальцбург, Зальцкаммергут, Больцано, Тренто, Будапешт",6,"Львів, Львів, Краків, Брно",Проїзд автобусом єврокласу; Супровід керівником групи; Проживання по маршруту: готель 3*; Харчування - сніданки; Оглядові екскурсії по Зальцбургу та Больцано; Страхування; всі автобусні тури до Італії; всі автобусні тури; всі автобусні тури на море; діючі акції на автобусні тури,"Проїзд в громадському транспорті; Факультативні екскурсії; Вхідні квитки в екскурсійні об'єкти; Особисті витрати (обіди, вечері, та інше); City tax - від 3€/доба/особи (місцевий податок, оплачується керівнику групи за вимоги готелю); Обов'язкова доплата за оренду радіоприймача з навушниками для екскурсій - 2€/день (оплачується керівнику групи); Послуга ""Місце Priority"" - 15€/особа (Замовляється при бронюванні туру. Обирається місце з 1 по 12); Послуга ""Одномісне розміщення"" - 175€ (доплата до вартості туру); Послуга ""Останній ряд"" - знижка 10€ від вартості туру при виборі місця в останньому ряді автобуса.; Послуга ""Для наречених пар"" - знижка 5% від вартості туру для тих хто нещодавно побрався (забронювати тур не пізніше 30 днів з дати розпису).; Послуга ""Додаткове вільне місце біля себе"" - 75% до вартості туру.; Послуга ""Подарунок на день народження"" . - Даруємо 1 безкоштовну факультативну екскурсію в турі на вибір Туроператора (вартість екскурсії не перевищуватиме 20€. Обрати екскурсію можливо лише з того переліку, який надасть Туроператор вже в турі). - Подарункова екскурсія надається лише у разі, якщо день народження туриста припадає безпосередньо на дати туру.; Послуга ""Організованим групам"" Детальні умови по бронюванню організованих груп дивіться у розділі: організованим групам Увага! Для груп більш як 40 осіб, необхідно писати індивідуальний запит - детальні умови; Послуга ""Сімейна подорож"" - знижки для дітей* (дана послуга не розповсюджується на бронювання туристичних послуг для організованих груп): Детальні умови по знижках на дітей дивіться у розділі: акції; Правила проведення екскурсійного туру.",,"Автобусний тур на 6 днів, без нічних переїздів . Ранковий виїзд зі Львова і нічне прибуття у Львів (в залежності від проходження кордону).; В турі ми відвідаємо такі міста: Краків, Зальцбург, Зальцкаммергут, Больцано, Віпітено, Мерано Тренто, Будапешт. Детальний маршрут тура дивіться в розділі "" Маршрут "".; Цей тур буде цікавий для тих, хто любить гори та озера! Матимемо можливість відвідати одні з найгарніших гір в світі - Доломіти . Познайомимось з містом Больцано - це місто є одним з найкрасивіших та найцікавіших місць у цьому регіоні. В архітектурному плані місто поєднує у собі італійський та німецький стилі. Середньовічна архітектура є сусідами з барочними та ренесансними будівлями. Тут також можна знайти безліч красивих церков, площ та замків. Також завітаємо до озер Браєс та Мізуріна . Після цього обов'язково потрібно побачити фантастичне озеро Мольвено .; Зверніть увагу! У вартість туру включені 2 екскурсії по містах: Зальцбург та Больцано .; У вартості туру проживання в готелях зі сніданками.; Детальну програму тура дивіться у розділі "" Програма тура "".; Враження від подорожі інших учасників туру можете переглянути у розділі "" Відгуки "".; Фотографії, відео, відгуки можете подивитися в соцмережах: instagram , facebook , telegram .; Графік виїздів, та інформацію про гарантовані автобусні тури до Італії дивіться в календарі на сайті. Якщо у вас виникли запитання, ви можете проконсультуватися з менеджером: натискайте на кнопку ""відправити запит"". Якщо бажаєте придбати тур, натискайте tour_id=1464 , agent_url=/tour/dolomitovi-alpy-vidpochynok-na-vershyni-nebes, type=text, title=""Замовити тур"" .",362,389,✅ done,"22.06.2026, 12:01:26"
https://adriatic-travel.com.ua/tour/krasa-bez-filtriv-zaltsburg-halshtat-ta-ozernyi-krai-zaltskammer,"«Краса без фільтрів: Зальцбург, Гальштат та озерний край Зальцкаммергут»","Краків, Зальцкаммергут, Зальцбург, Будапешт, Егерсалок, Егер",5,"Львів, Тарнув, Краків, Катовіце, Брно, Оломоуц",Проїзд автобусом єврокласу; Супровід керівником групи; Проживання по маршруту: готель 3*; Харчування - сніданки; Оглядова екскурсія по Зальцбургу; Страхування,"Проїзд в громадському транспорті; Факультативні екскурсії; Вхідні квитки в екскурсійні об'єкти; Особисті витрати (обіди, вечері, та інше); City tax - 3€/доба; Обов'язкова доплата за оренду радіоприймача з навушниками для екскурсій - 2€/день (оплачується керівнику групи); Послуга ""Місце Priority"" - 10€/особа (Замовляється при бронюванні туру. Обирається місце з 5 по 12); Послуга ""Одномісне розміщення"" - 90€ (доплата до вартості туру); Послуга ""Останній ряд"" - знижка 10€ від вартості туру при виборі місця в останньому ряді автобуса.; Послуга ""Для наречених пар"" - знижка 5% від вартості туру для тих хто нещодавно побрався (забронювати тур не пізніше 30 днів з дати розпису).; Послуга ""Додаткове вільне місце біля себе"" - 75% до вартості туру.; Послуга ""Подарунок на день народження"" . - Даруємо 1 безкоштовну факультативну екскурсію в турі на вибір Туроператора (вартість екскурсії не перевищуватиме 20€. Обрати екскурсію можливо лише з того переліку, який надасть Туроператор вже в турі). - Подарункова екскурсія надається лише у разі, якщо день народження туриста припадає безпосередньо на дати туру.; Послуга ""Організованим групам"" Детальні умови по бронюванню організованих груп дивіться у розділі: організованим групам Увага! Для груп більш як 40 осіб, необхідно писати індивідуальний запит - детальні умови; Послуга ""Сімейна подорож"" - знижки для дітей* (дана послуга не розповсюджується на бронювання туристичних послуг для організованих груп): Детальні умови по знижках на дітей дивіться у розділі: акції",,"Автобусний тур до Австрії без нічних переїздів на 5 днів. Ранковий виїзд з України та нічне прибуття в Україну (в залежності від проходження кордону).; Ночівля у готелях категорії 3* на території Чехії (1 ніч) , Австрії (3 ночі) .; У турі відвідаємо: Польщу (Краків), дивовижні міста Австрії (Зальцбург, Відень, Будапешт, Зальцкаммергут, Гальштат, Санкт-Вольфганг, Цель-ам-Зее, Капрун, Верфен), Угорщина (Будапешт). Тур для тих, хто мріє побачити Австрію у її найяскравіших проявах — від королівських столиць до дикої сили Альп: Поринути в атмосферу Кракова — міста з багатовіковою історією, затишними площами та особливою середньовічною аурою, де кожна вуличка зберігає дух королівського минулого. Відкрити для себе озерний край Зальцкаммергут — регіон неймовірної гармонії природи, де смарагдові води озер поєднуються з альпійськими вершинами. Затишні містечка Санкт-Вольфганг і Санкт-Гільген зачаровують пасторальними пейзажами, квітковими балконами та спокійною атмосферою альпійського відпочинку. Відчути елегантність і велич Зальцбурга — міста Моцарта, барокової архітектури та фортеці Гогензальцбург , звідки відкриваються панорамні краєвиди на місто та гори. Завітати в легендарний Гальштат — місто, що виглядає, наче з листівки: дзеркальна гладь озера, круті схили гір і затишні будиночки створюють ідеальний образ альпійської казки. Відчути справжній захват на панорамному майданчику «5 пальців» , де оглядовий міст ніби зависає над прірвою, відкриваючи захопливі види на Дахштайн та безкраї альпійські долини. Побачити льодовий світ Дахштайну : прогулятися «Сходами в ніщо» , відчути адреналін на Sky Walk та доторкнутися до вічного льоду, який зберігає красу Альп протягом тисячоліть. Насолодитися тишею та чистотою озера Гозау , де альпійські вершини віддзеркалюються у кришталево прозорій воді, створюючи одну з найфотогенічніших локацій Австрії. Відкрити курортний шарм Цель-ам-Зее — міста, де гори, озеро та свіже альпійське повітря дарують відчуття повного перезавантаження і релаксу. Відчути силу природи біля водоспаду Кріммль , одного з найвищих у Європі, де потужні потоки води з гуркотом спадають з висоти, наповнюючи простір енергією та свіжістю. Зануритися у підземне королівство печери Айрізенвельт — найбільшої льодової печери у світі, де крижані зали, сталактити та холодне сяйво льоду створюють містичну атмосферу. Відчути імперську велич Відня — міста палаців, музики та елегантних бульварів, де історія Габсбургів поєднується з сучасним ритмом життя. Відвідати яскравий Будапешт — місті мостів і термальних купалень, де Дунай ділить місто на Буду і Пешт, а вечірні панорами залишають незабутні враження.; Зверніть увагу! У вартість туру включено 2 екскурсії по місту: Зальцбург, Відень .; У вартість туру також входить проживання у готелях категорії 3* . Сніданки включені у вартість.; З детальною програмою тура можете ознайомитися у розділі "" Програма ""; Враження від туру інших учасників можете переглянути у розділі "" Відгуки "".; Фотографії, відео, відгуки можете подивитися в соцмережах: instagram , facebook , telegram .; Графік виїздів, та інформацію про гарантовані автобусні тури до Австрії дивіться в календарі на сайті. Якщо у вас виникли запитання, ви можете проконсультуватися з менеджером: натискайте на кнопку ""відправити запит"". Якщо бажаєте придбати тур, натискайте tour_id=548 , agent_url=/tour/krasa-bez-filtriv-zaltsburg-halshtat-ta-ozernyi-krai-zaltskammer, type=text, title=""Замовити тур""",271,291,✅ done,"22.06.2026, 12:01:30"
https://adriatic-travel.com.ua/tour/paryzh-ta-amsterdam-zbyraye-druziv,«Париж та Амстердам збирає друзів!»,"Варшава, Берлін, Амстердам, Зансе-Сханс, Брюссель, Париж(1 ніч), Франкфурт-на-Майні, Прага(1 ніч), Краків",7,"Львів, Люблін, Варшава, Лодзь, Познань, Берлін, Магдебург, Ганновер, Оснабрюк","Проїзд автобусом єврокласу; Супровід керівником групи; Проживання по маршруту: готель зі сніданками; Харчування — сніданки; 5 оглядових екскурсій по Берліну, Амстердаму, Парижу, Франкфурту-на-Майні та Празі, а також відвідування музею-фабрики парфюмів Fragonard.; Страхування","Проїзд в громадському транспорті; Факультативні екскурсії; Вхідні квитки в екскурсійні об'єкти; Особисті витрати (обіди, вечері, та інше); City tax - від 2€ до 6€ за ніч з особи (місцевий податок, оплачується керівнику групи за вимоги готелю); Обов'язкова доплата за оренду радіоприймача з навушниками для екскурсій - 2€/день (оплачується керівнику групи); Послуга ""Місце Priority"" - 15€/особа (Замовляється при бронюванні туру. Обирається місце з 5 по 12); Послуга ""Одномісне розміщення"" - 233€ (доплата до вартості туру); За умови індивідуального бронювання - діти віком до 13 років включно, НЕ ОПЛАЧУЮТЬ факультативні екскурсії, якщо інше не вказано в програмі туру (Якщо в програмі туру вказана вартість для дітей - то така факультативна екскурсія оплачується по вказаній вартості). Вхідні квитки в екскурсійні об'єкти та послуги трансферу оплачуються на загальних підставах. За умови бронювання туру для організованих груп, турів на випускний - всі учасники групи оплачують стандартну вартість факультативних екскурсій.; Послуга ""Останній ряд"" - знижка 10€ від вартості туру при виборі місця в останньому ряді автобуса.; Послуга ""Для наречених пар"" - знижка 5% від вартості туру для тих хто нещодавно побрався (забронювати тур не пізніше 30 днів з дати розпису).; Послуга ""Додаткове вільне місце біля себе"" - 75% до вартості туру.; Послуга ""Подарунок на день народження"" . - Даруємо 1 безкоштовну факультативну екскурсію в турі на вибір Туроператора (вартість екскурсії не перевищуватиме 20€. Обрати екскурсію можливо лише з того переліку, який надасть Туроператор вже в турі). - Подарункова екскурсія надається лише у разі, якщо день народження туриста припадає безпосередньо на дати туру.",,"Автобусний тур на 7 днів, без нічних переїздів . Ранковий виїзд зі Львова та нічне прибуття у Львів (залежно від проходження кордону).; У турі відвідаємо: Польщу (Варшава), Німеччину (Берлін, Франкфурт), Нідерланди (Амстердам, Заансе-Сханс, Волендан), Францію (Париж, Нормандію), Чехію (Прагу).; Ознайомимося з дивовижною Варшавою . Отримаємо задоволення від побачених пам'яток Берліну . Туристи матимуть змогу побачити як відрізняється краєвидами столиця Нідерландів від інших затишних містечок і сіл країни. Відчуємо, що Париж стає рідним з першого погляду і з першого кроку, адже паризькі прогулянки заводять у минуле, у потаємні куточки душі. Матимемо змогу насолодитись красою Парижу у вечірніх вогнях. Побачимо водночас старовинний і сучасний Франкфурт-на-Майні . Відкриємо для себе чарівний світ Діснея і справжню магію Парижа. Прогуляємося по історичних районах Праги та її чудовим пам’яткам архітектури. Будемо мати змогу відвідати знамениті пивні та послухати історії про них.; Детальніше з програмою туру можете ознайомитися в розділі "" Програма туру "".; Враження від туру інших учасників дивіться у розділі "" Відгуки ""; всі автобусні тури до Франції; всі автобусні тури до Нідерландів; всі автобусні тури; діючі акції в автобусних турах",426,453,✅ done,"22.06.2026, 12:01:34"
https://adriatic-travel.com.ua/tour/italiya-moya-lyubov-venetsiya-milan-verona,«Італія моя любов... Венеція-Мілан-Верона»,"Егер, Будапешт, Венеція, Верона, Мілан",5,"Львів, Мукачево, Стрий, Ужгород, Любляна, Будапешт","Проїзд автобусом єврокласу; Супровід керівником групи; Проживання по маршруту: готель 3*; Харчування — сніданки; 2 екскурсії: по Венеції, Вероні; Страхування","Проїзд в громадському транспорті; Факультативні екскурсії; Вхідні квитки в екскурсійні об'єкти; Особисті витрати (обіди, вечері, та інше); City tax - від 3€ до 7€ (місцевий податок, оплачується керівнику групи за вимоги готелю); Обов'язкова доплата за оренду радіоприймача з навушниками для екскурсій - 2€/день (оплачується керівнику групи); Послуга ""Місце Priority"" - 10€/особа (Замовляється при бронюванні туру. Обирається місце з 1 по 12); Послуга ""Одномісне розміщення"" - 50€ (доплата до вартості туру); Послуга ""Останній ряд"" - знижка 10€ від вартості туру при виборі місця в останньому ряді автобуса.; Послуга ""Для наречених пар"" - знижка 5% від вартості туру для тих хто нещодавно побрався (забронювати тур не пізніше 30 днів з дати розпису).; Послуга ""Додаткове вільне місце біля себе"" - 75% до вартості туру.; Послуга ""Подарунок на день народження"" . - Даруємо 1 безкоштовну факультативну екскурсію в турі на вибір Туроператора (вартість екскурсії не перевищуватиме 20€. Обрати екскурсію можливо лише з того переліку, який надасть Туроператор вже в турі). - Подарункова екскурсія надається лише у разі, якщо день народження туриста припадає безпосередньо на дати туру.; Послуга ""Організованим групам"" Детальні умови по бронюванню організованих груп дивіться у розділі: організованим групам Увага! Для груп більш як 40 осіб, необхідно писати індивідуальний запит - детальні умови; Послуга ""Сімейна подорож"" - знижки для дітей* (дана послуга не розповсюджується на бронювання туристичних послуг для організованих груп): Детальні умови по знижках на дітей дивіться у розділі: акції; Правила проведення екскурсійного туру.",,"Автобусний тур на 5 днів, 2 нічних переїзди. Ранковий виїзд зі Львова і вечірнє прибуття у Львів (залежно від проходження кордону). При перетині КПП Лужанка , організовується трансфер з Ужгорода до Мукачево; Відвідаємо такі чудові міста: Будапешт (Угорщина), Венеція, Мілан, Верона, та неймовірно красиві озера Комо та Гарда (Італія).; У Будапешті можна буде здійснити прогулянку по Дунаю. А в Єгері буде чудова нагода дегустувати угорські вина та спробувати смачний гуляш. «Місто на воді» - відома Венеція , не покине нас своєю увагою. Прогуляємось по місту на гондолі. Прогулявшись по Гранд Каналі - Головній вулиці Ви познайомитесь з найромантичнішими місцями Італії і насолодитесь найкрасивішим водним шляхом в світі. Буде змога відвідати «кольорові»острови Венеції : Мурано і Бурано. Завітаємо в місто видатних Да Вінчі, Браманте, Верді – Мілан. Побачимо готичний собор Дуомо, площу і театр Ла Скала, Замок Сфорцеско. Помилуємось неймовірною красою, мальовничою природою, розкішними віллами і садами озера Комо, яке знаходиться за 40 км від Мілана. Погуляємо по Вероні , «місті закоханих»,місті безсмертних закоханих Ромео і Джульєтти. Та заїдемо на озеро незвичайної краси –озеро Гарда. Озеро по праву вважають найчистішим озером в Європі.",200,214,✅ done,"22.06.2026, 12:01:39"
https://adriatic-travel.com.ua/tour/vid-alp-do-palm-3-dni-v-barseloni-zaltsburg-tsyuryh#about_tour,"«Від Альп до пальм: 3 дні в Барселоні + Зальцбург, Цюрих»","Краків, Зальцбург, Зальцкаммергут, Ніцца, Монако, Барселона, Цюрих, Люцерн, Мюнхен",3,Львів,"Проїзд автобусом єврокласу; Супровід керівником групи; Проживання по маршруту: готель 3*; Харчування - сніданки; Оглядові екскурсії по Зальцбургу, Ніцці, Барселоні та Мюнхену; Страхування; всі автобусні тури до Іспанії; всі автобусні тури; діючі акції на автобусні тури","Проїзд в громадському транспорті; Факультативні екскурсії; Вхідні квитки в екскурсійні об'єкти; Особисті витрати (обіди, вечері, та інше); City tax - від 3€/доба/особи (місцевий податок, оплачується керівнику групи за вимоги готелю); Обов'язкова доплата за оренду радіоприймача з навушниками для екскурсій - 2€/день (оплачується керівнику групи); Послуга ""Місце Priority"" - 15€/особа (Замовляється при бронюванні туру. Обирається місце з 1 по 12); Послуга ""Одномісне розміщення"" - 175€ (доплата до вартості туру); Послуга ""Останній ряд"" - знижка 10€ від вартості туру при виборі місця в останньому ряді автобуса.; Послуга ""Для наречених пар"" - знижка 5% від вартості туру для тих хто нещодавно побрався (забронювати тур не пізніше 30 днів з дати розпису).; Послуга ""Додаткове вільне місце біля себе"" - 75% до вартості туру.; Послуга ""Подарунок на день народження"" . - Даруємо 1 безкоштовну факультативну екскурсію в турі на вибір Туроператора (вартість екскурсії не перевищуватиме 20€. Обрати екскурсію можливо лише з того переліку, який надасть Туроператор вже в турі). - Подарункова екскурсія надається лише у разі, якщо день народження туриста припадає безпосередньо на дати туру.; Послуга ""Організованим групам"" Детальні умови по бронюванню організованих груп дивіться у розділі: організованим групам Увага! Для груп більш як 40 осіб, необхідно писати індивідуальний запит - детальні умови; Послуга ""Сімейна подорож"" - знижки для дітей* (дана послуга не розповсюджується на бронювання туристичних послуг для організованих груп): Детальні умови по знижках на дітей дивіться у розділі: акції; Правила проведення екскурсійного туру.",,"Автобусний тур на 9 днів з 2 нічними переїздами: ранковий виїзд зі Львова, нічне повернення до Львова (в залежності від проходження кордону).; Відвідаємо такі міста Європи: Краків ( Польща ), Зальцбург, Зальцкаммергут ( Австрія ), Ніцца, Монако ( Франція ), Барселона (2 ночі) ( Іспанія ), Цюрих, Люцерн ( Швейцарія ), Мюнхен ( Німеччина ).; Наш захоплюючий тур розпочнеться із мальовничого Зальцбурга , де мелодія музики поєднається з витонченою архітектурною спадщиною. Наша подорож також охопить незабутній Гальштат - невеличке містечко, яке зачаровує своєю атмосферою. Після цього відправимося до барвистої Барселони , зробивши захопливу зупинку в Ніцці де у вас буде можливість відпочити на морі або ж відвідати гламурне Монако . В Барселоні , ми проведемо три незабутні дні , насолоджуючись культурою, кулінарією та пляжним відпочинком, а ще отримаємо дозу адреналіну оскільки є можливість відвідати Порт Авентура . Далі наш маршрут веде до елегантного Цюриху , що зваблює своєю фінансовою динамікою та красою Швейцарії , а також буде можливість відвідати Люцерн . І на завершення, ми поринемо у казковий світ Мюнхена та замку Нойшванштайн , де мрії стають реальністю серед величних пейзажів.; Зверніть увагу! У вартість туру включено 4 екскурсії по містах: Зальцбург, Ніцца, Барселона та Мюнхен .; У вартість туру включено проживання у готелях категорії 3* зі сніданками .; Детальніше з програмою туру можете ознайомитися в розділі "" Програма туру "".; Враження від туру інших учасників можете переглянути в розділі "" Відгуки "".; Фотографії, відео, відгуки можете подивитися в соцмережах: instagram , facebook , telegram .; Графік виїздів, та інформацію про гарантовані автобусні тури до Барселони дивіться в календарі на сайті. Якщо у вас виникли запитання, ви можете проконсультуватися з менеджером: натискайте на кнопку ""відправити запит"". Якщо бажаєте придбати тур, натискайте tour_id=1489 , agent_url=/tour/vid-alp-do-palm-3-dniv-v-barseloni-zaltsburg-tsyuryh#about_tour, type=text, title=""Замовити тур"".",469,504,✅ done,"22.06.2026, 12:01:42"
https://adriatic-travel.com.ua/tour/nezabutni-momenty-v-dolomitovyh-alpah,«Незабутні моменти в Доломітових Альпах»,"Краків, Зальцбург, Зальцкаммергут, Больцано, Інсбрук, Тренто, Будапешт",7,"Львів, Львів, Краків, Брно",Проїзд автобусом єврокласу; Супровід керівником групи; Проживання по маршруту; Харчування - сніданки; Оглядові екскурсії по Зальцбургу та Інсбрук; Страхування; всі автобусні тури до Італії; всі автобусні тури; діючі акції на автобусні тури,"Проїзд в громадському транспорті; Факультативні екскурсії; Вхідні квитки в екскурсійні об'єкти; Особисті витрати (обіди, вечері, та інше); City tax - від 3€/доба/особи (місцевий податок, оплачується керівнику групи за вимоги готелю); Обов'язкова доплата за оренду радіоприймача з навушниками для екскурсій - 2€/день (оплачується керівнику групи); Послуга ""Місце Priority"" - 15€/особа (Замовляється при бронюванні туру. Обирається місце з 1 по 12); Послуга ""Одномісне розміщення"" - 175€ (доплата до вартості туру); Послуга ""Останній ряд"" - знижка 10€ від вартості туру при виборі місця в останньому ряді автобуса.; Послуга ""Для наречених пар"" - знижка 5% від вартості туру для тих хто нещодавно побрався (забронювати тур не пізніше 30 днів з дати розпису).; Послуга ""Додаткове вільне місце біля себе"" - 75% до вартості туру.; Послуга ""Подарунок на день народження"" . - Даруємо 1 безкоштовну факультативну екскурсію в турі на вибір Туроператора (вартість екскурсії не перевищуватиме 20€. Обрати екскурсію можливо лише з того переліку, який надасть Туроператор вже в турі). - Подарункова екскурсія надається лише у разі, якщо день народження туриста припадає безпосередньо на дати туру.; Послуга ""Організованим групам"" Детальні умови по бронюванню організованих груп дивіться у розділі: організованим групам Увага! Для груп більш як 40 осіб, необхідно писати індивідуальний запит - детальні умови; Послуга ""Сімейна подорож"" - знижки для дітей* (дана послуга не розповсюджується на бронювання туристичних послуг для організованих груп): Детальні умови по знижках на дітей дивіться у розділі: акції; Правила проведення екскурсійного туру.",,"Автобусний тур на 7 днів, без нічних переїздів. Ранковий виїзд зі Львова і нічне прибуття у Львів (залежно від проходження кордону).; В турі ми відвідаємо такі міста: Краків (Польща), Зальцбург, Зальцкаммергут, Інсбрук (Австрія), Больцано, Тренто (Італія), Будапешт (Угорщина). Детальний маршрут тура дивіться в розділі "" Маршрут "".; Доломітові Альпи та чарівні озера: автобусний тур до краси природи і архітектури! Запрошуємо вас у захопливу подорож до серця Доломітових Альп , де неймовірні гірські пейзажі поєднуються з архітектурною величчю та культурними скарбами. Під час туру ви матимете унікальну можливість відвідати одні з найгарніших гір у світі – Доломіти, та насолодитися їхньою мальовничою красою. Місто Больцано – перлина регіону, яка зачаровує поєднанням італійської та німецької архітектури. Середньовічні вулички, барокові та ренесансні будівлі, величні площі, затишні церкви та старовинні замки – все це чекає на вас у Больцано! Озера Мольвено, Браєс та Мізуріна – справжні природні шедеври, кожне з яких має свою унікальну чарівність. Прозора вода, величні гори на горизонті і кришталево чисте повітря створять атмосферу справжнього відпочинку та релаксації. Підйом на гору Паганелло – це можливість насолодитися панорамними краєвидами, які залишаться у вашій пам'яті надовго. Відчуйте велич Альп на власні очі! Для тих, хто цінує справжній релакс, є можливість відвідати термальні басейни у долині Валь ді Фасса , де найкращі термальні води QC Terme подарують вам відчуття гармонії і оновлення. Фанати кришталевих шедеврів можуть відвідати музей Svarovski біля Інсбрука , де кожен зможе побачити чарівну красу кристалів та відчути їх магічну силу. Наша подорож також включає відвідини міста Тренто , відомого як ""Брама Доломітових Альп"", де стародавня історія поєднується з сучасними культурними трендами. На завершення подорожі ви зможете завітати до Ріва дель Гарда , прогулятися набережною Мальчезіно та насолодитися підйомом на Монте-Бальдо – неймовірні краєвиди Гардського озера та гір стануть ідеальним завершенням вашого туру! Приєднуйтесь до нашої подорожі і відкрийте для себе незабутню красу Доломітових Альп та найчарівніших місць цього регіону!; Зверніть увагу! У вартість туру включені 2 екскурсії по містах: Зальцбург та Інсбрук .; У вартості туру проживання зі сніданками в готелях; Детальну програму тура дивіться у розділі "" Програма тура "".; Враження від подорожі інших учасників туру можете переглянути у розділі "" Відгуки "".; Фотографії, відео, відгуки можете подивитися в соцмережах: instagram , facebook , telegram .; Графік виїздів, та інформацію про гарантовані автобусні тури до Італії дивіться в календарі на сайті. Якщо у вас виникли запитання, ви можете проконсультуватися з менеджером: натискайте на кнопку ""відправити запит"". Якщо бажаєте придбати тур, натискайте tour_id=1465 , agent_url=/tour/nezabutni-momenty-v-dolomitovyh-alpah, type=text, title=""Замовити тур"" .",418,439,✅ done,"22.06.2026, 12:01:46"
https://adriatic-travel.com.ua/tour/alpiyska-rozkish-sloveniya-italiya-ta-avstriya,"«Альпійська розкіш: Словенія, Італія та Австрія»","Будапешт, Любляна, Блед, Больцано, Тренто, Інсбрук, Зальцбург, Зальцкаммергут",5,"Львів, Краків, Брно","Проїзд автобусом єврокласу; Супровід керівником групи; Проживання по маршруту: готель 3*; Харчування — сніданки; Оглядові екскурсії по Любляні, Больцано та Зальцбургу; Страхування","Проїзд в громадському транспорті; Факультативні екскурсії; Вхідні квитки в екскурсійні об'єкти; Особисті витрати (обіди, вечері, та інше); City tax - від 3€ до 7€ (місцевий податок, оплачується керівнику групи за вимоги готелю); Обов'язкова доплата за оренду радіоприймача з навушниками для екскурсій - 2€/день (оплачується керівнику групи); Послуга ""Місце Priority"" - 10€/особа (Замовляється при бронюванні туру. Обирається місце з 1 по 12); Послуга ""Одномісне розміщення"" - 160€ (доплата до вартості туру); За умови індивідуального бронювання - діти віком до 13 років включно, НЕ ОПЛАЧУЮТЬ факультативні екскурсії, якщо інше не вказано в програмі туру (Якщо в програмі туру вказана вартість для дітей - то така факультативна екскурсія оплачується по вказаній вартості). Вхідні квитки в екскурсійні об'єкти та послуги трансферу оплачуються на загальних підставах. За умови бронювання туру для організованих груп, турів на випускний - всі учасники групи оплачують стандартну вартість факультативних екскурсій.; Послуга ""Останній ряд"" - знижка 10€ від вартості туру при виборі місця в останньому ряді автобуса.; Послуга ""Для наречених пар"" - знижка 5% від вартості туру для тих хто нещодавно побрався (забронювати тур не пізніше 30 днів з дати розпису).; Послуга ""Додаткове вільне місце біля себе"" - 75% до вартості туру.; Послуга ""Подарунок на день народження"" . - Даруємо 1 безкоштовну факультативну екскурсію в турі на вибір Туроператора (вартість екскурсії не перевищуватиме 20€. Обрати екскурсію можливо лише з того переліку, який надасть Туроператор вже в турі). - Подарункова екскурсія надається лише у разі, якщо день народження туриста припадає безпосередньо на дати туру.",,"Автобусний тур на 5 днів, без нічних переїздів . Ранковий виїзд зі Львова і нічне повернення у Львів (залежно від проходження кордону).; Відвідаємо міста Будапешт, Любляна, Блед, Больцано, Тренто, Інсбрук, Зальцбург, Зальцкаммергут .; Відкрийте для себе захопливість туру, який порине вас у височенні вершини емоцій та пригод. Починаючи зі спокійного Бледу , де ви відвідаєте об'єкти, що захоплють, такі як Вінтгарська ущелина , озеро Бохінь та водоспад Савіца , чи атмосферного Клагенфурта в самому серці Альп, наша подорож обіцяє запам'ятатися. І це лише початок! Далі тур відкриє перед вами велич Доломітових Альп у Больцано , а також кришталеву ясність та казковість озер Браєс та Мізуріна . Після дня наповненого захопливими краєвидами, ми відвідуємо термальний комплекс QC Terme Dolomiti, який затишує серце серед альпійських гір. Потім вирушаємо в Інсбрук та Зальцбург , міста, наповнені не лише історією, але й власною атмосферою, яка переплітається з чарівністю місцевих традицій. Заверште свою неймовірну подорож у Зальцкаммергуті , де краса озера та магія місцевого колориту створюють неповторний емоційний коктейль. Цей тур - не просто подорож, це емоційне піднесення на вершину вражень, яке залишить у вас незабутні спогади та допоможе відчути справжню силу та красу Альпійської природи.; Зверніть увагу! У вартість туру включено 3 екскурсії по містах: Любляна, Больцано та Зальцбург .; У вартість туру також входить проживання у готелях категорії 3* . Сніданки включені у вартість.; З детальною програмою тура можете ознайомитися у розділі "" Програма ""; Враження від туру інших учасників можете переглянути у розділі "" Відгуки "".; Фотографії, відео, відгуки можете подивитися в соцмережах: instagram , facebook , telegram .; Графік виїздів, та інформацію про гарантовані автобусні тури до Італії дивіться в календарі на сайті. Якщо у вас виникли запитання, ви можете проконсультуватися з менеджером: натискайте на кнопку ""відправити запит"". Якщо бажаєте придбати тур, натискайте tour_id=1564 , agent_url=/tour/alpiyska-rozkish-sloveniya-italiya-ta-avstriya, type=text, title=""Замовити тур"".; всі автобусні тури в Італію; всі діючі акції на автобусні тури",302,324,✅ done,"22.06.2026, 12:01:50"
https://adriatic-travel.com.ua/tour/pryvit-paryzh,"«Привіт Париж! (3 дні в Парижі + Нормандія, Діснейленд, Зальцбург, Гальштат, Відень та Будапешт)»","Будапешт, Відень, Париж(2 ночі), Руан, Онфлер, Етрета, Зальцбург, Зальцкаммергут, Егер",7,"Львів, Стрий, Мукачево, Будапешт, район Відня","Проїзд автобусом єврокласу; Супровід керівником групи; Проживання по маршруту: готель зі сніданками; Харчування - сніданки; Екскурсійні об'єкти: Відень, Париж, музей Fragonard, Зальцбург; Страхування","Проїзд в громадському транспорті; Факультативні екскурсії; Вхідні квитки в екскурсійні об'єкти; Особисті витрати (обіди, вечері, та інше); City tax - від 3€ до 7€ (місцевий податок, оплачується керівнику групи за вимоги готелю); Обов'язкова доплата за оренду радіоприймача з навушниками для екскурсій - 2€/день (оплачується керівнику групи); Послуга ""Місце Priority"" - 15€/особа (Замовляється при бронюванні туру. Обирається місце з 5 по 12); Послуга ""Одномісне розміщення"" - 155€ (доплата до вартості туру); За умови індивідуального бронювання - діти віком до 13 років включно, НЕ ОПЛАЧУЮТЬ факультативні екскурсії, якщо інше не вказано в програмі туру (Якщо в програмі туру вказана вартість для дітей - то така факультативна екскурсія оплачується по вказаній вартості). Вхідні квитки в екскурсійні об'єкти та послуги трансферу оплачуються на загальних підставах. За умови бронювання туру для організованих груп, турів на випускний - всі учасники групи оплачують стандартну вартість факультативних екскурсій.; Послуга ""Останній ряд"" - знижка 10€ від вартості туру при виборі місця в останньому ряді автобуса.; Послуга ""Для наречених пар"" - знижка 5% від вартості туру для тих хто нещодавно побрався (забронювати тур не пізніше 30 днів з дати розпису).; Послуга ""Додаткове вільне місце біля себе"" - 75% до вартості туру.; Послуга ""Подарунок на день народження"" . - Даруємо 1 безкоштовну факультативну екскурсію в турі на вибір Туроператора (вартість екскурсії не перевищуватиме 20€. Обрати екскурсію можливо лише з того переліку, який надасть Туроператор вже в турі). - Подарункова екскурсія надається лише у разі, якщо день народження туриста припадає безпосередньо на дати туру.",,"Тур на 7 днів з двома нічними переїздами. Ранковий виїзд з України та вечірнє прибуття до України (залежно від проходження кордону).; У турі відвідаємо : Францію (Париж), Австрію (Відень, Зальцбург) та Угорщини (Будапешт, Егер).; Ця насичена подорож зі Львова відкриває справжню класику Європи: від сяючих набережних Дунаю в Будапешті та аристократичних бульварів Відня до омріяних вуличок Парижа , де історія оживає в кожній пам'ятці. Маршрут гармонійно поєднує романтику французької столиці з величчю альпійських краєвидів Зальцбурга , з культурним відпочинком в австрійському Гальштаті , який є частиною озерного краю Зальцкаммергут, а на завершення дарує теплий затишок угорського Егера , де можна відпочити за келихом місцевого вина, перш ніж повернутися додому з багажем яскравих вражень.; Зверніть увагу! У вартості туру 4 екскурсії: Відень, Париж, і музей Fragonard, Зальцбург; У вартості туру проживання в готелі зі сніданками .; З детальною програмою туру ви можете ознайомитися в розділі "" Програма туру "".; Враження від туру інших учасників можете переглянути в розділі "" Відгуки "".; Фотографії, відео, відгуки можете подивитися в соцмережах: instagram , facebook , telegram .; Графік виїздів, та інформацію про гарантовані автобусні тури до Франції дивіться в календарі на сайті. Якщо у вас виникли запитання, ви можете проконсультуватися з менеджером: натискайте на кнопку ""відправити запит"". Якщо бажаєте придбати тур, натискайте tour_id=393 , agent_url=/tour/pryvit-paryzh, type=text, title=""Замовити тур"".; усі тури до Франції; усі автобусни тури; діючі акції на автобусні тури",322,346,✅ done,"22.06.2026, 12:01:54"
https://adriatic-travel.com.ua/tour/podaruy-sobi-amsterdam,«Подаруй собі Amsterdam!»,"Варшава, Берлін, Амстердам, Зансе-Сханс, Лейден, Делфт, Гаага, Роттердам, Брюссель, Дрезден, Прага",7,"Львів, Люблін, Варшава, Лодзь, Познань, Берлін, Магдебург, Ганновер, Оснабрюк","Проїзд автобусом єврокласу; Супровід керівником групи; Проживання по маршруту: готель 3*; Харчування — сніданки; Оглядові екскурсії по містах: Берлін, Амстердам, Дрезден та Прага; Страхування","Проїзд в громадському транспорті; Факультативні екскурсії; Вхідні квитки в екскурсійні об'єкти; Особисті витрати (обіди, вечері, та інше); City tax - від 3€ до 7€ (місцевий податок, оплачується керівнику групи за вимоги готелю); Обов'язкова доплата за оренду радіоприймача з навушниками для екскурсій - 2€/день (оплачується керівнику групи); Послуга ""Місце Priority"" - 15€/особа (Замовляється при бронюванні туру. Обирається місце з 5 по 12); Послуга ""Одномісне розміщення"" - 185€ (доплата до вартості туру); Послуга ""Останній ряд"" - знижка 10€ від вартості туру при виборі місця в останньому ряді автобуса.; Послуга ""Для наречених пар"" - знижка 5% від вартості туру для тих хто нещодавно побрався (забронювати тур не пізніше 30 днів з дати розпису).; Послуга ""Додаткове вільне місце біля себе"" - 75% до вартості туру.; Послуга ""Подарунок на день народження"" . - Даруємо 1 безкоштовну факультативну екскурсію в турі на вибір Туроператора (вартість екскурсії не перевищуватиме 20€. Обрати екскурсію можливо лише з того переліку, який надасть Туроператор вже в турі). - Подарункова екскурсія надається лише у разі, якщо день народження туриста припадає безпосередньо на дати туру.; Послуга ""Організованим групам"" Детальні умови по бронюванню організованих груп дивіться у розділі: організованим групам Увага! Для груп більш як 40 осіб, необхідно писати індивідуальний запит - детальні умови; Послуга ""Сімейна подорож"" - знижки для дітей* (дана послуга не розповсюджується на бронювання туристичних послуг для організованих груп): Детальні умови по знижках на дітей дивіться у розділі: акції",,"Автобусний тур на 7 днів, 2 нічних переїзди. Ранковий виїзд зі Львова і нічне прибуття у Львів (залежно від проходження кордону).; У турі відвідаємо такі міста: Варшава ( Польща ) Берлін, Дрезден ( Німеччина ), Амстердам, Лейден, Гітхорн, Делфт, Гаага ( Нідерланди ), Брюссель ( Бельгія ), Прага, Брно ( Чехія ).; Почнемо подорож з Варшави , де ви зможете побачити старовинні вулиці, церкви та площі, а також насолодитися місцевими стравами. Далі прямуємо до Берліна , де зможете відвідати найвідоміші пам'ятки міста, такі як Бранденбурзькі ворота, Німецький парламент та замок Шарлотенбург. І ось він… Амстердам , чарівне місто, де ви зможете насолодитися особливою атмосферою, прогулятися по вулицях та каналах, відвідати безліч музеїв та цікавих будівель. Також буде змога відвідати мальовничі селища Заансе-Сханс і Волендам , де сповна відчуємо голандський колорит, познайомимося традиційною голландською архітектурою, красою вітряків, основами сироваріння і рибальства. Весною ж у Нідерландах відкритий парк Кекенхоф , у якому проходить всесвітньо відома виставка неймовірної краси тюльпанів та інших квітів, які вирощуються на території парку, і яких там налічується більше мільйона. Наступне місто по маршруту - Прага , з її шармом старовинних вулиць, площ, красивих будівель і визначних місць, таких як Карлів міст та Празький замок. Ви також зможете скуштувати місцеві страви та насолодитися традиційним чеським пивом. Цей тур запропонує багато цікавих місць для відвідування, включаючи культурні та історичні пам'ятки, мальовничі пейзажі, музеї та галереї мистецтв, а також можливості насолоджуватися місцевою кухнею та традиціями.; Зверніть увагу! У вартість туру включено 4 екскурсії по містах: Берлін, Амстердам, Дрезден та Прага .; У вартості туру проживання в готелі категорії 3* зі сніданками.; З детальною програмою туру ви можете ознайомитися в розділі ""Програма туру"".; Враження від туру інших учасників можете переглянути в розділі ""Відгуки"" .; Графік виїздів, та інформацію про гарантований автобусний тур в Амстердам дивіться в календарі на сайті. Якщо у вас виникли запитання, ви можете проконсультуватися з менеджером: натискайте на кнопку ""відправити запит"". Якщо бажаєте придбати тур, натискайте tour_id=124, agent_url=/tour/podaruy-sobi-amsterdam, type=text, title=""Замовити тур""",348,374,✅ done,"22.06.2026, 12:01:58"
https://adriatic-travel.com.ua/tour/celfi-v-amsterdami,«Селфі в Амстердамі!»,"Варшава, Берлін, Потсдам, Амстердам, Зансе-Сханс, Делфт, Гаага, Роттердам, Прага, Брно",6,"Львів, Люблін, Варшава, Лодзь, Познань, Берлін, Магдебург, Ганновер, Оснабрюк","Проїзд автобусом єврокласу; Супровід керівником групи; Проживання по маршруту: готель 3*; Харчування — сніданки; Оглядові екскурсії (3): Берлин, Амстердам и Прага; Страхування","Проїзд в громадському транспорті; Факультативні екскурсії; Вхідні квитки в екскурсійні об'єкти; Особисті витрати (обіди, вечері, та інше); City tax - від 3€ до 7€ (місцевий податок, оплачується керівнику групи за вимоги готелю); Обов'язкова доплата за оренду радіоприймача з навушниками для екскурсій - 2€/день (оплачується керівнику групи); Послуга ""Місце Priority"" - 15€/особа (Замовляється при бронюванні туру. Обирається місце з 5 по 12); Послуга ""Одномісне розміщення"" - 130€ (доплата до вартості туру); Послуга ""Останній ряд"" - знижка 10€ від вартості туру при виборі місця в останньому ряді автобуса.; Послуга ""Для наречених пар"" - знижка 5% від вартості туру для тих хто нещодавно побрався (забронювати тур не пізніше 30 днів з дати розпису).; Послуга ""Додаткове вільне місце біля себе"" - 75% до вартості туру.; Послуга ""Подарунок на день народження"" . - Даруємо 1 безкоштовну факультативну екскурсію в турі на вибір Туроператора (вартість екскурсії не перевищуватиме 20€. Обрати екскурсію можливо лише з того переліку, який надасть Туроператор вже в турі). - Подарункова екскурсія надається лише у разі, якщо день народження туриста припадає безпосередньо на дати туру.; Послуга ""Організованим групам"" Детальні умови по бронюванню організованих груп дивіться у розділі: організованим групам Увага! Для груп більш як 40 осіб, необхідно писати індивідуальний запит - детальні умови; Послуга ""Сімейна подорож"" - знижки для дітей* (дана послуга не розповсюджується на бронювання туристичних послуг для організованих груп): Детальні умови по знижках на дітей дивіться у розділі: акції",,"Автобусний тур на 6 днів з двома нічними переїздами. Ранковий виїзд зі Львова та нічне прибуття у Львів (залежно від проходження кордону).; Незабутня подорож мальовничими куточками Європи, відвідавши чарівні міста та захопливі природні дива! Цей автобусний тур проведе вас від польського Вроцлава до саксонських перлин Дрездена та мальовничого заповідника «Саксонської Швейцарії» , далі – до вільного Амстердама з його каналами та вітряками Заансе Сханс . Відчуєте атмосферу Гааги та Делфта , а на зворотному шляху насолодитеся краєвидами Праги, Брно та Кракова , з їхньою багатою історією та архітектурою.; Зверніть увагу! У вартість туру включено 3 екскурсії по містах: Берлин, Амстердам и Прага.; У вартість туру входить проживання у готелях. Сніданки включені у вартість.; З детальною програмою туру ви можете ознайомитися в розділі "" Програма туру "".; Враження від туру інших учасників можете переглянути в розділі "" Відгуки "".; Графік виїздів, та інформацію про гарантовані автобусні тури до Нідерландів дивіться в календарі на сайті. Якщо у вас виникли запитання, ви можете проконсультуватися з менеджером: натискайте на кнопку ""відправити запит"". Якщо бажаєте придбати тур, натискайте tour_id=1406 , agent_url=/tour/celfi-v-amsterdami, type=text, title=""Замовити тур""",243,269,✅ done,"22.06.2026, 12:02:02"
https://adriatic-travel.com.ua/tour/slidamy-vikingiv-stokgolm-oslo,«Слідами вікінгів: Стокгольм + Осло»,"Варшава, Рига, Юрмала, Таллінн, Стокгольм, Осло, Флом, Копенгаген, Гданськ",7,"Львів, Варшава, Люблін, Рига, Каунас","Проїзд автобусом єврокласу; Супровід керівником групи; Проживання в комфортабельній 4-х місній каюті на поромі без вікон: 2 ночі; Харчування — сніданки в готелі + на поромі Таллінн — Стокгольм; Оглядова екскурсія по містах: Рига, Осло, та Копенгаген + екскурсія Ересуннським мостом; Страхування","Проїзд в громадському транспорті; Факультативні екскурсії; Вхідні квитки в екскурсійні об'єкти; Особисті витрати (обіди, вечері, та інше); City tax - від 3€/ніч/особа (місцевий податок, оплачується керівнику групи за вимоги готелю); Обов'язкова доплата за оренду радіоприймача з навушниками для екскурсій - 2€/день (оплачується керівнику групи); Екологічний збір CO2 на поромі від 4€/пором; Послуга ""Місце Priority"" - 10€/особа (Замовляється при бронюванні туру. Обирається місце з 1 по 12); Послуга ""Одномісне розміщення в готелі"" - 225€ (доплата до вартості туру); За умови індивідуального бронювання - діти віком до 13 років включно, НЕ ОПЛАЧУЮТЬ факультативні екскурсії, якщо інше не вказано в програмі туру (Якщо в програмі туру вказана вартість для дітей - то така факультативна екскурсія оплачується по вказаній вартості). Вхідні квитки в екскурсійні об'єкти та послуги трансферу оплачуються на загальних підставах. За умови бронювання туру для організованих груп, турів на випускний - всі учасники групи оплачують стандартну вартість факультативних екскурсій.; Послуга ""Останній ряд"" - знижка 10€ від вартості туру при виборі місця в останньому ряді автобуса.; Послуга ""Для наречених пар"" - знижка 5% від вартості туру для тих хто нещодавно побрався (забронювати тур не пізніше 30 днів з дати розпису).; Послуга ""Додаткове вільне місце біля себе"" - 75% до вартості туру.; Послуга ""Подарунок на день народження"" . - Даруємо 1 безкоштовну факультативну екскурсію в турі на вибір Туроператора (вартість екскурсії не перевищуватиме 20€. Обрати екскурсію можливо лише з того переліку, який надасть Туроператор вже в турі). - Подарункова екскурсія надається лише у разі, якщо день народження туриста припадає безпосередньо на дати туру.",,"Автобусний тур на 7 днів, без нічних переїздів . Ранковий виїзд зі Львова і нічне прибуття до Львова (в залежності від проходження кордону).; Відвідуємо такі міста: Варшава, Рига, Таллінн, Стокгольм, Осло,, Копенгаген. Детальний маршрут тура можете переглянути в розділі "" Маршрут "".; Починаємо наш тур з відвідування Варшави . Після цього наш шлях буде пролягати до Риги : місто унікальних архітектурних пам'яток, яке налічує 800-річну історію і визнане ЮНЕСКО «Шедевром Людського Творчого Генія Світового Масштабу. Побачимо головний пам'ятник архітектури Латвії - Рундальский палац . Далі на нас чекає зустріч зі середньовічним Таллінном . Зануримося в атмосферу чарівного міста, його історію та особливості сучасного життя Естонії . Ми прогуляємося по старовинних вуличках Нижнього і Верхнього Таллінна , послухаємо легенди та цікаві історії про людей цих місць, про життя міста. По завершенні дня ми повертаємось до морського порту і відправляємося в морську подорож на великому лайнері до столиці Швеції: Стокгольму ! Ніч на лайнері - це окрема пригода та неймовірні враження. Нудьгувати вам точно не доведеться: на лайнері будуть безліч кафе та ресторанів, концертна зала з шоу-програмою (виступі артистів), дискотека, гральні автомати, магазини Duty Free . В каюту на лайнері ви підете лише вже спати. А вранці на вас очікує неймовірне диво! Ми підходитимо до берегів Швеції та зможемо спостерігати цю дивовижну красу маленьких швецьких островів. На факультативній екскурсії ми познайомимося зі Стокгольмом , а далі на нас чекає вже Норвегія! Побачимо такі об'єкти як: Домський собор , будівлю Парламенту , державний університет Осло, знаменита будівля міської Ратуші (тут щорічно вручається Нобелівська премія миру), і завершує променаду Королівський Палац . Всі ці місця можуть багато цікавого розповісти про історію Норвегії і Осло . Наш подальший маршрут буде супроводжуватися незвичайними пейзажами на гори, фіорди та водоспади Після Норвегії повертаємось до Швеції , завітаємо в місто Гетеборг . Ще одна цікава локація, яку ми побачимо - переїзд через Ересуннський міст до Копенгагена .; Зверніть увагу! У вартість туру включені 4 екскурсій по містах: Рига, Осло та Копенгаген + Ересуннський міст; У вартість туру включено проживання в готелях категорії 3-4* зі сніданками, а також 2 ночі проживання у внутрішній каюті без вікна на поромі.; Детальніше з програмою туру можете ознайомитися в розділі "" Програма туру "".; Враження від туру інших учасників можете переглянути в розділі "" Відгуки "".; Фотографії, відео, відгуки можете подивитися в соцмережах: instagram , facebook , telegram .; Графік виїздів, та інформацію про гарантовані автобусні тури до країн Балтії та Скандинавії дивіться в календарі на сайті. Якщо у вас виникли запитання, ви можете проконсультуватися з менеджером: натискайте на кнопку ""відправити запит"". Якщо бажаєте придбати тур, натискайте tour_id=1640 , agent_url=/tour/slidamy-vikingiv-stokgolm-oslo, type=text, title=""Замовити тур"" .",468,503,✅ done,"22.06.2026, 12:02:05"
https://adriatic-travel.com.ua/tour/akh-miy-mylyy-amsterdam,"«Ах, мій милий Амстердам…»","Вроцлав, Берлін, Амстердам, Зансе-Сханс, Утрехт, Делфт, Гаага, Дрезден, Краків",6,"Львів, Перемишль, Ярослав, Тарнув, Краків, Катовіце, Вроцлав, Легніца, Берлін, Магдебург, Ганновер, Оснабрюк","Проїзд автобусом єврокласу; Супровід керівником групи; Проживання по маршруту: готель 3*; Харчування - сніданки; Оглядові екскурсії: Вроцлаві, Берліні, Амстердамі і Дрездені; Страхування","Проїзд в громадському транспорті; Факультативні екскурсії; Вхідні квитки в екскурсійні об'єкти; Особисті витрати (обіди, вечері, та інше); City tax - від 3€ до 7€ (місцевий податок, оплачується керівнику групи за вимоги готелю); Обов'язкова доплата за оренду радіоприймача з навушниками для екскурсій - 2€/день (оплачується керівнику групи); Послуга ""Місце Priority"" - 15€/особа (Замовляється при бронюванні туру. Обирається місце з 5 по 12); Послуга ""Одномісне розміщення"" - 195€ (доплата до вартості туру); За умови індивідуального бронювання - діти віком до 13 років включно, НЕ ОПЛАЧУЮТЬ факультативні екскурсії, якщо інше не вказано в програмі туру (Якщо в програмі туру вказана вартість для дітей - то така факультативна екскурсія оплачується по вказаній вартості). Вхідні квитки в екскурсійні об'єкти та послуги трансферу оплачуються на загальних підставах. За умови бронювання туру для організованих груп, турів на випускний - всі учасники групи оплачують стандартну вартість факультативних екскурсій.; Послуга ""Останній ряд"" - знижка 10€ від вартості туру при виборі місця в останньому ряді автобуса.; Послуга ""Для наречених пар"" - знижка 5% від вартості туру для тих хто нещодавно побрався (забронювати тур не пізніше 30 днів з дати розпису).; Послуга ""Додаткове вільне місце біля себе"" - 75% до вартості туру.; Послуга ""Подарунок на день народження"" . - Даруємо 1 безкоштовну факультативну екскурсію в турі на вибір Туроператора (вартість екскурсії не перевищуватиме 20€. Обрати екскурсію можливо лише з того переліку, який надасть Туроператор вже в турі). - Подарункова екскурсія надається лише у разі, якщо день народження туриста припадає безпосередньо на дати туру.",,"Тур на 6 днів, без нічних переїздів . Ранковий виїзд зі Львова і нічне прибуття у Львів (в залежності від проходження кордону); В турі ми відвідаємо такі міста: Вроцлав, Краків (Польща), Берлін, Дрезден (Німеччина), Амстердам, Зансе-Сханс , Делфт , Гаага (Нідерланди).; Розпочинаємо нашу мандрівку з Вроцлаву - це місто, що володіє магічною чарівністю і зачаровує з першого погляду, тут ми прогуляємось старовинними вуличками, познайомимось з вроцлавськими гномами, які вже стали символом міста. Вирушаємо в Берлін , мегаполіс з живим і невимушеним шармом, тут можемо завітати в Пергамон в якому розміщені виставки історії Стародавнього світу або провести вечір в німецькій пивній зі смачним німецьким пивом в руках… Прямуємо в Амстердам – незабутній, сміливий, неповторний, розмальований яскравими барвами. Маємо можливість прогулятись на кораблику в Амстердамі, побачити життя нічного Амстердаму, заглянути в маленьке, але колоритне село Заансе Сханс – відоме своїми вітряками , сироварінням та знаменитими дерев'яними черевиками – кломпами… А тепер нас чекає Дрезден , який заворожує блискучим і захопливим поєднанням традицій і сучасності. Можемо заглянути в Дрезденську галерею - одне з найбільших у світі зібрань живопису, а ще побачити унікальну природу Саксонської Швейцарії … Вирушаємо в Краків – місто польських королів із цікавою багато столітньою історією.; З детальною програмою тура можете ознайомитися у розділі "" Програма ""; Враження від туру інших учасників дивіться у розділі "" Відгуки ""; всі автобусні тури в Нідерланди; всі автобусні тури в парк Кекенхоф; всі автобусні тури; діючі акції на автобусні тури",365,392,✅ done,"22.06.2026, 12:02:09"
https://adriatic-travel.com.ua/tour/romantyka-adriatyky-horvatiya-ta-chornogoriya,«Романтика Адріатики: Хорватія та Чорногорія!»,"Будапешт, Загреб, Дубровник, Цетинє, Будва, Котор, Спліт, Трогір, Брела, Оміш, Егер, Егерсалок",7,"Львів, Стрий, Мукачево, Берегове",Проїзд автобусом єврокласу; Супровід керівником групи; Проживання в готелі/віллі по маршруту; Харчування — сніданки; Оглядова екскурсія по Загребу; Страхування; всі автобусні тури до Хорватії; всі автобуні тури до Чорногорії; всі автобусні тури; діючі акції на автобусні тури,"Проїзд в громадському транспорті; Факультативні екскурсії; Вхідні квитки в екскурсійні об'єкти; Особисті витрати (обіди, вечері, та інше); City tax - від 2€ до 4€ за 1 ніч в готелі з особи (місцевий податок, оплачується керівнику групи за вимоги готелю); Обов'язкова доплата за оренду радіоприймача з навушниками для екскурсій - 2€/день (оплачується керівнику групи); Послуга ""Місце Priority"" - 15€/особа (Замовляється при бронюванні туру. Обирається місце з 5 по 12); Послуга ""Одномісне розміщення"" - 205€ (доплата до вартості туру); За умови індивідуального бронювання - діти віком до 13 років включно, НЕ ОПЛАЧУЮТЬ факультативні екскурсії, якщо інше не вказано в програмі туру (Якщо в програмі туру вказана вартість для дітей - то така факультативна екскурсія оплачується по вказаній вартості). Вхідні квитки в екскурсійні об'єкти та послуги трансферу оплачуються на загальних підставах. За умови бронювання туру для організованих груп, турів на випускний - всі учасники групи оплачують стандартну вартість факультативних екскурсій.; Послуга ""Останній ряд"" - знижка 10€ від вартості туру при виборі місця в останньому ряді автобуса.; Послуга ""Для наречених пар"" - знижка 5% від вартості туру для тих хто нещодавно побрався (забронювати тур не пізніше 30 днів з дати розпису).; Послуга ""Додаткове вільне місце біля себе"" - 75% до вартості туру.; Послуга ""Подарунок на день народження"" . - Даруємо 1 безкоштовну факультативну екскурсію в турі на вибір Туроператора (вартість екскурсії не перевищуватиме 20€. Обрати екскурсію можливо лише з того переліку, який надасть Туроператор вже в турі). - Подарункова екскурсія надається лише у разі, якщо день народження туриста припадає безпосередньо на дати туру.",,"Автобусний тур на 7 днів, без нічних переїздів . Ранковий виїзд зі Львова і нічне повернення у Львів (залежно від проходження кордону).; 7 денний тур без нічних переїздів, з відвідуванням основних локацій в Хорватії та Чорногорії. Загадкові Балкани манять своєю красою сотні туристів зі всіх куточків світу. Хорватія та Чорногорія - це поєднання приголомшливої природи, Адріатичного моря, гір, старовинних монастирів, фортець, замків та приголомшливих заповідників. У турі ми відвідаємо столицю Хорватії - Загреб , мальовничі містечка Оміш, Спліт та Трогір. Відвідаємо неймовірні локації - Плітвіцькі озера та один із найкрасивіших пляжів Хорватії - Пунта Рата . На завершення знайомства з Хорватією прогуляємось містом казкою – Дубровник ! Чорногорія відкриє нам самі потаємні куточки: Боко-Которська затока , Герцег Нови, Блакитна печера , духовна та історична столиця Чорногорії – Цетіне . Проїдемось « сходами Каттаро » - по унікальній дорозі з серпантину в 25 поворотів, звідки відкриваються фантастичні види, а також поплаваємо на катері Скадарським озером !; Зверніть увагу! У вартості туру включено 1 екскурсія по місту Загреб; З детальною програмою туру ви можете ознайомитися в розділі "" Програма туру "".; Враження від туру інших учасників можете переглянути в розділі "" Відгуки "".; Фотографії, відео, відгуки можете подивитися в соцмережах: instagram , facebook , telegram .; Графік виїздів, та інформацію про гарантовані автобусні тури до Чорногорії та Хорватії дивіться в календарі на сайті. Якщо у вас виникли запитання, ви можете проконсультуватися з менеджером: натискайте на кнопку ""відправити запит"". Якщо бажаєте придбати тур, натискайте tour_id=1451, agent_url=/tour/romantyka-adriatyky-horvatiya-ta-chornogoriya type=text, title=""Замовити тур"".",412,442,✅ done,"22.06.2026, 12:02:13"
https://adriatic-travel.com.ua/tour/podorozh-balkanamy,"«Подорож Балканами: Хорватія, Чорногорія, Албанія, Македонія та Боснія і Герцеговина»","Будапешт, Загреб, Меджугор'є, Мостар, Благай, Дубровник, Будва, Котор, Херцег-Новий, Цетинє, Шкодер, Охрид, Скоп'є, Тімішоара",9,"Львів, Стрий, Мукачево, Берегове","Проїзд автобусом єврокласу; Супровід керівником групи; Проживання по маршруту: готель/вілла; Харчування - сніданки; Екскурсійні об'єкти: Загреб, Мостар, Скоп'є та Тімішоара; Страхування","Проїзд в громадському транспорті; Факультативні екскурсії; Вхідні квитки в екскурсійні об'єкти; Особисті витрати (обіди, вечері, та інше); City tax - від 2€ до 7€ з особи за ніч (місцевий податок, оплачується керівнику групи за вимоги готелю); Обов'язкова доплата за оренду радіоприймача з навушниками для екскурсій - 2€/день (оплачується керівнику групи); Послуга ""Місце Priority"" - 15€/особа (Замовляється при бронюванні туру. Обирається місце з 5 по 12); Послуга ""Одномісне розміщення"" - 240€ (доплата до вартості туру); За умови індивідуального бронювання - діти віком до 13 років включно, НЕ ОПЛАЧУЮТЬ факультативні екскурсії, якщо інше не вказано в програмі туру (Якщо в програмі туру вказана вартість для дітей - то така факультативна екскурсія оплачується по вказаній вартості). Вхідні квитки в екскурсійні об'єкти та послуги трансферу оплачуються на загальних підставах. За умови бронювання туру для організованих груп, турів на випускний - всі учасники групи оплачують стандартну вартість факультативних екскурсій.; Послуга ""Останній ряд"" - знижка 10€ від вартості туру при виборі місця в останньому ряді автобуса.; Послуга ""Для наречених пар"" - знижка 5% від вартості туру для тих хто нещодавно побрався (забронювати тур не пізніше 30 днів з дати розпису).; Послуга ""Додаткове вільне місце біля себе"" - 75% до вартості туру.; Послуга ""Подарунок на день народження"" . - Даруємо 1 безкоштовну факультативну екскурсію в турі на вибір Туроператора (вартість екскурсії не перевищуватиме 20€. Обрати екскурсію можливо лише з того переліку, який надасть Туроператор вже в турі). - Подарункова екскурсія надається лише у разі, якщо день народження туриста припадає безпосередньо на дати туру.",,"Автобусний тур на 9 днів, без нічних переїздів. Ранковий виїзд зі Львова і нічне поверенення у Львів (в залежності від проходження кордону).; Відвідаємо такі міста: Будапешт, Загреб, Меджугор'є, Мостар, Благай, Дубровник, Будва, Котор, Херцег-Новий, Цетинє, Шкодер, Охрид, Скоп'є, Тімішоара; Ця подорож відкриє всю красу Балкан в одному турі! Загадкові Балкани — це поєднання приголомшливої природи, Адріатичного моря, гір, старовинних монастирів, фортець, замків та приголомшливих заповідників, які манять своєю красою. В Хорватії ми відвідаємо неймовірні локації: Плітвіцькі озера та один із найкрасивіших пляжів Хорватії - Пунта Рата , столицю Хорватії - Загреб та мальовничі містечка, а також прогуляємось містом казкою – Дубровник ! Боснія і Герцоговина – зачарує красою Кравіци, надихнемось у місці паломників – Меджугорє , піднімемось на Пагорб Явлення – місце де явилась Богоматір , а ще відвідаємо крихітне містечко Почітель та діамант країни – місто Мостар . Чорногорія відкриє нам самі потаємні куточки: Боко-Которську затоку , Герцег Нови , Блакитна печера , духовна та історична столиця Чорногорії – Цетіне . Проїдемось « сходами Каттаро » - по унікальній дорозі з серпантину у 25 поворотів, звідки відкриваються фантастичні види, а також поплаваємо на катері Скадарським озером ! Албанія , ексклюзивно в цьому турі ми відвідаємо Албанські фьорди – озеро Коман та одне із самих старовинних міст – Шкодр . Помилуємось скарбами Північної Македонії : Охридське озеро , містечко Охрид , столиця – Скоп’є та найгарніший каньйон Північної Македонії – Матка !; Зверніть увагу! У вартість туру включено 4 екскурсійних об'єкта : Загреб, Мостар, Скоп'є та Тімішоара .; У вартість туру також входить проживання у готелях . Сніданки включені у вартість.; З детальною програмою тура можете ознайомитися у розділі "" Програма ""; Враження від туру інших учасників можете переглянути у розділі "" Відгуки "".; Фотографії, відео, відгуки можете подивитися в соцмережах: instagram , facebook , telegram .; Графік виїздів, та інформацію про гарантовані автобусні тури по Балканах дивіться в календарі на сайті. Якщо у вас виникли запитання, ви можете проконсультуватися з менеджером: натискайте на кнопку ""відправити запит"". Якщо бажаєте придбати тур, натискайте tour_id=1454 , agent_url=/tour/podorozh-balkanamy, type=text, title=""Замовити тур""",465,500,✅ done,"22.06.2026, 12:02:17"
https://adriatic-travel.com.ua/tour/my-v-nitstsu-v-nitstsu-z-vitertsem,"«Ми в Ніццу, в Ніццу з вітерцем»","Будапешт, Грац, Верона, Ніцца, Сен-Поль-де-Ванс, Антіб, Канни, Сен-Тропе, Монако, Монте-Карло, Генуя, Венеція, Егер",8,"Львів, Стрий, Мукачево, Ужгород","Проїзд автобусом єврокласу; Супровід керівником групи; Проживання по маршруту: готель 3*; Харчування — сніданки; Оглядові екскурсії по містах: Грац, Верона, Ніцца; Екскурсія на Парфумерну фабрику Фрагонар; Страхування (Поліс доступний для звантаження в особистому кабінеті. Просимо видавати туристам перед виїздом!)","Проїзд в громадському транспорті; Факультативні екскурсії; Вхідні квитки в екскурсійні об'єкти; Особисті витрати (обіди, вечері, та інше); City tax - 2€-6€/особа/день (місцевий податок, оплачується керівнику групи за вимоги готелю); Обов'язкова доплата за оренду радіоприймача з навушниками для екскурсій - 2€/день (оплачується керівнику групи); Послуга ""Місце Priority"" - 15€/особа (Замовляється при бронюванні туру. Обирається місце з 5 по 12); Послуга ""Одномісне розміщення"" - 300€ (доплата до вартості туру); Послуга ""Останній ряд"" - знижка 10€ від вартості туру при виборі місця в останньому ряді автобуса.; Послуга ""Для наречених пар"" - знижка 5% від вартості туру для тих хто нещодавно побрався (забронювати тур не пізніше 30 днів з дати розпису).; Послуга ""Додаткове вільне місце біля себе"" - 75% до вартості туру.; Послуга ""Подарунок на день народження"" . - Даруємо 1 безкоштовну факультативну екскурсію в турі на вибір Туроператора (вартість екскурсії не перевищуватиме 20€. Обрати екскурсію можливо лише з того переліку, який надасть Туроператор вже в турі). - Подарункова екскурсія надається лише у разі, якщо день народження туриста припадає безпосередньо на дати туру.; Послуга ""Організованим групам"" Детальні умови по бронюванню організованих груп дивіться у розділі: організованим групам Увага! Для груп більш як 40 осіб, необхідно писати індивідуальний запит - детальні умови",,"Тур на 8 дні, без нічних переїздів. Денний виїзд зі Львова і нічне прибуття у Львів (в залежності від проходження кордону).; В тур ми відвідаємо такі міста: Будапешт (Угорщина), Грац (Австрія), Верона (Італія), Ніцца (Франція), Генуя (Італія), Венеція (Італія).; В Будапешті пропонуємо здійснити прогулянку на човнику по Дунаю , а також відвідати термальні купальні. З містом Грац познайомимось на оглядовій пішохідній екскурсії, яка входить у вартість туру. Після чього пропонуємо відвідати озеро Lake Lago di Braies - неймоврної краси озеро в Доломітових Альпах в Південному Тіролі, Італія. Далі ми подорожуємо Італією і відвідуємо столицю закоханих - Верону . В цьому місці у нас запланована екскурсія, яка входить у вартість туру. У вільний час бажаючі можіть поїхати ще до одного озера - Гарда. Настпуною нас буде вітати Франція - ми приїжджаємо до Ніцци . У Франції ми також можемо відвідати Канни, Монако, Сан-Ремо, Монте-Карло . Потім ми знову повертаємось до Італії і заїжджаємо у місто Генуя . У вільний час можна обрати факультативну екскурсію до Портофіно та Санта Маргеріти . Романтичну прогулянку на гондолі ви зможете здійснити в місті Венеція , яку ми відвідуємо наступною. По Венеції проходять близько 150 каналів, які повязані 409 мостами.; Зверніть увагу! У вартість туру входить 3 оглядові екскурсії: по містах Грац, Верона та Ніцца.; Проживаємо в готелях 3* на території країн ЄС. Сніданки включені у вартість туру.",486,522,✅ done,"22.06.2026, 12:02:21"
https://adriatic-travel.com.ua/tour/lazurna-perlyna-nitstsa,«Лазурна перлина - Ніцца»,"Будапешт, Відень, Санремо, Ніцца, Канни, Сен-Поль-де-Ванс, Монако, Монте-Карло, Мустьє-Сент-Марі, Мілан, Верона, Венеція, Егер, Егерсалок",9,Львів,"Проїзд автобусом єврокласу; Супровід керівником групи; Проживання по маршруту: готель 3*; Харчування - сніданки у готелях; Пішохідні екскурсії у Ніцці, Мілані та Будапешті; Страхування","Депозит - 45€ (на обрану суму необхідно замовити факультативні екскурсії під час туру) - на період воєнного стану не оплачується Депозит є обов'язковим при бронюванні туру по акційній ціні. Якщо тур придбаний по стандартній ціні, депозит не оплачується; Проїзд в громадському транспорті; Факультативні екскурсії; Вхідні квитки в екскурсійні об'єкти; Особисті витрати (обіди, вечері, та інше); City tax - 2€/ніч/ооба (місцевий податок, оплачується керівнику групи за вимоги готелю); Обов'язкова доплата за оренду радіоприймача з навушниками для екскурсій - 2€/день (оплачується керівнику групи); Послуга ""Місце Priority"" - 10€/особа (Замовляється при бронюванні туру. Обирається місце з 5 по 12); Послуга ""Одномісне розміщення"" - 260€ (доплата до вартості туру); За умови індивідуального бронювання - діти віком до 13 років включно, НЕ ОПЛАЧУЮТЬ факультативні екскурсії, якщо інше не вказано в програмі туру (Якщо в програмі туру вказана вартість для дітей - то така факультативна екскурсія оплачується по вказаній вартості). Вхідні квитки в екскурсійні об'єкти та послуги трансферу оплачуються на загальних підставах. За умови бронювання туру для організованих груп, турів на випускний - всі учасники групи оплачують стандартну вартість факультативних екскурсій.; Послуга ""Останній ряд"" - знижка 10€ від вартості туру при виборі місця в останньому ряді автобуса.; Послуга ""Для наречених пар"" - знижка 5% від вартості туру для тих хто нещодавно побрався (забронювати тур не пізніше 30 днів з дати розпису).; Послуга ""Додаткове вільне місце біля себе"" - 75% до вартості туру.",,"Автобусний тур на 9 днів, 2 нічних переїзди. Ранковий виїзд зі Львова і вечірнє прибуття у Львів (в залежності від проходження кордону).; Завітаємо в: Будапешт ( Угорщина ), Відень ( Австрія ), Ніцца, Сен-Поль-де-Ванс, Канни, Монако і Монте Карло ( Франція ), Сан-Ремо, Мілан, Верона та Венеція ( Італія ) Егер, Егерсалок ( Угорщина ).; У Будапешті можна буде здійснити прогулянку по Дунаю. Зануримось в цілковиту атмосферу міста і насолодимось ним сповна. Відвідаємо Відень - столицю блискучої імперії, місто палаців і величних площ, мальовничих вуличок і численних скверів. Прогулюючись Ніццою , ми насолодимося нею не лише як відомим курортом, але і як античним містом. Ви відкриєте для себе французьке місто, з італійською культурою. Завітаємо у місто Сен-Поль-де-Ванс , одне з найцікавіших міст Лазурного берега, адже розташоване на горі. Відкриємо для себе князівство Монако , де панує розкіш та багатство, та затишне містечко Монте Карло . «Місто Квітів» - Сан Ремо, заманить нас дивовижними ароматами гвоздик та інших квітів. Заїдемо в одну з столиць світової моди – Мілан , й про озеро Комо не забудемо. Погуляємо по Вероні , «місті закоханих», місті безсмертних закоханих Ромео і Джульєтти. А також не пропустимо можливість відвідати Сірміоне та озеро Гарда. «Місто на воді» - відома Венеція , не покине нас своєю увагою. Прогуляємось по місту на гондолі. Прогулявшись по Гранд Каналі - Головній вулиці Ви познайомитесь з найромантичнішими місцями Італії і насолодитесь найкрасивішим водним шляхом в світі. Буде змога відвідати «кольорові»острови Венеції: Мурано і Бурано. У Егерсалоку можна сповна насолодитись природою і отримати релакс в термальних купальнях. А в Егері буде чудова нагода дегустувати угорські вина та спробувати смачний гуляш.; Зверніть увагу! У вартість туру включено 3 екскурсії по містах : Будапешт, Ніцца, Мілан .; У вартість туру входить проживання у готелях категорії 3* . Сніданки включені у вартість в готелях.; З детальною програмою тура можете ознайомитися у розділі "" Програма ""; Враження від туру інших учасників можете переглянути у розділі "" Відгуки "".; Фотографії, відео, відгуки можете подивитися в соцмережах: instagram , facebook , telegram .; Графік виїздів, та інформацію про гарантовані автобусні тури до Франції дивіться в календарі на сайті. Якщо у вас виникли запитання, ви можете проконсультуватися з менеджером: натискайте на кнопку ""відправити запит"". Якщо бажаєте придбати тур, натискайте tour_id=424 , agent_url=/tour/lazurna-perlyna-nitsts, type=text, title=""Замовити тур"".",489,525,✅ done,"22.06.2026, 12:02:24"
https://adriatic-travel.com.ua/tour/tirol-sertse-alp,«Тіроль - серце Альп»,"Лінц, Зальцкаммергут, Гальштат, Зальцбург, Інсбрук, Куфштайн, Мюнхен, Прага",6,"Львів, Тарнув, Краків, Катовіце, Оломоуц, Брно","Проїзд автобусом єврокласу; Супровід керівником групи; Проживання по маршруту: готель 3*; Харчування - сніданки; Оглядові екскурсії по містах: Зальцбург, Інсбрук, Мюнхен; Екскурсію «Лебединий замок Нойшванштайн»; Страхування","Проїзд в громадському транспорті; Факультативні екскурсії; Вхідні квитки в екскурсійні об'єкти; Особисті витрати (обіди, вечері, та інше); City tax - 3-4€ з особи/доба (у Новорічні та святкові дати сума може становити 3-5€ з особи/доба); Обов'язкова доплата за оренду радіоприймача з навушниками для екскурсій - 2€/день (оплачується керівнику групи).; Послуга ""Місце Priority"" - 15€/особа (Замовляється при бронюванні туру. Обирається місце з 5 по 12); Послуга ""Одномісне розміщення"" - 240€ (доплата до вартості туру); За умови індивідуального бронювання - діти віком до 13 років включно, НЕ ОПЛАЧУЮТЬ факультативні екскурсії, якщо інше не вказано в програмі туру (Якщо в програмі туру вказана вартість для дітей - то така факультативна екскурсія оплачується по вказаній вартості). Вхідні квитки в екскурсійні об'єкти та послуги трансферу оплачуються на загальних підставах. За умови бронювання туру для організованих груп, турів на випускний - всі учасники групи оплачують стандартну вартість факультативних екскурсій.; Послуга ""Останній ряд"" - знижка 10€ від вартості туру при виборі місця в останньому ряді автобуса.; Послуга ""Для наречених пар"" - знижка 5% від вартості туру для тих хто нещодавно побрався (забронювати тур не пізніше 30 днів з дати розпису).; Послуга ""Додаткове вільне місце біля себе"" - 75% до вартості туру.; Послуга ""Подарунок на день народження"" . - Даруємо 1 безкоштовну факультативну екскурсію в турі на вибір Туроператора (вартість екскурсії не перевищуватиме 20€. Обрати екскурсію можливо лише з того переліку, який надасть Туроператор вже в турі). - Подарункова екскурсія надається лише у разі, якщо день народження туриста припадає безпосередньо на дати туру.",,"Автобусний тур на 6 днів, без нічних переїздів . Ранковий виїзд зі Львова, нічне прибуття у Львів (в залежності від проходження кордону).; Відвідуємо термальний комплекс Aqua dome - СПА екстракласу в Альпах.; Під час подорожі ми відвідаємо: Зальцкаммергут, Гальштат, Зальцбург, Інсбрук, Мюнхен, Прага.; Тур для тих, хто мріє побачити Альпи у всій їхній красі — від імператорських міст і казкових замків до бірюзових озер, панорамних мостів і гірських вершин: ✓ Поринути в атмосферу Зальцбурга — міста Моцарта, барокових площ і величної фортеці Гогензальцбург, що підноситься над дахами старого міста та відкриває неймовірні панорами Альп. ✓ Завітаєте до легендарного Гальштата — одного з найфотогенічніших міст Європи, де дзеркальна гладь озера, круті схили гір і маленькі будиночки створюють атмосферу справжньої альпійської казки. ✓ Відкрити для себе Санкт-Вольфганг та озерний край Зальцкаммергут — регіон кришталевих озер, альпійських вершин і затишних містечок із квітковими балконами, де панує спокійна атмосфера справжнього австрійського відпочинку. ✓ Побачити Інсбрук — столицю Тіролю, місто серед Альп, де середньовічні будинки, знаменитий Золотий дах і гірські вершини навколо створюють неповторну атмосферу гірського міста. ✓ Розслабитися у термальному комплексі Аквадом — одному з найвідоміших SPA-курортів Австрії, де відкриті басейни з термальною водою ніби зависають серед альпійських гір. ✓ Завітаєте до музею Swarovski у Ваттенсі — унікального світу кришталю та сучасного мистецтва, де фантастичні інсталяції, світло й блиск створюють атмосферу справжньої казки. ✓ Відчути адреналін на підвісному мосту Highline 179 біля фортеці Еренберг — одному з найдовших пішохідних мостів у світі, що простягається високо над гірською долиною. ✓ Насолодитися панорамами озера Ейбзее — одного з найкрасивіших альпійських озер із кришталево чистою водою та видом на найвищу гору Німеччини — Цугшпітце . ✓ Піднятися до легендарної хижини Ольперергютте , звідки відкривається один із найвідоміших панорамних видів Альп — на бірюзове водосховище Шлегайс та гірські вершини навколо. ✓ Побачити казковий замок Нойшванштайн — романтичну резиденцію баварського короля Людвіга II, що височіє серед гір і лісів та став символом справжньої баварської казки. ✓ Відкрити для себе Мюнхен — столицю Баварії з елегантними площами, історичними палацами та атмосферою традиційної німецької культури. ✓ Поринути в атмосферу Праги — міста готичних шпилів, старовинних площ і романтичних вуличок, де кожен куточок зберігає дух середньовічної Європи.; Зверніть увагу! У вартість туру включені 4 екскурсії по містах: Зальцбург, Інсбрук, Мюнхен та замок Нойшванштайн .; У вартість туру входить проживання в готелях 3* на теристорії Європи. Сніданки включені у вартість туру.; Детальніше з програмою туру можете ознайомитися в розділі "" Програма туру "".; Враження від туру інших учасників можете переглянути у розділі "" Відгуки "".; Фотографії, відео, відгуки можете подивитися в соцмережах: instagram , facebook , telegram .; Графік виїздів, та інформацію про гарантовані автобусні тури до Австрії дивіться в календарі на сайті. Якщо у вас виникли запитання, ви можете проконсультуватися з менеджером: натискайте на кнопку ""відправити запит"". Якщо бажаєте придбати тур, натискайте tour_id=1347 , agent_url=/tour/tirol-sertse-alp, type=text, title=""Замовити тур"".",349,375,✅ done,"22.06.2026, 12:02:28"
https://adriatic-travel.com.ua/tour/venetsiya-zemlya-kokhannya-i-more-char,"«Венеція - земля кохання і море чар… Портофіно, Мілан, озеро Комо»","Будапешт, Трієст, Генуя, Мілан, Лугано, Венеція",6,"Львів, Мукачево, Стрий, Ужгород, Будапешт","Проїзд автобусом єврокласу; Супровід керівником групи; Проживання по маршруту: готель 3-4*; Харчування - сніданки; Оглядові екскурсії у Генуї, Мілані та Венеції; Страхування; всі автобусні тури до Італії; всі автобусні тури; діючі акції на автобусні тури","Проїзд в громадському транспорті; Факультативні екскурсії; Вхідні квитки в екскурсійні об'єкти; Особисті витрати (обіди, вечері, та інше); City tax - від 3€ до 7€ (місцевий податок, оплачується керівнику групи за вимоги готелю); Обов'язкова доплата за оренду радіоприймача з навушниками для екскурсій - 2€/день (оплачується керівнику групи); Послуга ""Місце Priority"" - 10€/особа (Замовляється при бронюванні туру. Обирається місце з 1 по 12); Послуга ""Одномісне розміщення"" - 175€ (доплата до вартості туру); За умови індивідуального бронювання - діти віком до 13 років включно, НЕ ОПЛАЧУЮТЬ факультативні екскурсії, якщо інше не вказано в програмі туру (Якщо в програмі туру вказана вартість для дітей - то така факультативна екскурсія оплачується по вказаній вартості). Вхідні квитки в екскурсійні об'єкти та послуги трансферу оплачуються на загальних підставах. За умови бронювання туру для організованих груп, турів на випускний - всі учасники групи оплачують стандартну вартість факультативних екскурсій.; Послуга ""Останній ряд"" - знижка 10€ від вартості туру при виборі місця в останньому ряді автобуса.; Послуга ""Для наречених пар"" - знижка 5% від вартості туру для тих хто нещодавно побрався (забронювати тур не пізніше 30 днів з дати розпису).; Послуга ""Додаткове вільне місце біля себе"" - 75% до вартості туру.; Послуга ""Подарунок на день народження"" . - Даруємо 1 безкоштовну факультативну екскурсію в турі на вибір Туроператора (вартість екскурсії не перевищуватиме 20€. Обрати екскурсію можливо лише з того переліку, який надасть Туроператор вже в турі). - Подарункова екскурсія надається лише у разі, якщо день народження туриста припадає безпосередньо на дати туру.",,"Тур на 6 днів, без нічних переїздів . Ранковий виїзд зі Львова. Вечірнє прибуття у Львів (залежно від проходження кордону).; У турі відвідаємо: Будапешт, Трієст, Генуя, Мілан, Лугано, Венеція.; Під час туру відвідуємо улюблені італійські курорти Трієст і Портофіно , королеву Адрікатики: Венецію і величну Геную , казкове містечко Чинкве-Терре і модний Мілан . Факультативно маємо можливість відвідати: замок Мірамаре , Портофіно + Санта Маргеріта , казкове Рапалло , озеро Комо , один з найгарніших готичних храмів Європи - Дуомо .",367,394,✅ done,"22.06.2026, 12:02:32"
https://adriatic-travel.com.ua/tour/svit-fantaziy-amsterdam-bryussel-paryzh-parky-rozvag,"«Світ фантазій: Амстердам, Брюссель, Париж + парки розваг!»","Варшава, Берлін, Амстердам, Зансе-Сханс, Делфт, Гаага, Брюссель, Париж, Руан, Довіль, Трувіль-сюр-Мер, Етрета, Кольмар, Страсбург, Прага",9,"Львів, Люблін, Варшава, Познань, Берлін, Ганновер, Магдебург","Проїзд автобусом єврокласу; Супровід керівником групи; Проживання по маршруту: готель зі сніданками; Харчування — сніданки; Оглядові екскурсії по містах: Варшава, Берлін, Амстердам, Брюсель, Париж, Кольмар та Прага; Страхування","Проїзд в громадському транспорті; Факультативні екскурсії; Вхідні квитки в екскурсійні об'єкти; Особисті витрати (обіди, вечері, та інше); City tax - від 2€ до 6€ за ніч в готелі (місцевий податок, оплачується керівнику групи за вимоги готелю); Обов'язкова доплата за оренду радіоприймача з навушниками для екскурсій - 2€/день (оплачується керівнику групи); Послуга ""Місце Priority"" - 15€/особа (Замовляється при бронюванні туру. Обирається місце з 5 по 12); Послуга ""Одномісне розміщення"" - 350€ (доплата до вартості туру); Послуга ""Останній ряд"" - знижка 10€ від вартості туру при виборі місця в останньому ряді автобуса.; Послуга ""Для наречених пар"" - знижка 5% від вартості туру для тих хто нещодавно побрався (забронювати тур не пізніше 30 днів з дати розпису).; Послуга ""Додаткове вільне місце біля себе"" - 75% до вартості туру.; Послуга ""Подарунок на день народження"" . - Даруємо 1 безкоштовну факультативну екскурсію в турі на вибір Туроператора (вартість екскурсії не перевищуватиме 20€. Обрати екскурсію можливо лише з того переліку, який надасть Туроператор вже в турі). - Подарункова екскурсія надається лише у разі, якщо день народження туриста припадає безпосередньо на дати туру.; Послуга ""Організованим групам"" Детальні умови по бронюванню організованих груп дивіться у розділі: організованим групам Увага! Для груп більш як 40 осіб, необхідно писати індивідуальний запит - детальні умови; Послуга ""Сімейна подорож"" - знижки для дітей* (дана послуга не розповсюджується на бронювання туристичних послуг для організованих груп): Детальні умови по знижках на дітей дивіться у розділі: акції",,"Автобусний тур на 9 днів, без нічних переїздів . Ранковий виїзд зі Львова та нічне прибуття у Львів (в залежності від проходження кордону).; У турі відвідаємо: Варшава ( Польща ), Берлін ( Німеччина ), Амстердам, Зансе-Сханс, Делфт, Гаага ( Нідерланди ), Брюссель ( Бельгія ), Париж, Руан, Етрета, Кольмар, Страсбург ( Франція ), Прага ( Чехія ).; Розпочнемо нашу подорож зі знайомства зі столицею Польщі - Варшавою та відвідування відомого центру Науки Коперника, який дозволить доторкнутись до загадок наукового світу як дорослим так і дітям. Наступною нашою зупинкою стане ще одна відома столиця, на цей раз Німеччини . Берлін порадує не лише своїми широкими та комфортними вулицями і скверами, а також одним з найбільших зоопарків та акваріумів Європи. Також завітаємо і до затишних Нідерландів . Дізнаємось все про автентичну голандську культуру в Заансе Сханс та Волендамі , помилуємось каналами Амстердама , розважимось в провідному парку Європи "" Efteling "", унікальному музеї "" Corpus "" та дослідимо Нідерланди в парку "" Мадуродам "". Ми поласуємо найкращим в світі шоколадом та однойменними вафлями в столиці Бельгії - Брюсселі і спробуємо найсмачніші круасани в Парижі , який зустрічатиме нас вогнями Ейфелевої вежі . Здійснимо заповітні мрії в легендарному Діснейленді та тематичному парку атракціонів "" Астерікс "". І на завершенні мандрівки на нас чекатиме вражаючий « Europa Park / Європа-Парк » та казкові вулички Кольмара і Праги !; Зверніть увагу! У вартість туру включено 7 екскурсії по містах: Варшава, Берлін, Амстердам, Брюсель, Париж, Кольмар, Прага .; У вартітсь туру входить проживання у готелях. Сніданки включені у вартість.; З детальною програмою туру ви можете ознайомитися в розділі "" Програма туру "".; Враження від туру інших учасників можете переглянути в розділі "" Відгуки "".; Графік виїздів, та інформацію про гарантовані автобусні тури до Нідерландів дивіться в календарі на сайті. Якщо у вас виникли запитання, ви можете проконсультуватися з менеджером: натискайте на кнопку ""відправити запит"". Якщо бажаєте придбати тур, натискайте tour_id=1393 , agent_url=/tour/svit-fantaziy-amsterdam-bryussel-paryzh-parky-rozvag, type=text, title=""Замовити тур""",549,590,✅ done,"22.06.2026, 12:02:36"
https://adriatic-travel.com.ua/tour/zemlya-fiordiv-lodovykiv-norvehi,"«Земля фіордів, льодовиків... Норвегія...»","Варшава, Гданськ, Сопот, Копенгаген, Осло, Флом, Гетеборг",7,Львів,"Проїзд автобусом єврокласу; Супровід керівником групи; Проживання по маршруту: готель 3* Проїзд в 4-хмісній каюті економ - класу (спальне місце) без вікна; Харчування - сніданки в готелях та поромах.; Оглядові екскурсії по містах Гданськ, Копенгаген та Осло, прогулянки по Флому та Торуні, переїзд по Ересунському мосту.; Страхування","Проїзд в громадському транспорті; Факультативні екскурсії; Вхідні квитки в екскурсійні об'єкти; Особисті витрати (обіди, вечері, та інше); City tax від 2 до 7 євро за ніч в готелі; Обов'язкова доплата за оренду радіоприймача з навушниками для екскурсій - 2€/день (оплачується керівнику групи); Послуга ""Місце Priority"" - 15€/особа (Замовляється при бронюванні туру. Обирається місце з 5 по 12); Послуга ""Одномісне розміщення"" - 225€/особа/тур/4 ночі в готелях (доплата до вартості туру); Послуга ""Розміщення 2-хмісній каюті на поромах Гдиня - Карлскруна - Гдиня"": 176€/особа/2 ночі; Одяг: мембранна куртка чи надлегкий пуховик, трекінгові штани та зручні фліси, штани, що швидко сохнуть, синтетичні футболки, рукавички, легка шапка чи багатофункціональна пов'язка, сонцезахисний крем та окуляри;; Взуття: водонепроникні трекінгові черевики чи кросівки + трекінгові шкарпетки;; Що покласти в рюкзачок: водичку 1,5 L та більше, енергетичні батончики, шоколад, горішки та сухофрукти, запасні шкарпетки, вологі та сухі серветки і ін.; Орієнтовний час підняття та спуску на Язик Троля 8-10 годин (10км в одну сторону).; За умови індивідуального бронювання - діти віком до 13 років включно, НЕ ОПЛАЧУЮТЬ факультативні екскурсії, якщо інше не вказано в програмі туру (Якщо в програмі туру вказана вартість для дітей - то така факультативна екскурсія оплачується по вказаній вартості). Вхідні квитки в екскурсійні об'єкти та послуги трансферу оплачуються на загальних підставах. За умови бронювання туру для організованих груп, турів на випускний - всі учасники групи оплачують стандартну вартість факультативних екскурсій.; Послуга ""Останній ряд"" - знижка 10€ від вартості туру при виборі місця в останньому ряді автобуса.",,"Автобусний тур на 7 днів, без нічних переїздів . Ранковий виїзд зі Львова і вечірнє поверенення у Львів (в залежності від проходження кордону).; Відвідаємо такі міста: Варшава, Гданськ, Сопот, Копенгаген, Осло, Флом, Гетеборг.; Комфортний тур без нічних переїздів! За сім днів ми відвідаємо три столиці: Осло, Копенгаген, Варшаву, а також казковий Гданськ та місто - фортецю Гетеборг. Здійснимо круїз на кораблику по Согнефьорду і рукаву Неройфьорду, проїдемо через найдовший у світі автомобільний Лердальський тунель (24.5 км), побачимо найкрасивіший залізничний маршрут у світі - Фломську дорогу, відпочити на березі фьорду у Фломі, та піднімемось на оглядові площадки Стегастейн та Сталхейм, звідки відкривається фантастичний краєвид. Доповнять цю красу та враження: середньовічний замок – Мальброк, переїзд через самий незвичний Ересуннский міст, який йде під воду!, королівські замки Данії: Фредеріксборг та палац Розенборг. Р.S. А ще в турі нас чекають 2 ночі на поромі! А паром - це особлива атракція, величезний розважальний центр, який дозволяє насолодитися незабутньою подорожжю Балтійським морем!; Зверніть увагу! У вартість туру включено 6 екскурсійних об'єктів : Гданськ, Копенгаген, Осло, Ересунський міст, Флом, Торунь.; У вартість туру також входить проживання у готелях категорії 3*. Сніданки в готелі включені у вартість.; У вартість туру входить проїзд на паромах та проживання в 4-х містній каюті без ілюмінатора. Сніданок на паромах ВКЛЮЧЕНИЙ у вартість.; Важливо: послуга підселення тільки в жіночі чи чоловічі каюти не надається!; З детальною програмою тура можете ознайомитися у розділі "" Програма "".; Враження від інших учасників туру можете подивитися у розділі "" Відгуки "".; Фотографії, відео, відгуки можете подивитися в соцмережах: instagram , facebook , telegram .; Графік виїздів, та інформацію про гарантовані автобусні тури до Норвегії дивіться в календарі на сайті. Якщо у вас виникли запитання, ви можете проконсультуватися з менеджером: натискайте на кнопку ""відправити запит"". Якщо бажаєте придбати тур, натискайте tour_id=394 , agent_url=/tour/zemlya-fiordiv-lodovykiv-norvehi, type=text, title=""Замовити тур"".",563,605,✅ done,"22.06.2026, 12:02:39"
https://adriatic-travel.com.ua/tour/italiyskyy-vikend-venetsiya-florentsiya-rym,"«Італійський вікенд... Венеція, Флоренція, Рим»","Будапешт, Венеція, Рим, Ватикан, Флоренція, Піза",5,"Львів, Стрий, Мукачево, Ужгород, Будапешт","Проїзд автобусом єврокласу; Супровід керівником групи; Проживання по маршруту: готель 3-4*; Харчування - сніданки; Оглядові екскурсії по Венеції, Риму та Флоренції; Страхування","Проїзд в громадському транспорті; Факультативні екскурсії; Вхідні квитки в екскурсійні об'єкти; Особисті витрати (обіди, вечері, та інше); City tax - від 3€ до 7€ (місцевий податок, оплачується керівнику групи за вимоги готелю); Обов'язкова доплата за оренду радіоприймача з навушниками для екскурсій - 2€/день (оплачується керівнику групи); Послуга ""Місце Priority"" - 10€/особа (Замовляється при бронюванні туру. Обирається місце з 1 по 12); Послуга ""Одномісне розміщення"" - від 70€ (доплата до вартості туру); За умови індивідуального бронювання - діти віком до 13 років включно, НЕ ОПЛАЧУЮТЬ факультативні екскурсії, якщо інше не вказано в програмі туру (Якщо в програмі туру вказана вартість для дітей - то така факультативна екскурсія оплачується по вказаній вартості). Вхідні квитки в екскурсійні об'єкти та послуги трансферу оплачуються на загальних підставах. За умови бронювання туру для організованих груп, турів на випускний - всі учасники групи оплачують стандартну вартість факультативних екскурсій.; Послуга ""Останній ряд"" - знижка 10€ від вартості туру при виборі місця в останньому ряді автобуса.; Послуга ""Для наречених пар"" - знижка 5% від вартості туру для тих хто нещодавно побрався (забронювати тур не пізніше 30 днів з дати розпису).; Послуга ""Додаткове вільне місце біля себе"" - 75% до вартості туру.; Послуга ""Подарунок на день народження"" . - Даруємо 1 безкоштовну факультативну екскурсію в турі на вибір Туроператора (вартість екскурсії не перевищуватиме 20€. Обрати екскурсію можливо лише з того переліку, який надасть Туроператор вже в турі). - Подарункова екскурсія надається лише у разі, якщо день народження туриста припадає безпосередньо на дати туру.",,"Автобусний тур на 5 днів з 2 нічними переїздами. Ранковий виїзд зі Львова і вечірнє повернення у Львів (залежно від проходження кордону). При перетині КПП Лужанка , організовується трансфер з Ужгорода до Мукачево; Відвідаємо чарівні міста Італії (Венеція, Рим, Ватикан, Флоренція, Піза) та Угорщини (Будапешт).; У Будапешті можна буде здійснити прогулянку по Дунаю. «Місто на воді» - відома Венеція , не покине нас своєю увагою. Прогуляємось по місту на гондолі. Прогулявшись по Гранд Каналі - Головній вулиці Ви познайомитесь з найромантичнішими місцями Італії і насолодитесь найкрасивішим водним шляхом у світі. Буде змога відвідати «кольорові»острови Венеції: Мурано і Бурано. Рим - вічне місто, яке відкриє нам свою античну історію легенди та таємниці, що зберігаються в стінах храмів, монументах та старовинних будівель... Завітаємо у найменшу країну світу – Ватикан, де побачимо творіння античних скульпторів, геніїв Відродження і сучасних художників. У Ватикані 2025 рік — Ювілейний , тож саме цього року відкриті Святі ворота , які відчиняються лише раз на 25 років. Це особливий час благодаті, коли паломники можуть пройти крізь них і отримати повне відпущення гріхів . Флоренція – столиця Тоскани, вразить вас. Архітектурна трійця Домського Собору, Баптистерій з його «Брамою Раю» і Дзвіницею Джотто, Старий Палац - символ міської влади, Старий Міст зі своєю сімсотрічною історією, Галерея Уфіцці, в якій зберігаються кращі твори Джотто, Боттічеллі, Леонардо да Вінчі, Рафаель, Мікеланджело, Караваджо, Тіциан. Ще одна перлина Тоскани – Піза, знаменита відомою в усьому світі «падучою вежею», а також, потрапимо на Площу Чудес, що є домом для таких пам'яток як Пізанський собор, баптистерій та монументальне кладовище.; всі автобусні тури в Італію; всі діючі акції на автобусні тури",256,275,✅ done,"22.06.2026, 12:02:43"
https://adriatic-travel.com.ua/tour/vikend-v-berlini,«Вікенд в Берліні»,"Краків, Берлін, Потсдам, Варшава",30,"Львів, Тарнув, Краків, Катовіце, Легніца","Проїзд автобусом єврокласу; Супровід керівником групи; Проживання по маршруту: готель 3*; Харчування - сніданки; Оглядові екскурсії в таких містах: Берлін, Варшава; Страхування","Проїзд в громадському транспорті; Факультативні екскурсії; Вхідні квитки в екскурсійні об'єкти; Особисті витрати (обіди, вечері, та інше); City tax - 3€/доба з особи (місцевий податок, оплачується керівнику групи за вимоги готелю); Обов'язкова доплата за оренду радіоприймача з навушниками для екскурсій - 2€/день (оплачується керівнику групи); Послуга ""Місце Priority"" - 10€/особа (Замовляється при бронюванні туру. Обирається місце з 5 по 12); Послуга ""Одномісне розміщення"" - 115€ (доплата до вартості туру); За умови індивідуального бронювання - діти віком до 13 років включно, НЕ ОПЛАЧУЮТЬ факультативні екскурсії, якщо інше не вказано в програмі туру (Якщо в програмі туру вказана вартість для дітей - то така факультативна екскурсія оплачується по вказаній вартості). Вхідні квитки в екскурсійні об'єкти та послуги трансферу оплачуються на загальних підставах. За умови бронювання туру для організованих груп, турів на випускний - всі учасники групи оплачують стандартну вартість факультативних екскурсій.; Послуга ""Останній ряд"" - знижка 10€ від вартості туру при виборі місця в останньому ряді автобуса.; Послуга ""Для наречених пар"" - знижка 5% від вартості туру для тих хто нещодавно побрався (забронювати тур не пізніше 30 днів з дати розпису).; Послуга ""Додаткове вільне місце біля себе"" - 75% до вартості туру.; Послуга ""Подарунок на день народження"" . - Даруємо 1 безкоштовну факультативну екскурсію в турі на вибір Туроператора (вартість екскурсії не перевищуватиме 20€. Обрати екскурсію можливо лише з того переліку, який надасть Туроператор вже в турі). - Подарункова екскурсія надається лише у разі, якщо день народження туриста припадає безпосередньо на дати туру.",,"Тур на 4 дні, без нічних переїздів . Ранковий виїзд зі Львова, нічне повернення у Львів.; У Берліні нас чекає знайомство з Бранденбурзькими воротами – символом німецької єдності, пройдемо до Рейхстагу – будівлі Берлінського парламенту, побачимо величну Меморіальну церкву Кайзера Вільгельма, колону Перемоги, Пам’ятник жертвам Холокосту та посольський квартал. Прогуляємося Жандарменмарктом – однією з найгарніших площ міста, де розташовані два собори та головна опера Берліна. Сучасний Берлін відкриє для нас свої новітні символи – КПП Чарлі, Поцдамер плац, центр Соні та Істсайд галерею – найбільш збережену частину Берлінської стіни, що стала символом свободи. Ми побачимо Берлінську алею зірок і театр, де щороку проходить знаменитий кінофестиваль Берлінале. У Потсдамі нас чекають історичні королівські палаци та парки, серед яких відомий Сан-Сусі. А ще нас чекає аквапарк Tropical Island – ідеальне місце для релаксу, де під одним дахом тропічний рай із пляжами, лагунами та екзотичною природою. У Варшаві зануримося в атмосферу Старого міста – серця польської столиці, з його мальовничими вуличками та королівськими пам’ятками. А у Вроцлаві нас зачарують численні острови й мости, архітектура площі Ринок і надзвичайна атмосфера одного з найкрасивіших міст Польщі.; Зверніть увагу! У вартість туру включено 2 екскурсії по містах: Берлін, Варшава .; У вартість туру також входить проживання у готелях категорії 3* . Сніданки включені у вартість.; З детальною програмою тура можете ознайомитися у розділі "" Програма ""; Враження від туру інших учасників можете переглянути у розділі "" Відгуки "".; Фотографії, відео, відгуки можете подивитися в соцмережах: instagram , facebook , telegram .; Графік виїздів, та інформацію про гарантовані автобусні тури до Німеччини дивіться в календарі на сайті. Якщо у вас виникли запитання, ви можете проконсультуватися з менеджером: натискайте на кнопку ""відправити запит"". Якщо бажаєте придбати тур, натискайте tour_id=1131 , agent_url=/tour/vikend-v-berlini, type=text, title=""Замовити тур""",205,220,✅ done,"22.06.2026, 12:02:47"
https://adriatic-travel.com.ua/tour/polskymy-mistamy-krakiv-vrotslav-varshava-enerdzhilandiya-afryka,"«Польськими містами - Краків, Вроцлав, Варшава + Енерджіландія, Африкаріум і аквапарк»","Краків, Вроцлав, Варшава",5,"Львів, Тарнув, Краків","Проїзд автобусом єврокласу; Супровід керівником групи; Проживання по маршруту: готель 3*; Харчування - сніданки; Оглядові екскурсії по Кракову, Вроцлаві та Варшаві; Страхування (Поліс доступний для звантаження в особистому кабінеті. Просимо видавати туристам перед виїздом!); автобусні тури до Польщі; всі автобусні тури; діючі акції на автобусні тури","Проїзд в громадському транспорті; Факультативні екскурсії; Вхідні квитки в екскурсійні об'єкти; Особисті витрати (обіди, вечері, та інше); Обов'язкова доплата за оренду радіоприймача з навушниками для екскурсій - 2€/день (оплачується керівнику групи); курортний зібр 2€/день (оплачується керівнику групи); Послуга ""Місце Priority"" - 10€/особа (Замовляється при бронюванні туру. Обирається місце з 5 по 12); Послуга ""Одномісне розміщення"" - 80€ (доплата до вартості туру); За умови індивідуального бронювання - діти віком до 13 років включно, НЕ ОПЛАЧУЮТЬ факультативні екскурсії, якщо інше не вказано в програмі туру (Якщо в програмі туру вказана вартість для дітей - то така факультативна екскурсія оплачується по вказаній вартості). Вхідні квитки в екскурсійні об'єкти та послуги трансферу оплачуються на загальних підставах. За умови бронювання туру для організованих груп, турів на випускний - всі учасники групи оплачують стандартну вартість факультативних екскурсій.; Послуга ""Останній ряд"" - знижка 10€ від вартості туру при виборі місця в останньому ряді автобуса.; Послуга ""Для наречених пар"" - знижка 5% від вартості туру для тих хто нещодавно побрався (забронювати тур не пізніше 30 днів з дати розпису).; Послуга ""Додаткове вільне місце біля себе"" - 75% до вартості туру.",,"Автобусний тур на 5 днів, 1 нічний переїзд. Ранковий виїзд зі Львова і раннє прибуття до Львова (в залежності від проходження кордону).; Відвідуємо міста: Краків, Вроцлав, Варшава. Детальний маршрут тура можете переглянути в розділі "" Маршрут "".; В турі ми відвідаємо Краків та парк розваг Енерджіландія, який займає площу близько 26 гектарів, де знаходиться 57 атракціонів. Завітаємо у Вроцлав - одне з найкрасивіших міст Польщі. Вроцлав - це місто, що володіє магічною чарівністю і зачаровує з першого погляду. У вільний час буде можливість оглянути Зоопарк та океанаріум «Африкаріум», Зоологічний парк Вроцлава – найстаріший і найбільший за кількістю особин (понад 7 тис.) у країні. Далі нас чекає столиця Польщі – Варшава, Центр науки «Коперник», Королівський палац, Королівські Лазенки та «Польський Версаль». 3 ночі в готелях та лише 1 нічний переїзд при повернені додому зроблять вашу подорож комфортною та насиченою позитивними емоціями.; Зверніть увагу! У вартість туру включено 3 екскурсії по містах: Краків, Вроцлав та Варшава .; У вартість туру входить проживання у готелях. Сніданки включені у вартість.; З детальною програмою туру ви можете ознайомитися в розділі "" Програма туру "".; Враження від туру інших учасників можете переглянути в розділі "" Відгуки "".; Графік виїздів, та інформацію про гарантовані автобусні тури в Польщу дивіться в календарі на сайті. Для бронювання туру або консультації натискайте на кнопку ""замовити тур"", ""відправити"".",196,210,✅ done,"22.06.2026, 12:02:51"
https://adriatic-travel.com.ua/tour/sekrety-pivnochi-stokgolm-kopengagen-ta-gamburg,«Секрети півночі: країни Балтії + фіорди»,"Варшава, Рига, Юрмала, Таллінн, Стокгольм, Осло, Флом, Копенгаген, Вроцлав",7,"Львів, Рига, Каунас, Люблін, Варшава","Проїзд автобусом єврокласу; Супровід керівником групи; Проживання в комфортабельній 4-ох місній каюті на поромі без вікон; Харчування — сніданки; Оглядова екскурсія по містах: Рига, Осло, Копенгаген, Ересуннський міст, Шецин; Страхування","Проїзд в громадському транспорті; Факультативні екскурсії; Вхідні квитки в екскурсійні об'єкти; Особисті витрати (обіди, вечері, та інше); City tax - 3€ (місцевий податок, оплачується керівнику групи за вимоги готелю); Обов'язкова доплата за оренду радіоприймача з навушниками для екскурсій - 2€/день (оплачується керівнику групи); Екологічний збір CO2 на поромі від 4€/пором; Послуга ""Місце Priority"" - 15€/особа (Замовляється при бронюванні туру. Обирається місце з 1 по 12); Послуга ""Одномісне розміщення в готелі"" - 325€ (доплата до вартості туру); За умови індивідуального бронювання - діти віком до 13 років включно, НЕ ОПЛАЧУЮТЬ факультативні екскурсії, якщо інше не вказано в програмі туру (Якщо в програмі туру вказана вартість для дітей - то така факультативна екскурсія оплачується по вказаній вартості). Вхідні квитки в екскурсійні об'єкти та послуги трансферу оплачуються на загальних підставах. За умови бронювання туру для організованих груп, турів на випускний - всі учасники групи оплачують стандартну вартість факультативних екскурсій.; Послуга ""Останній ряд"" - знижка 10€ від вартості туру при виборі місця в останньому ряді автобуса.; Послуга ""Для наречених пар"" - знижка 5% від вартості туру для тих хто нещодавно побрався (забронювати тур не пізніше 30 днів з дати розпису).; Послуга ""Додаткове вільне місце біля себе"" - 75% до вартості туру.; Послуга ""Подарунок на день народження"" . - Даруємо 1 безкоштовну факультативну екскурсію в турі на вибір Туроператора (вартість екскурсії не перевищуватиме 20€. Обрати екскурсію можливо лише з того переліку, який надасть Туроператор вже в турі). - Подарункова екскурсія надається лише у разі, якщо день народження туриста припадає безпосередньо на дати туру.",,"Автобусний тур на 8 днів, без нічних переїздів . Ранковий виїзд зі Львова і нічне прибуття до Львова (залежно від проходження кордону).; Відвідуємо такі міста: Варшава, Рига, Таллінн, Стокгольм, Осло, Флом, Копенгаген, Щецин. Детальний маршрут тура можете переглянути в розділі "" Маршрут "".; Наш тур розпочинається з вишуканої, європейсько-елегантної Варшави — міста, яке зуміло відродитись з попелу і сьогодні вражає сучасною енергією та історичним шармом. Далі на нас чекає подорож у серце Балтії — до Риги , справжньої перлини Півночі. Це місто — як жива казка, де кожен камінь старого міста дихає історією. Рига — це 800 років архітектурної розкоші, визнаної ЮНЕСКО «шедевром людського генія світового масштабу». Особливе місце у подорожі — розкішний Рундальський палац , справжній латвійський Версаль, що відкриє перед нами двері у світ бароко та рококо. Після Латвії нас гостинно зустріне середньовічний Таллінн — місто, де минуле зливається з сучасністю. Ми зануримося в його легенди, пройдемося старовинними вуличками Верхнього й Нижнього міста, послухаємо історії про лицарів, купців і чаклунок. Атмосфера Таллінна — як подорож у часі, і вона точно зачарує кожного. А далі — романтика моря! Ми вирушаємо в незабутню морську подорож на розкішному лайнері до Стокгольма. На борту — справжнє місто-вечірка: ресторани, концерти, дискотека, магазини, ігрові автомати — сумувати точно не доведеться. А ранок? Він подарує справжнє диво — повільна мандрівка між мальовничими шведськими островами, немов з листівки... У Стокгольмі , місті на воді, ми побачимо королівську елегантність, епохальні пам’ятки і чарівну скандинавську гармонію. А далі — Норвегія, країна гір, водоспадів і мрій! В Осло нас зустрінуть Домський собор, Парламент, Університет, знаменита Ратуша — місце вручення Нобелівської премії миру, і звісно — монументальний Королівський палац. Усе це — жива енциклопедія норвезької історії. Потім — справжній кульмінаційний вибух емоцій: фантастичні фіорди Норвегії ! У Фломі ми влаштуємо круїз по одному з найвеличніших фіордів світу — Согнефьорду і його магічному рукаву Неройфьорду . Далі — подорож найдовшим у світі автомобільним тунелем (24.5 км!), а ще — неперевершена Фломська залізниця, де кожен поворот — як кадр з фільму. І, звісно, панорамні види з оглядових майданчиків Стегастейн та Сталхейм — дух перехоплює від краси! І наостанок — переїзд через легендарний Ересуннський міс т, який з’єднує материк і острів, країни й культури. Ми перетнемо його, щоб дістатися яскравого, життєрадісного Копенгагена — міста велосипедів, казок Андерсена й сучасного скандинавського стилю.; Зверніть увагу! У вартість туру включені 5 екскурсій по містах: Рига, Осло, Копенгаген, Ересуннський міст, Шецин.; У вартість туру включено проживання в готелях категорії 3-4* зі сніданками, а також проживання у внутрішній каюті без вікна на поромі.; Детальніше з програмою туру можете ознайомитися в розділі "" Програма туру "".; Враження від туру інших учасників можете переглянути в розділі "" Відгуки "".; Фотографії, відео, відгуки можете подивитися в соцмережах: instagram , facebook , telegram .; Графік виїздів, та інформацію про гарантовані автобусні тури до країн Балтії та Скандинавії дивіться в календарі на сайті. Якщо у вас виникли запитання, ви можете проконсультуватися з менеджером: натискайте на кнопку ""відправити запит"". Якщо бажаєте придбати тур, натискайте tour_id=1661, agent_url=/tour/sekrety-pivnochi-stokgolm-kopengagen-ta-gamburg, type=text, title=""Замовити тур"" .",547,588,✅ done,"22.06.2026, 12:02:55"
https://adriatic-travel.com.ua/tour/evropeyskyy-ekspres-vid-krakova-do-berlina,«Європейський експрес - від Кракова до Берліна»,"Вроцлав, Берлін, Дрезден, Майсен, Прага, Краків",5,"Львів, Тарнув, Краків, Катовіце, Легніца","Проїзд автобусом єврокласу; Супровід керівником групи; Проживання по маршруту: готель зі сніданками; Харчування - сніданки; 4 оглядові екскурсії: по Берліну, Дрездену, Празі, Краків; Страхування","Проїзд в громадському транспорті; Факультативні екскурсії; Вхідні квитки в екскурсійні об'єкти; Особисті витрати (обіди, вечері, та інше); City tax - 3€/ніч/особи (місцевий податок, оплачується керівнику групи за вимоги готелю); Обов'язкова доплата за оренду радіоприймача з навушниками для екскурсій - 2€/день (оплачується керівнику групи); Послуга ""Місце Priority"" - 10€/особа (Замовляється при бронюванні туру. Обирається місце з 5 по 12); Послуга ""Одномісне розміщення"" - 100€ (доплата до вартості туру); Послуга ""Останній ряд"" - знижка 10€ від вартості туру при виборі місця в останньому ряді автобуса.; Послуга ""Для наречених пар"" - знижка 5% від вартості туру для тих хто нещодавно побрався (забронювати тур не пізніше 30 днів з дати розпису).; Послуга ""Додаткове вільне місце біля себе"" - 75% до вартості туру.; Послуга ""Подарунок на день народження"" . - Даруємо 1 безкоштовну факультативну екскурсію в турі на вибір Туроператора (вартість екскурсії не перевищуватиме 20€. Обрати екскурсію можливо лише з того переліку, який надасть Туроператор вже в турі). - Подарункова екскурсія надається лише у разі, якщо день народження туриста припадає безпосередньо на дати туру.; Послуга ""Організованим групам"" Детальні умови по бронюванню організованих груп дивіться у розділі: організованим групам Увага! Для груп більш як 40 осіб, необхідно писати індивідуальний запит - детальні умови; Послуга ""Сімейна подорож"" - знижки для дітей* (дана послуга не розповсюджується на бронювання туристичних послуг для організованих груп): Детальні умови по знижках на дітей дивіться у розділі: акції; Правила проведення екскурсійного туру.",,"Автобусний тур на 5 днів, без нічних переїздів . Ранковий виїзд зі Львова і нічне прибуття у Львів (в залежності від проходження кордону).; Відвідаємо міста: Вроцлав, Берлін, Дрезден, Майсен, Прага, Краків; Під час цього автобусного туру ми познайомимось з головними містами Польщі, Німеччини та Чехії. За 5 днів ми прогуляємось по Вроцлаву, Берліну, Дрездену та Кракову . Також посмакуємо блюдами національною кухнею цих країн. В перший день ми прогуляємося по Вроцлаву . Бажаючі матимуть змогу факультативно відвідати Тумський острів — колишній річковий острів на Одрі . Це найдавніша частина Вроцлава , розташована в старому річищі Одри . Наступним містом буде столиця Німеччини - Берлін . На оглядовій екскурсії дізнаємось про її політичну і культурну роль, про минуле, сьогодення і майбутнє. Побачите основні визначні пам'ятки міста і переконайтеся, як «стара» і «нова» архітектури можуть доповнювати одна одну і гармоніювати. Хто бажає посмакувати німецькими ковбасками з капустою, можна буде завітати до пивного ресторану. Якщо матимете бажання провести час активно, можете відвідати ""Тропічний острів"" в Німеччині - найбільший аквапарк на планеті. Далі ми слідуємо до Дрездена - столиці Саксонії . Тут матимемо одну з найкрасивіших екскурсій - Саксонська Швейцарія дозволяє Вам познайомитися з таємничим прикордонним районом Богемії і Саксонії , який завдяки своїй унікальній природі, химерними скелями, водоспадами, річками, приголомшливими фортецями, оглядовими майданчиками і затишними селами не випадково отримав назву Саксонська Швейцарія . Наступною зупинкою по маршруту стане - Прага . Познайомимось з історичними районами Праги та її чудовими пам’ятками архітектури. Ви пройдетесь лабіринтами вулиць Старого міста, і побуваєте у найкрасивіших місцях міста: на Вацлавській та Староміській площах, на Карловому мості. На завершення нашого туру ми завітаємо до Кракова - колишня столиця Польщі, одне з найпрекрасніших міст Європи. Саме тут знаходиться найбільша кількість архітектурних пам'яток країни. Історичний центр Кракова внесений до ЮНЕСКО списку Всесвітньої культурної спадщини. Під час екскурсії ви відвідаєте середньовічне Старе місто з головною площею і залишками укріплень XV ст., побачите будівлю Ягеллонського університету, заснованого в 1364 р., - одного з найбільших в Європі центрів науки і освіти, а всі дороги в Кракові ведуть до Ринкової площі , яку оточують чудові кам'яниці та палаци, колишні торгові ряди (Сукенніце).; Зверніть увагу! У вартість туру включені 4 екскурсії по містах: Берлін, Дрезден, Прага, Краків; У вартості туру проживання в готелях зі сніданками .; Детальну програму тура дивіться у розділі "" Програма тура "".; Враження від подорожі інших учасників туру можете переглянути у розділі "" Відгуки "".; Фотографии, видео, отзывы можете посмотреть в соцсетях: instagram , facebook , telegram .; Фотографії, відео, відгуки можете подивитися в соцмережах: instagram , facebook , telegram .; Графік виїздів, та інформацію про гарантовані автобусні тури по Європі дивіться в календарі на сайті. Якщо у вас виникли запитання, ви можете проконсультуватися з менеджером: натискайте на кнопку ""замовити тур"", ""відправити запит"". Якщо бажаєте придбати тур, натискайте tour_id=1434 , agent_url=/tour/evropeyskyy-ekspres-vid-krakova-do-berlina, type=text, title=""Замовити тур"".; усі автобусні тури по Європі; усі автобусни тури без нічних переїздів; діючі акції на автобусні тури",242,260,✅ done,"22.06.2026, 12:02:59"
https://adriatic-travel.com.ua/tour/try-dni-relaksu-budapesht-ehersalok-eher,"«Три дні релаксу: Будапешт, Егер, Токай + Відень»","Егерсалок, Егер, Будапешт, Відень, Сентендре, Мішкольц-Тапольца, Токай",30,"Львів, Стрий, Мукачево, Ужгород, Чоп",Супровід керівником групи; Проїзд автобусом єврокласу; Проживання за маршрутом: готель 3*; Харчування - сніданки; Оглядова екскурсія Будапештом; Страхування (Поліс доступний для завантаження в особистому кабінеті. Просимо видавати туристам перед виїздом!),"Проїзд в громадському транспорті; Факультативні екскурсії; Вхідні квитки в екскурсійні об'єкти; Особисті витрати (обіди, вечері, та інше); City tax - 3€/ніч/особа (місцевий податок, оплачується керівнику групи за вимоги готелю); Обов'язкова доплата за оренду радіоприймача з навушниками для екскурсій - 2€/день (оплачується керівнику групи); Послуга ""Місце Priority"" - 10€/особа (Замовляється при бронюванні туру. Обирається місце з 5 по 12); Послуга ""Одномісне розміщення"" - 50€ (доплата до вартості туру); За умови індивідуального бронювання - діти віком до 13 років включно, НЕ ОПЛАЧУЮТЬ факультативні екскурсії, якщо інше не вказано в програмі туру (Якщо в програмі туру вказана вартість для дітей - то така факультативна екскурсія оплачується по вказаній вартості). Вхідні квитки в екскурсійні об'єкти та послуги трансферу оплачуються на загальних підставах. За умови бронювання туру для організованих груп, турів на випускний - всі учасники групи оплачують стандартну вартість факультативних екскурсій.; Послуга ""Останній ряд"" - знижка 10€ від вартості туру при виборі місця в останньому ряді автобуса.; Послуга ""Для наречених пар"" - знижка 5% від вартості туру для тих хто нещодавно побрався (забронювати тур не пізніше 30 днів з дати розпису).; Послуга ""Додаткове вільне місце біля себе"" - 75% до вартості туру.; Послуга ""Подарунок на день народження"" . - Даруємо 1 безкоштовну факультативну екскурсію в турі на вибір Туроператора (вартість екскурсії не перевищуватиме 20€. Обрати екскурсію можливо лише з того переліку, який надасть Туроператор вже в турі). - Подарункова екскурсія надається лише у разі, якщо день народження туриста припадає безпосередньо на дати туру.",,"Автобусний тур на 3 дні, без нічних переїздів. Ранковий виїзд зі Львова і нічне поверенення у Львів (в залежності від проходження кордону).; Відвідаємо такі міста: Егерсалок, Егер, Будапешт, Сентендре, Мішкольц і регіон Токай; В турі вас очікує: Термальні купальні Saliris Resort - Spa & Conference Hotel - Egerszalók – Угорське Памуккале; вечірні купальні в м. Будапешт; найбільший в центральній Європі Тропікарій - Океанаріум, дегустація вин у Егері та Токаї, унікальна печерна купальня в Мішкольці, можливість відвідати Відень - місто палаців і величних площ, пишний і помпезний, легковажний і веселий, тут творили великі композитори, тут завжди чути вальс.; Зверніть увагу! У вартість туру включено 1 екскурсія: по Будапешту.; У вартість туру також входить проживання у готелі категорії 3*. Сніданки в готелі включені у вартість.; З детальною програмою тура можете ознайомитися у розділі "" Програма "".; Враження від інших учасників туру можете подивитися у розділі "" Відгуки "".; Графік виїздів, та інформацію про гарантовані автобусні тури в Скандинавію дивіться в календарі на сайті. Якщо у вас виникли запитання, ви можете проконсультуватися з менеджером: натискайте на кнопку ""замовити тур"", ""залишити запит на тур"".",178,191,✅ done,"22.06.2026, 12:03:03"
https://adriatic-travel.com.ua/tour/slidamy-tayemnyts-i-lehend-vrotslav-berlin-drezden,«Слідами таємниць і легенд: Вроцлав-Берлін-Дрезден»,"Вроцлав, Берлін, Дрезден, Майсен",30,"Львів, Тарнув, Краків, Катовіце, Вроцлав","Супровід керівником групи; Проживання по маршруту: готель 3*; Харчування - сніданки; Екскурсії згідно програми туру; Страхування (Поліс доступний для завантаження в особистому кабінеті турагента. За 2 дні до виїзду поліс разом з інфолистом видає туристам турагент, який здійснював бронювання!)","Проїзд в громадському транспорті; Факультативні екскурсії; Вхідні квитки в екскурсійні об'єкти; Особисті витрати (обіди, вечері, та інше); City tax - 3€/ніч (місцевий податок, оплачується керівнику групи за вимоги готелю); Обов'язкова доплата за оренду радіоприймача з навушниками для екскурсій - 2€/день (оплачується керівнику групи); Послуга ""Місце Priority"" - 10€/особа (Замовляється при бронюванні туру. Обирається місце з 5 по 12); Послуга ""Одномісне розміщення"" - 75€ (доплата до вартості туру); Послуга ""Останній ряд"" - знижка 10€ від вартості туру при виборі місця в останньому ряді автобуса.; Послуга ""Для наречених пар"" - знижка 5% від вартості туру для тих хто нещодавно побрався (забронювати тур не пізніше 30 днів з дати розпису).; Послуга ""Додаткове вільне місце біля себе"" - 75% до вартості туру.; Послуга ""Подарунок на день народження"" . - Даруємо 1 безкоштовну факультативну екскурсію в турі на вибір Туроператора (вартість екскурсії не перевищуватиме 20€. Обрати екскурсію можливо лише з того переліку, який надасть Туроператор вже в турі). - Подарункова екскурсія надається лише у разі, якщо день народження туриста припадає безпосередньо на дати туру.; Послуга ""Організованим групам"" Детальні умови по бронюванню організованих груп дивіться у розділі: організованим групам Увага! Для груп більш як 40 осіб, необхідно писати індивідуальний запит - детальні умови",,"Тур на 4 дні з одним нічним переїздом. Ранковий виїзд з України та денне прибуття в Україну (в залежності від проходження кордону).; Ночівля у готелях категорії 3* на території Польщі (1 ніч), Німеччини ( 1 ніч).; Сніданки включені у вартість туру.; У турі відвідаємо: Польщу (Вроцлав) та Німеччину (Берлін та Дрезден).; Ви зможете ознайомитися з дивовижним Вроцлавом, оповитим легендами. Отримаємо задоволення від побачених пам'яток Берліну . Будемо мати змогу відпочити у найбільшому аквапарку на планеті - «Тропічні острови» (Tropical Islands), що знаходиться у Берліні. А також «доторкнутися» до високого мистецтва у Дрездені .; У вартості туру оглядова екскурсія по Берліну та Дрездену.; Стандартна вартість діє при умові оплати туру за стандартною ціною по загальній програмі туру.",205,220,✅ done,"22.06.2026, 12:03:08"
https://adriatic-travel.com.ua/tour/drezden-ta-berlin-zhyvy-i-podorozhuy,«Дрезден та Берлін - Живи і Подорожуй»,"Берлін, Дрезден, Краків, Величка",30,"Львів, Тарнув, Краків, Катовіце, Вроцлав",Супровід керівником групи; Проживання по маршруту: готель 3*; Харчування - сніданки; Екскурсії згідно програми туру; Страхування,"Проїзд в громадському транспорті; Факультативні екскурсії; Вхідні квитки в екскурсійні об'єкти; Особисті витрати (обіди, вечері, та інше); City tax - 3€/ніч (місцевий податок, оплачується керівнику групи за вимоги готелю); Обов'язкова доплата за оренду радіоприймача з навушниками для екскурсій - 2€/день (оплачується керівнику групи); Послуга ""Місце Priority"" - 10€/особа (Замовляється при бронюванні туру. Обирається місце з 5 по 12); Послуга ""Одномісне розміщення"" - 80€ (доплата до вартості туру); За умови індивідуального бронювання - діти віком до 13 років включно, НЕ ОПЛАЧУЮТЬ факультативні екскурсії, якщо інше не вказано в програмі туру (Якщо в програмі туру вказана вартість для дітей - то така факультативна екскурсія оплачується по вказаній вартості). Вхідні квитки в екскурсійні об'єкти та послуги трансферу оплачуються на загальних підставах. За умови бронювання туру для організованих груп, турів на випускний - всі учасники групи оплачують стандартну вартість факультативних екскурсій.; Послуга ""Останній ряд"" - знижка 10€ від вартості туру при виборі місця в останньому ряді автобуса.; Послуга ""Для наречених пар"" - знижка 5% від вартості туру для тих хто нещодавно побрався (забронювати тур не пізніше 30 днів з дати розпису).; Послуга ""Додаткове вільне місце біля себе"" - 75% до вартості туру.",,"Тур на 4 днів без нічни х переїзд ів . Ранковий виїзд з України . Нічне прибуття в Україну (в залежності від проходження кордону).; Ночівля у готелях категорії 3* на території Польщі (2 ночі), Німеччини (1 ніч).; У турі відвідаємо: Польщу (Краків), Німеччину (Берлін і Дрезден).; У нас буде змога потрапити під магічну чарівність та вплив живого й невимушеного шарму Берліну та отримати задоволення від побачених пам'яток. Зможемо відпочити у найбільшому аквапарку на планеті - «Тропічні острови» ( Tropical Islands ), що знаходиться у Берліні. А також «доторкнутися» до високого мистецтва у Дрездені . Дізнаємося про визначні пам ’ ятки Кракова - міста на берегах Вісли.; Зверніть увагу! У вартість туру включено 2 екскурсії по містах: Дрезден, Берлін .; У вартість туру також входить проживання у готелях категорії 3* . Сніданки включені у вартість.; З детальною програмою тура можете ознайомитися у розділі "" Програма ""; Враження від туру інших учасників можете переглянути у розділі "" Відгуки "".; Фотографії, відео, відгуки можете подивитися в соцмережах: instagram , facebook , telegram .; Графік виїздів, та інформацію про гарантовані автобусні тури до Німеччини дивіться в календарі на сайті. Якщо у вас виникли запитання, ви можете проконсультуватися з менеджером: натискайте на кнопку ""відправити запит"". Якщо бажаєте придбати тур, натискайте tour_id=115 , agent_url=/tour/drezden-ta-berlin-zhyvy-i-podorozhuy, type=text, title=""Замовити тур""",202,217,✅ done,"22.06.2026, 12:03:12"
https://adriatic-travel.com.ua/tour/italiyski-kanikuly-na-troh-moryah,«Італійські канікули на трьох морях»,"Будапешт, Трієст, Сан-Марино, Ріміні, Рим, Ватикан, Тіволі, Флоренція, Піза, В'яреджо, Лідо-ді-Езоло, Венеція",7,"Львів, Стрий, Мукачево, Ужгород, Будапешт","Проїзд автобусом єврокласу; Супровід керівником групи; Проживання по маршруту: готель 3-4*; Харчування - сніданки; Оглядові екскурсії по Сан-Марино, Риму та Флоренції, Венеції; Страхування; всі автобусні тури до Італії; всі автобусні тури; всі автобусні тури на море; діючі акції на автобусні тури","Проїзд в громадському транспорті; Факультативні екскурсії; Вхідні квитки в екскурсійні об'єкти; Особисті витрати (обіди, вечері, та інше); City tax - від 3€/доба/особи (місцевий податок, оплачується керівнику групи за вимоги готелю); Обов'язкова доплата за оренду радіоприймача з навушниками для екскурсій - 2€/день (оплачується керівнику групи); Послуга ""Місце Priority"" - 15€/особа (Замовляється при бронюванні туру. Обирається місце з 1 по 12); Послуга ""Одномісне розміщення"" - 210€ (доплата до вартості туру); Послуга ""Останній ряд"" - знижка 10€ від вартості туру при виборі місця в останньому ряді автобуса.; Послуга ""Для наречених пар"" - знижка 5% від вартості туру для тих хто нещодавно побрався (забронювати тур не пізніше 30 днів з дати розпису).; Послуга ""Додаткове вільне місце біля себе"" - 75% до вартості туру.; Послуга ""Подарунок на день народження"" . - Даруємо 1 безкоштовну факультативну екскурсію в турі на вибір Туроператора (вартість екскурсії не перевищуватиме 20€. Обрати екскурсію можливо лише з того переліку, який надасть Туроператор вже в турі). - Подарункова екскурсія надається лише у разі, якщо день народження туриста припадає безпосередньо на дати туру.; Послуга ""Організованим групам"" Детальні умови по бронюванню організованих груп дивіться у розділі: організованим групам Увага! Для груп більш як 40 осіб, необхідно писати індивідуальний запит - детальні умови; Послуга ""Сімейна подорож"" - знижки для дітей* (дана послуга не розповсюджується на бронювання туристичних послуг для організованих груп): Детальні умови по знижках на дітей дивіться у розділі: акції; Правила проведення екскурсійного туру.",,"Автобусний тур на 7 дні без нічних переїздів . Ранковий виїзд зі Львова та вечірнє прибуття у Львів (залежно від проходження кордону).; У турі відвідаємо: Угорщину (Будапешт), Італію (Трієст, Ріміні, Рим, Тіволі, Флоренція, Піза, В'яреджо, Лідо-ді-Езоло, Венеція), Ватикан, Сан-Маріно.; Тур без нічних переїздів у Італію під час якого ми зможемо відпочити на трьох морях: Адріатичному, Тіренському і Лігурійському. Відвідаємо з екскурсіями перлину Австро-Угорщини Трієст, одну з найстаріших держав світу, карликовий Сан Маріно, величні Рим, Ватикан, міста Тоскани Флоренцію і Пізу і королеву Адріатики - Венецію.; Зверніть увагу! У вартості туру 4 екскурсії по містах: Сан-Марино, Рим, Флоренція та Венеція .; У вартість туру входить проживання у готелях категорії 3* зі сніданками.; Детальніше з програмою туру можете ознайомитися в розділі "" Програма туру "".; Враження від туру інших учасників дивіться в розділі "" Відгуки "".; Графік виїздів, та інформацію про гарантовані автобусні тури до Італії дивіться в календарі на сайті. Якщо у вас виникли запитання, ви можете проконсультуватися з менеджером: натискайте на кнопку ""відправити запит"". Якщо бажаєте придбати тур, натискайте tour_id=1410, agent_url=/tour/italiyski-kanikuly-na-troh-moryah, type=text, title=""Замовити тур"".",413,444,✅ done,"22.06.2026, 12:03:16"
https://adriatic-travel.com.ua/tour/prygody-v-paryzhi-colmar-ta-strasburg,«Пригоди в Парижі + Кольмар та Страсбург!»,"Вроцлав, Берлін, Люксембург, Париж, Руан, Довіль, Трувіль-сюр-Мер, Етрета, Кольмар, Страсбург, Прага",6,"Львів, Перемишль, Жешув, Тарнув, Краків, Катовіце, Вроцлав, Легніца, Дрезден","Проїзд автобусом єврокласу; Супровід керівником групи; Проживання по маршруту: готель зі сніданками; Харчування - сніданки; Оглядові екскурсії: Берлін, Прага, Париж та музей Fragonard у Парижі.; Страхування","Проїзд в громадському транспорті; Факультативні екскурсії; Вхідні квитки в екскурсійні об'єкти; Особисті витрати (обіди, вечері, та інше); City tax - від 2€ до 6€ за ніч в готелі (місцевий податок, оплачується керівнику групи за вимоги готелю); Обов'язкова доплата за оренду радіоприймача з навушниками для екскурсій - 2€/день (оплачується керівнику групи); Послуга ""Місце Priority"" - 15€/особа (Замовляється при бронюванні туру. Обирається місце з 5 по 12); Послуга ""Одномісне розміщення"" - 190€ (доплата до вартості туру); За умови індивідуального бронювання - діти віком до 13 років включно, НЕ ОПЛАЧУЮТЬ факультативні екскурсії, якщо інше не вказано в програмі туру (Якщо в програмі туру вказана вартість для дітей - то така факультативна екскурсія оплачується по вказаній вартості). Вхідні квитки в екскурсійні об'єкти та послуги трансферу оплачуються на загальних підставах. За умови бронювання туру для організованих груп, турів на випускний - всі учасники групи оплачують стандартну вартість факультативних екскурсій.; Послуга ""Останній ряд"" - знижка 10€ від вартості туру при виборі місця в останньому ряді автобуса.; Послуга ""Для наречених пар"" - знижка 5% від вартості туру для тих хто нещодавно побрався (забронювати тур не пізніше 30 днів з дати розпису).; Послуга ""Додаткове вільне місце біля себе"" - 75% до вартості туру.",,"Автобусний тур на 6 днів, без нічних переїздів : ранковий виїзд зі Львова, нічне повернення до Львова (в залежності від проходження кордону).; Відвідаємо такі міста Європи: Вроцлав ( Польща ), Берлін ( Німеччина ), Париж, Кольмар, Страсбург ( Франція ), Прага ( Чехія ).; Цікавий тур з цікавими локаціями, які не залишать вас байдужими. Вроцлав - це чарівне місто в Польщі, розташоване на багатьох островах, відоме своєю багатою історією і вражаючою архітектурною спадщиною. Прага - казкове місто, яке сповнене середньовічним духом і легендами. Париж - світова столиця моди, мистецтва і романтики, якою просякнуте все від Ейфелевої вежі і Лувру до вулиці Єлисейські поля та району Монмартр. Кожна поїздка до Парижа приносить щось нове у життя. Діснейленд - це всесвітньовідомий парк розваг, де ви можете зустріти своїх улюблених персонажів, насолоджуватися атракціонами та відвідувати чарівні тематичні зони. Парк Астерікс - це ще один популярний розважальний парк у Франції, присвячений пригодам Астерікса і Обелікса, з різноманітними атракціонами, ресторанами та багатьма забавами для всієї родини. Страсбург та Кольмар - міста на сході Франції, які ніби змальовані зі старих європейських казок. Європа-парк - це один з найбільших та найпопулярніших парків розваг у Європі, кожна тематична зона якого представляє культуру та історію різних європейських країн.; Зверніть увагу! У вартість туру включені 4 екскурсі ї : Берлін , Прага, Париж, музей парфумерії Fragonard .; У вартості туру включено проживання у готелях категорії 3* зі сніданками.; Детальніше з програмою туру можете ознайомитися в розділі ""Програма туру"".; Враження від туру інших учасників можете переглянути у розділі "" Відгуки ""; Графік виїздів, та інформацію про гарантовані автобусні тури до Парижа, Кольмара, Страсбурга дивіться в календарі на сайті. Якщо у вас виникли запитання, ви можете проконсультуватися з менеджером: натискайте на кнопку ""відправити запит"". Якщо бажаєте придбати тур, натискайте ""Замовити тур"" .",364,391,✅ done,"22.06.2026, 12:03:20"
https://adriatic-travel.com.ua/tour/podorozh-do-mrii-paryzh-ta-disneylend,«Подорож до мрії: Париж та Діснейленд»,"Вроцлав, Берлін, Париж, Руан, Довіль, Трувіль-сюр-Мер, Етрета, Нюрнберг, Бамберг, Прага",6,"Львів, Перемишль, Жешув, Тарнув, Краків, Катовіце, Вроцлав, Легніца, Берлін","Проїзд автобусом єврокласу; Супровід керівником групи; Проживання по маршруту: готель зі сніданками; Харчування — сніданки; Оглядові екскурсії по Берліну, Парижу, музею Фрагонар та Празі; Страхування","Проїзд в громадському транспорті; Факультативні екскурсії; Вхідні квитки в екскурсійні об'єкти; Особисті витрати (обіди, вечері, та інше); City tax - від 2€ до 5€ за ніч в готелі (місцевий податок, оплачується керівнику групи за вимоги готелю); Обов'язкова доплата за оренду радіоприймача з навушниками для екскурсій - 2€/день (оплачується керівнику групи); Послуга ""Місце Priority"" - 15€/особа (Замовляється при бронюванні туру. Обирається місце з 5 по 12); Послуга ""Одномісне розміщення"" - 100€ (доплата до вартості туру); За умови індивідуального бронювання - діти віком до 13 років включно, НЕ ОПЛАЧУЮТЬ факультативні екскурсії, якщо інше не вказано в програмі туру (Якщо в програмі туру вказана вартість для дітей - то така факультативна екскурсія оплачується по вказаній вартості). Вхідні квитки в екскурсійні об'єкти та послуги трансферу оплачуються на загальних підставах. За умови бронювання туру для організованих груп, турів на випускний - всі учасники групи оплачують стандартну вартість факультативних екскурсій.; Послуга ""Останній ряд"" - знижка 10€ від вартості туру при виборі місця в останньому ряді автобуса.; Послуга ""Для наречених пар"" - знижка 5% від вартості туру для тих хто нещодавно побрався (забронювати тур не пізніше 30 днів з дати розпису).; Послуга ""Додаткове вільне місце біля себе"" - 75% до вартості туру.; Послуга ""Подарунок на день народження"" . - Даруємо 1 безкоштовну факультативну екскурсію в турі на вибір Туроператора (вартість екскурсії не перевищуватиме 20€. Обрати екскурсію можливо лише з того переліку, який надасть Туроператор вже в турі). - Подарункова екскурсія надається лише у разі, якщо день народження туриста припадає безпосередньо на дати туру.",,"Тур на 6 з двома нічними переїздами. Ранковий виїзд зі Львова та нічне прибуття у Львів (залежно від проходження кордону).; Детальний маршрут туру дивіться у розділі "" Маршрут "".; У турі відвідаємо: Польщу (Краків, Варшава), Чехію (Прагу), Францію (Париж) та Німеччину (Берлін, Нюрнберг).; Старе місто Варшави внесене до списку культурної спадщини ЮНЕСКО і цей факт мотивує багатьох туристів, які приїжджають до Варшави прогулятися по вуличках «Старе Място». Отримаємо задоволення від побачених пам'яток Берліну. Відчуємо, що Париж стає рідним з першого погляду і з першого кроку, адже паризькі прогулянки заводять у минуле, у потаємні куточки душі. Матимемо змогу насолодитись красою Парижу у вечірніх вогнях. Відкриємо для себе чарівний світ Діснея і справжню магію Парижа. Прогуляємося по історичних районах Праги та її чудовим пам’яткам архітектури. Будемо мати змогу відвідати знамениті пивні та послухати історії про них. У Кракові ми побачимо ринкову площу, яку оточують чудові кам'яниці та палаци, колишні торгові ряди (Сукенніце).; Зверніть увагу! У вартості туру 5 екскурсій по містах: Прага, Берлін, Париж та музей Fragonard, а також трансфер в Діснейленд .; У вартість туру входить проживання в готелях зі сніданками на території ЄС.; З детальною програмою тура можете ознайомитися у розділі "" Програма ""; Враження від туру інших учасників можете переглянути у розділі "" Відгуки "".; Фотографії, відео, відгуки можете подивитися в соцмережах: instagram , facebook , telegram .; Графік виїздів, та інформацію про гарантовані автобусні тури до Франції дивіться в календарі на сайті. Якщо у вас виникли запитання, ви можете проконсультуватися з менеджером: натискайте на кнопку ""відправити запит"". Якщо бажаєте придбати тур, натискайте tour_id=109, agent_url=/tour/paryzh-misto-kokhannya, type=text, title=""Замовити тур""; всі автобусні тури в Париж; всі автобусні тури до Франції; всі автобусні тури; діючі акції на автобусні тури",259,272,✅ done,"22.06.2026, 12:03:24"
https://adriatic-travel.com.ua/tour/tur-de-frans-paryzh-mon-sen-mishel-luara-ta-normandiya,"«Тур де Франс або Франція за 10 днів! Париж, долина Луари, Аквітанія, Бордо, Тулуза, Марсель, Прованс…»","Тарнув, Вюрцбург, Париж, Ла-Рошель, Орлеан, Бордо, Аркашон, Сент-Емільйон, Тулуза, Каркассонн, Марсель, Кассі, Ліон, Мюлуз, Кольмар, Базель, Брно",10,Львів,"Проїзд автобусом єврокласу; Супровід керівником групи; Проживання по маршруту: готель зі сніданками; Харчування — сніданки; Оглядові екскурсії по містах: Тарнуві, Вюрцбург, Париж, парфумерна фабрика Фрагонар, Орлеан, Ла Рошель, Бордо, Тулуза, Марсель та Брно; Страхування; всі автобусні тури до Франції; всі автобусні тури; діючі акції на автобусні тури","Проїзд в громадському транспорті; Факультативні екскурсії; Вхідні квитки в екскурсійні об'єкти; Особисті витрати (обіди, вечері, та інше); City tax - від 2€ до 5€ за ніч в готелі (місцевий податок, оплачується керівнику групи за вимоги готелю); Обов'язкова доплата за оренду радіоприймача з навушниками для екскурсій - 2€/день (оплачується керівнику групи); Послуга ""Місце Priority"" - 15€/особа (Замовляється при бронюванні туру. Обирається місце з 5 по 12); Послуга ""Одномісне розміщення"" - 250€ (доплата до вартості туру); Послуга ""Останній ряд"" - знижка 10€ від вартості туру при виборі місця в останньому ряді автобуса.; Послуга ""Для наречених пар"" - знижка 5% від вартості туру для тих хто нещодавно побрався (забронювати тур не пізніше 30 днів з дати розпису).; Послуга ""Додаткове вільне місце біля себе"" - 75% до вартості туру.; Послуга ""Подарунок на день народження"" . - Даруємо 1 безкоштовну факультативну екскурсію в турі на вибір Туроператора (вартість екскурсії не перевищуватиме 20€. Обрати екскурсію можливо лише з того переліку, який надасть Туроператор вже в турі). - Подарункова екскурсія надається лише у разі, якщо день народження туриста припадає безпосередньо на дати туру.; Послуга ""Організованим групам"" Детальні умови по бронюванню організованих груп дивіться у розділі: організованим групам Увага! Для груп більш як 40 осіб, необхідно писати індивідуальний запит - детальні умови; Послуга ""Сімейна подорож"" - знижки для дітей* (дана послуга не розповсюджується на бронювання туристичних послуг для організованих груп): Детальні умови по знижках на дітей дивіться у розділі: акції; Правила проведення екскурсійного туру.",,"Автобусний тур на 10 днів, без нічних переїздів . Ранковий виїзд зі Львова і нічне прибуття у Львів (в залежності від проходження кордону).; У цьому турі зможемо відвідати Тарнув, місто, де минуле гармонійно поєднується з сучасністю. Вюрцбург - мальовниче місто на одній з головних річок Баварії, який славиться своєю історичною спадщиною та архітектурою, мистецтвом, винами. Париж – Столиця Франції, місто кохання і моди, що вражає своєю архітектурою, музеями та атмосферою. Орлеан - це місто, де середньовічна велич поєднується з атмосферою французької елегантності, а пам’ять про Жанну д’Арк оживає на старовинних вулицях Луари. Ла-Рошель - чарівне атлантичне місто з білокам’яними фасадами, старим портом і морським духом, який відчувається в кожному його куточку. Бордо - це елегантне французьке місто, де велична архітектура, вишукані вина та атмосфера південного шарму створюють особливе відчуття мистецтва жити. Тулуза - це сонячне місто рожевої цегли, де південна легкість Франції гармонійно поєднується з духом науки, авіації та студентського життя. Марсель - це яскраве середземноморське місто, де шум старого порту, аромат моря й багатокультурна енергія створюють неповторний південний характер Франції. Брно – місто, яке є культурним і науковим центром Моравії, відоме своїм історичним центром, де збереглися середньовічні будинки та костели. Регіон Моравський Крас , який славиться своїми карстовими печерами, каньйонами та мальовничими лісами",656,728,✅ done,"22.06.2026, 12:03:28"
https://adriatic-travel.com.ua/tour/magiya-skandynavii-fiordy-yazyk-trolya-bergen-lodovyk,"«Магія Скандинавії: Фіорди, Язик Троля, Берген, Льодовик!»","Варшава, Гданськ, Копенгаген, Флом, Берген, Осло, Гетеборг, Торунь",7,"Львів, Люблін, Варшава, Гданськ, Гдиня, Карлскруна","Проїзд автобусом єврокласу; Супровід керівником групи; Проживання по маршруту: готелі по маршруту та каюта на 4-х осіб на паромі.; Харчування — сніданки в готелях, та на поромах.; Екскурсійні об'єкти: Гданськ та Копенгаген, «Ересуннський міст, Флом, Торунь; Страхування","Проїзд в громадському транспорті; Факультативні екскурсії; Вхідні квитки в екскурсійні об'єкти; Особисті витрати (обіди, вечері, та інше); City tax - від 2€ до 7€ за ніч в готелі з особи (місцевий податок, оплачується керівнику групи за вимоги готелю); Обов'язкова доплата за оренду радіоприймача з навушниками для екскурсій - 2€/день (оплачується керівнику групи); Послуга ""Місце Priority"" - 15€/особа (Замовляється при бронюванні туру. Обирається місце з 5 по 12); Послуга ""Одномісне розміщення"" - 235€/особа/тур/4 ночі в готелях (доплата до вартості туру); Послуга ""Розміщення 2-хмісній каюті на поромах Гдиня - Карлскруна - Гдиня"": 176€/особа/2 ночі Важливо: послуга підселення тільки в жіночі чи чоловічі каюти не надається!; Одяг: мембранна куртка чи надлегкий пуховик, трекінгові штани та зручні фліси, штани що швидко сохнуть, синтетичні футболки, рукавички, легка шапка чи багатофункціональна пов'язка. Обов'язково дощовик: найкраще придбати куртки з водо- та вітрозахистом, якщо обираєте одноразові дощовики, потрібно як мінімум 2-3 таких.; Взуття: водонепроникні трекінгові черевики чи кросівки + трекінгові шкарпетки.; Спорядження: дуже доречними при піднятті на Язик Троля чи скелю Прекестолен будуть трекінгові палички та туристичне сидіння.; Що покласти в рюкзачок: водичку (нести з собою багато води не варто, адже її завжди можна набрати по дорозі в численних струмочках), енергетичні батончики, шоколад, горішки та сухофрукти, запасні шкарпетки, вологі та сухі серветки і ін.; Увага! Для вдалих фото радимо обирати яскравий одяг!",,"Автобусний тур на 7 днів, без нічних переїздів . Ранковий виїзд зі Львова і вечірнє повернення у Львів (залежно від проходження кордону).; Відвідаємо такі міста: Варшава, Гданськ, Копенгаген, Флом, Берген, Осло, Гетеборг, Торунь; У програмі туру найяскравіші перлини Норвегії! Всього за 7 днів у нас буде можливість доторкнутися до дива Норвежської природи — Льодовика Нігардсбрін , здійснити круїз на кораблику по Согнефьорду і рукаву Неройфьорду , проїхатись через найдовший у світі автомобільний Лердальський тунель (24.5 км), побачити найкрасивіший залізничний маршрут у світі - Фломську дорогу , відпочити на березі неперевершеного Хардангерфйорда, та здійснити підйом на знаменитий Язик Троля , звідки відкривається фантастичний краєвид. Також при бажанні ми відвідаємо столицю фіордів - Берген , побудовану в стилі модерн та піднімемось на фунікулері на гору Флейєн . Перед знайомством з Норвегією нас чекає затишна Варшава , середньовічний замок – Мальброк, казковий Гданськ, переїзд через найнезвичніший Ересуннский міст , який йде під воду!, королівські замки Данії : Фредеріксборг , Кронборг та палац Розенборг . І на завершення подорожі відвідаємо місто — фортецю Гетеборг ! Р.S. А ще в турі нас чекають 2 ночі на поромі! А паром — це особлива атракція, величезний розважальний центр, який дозволяє насолодитися незабутньою подорожжю Балтійським морем!; Зверніть увагу! У вартість туру включено 5 екскурсійних об'єктів : Гданськ, Копенгаген, Флом та «Ересуннський міст», Торунь.; У вартість туру також входить проживання у готелях категорії 3*. Сніданки в готелі включені у вартість.; У вартість туру входить проїзд на паромі та проживання в 4-х містній каюті. Сніданок на паромі включений у вартість.; Важливо : послуга підселення тільки в жіночі чи чоловічі каюти не надається!; З детальною програмою тура можете ознайомитися у розділі "" Програма "".; Враження від інших учасників туру можете подивитися у розділі "" Відгуки "".; Графік виїздів, та інформацію про гарантовані автобусні тури в Скандинавію дивіться в календарі на сайті. Якщо у вас виникли запитання, ви можете проконсультуватися з менеджером: натискайте на кнопку ""відправити запит"". Якщо бажаєте придбати тур, натискайте tour_id=1631 , agent_url=/tour/magiya-skandynavii-fiordy-yazyk-trolya-bergen-lodovyk, type=text, title=""Замовити тур""",594,638,✅ done,"22.06.2026, 12:03:32"
https://adriatic-travel.com.ua/tour/davay-razom-v-amsterdam,«Давай разом в Амстердам!»,"Вроцлав, Ерфурт, Айзенах, Амстердам, Зансе-Сханс, Гітгорн, Гаага, Делфт, Роттердам, Ганновер, Берлін, Львів",6,"Львів, Перемишль, Ярослав, Тарнув, Краків, Катовіце, Вроцлав, Легніца, район Айзенах, район Ерфурта","Проїзд автобусом єврокласу; Супровід керівником групи; Проживання по маршруту: готель 3*; Харчування — сніданки; Оглядові екскурсії: Айзенах, Амстердам, Берлін та Варшава; Страхування","Проїзд в громадському транспорті; Факультативні екскурсії; Вхідні квитки в екскурсійні об'єкти; Особисті витрати (обіди, вечері, та інше); City tax - від 3€ до 7€ (місцевий податок, оплачується керівнику групи за вимоги готелю); Обов'язкова доплата за оренду радіоприймача з навушниками для екскурсій - 2€/день (оплачується керівнику групи); Послуга ""Місце Priority"" - 15€/особа (Замовляється при бронюванні туру. Обирається місце з 5 по 12); Послуга ""Одномісне розміщення"" - 185€ (доплата до вартості туру); Послуга ""Останній ряд"" - знижка 10€ від вартості туру при виборі місця в останньому ряді автобуса.; Послуга ""Для наречених пар"" - знижка 5% від вартості туру для тих хто нещодавно побрався (забронювати тур не пізніше 30 днів з дати розпису).; Послуга ""Додаткове вільне місце біля себе"" - 75% до вартості туру.; Послуга ""Подарунок на день народження"" . - Даруємо 1 безкоштовну факультативну екскурсію в турі на вибір Туроператора (вартість екскурсії не перевищуватиме 20€. Обрати екскурсію можливо лише з того переліку, який надасть Туроператор вже в турі). - Подарункова екскурсія надається лише у разі, якщо день народження туриста припадає безпосередньо на дати туру.; Послуга ""Організованим групам"" Детальні умови по бронюванню організованих груп дивіться у розділі: організованим групам Увага! Для груп більш як 40 осіб, необхідно писати індивідуальний запит - детальні умови; Послуга ""Сімейна подорож"" - знижки для дітей* (дана послуга не розповсюджується на бронювання туристичних послуг для організованих груп): Детальні умови по знижках на дітей дивіться у розділі: акції",,"Автобусний тур на 6 днів з 1 нічним переїздом. Ранковий виїзд зі Львова і вечірнє поверенення у Львів (залежно від проходження кордону).; Захоплива подорож від середньовічного Вроцлава до вільного Амстердама з його каналами та вітряками в Заансе Сханс , елегантної Гааги та історичного Делфта , батьківщини делфтської порцеляни. Подорож продовжиться до динамічного Берліна , міста з багатою історією, та завершиться в столиці Польщі - Варшаві. Цей тур – це калейдоскоп вражень, що поєднує історію, культуру, архітектуру та неповторну атмосферу кожного міста.; Зверніть увагу! У вартість туру включено 4 екскурсії по містах: Айзенах, Амстердам, Берлін та Варшава .; У вартість туру також входить проживання у готелях категорії 3* . Сніданки включені у вартість.; З детальною програмою тура можете ознайомитися у розділі "" Програма ""; Враження від туру інших учасників можете переглянути у розділі "" Відгуки "".; Фотографії, відео, відгуки можете подивитися в соцмережах: instagram , facebook , telegram .; Графік виїздів, та інформацію про гарантовані автобусні тури до Нідерландів дивіться в календарі на сайті. Якщо у вас виникли запитання, ви можете проконсультуватися з менеджером: натискайте на кнопку ""відправити запит"". Якщо бажаєте придбати тур, натискайте tour_id=1405 , agent_url=/davay-razom-v-amsterdam, type=text, title=""Замовити тур""",319,343,✅ done,"22.06.2026, 12:03:35"
https://adriatic-travel.com.ua/tour/chornohoriya-perlyna-balkanskoyi-adriatyky,«Чорногорія - перлина Балканської Адріатики»,"Будва(9 ночей), Ульцинь, Котор, Цетинє, Пераст, Дубровник, Тірана, Круя, Петровац на Мору",12,"Львів, Стрий, Мукачево","Проїзд автобусом єврокласу; Супровід керівником групи; Проживання по маршруту: Villa NS в м. Будва, 2-місні номери стандарт та один 3-місний апартамент з кухнею (можливе розміщення 3 або 2+2); Харчування — сніданки (шведський стіл) в Restaurant Mondo; Екскурсії згідно з програмою туру; Страхування (Поліс доступний для завантаження в особистому кабінеті. Просимо видавати туристам перед виїздом!)","Проїзд в громадському транспорті; Факультативні екскурсії; Вхідні квитки в екскурсійні об'єкти; Особисті витрати (обіди, вечері, та інше); City tax -2€/за добу/з особи (місцевий податок, оплачується керівнику групи за вимоги готелю); Обов'язкова доплата за оренду радіоприймача з навушниками для екскурсій - 2€/день (оплачується керівнику групи); Послуга ""Місце Priority"" - 20€/особа (Замовляється при бронюванні туру. Обирається місце з 1 по 12).; Послуга ""Одномісне розміщення"" - під запит.; На даний тур діють наступні умови по оплаті: 30% передплата та 70% не пізніше ніж за 14 днів до виїзду.; При бронюванні туру менше ніж за 14 днів до дати виїзду - здійснюється повна оплата туру в день бронювання туру!; За умови індивідуального бронювання - діти віком до 13 років включно, НЕ ОПЛАЧУЮТЬ факультативні екскурсії, якщо інше не вказано в програмі туру (Якщо в програмі туру вказана вартість для дітей - то така факультативна екскурсія оплачується по вказаній вартості). Вхідні квитки в екскурсійні об'єкти та послуги трансферу оплачуються на загальних підставах. За умови бронювання туру для організованих груп, турів на випускний - всі учасники групи оплачують стандартну вартість факультативних екскурсій.; Послуга ""Останній ряд"" - знижка 10€ від вартості туру при виборі місця в останньому ряді автобуса.; Послуга ""Для наречених пар"" - знижка 5% від вартості туру для тих хто нещодавно побрався (забронювати тур не пізніше 30 днів з дати розпису).; Послуга ""Додаткове вільне місце біля себе"" - 75% до вартості туру.",,"Автобусний тур з відпочином на морі, на 12 днів з 2 нічними переїздами (10 днів / 9 ночей на морі). Ранковий виїзд зі Львова і вечірнє прибуття у Львів (в залежності від проходження кордону).; У турі на нас очікує: відпочинок на Адріатичному морі в регіоні Будвайської Рив'єри, а також цікава екскурсійна програма для знайомства з країною - Ульцинь, Котор, Цетинє, Пераст, Дубровник, Тірана, Круя, Петровац на Мору.; Приїжджаємо до Будви, розміщуємося в готелі і відпочиваємо на морі. Керівник групи запропонує вам цікаві екскурсії, щоб познайомитися з країною.; Зверніть увагу! Європейські правила поселення/виселення з готелю: - заселення в готель після 14:00 - виселення з готелю о 10:00; У вартість туру також входить проживання на віллі на території Чорногорії. Сніданки включені у вартість.; З детальною програмою тура можете ознайомитися у розділі "" Програма туру "".; Враження від туру інших учасників можете переглянути в розділі "" Відгуки "".; Їдемо на комфортабельних автобусах євро-класу, місткістю від 49 до 57 місць. В автобусі є центральна система кондиціювання, аудіо-відео система. Кожен рейс супроводжує керівник групи. Досвідчені водії.; Графік виїздів, та інформацію про гарантовані автобусні тури на море в Чорногорію дивіться в календарі на сайті. Якщо у вас виникли запитання, ви можете проконсультуватися з менеджером: натискайте на tour_id=9 , agent_url=/tour/chornohoriya-perlyna-balkanskoyi-adriatyky, type=text, title=""відправити заявку на підбір туру"" .; актуальні акції та знижки на автобусні тури; Всі автобусні тури на море в Чорногорію; Всі автоубсні тури на море",435,,✅ done,"22.06.2026, 12:03:39"
https://adriatic-travel.com.ua/tour/morski-istorii-v-sertsi-chornogorii,«Морські історії в серці Чорногорії»,"Будва(9 ночей), Ульцинь, Котор, Цетинє, Пераст, Дубровник, Тірана, Круя, Петровац на Мору",12,"Львів, Стрий, Мукачево","Проїзд автобусом єврокласу; Супровід керівником групи; Проживання: - Вілла ""FRANETA LUX"" (2-х, 3-х місні номери з кухонним блоком та 2-х, 3-х місні номери стандарт зі сніданками (порційні); Харчування - сніданки або проживання без харчування (готуєте самостійно); Страхування","Проїзд в громадському транспорті; Факультативні екскурсії; Вхідні квитки в екскурсійні об'єкти; Особисті витрати (обіди, вечері, та інше); City tax -2€/за добу/з особи (місцевий податок, оплачується керівнику групи за вимоги готелю); Обов'язкова доплата за оренду радіоприймача з навушниками для екскурсій - 2€/день (оплачується керівнику групи); Послуга ""Місце Priority"" - 20€/особа (Замовляється при бронюванні туру. Обирається місце з 1 по 12); Послуга ""Одномісне розміщення"" - під запит.; На даний тур діють наступні умови по оплаті: 30% передплата та 70% не пізніше ніж за 14 днів до виїзду.; При бронюванні туру менше ніж за 14 днів до дати виїзду - здійснюється повна оплата туру в день бронювання туру!; За умови індивідуального бронювання - діти віком до 13 років включно, НЕ ОПЛАЧУЮТЬ факультативні екскурсії, якщо інше не вказано в програмі туру (Якщо в програмі туру вказана вартість для дітей - то така факультативна екскурсія оплачується по вказаній вартості). Вхідні квитки в екскурсійні об'єкти та послуги трансферу оплачуються на загальних підставах. За умови бронювання туру для організованих груп, турів на випускний - всі учасники групи оплачують стандартну вартість факультативних екскурсій.; Послуга ""Останній ряд"" - знижка 10€ від вартості туру при виборі місця в останньому ряді автобуса.; Послуга ""Для наречених пар"" - знижка 5% від вартості туру для тих хто нещодавно побрався (забронювати тур не пізніше 30 днів з дати розпису).; Послуга ""Додаткове вільне місце біля себе"" - 75% до вартості туру.",,"Автобусний тур з відпочином на морі, на 12 днів з 2 нічними переїздами (10 днів / 9 ночей на морі). Ранковий виїзд зі Львова і вечірнє прибуття у Львів (в залежності від проходження кордону).; У турі на нас очікує: відпочинок на Адріатичному морі в регіоні Будвайської Рив'єри, а також екскурсійна програма за бажанням: Ульцинь, Свєті-Стефан, Котор, Пераст, Цетинє, Дубровник, Тірана.; Спочатку ми приїжджаємо до Будви, розміщуємося в готелі і відпочиваємо на морі. Керівник групи запропонує вам цікаві екскурсії, щоб познайомитися з країною.; Зверніть увагу! Європейські правила поселення/виселення з готелю: - заселення в готель після 14:00 - виселення з готелю о 10:00; У вартість туру також входить проживання на віллі :номери стандарт та номери студіо ( з мінікухнею) на території Чорногорії. Харчування можливо обрати: проживання + сніданки або проживання без харчування (готуєте самостійно); З детальною програмою туру можете ознайомитися у розділі "" Програма туру "".; Враження від туру інших учасників можете переглянути в розділі "" Відгуки "".; Їдемо на комфортабельних автобусах євро-класу, місткістю від 49 до 57 місць. Кожен рейс супроводжує керівник групи. Досвідчені водії.; Графік виїздів, та інформацію про гарантовані автобусні тури на море в Чорногорію дивіться в календарі на сайті. Якщо у вас виникли запитання, ви можете проконсультуватися з менеджером: натискайте на tour_id=1417 , agent_url=/morski-istorii-v-sertsi-chornogorii, type=text, title=""Відправити заявку на підбір туру"" .; актуальні акції та знижки на автобусні тури; Всі автобусні тури на море в Чорногорію; Всі автобусні тури на море; 1 дор + 2 дит (до 13 років включно) — знижка 5% від повної вартості туру на кожну дитину; 2 дор + 1 дит (до 13 років включно) — знижка 10% від повної вартості туру на дитину",400,,✅ done,"22.06.2026, 12:03:42"
https://adriatic-travel.com.ua/tour/vdala-ideya-vidpustka-v-chornohoriyi,«Вдала ідея - відпустка в Чорногорії»,"Будва(9 ночей), Ульцинь, Котор, Цетинє, Пераст, Дубровник, Тірана, Круя, Петровац на Мору",12,"Львів, Стрий, Мукачево","Проїзд автобусом єврокласу; Супровід керівником групи; Проживання по маршруту: Vila Peko в м. Будва, просторі 2-х та 3-хмісні номери з кухонним блоком; Харчування - без харчування; Страхування","Проїзд в громадському транспорті; Факультативні екскурсії; Вхідні квитки в екскурсійні об'єкти; Особисті витрати (обіди, вечері, та інше); City tax -2€/за добу/з особи (місцевий податок, оплачується керівнику групи за вимоги готелю); Обов'язкова доплата за оренду радіоприймача з навушниками для екскурсій - 2€/день (оплачується керівнику групи); Послуга ""Місце Priority"" - 20€/особа (Замовляється при бронюванні туру. Обирається місце з 1 по 12).; Послуга ""Одномісне розміщення"" - під запит.; На даний тур діють наступні умови по оплаті: 30% передплата та 70% не пізніше ніж за 14 днів до виїзду.; При бронюванні туру менше ніж за 14 днів до дати виїзду - здійснюється повна оплата туру в день бронювання туру!; За умови індивідуального бронювання - діти віком до 13 років включно, НЕ ОПЛАЧУЮТЬ факультативні екскурсії, якщо інше не вказано в програмі туру (Якщо в програмі туру вказана вартість для дітей - то така факультативна екскурсія оплачується по вказаній вартості). Вхідні квитки в екскурсійні об'єкти та послуги трансферу оплачуються на загальних підставах. За умови бронювання туру для організованих груп, турів на випускний - всі учасники групи оплачують стандартну вартість факультативних екскурсій.; Послуга ""Останній ряд"" - знижка 10€ від вартості туру при виборі місця в останньому ряді автобуса.; Послуга ""Для наречених пар"" - знижка 5% від вартості туру для тих хто нещодавно побрався (забронювати тур не пізніше 30 днів з дати розпису).; Послуга ""Додаткове вільне місце біля себе"" - 75% до вартості туру.",,"Автобусний тур з відпочином на морі, на 12 днів з 2 нічними переїздами (10 днів / 9 ночей на морі). Ранковий виїзд зі Львова і вечірнє прибуття у Львів (в залежності від проходження кордону).; У турі на нас очікує: відпочинок на Адріатичному морі в регіоні Будвайської Рив'єри, а також екскурсійна програма за бажанням: Ульцинь, Свєті-Стефан, Котор, Пераст, Цетинє, Дубровник, Тірана.; Спочатку ми приїжджаємо до Будви, розміщуємося в готелі і відпочиваємо на морі. Керівник групи запропонує вам цікаві екскурсії, щоб познайомитися з країною.; Зверніть увагу! Європейські правила поселення/виселення з готелю: - заселення в готель після 14:00 - виселення з готелю о 10:00; У вартість туру також входить проживання на віллі з мінікухнею на території Чорногорії. Сніданки НЕ включені у вартість.; З детальною програмою тура можете ознайомитися у розділі "" Програма туру "".; Враження від туру інших учасників можете переглянути в розділі "" Відгуки "".; Їдемо на комфортабельних автобусах євро-класу, місткістю від 49 до 57 місць. В автобусі є Wi-Fi, центральна система кондиціювання, аудіо-відео система. Кожен рейс супроводжує керівник групи. Досвідчені водії.; Графік виїздів, та інформацію про гарантовані автобусні тури на море в Чорногорію дивіться в календарі на сайті. Якщо у вас виникли запитання, ви можете проконсультуватися з менеджером: натискайте tour_id=1240 , agent_url=/tour/vdala-ideya-vidpustka-v-chornohoriyi, type=text, title=""відправити заявку на підбур туру"".; актуальні акції та знижки на автобусні тури; Всі автобусні тури на море в Чорногорію; Всі автоубсні тури на море; 1 дор + 2 дит (до 13 років включно) — знижка 5% від повної вартості туру на кожну дитину; 2 дор + 1 дит (до 13 років включно) — знижка 10% від повної вартості туру на дитину",380,,✅ done,"22.06.2026, 12:03:47"
https://adriatic-travel.com.ua/tour/znayomstvo-z-norvegieyu,«Знайомство з Норвегією: 4 фіорди + Язик Троля/Берген/Льодовик!»,"Варшава, Гданськ, Копенгаген, Флом, Берген, Гетеборг, Мальме, Торунь",7,"Львів, Люблін, Варшава, Гданськ, Гдиня, Карлскруна, район Мальме, Копенгаген","Проїзд автобусом єврокласу; Супровід керівником групи; Проживання по маршруту: готелі по маршруту та каюта на 4-х осіб на паромі.; Харчування - сніданки в готелях та поромах.; Оглядові екскурсії по містах Гданськ, Копенгаген, прогулянки по Флому і Торуні, переїзд по «Ересуннському мосту».; Страхування (Поліс доступний для завантаження в особистому кабінеті турагента. За 2 дні до виїзду поліс разом з інфолистом видає туристам турагент, який здійснював бронювання!)","Проїзд в громадському транспорті; Факультативні екскурсії; Вхідні квитки в екскурсійні об'єкти; Особисті витрати (обіди, вечері, та інше); City tax - від 2€ до 7€ за ніч в готелі з особи (місцевий податок, оплачується керівнику групи за вимоги готелю); Обов'язкова доплата за оренду радіоприймача з навушниками для екскурсій - 2€/день (оплачується керівнику групи); Знижки на дітей при бронюванні туру за 30 днів до виїзду - умови акції; Знижки на дітей при бронюванні туру від 7 до 29 днів до виїзду - умови акції; Знижки дітям на факультативні екскурсії - умови акції; Знижка на дорослих при бронюванні за 30 днів до виїзду - умови акції; Послуга ""Місце Priority"" - 15€/особа (Замовляється при бронюванні туру. Обирається місце з 5 по 12); Послуга ""Одномісне розміщення"" - 120€/особа/тур/2 ночі в готелях (доплата до вартості туру); Послуга ""Розміщення 2-хмісній каюті на поромах Гдиня - Карлскруна - Гдиня"": 176€/особа/2 ночі Важливо: послуга підселення тільки в жіночі чи чоловічі каюти не надається!",,"Автобусний тур на 7 днів з 2 нічними переїздами. Ранковий виїзд зі Львова і вечірнє поверенення у Львів (в залежності від проходження кордону).; Відвідаємо такі міста: Варшава, Гданськ, Копенгаген, Флом, Гетеборг, Мальме; У програмі туру найяскравіші перлини Норвегії! Всього за 7 днів у нас буде можливість доторкнутися до дива Норвежської природи - Льодовика Нігардсбрін, здійснити круїз на кораблику по Согнефьорду і рукаву Неройфьорду, проїхатись через найдовший у світі автомобільний Лердальський тунель (24.5 км), побачити найкрасивіший залізничний маршрут у світі - Фломську дорогу, відпочити на березі неперевершеного Хардангерфйорда, та здійснити підйом на знаменитий Язик Троля, звідки відкривається фантастичний краєвид. Також при бажанні ми відвідаємо столицю фіордів - Берген, побудовану в стилі модерн та піднімемось на фунікулері на гору Флейєн. Перед знайомством з Норвегією нас чекає затишна Варшава, середньовічний замок – Мальброк, казковий Гданськ, переїзд через незвичний Ересуннський міст, який йде під воду!, королівські замки Данії: Фредеріксборг, Кронборг та палац Розенборг. І на завершення подорожі відвідаємо місто - фортецю Гетеборг чи архітектурну перлину Швеції – Мальме! Р.S. А ще в турі нас чекають 2 ночі на поромі! А паром - це особлива атракція, величезний розважальний центр, який дозволяє насолодитися незабутньою подорожжю Балтійським морем!; Зверніть увагу! У вартість туру включено 5 туристичних об'єктів: Гданськк, Копенгаген, «Ересуннський міст», Флом, Торунь; У вартість туру також входить проживання у готелях категорії 3*. Сніданки в готелі включені у вартість.; У вартість туру входить проїзд на паромі та проживання в 4-х містній каюті. Сніданок на паромі ВКЛЮЧЕНИЙ у вартість.; Важливо : послуга підселення тільки в жіночі чи чоловічі каюти не надається!; З детальною програмою тура можете ознайомитися у розділі "" Програма "".; Враження від інших учасників туру можете подивитися у розділі "" Відгуки "".; Графік виїздів, та інформацію про гарантовані автобусні тури в Скандинавію дивіться в календарі на сайті. Якщо у вас виникли запитання, ви можете проконсультуватися з менеджером: натискайте на кнопку ""замовити тур"", ""залишити запит на тур"".",466,501,✅ done,"22.06.2026, 12:03:53"
https://adriatic-travel.com.ua/tour/kazkovi-kanikuly-u-paryzhi-2-parky-rozvag-ta-normandiya,«Казкові канікули у Парижі + Діснейленд!»,"Краків, Берлін, Париж, Руан, Довіль, Трувіль-сюр-Мер, Етрета, Нюрнберг, Прага, Брно",7,"Львів, Перемишль, Тарнув, Краків, Катовіце, Вроцлав, Берлін, Ганновер","Проїзд автобусом єврокласу; Супровід керівником групи; Проживання по маршруту: готель зі сніданками; Харчування - сніданки; Екскурсійні об'єкти: Берлін, Прага, музей парфумерії Фрагонар та Париж; Страхування","Проїзд в громадському транспорті; Факультативні екскурсії; Вхідні квитки в екскурсійні об'єкти; Особисті витрати (обіди, вечері, та інше); City tax - від 2€ до 6€ за ніч в готелі (місцевий податок, оплачується керівнику групи за вимоги готелю); Обов'язкова доплата за оренду радіоприймача з навушниками для екскурсій - 2€/день (оплачується керівнику групи); Послуга ""Місце Priority"" - 15€/особа (Замовляється при бронюванні туру. Обирається місце з 5 по 12); Послуга ""Одномісне розміщення"" - 155€ (доплата до вартості туру); За умови індивідуального бронювання - діти віком до 13 років включно, НЕ ОПЛАЧУЮТЬ факультативні екскурсії, якщо інше не вказано в програмі туру (Якщо в програмі туру вказана вартість для дітей - то така факультативна екскурсія оплачується по вказаній вартості). Вхідні квитки в екскурсійні об'єкти та послуги трансферу оплачуються на загальних підставах. За умови бронювання туру для організованих груп, турів на випускний - всі учасники групи оплачують стандартну вартість факультативних екскурсій.; Послуга ""Останній ряд"" - знижка 10€ від вартості туру при виборі місця в останньому ряді автобуса.; Послуга ""Для наречених пар"" - знижка 5% від вартості туру для тих хто нещодавно побрався (забронювати тур не пізніше 30 днів з дати розпису).; Послуга ""Додаткове вільне місце біля себе"" - 75% до вартості туру.",,"Автобусний тур на 7 днів, 2 нічних переїзди. Ранковий виїзд зі Львова і вечірнє прибуття до Львова (в залежності від проходження кордону).; Відвідуємо такі міста: Вроцлав, Берлін, Париж, Руан, Етрета, Нюрнберг, Прага, Брно. Детальний маршрут тура можете переглянути в розділі ""Маршрут"".; У цьому турі відвідаємо такі цікаві міста, як Вроцлав, Берлін, Париж, Прага та Брно. У кожному з цих міст є багато цікавинок і кожен може знайти для себе атракції і заняття до душі. Особливо для дітей, адже там є багато розважальних і пізнавальних місць. Вроцлав зі своєю приятельською атмосферою та історією. Берлін зі своїм відомим зоопарком, у якому найбільша кількість видів тварин з-поміж усіх інших. Париж , скільки б туди не їхали, все одно знайдеться щось, із чим ще потрібно познайомитись, і звісно ж Паризький Діснейленд, який є справжнім раєм для дітей! Хоча не забуваймо і про менш відомий, але від цього не менш захопливий тематичний парк розваг популярного у світі мультика «Астерікс»! Заїдемо до Праги , де зможемо скуштувати Трдельник, Карловарські вафлі, Празький торт, пернік, сливові кльоцки, палачінки, фргал і багато іншого, що важко з першого разу вимовити, але неймовірно смачно. І по дорозі додому можемо відвідати друге найбільше місто Чехії – Брно , або ж неймовірний комплекс карстових печер – Моравський крас !; Зверніть увагу! У вартість туру включено 4 екскурсійних об'єктів: Берлін, Прага, Париж та музей парфумерії Фрагонар; У вартітсь туру входить проживання у готелях . Сніданки включені у вартість.; З детальною програмою тура можете ознайомитися у розділі "" Програма ""; Враження від туру інших учасників можете переглянути у розділі "" Відгуки "".; Фотографії, відео, відгуки можете подивитися в соцмережах: instagram , facebook , telegram .; Графік виїздів, та інформацію про гарантовані автобусні тури до Парижа та Нормандії дивіться в календарі на сайті. Якщо у вас виникли запитання, ви можете проконсультуватися з менеджером: натискайте на кнопку ""відправити запит"". Якщо бажаєте придбати тур, натискайте tour_id=1394 , agent_url=/tour/veseli-kanikuly-u-paryzhi-disneylend, type=text, title=""Замовити тур""",298,331,✅ done,"22.06.2026, 12:03:57"
https://adriatic-travel.com.ua/tour/lihuriys-ke-uzberezhzhya-vidpochynok-v-zadovolennya,"«Італія під шум моря: Піран, Чінкве-Терре, Мальчезіне + 2 дні у Флоренції»","Будапешт, Трієст, Флоренція, Піза, Генуя, Мілан, Венеція",6,"Львів, Стрий, Нижні Ворота, Мукачево, Ужгород, Будапешт","Проїзд автобусом єврокласу; Супровід керівником групи; Проживання по маршруту: готель 3-4*; Харчування - сніданки; Оглядові екскурсії у Копері, Флоренції та Вероні.; Страхування","Проїзд в громадському транспорті; Факультативні екскурсії; Вхідні квитки в екскурсійні об'єкти; Особисті витрати (обіди, вечері, та інше); City tax - від 3€ до 7€ (місцевий податок, оплачується керівнику групи за вимоги готелю); Обов'язкова доплата за оренду радіоприймача з навушниками для екскурсій - 2€/день (оплачується керівнику групи); Послуга ""Місце Priority"" - 20€/особа (Замовляється при бронюванні туру. Обирається місце з 1 по 12); Послуга ""Одномісне розміщення"" - 200€; Послуга ""Останній ряд"" - знижка 10€ від вартості туру при виборі місця в останньому ряді автобуса.; Послуга ""Для наречених пар"" - знижка 5% від вартості туру для тих хто нещодавно побрався (забронювати тур не пізніше 30 днів з дати розпису).; Послуга ""Додаткове вільне місце біля себе"" - 75% до вартості туру.; Послуга ""Подарунок на день народження"" . - Даруємо 1 безкоштовну факультативну екскурсію в турі на вибір Туроператора (вартість екскурсії не перевищуватиме 20€. Обрати екскурсію можливо лише з того переліку, який надасть Туроператор вже в турі). - Подарункова екскурсія надається лише у разі, якщо день народження туриста припадає безпосередньо на дати туру.; Послуга ""Організованим групам"" Детальні умови по бронюванню організованих груп дивіться у розділі: організованим групам Увага! Для груп більш як 40 осіб, необхідно писати індивідуальний запит - детальні умови; Послуга ""Сімейна подорож"" - знижки для дітей* (дана послуга не розповсюджується на бронювання туристичних послуг для організованих груп): Детальні умови по знижках на дітей дивіться у розділі: акції",,"Автобусний тур на 6 днів, без нічних переїздів. Ранковий виїзд зі Львова і вечірнє поверенення у Львів (в залежності від проходження кордону).; Відвідаємо міста Італії (Копер, Пороторож, Піран, Флоренція, Ла Спеція, Монорола, Ріомаджоре, Верона, Ріва дель Гарда, Мальчезіне) та Угорщини (Будапешт).; Наша мандрівка розпочинається з можливості вирушити на прогулянку корабликом по Дунаю — це чудовий початок подорожі з особливим настроєм і красивими панорамами. Далі на нас чекає Копер , а також факультативно — Піран і Порторож . Саме тут буде можливість відчути атмосферу Адріатики, насолодитися морем, прогулянками набережною та відпочинком на узбережжі. Наступна зупинка — Флоренція , місто мистецтва, архітектури та неповторної італійської елегантності. За бажанням можна факультативно відвідати Пізу — одне з найвідоміших міст Італії зі знаменитою вежею. Після цього ми пропонуємо провести ще один день у Флоренції або обрати відпочинок на Лігурійському узбережжі , щоб насолодитися морем, сонцем і атмосферою італійської Рив’єри, а далі вирушити до неймовірного Чінкве-Терре — одного з наймальовничіших куточків Італії. У завершенні подорожі на нас чекає романтична Верона та фантастичне озеро Гарда . Тут ми відвідаємо чарівне Мальчезіне і вишукане Ріва-дель-Гарда , де гірські краєвиди, озерна гладь і затишна атмосфера створюють справді незабутні враження. Цей тур — ідеальне поєднання морського відпочинку, культових локацій, італійського шарму та красивих пейзажів, у які закохуєшся з першого погляду.; Зверніть увагу! У вартість туру включено 3 екскурсії по містах: Копер, Флоренція, Верона .; У вартість туру також входить проживання у готелях категорії 3-4* . Сніданки включені у вартість.; З детальною програмою тура можете ознайомитися у розділі "" Програма ""; Враження від туру інших учасників можете переглянути у розділі "" Відгуки "".; Фотографії, відео, відгуки можете подивитися в соцмережах: instagram , facebook , telegram .; Графік виїздів, та інформацію про гарантовані автобусні тури до Італії дивіться в календарі на сайті. Якщо у вас виникли запитання, ви можете проконсультуватися з менеджером: натискайте на кнопку ""відправити запит"". Якщо бажаєте придбати тур, натискайте tour_id=1113 , agent_url=/tour/lihuriys-ke-uzberezhzhya-vidpochynok-v-zadovolennya, type=text, title=""Замовити тур""",367,394,✅ done,"22.06.2026, 12:04:02"
https://adriatic-travel.com.ua/tour/gretski-kanikuly,«Грецькі канікули (7 ночей на морі)»,"Халкідікі(7 ночей), Каллітея, Салоніки, Едеса, Пефкохорі",7,"Львів, Івано-Франківськ, Коломия, Заболотів, Снятин, Чернівці, Сучава, Бакеу, Фокшани, Бухарест, Русе, Софія, Салоніки",Проїзд автобусом єврокласу; Супровід керівником групи; Проживання в готелях: Tropical Hotel Hanioti 4* (Халкідікі) - Superior room (SEA VIEW та GARDEN VIEW).; Харчування: сніданки + вечері; Страхування; 1 дорослий + 1 дитина (до 13 років включно) — знижка 10% від повної вартості туру; 2 дорослих + 1 дитина (до 13 років включно) - знижка 15% від повної вартості туру; 1 дорослий + 2 дитини (до 13 років включно ) - знижка 15% від повної вартості туру для однієї дитини; 2 дорослих + 2 дитини (до 13 років включно) - знижка 10% від повної вартості на кожну дитину надається,"Проїзд в громадському транспорті; Факультативні екскурсії; Вхідні квитки в екскурсійні об'єкти; Особисті витрати (обіди та інше); City tax - 5€/доба/особа (місцевий податок, оплачується керівнику групи за вимоги готелю); Обов'язкова доплата за оренду радіоприймача з навушниками для екскурсій - 3 €/день (оплачується керівнику групи); Лежаки і парасолі не входять у вартість туру; Послуга ""Місце Priority"" - 20€/особа (Замовляється при бронюванні туру. Обирається місце з 1 по 12); Послуга ""Одномісне розміщення"" - 350€ (доплата до вартості туру); На даний тур діють наступні умови по оплаті: 30% передплата та 70% не пізніше ніж за 14 днів до виїзду.; При бронюванні туру менше ніж за 14 днів до дати виїзду - здійснюється повна оплата туру в день бронювання туру!; За умови індивідуального бронювання - діти віком до 13 років включно, НЕ ОПЛАЧУЮТЬ факультативні екскурсії, якщо інше не вказано в програмі туру (Якщо в програмі туру вказана вартість для дітей - то така факультативна екскурсія оплачується по вказаній вартості). Вхідні квитки в екскурсійні об'єкти та послуги трансферу оплачуються на загальних підставах. За умови бронювання туру для організованих груп, турів на випускний - всі учасники групи оплачують стандартну вартість факультативних екскурсій.; Послуга ""Для наречених пар"" - знижка 5% від вартості туру для тих хто нещодавно побрався (забронювати тур не пізніше 30 днів з дати розпису).; Послуга ""Останній ряд"" - знижка 10€ від вартості туру при виборі місця в останньому ряді автобуса.; Послуга ""Додаткове вільне місце біля себе"" - 75% до вартості туру.",,"Автобусний тур на 10 днів (8+2), з відпочинком на морі 8 днів/7 ночей, 2 нічних переїзди. Ранковий виїзд зі Львова і вечірнє повернення у Львів (залежно від проходження кордону).; Відпочинок на одному з кращих курортів материкової Греції - Ханіоті (Халкідікі), де про Ваш відпочинок потурбується сам власник готелю Tropical Hanioti 4*. Якісна та смачна кухня , великі і комфортні номери , затишна територія , готель з басейном доповнить відпочинок .Курорт Ханіоті подарує вир емоцій , а одні з кращих пляжів на Халкідіках відкриють Вам свої обійми. Під час відпочинку на морі зможемо відвідати чудові екскурсії. Відвідаємо величний храмовий комплекс Метеори та прекрасний Афітос , Каллітею з її неймовірними пляжами і Салоніки, зможемо побувати в місцевому аквапарку , та відпочити в термальних купальнях Едеси; Факультативні екскурсії в турі оплачуються додатково.; Зверніть увагу! Відпочинок на морі завершується з моменту ВИСЕЛЕННЯ з готелю. Виїзд з курорту відбувається після виселення з готелю. Європейські правила поселення/виселення з готелю: - заселення в готель після 15:00 - виселення з готелю о 09:30; У вартість туру також входить проживання у готелі. Харчування у вартість.; З детальною програмою тура можете ознайомитися у розділі "" Програма "".; Враження від інших учасників туру можете переглянути в розділі "" Відгуки "".; Графік виїздів, та інформацію про гарантований автобусний тур до Греції дивіться в календарі на сайті. Якщо у вас виникли запитання, ви можете проконсультуватися з менеджером: натискайте на кнопку, ""відправити запит "". Якщо бажаєте придбати тур, натискайте tour_id=1404 , agent_url=/tour/vizmy-mene-do-hretsiyi, type=text, title=""Замовити тур"".; ВАЖЛИВО! Якщо до Греції їдуть діти, яких не супроводжують обоє батьків, потрібна письмова згода обох батьків, яка має бути завірена нотаріально і перекладена на грецьку або англійську мову.; Чартерний автобусний рейс до Греції; Всі автобусні тури на море в Грецію; Всі автобусні тури на море",684,,✅ done,"22.06.2026, 12:04:06"
https://adriatic-travel.com.ua/tour/italiya-moya-lyubov-venetsiya-milan-verona,«Італія моя любов... Венеція-Мілан-Верона»,"Егер, Будапешт, Венеція, Верона, Мілан",5,"Львів, Мукачево, Стрий, Ужгород, Любляна, Будапешт","Проїзд автобусом єврокласу; Супровід керівником групи; Проживання по маршруту: готель 3*; Харчування — сніданки; 2 екскурсії: по Венеції, Вероні; Страхування","Проїзд в громадському транспорті; Факультативні екскурсії; Вхідні квитки в екскурсійні об'єкти; Особисті витрати (обіди, вечері, та інше); City tax - від 3€ до 7€ (місцевий податок, оплачується керівнику групи за вимоги готелю); Обов'язкова доплата за оренду радіоприймача з навушниками для екскурсій - 2€/день (оплачується керівнику групи); Послуга ""Місце Priority"" - 10€/особа (Замовляється при бронюванні туру. Обирається місце з 1 по 12); Послуга ""Одномісне розміщення"" - 50€ (доплата до вартості туру); Послуга ""Останній ряд"" - знижка 10€ від вартості туру при виборі місця в останньому ряді автобуса.; Послуга ""Для наречених пар"" - знижка 5% від вартості туру для тих хто нещодавно побрався (забронювати тур не пізніше 30 днів з дати розпису).; Послуга ""Додаткове вільне місце біля себе"" - 75% до вартості туру.; Послуга ""Подарунок на день народження"" . - Даруємо 1 безкоштовну факультативну екскурсію в турі на вибір Туроператора (вартість екскурсії не перевищуватиме 20€. Обрати екскурсію можливо лише з того переліку, який надасть Туроператор вже в турі). - Подарункова екскурсія надається лише у разі, якщо день народження туриста припадає безпосередньо на дати туру.; Послуга ""Організованим групам"" Детальні умови по бронюванню організованих груп дивіться у розділі: організованим групам Увага! Для груп більш як 40 осіб, необхідно писати індивідуальний запит - детальні умови; Послуга ""Сімейна подорож"" - знижки для дітей* (дана послуга не розповсюджується на бронювання туристичних послуг для організованих груп): Детальні умови по знижках на дітей дивіться у розділі: акції; Правила проведення екскурсійного туру.",,"Автобусний тур на 5 днів, 2 нічних переїзди. Ранковий виїзд зі Львова і вечірнє прибуття у Львів (залежно від проходження кордону). При перетині КПП Лужанка , організовується трансфер з Ужгорода до Мукачево; Відвідаємо такі чудові міста: Будапешт (Угорщина), Венеція, Мілан, Верона, та неймовірно красиві озера Комо та Гарда (Італія).; У Будапешті можна буде здійснити прогулянку по Дунаю. А в Єгері буде чудова нагода дегустувати угорські вина та спробувати смачний гуляш. «Місто на воді» - відома Венеція , не покине нас своєю увагою. Прогуляємось по місту на гондолі. Прогулявшись по Гранд Каналі - Головній вулиці Ви познайомитесь з найромантичнішими місцями Італії і насолодитесь найкрасивішим водним шляхом в світі. Буде змога відвідати «кольорові»острови Венеції : Мурано і Бурано. Завітаємо в місто видатних Да Вінчі, Браманте, Верді – Мілан. Побачимо готичний собор Дуомо, площу і театр Ла Скала, Замок Сфорцеско. Помилуємось неймовірною красою, мальовничою природою, розкішними віллами і садами озера Комо, яке знаходиться за 40 км від Мілана. Погуляємо по Вероні , «місті закоханих»,місті безсмертних закоханих Ромео і Джульєтти. Та заїдемо на озеро незвичайної краси –озеро Гарда. Озеро по праву вважають найчистішим озером в Європі.",200,214,✅ done,"22.06.2026, 12:04:10"
https://adriatic-travel.com.ua/tour/eliksyr-kokhannya-paryzh-i-normandiya,«Еліксир кохання або 3 дні в Парижі: Нормандія + Ельзас»,"Зальцбург, Зальцкаммергут, Краків, Париж, Руан, Довіль, Трувіль-сюр-Мер, Етрета, Кольмар, Страсбург, Прага, Брно",7,"Львів, Перемишль, Ярослав, Жешув, Тарнув, Краків, Катовіце, Острава, Оломоуц, Брно, Зальцбург","Проїзд автобусом єврокласу; Супровід керівником групи; Проживання по маршруту: готель зі сніданками; Харчування - сніданки; Оглядові екскурсії по Кракову, Зальцбургу, Парижі + фабрика Фрагонар, Кольмару, Празі; Страхування","Проїзд в громадському транспорті; Факультативні екскурсії; Вхідні квитки в екскурсійні об'єкти; Особисті витрати (обіди, вечері, та інше); City tax - від 2€ до 6€ за ніч (місцевий податок, оплачується керівнику групи за вимоги готелю); Обов'язкова доплата за оренду радіоприймача з навушниками для екскурсій - 2€/день (оплачується керівнику групи); Послуга ""Місце Priority"" - 15€/особа (Замовляється при бронюванні туру. Обирається місце з 5 по 12); Послуга ""Одномісне розміщення"" - 250€ (доплата до вартості туру); За умови індивідуального бронювання - діти віком до 13 років включно, НЕ ОПЛАЧУЮТЬ факультативні екскурсії, якщо інше не вказано в програмі туру (Якщо в програмі туру вказана вартість для дітей - то така факультативна екскурсія оплачується по вказаній вартості). Вхідні квитки в екскурсійні об'єкти та послуги трансферу оплачуються на загальних підставах. За умови бронювання туру для організованих груп, турів на випускний - всі учасники групи оплачують стандартну вартість факультативних екскурсій.; Послуга ""Останній ряд"" - знижка 10€ від вартості туру при виборі місця в останньому ряді автобуса.; Послуга ""Для наречених пар"" - знижка 5% від вартості туру для тих хто нещодавно побрався (забронювати тур не пізніше 30 днів з дати розпису).; Послуга ""Додаткове вільне місце біля себе"" - 75% до вартості туру.",,"Автобусний тур на 7 днів, без нічних переїздів , ранковий виїзд зі Львова та нічне повернення у Львів (в залежності від проходження кордону).; У турі ""ЕЛІКСИР КОХАННЯ: Париж і Нормандія"" за тиждень відвідаємо Бад-Ішль , Гальштат , Париж і Нормандію, Зальцбург і Зальцкаммергут, Кольмар, Краків, Прагу. Розмірено насичений тур з щирими радісними емоціями!.; Захоплююча подорож з можливістю відвідати Нормандію та Діснейленд . Розпочнемо подорож з відвідування Кракова - колишньої столиці Польщі, одне з найпрекрасніших міст Європи. Дізнаємось про багату і бурхливу історію, яка вписана в мури цього древнього міста. Далі на нас чекає австрійський Зальцбург - місто, яке вважається найзнаменитішим, збудованим у стилі бароко, розташованому біля північного підніжжя Альпійських гір. А у вільний час пропонуємо відвідати озерний край Зальцкаммергут . Після цього ми слідуємо до Франції і їдемо до її столиці - місто Париж . Здійснивши прогулянку по Парижу, відвідавши усі відомі місця цього міста пропонуємо відправитися в подорож до Норманді: Руан та Етрета . В Парижі ми проведемо 3 незабутні дні в які можемо відвідати за бажанням: Лувр, здійснити прогулянку по Сені, помилуватися вогниками нічного Парижа, Монмарт, відвідати Діснейленд, вежу Монпарнас, Версаль, квартал Маре, острів Сіте та Латинський квартал. Далі автентичний регіон Франції - Ельзас, з його колоритними містами - Кольмар та Страсбург ! І на завершення відвідаємо містичну столицю Чехії - чарівну Прагу ! ФРАНЦІЯ – країна романтики, країна естетики, центр моди, парфюмерії та косметики, вина і кулінарії. Серце Франції – Париж ! Скільки всього цікавого там можна побачити, спробувати і відчути. Шарм, стиль, романтика; історія, мода; парфумерія, вина і смаколики. Кожен знайде там щось для себе. Нормандія - область Франції розташована на берегах Ла-Маншу. Велика кількість історичних місць і будівель, чудові пляжі і природні пейзажі, ринки зі свіжими морепродуктами, кальвадос, романтика і заспокійливий шум хвиль - все це чекає вас там.; Зверніть увагу! У вартості туру включені 6 екскурсій по містах: Краків, Зальцбург, Париж, фабрика Фрагонар, Кольмар, Прага; У вартість туру входить проживання 6 ночей в готелях зі сніданками.; З детальною програмою тура можете ознайомитися у розділі "" Програма ""; Враження від туру інших учасників можете переглянути у розділі "" Відгуки "".; Фотографії, відео, відгуки можете подивитися в соцмережах: instagram , facebook , telegram .; Графік виїздів, та інформацію про гарантовані автобусні тури до Франції дивіться в календарі на сайті. Якщо у вас виникли запитання, ви можете проконсультуватися з менеджером: натискайте на кнопку ""відправити запит"". Якщо бажаєте придбати тур, натискайте tour_id=502 , agent_url=/tour/eliksyr-kokhannya-paryzh-i-normandiya, type=text, title=""Замовити тур"".",417,438,✅ done,"22.06.2026, 12:04:14"
https://adriatic-travel.com.ua/tour/selfi-v-paryzhi,«Селфі в Парижі та Діснейленді + Прага та Франкфурт!»,"Оломоуць, Франкфурт-на-Майні, Рюдесгайм-ам-Райн, Париж, Прага",5,"Львів, Перемишль, Тарнув, Краків, Катовіце, Острава, Оломоуц, Брно, Прага","Проїзд автобусом єврокласу; Супровід керівником групи; Проживання по маршруту: готель зі сніданками; Харчування — сніданки; Оглядові екскурсії по містах: Франкфурт, Париж, а також музей парфюмів Fragonard.; Страхування","Проїзд в громадському транспорті; Факультативні екскурсії; Вхідні квитки в екскурсійні об'єкти; Особисті витрати (обіди, вечері, та інше); City tax - від 2€ до 8€ за ніч в готелі (місцевий податок, оплачується керівнику групи за вимоги готелю); Обов'язкова доплата за оренду радіоприймача з навушниками для екскурсій - 2€/день (оплачується керівнику групи); Послуга ""Місце Priority"" - 15€/особа (Замовляється при бронюванні туру. Обирається місце з 5 по 12); Послуга ""Одномісне розміщення"" - 155€ (доплата до вартості туру); За умови індивідуального бронювання - діти віком до 13 років включно, НЕ ОПЛАЧУЮТЬ факультативні екскурсії, якщо інше не вказано в програмі туру (Якщо в програмі туру вказана вартість для дітей - то така факультативна екскурсія оплачується по вказаній вартості). Вхідні квитки в екскурсійні об'єкти та послуги трансферу оплачуються на загальних підставах. За умови бронювання туру для організованих груп, турів на випускний - всі учасники групи оплачують стандартну вартість факультативних екскурсій.; Послуга ""Останній ряд"" - знижка 10€ від вартості туру при виборі місця в останньому ряді автобуса.; Послуга ""Для наречених пар"" - знижка 5% від вартості туру для тих хто нещодавно побрався (забронювати тур не пізніше 30 днів з дати розпису).; Послуга ""Додаткове вільне місце біля себе"" - 75% до вартості туру.",,"Автобусний тур на 5 днів, без нічних переїздів . Ранковий виїзд зі Львова та нічне прибуття у Львів (залежно від проходження кордону). Ночівля у готелях зі сніданками.; У турі відвідаємо: Чехію (Оломоуц та Прагу), Німеччину (Франкфурт-на-Майні та Рюдесхайм-на-Рейні) та Францію (Париж, Діснейленд, Версаль).; У затишному Оломоуці ми побачимо унікальну барокову колону Святої Трійці та величний готичний собор. Франкфурт-на-Майні вразить нас своїми хмарочосами «Майн-Геттена», а романтичний Рюдесхайм запам’ятається фахверковими будинками та ароматом рейнських вин. Кульмінацією подорожі стане Париж , де кожен знайде свій формат відпочинку: від магії атракціонів у Діснейленді та королівської розкоші Версаля до богемної атмосфери Монмартра та секретів французьких парфумів у музеї Фрагонар . На завершення ми завітаємо до Праги , щоб насолодитися панорамами Градчан та на прогулянковому катері по Влтаві.; Детальну програму тура дивіться у розділі "" Програма тура "".; Враження від туру інших учасників можете переглянути у розділі "" Відгуки "".",326,350,✅ done,"22.06.2026, 12:04:18"
https://adriatic-travel.com.ua/tour/hretski-kontrasty,«Грецькі контрасти (7 ночей на морі)»,"Халкідікі(7 ночей), Каллітея, Салоніки, Едеса, Пефкохорі",7,"Львів, Бурштин, Івано-Франківськ, Коломия, Чернівці",Проїзд автобусом єврокласу; Супровід керівником групи; Проживання в готелs: Olympic Kosmas 3* категорія номерів: Standard Double Room; Харчування: сніданки або сніданки та вечері .; Страхування; 1 дорослий + 1 дитина (до 11 років включно) — знижка 10% від повної вартості туру; 2 дорослих + 1 дитина (до 11 років включно) — знижка 10% від повної вартості туру; 1 дорослих + 2 дитина (до 11 років включно) — знижка 15% на обох дітей від повної вартості туру,"Проїзд в громадському транспорті; Факультативні екскурсії; Вхідні квитки в екскурсійні об'єкти; Особисті витрати (сніданки, обіди, вечері, та інше); City tax - 2,5€/доба/особа (місцевий податок, оплачується керівнику групи за вимоги готелю); Обов'язкова доплата за оренду радіоприймача з навушниками для екскурсій - 3 €/день (оплачується керівнику групи); Лежаки і парасолі не входять у вартість туру; Послуга ""Місце Priority"" - 20€/особа (Замовляється при бронюванні туру. Обирається місце з 1 по 12); Послуга ""Одномісне розміщення"" - під запит (доплата до вартості туру); Послуга ""Для наречених пар"" - знижка 5% від вартості туру для тих хто нещодавно побрався (забронювати тур не пізніше 30 днів з дати розпису).; Послуга ""Останній ряд"" - знижка 10€ від вартості туру при виборі місця в останньому ряді автобуса.; Послуга ""Додаткове вільне місце біля себе"" - 75% до вартості туру.; Правила проведення екскурсійного туру.; Місця в автобусі розподіляються по черзі, в міру надходження заявок. Номер місця в автобусі повідомляється в підтвердженні бронювання, а також вказуються в інфолисті, який туристи отримуються за 2 дні до виїзду у турагенції.; Туроператор лишає за собою право змінювати кількість, порядок і час проведення екскурсій або замінювати їх на рівноцінні.; Туроператор лишає за собою право вносити зміни в програму туру без зміни загальної кількості послуг.; Вартість факультативних екскурсій може змінюватись в залежності від кількості туристів в групі. Для проведення факультативної екскурсії потрібно зібрати мінімальну необхідну кількість бажаючих. Таку мінімальну кількість бажаючих повідомляє керівник групи в турі.; ТУРОПЕРАТОР НЕ НЕСЕ ВІДПОВІДАЛЬНОСТІ ЗА РОБОТУ МИТНИХ ТА ПРИКОРДОННИХ ОРГАНІВ, А ТАКОЖ ЗА ЗАТОРИ І РЕМОНТИ НА ДОРОГАХ, ПОГОДНІ УМОВИ. Туроператор не приймає претензії по затримці часу через дії третіх осіб, на яких у Туроператора немає впливу.",,"Автобусний тур на 10 днів (8+2), з відпочинком на морі 8 днів/7 ночей, 2 нічних переїзди. Ранковий виїзд зі Львова і вечірнє повернення у Львів (залежно від проходження кордону).; Відпочинок на курорті Халкідікі. Під час відпочинку на морі вам буде запропонована цікава екскурсійна програма для знайомства з країною: Салоніки, Едеса, Пефкохорі.; Факультативні екскурсії в турі оплачуються додатково.; Зверніть увагу! Відпочинок на морі завершується з моменту ВИСЕЛЕННЯ з готелю. Виїзд з курорту відбувається після виселення з готелю. Європейські правила поселення/виселення з готелю: - заселення в готель після 15:00 - виселення з готелю о 9:30; Номери Standard double rooms (Всі ліжка в номерах являють собою стаціонарну конструкцію, що не поділяється); Розміщення третьої особи в номері (одне велике двоспальне ліжко + додаткове розкладне крісло-ліжко).; У вартість туру також входить проживання у готелі.; Харчування: сніданки або сніданки та вечері .; З детальною програмою тура можете ознайомитися у розділі "" Програма "".; Враження від інших учасників туру можете переглянути в розділі "" Відгуки "".; Графік виїздів, та інформацію про гарантований автобусний тур до Греції дивіться в календарі на сайті. Якщо у вас виникли запитання, ви можете проконсультуватися з менеджером: натискайте на кнопку, ""відправити запит "". Якщо бажаєте придбати тур, натискайте tour_id=1618 , agent_url=/tour/hretski-kontrasty, type=text, title=""Замовити тур"".; ВАЖЛИВО! Якщо до Греції їдуть діти, яких не супроводжують обоє батьків, потрібна письмова згода обох батьків, яка має бути завірена нотаріально і перекладена на грецьку або англійську мову.; Чартерний автобусний рейс до Греції; Всі автобусні тури на море в Грецію; Всі автобусні тури на море",639,,✅ done,"22.06.2026, 12:04:23"
https://adriatic-travel.com.ua/tour/vizmy-mene-do-hretsiyi,«Візьми мене до Греції»,"Халкідікі(7 ночей), Каллітея, Салоніки, Едеса, Пефкохорі",10,"Львів, Івано-Франківськ, Коломия, Заболотів, Снятин, Чернівці, Сучава, Бакеу, Фокшани, Бухарест, Русе, Софія, Салоніки","Проїзд автобусом єврокласу; Супровід керівником групи; Проживання: Akropolis (ХАЛКІДІКІ) або інший готель 3*+ на курорті Фурка (півострів Касандра, Халкідіки); Харчування - сніданки; Страхування; 1 дорослий + 1 дитина (до 13 років включно) — знижка 10% на дитину від повної вартості туру; 2 дорослих + 1 дитина (до 13 років включно) — знижка 15% на дитину від повної вартості туру (поселення в одному номері на кушетці); 2 дорослих + 2 дитини (до 13 років включно) — знижка 10% на кожну дитину від повної вартості туру; 1 дорослих + 2 дитини (до 13 років включно) — знижка 15% на одну дитину від повної вартості туру","Проїзд в громадському транспорті; Факультативні екскурсії; Вхідні квитки в екскурсійні об'єкти; Особисті витрати (сніданки, обіди, вечері, та інше); City tax - 2,5€/доба/особа (місцевий податок, оплачується керівнику групи за вимоги готелю); Обов'язкова доплата за оренду радіоприймача з навушниками для екскурсій - 3 €/день (оплачується керівнику групи); Послуга ""Місце Priority"" - 20€/особа (Замовляється при бронюванні туру. Обирається місце в автобусі з 1 по 12); Послуга ""Одномісне розміщення"" - 245€ (доплата до вартості туру); На даний тур діють наступні умови по оплаті: 30% передплата та 70% не пізніше ніж за 14 днів до виїзду.; При бронюванні туру менше ніж за 14 днів до дати виїзду - здійснюється повна оплата туру в день бронювання туру!; За умови індивідуального бронювання - діти віком до 13 років включно, НЕ ОПЛАЧУЮТЬ факультативні екскурсії, якщо інше не вказано в програмі туру (Якщо в програмі туру вказана вартість для дітей - то така факультативна екскурсія оплачується по вказаній вартості). Вхідні квитки в екскурсійні об'єкти та послуги трансферу оплачуються на загальних підставах. За умови бронювання туру для організованих груп, турів на випускний - всі учасники групи оплачують стандартну вартість факультативних екскурсій.; Послуга ""Для наречених пар"" - знижка 5% від вартості туру для тих хто нещодавно побрався (забронювати тур не пізніше 30 днів з дати розпису).; Послуга ""Останній ряд"" - знижка 10€ від вартості туру при виборі місця в останньому ряді автобуса.; Послуга ""Додаткове вільне місце біля себе"" - 75% до вартості туру.",,"Автобусний тур на 10 днів (8+2), з відпочинком на морі 8 днів/7 ночей, 2 нічних переїзди. Ранковий виїзд зі Львова і вечірнє повернення у Львів (залежно від проходження кордону).; Відпочинок в курортному містечку Фурка (Халкідікі). Під час відпочинку на морі вам буде запропонована цікава екскурсійна програма для знайомства з країною: Каллітея, Салоніки, Едеса, Пефкохорі.; Факультативні екскурсії в турі оплачуються додатково.; Зверніть увагу! Відпочинок на морі завершується з моменту ВИСЕЛЕННЯ з готелю. Виїзд з курорту відбувається після виселення з готелю. Європейські правила поселення/виселення з готелю: - заселення в готель після 15:00 - виселення з готелю о 09:30.; У вартість туру також входить проживання у готелі. Сніданки включені у вартість.; З детальною програмою тура можете ознайомитися у розділі "" Програма "".; Враження від інших учасників туру можете переглянути в розділі "" Відгуки "".; Графік виїздів, та інформацію про гарантований автобусний тур до Греції дивіться в календарі на сайті. Якщо у вас виникли запитання, ви можете проконсультуватися з менеджером: натискайте на кнопку ""відправити запит"". Якщо бажаєте придбати тур, натискайте tour_id=1250 , agent_url=/vizmy-mene-do-hretsiyi, type=text, title=""Замовити тур"".; ВАЖЛИВО! Якщо до Греції їдуть діти, яких не супроводжують обоє батьків, потрібна письмова згода обох батьків, яка має бути завірена нотаріально і перекладена на англійську або грецьку мову.; Чартерний автобусний рейс до Греції; Всі автобусні тури на море в Грецію; Всі автобусні тури на море",541,,✅ done,"22.06.2026, 12:04:27"
https://adriatic-travel.com.ua/tour/hretsiya-moya-lyubov,«Греція - моя любов»,"Пієрія(7 ночей), Каламбака, Салоніки, Едеса",10,"Львів, Івано-Франківськ, Коломия, Заболотів, Снятин, Чернівці, Сучава, Бакеу, Фокшани, Бухарест, Русе, Софія, Салоніки",Проїзд автобусом єврокласу; Супровід керівником групи; Проживання в готелі: NAYSIKA HOTEL (ПІЄРІЯ) або інший готель 3*+ на курорті Пієрія; Харчування - сніданки та вечері; Екскурсії згідно з програмою туру; Страхування; 1 дорослий + 1 дитина (до 11 років включно) — знижка 10% від повної вартості туру; 2 дорослих + 1 дитина (до 11 років включно) — знижка 10% від повної вартості туру,"Проїзд в громадському транспорті; Факультативні екскурсії; Вхідні квитки в екскурсійні об'єкти; Особисті витрати (обіди та інше); City tax - від 2,5 /доба з особи (місцевий податок, оплачується керівнику групи за вимоги готелю); Обов'язкова доплата за оренду радіоприймача з навушниками для екскурсій - 3€/день (оплачується керівнику групи); Послуга ""Місце Priority"" - 20€/особа (Замовляється при бронюванні туру. Обирається місце з 1 по 12); Послуга ""Одномісне розміщення"" - 245€ (доплата до вартості туру).; На даний тур діють наступні умови по оплаті: 30% передплата та 70% не пізніше ніж за 14 днів до виїзду.; При бронюванні туру менше ніж за 14 днів до дати виїзду - здійснюється повна оплата туру в день бронювання туру!; За умови індивідуального бронювання - діти віком до 13 років включно, НЕ ОПЛАЧУЮТЬ факультативні екскурсії, якщо інше не вказано в програмі туру (Якщо в програмі туру вказана вартість для дітей - то така факультативна екскурсія оплачується по вказаній вартості). Вхідні квитки в екскурсійні об'єкти та послуги трансферу оплачуються на загальних підставах. За умови бронювання туру для організованих груп, турів на випускний - всі учасники групи оплачують стандартну вартість факультативних екскурсій.; Послуга ""Для наречених пар"" - знижка 5% від вартості туру для тих хто нещодавно побрався (забронювати тур не пізніше 30 днів з дати розпису).; Послуга ""Останній ряд"" - знижка 10€ від вартості туру при виборі місця в останньому ряді автобуса.; Послуга ""Додаткове вільне місце біля себе"" - 75% до вартості туру.",,"Тур на 10 днів, 2 нічних переїзди. Ранковий виїзд зі Львова і вечірнє прибуття у Львів (в залежності від проходження кордону); В турі ми відвідаємо такі міста: Пієрія , Каламбака , Салоніки, Едеса ( Греція ); Ми вирушаємо в Пієрію - це рай... Насолоджуємось відпочинком, сонцем і морем... В нас буде можливість відвідати Метеори - величезні кам'яні брили висотою в 300-700 метрів на вершині яких ченці організували свій аскетичний спосіб життя. А ще відвідати Олімп - найвідомішу гору Греції, що є, згідно з міфологією, місцем проживання Олімпійських Богів. У північного підніжжя Олімпу розташована давня столиця Македонського царства - місто Діон , руїни якого вражають і нині. Маємо шанс потрапити в Салоніки , одне з найкрасивіших в країні, помилуватися надзвичайно красивими водоспадами в Арідея-Едесса; Факультативні екскурсії в турі оплачуються додатково.; Зверніть увагу! Відпочинок на морі завершується з моменту ВИСЕЛЕННЯ з готелю. Виїзд з курорту відбувається після виселення з готелю. Європейські правила поселення/виселення з готелю: - заселення в готель після 14:00 - виселення з готелю о 09:30; У вартість туру також входить проживання у готелі. Сніданки + вечері включені у вартість.; З детальною програмою тура можете ознайомитися у розділі "" Програма "".; Враження від інших учасників туру можете переглянути в розділі "" Відгуки "".; Графік виїздів, та інформацію про гарантовані автобусні тури до Греції дивіться в календарі на сайті. Якщо у вас виникли запитання, ви можете проконсультуватися з менеджером: натискайте на кнопку ""відправити запит"". Якщо бажаєте придбати тур, натискайте tour_id=1019 , agent_url=/tour/hretsiya-moya-lyubov, type=text, title=""Замовити тур"".; ВАЖЛИВО! Якщо до Греції їдуть діти, яких не супроводжують обоє батьків, потрібна письмова згода обох батьків, яка має бути завірена нотаріально і перекладена на англійську або грецьку мову.; Всі автобусні тури на море в Грецію; Всі автобусні тури на море; Чартерні автобусні рейси до Греції",554,,✅ done,"22.06.2026, 12:04:31"
https://adriatic-travel.com.ua/tour/kazkovymy-mistamy-amsterdam-bryussel-paryzh,"«Казковими містами: Амстердам, Брюссель, Париж»","Варшава, Берлін, Амстердам, Зансе-Сханс, Брюгге, Брюссель, Париж, Руан, Довіль, Трувіль-сюр-Мер, Етрета, Трір, Мец, Люксембург, Вроцлав",8,"Львів, Люблін, Варшава, Лодзь, Познань, Берлін, Магдебург, Ганновер, Оснабрюк","Проїзд автобусом єврокласу; Супровід керівником групи; Проживання по маршруту: готель зі сніданками; Харчування - сніданки; Оглядові екскурсії: Варшава, Берлін, Амстердам, Брюссель, Париж, парфумерна фабрика Фрагонар, Люксембург та Прага; Страхування; всі автобусні тури до Франції; всі автобусні тури до Нідерландів; всі автобусні тури до Бельгії; всі автобусні тури; діючі акціі на автобусні тури","Проїзд в громадському транспорті; Факультативні екскурсії; Вхідні квитки в екскурсійні об'єкти; Особисті витрати (обіди, вечері, та інше); City tax - від 2€ до 7€ за ніч (місцевий податок, оплачується керівнику групи за вимоги готелю); Обов'язкова доплата за оренду радіоприймача з навушниками для екскурсій - 2€/день (оплачується керівнику групи); Послуга ""Місце Priority"" - 15€/особа (Замовляється при бронюванні туру. Обирається місце з 5 по 12); Послуга ""Одномісне розміщення"" - 265€ (доплата до вартості туру); За умови індивідуального бронювання - діти віком до 13 років включно, НЕ ОПЛАЧУЮТЬ факультативні екскурсії, якщо інше не вказано в програмі туру (Якщо в програмі туру вказана вартість для дітей - то така факультативна екскурсія оплачується по вказаній вартості). Вхідні квитки в екскурсійні об'єкти та послуги трансферу оплачуються на загальних підставах. За умови бронювання туру для організованих груп, турів на випускний - всі учасники групи оплачують стандартну вартість факультативних екскурсій.; Послуга ""Останній ряд"" - знижка 10€ від вартості туру при виборі місця в останньому ряді автобуса.; Послуга ""Для наречених пар"" - знижка 5% від вартості туру для тих хто нещодавно побрався (забронювати тур не пізніше 30 днів з дати розпису).; Послуга ""Додаткове вільне місце біля себе"" - 75% до вартості туру.; Послуга ""Подарунок на день народження"" . - Даруємо 1 безкоштовну факультативну екскурсію в турі на вибір Туроператора (вартість екскурсії не перевищуватиме 20€. Обрати екскурсію можливо лише з того переліку, який надасть Туроператор вже в турі). - Подарункова екскурсія надається лише у разі, якщо день народження туриста припадає безпосередньо на дати туру.",,"Автобусний тур на 8 днів, без нічних переїздів : ранковий виїзд зі Львова, нічне повернення до Львова (в залежності від проходження кордону); На нас очікує надзвичайно цікавий маршрут — адже 8 екскурсій вже у вартості туру: Варшава, Берлін, Амстердам, Брюссель, Париж, парфумерна фабрика Фрагонар, Люксембург та Прага.; Цей захоплюючий тур з надзвичайно мальовничим маршрутом через Варшаву, Берлін, Амстердам, Брюссель, Брюгге, Париж, Люксембург, Трір та Прагу подарує вам незабутні враження та натхнення в кожному куточку Європи. Ми матимемо унікальний шанс доторкнутись до загадок історії у Варшаві та Берліні. В легендарному Парижі насолоджуватимемось музеями, палацами, пишною та багатою архітектурою. На нас чекають Лувр та Версаль, мистецький Монмартр, Тріумфальна Арка, Єлисейські поля та Люксембурзький сад і, звісно, культова пам'ятка Парижу — Ейфелева вежа! В мандрівці відкриємо для себе казкові Люксембург та Трір — міста, які дихають історією та затишком. Відвідаємо яскравий Амстердам та відчуємо справжній голландський колорит в Заансе-Сханс з його чудовими вітряками, та у Волендамі — з традиційними голландськими краєвидами. Познайомимось з Бельгією, що так славиться найсмачнішим у світі шоколадом, прогуляємось старовинними вуличками Брюсселю, Генту та Брюгге. Будемо зачаровані магією загадкової Праги. Скуштуємо традиційні смаколики кожної країни, від польських «перогів» до німецьких ковбас та французьких десертів. Нас зустріне величезний вибір магазинів, ресторанів, кафе у кожному місті, щоб ви могли насолодитися вільним часом та незабутнім шопінгом. Подорож подарує цікаве поєднання різних часів: від військових фортець у Люксембурзі до інноваційних технологій у Берліні, і залишить незабутні враження від приголомшливого поєднання минулого та сучасності цих незабутніх країн.; Зверніть увагу! У вартість туру включені 8 екскурсій: Варшава, Берлін, Амстердам, Брюссель, Париж, парфумерна фабрика Фрагонар, Люксембург та Прага .; У вартість туру включено проживання у чудових готелях категорії 3* .; Детальніше з програмою туру можете ознайомитися в розділі "" Програма туру "".; Враження від туру інших учасників можете переглянути у розділі "" Відгуки "".; Фотографії, відео, відгуки можете подивитися в соцмережах: instagram , facebook , telegram .; Графік виїздів, та інформацію про гарантовані автобусні тури до Нідерландів, Бельгії, Франції дивіться в календарі на сайті. Якщо у вас виникли запитання, ви можете проконсультуватися з менеджером: натискайте на кнопку ""відправити запит"". Якщо бажаєте придбати тур, натискайте tour_id=1045 , agent_url=/tour/kazkovymy-mistamy-amsterdam-bryussel-paryzh, type=text, title=""Замовити тур""",484,520,✅ done,"22.06.2026, 12:04:38"
https://adriatic-travel.com.ua/tour/laskavo-prosymo-v-stokgolm,«Ласкаво просимо в Стокгольм»,"Варшава, Рига, Таллінн, Стокгольм, Вільнюс",6,"Львів, Варшава, Каунас, Люблін","Проїзд автобусом еврокласу; Супровід керівником групи; Проживання в комфортабельній 4-хмісній каюті на поромі без вікон: 2 ночі; Харчування - сніданки Важливо: послуга підселення тільки в жіночі чи чоловічі каюти не надається!; Оглядові екскурсії по Ризі, Таллінну, Вільнюсу; Страхування","Проїзд в громадському транспорті; Факультативні екскурсії; Вхідні квитки в екскурсійні об'єкти; Особисті витрати (обіди, вечері, та інше); Обов'язкова доплата за оренду радіоприймача з навушниками для екскурсій - 2€/день (оплачується керівнику групи); City tax - 2-3€/доба/особи (місцевий податок, оплачується керівнику групи за вимоги готелю); Екологічний збір СО2 на поромі 4€/пором в один бік; На виїзд 29.12 Обов'язково оплачується новорічна вечеря на поромі 50 євро/особа; Послуга ""Місце Priority"" - 10€/особа (Замовляється при бронюванні туру. Обирається місце з 1 по 12); Послуга ""Одномісне розміщення в готелі"" - 120€; Послуга ""Двомісна каюта"" - 150€ Важливо: послуга підселення тільки в жіночі чи чоловічі каюти не надається!; За умови індивідуального бронювання - діти віком до 13 років включно, НЕ ОПЛАЧУЮТЬ факультативні екскурсії, якщо інше не вказано в програмі туру (Якщо в програмі туру вказана вартість для дітей - то така факультативна екскурсія оплачується по вказаній вартості). Вхідні квитки в екскурсійні об'єкти та послуги трансферу оплачуються на загальних підставах. За умови бронювання туру для організованих груп, турів на випускний - всі учасники групи оплачують стандартну вартість факультативних екскурсій.; Послуга ""Останній ряд"" - знижка 10€ від вартості туру при виборі місця в останньому ряді автобуса.; Послуга ""Для наречених пар"" - знижка 5% від вартості туру для тих хто нещодавно побрався (забронювати тур не пізніше 30 днів з дати розпису).",,"Автобусний тур на 6 днів, без нічних переїздів . Ранковий виїзд зі Львова і вечірнє повернення у Львів (залежно від проходження кордону).; Тур без нічних переїздів в країни Балтії. Під час туру ми можемо побачити шість столиць Європи: величну Варшаву, тендітні Ригу і Таллінн, королівський Стокгольм, а також Вільнюс. Також в турі на вас очікує цікава подорож на великому кораблі по Балтійському морю.; Зверніть увагу! У вартість туру вже включено 3 екскурсії по містах: Рига, Таллінн та Вільнюс .; У вартість туру також входить проживання у готелі . Сніданки включені у вартість.; У вартості також проживання в комфортабельній 4-хмісній каюті на поромі без вікон: 2 ночі. Каюта буде у вашому розпорядженні по маршруту Таллінн - Стокгольм - Таллінн. Сніданки на поромі включені у вартість туру.; Важливо : послуга підселення тільки в жіночі чи чоловічі каюти не надається! Ви можете забронювати двомісну каюту (за додаткову плату), при наявності такої. Для цього відправте запитання про двомісну каюту перед бронюванням.; З детальною програмою тура можете ознайомитися у розділі "" Програма "".; Враження від інших учасників туру можете переглянути в розділі "" Відгуки "".; Графік виїздів, та інформацію про гарантовані автобусні тури + морський круїз країнами Балтії дивіться в календарі на сайті. Якщо у вас виникли запитання, ви можете проконсультуватися з менеджером: натискайте на кнопку ""відправити запит"". Якщо бажаєте придбати тур, натискайте tour_id=1395 , agent_url=/tour/laskavo-prosymo-v-stokgolm, type=text, title=""Замовити тур""",349,375,✅ done,"22.06.2026, 12:04:43"
https://adriatic-travel.com.ua/tour/baltiyskyy-duet-tallinn-ta-stokholm,«Балтійський дует: Таллінн та Стокгольм»,"Таллінн, Стокгольм, Рига",5,Львів,Проїзд автобусом єврокласу; Супровід керівником групи; Проживання в комфортабельній 4-х місній каюті на поромі без вікна: 2 ночі; Харчування - сніданки в готелях та в головному ресторані на поромі; Важливо! При бронюванні 2 осіб в 4-місній каюті є доплата: +50 євро з особи у дві сторони в період проживання в каюті з 01.01-26.06 і 29.08-29.12 +60 євро з особи у дві сторони в період проживання в каюті з 14.08-28.08 +75 євро з особи у дві сторони в період проживання в каюті з 27.06-13.08 і 30.12-31.12; Оглядова екскурсія: по Таллінну; Страхування,"Проїзд в громадському транспорті; Факультативні екскурсії; Вхідні квитки в екскурсійні об'єкти; Особисті витрати (обіди, вечері, та інше); Обов'язкова доплата за оренду радіоприймача з навушниками для екскурсій - 2€/день (оплачується керівнику групи); Екологічний збір СО2 8€/пором у дві сторони; Новорічна вечеря на поромі 50 євро/особа; Послуга ""Місце Priority"" - 10€/особа (Замовляється при бронюванні туру. Обирається місце з 1 по 12); За умови індивідуального бронювання - діти віком до 13 років включно, НЕ ОПЛАЧУЮТЬ факультативні екскурсії, якщо інше не вказано в програмі туру (Якщо в програмі туру вказана вартість для дітей - то така факультативна екскурсія оплачується по вказаній вартості). Вхідні квитки в екскурсійні об'єкти та послуги трансферу оплачуються на загальних підставах. За умови бронювання туру для організованих груп, турів на випускний - всі учасники групи оплачують стандартну вартість факультативних екскурсій.; Послуга ""Останній ряд"" - знижка 10€ від вартості туру при виборі місця в останньому ряді автобуса.; Послуга ""Для наречених пар"" - знижка 5% від вартості туру для тих хто нещодавно побрався (забронювати тур не пізніше 30 днів з дати розпису).; Послуга ""Додаткове вільне місце біля себе"" - 75% до вартості туру.; Послуга ""Подарунок на день народження"" . - Даруємо 1 безкоштовну факультативну екскурсію в турі на вибір Туроператора (вартість екскурсії не перевищуватиме 20€. Обрати екскурсію можливо лише з того переліку, який надасть Туроператор вже в турі). - Подарункова екскурсія надається лише у разі, якщо день народження туриста припадає безпосередньо на дати туру.",,"Автобусний тур на 5 днів з 2 нічними переїздами + морський круїз по Балтійському морю. Ранковий виїзд зі Львова і прибуття у Львів у першій половині дня (залежно від проходження кордону).; У цьому турі відвідаємо такі міста: Таллінн (Естонія), Стокгольм (Швеція). Знайомство з Таллінном у нас почнеться з пішохідної оглядової екскурсії. Охочі послухати цікаві легенди та таємниці Старого міста Таллінна , матимуть можливість відвідавши факультативну екскурсію таємничими вуличками цього міста. Після прогулянки по Таллінну ми відправимося на поромі до Стокгольма . На великому кораблі ми відправимося Балтійським морем до столиці Швеції . На паромі вас очікує цікава концертна програма з піснями та танцями народів Естонії та Швеції . . В самому Стокгольмі ми познайомимося з його історією, прогуляємося його вузькими вуличками. За бажанням можна відвідати корабель Васа, Стокгольмську Ратушу та Королівський палац . Ввечері на паромі ми повертаємось до Таллінна .; Зверніть увагу! У вартість туру включена 1 екскурсія по місту: Таллінн .; У вартість туру входить проживання в готелях зі сніданками та проживання на поромі у комфортабельній каюті . Каюта буде у вашому розпорядженні по маршруту Таллінн - Стокгольм - Таллінн. Сніданки на поромі включені у вартість туру.; Важливо: послуга підселення тільки в жіночі чи чоловічі каюти не надається! Ви можее забронювати двомісну каюту (за додаткову плату), при наявності такої. Для цього відправте запитання про двомісну каюту перед бронюванням.; З детальною програмою тура можете ознайомитися у розділі "" Програма ""; Враження від туру інших учасників можете переглянути у розділі "" Відгуки "".; Фотографії, відео, відгуки можете подивитися в соцмережах: instagram , facebook , telegram .; Графік виїздів, та інформацію про гарантовані автобусні тури до країн Балтії дивіться в календарі на сайті. Якщо у вас виникли запитання, ви можете проконсультуватися з менеджером: натискайте на кнопку ""відправити запит"". Якщо бажаєте придбати тур, натискайте tour_id=1301 , agent_url=/tour/baltiyskyy-duet-tallinn-ta-stokholm, type=text, title=""Замовити тур""",283,304,✅ done,"22.06.2026, 12:04:48"
https://adriatic-travel.com.ua/tour/zoloti-pisky-ispaniyi,«Золоті піски Іспанії! (6 ночей на морі)»,"Лідо-ді-Езоло, Венеція, Ніцца, Монако, Льорет-де-Мар, Барселона, Жирона, Марсель, Генуя",6,"Львів, Стрий, Мукачево, Ужгород, Будапешт","Проїзд автобусом єврокласу; Супровід керівником групи; Проживання по маршруту: базовий готель в Іспанії Lloret Vibe Affiliated by FERGUS (ex BPM Lloret Hote l) (Льорет-де-Мар) або іншому тієї ж категорії на курорті Коста - Брава, харчування HB; Харчування - сніданки (транзитні готелі) Харчування - сніданки та вечері (готель в Іспанії); Оглядові екскурсії по Ніцці та Вероні; Страхування; в сі автобусні тури до Іспанії; всі автобусні тури на море до Іспанії; всі автобусні тури; При бронюванні туру на дітей до 13.99 років діє знижка:; 1 дорослий + 1 дитина (до 13,99 років) — на дитину надається знижка 10% від вартості туру; 1 дорослий + 2 дитини (до 13,99 років) — на кожну дитину надається знижка 5% від вартості туру; 2 дорослих + 1 дитина (до 13,99 років — на дитину надається знижка 10% від вартості туру; 2 дорослих + 2 дитини (до 13,99 років) — на кожну дитину надається знижка 10% від вартості туру","Проїзд в громадському транспорті; Факультативні екскурсії; Вхідні квитки в екскурсійні об'єкти; Особисті витрати (обіди, вечері, та інше); City tax - від 3€/доба/особи (місцевий податок, оплачується керівнику групи за вимоги готелю); Обов'язкова доплата за оренду радіоприймача з навушниками для екскурсій - 2€/день (оплачується керівнику групи); Послуга ""Місце Priority"" - 20€/особа (Замовляється при бронюванні туру. Обирається місце з 1 по 12); Послуга ""Одномісне розміщення"" - під запит; За умови індивідуального бронювання - діти віком до 13 років включно, НЕ ОПЛАЧУЮТЬ факультативні екскурсії, якщо інше не вказано в програмі туру (Якщо в програмі туру вказана вартість для дітей - то така факультативна екскурсія оплачується по вказаній вартості). Вхідні квитки в екскурсійні об'єкти та послуги трансферу оплачуються на загальних підставах. За умови бронювання туру для організованих груп, турів на випускний - всі учасники групи оплачують стандартну вартість факультативних екскурсій.; Послуга ""Останній ряд"" - знижка 10€ від вартості туру при виборі місця в останньому ряді автобуса.; Послуга ""Для наречених пар"" - знижка 5% від вартості туру для тих хто нещодавно побрався (забронювати тур не пізніше 30 днів з дати розпису).; Послуга ""Додаткове вільне місце біля себе"" - 75% до вартості туру.; Послуга ""Подарунок на день народження"" . - Даруємо 1 безкоштовну факультативну екскурсію в турі на вибір Туроператора (вартість екскурсії не перевищуватиме 20€. Обрати екскурсію можливо лише з того переліку, який надасть Туроператор вже в турі). - Подарункова екскурсія надається лише у разі, якщо день народження туриста припадає безпосередньо на дати туру.",,"Тур на 12 днів, 2 нічних переїзди. Ранковий виїзд зі Львова і вечірнє прибуття у Львів (в залежності від проходження кордону); Завітаємо у неймовірні міста: Венеція та Верона (Італія), Ніцца, Монако, (Франція), іспанський курорт Коста - Брава ( Льорет-де-Мар чи інший курорт регіону (6 днів на морі)), Барселона, Фігерес; «Місто на воді» - відома Венеція , не покине нас своєю увагою. Прогуляємось по місту на гондолі. Прогулявшись по Гранд Каналі - Головній вулиці Ви познайомитесь з найромантичнішими місцями Італії і насолодитесь найкрасивішим водним шляхом в світі. Буде змога відвідати «кольорові»острови Венеції: Мурано і Бурано. Ніцца – рай для душі та тіла.Погуляємо по старій частині міста. Завітаємо в Монако – місто, де панують розкіш та багатство. Барселона – одразу хапає в свої обійми і готова показати всі свої надбання. Архітектор Антоніо Гауді на славу постарався для збагачення Барселони. Погуляємо по Готичному кварталі, піднімемось на гору Монсеррат, де розташований старовинний монастир. Завітаємо в «Скарбницю Каталонії» - місто Жирона. Погуляємо по середньовічних квартах, які здається ще досі зберігають у пам'яті події, що відбувались у середньовіччі. Відвідаємо невеличке містечко Фігерас , яке відоме своїм музеєм-театром Далі. Відвідаємо Королівський палац, де збереглися оригінальні інтер'єри та погуляємо по вулиці Герібальді. Погуляємо по Вероні , «місті закоханих», місті безсмертних закоханих Ромео і Джульєтти. Та, завітаємо у замок «Кастель Веккіо», де зібрана велика колекція живопису і скульптури",694,,✅ done,"22.06.2026, 12:04:54"
https://adriatic-travel.com.ua/tour/sharm-paryzhu-ta-rozkish-normandii,«Шарм Парижу та розкіш Нормандії + Люксембург»,"Краків, Дрезден, Майсен, Париж, Руан, Онфлер, Етрета, Трір, Люксембург, Франкфурт-на-Майні, Вроцлав",7,"Львів, Перемишль, Жешув, Тарнув, Краків, Катовіце","Проїзд автобусом єврокласу; Супровід керівником групи; Проживання по маршруту: готель зі сніданками; Харчування - сніданки; Екскурсії по: Краків, Бамберг, Париж, фабрика Фрагонар, Трір; Страхування (Поліс доступний для звантаження в особистому кабінеті. Просимо видавати туристам перед виїздом!); всі автобусні тури в Париж; всі автобусні тури до Франції; всі автобусні тури; діючі акціі на автобусні тури","Проїзд в громадському транспорті; Факультативні екскурсії; Вхідні квитки в екскурсійні об'єкти; Особисті витрати (обіди, вечері, та інше); City tax - від 2€ до 5€ за ніч в готелі (місцевий податок, оплачується керівнику групи за вимоги готелю); Обов'язкова доплата за оренду радіоприймача з навушниками для екскурсій - 2€/день (оплачується керівнику групи); Знижки на дітей при бронюванні туру за 30 днів до виїзду - умови акції; Знижки на дітей при бронюванні туру від 7 до 29 днів до виїзду - умови акції; Знижки дітям на факультативні екскурсії - умови акції; Знижка на дорослих при бронюванні за 30 днів до виїзду - умови акції; Послуга ""Місце Priority"" - 15€/особа (Замовляється при бронюванні туру. Обирається місце з 5 по 12); Послуга ""Одномісне розміщення"" - 230€ (доплата до вартості туру); За умови індивідуального бронювання - діти віком до 13 років включно, НЕ ОПЛАЧУЮТЬ факультативні екскурсії, якщо інше не вказано в програмі туру (Якщо в програмі туру вказана вартість для дітей - то така факультативна екскурсія оплачується по вказаній вартості). Вхідні квитки в екскурсійні об'єкти та послуги трансферу оплачуються на загальних підставах. За умови бронювання туру для організованих груп, турів на випускний - всі учасники групи оплачують стандартну вартість факультативних екскурсій.",,"Автобусний тур на 7 днів, без нічних переїздів . Ранковий виїзд зі Львова і нічне поверенення у Львів (в залежності від проходження кордону).; У турі відвідаємо такі міста: Краків, Дрезден, Бамберг, Париж, Руан, Етрета, Люксембург, Трір, Вроцлав.; Неймовірна мандрівка у якій ми 3 дні проведемо у Франції! Париж – столиця Франції, місто з надзвичайним шармом, яке оповите казковою і романтичною атмосферою, до якого хочеться повертатися знову і знову! Ейфелева вежа, Лувр, Версальський Палац, Музей Д’Орсе, Люксембурзькі сади, Нотр-дам, Площа Дефанс, Опера, Бульвар Капуцинів, Монмартр, Марсові поля і ще величезний список цікавих та історичних місць. І звісно ж Нормандія, регіон, що розташований на півночі Франції, і багатий історією та вільним духом. Руан та Етрета, затишні морські пляжі, з чудовими краєвидами, свіжі морепродукти з місцевим кальвадосом і краса, краса, краса довкола. На зворотньому шляху матимемо змогу познайомитись з Люксембургом, який вражає своєю гармонією: маленькі вулички старого міста, зелені тераси та величні фортечні стіни створюють відчуття казки, де історія зустрічається з сучасністю. Доповнимо незабутні враження від подорожі знайомством з таким цікавими містами як Вроцлав, Бамберг та Трір. І також є можливість приєднатися до туру за кордоном по маршруту!; Зверніть увагу! У вартість туру включено 5 екскурсій : Краків, Бамберг, Париж, фабрика Фрагонар, Трір.; У вартість туру також входить проживання у готелях категорії 3* зі сніданками.; З детальною програмою тура можете ознайомитися у розділі "" Програма "".; Враження від туру інших учасників дивіться в розділі "" Відгуки "".; Графік виїздів, та інформацію про гарантовані автобусні тури до Франції дивіться в календарі на сайті. Якщо у вас виникли запитання, ви можете проконсультуватися з менеджером: натискайте на кнопку ""замовити тур"", ""відправити запит"".",367,394,✅ done,"22.06.2026, 12:04:58"
https://adriatic-travel.com.ua/tour/hvylyamy-baltiyskogo-morya-tallinn-gelsinki-stokgolm,"«Хвилями Балтійського моря: Таллінн, Гельсінкі, Стокгольм»","Люблін, Таллінн, Гельсінкі, Стокгольм, Рига, Юрмала, Вільнюс",6,"Львів, Каунас, Варшава, Люблін","Проїзд автобусом єврокласу; Супровід керівником групи; Проживання по маршруту: 3 ночі в каюті на поромі каюта С/Е класу 4 -містна, 2 ночі в готелі 3*; Харчування — сніданки; 2 екскурсії: по Таллінну та Вільнюсу; Страхування","Проїзд в громадському транспорті; Факультативні екскурсії; Вхідні квитки в екскурсійні об'єкти; Особисті витрати (обіди, вечері, та інше); Обов'язкова доплата за оренду радіоприймача з навушниками для екскурсій - 2€/день (оплачується керівнику групи); Екологічний збір СО2 на поромі 5- 8€/пором; City tax - 2-3€/доба/особи (місцевий податок, оплачується керівнику групи за вимоги готелю); Послуга ""Місце Priority"" - 15€/особа (Замовляється при бронюванні туру. Обирається місце з 1 по 12); Послуга ""Одномісне розміщення в готелі"" - 120€; Послуга ""Двомісна каюта"" - 150€; За умови індивідуального бронювання - діти віком до 13 років включно, НЕ ОПЛАЧУЮТЬ факультативні екскурсії, якщо інше не вказано в програмі туру (Якщо в програмі туру вказана вартість для дітей - то така факультативна екскурсія оплачується по вказаній вартості). Вхідні квитки в екскурсійні об'єкти та послуги трансферу оплачуються на загальних підставах. За умови бронювання туру для організованих груп, турів на випускний - всі учасники групи оплачують стандартну вартість факультативних екскурсій.; Послуга ""Останній ряд"" - знижка 10€ від вартості туру при виборі місця в останньому ряді автобуса.; Послуга ""Для наречених пар"" - знижка 5% від вартості туру для тих хто нещодавно побрався (забронювати тур не пізніше 30 днів з дати розпису).; Послуга ""Додаткове вільне місце біля себе"" - 75% до вартості туру.",,"Автобусний тур на 6 днів, без нічних переїздів. Ранковий виїзд зі Львова і вечірнє повернення у Львів (залежно від проходження кордону).; Відвідаємо міста Люблін, Таллінн, Гельсінкі, Стокгольм, Рига, Юрмала, Вільнюс.; Наш неймовірний тур відкриє перед вами вікна старовинного Таллінна , де середньовічна архітектура зливається з сучасністю, створюючи атмосферу казкового часу. Потім через Балтійське море відправимося до Гельсінкі , де вас вразять вишуканість та мінімалізм сучасного дизайну, а також архітектурна спадщина, що відзначається витонченим смаком. Далі нас чекає морський круїз на великому лайнері і ми вирушимо до барвистого Стокгольма – міста, що стоїть на 14 островах. Тут вас зустрінуть величезні королівські палаці, сучасні музеї та шалені тенденції моди. Кожне місто – це окремий етап подорожі, який обіцяє вам незабутні враження. Готуйтеся до мандрівки в серце північної принадності та культурного розмаїття!; Зверніть увагу! У вартість туру включено 2 екскурсії по містах: Таллінн та Вільнюс .; У вартість туру також входить проживання у готелях категорії 3* . Сніданки включені у вартість.; З детальною програмою тура можете ознайомитися у розділі "" Програма ""; Враження від туру інших учасників можете переглянути у розділі "" Відгуки "".; Фотографії, відео, відгуки можете подивитися в соцмережах: instagram , facebook , telegram .; Графік виїздів, та інформацію про гарантовані автобусні тури до країн Балтії дивіться в календарі на сайті. Якщо у вас виникли запитання, ви можете проконсультуватися з менеджером: натискайте на кнопку ""відправити запит"". Якщо бажаєте придбати тур, натискайте tour_id=1559 , agent_url=/tour/hvylyamy-baltiyskogo-morya-tallinn-gelsinki-stokgolm, type=text, title=""Замовити тур""",372,399,✅ done,"22.06.2026, 12:05:02"
https://adriatic-travel.com.ua/tour/nezabutniy-amsterdam,«Незабутній Амстердам + парк Кекенхоф»,"Варшава, Амстердам, Зансе-Сханс, Прага, Брно",5,"Львів, Перемишль, Тарнув, Краків, Катовіце, Острава, Оломоуц, Брно, Прага",Проїзд автобусом єврокласу; Супровід керівником групи; Проживання по маршруту: готель зі сніданками; Харчування — сніданки; Оглядові екскурсії по Празі та Ганноверу; Страхування,"Проїзд в громадському транспорті; Факультативні екскурсії; Вхідні квитки в екскурсійні об'єкти; Особисті витрати (обіди, вечері, та інше); City tax - від 3€ до 7€ (місцевий податок, оплачується керівнику групи за вимоги готелю); Обов'язкова доплата за оренду радіоприймача з навушниками для екскурсій - 2€/день (оплачується керівнику групи); Послуга ""Місце Priority"" - 15€/особа (Замовляється при бронюванні туру. Обирається місце з 5 по 12); Послуга ""Одномісне розміщення"" - 80€ (доплата до вартості туру); За умови індивідуального бронювання - діти віком до 13 років включно, НЕ ОПЛАЧУЮТЬ факультативні екскурсії, якщо інше не вказано в програмі туру (Якщо в програмі туру вказана вартість для дітей - то така факультативна екскурсія оплачується по вказаній вартості). Вхідні квитки в екскурсійні об'єкти та послуги трансферу оплачуються на загальних підставах. За умови бронювання туру для організованих груп, турів на випускний - всі учасники групи оплачують стандартну вартість факультативних екскурсій.; Послуга ""Останній ряд"" - знижка 10€ від вартості туру при виборі місця в останньому ряді автобуса.; Послуга ""Для наречених пар"" - знижка 5% від вартості туру для тих хто нещодавно побрався (забронювати тур не пізніше 30 днів з дати розпису).; Послуга ""Додаткове вільне місце біля себе"" - 75% до вартості туру.; Послуга ""Подарунок на день народження"" . - Даруємо 1 безкоштовну факультативну екскурсію в турі на вибір Туроператора (вартість екскурсії не перевищуватиме 20€. Обрати екскурсію можливо лише з того переліку, який надасть Туроператор вже в турі). - Подарункова екскурсія надається лише у разі, якщо день народження туриста припадає безпосередньо на дати туру.",,"Автобусний тур на 5 днів з двома нічними переїздами. Ранковий виїзд зі Львова та пізнє прибуття (залежно від перетину кордону).; У турі відвідаємо: Польщу (Краків та Варшаву), Чехію (Прагу), Нідерланди (Амстердам, парк Кекенхоф, Заансе Сханс та Волендам) та Німеччину (Ганновер).; Цей п’ятиденний екскурсійний маршрут створений для тих, хто цінує максимальну концентрацію вражень і прагне побачити головні візитівки Європи за одну поїздку. Програма поєднує в собі велич історичних столиць — Кракова , Праги , Варшави — з особливим колоритом затишного Ганновера , вільним духом Амстердама та автентикою нідерландського селища Заансе Сханс . Ви побачите контраст між середньовічною готикою та сучасною архітектурою, відвідаєте знамениті музеї, прогуляєтеся набережними європейських річок і відчуєте ритм життя провідних країн ЄС. Це ідеальний вибір для першого знайомства з регіоном або для швидкого перезавантаження, що дозволяє змінити кілька культурних контекстів усього за п’ять днів.; У Кракові ми побачимо королівський замок на Вавельському пагорбі та найбільшу в Європі Ринкову площу. У Празі пройдемося лабіринтами вуличок Старого міста, загадаємо бажання на Карловому мості та зможемо насолодитися панорамами з катера на Влтаві. Амстердам вразить нас своїми каналами, Королівським палацом та весняним морем тюльпанів у парку Кекенхоф , а традиційні млини та дегустація сиру в Заансе Сханс дозволять відчути справжній голландський фольклор. У Ганновері ми відкриємо для себе «німецький Версаль» — королівські сади Херренхаузен. Завершиться подорож прогулянкою відбудованим з попелу Старим містом Варшави , що внесене до списку ЮНЕСКО.; У вартості екскурсії по Празі та Ганноверу.; З детальною програмою туру ви можете ознайомитися в розділі "" Програма туру "".; Враження від туру інших учасників можете переглянути в розділі "" Відгуки "".; всі автобусні тури до Нідерландів; всі автобусні тури в парк тюльпанів Кекенхоф; всі автобусні тури; діючі акції на автобусні тури",218,242,✅ done,"22.06.2026, 12:05:05"
https://adriatic-travel.com.ua/tour/idealna-formula-shveytsarii#program,«Ідеальна формула Швейцарії: Пілатус + Церматт+ Сан-Бернардіно та Монблан!»,"Будапешт, Відень, Санкт-Вольфганг-ім-Зальцкаммергут, Люцерн, Грюєр, Монтре, Аннесі, Лугано, Вадуц, Інсбрук",7,"Львів, Стрий, Мукачево, Ужгород, Будапешт","Проїзд автобусом єврокласу; Супровід керівником групи; Проживання по маршруту: готель 3*; Харчування — сніданки; 4 оглядові екскурсії по містах: Відень, Люцерн, Інсбруку та Будапешту; 3 екскурсія: «гора Матергорн», «озеро Комо», «перевал Сан-Бернардіно»; Страхування","Проїзд в громадському транспорті; Факультативні екскурсії; Вхідні квитки в екскурсійні об'єкти; Особисті витрати (обіди, вечері, та інше); City tax - 2€-5€/доба (місцевий податок, оплачується на рецепції за вимоги готелю); Обов'язкова доплата за оренду радіоприймача з навушниками для екскурсій - 2€/день (оплачується керівнику групи); Послуга ""Місце Priority"" - 15€/особа (Замовляється при бронюванні туру. Обирається місце з 5 по 12); Послуга ""Одномісне розміщення"" - 225€ (доплата до вартості туру); За умови індивідуального бронювання - діти віком до 13 років включно, НЕ ОПЛАЧУЮТЬ факультативні екскурсії, якщо інше не вказано в програмі туру (Якщо в програмі туру вказана вартість для дітей - то така факультативна екскурсія оплачується по вказаній вартості). Вхідні квитки в екскурсійні об'єкти та послуги трансферу оплачуються на загальних підставах. За умови бронювання туру для організованих груп, турів на випускний - всі учасники групи оплачують стандартну вартість факультативних екскурсій.; Послуга ""Останній ряд"" - знижка 10€ від вартості туру при виборі місця в останньому ряді автобуса.; Послуга ""Для наречених пар"" - знижка 5% від вартості туру для тих хто нещодавно побрався (забронювати тур не пізніше 30 днів з дати розпису).; Послуга ""Додаткове вільне місце біля себе"" - 75% до вартості туру.; Послуга ""Подарунок на день народження"" . - Даруємо 1 безкоштовну факультативну екскурсію в турі на вибір Туроператора (вартість екскурсії не перевищуватиме 20€. Обрати екскурсію можливо лише з того переліку, який надасть Туроператор вже в турі). - Подарункова екскурсія надається лише у разі, якщо день народження туриста припадає безпосередньо на дати туру.",,"Автобусний тур на 7 днів, без нічних переїздів . Ранковий виїзд зі Львова і нічне прибуття до Львова (в залежності від проходження кордону).; У турі відвідаємо міста: Будапешт, Відень, Люцерн, Аннесі, Лугано, Вадуц, Інсбрук; Під час нашої подорожі відвідаємо такі локації в Альпах і довкола:; Люцерн — це казкове швейцарське місто, яке може похвалитися знаменитим мостом і замком Люцерн. Гора Пілатус – вершина висотою 2130м із захоплюючими панорамними краєвидами! Найбільший у Європі водоспад – Рейнський , що гримить з величезною силою, створюючи заворожуюче видовище. Розташований на березі Женевського озера – чарівний Монтре . Середньовічне містечко Грюйєр та скуштуємо відомий на весь світ сир Грюйер, який виробляють у цьому регіоні століттями. « Венецію французьких Альп » – Ансі , яке славиться своїми каналами, мостами та різнокольоровими будинками і є ідеальним місцем для тих, хто шукає спокійного відпочинку. Найвища вершина Західної Європи - Монблан , панує над Альпами. Зі схилів видно Швейцарію, Францію та Італію, а канатні дороги доставляють до захоплюючих краєвидів. Маттерхорн – гора знайома вам з обгортки шоколаду Toblerone. Ця складна вершина приваблює досвідчених альпіністів, а туристи можуть дивуватися її величі з таких оглядових майданчиків, як Горнерґрат . Озеро Комо розташоване серед пишних пагорбів і всіяне чарівними селами, де полюляють проводити час знаменитості. Розкішні вілли, яскраві сади та чудові краєвиди створюють атмосферу неперевершеного гламуру. Побудована в мальовничій ущелині гребля Верзаска є найвищою дамбою в Швейцарії, а навколишні долини пропонують мальовничі туристичні стежки та смарагдово-зелені води для плавання. Лугано – це швейцарське місто, розташоване на березі озера Лугано, може похвалитися італійським колоритом. Поєднання культур і природної краси Лугано захоплює. Зробимо фотопаузу на мальовничому гірському перевалі Сан-Бернардіно , який петляє через захоплюючі альпійські пейзажі, з’єднуючи Швейцарію та Італію . Крихітне князівство Ліхтенштейн , розташоване між Швейцарією та Австрією , є дивом кишенькового розміру. Льодовик Пітцаль з водоспадами та пишним луками, що створюють вражаючий фон для піших прогулянок та душевної ідилії. Столиця Тіролю – Інсбрук , який передає суміш міського шарму та альпійської краси. Також по дорозі відвідаємо Будапешт, Відень, Долину Красунь та Егерсалок.; Зверніть увагу! У вартість туру включено 7 екскурсій по містах : Відень, Люцерн, Інсбрук, Будапешт, гора Матергорн, озеро Комо, перевал Сан-Бернардіно .; У вартості туру проживання в готелі категорії 3* зі сніданками.; З детальною програмою туру ви можете ознайомитися в розділі "" Програма туру "".; Враження від туру інших учасників можете переглянути в розділі "" Відгуки "".; Графік виїздів, та інформацію про гарантований автобусний тур в Швейцарію дивіться в календарі на сайті. Якщо у вас виникли запитання, ви можете проконсультуватися з менеджером: натискайте на кнопку ""відправити запит"". Якщо бажаєте придбати тур, натискайте tour_id=1585, agent_url=/tour/idealna-formula-shveytsarii, type=text, title=""Замовити тур"".",432,464,✅ done,"22.06.2026, 12:05:09"
https://adriatic-travel.com.ua/tour/prekrasni-dni-v-shveytsariyi,«Прекрасні дні в Швейцарії!»,"Будапешт, Мюнхен, Вадуц, Цюрих, Інтерлакен, Люцерн, Егер",5,"Львів, Стрий, Мукачево, Ужгород, Будапешт, Мюнхен","Проїзд автобусом єврокласу; Супровід керівником групи; Проживання по маршруту: готель 3*; Харчування — сніданки; Оглядові екскурсії по Мюнхену, Люцерну і Цюриху; Страхування (Поліс доступний для звантаження в особистому кабінеті. Просимо видавати туристам перед виїздом!)","Проїзд в громадському транспорті; Факультативні екскурсії; Вхідні квитки в екскурсійні об'єкти; Особисті витрати (обіди, вечері, та інше); City tax - 2€-5€/доба (місцевий податок, оплачується на рецепції за вимоги готелю); Обов'язкова доплата за оренду радіоприймача з навушниками для екскурсій - 2€/день (оплачується керівнику групи); Послуга ""Місце Priority"" - 10€/особа (Замовляється при бронюванні туру. Обирається місце з 5 по 12); Послуга ""Одномісне розміщення"" - 80€ (доплата до вартості туру); За умови індивідуального бронювання - діти віком до 13 років включно, НЕ ОПЛАЧУЮТЬ факультативні екскурсії, якщо інше не вказано в програмі туру (Якщо в програмі туру вказана вартість для дітей - то така факультативна екскурсія оплачується по вказаній вартості). Вхідні квитки в екскурсійні об'єкти та послуги трансферу оплачуються на загальних підставах. За умови бронювання туру для організованих груп, турів на випускний - всі учасники групи оплачують стандартну вартість факультативних екскурсій.; Послуга ""Останній ряд"" - знижка 10€ від вартості туру при виборі місця в останньому ряді автобуса.; Послуга ""Для наречених пар"" - знижка 5% від вартості туру для тих хто нещодавно побрався (забронювати тур не пізніше 30 днів з дати розпису).; Послуга ""Додаткове вільне місце біля себе"" - 75% до вартості туру.; Послуга ""Подарунок на день народження"" . - Даруємо 1 безкоштовну факультативну екскурсію в турі на вибір Туроператора (вартість екскурсії не перевищуватиме 20€. Обрати екскурсію можливо лише з того переліку, який надасть Туроператор вже в турі). - Подарункова екскурсія надається лише у разі, якщо день народження туриста припадає безпосередньо на дати туру.",,"Автобусний тур на 5 днів, з 2 нічними переїздами. Ранковий виїзд зі Львова і нічне прибуття у Львів (залежно від проходження кордону).; У турі відвідаємо: Будапешт ( Угорщина ), Мюнхен ( Німеччина ), Цюрих, Люцерн, Інтерлакен ( Швейцарія ).; Спочатку завітаємо до Будапешта , де можна буде прогулятися по вуличках старої Буди, та подивитися з панорамного виду на Пешт. Ввечері рекомендуємо прогулянку човником по Дунаю. Переїжджаємо до Швейцарії , а по дорозі є можливість відвідати крихітне князівство Ліхтенштейн. На оглядовій екскурсії по Цюриху , дізнаємось цікаві факти та історію цього мальовничого міста. Обравши факультативні екскурсії можете відвідати Рейнський подоспад і містечко Штайн-ам-Райн . Містечко Інтерлакен вразить вас красою гірських долин. Відвідавши долину Лаутербруннен ви матимете можливість помилуватися гірськими пейзажами і водоспадами. Далі нас чекає одне з 10 найбільш відвідуваних туристами міст світу - Люцерн . По дорозі додому завітаємо до угорського містечка Егер де продегустуємо вина та покуштуємо смачний гуляш.; З детальною програмою тура можете ознайомитися у розділі "" Програма туру "".; Враження від туру інших учасників можете переглянути в розділі "" Відгуки "".; всі автобусні тури до Швейцарії; всі автобусні тури; діючі акції на навтобусні тури",238,255,✅ done,"22.06.2026, 12:05:13"
https://adriatic-travel.com.ua/tour/stylna-frantsiya-mon-sen-mishel-luara-ta-normandiya,"«Стильна Франція: Мон-Сен-Мішель, Луара та Нормандія!»","Вроцлав, Ерфурт, Айзенах, Реймс, Париж, Руан, Етрета, Довіль, Трувіль-сюр-Мер, Кан, Гранвіль, Мон-Cен-Мішель, Турс, Діжон, Кольмар, Кутна Гора",8,"Львів, Перемишль, Жешув, Тарнув, Краків, Катовіце, Вроцлав, Легніца, Дрезден, Ерфурт","Проїзд автобусом єврокласу; Супровід керівником групи; Проживання по маршруту: готель зі сніданками; Харчування - сніданки; 9 екскурсійних об'єктів: Вроцлав, Ерфурт, Париж, Руан, Кан, Гранвіль, Турс, Кольмар, Кутна Гора; Страхування; всі автобусні тури до Франції; всі автобусні тури; діючі акції на автобусні тури","Проїзд в громадському транспорті; Факультативні екскурсії; Вхідні квитки в екскурсійні об'єкти; Особисті витрати (обіди, вечері, та інше); City tax - від 2€ до 5€ за ніч в готелі (місцевий податок, оплачується керівнику групи за вимоги готелю); Обов'язкова доплата за оренду радіоприймача з навушниками для екскурсій - 2€/день (оплачується керівнику групи); Послуга ""Місце Priority"" - 15€/особа (Замовляється при бронюванні туру. Обирається місце з 5 по 12); Послуга ""Одномісне розміщення"" - 250€ (доплата до вартості туру); Послуга ""Останній ряд"" - знижка 10€ від вартості туру при виборі місця в останньому ряді автобуса.; Послуга ""Для наречених пар"" - знижка 5% від вартості туру для тих хто нещодавно побрався (забронювати тур не пізніше 30 днів з дати розпису).; Послуга ""Додаткове вільне місце біля себе"" - 75% до вартості туру.; Послуга ""Подарунок на день народження"" . - Даруємо 1 безкоштовну факультативну екскурсію в турі на вибір Туроператора (вартість екскурсії не перевищуватиме 20€. Обрати екскурсію можливо лише з того переліку, який надасть Туроператор вже в турі). - Подарункова екскурсія надається лише у разі, якщо день народження туриста припадає безпосередньо на дати туру.; Послуга ""Організованим групам"" Детальні умови по бронюванню організованих груп дивіться у розділі: організованим групам Увага! Для груп більш як 40 осіб, необхідно писати індивідуальний запит - детальні умови; Послуга ""Сімейна подорож"" - знижки для дітей* (дана послуга не розповсюджується на бронювання туристичних послуг для організованих груп): Детальні умови по знижках на дітей дивіться у розділі: акції; Правила проведення екскурсійного туру.",,"Автобусний тур на 8 днів, без нічних переїздів . Ранковий виїзд зі Львова і нічне поверенення у Львів (в залежності від проходження кордону).; Відвідаємо міста : Вроцлав ( Польща ), Ерфурт, Айзенах ( Німеччина ) Париж, Реймс, Руан, Етрета, Кан, Мон-Cен-Мішель, Турс, Діжон, Кольмар ( Франція ), Кутна Гора ( Чехія ).; Незабутній розміряний 8-ми денний тур, який дозволить відкрити для себе нові, нетипові куточки Франції.; Це подорож, де кожен день — це витвір мистецтва: королівська велич Реймса , легендарний Париж із його лавандовими сутінками, готичний Руан , романтичний Кан та морський Сен-Мало , що вдивляється у хвилі Атлантики, містична гора Мон-Сен-Мішель , що ніби ширяє між небом і водою, аристократичні курорти Довіль та Трувіль , винний Ельзас із мальовничими Кольмаром, Рікевіром та Егісхаймом , а на десерт — замки Луари , де відлуння королівських бенкетів досі вирує у повітрі… Це Франція, яка заворожує... А також, крім цих перлин Франції, відвідаємо середньовічні Вроцлав та Ерфурт , музичний Айзенах та захопливу Кутну Гору.; Зверніть увагу! У вартість туру включено 9 екскурсій: Вроцлав, Ерфурт, Париж, Руан, Кан, Гранвіль, Турс, Кольмар, Кутна Гор; У вартість туру також входить проживання у готелях категорії 3* . Сніданки включені у вартість.; З детальною програмою тура можете ознайомитися у розділі "" Програма ""; Враження від туру інших учасників можете переглянути у розділі "" Відгуки "".; Фотографії, відео, відгуки можете подивитися в соцмережах: instagram , facebook , telegram .; Графік виїздів, та інформацію про гарантовані автобусні тури до Франції дивіться в календарі на сайті. Якщо у вас виникли запитання, ви можете проконсультуватися з менеджером: натискайте на кнопку ""відправити запит"". Якщо бажаєте придбати тур, натискайте tour_id=1470 , agent_url=/tour/stylna-frantsiya-mon-sen-mishel-luara-ta-normandiya, type=text, title=""Замовити тур"".",543,583,✅ done,"22.06.2026, 12:05:16"
https://adriatic-travel.com.ua/tour/okean-pochuttiv-portugaliya,«Океан почуттів - Португалія!»,"Вроцлав, Ротенбург-на-Таубері, Гайдельберґ, Берн, Інтерлакен, Нім, Нарбонн, Каркассонн, Лурд, Біарріц, Сен-Жан-де-Люз , Сан-Себастьян, Сантьяго-де-Компостела, Порту, Авейру, Назаре, Обідуш, Фатіма, Баталя, Лісабон, Сінтра, Евора, Мадрид, Толедо, Бордо, Аркашон, Аннесі, Цюрих, Прага",14,"Львів, Перемишль, Ярослав, Тарнув, Краків, Катовіце, Вроцлав, Легніца, Дрезден, Нюрнберг, Ротенбург-на-Таубер, Гайдельберґ","Проїзд автобусом єврокласу; Супровід керівником групи; Проживання по маршруту: готель 3*; Харчування — сніданки; 14 екскурсійних об'єктів: Вроцлав, Ротенбург-на-Таубері, Берн, Нарбонн, Біарріц, Порту, Назаре, Лісабон, Мадрид, прогулянка по Люрду, Бордо, Аннесі, Цюрих та Прага; Страхування","Проїзд в громадському транспорті; Факультативні екскурсії; Вхідні квитки в екскурсійні об'єкти; Особисті витрати (обіди, вечері, та інше); City tax - від 3€ до 7€ за ніч (місцевий податок, оплачується керівнику групи за вимоги готелю); Обов'язкова доплата за оренду радіоприймача з навушниками для екскурсій - 2€/день (оплачується керівнику групи); Послуга ""Місце Priority"" - 20€/особа (Замовляється при бронюванні туру. Обирається місце з 1 по 12); Послуга ""Одномісне розміщення"" - 550€ (доплата до вартості туру); Послуга ""Останній ряд"" - знижка 10€ від вартості туру при виборі місця в останньому ряді автобуса.; Послуга ""Для наречених пар"" - знижка 5% від вартості туру для тих хто нещодавно побрався (забронювати тур не пізніше 30 днів з дати розпису).; Послуга ""Додаткове вільне місце біля себе"" - 75% до вартості туру.; Послуга ""Подарунок на день народження"" . - Даруємо 1 безкоштовну факультативну екскурсію в турі на вибір Туроператора (вартість екскурсії не перевищуватиме 20€. Обрати екскурсію можливо лише з того переліку, який надасть Туроператор вже в турі). - Подарункова екскурсія надається лише у разі, якщо день народження туриста припадає безпосередньо на дати туру.; Послуга ""Організованим групам"" Детальні умови по бронюванню організованих груп дивіться у розділі: організованим групам Увага! Для груп більш як 40 осіб, необхідно писати індивідуальний запит - детальні умови; Послуга ""Сімейна подорож"" - знижки для дітей* (дана послуга не розповсюджується на бронювання туристичних послуг для організованих груп): Детальні умови по знижках на дітей дивіться у розділі: акції",,"Захоплюючий автобусний тур на 14 днів, без нічних переїздів. Ранковий виїзд зі Львова і вечірнє поверенення у Львів (в залежності від проходження кордону).; Маршрут туру: Вроцлав - Ротенберг-на-Таубер - Гайдельберг - Інтерлакен - долина Лаутербруннен - міст Пон-Дю-Гар- Нарбонн - Каркассонн - Люрд - Сан-Себастьян - Біаріцц - Сантьяго-де-Компостела - Порту - Авейру - Обідуш - Фатіма - Алкобаса - Лісабон - Синтра, мис Року та Урса Біч - Евора - Мадрид - Толедо - Бордо - Аркашон - Аннесі - Монблан - Женева - Цюрих - Рейнський водоспад - Прага; Цей маршрут пропонує вам незабутню подорож через мальовничі місця країн Європи. Ви почнете свою подорож з історичного Вроцлава, поринете в атмосферу середньовіччя в Ротенбурзі та Гайдельберзі, насолодитесь красою швейцарських Альп в Інтерлакені та долині Лаутербруннен. Подорожуючи далі, ви побачите величний римський акведук Пон-дю-Гар, зануритеся в історію Нарбонна та Каркассонна, відчуєте духовну атмосферу в Люрді. На вас чекають мальовниче приморське місто Сан-Себастьян і вишуканий Біарріц, місто елегантності та стилю, де аристократичний блиск курортних вілл поєднується з могутньою красою Атлантичного океану, та величний собор Сантьяго-де-Компостела. Відвідавши історичні міста Португалії - Порту, Авейру, Обідуш, Фатіму, Алкобасу та Лісабон, ви вирушите до Іспанії, де вас зачарують Мадрид і Толедо. На зворотньому шляху ви насолодитесь красою міста мистецтва - Бордо, а також романтичного містечка Аннесі, величчю Монблану, мальовничими пейзажами Швейцарії. Ця подорож подарує вам незабутні враження, нові знання та знайомства, а також можливість побачити найрізноманітніші куточки Європи.; Зверніть увагу! У вартість туру включені 14 туристичних локацій : Вроцлав, Ротенбург-на-Таубері, Берн, Нарбонн, прогулянка по Люрду, Біарріц, Порту, Назаре, Лісабон, Мадрид, Бордо, Аннесі, Цюрих та Прага.; У вартість туру також включено проживання у готелях категорії 3* зі сніданками.; Детальніше з програмою туру можете ознайомитися в розділі ""Програма туру"" .; Враження від туру інших учасників можете переглянути в розділі ""Відгуки"" .; Фотографії, відео, відгуки можете подивитися в соцмережах: instagram , facebook , telegram .; Графік виїздів, та інформацію про гарантовані автобусні тури до Португалії дивіться в календарі на сайті. Якщо у вас виникли запитання, ви можете проконсультуватися з менеджером: натискайте на кнопку ""відправити запит"". Якщо бажаєте придбати тур, натискайте tour_id=1480, agent_url=/tour/okean-pochuttiv-portugaliya, type=text, title=""Замовити тур"".",921,969,✅ done,"22.06.2026, 12:05:21"
https://adriatic-travel.com.ua/tour/vikend-v-khorvatiyi-sontse-more-i-termaly,"«Вікенд в Хорватії - сонце, море і термали»","Загреб, о. Крк, Егерсалок, Егер",4,Львів,Проїзд автобусом єврокласу; Супровід керівником групи; Проживання по маршруту: готель 3*; Харчування - сніданки; Оглядова екскурсія по місту Загреб; Страхування,"Проїзд в громадському транспорті; Факультативні екскурсії; Вхідні квитки в екскурсійні об'єкти; Особисті витрати (обіди, вечері, та інше); City tax - 3€/за добу/з особи (місцевий податок, оплачується керівнику групи за вимоги готелю); Обов'язкова доплата за оренду радіоприймача з навушниками для екскурсій - 2€/день (оплачується керівнику групи); Послуга ""Місце Priority"" - 10€/особа (Замовляється при бронюванні туру. Обирається місце з 1 по 12); Послуга ""Одномісне розміщення"" - 70€ (доплата до вартості туру); За умови індивідуального бронювання - діти віком до 13 років включно, НЕ ОПЛАЧУЮТЬ факультативні екскурсії, якщо інше не вказано в програмі туру (Якщо в програмі туру вказана вартість для дітей - то така факультативна екскурсія оплачується по вказаній вартості). Вхідні квитки в екскурсійні об'єкти та послуги трансферу оплачуються на загальних підставах. За умови бронювання туру для організованих груп, турів на випускний - всі учасники групи оплачують стандартну вартість факультативних екскурсій.; Послуга ""Для наречених пар"" - знижка 5% від вартості туру для тих хто нещодавно побрався (забронювати тур не пізніше 30 днів з дати розпису).; Послуга ""Останній ряд"" - знижка 10€ від вартості туру при виборі місця в останньому ряді автобуса.; Послуга ""Додаткове вільне місце біля себе"" - 75% до вартості туру.; Правила проведення екскурсійного туру.; Місця в автобусі розподіляються по черзі, в міру надходження заявок, і вказуються в підтвердженні заявки.; Туроператор лишає за собою право змінювати кількість, порядок і час проведення екскурсій або замінювати їх на рівноцінні.",,"Тур на 4 днів, 2 нічних переїзди. Ранній виїзд зі Львова і вечірнє прибуття до Львова (в залежності від проходження кордону); В турі ми відвідаємо такі міста: Загреб, о. Крк, Егерсалок, Егер.; Подорожуємо по Хорватії та матимемо можливість відвідати: Загреб , Національний парк Плітвицькі озера , поплаваємо в басейнах Водної планети в Terme Tuhelji , острів Крк - це серце Хорватії. Після Хорватії на зворотньому шляху матимете нагоду відвідати термальні купальні Saliris Resort - Spa & Conference Hotel - Egerszalók – Угорське Памуккале, а в Долині красунь можна продегустувати вина і посмакувати гуляшем.; Зверніть увагу! У вартість туру включена 1 екскурсія по місту: Загреб .; У вартість туру також входить проживання у готелі. Сніданки включені у вартість.; З детальною програмою тура можете ознайомитися у розділі "" Програма ""; Враження від туру інших учасників можете переглянути у розділі "" Відгуки "".; Фотографії, відео, відгуки можете подивитися в соцмережах: instagram , facebook , telegram .; Графік виїздів, та інформацію про гарантовані автобусні тури до Хорватії дивіться в календарі на сайті. Якщо у вас виникли запитання, ви можете проконсультуватися з менеджером: натискайте на кнопку ""відправити запит"". Якщо бажаєте придбати тур, натискайте tour_id=1294 , agent_url=/tour/vikend-v-khorvatiyi-sontse-more-i-termaly, type=text, title=""Замовити тур""; Чартерний автобусний рейс до Хорватії; Всі автобусні тури на море в Хорватію; Всі автобусні тури на море; Всі актуальні акції на автобусні тури",154,,✅ done,"22.06.2026, 12:05:24"
https://adriatic-travel.com.ua/tour/adriatychni-prygody-lyublyana-zagreb-plitvitski-ozera-ta-krk,"«Адріатичні пригоди: Любляна, Загреб, Плітвіцькі озера та острів Крк»","Будапешт, Любляна, Загреб, о. Крк",5,"Львів, Стрий, Мукачево, Ужгород",Проїзд автобусом єврокласу; Супровід керівником групи; Проживання по маршруту: готель 3*; Харчування — сніданки; Оглядова екскурсія по містах Любляна та Загреб; Страхування; усі автобусні тури до Хорватії; усі автобусні тури на море в Хорватії; усі автобусні тури; діючі акції на автобусні тури,"Проїзд в громадському транспорті; Факультативні екскурсії; Вхідні квитки в екскурсійні об'єкти; Особисті витрати (обіди, вечері, та інше); City tax - 2-3€/за добу/з особи (місцевий податок, оплачується керівнику групи за вимоги готелю); Обов'язкова доплата за оренду радіоприймача з навушниками для екскурсій - 2€/день (оплачується керівнику групи); Послуга ""Місце Priority"" - 10€/особа (Замовляється при бронюванні туру. Обирається місце з 1 по 12); Послуга ""Одномісне розміщення"" - 160€ (доплата до вартості туру); Послуга ""Останній ряд"" - знижка 10€ від вартості туру при виборі місця в останньому ряді автобуса.; Послуга ""Для наречених пар"" - знижка 5% від вартості туру для тих хто нещодавно побрався (забронювати тур не пізніше 30 днів з дати розпису).; Послуга ""Додаткове вільне місце біля себе"" - 75% до вартості туру.; Послуга ""Подарунок на день народження"" . - Даруємо 1 безкоштовну факультативну екскурсію в турі на вибір Туроператора (вартість екскурсії не перевищуватиме 20€. Обрати екскурсію можливо лише з того переліку, який надасть Туроператор вже в турі). - Подарункова екскурсія надається лише у разі, якщо день народження туриста припадає безпосередньо на дати туру.; Послуга ""Організованим групам"" Детальні умови по бронюванню організованих груп дивіться у розділі: організованим групам Увага! Для груп більш як 40 осіб, необхідно писати індивідуальний запит - детальні умови; Послуга ""Сімейна подорож"" - знижки для дітей* (дана послуга не розповсюджується на бронювання туристичних послуг для організованих груп): Детальні умови по знижках на дітей дивіться у розділі: акції; Правила проведення екскурсійного туру.",,"Тур на 5 днів, без нічних переїздів . Ранній виїзд зі Львова і вечірнє прибуття до Львова (залежно від проходження кордону); Детальний маршрут туру дивіться у розділі "" Маршрут "".; У турі відвідаємо: Словенію ( Любляну ), Хорватію (З агреб, Плітвіцькі озера, острів Крк ).; Любляна зачаровує туристів своєю атмосферою затишку, мальовничими мостами та старовинною архітектурою. Ми прогуляємося вузенькими вуличками старого міста, побачимо знаменитий Люблянський замок та насолодимося краєвидами словенської столиці. У Загребі відкриємо для себе поєднання старовинної архітектури та сучасного ритму міста. Прогуляємося центральними площами, історичними кварталами та відчуємо особливу атмосферу хорватської столиці. Національний парк Плітвіцькі озера — справжня природна перлина Хорватії та об’єкт світової спадщини ЮНЕСКО. Тут на нас чекатимуть неймовірні каскади озер і водоспадів, кришталево чиста вода та захопливі пейзажі. Острів Крк подарує можливість насолодитися Адріатичним морем, мальовничими набережними, середземноморською атмосферою та відпочинком серед красивої природи; Зверніть увагу! У вартості туру 2 екскурсії по містах: Любляна та Загреб; У вартість туру входить проживання в готелях зі сніданками на території ЄС.; З детальною програмою тура можете ознайомитися у розділі "" Програма ""; Враження від туру інших учасників можете переглянути у розділі "" Відгуки "".; Фотографії, відео, відгуки можете подивитися в соцмережах: instagram , facebook , telegram .; Графік виїздів, та інформацію про гарантований автобусний тур до Хорватії дивіться в календарі на сайті. Якщо у вас виникли запитання, ви можете проконсультуватися з менеджером: натискайте на кнопку, ""відправити запит "". Якщо бажаєте придбати тур, натискайте tour_id=1660, agent_url=/tour/nasha-horvatska-vidpustka, type=text, title=""Замовити тур"".",297,319,✅ done,"22.06.2026, 12:05:28"
https://adriatic-travel.com.ua/tour/solodkyy-tyzhden-frantsiya-ta-shveytsariya,«Солодкий тиждень - Франція та Швейцарія!»,"Вроцлав, Дрезден, Майсен, Париж, Руан, Довіль, Трувіль-сюр-Мер, Етрета, Цюрих, Люцерн, Прага",7,"Львів, Перемишль, Жешув, Тарнув, Краків, Катовіце, Вроцлав, Легніца, Дрезден","Проїзд автобусом єврокласу; Супровід керівником групи; Проживання в готелях по маршруту; Харчування — сніданки; Оглядові екскурсії по містах Дрезден, Париж, Цюрих та Прага; Страхування; всі автобусні тури до Швейцарії; всі автобусні тури до Франції; всі автобусні тури; діючі акціі на автобусні тури","Проїзд в громадському транспорті; Факультативні екскурсії; Вхідні квитки в екскурсійні об'єкти; Особисті витрати (обіди, вечері, та інше); City tax - 2€-5€/доба (місцевий податок, оплачується на рецепції за вимоги готелю); Обов'язкова доплата за оренду радіоприймача з навушниками для екскурсій - 2€/день (оплачується керівнику групи); Послуга ""Місце Priority"" - 15€/особа (Замовляється при бронюванні туру. Обирається місце з 5 по 12); Послуга ""Одномісне розміщення"" - 230€ (доплата до вартості туру); Послуга ""Останній ряд"" - знижка 10€ від вартості туру при виборі місця в останньому ряді автобуса.; Послуга ""Для наречених пар"" - знижка 5% від вартості туру для тих хто нещодавно побрався (забронювати тур не пізніше 30 днів з дати розпису).; Послуга ""Додаткове вільне місце біля себе"" - 75% до вартості туру.; Послуга ""Подарунок на день народження"" . - Даруємо 1 безкоштовну факультативну екскурсію в турі на вибір Туроператора (вартість екскурсії не перевищуватиме 20€. Обрати екскурсію можливо лише з того переліку, який надасть Туроператор вже в турі). - Подарункова екскурсія надається лише у разі, якщо день народження туриста припадає безпосередньо на дати туру.; Послуга ""Організованим групам"" Детальні умови по бронюванню організованих груп дивіться у розділі: організованим групам Увага! Для груп більш як 40 осіб, необхідно писати індивідуальний запит - детальні умови; Послуга ""Сімейна подорож"" - знижки для дітей* (дана послуга не розповсюджується на бронювання туристичних послуг для організованих груп): Детальні умови по знижках на дітей дивіться у розділі: акції; Правила проведення екскурсійного туру.",,"Автобусний тур на 7 днів, без нічних переїздів. Ранній виїзд зі Льовова і нічне прибуття у Львів (в залежності від проходження кордону).; В турі відвідаємо такі міста: Краків, Дрезден, Майсен, Париж, Люцерн, Цюрих, Прага.; Тур на тиждень, в якому відвідаємо чудові й цікаві місця. Вроцлав - мальовниче польське місто з надзвичайною атмосферою, розташоване на островах, де зустрічаються чудові готичні будівлі, красиві фонтани та веселі символи міста - гноми. Німецьке місто Дрезден , відоме своєю величезною культурною спадщиною, прекрасними музеями та захоплюючими архітектурними шедеврами. Париж - місто кохання та мистецтва, яке зваблює своїми романтичними кварталами, особливою атмосферою та мільйонами вечірніх вогнів. Люцерн - чарівне місто, що лежить біля однойменного озера та оточене горами, де ви зможете побачити чи ненайзахопливіші альпійські краєвиди. Цюрих - динамічний швейцарський мегаполіс зі сучасною архітектурою, багатими мистецтвом та культурою, ідеальне для побачення та відпочинку. Рейнський водоспад - захоплююче природне диво, що хдивує вас своєю могутністю та красою, коли вода танцює на схилах гір. Прага – містична та загадкова столиця Чехії зі своєю неповторною атмосферою, мальовничими вузькими вуличками та чудовими кафе, яке зарядить вас своїм чарівним колоритом .; Зверніть увагу! У вартість туру входять 5 екскурсій: Дрезден, Париж, Цюрих та Прага, а також музей Fragonard; Детальну програму тура дивіться у розділі "" Програма тура "".; Враження від подорожі інших учасників туру можете переглянути у розділі "" Відгуки ""; Фотографії, відео, відгуки можете подивитися в соцмережах: instagram , facebook , telegram .; Графік виїздів, та інформацію про гарантовані автобусні тури до Швейцарії та Франції дивіться в календарі на сайті. Якщо у вас виникли запитання, ви можете проконсультуватися з менеджером: натискайте на кнопку ""залишити запит "". Для бронювання туру натискайте на кнопку tour_id=1473 , agent_url=/tour/solodkyy-tyzhden-frantsiya-ta-shveytsariya, type=text, title=""Замовити тур"".",433,465,✅ done,"22.06.2026, 12:05:34"
https://adriatic-travel.com.ua/tour/paryzh-zapalyue-sertsya-myunhen-drezden-praga-ta-disneylend,"«Париж, запалює серця! Діснейленд, Дрезден, Зальцбург та Зальцкаммергут (Гальштат)»","Вроцлав, Дрезден, Париж, Страсбург, Руан, Довіль, Трувіль-сюр-Мер, Онфлер, Зальцбург, Зальцкаммергут, Відень",6,"Львів, Перемишль, Жешув, Тарнув, Краків, Катовіце, Вроцлав, Легніца, Дрезден","Проїзд автобусом єврокласу; Супровід керівником групи; Проживання по маршруту: готель зі сніданками; Харчування - сніданки; Оглядові екскурсії по: Дрезден, Париж, фабрика парфумерії Фрагонар та Зальцбург; Страхування","Проїзд в громадському транспорті; Факультативні екскурсії; Вхідні квитки в екскурсійні об'єкти; Особисті витрати (обіди, вечері, та інше); City tax - від 2€ до 6€ за ніч в готелі (місцевий податок, оплачується керівнику групи за вимоги готелю); Обов'язкова доплата за оренду радіоприймача з навушниками для екскурсій - 2€/день (оплачується керівнику групи); Послуга ""Місце Priority"" - 15€/особа (Замовляється при бронюванні туру. Обирається місце з 5 по 12); Послуга ""Одномісне розміщення"" - 100€ (доплата до вартості туру); За умови індивідуального бронювання - діти віком до 13 років включно, НЕ ОПЛАЧУЮТЬ факультативні екскурсії, якщо інше не вказано в програмі туру (Якщо в програмі туру вказана вартість для дітей - то така факультативна екскурсія оплачується по вказаній вартості). Вхідні квитки в екскурсійні об'єкти та послуги трансферу оплачуються на загальних підставах. За умови бронювання туру для організованих груп, турів на випускний - всі учасники групи оплачують стандартну вартість факультативних екскурсій.; Послуга ""Останній ряд"" - знижка 10€ від вартості туру при виборі місця в останньому ряді автобуса.; Послуга ""Для наречених пар"" - знижка 5% від вартості туру для тих хто нещодавно побрався (забронювати тур не пізніше 30 днів з дати розпису).; Послуга ""Додаткове вільне місце біля себе"" - 75% до вартості туру.",,"Автобусний тур на 6 днів, з 2 нічними переїздами. Ранковий виїзд зі Львова і нічне повернення до Львова (в залежності від проходження кордону); В турі відвідаємо: Вроцлав (Польща), Дрезден (Німеччина), Париж, Страсбург, Руан, Зальцбург, Відень (Австрія); Цей маршрут - справжня колекція європейських контрастів: від готичної величі Дрездена до океанського узбережжя Нормандії. Ви розпочнете подорож із Вроцлава, міста сотні мостів, та Дрездена, де вас вразить готичний архітектурний ансамбль. Попереду на вас чекає Париж із його вечірніми вогнями Ейфелевої вежі та неперевершене мереживо Руанського собору, що назавжди закарбувалося на полотнах Моне. Особливість туру - унікальна атмосфера «французького вікенду» на березі Атлантики. На зворотному шляху на вас чекають казкові фахверкові будиночки Страсбурга, що нагадують ілюстрації до казок, музична витонченість Зальцбурга - батьківщини Моцарта, та імперський блиск Відня. Це саме та подорож, що дозволить побачити всю красу Європи в одному ідеальному моменті, який залишиться з вами назавжди.; Зверніть увагу! У вартість туру входить 4 екскурсій по містах: Дрезден, Париж, фабрика парфумерії Фрагонар та Зальцбург .; У вартості туру проживання в готелях зі сніданками на території Європи.; Детальну програму тура дивіться у розділі "" Програма тура "".; Враження від туру інших учасників можете переглянути у розділі "" Відгуки "".; Графік виїздів, та інформацію про гарантовані автобусні тури по Європ і дивіться в календарі на сайті. Якщо у вас виникли запитання, ви можете проконсультуватися з менеджером: натискайте на кнопку ""відправити запит"". Якщо бажаєте придбати тур, натискайте tour_id=1488 , agent_url=/tour/paryzh-zapalyue-sertsya-myunhen-drezden-praga-ta-disneylend, type=text, title=""Замовити тур""",281,302,✅ done,"22.06.2026, 12:05:41"
https://adriatic-travel.com.ua/tour/chudesa-shveytsarii-grindelvald-brients-tsyuryh-lyutsern-verzask,"«Чудеса Швейцарії: Гріндельвальд, Бріенц, Цюрих, Люцерн, Верзаска та Лугано»","Краків, Мюнхен, Люцерн, Ґріндельвальд, Брієнц, Цюрих, Брно",6,"Львів, Перемишль, Ярослав, Тарнув, Краків, Катовіце, Острава, Оломоуц, Брно, Чеське Будейовіце, Чеський Крумлов","Проїзд автобусом єврокласу; Супровід керівником групи; Проживання по маршруту: готель 3*; Харчування - сніданки; Оглядові екскурсії по містах Мюнхен, Люцерн, озеро Комо, Цюрих та Брно; Страхування","Проїзд в громадському транспорті; Факультативні екскурсії; Вхідні квитки в екскурсійні об'єкти; Особисті витрати (обіди, вечері, та інше); City tax - 2€-5€/доба (місцевий податок, оплачується на рецепції за вимоги готелю); Обов'язкова доплата за оренду радіоприймача з навушниками для екскурсій - 2€/день (оплачується керівнику групи); Послуга ""Місце Priority"" - 10€/особа (Замовляється при бронюванні туру. Обирається місце з 5 по 12); Послуга ""Одномісне розміщення"" - 180€ (доплата до вартості туру); За умови індивідуального бронювання - діти віком до 13 років включно, НЕ ОПЛАЧУЮТЬ факультативні екскурсії, якщо інше не вказано в програмі туру (Якщо в програмі туру вказана вартість для дітей - то така факультативна екскурсія оплачується по вказаній вартості). Вхідні квитки в екскурсійні об'єкти та послуги трансферу оплачуються на загальних підставах. За умови бронювання туру для організованих груп, турів на випускний - всі учасники групи оплачують стандартну вартість факультативних екскурсій.; Послуга ""Останній ряд"" - знижка 10€ від вартості туру при виборі місця в останньому ряді автобуса.; Послуга ""Для наречених пар"" - знижка 5% від вартості туру для тих хто нещодавно побрався (забронювати тур не пізніше 30 днів з дати розпису).; Послуга ""Додаткове вільне місце біля себе"" - 75% до вартості туру.; Послуга ""Подарунок на день народження"" . - Даруємо 1 безкоштовну факультативну екскурсію в турі на вибір Туроператора (вартість екскурсії не перевищуватиме 20€. Обрати екскурсію можливо лише з того переліку, який надасть Туроператор вже в турі). - Подарункова екскурсія надається лише у разі, якщо день народження туриста припадає безпосередньо на дати туру.",,"Автобусний тур на 6 днів, без нічних переїздів . Ранковий виїзд зі Львова, нічне повернення у Львів (залежно від проходження кордону).; Відвідаємо такі міста Європи: Краків, Мюнхен, Люцерн, Бріенц, Цюрих, озеро Комо, Лугано, Брно.; Цей тур подарує вам неймовірні враження від відвідин таких чарівних міст, як Краків з його середньовічною архітектурою, Мюнхен з його пивними садами та музеями, Люцерн , що зачаровує своїми альпійськими пейзажами, та Цюрих – фінансовий центр Швейцарії. Ми також відвідаємо мальовничі озера Комо та Бріенц , де зможемо насолодитися спокоєм та красою природи. А завершимо нашу подорож у столиці Моравії – Брно . Це унікальна можливість поєднати пізнавальні екскурсії, відпочинок на природі та дегустацію місцевої кухні.; Зверніть увагу! У вартості туру входить 5 екскурсій по містах: Мюнхен, Люцерн, озеро Комо, Цюрих та Брно; У вартість туру включено проживання в готелі категорії зі сніданками.; З детальною програмою туру ви можете ознайомитися в розділі "" Програма туру "".; Враження від подорожі інших учасників тура дивіться в розділі "" Відгуки ""; Є запитання? - пишіть нам в соцмережі: instagram , telegram , facebook; Графік виїздів, та інформацію про гарантовані автобусні тури до Швейцарії дивіться в календарі на сайті. Якщо у вас виникли запитання, ви можете проконсультуватися з менеджером: натискайте на кнопку ""відправити запит"". Якщо бажаєте придбати тур, натискайте tour_id=1345, agent_url=/tour/chudesa-shveytsarii-grindelvald-brients-tsyuryh-lyutsern-verzask, type=text, title=""Замовити тур""; всі автобусні тури до Швейцарії; всі автобусні тури; діючі акції на автобусні тури",354,380,✅ done,"22.06.2026, 12:05:46"
https://adriatic-travel.com.ua/tour/kohannya-v-loret-de-mar-5-nochey-na-mori,«Кохання в Льорет-де-Мар (5 ночей на морі)»,"Вроцлав, Нюрнберг, Ротенбург-на-Таубері, Бамберг, Берн, Інтерлакен, Авіньйон, Льорет-де-Мар(5 ночей), Барселона, Кадакес, Андорра, Фігерас, Тосса-де-Мар, Ніцца, Монако, Мілан, Венеція",5,Львів,"Проїзд автобусом єврокласу; Супровід керівником групи; Проживання по маршруту: 3-4*. Базовий готель в Іспанії Lloret Vibe Affiliated by FERGUS (ex BPM Lloret Hote l) (Льорет-де-Мар) або іншому тієї ж категорії на курорті Коста — Брава, харчування HB; Харчування — сніданки. В Іспанії сніданки та вечері; Оглядові екскурсії по містах: Нюрнберг, Берн, Ніцца, Мілан та Венеція; Страхування; в сі автобусні тури до Іспанії; всі автобусні тури на море до Іспанії; всі автобусні тури; 1 дорослий + 1 дитина (до 13 років включно) — знижка 10% на дитину від повної вартості туру; 1 дорослий + 2 дитини (до 13 років включно) — знижка 5% на кожну дитину повної від вартості туру; 2 дорослих + 1 дитина (до 13 років включно) — знижка 10% на дитину від повної вартості туру; 2 дорослих + 2 дитини (до 13 років включно) — знижка 10% на дитину від вартості туру","Проїзд в громадському транспорті; Факультативні екскурсії; Вхідні квитки в екскурсійні об'єкти; Особисті витрати (обіди, вечері, та інше); City tax - 2-3€/доба/особи (місцевий податок, оплачується керівнику групи за вимоги готелю); Обов'язкова доплата за оренду радіоприймача з навушниками для екскурсій - 2€/день (оплачується керівнику групи); Послуга ""Місце Priority"" - 20€/особа (Замовляється при бронюванні туру. Обирається місце з 1 по 12); Послуга ""Одномісне розміщення"" - під запит; Послуга ""Останній ряд"" - знижка 10€ від вартості туру при виборі місця в останньому ряді автобуса.; Послуга ""Для наречених пар"" - знижка 5% від вартості туру для тих хто нещодавно побрався (забронювати тур не пізніше 30 днів з дати розпису).; Послуга ""Додаткове вільне місце біля себе"" - 75% до вартості туру.; Послуга ""Подарунок на день народження"" . - Даруємо 1 безкоштовну факультативну екскурсію в турі на вибір Туроператора (вартість екскурсії не перевищуватиме 20€. Обрати екскурсію можливо лише з того переліку, який надасть Туроператор вже в турі). - Подарункова екскурсія надається лише у разі, якщо день народження туриста припадає безпосередньо на дати туру.; Послуга ""Організованим групам"" Детальні умови по бронюванню організованих груп дивіться у розділі: організованим групам Увага! Для груп більш як 40 осіб, необхідно писати індивідуальний запит - детальні умови; Послуга ""Сімейна подорож"" - знижки для дітей* (дана послуга не розповсюджується на бронювання туристичних послуг для організованих груп): Детальні умови по знижках на дітей дивіться у розділі: акції; Послуга ""Для наречених пар"" - знижка 5% від вартості туру для тих хто нещодавно побрався (забронювати тур не пізніше 30 днів з дати розпису).; Послуга ""Останній ряд"" - знижка 10€ від вартості туру при виборі місця в останньому ряді автобуса.",,"Автобусний тур на 12 днів, без нічних переїздів , 6 днів / 5 ночей відпочинку на морі. Ранковий виїзд зі Львова і нічне прибуття у Львів (залежно від проходження кордону).; В турі ми відвідаємо такі міста: відпочинок на курорті Льорет-де-Мар (5 ночей), та екскурсійна програма: Кркаів, Нюрнберг, Бамберг, Берн, Інтерлакент , Барселона, Ніца Монако, Канни, Андорра, Фігерас, Мілан, Комо Венеція. Детальний маршрут тура дивіться в розділі "" Маршрут "".; В турі передбачений відпочинок на морському курорті Льорет-де-Мар (5 ночей). Окрім відпочинку є можливість відвідати факультативні екскурсії, які можна замовити у гіда безпосередньо в турі. Зверніть увагу! Виїзд з курорту відбувається після виселення з готелю. Європейські правила поселення/виселення з готелю: - заселення в готель після 14:00 - виселення з готелю о 10:00; 5 екскурсій по містах у вартості : Нюрнберг, Берн, Ніцца, Мілан та Венеція; У вартості туру проживання в готелі на морському курорті зі сніданками та вечерями (в Іспанії).; Детальну програму тура дивіться у розділі "" Програма тура "".; Враження від подорожі інших учасників туру можете переглянути у розділі "" Відгуки "".; Графік виїздів, та інформацію про гарантований автобусний тур на море в Іспанію дивіться в календарі на сайті. Якщо у вас виникли запитання, ви можете проконсультуватися з менеджером: натискайте на кнопку, ""відправити запит "". Якщо бажаєте придбати тур, натискайте tour_id=1623 , agent_url=/kohannya-v-loret-de-mar-5-nochey-na-mori, type=text, title=""Замовити тур"".",809,,✅ done,"22.06.2026, 12:05:50"
https://adriatic-travel.com.ua/tour/pivdenna-krasunya-krasunya-ispaniya,"«Південна красуня, красуня Іспанія»","Будапешт, Ліньяно-Сабб'ядоро, Трієст, Ніцца, Монако, Канни, Льорет-де-Мар(4 ночі), Андорра, Фігерас, Барселона, Лідо-ді-Езоло, Венеція",10,"Львів, Стрий, Мукачево, Ужгород, Будапешт",Проїзд автобусом єврокласу; Супровід керівником групи; Проживання. Базовий готель в Іспанії Lloret Vibe Affiliated by FERGUS (ex BPM Lloret Hote l) (Льорет-де-Мар) або іншому категорії 3-4* на курорті Коста Брава Харчування - сніданки . В Іспанії сніданки та вечері; Оглядова екскурсія по Ніцці; Страхування (Поліс доступний для звантаження в особистому кабінеті. Просимо видавати туристам перед виїздом!); При бронюванні туру на дітей до 13.99 років діє знижка:; 1 дорослий + 1 дитина (до 13.99 років) — на дитину надається знижка 10% від вартості туру; 1 дорослий + 2 дитини (до 13.99 років) — на кожну дитину надається знижка 5% від вартості туру; 2 дорослих + 1 дитина (до 13.99 років) — на дитину надається знижка 10% від вартості туру; 2 дорослих + 2 дитини (до 13.99 років) — на кожну дитину надається знижка 10% від вартості туру,"Проїзд в громадському транспорті; Факультативні екскурсії; Вхідні квитки в екскурсійні об'єкти; Особисті витрати (обіди, вечері, та інше); City tax - від 3€/доба/особи (місцевий податок, оплачується керівнику групи за вимоги готелю); Обов'язкова доплата за оренду радіоприймача з навушниками для екскурсій - 2€/день (оплачується керівнику групи); Послуга ""Місце Priority"" - 15€/особа (Замовляється при бронюванні туру. Обирається місце з 1 по 12); Послуга ""Одномісне розміщення"" - 235€ (доплата до вартості туру); За умови індивідуального бронювання - діти віком до 13 років включно, НЕ ОПЛАЧУЮТЬ факультативні екскурсії, якщо інше не вказано в програмі туру (Якщо в програмі туру вказана вартість для дітей - то така факультативна екскурсія оплачується по вказаній вартості). Вхідні квитки в екскурсійні об'єкти та послуги трансферу оплачуються на загальних підставах. За умови бронювання туру для організованих груп, турів на випускний - всі учасники групи оплачують стандартну вартість факультативних екскурсій.; Послуга ""Останній ряд"" - знижка 10€ від вартості туру при виборі місця в останньому ряді автобуса.; Послуга ""Для наречених пар"" - знижка 5% від вартості туру для тих хто нещодавно побрався (забронювати тур не пізніше 30 днів з дати розпису).; Послуга ""Додаткове вільне місце біля себе"" - 75% до вартості туру.",,"Автобусний тур на 10 днів з 2 нічними переїздами, 5 днів / 4 ночі відпочинку на морі. Ранковий виїзд зі Львова і нічне прибуття у Львів (в залежності від проходження кордону).; В турі ми відвідаємо такі міста: відпочинок на курорті Коста Брава (Льорет-де-Мар або інші) (4 ночі), та екскурсійна програма: Будапешт, Ліньяно-Сабб'ядоро, Трієст, Ніцца, Монако, Канни, Андорра, Фігерас, Барселона, Лидо-ди-Езоло, Венеція. Детальний маршрут тура дивіться в розділі "" Маршрут "".; Зверніть увагу! Виїзд з курорту відбувається після виселення з готелю. Європейські правила поселення/виселення з готелю: - заселення в готель після 14:00 - виселення з готелю о 10:00; Одна екскурсія у вартості : по Ніцці; У вартості туру проживання в готелі зі сніданками та вечерями (в Іспанії).; Детальну програму тура дивіться у розділі "" Програма тура "".; Враження від подорожі інших учасників туру можете переглянути у розділі "" Відгуки "".; Графік виїздів, та інформацію про гарантовані автобусні тури з відпочинком на морі в Іспанії дивіться в календарі на сайті. Якщо у вас виникли запитання, ви можете проконсультуватися з менеджером: натискайте на кнопку ""замовити тур"", ""залишити запит на тур"".; Всі автобусні тури на море в Іспанію; Всі автобусні тури на море; Всі актуальні акції на автобусні тури",594,,✅ done,"22.06.2026, 12:05:54"
https://adriatic-travel.com.ua/tour/idealne-lito-v-ispanii-5-nochey-na-mori#about_tour,«Ідеальне літо в Іспанії (5 ночей на морі)»,"Будапешт, Ліньяно-Сабб'ядоро, Трієст, Ніцца, Монако, Канни, Льорет-де-Мар(4 ночі), Андорра, Фігерас, Барселона, Лідо-ді-Езоло, Венеція",5,Львів,Проїзд автобусом єврокласу; Супровід керівником групи; Проживання по маршруту в готелі Lloret Vibe Affiliated by FERGUS (ex BPM Lloret Hote l) (Льорет-де-Мар) або іншому категорії 3-4* на курорті Коста Брава Харчування — сніданки. В Іспанії сніданки та вечері; Оглядова екскурсія по Ніцці; Страхування; При бронюванні туру на дітей до 13.99 років діє знижка:; 1 дорослий + 1 дитина (до 13.99 років) — на дитину надається знижка 10% від вартості туру; 1 дорослий + 2 дитини (до 13.99 років) — на кожну дитину надається знижка 5% від вартості туру; 2 дорослих + 1 дитина (до 13.99 років) — на дитину надається знижка 10% від вартості туру; 2 дорослих + 2 дитини (до 13.99 років) — на кожну дитину надається знижка 10% від вартості туру,"Проїзд в громадському транспорті; Факультативні екскурсії; Вхідні квитки в екскурсійні об'єкти; Особисті витрати (обіди, вечері, та інше); City tax - від 3€/доба/особи (місцевий податок, оплачується керівнику групи за вимоги готелю); Обов'язкова доплата за оренду радіоприймача з навушниками для екскурсій - 2€/день (оплачується керівнику групи); Послуга ""Місце Priority"" - 15€/особа (Замовляється при бронюванні туру. Обирається місце з 1 по 12); Послуга ""Одномісне розміщення"" - 275€ (доплата до вартості туру); За умови індивідуального бронювання - діти віком до 13 років включно, НЕ ОПЛАЧУЮТЬ факультативні екскурсії, якщо інше не вказано в програмі туру (Якщо в програмі туру вказана вартість для дітей - то така факультативна екскурсія оплачується по вказаній вартості). Вхідні квитки в екскурсійні об'єкти та послуги трансферу оплачуються на загальних підставах. За умови бронювання туру для організованих груп, турів на випускний - всі учасники групи оплачують стандартну вартість факультативних екскурсій.; Послуга ""Останній ряд"" - знижка 10€ від вартості туру при виборі місця в останньому ряді автобуса.; Послуга ""Для наречених пар"" - знижка 5% від вартості туру для тих хто нещодавно побрався (забронювати тур не пізніше 30 днів з дати розпису).; Послуга ""Додаткове вільне місце біля себе"" - 75% до вартості туру.; Послуга ""Подарунок на день народження"" . - Даруємо 1 безкоштовну факультативну екскурсію в турі на вибір Туроператора (вартість екскурсії не перевищуватиме 20€. Обрати екскурсію можливо лише з того переліку, який надасть Туроператор вже в турі). - Подарункова екскурсія надається лише у разі, якщо день народження туриста припадає безпосередньо на дати туру.",,"Автобусний тур на 11 днів з 2 нічними переїздами, 6 днів / 5 ночі відпочинку на морі. Ранковий виїзд зі Львова і нічне прибуття у Львів (в залежності від проходження кордону).; В турі ми відвідаємо: відпочинок на курорті Коста Брава (Льорет-де-Мар або інші) (4 ночі), та екскурсійна програма: Будапешт, Ліньяно-Сабб'ядоро, Трієст, Ніцца, Монако, Канни, Андорра, Фігерас, Барселона, Лидо-ди-Езоло, Венеція. Детальний маршрут тура дивіться в розділі "" Маршрут "".; Зверніть увагу! Виїзд з курорту відбувається після виселення з готелю. Європейські правила поселення/виселення з готелю: - заселення в готель після 14:00 - виселення з готелю о 10:00; Зверніть увагу! Одна екскурсія у вартості : Ніцца; У вартості туру проживання в готелі зі сніданками та вечерями (в Іспанії).; Детальну програму тура дивіться у розділі "" Програма тура "".; Враження від подорожі інших учасників туру можете переглянути у розділі "" Відгуки "".; Фотографії, відео, відгуки можете подивитися в соцмережах: instagram , facebook , telegram .; Графік виїздів, та інформацію про гарантовані автобусні тури з відпочинком на морі в Іспанії дивіться в календарі на сайті. Якщо у вас виникли запитання, ви можете проконсультуватися з менеджером: натискайте на кнопку ""відправити запит"". Якщо бажаєте придбати тур, натискайте tour_id=1632 , agent_url=/tour/idealne-lito-v-ispanii-5-nochey-na-mori, type=text, title=""Замовити тур"".; Всі автобусні тури на море в Іспанію; Всі автобусні тури на море; Всі актуальні акції на автобусні тури",644,,✅ done,"22.06.2026, 12:05:58"
https://adriatic-travel.com.ua/tour/bazhannya-dam-amsterdam-3-dni-v-amsterdami-park-kekenhof,«Бажання дам - Амстердам! 3 дні в Амстердамі + парк Кекенхоф»,"Тарнув, Ерфурт, Айзенах, Амстердам, Зансе-Сханс, Делфт, Гаага, Роттердам, Гітгорн, Вроцлав",6,"Львів, Перемишль, Ярослав, Тарнув, Краків, Катовіце, Вроцлав, Легніца","Проїзд автобусом єврокласу; Супровід керівником групи; Проживання по маршруту: готель 3*; Харчування — сніданки; Оглядові екскурсії (4): Тарнуві, Ерфурті, Амстердамі та Вроцлаві; Страхування","Проїзд в громадському транспорті; Факультативні екскурсії; Вхідні квитки в екскурсійні об'єкти; Особисті витрати (обіди, вечері, та інше); City tax - від 3€ до 7€ (місцевий податок, оплачується керівнику групи за вимоги готелю); Обов'язкова доплата за оренду радіоприймача з навушниками для екскурсій - 2€/день (оплачується керівнику групи); Послуга ""Місце Priority"" - 15€/особа (Замовляється при бронюванні туру. Обирається місце з 5 по 12); Послуга ""Одномісне розміщення"" - 210€ (доплата до вартості туру); Послуга ""Останній ряд"" - знижка 10€ від вартості туру при виборі місця в останньому ряді автобуса.; Послуга ""Для наречених пар"" - знижка 5% від вартості туру для тих хто нещодавно побрався (забронювати тур не пізніше 30 днів з дати розпису).; Послуга ""Додаткове вільне місце біля себе"" - 75% до вартості туру.; Послуга ""Подарунок на день народження"" . - Даруємо 1 безкоштовну факультативну екскурсію в турі на вибір Туроператора (вартість екскурсії не перевищуватиме 20€. Обрати екскурсію можливо лише з того переліку, який надасть Туроператор вже в турі). - Подарункова екскурсія надається лише у разі, якщо день народження туриста припадає безпосередньо на дати туру.; Послуга ""Організованим групам"" Детальні умови по бронюванню організованих груп дивіться у розділі: організованим групам Увага! Для груп більш як 40 осіб, необхідно писати індивідуальний запит - детальні умови; Послуга ""Сімейна подорож"" - знижки для дітей* (дана послуга не розповсюджується на бронювання туристичних послуг для організованих груп): Детальні умови по знижках на дітей дивіться у розділі: акції",,"Автобусний тур на 6 днів з 1 нічним переїздом. Ранковий виїзд зі Львова і нічне поверенення у Львів (в залежності від проходження кордону).; Розпочнемо нашу мандрівку з колоритного Тарнува , міста, що зберігає дух старовини та традицій. Далі на нас чекає "" Саксонська Швейцарія"" – мальовничий куточок природи з величними скелями та захоплюючими краєвидами неподалік Дрездена. Ерфурт та Айзенах відкриють для вас сторінки історії, де ви зможете побачити середньовічні замки та відчути атмосферу минулих епох. Амстердам , місто свободи та квітів, запросить вас на прогулянку каналами та відвідування музеїв. Заансе Сханс здивує вас своїми вітряками та традиційними будиночками, а Волендам познайомить з життям рибальського селища. Делфт та Гаага розкриють перед вами історію та сучасність Нідерландів, а Роттердам вразить своєю сучасною архітектурою. Казковий Гітхорн , ""Північна Венеція"", зачарує тишею каналів та красою природи. Лейден , місто університетів та музеїв, додасть інтелектуальну нотку нашій подорожі. На завершення нас зустріне Вроцлав , перлина Польщі, з її багатою історією та архітектурними пам'ятками.; В період цвітіння тюльпанів відвідуємо парк Кейкенхоф у Нідерландах.",356,374,✅ done,"22.06.2026, 12:06:02"
https://adriatic-travel.com.ua/tour/alpiyski-chary-avstriya-shveytsariya-ta-italiya,"«Альпійські чари: Швейцарія, Австрія та Доломітові Альпи»","Краків, Зальцбург, Зальцкаммергут, Вадуц, Цюрих, Люцерн, Мілан, Верона, Інсбрук, Відень",6,"Львів, Перемишль, Ярослав, Тарнув, Краків, Катовіце, Острава, Оломоуц, Брно, район Відня, район Лінца, Зальцбург","Проїзд автобусом єврокласу; Супровід керівником групи; Проживання в готелях по маршруту; Харчування — сніданки; Екскурсійні об'єкти: Зальцбург, Цюрих, Мілан та Інсбрук; Страхування; всі автобусні тури до Швейцарії; всі автобусні тури; діючі акціі на автобусні тури","Проїзд в громадському транспорті; Факультативні екскурсії; Вхідні квитки в екскурсійні об'єкти; Особисті витрати (обіди, вечері, та інше); City tax - 2€-5€/доба (місцевий податок, оплачується на рецепції за вимоги готелю); Обов'язкова доплата за оренду радіоприймача з навушниками для екскурсій - 2€/день (оплачується керівнику групи); Послуга ""Місце Priority"" - 10€/особа (Замовляється при бронюванні туру. Обирається місце з 5 по 12); Послуга ""Одномісне розміщення"" - 180€ (доплата до вартості туру); За умови індивідуального бронювання - діти віком до 13 років включно, НЕ ОПЛАЧУЮТЬ факультативні екскурсії, якщо інше не вказано в програмі туру (Якщо в програмі туру вказана вартість для дітей - то така факультативна екскурсія оплачується по вказаній вартості). Вхідні квитки в екскурсійні об'єкти та послуги трансферу оплачуються на загальних підставах. За умови бронювання туру для організованих груп, турів на випускний - всі учасники групи оплачують стандартну вартість факультативних екскурсій.; Послуга ""Останній ряд"" - знижка 10€ від вартості туру при виборі місця в останньому ряді автобуса.; Послуга ""Для наречених пар"" - знижка 5% від вартості туру для тих хто нещодавно побрався (забронювати тур не пізніше 30 днів з дати розпису).; Послуга ""Додаткове вільне місце біля себе"" - 75% до вартості туру.; Послуга ""Подарунок на день народження"" . - Даруємо 1 безкоштовну факультативну екскурсію в турі на вибір Туроператора (вартість екскурсії не перевищуватиме 20€. Обрати екскурсію можливо лише з того переліку, який надасть Туроператор вже в турі). - Подарункова екскурсія надається лише у разі, якщо день народження туриста припадає безпосередньо на дати туру.",,"Автобусний тур на 6 днів, без нічних переїздів . Ранковий виїзд зі Львова і вечірнє повернення у Львів (залежно від проходження кордону).; Завітаємо в Краків - чарівне місто, напрочуд ошатний він подарує справжню насолоду від споглядання неперевершених пам'яток архітектури та захоплюючих пейзажів міста. Побачимо Зальцбург - музичну столицю Австрії, де народився і надихався Моцарт, оточене Альпами і неймовірними пейзажами. Зальцкаммергут — чарівний озерний край, що заряджає вас енергією гірських озер, чистотою і багатством природи із затишними містечками та селами. Познайомимось з затишними та надзвичайно мальовничими швейцарськими містами - Люцерном та Цюрихом . В Швейцарії на нас також очікуює справжнє диво природи - Рейнський водоспад. На завершення знайомства зі Швейцарією захопимось мальовничим Лугано . І надалі на нас чекатиме стильний Мілан - італійська столиця моди, де вас окрім шопінгу чекають шедеври архітектури, відома опера Ла Скала та смачна італійська кухня. Верона - місто кохання, де можна побачити легендарні місця з твору Вільяма Шекспіра ""Ромео і Джульєтта"", а також насолодитися чудовими площами та ресторанами.; Зверніть увагу! У вартість туру включено 4 екскурсійні об'єкти : Зальцбург, Цюрих, Мілан, Інсбрук .; У вартість туру також входить проживання у готелях . Сніданки включені у вартість.; З детальною програмою тура можете ознайомитися у розділі "" Програма ""; Враження від туру інших учасників можете переглянути у розділі "" Відгуки "".; Фотографії, відео, відгуки можете подивитися в соцмережах: instagram , facebook , telegram .; Графік виїздів, та інформацію про гарантовані автобусні тури до Швейцарії, Італії дивіться в календарі на сайті. Якщо у вас виникли запитання, ви можете проконсультуватися з менеджером: натискайте на кнопку ""відправити запит"". Якщо бажаєте придбати тур, натискайте tour_id=1472, agent_url=/tour/alpiyski-chary-avstriya-shveytsariya-ta-italiya, type=text, title=""Замовити тур""",381,409,✅ done,"22.06.2026, 12:06:05"
https://adriatic-travel.com.ua/tour/yakshcho-na-zemli-ye-ray-to-tse-shveytsariya,"«Якщо на землі є рай, то це Швейцарія!»","Краків, Зальцбург, Зальцкаммергут, Цюрих, Люцерн, Мюнхен, Брно, Бохня",5,"Львів, Перемишль, Ярослав, Тарнув, Краків, Катовіце, Острава, Оломоуц, Брно, район Відня, район Лінца, Зальцбург","Проїзд автобусом єврокласу; Супровід керівником групи; Проживання по маршруту: готель 3*; Харчування - сніданки; Оглядові екскурсії по Кракову, Зальцбургу, Мюнхену та Цюриху; Страхування","Проїзд в громадському транспорті; Факультативні екскурсії; Вхідні квитки в екскурсійні об'єкти; Особисті витрати (обіди, вечері, та інше); City tax - від 2€ до 5€ за ніч в готелі (місцевий податок, оплачується керівнику групи за вимоги готелю); Обов'язкова доплата за оренду радіоприймача з навушниками для екскурсій - 2€/день (оплачується керівнику групи); Послуга ""Місце Priority"" - 10€/особа (Замовляється при бронюванні туру. Обирається місце з 5 по 12); Послуга ""Одномісне розміщення"" - 120€ (доплата до вартості туру); За умови індивідуального бронювання - діти віком до 13 років включно, НЕ ОПЛАЧУЮТЬ факультативні екскурсії, якщо інше не вказано в програмі туру (Якщо в програмі туру вказана вартість для дітей - то така факультативна екскурсія оплачується по вказаній вартості). Вхідні квитки в екскурсійні об'єкти та послуги трансферу оплачуються на загальних підставах. За умови бронювання туру для організованих груп, турів на випускний - всі учасники групи оплачують стандартну вартість факультативних екскурсій.; Послуга ""Останній ряд"" - знижка 10€ від вартості туру при виборі місця в останньому ряді автобуса.; Послуга ""Для наречених пар"" - знижка 5% від вартості туру для тих хто нещодавно побрався (забронювати тур не пізніше 30 днів з дати розпису).; Послуга ""Додаткове вільне місце біля себе"" - 75% до вартості туру.; Послуга ""Подарунок на день народження"" . - Даруємо 1 безкоштовну факультативну екскурсію в турі на вибір Туроператора (вартість екскурсії не перевищуватиме 20€. Обрати екскурсію можливо лише з того переліку, який надасть Туроператор вже в турі). - Подарункова екскурсія надається лише у разі, якщо день народження туриста припадає безпосередньо на дати туру.",,"Автобусний тур на 5 днів з 1 нічним переїздом: ранковий виїзд зі Львова, повернення ввечері до Львова (в залежності від проходження кордону); Відвідаємо такі казкові міста Європи: Краків ( Польща), Зальцбург, Зальцкаммергут (Австрія), Цюрих, Люцерн (Швейцарія), Мюнхен (Німеччина).; У нас буде нагода почути чарівні історії та легенди казкового Кракова , побачити чарівне місто, яке розташоване у підніжжі альпійських гір, батьківщину самого Моцарта – Зальцбург. Ми побуваємо у швейцарському мегаполісі, місті Цюриху та матимемо нагоду побачити справжній скарб Альп – замок Нойшванштайн . Можливість відвідати озера Зальцкаммергут та природну перлину Швейцарії – Рейнський водоспад; Детальніше з програмою туру можете ознайомитися в розділі "" Програма туру "".; Враження від туру інших учасників можете переглянути у розділі "" Відгуки ""; всі автобусні тури до Швейцарії; всі автобусні тури",269,289,✅ done,"22.06.2026, 12:06:09"
,,,,,,,,,,,,
https://adriatic-travel.com.ua/tour/khorvatiya-myt-nasolody-ostriv-khvar,«Хорватія... Мить насолоди. Острів Хвар»,"Егер, Будапешт, Спліт, Єлса(7 ночей), о. Хвар, о. Брач",10,"Львів, Мукачево, Стрий, Ужгород, Будапешт",Проїзд автобусом єврокласу; Супровід керівником групи; Проживання по маршруту: готель FONTANA RESORT (ЄЛСА) категорія номерів Comfort double rooms; Харчування — сніданки та вечері; Страхування,"Проїзд в громадському транспорті; Факультативні екскурсії; Вхідні квитки в екскурсійні об'єкти; Особисті витрати (обіди та інше); City tax - 2.5€/за добу/з особи (місцевий податок, оплачується керівнику групи за вимоги готелю); Обов'язкова доплата за оренду радіоприймача з навушниками для екскурсій - 2€/день (оплачується керівнику групи); Обов'язкова доплата за поромні переправи в обидві сторони 25€/особа (оплачується керівнику групи); 1 дорослий + 1 дитина (до 11 років включно) — знижка 10% від вартості туру; 2 дорослих + 1 дитина (до 11 років включно) — знижка 15% від вартості туру (поселення в одному номері на кушетці); 1 дорослий + 2 дитини (до 11 років включно) — знижка 15% від вартості туру (поселення в одному номері на кушетці); 2 дорослих + 2 дитини (до 11 років включно) — знижка 10% на кожну дитину від вартості туру; Послуга ""Місце Priority"" - 20€/особа (Замовляється при бронюванні туру. Обирається місце з 1 по 12); Послуга ""Одномісне розміщення"" - Червень - 210€ (доплата до вартості туру); Послуга ""Одномісне розміщення"" - Липень - 350€ (доплата до вартості туру); Послуга ""Одномісне розміщення"" - Серпень - 350€ (доплата до вартості туру); Послуга ""Одномісне розміщення"" - Вересень - 210€ (доплата до вартості туру)",,"Автобусний тур на 10 днів, з відпочинком на морі 8 днів/7 ночей, 2 нічних переїзди. Ранковий виїзд зі Львова і вечірнє повернення у Львів (залежно від проходження кордону).; По маршруту відвідаємо Будапешт, там матимемо можливість познайомитися з містом на екскурсії, далі у нас буде переїзд до м. Спліт, а потім на поромі ми відправимося до острова Хвар. Відпочинок на морі та цікава екскурсійна програма для знайомства з місцевістю.; Факультативні екскурсії в турі оплачуються додатково.; Зверніть увагу! Виїзд з курорту відбувається після виселення з готелю. Європейські правила поселення/виселення з готелю: - заселення в готель після 14:00 - виселення з готелю о 10:00; Номери Comfort double rooms (одне велике двоспальне ліжко); Номер TRPL (тримісний номер: одне велике двоспальне ліжко + додаткове розкладне ліжко).; З детальною програмою тура можете ознайомитися у розділі "" Програма "".; Враження від інших учасників туру можете переглянути в розділі "" Відгуки "".; Графік виїздів, та інформацію про гарантовані автобусні тури до Хорватії дивіться в календарі на сайті. Якщо у вас виникли запитання, ви можете проконсультуватися з менеджером: натискайте на кнопку ""замовити тур"", ""залишити запит на тур"".; Чартерний автобусний рейс до Хорватії; Всі автобусні тури на море в Хорватію; Всі автобусні тури на море; Всі актуальні акції на автобусні тури",715,,✅ done,"22.06.2026, 12:06:13"
https://adriatic-travel.com.ua/tour/amsterdam-vid-a-do-m-abo-4-dni-v-niderlandah-park-kekenhof,"«Амстердам від ""А"" до ""М"" або 4 дні в Нідерландах + парк Кекенхоф»","Тарнув, Ганновер, Амстердам, Зансе-Сханс, Делфт, Гаага, Роттердам, Брюссель, Гент, Брюгге, Гітгорн, Вроцлав",7,"Львів, Перемишль, Ярослав, Тарнув, Краків, Катовіце, Вроцлав, Легніца, район Потсдама, Магдебург, Ганновер, Хемніц","Проїзд автобусом єврокласу; Супровід керівником групи; Проживання по маршруту: готель 3*; Харчування — сніданки; Оглядові екскурсії (4): Тарнуві, Ганновері, Амстердамі та Вроцлаві; Страхування","Проїзд в громадському транспорті; Факультативні екскурсії; Вхідні квитки в екскурсійні об'єкти; Особисті витрати (обіди, вечері, та інше); City tax - від 3€ до 7€ (місцевий податок, оплачується керівнику групи за вимоги готелю); Обов'язкова доплата за оренду радіоприймача з навушниками для екскурсій - 2€/день (оплачується керівнику групи); Послуга ""Місце Priority"" - 15€/особа (Замовляється при бронюванні туру. Обирається місце з 1 по 12); Послуга ""Одномісне розміщення"" - 250€ (доплата до вартості туру); Послуга ""Останній ряд"" - знижка 10€ від вартості туру при виборі місця в останньому ряді автобуса.; Послуга ""Для наречених пар"" - знижка 5% від вартості туру для тих хто нещодавно побрався (забронювати тур не пізніше 30 днів з дати розпису).; Послуга ""Додаткове вільне місце біля себе"" - 75% до вартості туру.; Послуга ""Подарунок на день народження"" . - Даруємо 1 безкоштовну факультативну екскурсію в турі на вибір Туроператора (вартість екскурсії не перевищуватиме 20€. Обрати екскурсію можливо лише з того переліку, який надасть Туроператор вже в турі). - Подарункова екскурсія надається лише у разі, якщо день народження туриста припадає безпосередньо на дати туру.; Послуга ""Організованим групам"" Детальні умови по бронюванню організованих груп дивіться у розділі: організованим групам Увага! Для груп більш як 40 осіб, необхідно писати індивідуальний запит - детальні умови; Послуга ""Сімейна подорож"" - знижки для дітей* (дана послуга не розповсюджується на бронювання туристичних послуг для організованих груп): Детальні умови по знижках на дітей дивіться у розділі: акції",,"Автобусний тур на 7 днів з 1 нічним переїздом. Ранковий виїзд зі Львова і нічне поверенення у Львів (в залежності від проходження кордону).; Розпочнемо нашу мандрівку з колоритного Тарнува , де відчувається подих історії та традицій. Далі нас гостинно зустріне Ганновер , місто ярмарків та зелених парків. Середньовічне Целле зачарує фахверковими будиночками та затишними вуличками, а Хамельн повідає легенду про славнозвісного щуролова. Амстердам , місто каналів та вільної душі, відкриє для вас свої музеї, кав'ярні та неповторну атмосферу. Заансе Сханс здивує вас мальовничими вітряками та традиційними голландськими будиночками, а Волендам познайомить з життям рибальського селища. Делфт та Гаага розкриють перед вами історію та сучасність Нідерландів, а Роттердам вразить своєю сучасною архітектурою. Казковий Гітхорн , ""Північна Венеція"", зачарує тишею каналів та красою природи. Лейден , місто університетів та музеїв, додасть інтелектуальну нотку нашій подорожі. На завершення нас зустріне Вроцлав , перлина Польщі, з її багатою історією та архітектурними пам'ятками; В період цвітіння тюльпанів відвідуємо парк Кейкенхоф у Нідерландах.; З детальною програмою тура можете ознайомитися у розділі "" Програма ""; Враження від туру інших учасників можете переглянути у розділі "" Відгуки "".",398,427,✅ done,"22.06.2026, 12:06:17"
https://adriatic-travel.com.ua/tour/vyshche-hmar-shveytsariya-abo-tam-de-litae-santa,«Вище хмар - Швейцарія…»,"Краків, Нюрнберг, Ротенбург-на-Таубері, Цюрих, Берн, Люцерн, Вадуц, Інсбрук, Брно",8,"Львів, Перемишль, Ярослав, Тарнув, Краків, Острава, Оломоуц, Брно, Прага, Нюрнберг","Проїзд автобусом єврокласу; Супровід керівником групи; Проживання по маршруту: готель 3*; Харчування - сніданки; Оглядові екскурсії по Нюрнбергу, Цюриху, Берну Люцерну та Інсбруку; Страхування","Проїзд в громадському транспорті; Факультативні екскурсії; Вхідні квитки в екскурсійні об'єкти; Особисті витрати (обіди, вечері, та інше); City tax - від 2€ до 5€ за ніч в готелі (місцевий податок, оплачується керівнику групи за вимоги готелю); Обов'язкова доплата за оренду радіоприймача з навушниками для екскурсій - 2€/день (оплачується керівнику групи); Послуга ""Місце Priority"" - 10€/особа (Замовляється при бронюванні туру. Обирається місце з 5 по 12); Послуга ""Одномісне розміщення"" - 250€ (доплата до вартості туру); Послуга ""Останній ряд"" - знижка 10€ від вартості туру при виборі місця в останньому ряді автобуса.; Послуга ""Для наречених пар"" - знижка 5% від вартості туру для тих хто нещодавно побрався (забронювати тур не пізніше 30 днів з дати розпису).; Послуга ""Додаткове вільне місце біля себе"" - 75% до вартості туру.; Послуга ""Подарунок на день народження"" . - Даруємо 1 безкоштовну факультативну екскурсію в турі на вибір Туроператора (вартість екскурсії не перевищуватиме 20€. Обрати екскурсію можливо лише з того переліку, який надасть Туроператор вже в турі). - Подарункова екскурсія надається лише у разі, якщо день народження туриста припадає безпосередньо на дати туру.; Послуга ""Організованим групам"" Детальні умови по бронюванню організованих груп дивіться у розділі: організованим групам Увага! Для груп більш як 40 осіб, необхідно писати індивідуальний запит - детальні умови; Послуга ""Сімейна подорож"" - знижки для дітей* (дана послуга не розповсюджується на бронювання туристичних послуг для організованих груп): Детальні умови по знижках на дітей дивіться у розділі: акції; Правила проведення екскурсійного туру.",,"Автобусний тур на 8 днів, без нічних переїздів. Ранковий виїзд зі Львова і нічне поверенення у Львів (в залежності від проходження кордону).; Відвідаємо міста Польщі (Краків), Нюрнбергу, Ротенберг-на-Таубер (Німеччина), Цюрих, Берн, Люцерн (Швейцарія), Вадуц (Ліхтенштейн), Інсбрук (Австрія), Брно (Чехія); Почнемо подорож у культурній столиці Польщі - Кракові . Далі переїзд в Німеччину, де відвідаємо і цікаве місто Нюрнберг та казкове Ротенбург-на-Таубері з його середньовічними вежами та вуличками. На шляху до Цюриха заїдемо в замок Гогенцоллерн , що розташований на високій горі, і насолодимося чудовими краєвидами. Далі відчуємо атмосферу космополітичного Цюриха, де прогуляємось по його красивих вуличкам, відвідаємо історичні пам’ятки та насолодимося кавою в затишних кав'ярнях. Можемо відвідати Рейнський водоспад - найбільший в Європі, і відчуємо потужну енергію цього природного дива. Далі місто Берн , з якого відкриваються неймовірні гірські панорами. Також регіон Юнгфрау із вражаючими гірськими вершинами і такими місцями, як Лаутербруннен , Інтерлакен , мальовничі Мюррен та Гріндельвальд , та одне з найвідоміших місць поціновувачів фільмів про Джеймса Бонда - вершина Шілтхорн , з найвищою в Європі обсерваторією. Ще одне цікаве місто - Люцерн , де прогуляємося по Капелюському мосту та можемо відправитись на вершину гори Пілатус . Відвідаємо маленьке князівство Ліхтенштейн з його столицею - Вадуц . Австрійський Інсбрук , оточений горами, з легендарним музеєм Сваровскі , і поїздка на льодовик Пітцаль . І на завершення – чеський регіон Моравія з адміністративним центром Брно, та величезним печерним комплексом - Моравський крас , з його унікальною природою!; Цей маршрут обіцяє поєднання історії, природи та архітектурної краси, роблячи вашу подорож незабутньою.; На період Різдва в програмі туру є можливість побачити літаючого Санту та величезний різдвяний ринок Montreux Noël На період Різдва Монтре стає меккою туристів, адже всі бажають побачити літаючого Санту та величезний різдвяний ринок Montreux Noël, безліч святкових розваг та святкувань, які відбуватимуться на набережній Женевського озера та найближчих горах.; Зверніть увагу! У вартість туру включено 5 екскурсії по містах: Нюрнберг, Цюрих, Берн, Люцерн та Інсбрук .; У вартість туру також входить проживання у готелях категорії 3* . Сніданки включені у вартість.; З детальною програмою тура можете ознайомитися у розділі "" Програма ""; Враження від туру інших учасників можете переглянути у розділі "" Відгуки "".; Фотографії, відео, відгуки можете подивитися в соцмережах: instagram , facebook , telegram .; Графік виїздів, та інформацію про гарантовані автобусні тури до Швейцарії дивіться в календарі на сайті. Якщо у вас виникли запитання, ви можете проконсультуватися з менеджером: натискайте на кнопку ""відправити запит"". Якщо бажаєте придбати тур, натискайте tour_id=1568 , agent_url=/tour/vyshche-hmar-shveytsariya-abo-tam-de-litae-santa, type=text, title=""Замовити тур""",505,543,✅ done,"22.06.2026, 12:06:21"
https://adriatic-travel.com.ua/tour/krayina-hir-i-morya-moya-chornohoriya,«Країна гір і моря... Моя Чорногорія»,"Будва(5 ночей), Ульцинь, Свєті-Стефан, Котор, Пераст, Цетинє, Дубровник, Тірана",8,"Львів, Стрий, Мукачево",Проїзд автобусом єврокласу; Супровід керівником групи; Проживання: вілла Jelena Zec Residence (Будва); Харчування - сніданки; Страхування,"Проїзд в громадському транспорті; Факультативні екскурсії; Вхідні квитки в екскурсійні об'єкти; Особисті витрати (обіди, вечері, та інше); City tax - 10€/особа (місцевий податок, оплачується керівнику групи за вимоги готелю); Обов'язкова доплата за оренду радіоприймача з навушниками для екскурсій - 2€/день (оплачується керівнику групи); Послуга ""Місце Priority"" - 15€/особа (Замовляється при бронюванні туру. Обирається місце з 1 по 12); Послуга ""Одномісне розміщення"" - 130€ (доплата до вартості туру); На даний тур діють наступні умови по оплаті: 30% передплата та 70% не пізніше ніж за 14 днів до виїзду.; При бронюванні туру менше ніж за 14 днів до дати виїзду - здійснюється повна оплата туру в день бронювання туру!; За умови індивідуального бронювання - діти віком до 13 років включно, НЕ ОПЛАЧУЮТЬ факультативні екскурсії, якщо інше не вказано в програмі туру (Якщо в програмі туру вказана вартість для дітей - то така факультативна екскурсія оплачується по вказаній вартості). Вхідні квитки в екскурсійні об'єкти та послуги трансферу оплачуються на загальних підставах. За умови бронювання туру для організованих груп, турів на випускний - всі учасники групи оплачують стандартну вартість факультативних екскурсій.; Послуга ""Останній ряд"" - знижка 10€ від вартості туру при виборі місця в останньому ряді автобуса.; Послуга ""Для наречених пар"" - знижка 5% від вартості туру для тих хто нещодавно побрався (забронювати тур не пізніше 30 днів з дати розпису).; Послуга ""Додаткове вільне місце біля себе"" - 75% до вартості туру.",,"Автобусний тур до Чорногорії з відпочином на морі, на 8 днів з 2 нічними переїздами (6 днів / 5 ночей на морі). Ранковий виїзд зі Львова і вечірнє прибуття у Львів (в залежності від проходження кордону).; У турі нас чекає: відпочинок на морі у Будві, а також екскурсійна програма за бажанням: Ульцинь, Свєті-Стефан, Котор, Пераст, Цетинє, Дубровник, Тірана.; Спочатку ми приїжджаємо до Будви, розміщуємося в готелі і відпочиваємо на морі. Керівник групи запропонує вам цікаві екскурсії, щоб познайомитися з країною.; Зверніть увагу! Європейські правила поселення/виселення з готелю: - заселення в готель після 14:00 - виселення з готелю о 10:00; У вартість туру також входить проживання на території Чорногорії. Сніданки включені у вартість.; З детальною програмою тура можете ознайомитися у розділі "" Програма туру "".; Враження від туру інших учасників можете переглянути в розділі "" Відгуки "".; Графік виїздів, та інформацію про гарантовані автобусні тури на море в Чорногорію дивіться в календарі на сайті. Якщо у вас виникли запитання, ви можете проконсультуватися з менеджером: натискайте на кнопку ""відправити запит"". Якщо бажаєте придбати тур, натискайте tour_id=1208 , agent_url=/tour/krayina-hir-i-morya-moya-chornohoriya, type=text, title=""Відправити заявку на підбір туру"".; актуальні акції та знижки на автобусні тури; Чартерні автобусні рейси до Чорногорії; Всі автобусні тури на море в Чорногорію; Всі автобусні тури на море; 1 дор + 1 дит (до 13 років включно) - знижка 5% від повної вартості туру на дитину; 1 дор + 2 дит (до 13 років включно) - знижка 5% від повної вартості туру на кожну дитину; 2 дор +1 дит (до 13 років включно) - знижка 5% від повної вартості туру на дитину *знижку обов'язково вказувати в примітках",315,,✅ done,"22.06.2026, 12:06:25"
https://adriatic-travel.com.ua/tour/kazkovi-try-dni-na-lazurnomu-berezi,"«Казкові три дні на Лазурному березі! Ніцца, Канни та Монако»","Краків, Прага, Ніцца, Канни, Сен-Поль-де-Ванс, Ментон, Дольчеаккуа, Трієст, Відень",7,Львів,"Проїзд автобусом єврокласу; Супровід керівником групи; Проживання по маршруту: готель зі сніданками; Харчування — сніданки; 4 екскурсійні об'єкти: Прага, парфумерна фабрика Фрагонар, Ніцца, Трієст; Страхування","Проїзд в громадському транспорті; Факультативні екскурсії; Вхідні квитки в екскурсійні об'єкти; Особисті витрати (обіди, вечері, та інше); City tax - 2€/ніч/особи (місцевий податок, оплачується керівнику групи за вимоги готелю); Обов'язкова доплата за оренду радіоприймача з навушниками для екскурсій - 2€/день (оплачується керівнику групи); Знижки на дітей при бронюванні туру за 30 днів до виїзду - умови акції; Знижки на дітей при бронюванні туру від 7 до 29 днів до виїзду - умови акції; Знижки дітям на факультативні екскурсії - умови акції; Знижка на дорослих при бронюванні за 30 днів до виїзду - умови акції; Послуга ""Місце Priority"" - 15€/особа (Замовляється при бронюванні туру. Обирається місце з 5 по 12); Послуга ""Одномісне розміщення"" - 200€ (доплата до вартості туру); За умови індивідуального бронювання - діти віком до 13 років включно, НЕ ОПЛАЧУЮТЬ факультативні екскурсії, якщо інше не вказано в програмі туру (Якщо в програмі туру вказана вартість для дітей - то така факультативна екскурсія оплачується по вказаній вартості). Вхідні квитки в екскурсійні об'єкти та послуги трансферу оплачуються на загальних підставах. За умови бронювання туру для організованих груп, турів на випускний - всі учасники групи оплачують стандартну вартість факультативних екскурсій.",,"Незабутній розмірений 7-ми денний тур. Родзинкою даного туру є те, що ми проведемо три повні дні на Лазурному узбережжі , адже приїжджаємо на 3 день із Праги вранці і в 5 день вирушаємо у Трієст орієнтовно о 21:00 - 22:00; Ранній виїзд зі Льовова і нічне прибуття у Львів (залежно від проходження кордону).; В турі відвідаємо такі міста: Краків, Прага, Ніцца, Канни, Антиб, Сен-Поль-де-Ванс, Дольчеаква та Ментон, Монте Карло, Трієст, Відень; Казкові три дні на Лазурному березі - це подорож, у якій кожен крок пахне морем, сонцем і свободою. Ми вирушимо з Кракова та, проминувши чарівну Прагу , опинимося в розкішній Ніцці. Її набережна, лазурні хвилі та старовинні квартали подарують нам перше знайомство з атмосферою Французької Рив’єри . Звідси шлях приведе до Канн - міста кіно та блиску, де навіть повітря здається насиченим святковим настроєм та ароматом цитрусових. Далі на нас чекає Антиб - затишне місто художників, де скелі торкаються моря, а вузенькі провулки ведуть до старовинних мурів. І зовсім поруч - Сен-Поль-де-Ванс , одне з найкрасивіших середньовічних містечок. Подорож продовжиться в бік Італії: ми зазирнемо до Ментону - яскравого, сонячного міста лимонів, та вирушимо до Дольчеакви , де справжня безтурботна атмосфера Лігурії. І, звісно, попереду на нас чекає Монако та Монте-Карло - князівство розкоші, яскравих вогнів, яхт і легенд, де кожен момент нагадує кадр із фільму. На завершення мандрівки ми завітаємо до казкового Замку Мірамаре, що височіє над водою, немов сторінка романтичної історії, й відчуємо ніжність адріатичного узбережжя. А повернення через величний Відень стане вишуканою крапкою в нашій подорожі, наповненій світлом, морським бризом і незабутніми відкриттями.; Зверніть увагу! У вартість туру входять 4 екскурсійні об'єкти: Прага, парфумерна фабрика Фрагонар, Ніцца, Трієст; Детальну програму тура дивіться у розділі ""Програма тура"" .; Враження від подорожі інших учасників туру можете переглянути у розділі ""Відгуки"" .; всі автобусні тури до Франції; всі автобусні тури; діючі акції в автобусних турах",361,388,✅ done,"22.06.2026, 12:06:28"
https://adriatic-travel.com.ua/tour/kanikuly-v-frantsii,«Канікули у Франції! Парки розваг + Нормандія!»,"Краків, Дрезден, Париж, Руан, Довіль, Трувіль-сюр-Мер, Етрета, Руст, Кольмар, Прага",7,"Львів, Перемишль, Жешув, Тарнув, Краків, Катовіце, Вроцлав, Легніца, Дрезден","Проїзд автобусом єврокласу; Супровід керівником групи; Проживання по маршруту: готель зі сніданками; Харчування - сніданки; Оглядові екскурсії: Дрезден, Прага, Париж та музей парфумерії Фрагонар; Страхування","Проїзд в громадському транспорті; Факультативні екскурсії; Вхідні квитки в екскурсійні об'єкти; Особисті витрати (обіди, вечері, та інше); City tax - від 2€ до 6€ за ніч в готелі (місцевий податок, оплачується керівнику групи за вимоги готелю); Обов'язкова доплата за оренду радіоприймача з навушниками для екскурсій - 2€/день (оплачується керівнику групи); Послуга ""Місце Priority"" - 15€/особа (Замовляється при бронюванні туру. Обирається місце з 5 по 12); Послуга ""Одномісне розміщення"" - 230€ (доплата до вартості туру); За умови індивідуального бронювання - діти віком до 13 років включно, НЕ ОПЛАЧУЮТЬ факультативні екскурсії, якщо інше не вказано в програмі туру (Якщо в програмі туру вказана вартість для дітей - то така факультативна екскурсія оплачується по вказаній вартості). Вхідні квитки в екскурсійні об'єкти та послуги трансферу оплачуються на загальних підставах. За умови бронювання туру для організованих груп, турів на випускний - всі учасники групи оплачують стандартну вартість факультативних екскурсій.; Послуга ""Останній ряд"" - знижка 10€ від вартості туру при виборі місця в останньому ряді автобуса.; Послуга ""Для наречених пар"" - знижка 5% від вартості туру для тих хто нещодавно побрався (забронювати тур не пізніше 30 днів з дати розпису).; Послуга ""Додаткове вільне місце біля себе"" - 75% до вартості туру.",,"Автобусний тур на 7 днів, без нічних переїздів . Ранковий виїзд зі Львова і вечірнє поверенення у Львів (в залежності від проходження кордону).; Відвідаємо міста Краків, Дрезден, Париж, Руан, Етрета, Страсбург, Кольмар, Прага .; Краків - це чарівне місто в Польщі, відоме своєю багатою історією і вражаючою архітектурною спадщиною. Культурне серце Польщі, яке пропонує для відвідування багато музеїв, ресторанів і подій. У Дрездені буде можливість не тільки побачити численні пам'ятники історії, архітектури, культури, а й зануритися в історію міста, Саксонії. Париж - світова столиця моди, мистецтва і романтики, якою просякнуте все від Ейфелевої вежі і Лувру до вулиці Єлисейські поля та району Монмартр. Кожна поїздка до Парижа приносить щось нове у життя. Діснейленд - це всесвітньовідомий парк розваг, де ви можете зустріти своїх улюблених персонажів, насолоджуватися атракціонами та відвідувати чарівні тематичні зони. Парк Астерікс - це ще один популярний розважальний парк у Франції, присвячений пригодам Астерікса і Обелікса, з різноманітними атракціонами, ресторанами та багатьма забавами для всієї родини. Страсбург - це місто на сході Франції, яке ніби змальоване з старих європейських казок. Європа-парк - це один з найбільших та найпопулярніших парків розваг у Європі, кожна тематична зона якого представляє культуру та історію різних європейських країн. Прага - казкове місто, яке сповнене середньовічним духом і легендами.; З детальною програмою тура можете ознайомитися у розділі "" Програма ""; Враження від туру інших учасників можете переглянути у розділі "" Відгуки "".",429,461,✅ done,"22.06.2026, 12:06:32"
https://adriatic-travel.com.ua/tour/vitayu-montenegro,"«Вітаю, Montenegro!»","Будва(4 ночі), Котор, Свєті-Стефан, Дубровник, Цетинє",7,"Львів, Стрий, Мукачево",Проїзд автобусом єврокласу; Супровід керівником групи; Проживання по маршруту: вілла Jelena Zec Residence (Будва); Харчування - сніданки; Страхування,"Проїзд в громадському транспорті; Факультативні екскурсії; Вхідні квитки в екскурсійні об'єкти; Особисті витрати (обіди, вечері, та інше); City tax - 8€/особа (місцевий податок, оплачується керівнику групи за вимоги готелю); Обов'язкова доплата за оренду радіоприймача з навушниками для екскурсій - 2€/день (оплачується керівнику групи); Послуга ""Місце Priority"" - 10€/особа (Замовляється при бронюванні туру. Обирається місце з 1 по 12); Послуга ""Одномісне розміщення"" - 100€ (доплата до вартості туру); На даний тур діють наступні умови по оплаті: 30% передплата та 70% не пізніше ніж за 14 днів до виїзду.; При бронюванні туру менше ніж за 14 днів до дати виїзду - здійснюється повна оплата туру в день бронювання туру!; Послуга ""Останній ряд"" - знижка 10€ від вартості туру при виборі місця в останньому ряді автобуса.; Послуга ""Для наречених пар"" - знижка 5% від вартості туру для тих хто нещодавно побрався (забронювати тур не пізніше 30 днів з дати розпису).; Послуга ""Додаткове вільне місце біля себе"" - 75% до вартості туру.; Послуга ""Подарунок на день народження"" . - Даруємо 1 безкоштовну факультативну екскурсію в турі на вибір Туроператора (вартість екскурсії не перевищуватиме 20€. Обрати екскурсію можливо лише з того переліку, який надасть Туроператор вже в турі). - Подарункова екскурсія надається лише у разі, якщо день народження туриста припадає безпосередньо на дати туру.; Послуга ""Організованим групам"" від 20 осіб. Детальні умови по отриманню знижок для організованих груп дивіться у розділі: організованим групам",,"Автобусний тур з відпочином на морі, на 7 днів з 2 нічними переїздами (5 днів / 4 ночі на морі). Ранковий виїзд зі Львова і вечірнє прибуття у Львів (в залежності від проходження кордону).; У турі нас чекає: відпочинок на морі у Будві, а також екскурсійна програма за бажанням: Ульцинь, Свєті-Стефан, Котор, Пераст, Цетинє, Дубровник, Тірана.; Спочатку ми приїжджаємо до Будви, розміщуємося в готелі і відпочиваємо на морі. Керівник групи запропонує вам цікаві екскурсії, щоб познайомитися з країною.; Зверніть увагу! Європейські правила поселення/виселення з готелю: - заселення в готель після 14:00 - виселення з готелю о 10:00; У вартість туру також входить проживання на віллі на території Чорногорії. Сніданки включені у вартість.; З детальною програмою туру можете ознайомитися у розділі ""Програма туру"" .; Враження від туру інших учасників можете переглянути в розділі "" Відгуки "".; Їдемо на комфортабельних автобусах євро-класу, місткістю від 49 до 57 місць. Кожен рейс супроводжує керівник групи. Досвідчені водії.; Графік виїздів, та інформацію про гарантовані автобусні тури на море в Чорногорію дивіться в календарі на сайті. Якщо у вас виникли запитання, ви можете проконсультуватися з менеджером: натискайте на tour_id=1173 , agent_url=/vitayu-montenegro, type=text, title=""Відправити запит на підбір туру"" .; актуальні акції та знижки на автобусні тури; Чартерні автобусні рейси до Чорногорії; Всі автобусні тури на море в Чорногорію; Всі автоубсні тури на море; 1 дор + 1 дит (до 13 років включно) - знижка 5% від повної вартості туру на дитину; 1 дор + 2 дит (до 13 років включно) - знижка 5% від повної вартості туру кожній дитині; 2 дор + 1 дит (до 13 років включно) - знижка 5% від повної вартості туру на дитину *знижку обов'язково вказувати в примітках при бронюванні",285,,✅ done,"22.06.2026, 12:06:36"
https://adriatic-travel.com.ua/tour/buona-sera-sytsyliya-palermo-kataniya-etna-morskyy-kruiz,"«Buona sera, Сицилія: Палермо, Катанія, Етна + морський круїз»","Будапешт, Трієст, Піран, Порторож, Генуя, о. Сицилія, Палермо, Монреале, Катанія, Таорміна, Сіракузи, Неаполь, Перуджа, Ассізі, Венеція",11,"Львів, Львів, Мукачево, Стрий, Ужгород, Любляна, Будапешт","Проїзд автобусом єврокласу; Супровід керівником групи; Проживання по маршруту: готелі 3-4*; Харчування — сніданки в готелях; Поромна переправа в чотирьохмісній каюті (БЕЗ вікна) за маршрутом Генуя — Палермо тривалість круїзу +/- 20 год та поромна переправа Палермо - Неаполь.; 6 оглядових екскурсій по містах: Генуя, Палермо, Катанія, Неаполь, Перуджа, Венеція; Страхування","Проїзд в громадському транспорті; Факультативні екскурсії; Вхідні квитки в екскурсійні об'єкти; Особисті витрати (обіди, вечері, та інше); City tax - від 3€ до 7€ (місцевий податок, оплачується керівнику групи за вимоги готелю); Обов'язкова доплата за оренду радіоприймача з навушниками для екскурсій - 2€/день (оплачується керівнику групи); Екологічний збір CO2 на поромі від 4€/пором; Послуга ""Комфортне місце"" - 20€/особа (Замовляється при бронюванні туру. Обирається місце з 1 по 12); Послуга ""Одномісне розміщення"" - 450€ в готелях; Послуга ""Останній ряд"" - знижка 10€ від вартості туру при виборі місця в останньому ряді автобуса.; Послуга ""Для наречених пар"" - знижка 5% від вартості туру для тих хто нещодавно побрався (забронювати тур не пізніше 30 днів з дати розпису).; Послуга ""Додаткове вільне місце біля себе"" - 75% до вартості туру.; Послуга ""Подарунок на день народження"" . - Даруємо 1 безкоштовну факультативну екскурсію в турі на вибір Туроператора (вартість екскурсії не перевищуватиме 20€. Обрати екскурсію можливо лише з того переліку, який надасть Туроператор вже в турі). - Подарункова екскурсія надається лише у разі, якщо день народження туриста припадає безпосередньо на дати туру.; Послуга ""Організованим групам"" Детальні умови по бронюванню організованих груп дивіться у розділі: організованим групам Увага! Для груп більш як 40 осіб, необхідно писати індивідуальний запит - детальні умови; Послуга ""Сімейна подорож"" - знижки для дітей* (дана послуга не розповсюджується на бронювання туристичних послуг для організованих груп): Детальні умови по знижках на дітей дивіться у розділі: акції",,"Тур на 11 днів, без нічних переїздів . Ранній виїзд зі Львова і нічне прибуття до Львова (залежно від проходження кордону); В турі ми відвідаємо такі міста: Будапешт, Трієст, Піран, Порторож, Генуя, о. Сицилія, Палермо, Монреале, Катанія, Таорміна, Сіракузи, о. Мальта, Неаполь, Перуджа, Ассізі, Венеція; Цей тур до Сицилії відзначається розкішним маршрутом, де кожна зупинка вражає своєю красою та культурою. Подорож починається з Трієста - прекрасне італійське містечко, де ви насолодитеся відпочинком на морі та відвідаєте замок Мірамаре, а ще чарівне містечко Піран . Наступна зупинка в нашому автобусному турі - Генуя , звідки ви вирушаєте в захоплюючий круїз по Середземному морю до Сицилії , перед тим відвідавши гламурне Портофіно . Прибувши на Сицилію , ви маєте 4 неймовірні дні та 3 ночі , щоб насолодитися красою Палермо , енергією Катанії , витонченістю Таорміни та дивовижним вулканом Етна. Остання зупинка на острові - мальовниче місто Сіракузи. Після прощання з казковим островом вас чекає захоплююча подорож до Неаполя , а завершенням цього автобусного туру без нічних переїздів буде відвідання Перуджі та Венеції , щоб ви закріпили свою подорож враженнями про багатство італійської культури та природної краси.; Зверніть увагу! У вартість туру включено 6 екскурсій по містах: Генуя, Палермо, Катанія, Неаполь, Перуджа, Венеція.; У вартість туру також входить проживання у готелях по маршруту. Сніданки включені у вартість.; З детальною програмою тура можете ознайомитися у розділі "" Програма ""; Враження від туру інших учасників можете переглянути у розділі "" Відгуки "".; Фотографії, відео, відгуки можете подивитися в соцмережах: instagram , facebook , telegram .; Графік виїздів, та інформацію про гарантовані автобусні тури до Італії дивіться в календарі на сайті. Якщо у вас виникли запитання, ви можете проконсультуватися з менеджером: натискайте на кнопку ""відправити запит"". Якщо бажаєте придбати тур, натискайте tour_id=1592 , agent_url=/tour/buona-sera-sytsyliya-palermo-kataniya-etna-morskyy-kruiz, type=text, title=""Замовити тур"".",734,,✅ done,"22.06.2026, 12:06:40"
https://adriatic-travel.com.ua/tour/sonyachna-apuliya-bari-matera-ta-alberobello,"«Сонячна Апулія: Барі, Матера та Альберобелло»","Будапешт, Любляна, Блед, Флоренція, Піза, Сієна, Рим, Ватикан, Неаполь, Гаета, о. Капрі, Барі, Матера, Гравіна-ін-Пулья, Перуджа, Ассізі, Венеція",10,"Львів, Мукачево, Стрий, Ужгород, Будапешт","Проїзд автобусом єврокласу; Супровід керівником групи; Проживання по маршруту: готель 3*; Харчування — сніданки; Оглядові екскурсії по містах: Любляна, Флоренція, Рим, Неаполь, Барі, Перуджа та Венеція; Страхування","Проїзд в громадському транспорті; Факультативні екскурсії; Вхідні квитки в екскурсійні об'єкти; Особисті витрати (обіди, вечері, та інше); City tax - від 3€ до 7€ (місцевий податок, оплачується керівнику групи за вимоги готелю); Обов'язкова доплата за оренду радіоприймача з навушниками для екскурсій - 2€/день (оплачується керівнику групи); Послуга ""Місце Priority"" - 20€/особа (Замовляється при бронюванні туру. Обирається місце з 1 по 12); Послуга ""Одномісне розміщення"" - 375€ (доплата до вартості туру); Послуга ""Останній ряд"" - знижка 10€ від вартості туру при виборі місця в останньому ряді автобуса.; Послуга ""Для наречених пар"" - знижка 5% від вартості туру для тих хто нещодавно побрався (забронювати тур не пізніше 30 днів з дати розпису).; Послуга ""Додаткове вільне місце біля себе"" - 75% до вартості туру.; Послуга ""Подарунок на день народження"" . - Даруємо 1 безкоштовну факультативну екскурсію в турі на вибір Туроператора (вартість екскурсії не перевищуватиме 20€. Обрати екскурсію можливо лише з того переліку, який надасть Туроператор вже в турі). - Подарункова екскурсія надається лише у разі, якщо день народження туриста припадає безпосередньо на дати туру.; Послуга ""Організованим групам"" Детальні умови по бронюванню організованих груп дивіться у розділі: організованим групам Увага! Для груп більш як 40 осіб, необхідно писати індивідуальний запит - детальні умови; Послуга ""Сімейна подорож"" - знижки для дітей* (дана послуга не розповсюджується на бронювання туристичних послуг для організованих груп): Детальні умови по знижках на дітей дивіться у розділі: акції; Правила проведення екскурсійного туру.",,"Автобусний тур на 10 днів, без нічних переїздів. Ранковий виїзд зі Львова і нічне повернення у Львів (залежно від проходження кордону).; Відвідаємо міста Будапешт ( Угорщина ), Любляна, Блед ( Словенія ), Флоренція, Піза, Сієна, Рим, Ватикан, Неаполь, Гаета, о. Капрі, Барі, Матера, Гравіна-ін-Пулья, Перуджа, Ассізі, Венеція ( Італія ).; Це захоплива подорож, яка розпочинається у визначеному серці Словенії - у Любляні . Тут ви зможете насолодитися витонченою архітектурою, прогулятися по чарівним вуличкам старого міста та зазирнути в культурні та історичні пам'ятки. Після цього вас чекає приголомшливе озеро Блед з його чарівною острівною церквою. Наступна зупинка - італійська краса. У Флоренції вас очікує безмежна культурна спадщина, яку можна відчути на кожному кроці. Ви також матимете можливість обрати між відвіданням Пізи з її знаменитою вежню або містичною Сієною з її середньовічною грандіозністю. З Флоренції ми переїдемо до вічного міста - Риму , де ви зануритеся у тисячолітню історію і магію міста. Далі Вас чекає Неаполь , відкриваючи двері до величезного культурного розмаїття. Ви можете вибрати між відвіданням зачарованих руїн Помпеї або відпочинком на божественному острові Капрі . Подальший маршрут пролягає через захопливий регіон Апулія . Апулія - це незабутнє поєднання дивовижної архітектури, сонячних пляжів та багатої історії, яка розкривається в кожному куточку цього прекрасного регіону. Від аутентичних селищ з традиційними трюфелями до захопливих горизонтів з маслинами та виноградниками, Апулія - це справжня італійська казка, яка зачаровує кожного своєю красою та неповторним шармом. В цьому регіоні на нас очікують міста Барі , Альберобелло , Матера та Гравіна-ін-Пулья . Ці міста вражають своєю аутентичністю та неповторним колоритом. Мандрівка продовжується в Умбрію , де ви зазирнете до столиці регіону - міста Перуджа . Тут вас чекає зустріч з витонченою архітектурою та чарівними вуличками. Крім того, ви матимете можливість відвідати міста Ассізі та Монтепульчано , які вражають своєю історією та красою. Завершення вашої подорожі - Венеція , місто на воді, яке зачаровує своєю романтикою та унікальністю. Тут ви зможете насолодитися прогулянками по каналах, відвідати чудові палаци та насолодитися неповторною атмосферою.; Зверніть увагу! У вартість туру включено 7 екскурсії по містах: Любляна, Флоренція, Рим, Неаполь, Барі, Перуджа та Венеція .; У вартість туру також входить проживання у готелях категорії 3* . Сніданки включені у вартість.; З детальною програмою тура можете ознайомитися у розділі "" Програма ""; Враження від туру інших учасників можете переглянути у розділі "" Відгуки "".; Фотографії, відео, відгуки можете подивитися в соцмережах: instagram , facebook , telegram .; Графік виїздів, та інформацію про гарантовані автобусні тури до Італії дивіться в календарі на сайті. Якщо у вас виникли запитання, ви можете проконсультуватися з менеджером: натискайте на кнопку ""відправити запит"". Якщо бажаєте придбати тур, натискайте tour_id=578 , agent_url=/tour/sonyachna-apuliya-bari-matera-ta-alberobello, type=text, title=""Замовити тур"".; всі автобусні тури до Італії; всі автобусні тури; діючі акції на автобусні тури",572,614,✅ done,"22.06.2026, 12:06:44"
https://adriatic-travel.com.ua/tour/melodii-adriatychnogo-morya#about_tour,«Мелодії Адріатичного моря»,"Будапешт, Ріміні, Сан-Марино, Венеція, Болонья, Флоренція, Трієст, Егер",6,"Львів, Стрий, Мукачево, Ужгород",Проїзд автобусом єврокласу; Супровід керівником групи; Проживання по маршруту: готель 3*; Харчування — сніданки; Страхування; 1 дорослий + 1 дитина (до 11 років включно) — знижка 10% від повної вартості туру; 2 дорослих + 1 дитина (до 11 років включно) — знижка 10% від повної вартості туру,"Проїзд в громадському транспорті; Факультативні екскурсії; Вхідні квитки в екскурсійні об'єкти; Особисті витрати (обіди, вечері, та інше); City tax - від 2,5€ до 3€ (місцевий податок, оплачується керівнику групи за вимоги готелю); Обов'язкова доплата за оренду радіоприймача з навушниками для екскурсій - 2€/день (оплачується керівнику групи); Послуга ""Місце Priority"" - 20€/особа (Замовляється при бронюванні туру. Обирається місце з 1 по 12); Послуга ""Одномісне розміщення"" - 270€ (доплата до вартості туру); Послуга ""Останній ряд"" - знижка 10€ від вартості туру при виборі місця в останньому ряді автобуса.; Послуга ""Для наречених пар"" - знижка 5% від вартості туру для тих хто нещодавно побрався (забронювати тур не пізніше 30 днів з дати розпису).; Послуга ""Додаткове вільне місце біля себе"" - 75% до вартості туру.; Послуга ""Подарунок на день народження"" . - Даруємо 1 безкоштовну факультативну екскурсію в турі на вибір Туроператора (вартість екскурсії не перевищуватиме 20€. Обрати екскурсію можливо лише з того переліку, який надасть Туроператор вже в турі). - Подарункова екскурсія надається лише у разі, якщо день народження туриста припадає безпосередньо на дати туру.; Послуга ""Організованим групам"" Детальні умови по бронюванню організованих груп дивіться у розділі: організованим групам Увага! Для груп більш як 40 осіб, необхідно писати індивідуальний запит - детальні умови; Послуга ""Сімейна подорож"" - знижки для дітей* (дана послуга не розповсюджується на бронювання туристичних послуг для організованих груп): Детальні умови по знижках на дітей дивіться у розділі: акції; Правила проведення екскурсійного туру.",,"Автобусний тур на 8 днів, без нічних переїздів . Відпочинок на морі: 5 ночей. Ранковий виїзд зі Львова і вечірнє прибуття у Львів (залежно від проходження кордону).; Завітаємо в: Егер, Будапешт Угорщина), відпочинемо в Ріміні (5 ночей), Венеція, Сан-Марино, Болонія, Падуя, Флоренція (Італія).; Тур з відпочинком на морі під час якого ми відпочиваємо 5 ночей в готелі на березі моря, зі сніданками, а також зможемо відвідати екскурсії у Сан-Маріно, Венеції, Флоренції, Болоньї; Факультативні екскурсії в турі оплачуються додатково.; Зверніть увагу! Виїзд з курорту відбувається після виселення з готелю. Європейські правила поселення/виселення з готелю: - заселення в готель після 14:00 - виселення з готелю о 10:00; У вартість туру входить проживання у готелях. Сніданки в готелях включені у вартість.; Детальніше з програмою туру можете ознайомитися в розділі "" Програма туру "".; Враження учасників туру можете переглянути в розділі "" Відгуки ""; Графік виїздів, ціна тура та інформацію про гарантовані автобусні тури на море в Італію дивіться в календарі на сайті. Якщо бажаєте придбати тур, натискайте tour_id=1663 , agent_url=/tour/melodii-adriatychnogo-morya, type=text, title=""Замовити тур"".; всі автобусні тури до Італії; всі автобусні тури; діючі акції на автобусні тури",484,,✅ done,"22.06.2026, 12:06:48"
https://adriatic-travel.com.ua/tour/italiya-morska-spokusa,«Італія - морська спокуса: 5 ночей на морі в Ріміні»,"Егер, Будапешт, Ріміні(5 ночей), Венеція, Верона, Сан-Марино, Болонья, Падуя, Флоренція",5,"Львів, Мукачево, Стрий, Ужгород, Будапешт",Проїзд автобусом єврокласу; Супровід керівником групи; Проживання в готелі: 3*; Харчування - сніданки; Страхування; 1 дорослий + 1 дитина (до 11 років включно) — знижка 10% від повної вартості туру; 2 дорослих + 1 дитина (до 11 років включно) — знижка 10% від повної вартості туру,"Проїзд в громадському транспорті; Факультативні екскурсії; Вхідні квитки в екскурсійні об'єкти; Особисті витрати (обіди, вечері, та інше); City tax - від 3€ до 7€ (місцевий податок, оплачується керівнику групи за вимоги готелю); Обов'язкова доплата за оренду радіоприймача з навушниками для екскурсій - 2€/день (оплачується керівнику групи); Послуга ""Місце Priority"" - 15€/особа (Замовляється при бронюванні туру. Обирається місце з 1 по 12); Послуга ""Одномісне розміщення"" - вересень - 200€; За умови індивідуального бронювання - діти віком до 13 років включно, НЕ ОПЛАЧУЮТЬ факультативні екскурсії, якщо інше не вказано в програмі туру (Якщо в програмі туру вказана вартість для дітей - то така факультативна екскурсія оплачується по вказаній вартості). Вхідні квитки в екскурсійні об'єкти та послуги трансферу оплачуються на загальних підставах. За умови бронювання туру для організованих груп, турів на випускний - всі учасники групи оплачують стандартну вартість факультативних екскурсій.; Послуга ""Для наречених пар"" - знижка 5% від вартості туру для тих хто нещодавно побрався (забронювати тур не пізніше 30 днів з дати розпису).; Послуга ""Останній ряд"" - знижка 10€ від вартості туру при виборі місця в останньому ряді автобуса.; Послуга ""Додаткове вільне місце біля себе"" - 75% до вартості туру.; Правила проведення екскурсійного туру.; Місця в автобусі розподіляються по черзі, в міру надходження заявок, і вказуються в підтвердженні заявки.; Туроператор лишає за собою право змінювати кількість, порядок і час проведення екскурсій або замінювати їх на рівноцінні.",,"Автобусний тур на 8 днів, 2 нічних переїзди. Відпочинок на морі: 5 ночей. Ранковий виїзд зі Львова і вечірнє прибуття у Львів (залежно від проходження кордону).; Завітаємо в: Егер, Будапешт Угорщина), відпочинемо в Ріміні (5 ночей), Венеція, Сан-Марино, Болонія, Падуя, Флоренція (Італія).; Тур з відпочинком на морі під час якого ми відпочиваємо 5 ночей в готелі на березі моря, зі сніданками, а також зможемо відвідати екскурсії у Сан-Маріно, Венеції, Флоренції, Болоньї; Факультативні екскурсії в турі оплачуються додатково.; Зверніть увагу! Виїзд з курорту відбувається після виселення з готелю. Європейські правила поселення/виселення з готелю: - заселення в готель після 14:00 - виселення з готелю о 10:00; У вартість туру входить проживання у готелях. Сніданки в готелях включені у вартість.; Детальніше з програмою туру можете ознайомитися в розділі "" Програма туру "".; Враження учасників туру можете переглянути в розділі "" Відгуки ""; Графік виїздів, ціна тура та інформацію про гарантовані автобусні тури на море в Італію дивіться в календарі на сайті. Якщо у вас виникли запитання, ви можете проконсультуватися з менеджером: натискайте на кнопку, ""відправити запит "". Якщо бажаєте придбати тур, натискайте tour_id=1430 , agent_url=/tour/italiya-morska-spokusa, type=text, title=""Замовити тур"".; Всі автобусні тури на море в Італію; Всі автобусні тури на море; Всі актуальні акції на автобусні тури",374,,✅ done,"22.06.2026, 12:06:52"
https://adriatic-travel.com.ua/tour/pid-odnym-nebom-rym-ta-paryzh,"«Під одним небом, Рим та Париж!»","Вроцлав, Дрезден, Париж, Руан, Довіль, Трувіль-сюр-Мер, Онфлер, Флоренція, Піза, Рим, Ватикан, Венеція, Будапешт, Егер, Егерсалок",8,"Львів, Перемишль, Жешув, Тарнув, Краків, Катовіце, Вроцлав, Легніца, Дрезден","Проїзд автобусом єврокласу; Супровід керівником групи; Проживання по маршруту: готель зі сніданками; Харчування - сніданки; Оглядові екскурсії по містах: Дрезден, Париж, Флоренція та Рим; Страхування (Поліс доступний для звантаження в особистому кабінеті. Просимо видавати туристам перед виїздом!)","Проїзд в громадському транспорті; Факультативні екскурсії; Вхідні квитки в екскурсійні об'єкти; Особисті витрати (обіди, вечері, та інше); City tax - від 2€ до 6€ за ніч в готелі (місцевий податок, оплачується керівнику групи за вимоги готелю); Обов'язкова доплата за оренду радіоприймача з навушниками для екскурсій - 2€/день (оплачується керівнику групи); Послуга ""Місце Priority"" - 15€/особа (Замовляється при бронюванні туру. Обирається місце з 5 по 12); Послуга ""Одномісне розміщення"" - 190€ (доплата до вартості туру); За умови індивідуального бронювання - діти віком до 13 років включно, НЕ ОПЛАЧУЮТЬ факультативні екскурсії, якщо інше не вказано в програмі туру (Якщо в програмі туру вказана вартість для дітей - то така факультативна екскурсія оплачується по вказаній вартості). Вхідні квитки в екскурсійні об'єкти та послуги трансферу оплачуються на загальних підставах. За умови бронювання туру для організованих груп, турів на випускний - всі учасники групи оплачують стандартну вартість факультативних екскурсій.; Послуга ""Останній ряд"" - знижка 10€ від вартості туру при виборі місця в останньому ряді автобуса.; Послуга ""Для наречених пар"" - знижка 5% від вартості туру для тих хто нещодавно побрався (забронювати тур не пізніше 30 днів з дати розпису).; Послуга ""Додаткове вільне місце біля себе"" - 75% до вартості туру.",,"Автобусний тур на 8 днів з 2 нічними переїздами. Ранковий виїзд зі Львова і нічне повернення у Львів (в залежності від проходження кордону).; Відвідаємо такі міста: Вроцлав, Дрезден, Париж, Руан, Флоренція, Піза, Рим, Ватикан, Венеція, Будапешт, Егер, Егерсалок.; В одному турі у вас є унікальна можливість відвідати Париж та Рим.; Подорож почнемо з Вроцлава , так званого міста гномів, де ви зможете оглянути багато історичних пам'яток, а потім їдемо до Дрездена , щоб насолодитися архітектурою барокко та відвідати відому картинну галерею Zwinger. Далі омріяний Париж , з неперевершеними видами Ейфелевої вежі, Тріумфальної арки та Лувру. А потім ми в Італії… Флоренція – місто-музей, де майже кожен фасад будинку переносить нас у добу Ренесансу. Рим , де відвідаємо римські археологічні пам'ятки, такі як Колізей та Римський форум, а також побачимо Ватикан та Сікстинську капелу. І врешті решт, романтична Венеція , зі своїми каналами та площами, які показують унікальний взірець життя на воді. На завершення туру матимемо змогу відвідати Будапешт , з його відомими Будинком парламенту, Замком Буда та чудовою набережною Дунаю.; Зверніть увагу! У вартість туру включено 5 екскурсій: Дрезден, Париж, музей Fragonard, Флоренція та Рим.; У вартість туру також входить проживання у готелях категорії 3*. Сніданки включені у вартість.; З детальною програмою тура можете ознайомитися у розділі "" Програма "".; Враження інших учасників туру можете переглянути у розділі "" Відгуки "".; Графік виїздів, та інформацію про гарантовані автобусні тури по Італії та Франції дивіться в календарі на сайті. Якщо у вас виникли запитання, ви можете проконсультуватися з менеджером: натискайте на кнопку ""замовити тур"", ""залишити запит на тур"".; всі автобусні тури в Італію; всі автобусні тури до Франції; діючі акціі на автобусні тури",414,445,✅ done,"22.06.2026, 12:06:55"
https://adriatic-travel.com.ua/tour/tur-vid-kutyur-paryzh-ta-milan,«Тур від кутюр: Париж та Мілан!»,"Вроцлав, Ерфурт, Париж, Руан, Довіль, Трувіль-сюр-Мер, Етрета, Женева, Мілан, Бергамо, Верона, Венеція, Відень",8,"Львів, Перемишль, Жешув, Тарнув, Краків, Катовіце, Вроцлав, Легніца, Дрезден, Ерфурт","Проїзд автобусом єврокласу; Супровід керівником групи; Проживання по маршруту: готель зі сніданками; Харчування - сніданки; Оглядові екскурсії: Ерфрут, Париж, парфумерна фабрика Фрагонар, Мілан та Венеція; Страхування; всі автобусні тури в Париж; всі автобусні тури до Франції; всі автобусні тури; діючі акції на автобусні тури","Проїзд в громадському транспорті; Факультативні екскурсії; Вхідні квитки в екскурсійні об'єкти; Особисті витрати (обіди, вечері, та інше); City tax - від 2€ до 8€ за ніч в готелі (місцевий податок, оплачується керівнику групи за вимоги готелю); Обов'язкова доплата за оренду радіоприймача з навушниками для екскурсій - 2€/день (оплачується керівнику групи); Знижки на дітей при бронюванні туру за 30 днів до виїзду - умови акції; Знижки на дітей при бронюванні туру від 7 до 29 днів до виїзду - умови акції; Знижки дітям на факультативні екскурсії - умови акції; Знижка на дорослих при бронюванні за 30 днів до виїзду - умови акції; Послуга ""Місце Priority"" - 15€/особа (Замовляється при бронюванні туру. Обирається місце з 5 по 12); Послуга ""Одномісне розміщення"" - 250€ (доплата до вартості туру)",,"Автобусний тур на 8 днів, без нічних переїздів : ранковий виїзд зі Львова, нічне повернення до Львова (в залежності від проходження кордону).; Відвідаємо такі міста Європи: Вроцлав ( Польща ), Ерфурт ( Німеччина ), Париж, Руан, Етрета ( Франція ), Женева ( Швейцарія ), Мілан, Бергамо, Верона, Венеція ( Італія ), Відень ( Австрія ).; Вроцлав – стародавнє затишне місто Польщі, яке вражає ошатною архітектурою, що наповнена історіями та потішить легендарними місцевими мешканцями – гномами, про історію появи яких дізнаємось з цікавої екскурсії. Німецький Ерфурт здивує неймовірно гарним історичним центром міста. Матимемо можливість зазирнути до рідного міста відомого композитора Баха – старовинного Айзенаха. Попереду нас чекає знайомство з елегантним Парижем. Прогуляємось всесвітньо відомим паризькими вулицями та кварталами, зазирнемо у вишукані крамниці та кафе – знайомство з цією столицею залишить незабутні теплі спогади. По дорозі матимемо змогу завітати до чарівної Женеви та познайомитись із загадками її історії. Довершимо вишукану подорож знайомством з містом моди Міланом. Захопимось красою готичного Дуомо та вирушимо та поринемо в світ відомого міланського шопінгу. На нас чекає також перлина Італії – романтична Венеція. Численні мости, вишуканні палаццо, прогулянки на гондолах та чудові сувенірні крамнички чекають на нас у казковому місті на воді. Завершимо мандрівку у столиці колишньої імперії – блискучому Відні.; Зверніть увагу! У вартість туру включені 5 екскурсій: Ерфрут, Париж, парфумерна фабрика Фрагонар, Мілан та Венеція.; У вартості туру включено проживання у готелях категорії 3* зі сніданками.; Детальніше з програмою туру можете ознайомитися в розділі "" Програма туру "".; Враження від туру інших учасників можете переглянути у розділі ""Відгуки""; Графік виїздів, та інформацію про гарантовані автобусні тури до Парижа та Мілана дивіться в календарі на сайті. Якщо у вас виникли запитання, ви можете проконсультуватися з менеджером: натискайте на кнопку, ""відправити запит"".",484,520,✅ done,"22.06.2026, 12:07:00"
https://adriatic-travel.com.ua/tour/na-khvylynku-v-amsterdam,«На хвилинку в Амстердам»,"Вроцлав, Дрезден, Амстердам, Зансе-Сханс, Ганновер, Гамельн, Варшава",5,"Львів, Перемишль, Тарнув, Ярослав, Краків, Катовіце, Вроцлав, Легніца, Дрезден, Ганновер, Лейпціг, Оснабрюк","Проїзд автобусом єврокласу; Супровід керівником групи; Проживання по маршруту: готель 3*; Харчування - сніданки; Оглядові екскурсії по Дрездену, Амстердаму, Ганноверу та Варшаві; Страхування","Проїзд в громадському транспорті; Факультативні екскурсії; Вхідні квитки в екскурсійні об'єкти; Особисті витрати (обіди, вечері, та інше); City tax - від 3€ до 7€ (місцевий податок, оплачується керівнику групи за вимоги готелю); Обов'язкова доплата за оренду радіоприймача з навушниками для екскурсій - 2€/день (оплачується керівнику групи); Послуга ""Місце Priority"" - 15€/особа (Замовляється при бронюванні туру. Обирається місце з 5 по 12); Послуга ""Одномісне розміщення"" - 150€ (доплата до вартості туру); За умови індивідуального бронювання - діти віком до 13 років включно, НЕ ОПЛАЧУЮТЬ факультативні екскурсії, якщо інше не вказано в програмі туру (Якщо в програмі туру вказана вартість для дітей - то така факультативна екскурсія оплачується по вказаній вартості). Вхідні квитки в екскурсійні об'єкти та послуги трансферу оплачуються на загальних підставах. За умови бронювання туру для організованих груп, турів на випускний - всі учасники групи оплачують стандартну вартість факультативних екскурсій.; Послуга ""Останній ряд"" - знижка 10€ від вартості туру при виборі місця в останньому ряді автобуса.; Послуга ""Для наречених пар"" - знижка 5% від вартості туру для тих хто нещодавно побрався (забронювати тур не пізніше 30 днів з дати розпису).; Послуга ""Додаткове вільне місце біля себе"" - 75% до вартості туру.; Послуга ""Подарунок на день народження"" . - Даруємо 1 безкоштовну факультативну екскурсію в турі на вибір Туроператора (вартість екскурсії не перевищуватиме 20€. Обрати екскурсію можливо лише з того переліку, який надасть Туроператор вже в турі). - Подарункова екскурсія надається лише у разі, якщо день народження туриста припадає безпосередньо на дати туру.",,"Автобусний тур на 5 днів, без нічних переїздів . Ранковий виїзд зі Львова і нічне поверенення у Львів (в залежності від проходження кордону).; У турі ми з вами зможемо відвідати Вроцлав, Дрезден, Амстердам, Ганновер та Варшаву . Першим містом нашого туру буде Вроцлав - місто в західній Польщі. Тут ви зможете насолодитися красою історичного центру міста з його чудовими катедралами, ринком та крамницями, відвідати Яскону - найбільший острів на річці Одрі, де можна побачити багато архітектурних пам'яток та красиві парки. Далі рушаємо до німецького Дрездена . Тут ви можете побачити Фрауенкірхе , одну з найкрасивіших катедрал Європи, та замок Цвінгер - палацовий комплекс із неймовірними фонтанами та садами, відвідати Дрезденську галерею картин зі світовими шедеврами від Рафаеля до Рембрандта, і звісно ж поїхати в Національний природний парк « Саксонська Швейцарія ». І Нарешті - Амстердам , столиця Нідерландів . Тут кожен зможе насолодитися красою каналів міста, відвідати музей Ван Гога, музей Рейксмузеум та зоопарк Артіс. Також варто відвідати площу Дам та квартал Червоних ліхтарів. Крім цього у весняний період відвідаємо відомий парк квітів Кекенхоф , де усе майорить різнокольоровими барвами мільйона квітів, і колоритне нідерландське містечко Заансе-Сханс , з відомими голландськими млинами і рибальське селище Волендам . Після Амстердаму ми відправимось до Ганновера - міста в північній Німеччині . Тут ви можете відвідати герцогський палац та замок Маріенбург , побачити красиві сади і парки, такі як Рояль Гарденс, та насолоджуватися міськими виставками та музеями. Останнім містом, яке матимемо змогу відвідати - Варшава , столиця Польщі. Тут є Старе Місто, яке внесено у список Світової спадщини ЮНЕСКО, а також Резиденцією польських королів. Ви також зможете побачити Палац Культури та Науки, найвищу будівлю в Польщі, яка надає вражаючий вид на місто. Крім того, Варшава відома своєю гастрономією, тож не забудьте спробувати місцеві страви та напої, такі як зупу, п'єжо та віскі з медом.; В період цвітіння тюльпанів відвідуємо парк Кейкенхоф .; Зверніть увагу! У вартість туру включено 4 екскурсії по містах: Дрезден, Амстердам, Ганновер, Варшава .; У вартість туру також входить проживання у готелях категорії 3*. Сніданки включені у вартість.; З детальною програмою тура можете ознайомитися у розділі "" Програма ""; Враження від туру інших учасників можете переглянути у розділі "" Відгуки "".; Фотографії, відео, відгуки можете подивитися в соцмережах: instagram , facebook , telegram .; Графік виїздів, та інформацію про гарантовані автобусні тури до Нідерландів дивіться в календарі на сайті. Якщо у вас виникли запитання, ви можете проконсультуватися з менеджером: натискайте на кнопку ""відправити запит"". Якщо бажаєте придбати тур, натискайте tour_id=19 , agent_url=/tour/na-khvylynku-v-amsterdam, type=text, title=""Замовити тур"".; всі автобусні тури в Нідерланди; всі автобусні тури в парк Кекенхоф; всі автобусні тури; діючі акції на автобусні тури",303,336,✅ done,"22.06.2026, 12:07:05"
https://adriatic-travel.com.ua/tour/yaskravi-barvy-adriatyky,«Яскраві барви Адріатики: 6 ночей на морі в Ріміні»,"Ріміні(6 ночей), Сан-Марино, Болонья, Флоренція, Равенна",6,"Львів, Стрий, Нижні Ворота, Мукачево, Ужгород, Будапешт","Проїзд автобусом єврокласу; Супровід керівником групи; Проживання в готелі Palma Benessere (Ріміні) , Hotel Valparaiso , Hotel ABC або іншому тієї ж категорії; Харчування - сніданки; Страхування; 1 дорослий + 1 дитина — на дитину надається знижка 10% від вартості туру; 1 дорослий + 2 дитини — на кожну дитину надається знижка 10% від вартості туру; 2 дорослих + 1 дитина — на дитину надається знижка 10% від вартості туру; 2 дорослих + 2 дитини — на кожну дитину надається знижка 10% від вартості туру","Особисті витрати (обіди, вечері, та інше); City tax - від 2,5 € до 3€ доба з особи(місцевий податок, оплачується в автобусі керівнику групи за вимоги готелю); Навушники 2€/день (оплачується в автобусі керівнику групи); Послуга ""Місце Priority"" - 15€/особа (Замовляється при бронюванні туру. Обирається місце з 1 по 12); Послуга ""Одномісне розміщення"" - 210€ (доплата до вартості туру); За умови індивідуального бронювання - діти віком до 13 років включно, НЕ ОПЛАЧУЮТЬ факультативні екскурсії, якщо інше не вказано в програмі туру (Якщо в програмі туру вказана вартість для дітей - то така факультативна екскурсія оплачується по вказаній вартості). Вхідні квитки в екскурсійні об'єкти та послуги трансферу оплачуються на загальних підставах. За умови бронювання туру для організованих груп, турів на випускний - всі учасники групи оплачують стандартну вартість факультативних екскурсій.; Послуга ""Для наречених пар"" - знижка 5% від вартості туру для тих хто нещодавно побрався (забронювати тур не пізніше 30 днів з дати розпису).; Послуга ""Останній ряд"" - знижка 10€ від вартості туру при виборі місця в останньому ряді автобуса.; Послуга ""Додаткове вільне місце біля себе"" - 75% до вартості туру.; Правила проведення екскурсійного туру.; Місця в автобусі розподіляються по черзі, в міру надходження заявок, і вказуються в підтвердженні заявки.; Туроператор лишає за собою право змінювати кількість, порядок і час проведення екскурсій або замінювати їх на рівноцінні.; Туроператор лишає за собою право вносити зміни в програму туру без зміни загальної кількості послуг.; Програма туру може змінюватись на Новий Рік, Різдво, Травневі свята та інші святкові дати.",,"Автобусний тур на 9 днів, з 2 нічними переїздами, 7 днів / 6 ночей відпочинку на морі. Ранковий виїзд зі Львова і нічне прибуття у Львів (залежно від проходження кордону).; В турі ми відвідаємо такі міста: відпочинок в Ріміні (6 ночей), та екскурсійна програма: Сан-Марино, Болонья, Флоренція, Равенна. Детальний маршрут тура дивіться в розділі "" Маршрут "".; В турі передбачений відпочинок на одному з найпопулярніших курортів Італії, на Адріатичному узбережжі, в Ріміні (6 ночей). Для бажаючих познайомитися з Італією передбачена екскурсійна програма. Факультативні екскурсії можна замовити у гіда безпосередньо в турі.; Зверніть увагу! Виїзд з курорту відбувається після виселення з готелю. Європейські правила поселення/виселення з готелю: - заселення в готель після 14:00 - виселення з готелю о 10:00; У вартості туру проживання в готелі зі сніданками.; Детальну програму тура дивіться у розділі "" Програма тура "".; Враження від подорожі інших учасників туру можете переглянути у розділі "" Відгуки "".; Графік виїздів, та інформацію про гарантовані автобусні тури на море в Італію дивіться в календарі на сайті. Якщо у вас виникли запитання, ви можете проконсультуватися з менеджером: натискайте на кнопку, ""залишити запит"". Якщо бажаєте придбати тур, натискайте tour_id=1326 , agent_url=/tour/yaskravi-barvy-adriatyky, type=text, title=""Замовити тур"".; Всі автобусні тури на море в Італію; Всі автобусні тури на море; Всі актуальні акції на автобусні тури",434,,✅ done,"22.06.2026, 12:07:09"
https://adriatic-travel.com.ua/tour/dytyachi-kanikuly-v-niderlandah-4-parky,"«Дивовижні канікули в Нідерландах + 4 парки: ""Fantasialand"", ""Efteling"", ""Keukenhof"" та ""Madurodam""!»","Вроцлав, Дрезден, Амстердам, Зансе-Сханс, Брюссель, Брюгге, Лейден, Гаага, Делфт, Гітгорн, Кельн, Аахен, Прага",7,"Львів, Перемишль, Ярослав, Тарнув, Катовіце, Краків, Вроцлав, Легніца, Дрезден, Лейпціг, Ганновер, Оснабрюк","Проїзд автобусом єврокласу; Супровід керівником групи; Проживання по маршруту: готель 3*; Харчування — сніданки; Оглядові екскурсії по містах: Дрезден, Амстердам, Дюссельдорф, Прага; Страхування","Проїзд в громадському транспорті; Факультативні екскурсії; Вхідні квитки в екскурсійні об'єкти; Особисті витрати (обіди, вечері, та інше); City tax - від 3€ до 7€ (місцевий податок, оплачується керівнику групи за вимоги готелю); Обов'язкова доплата за оренду радіоприймача з навушниками для екскурсій - 2€/день (оплачується керівнику групи); Послуга ""Місце Priority"" - 15€/особа (Замовляється при бронюванні туру. Обирається місце з 5 по 12); Послуга ""Одномісне розміщення"" - 268€ (доплата до вартості туру); Послуга ""Останній ряд"" - знижка 10€ від вартості туру при виборі місця в останньому ряді автобуса.; Послуга ""Для наречених пар"" - знижка 5% від вартості туру для тих хто нещодавно побрався (забронювати тур не пізніше 30 днів з дати розпису).; Послуга ""Додаткове вільне місце біля себе"" - 75% до вартості туру.; Послуга ""Подарунок на день народження"" . - Даруємо 1 безкоштовну факультативну екскурсію в турі на вибір Туроператора (вартість екскурсії не перевищуватиме 20€. Обрати екскурсію можливо лише з того переліку, який надасть Туроператор вже в турі). - Подарункова екскурсія надається лише у разі, якщо день народження туриста припадає безпосередньо на дати туру.; Послуга ""Організованим групам"" Детальні умови по бронюванню організованих груп дивіться у розділі: організованим групам Увага! Для груп більш як 40 осіб, необхідно писати індивідуальний запит - детальні умови; Послуга ""Сімейна подорож"" - знижки для дітей* (дана послуга не розповсюджується на бронювання туристичних послуг для організованих груп): Детальні умови по знижках на дітей дивіться у розділі: акції",,"Тур на 7 днів, без нічних переїздів : виїзд зранку зі Львова, повернення вночі до Львова (залежно від проходження кордону); Відвідаємо такі міста: Вроцлав, Дрезден, Амстердам, Зансе-Сханс, Брюссель, Лейден, Гаага, Делфт, Кельн, Дюссельдорф, Прага.; Під час нашої подорожі матимемо можливість побачити Саксонську Швейцарію , Дрезденську картинну галерею . Музей просто неба - Заанс Сханс та рибальське селище Волендам . Потім на нас очікує Амстердам . Проведемо 3 дні в Амстердамі . Зможемо прокататися на кораблику каналами Амстердама, помилуємося вечірнім містом. В період роботи парку Кекенхоф заїдемо помилуватися красою цього парку. Після цього пропонуємо обов'язково заїхати до голландської Венеції - Гітхорн. Також не оминемо увагою міста Делфт та Гаага. Ще в турі є можливість відвідати місто музеїв - Лейден та музей “ Corpus ”. Після Нідерландів їдемо по території Німеччини і завітаємо до Дюссельдорфа та Кельна. На завершення нашого туру побуваємо у Празі .; З детальною програмою туру ви можете ознайомитися в розділі "" Програма туру "".; Враження від подорожі інших учасників тура дивіться в розділі "" Відгуки "".; усі автобусні тури; усі автобусні тури до Нідерландів; діючі акції на автобусні тури",,,✅ done,"22.06.2026, 12:07:13"
https://adriatic-travel.com.ua/tour/krasunya-albaniya,«Красуня Албанія»,"Вльора(7 ночей), Берат, Гірокастра, Тірана, Ксаміл",10,"Львів, Стрий, Мукачево, Берегове",Проїзд автобусом єврокласу; Супровід керівником групи; Проживання по маршруту: Vlora International (Вльора) 4* standart room або інший готель даної категорії; Харчування — сніданки(шведська лінія) або сніданки та вечері (порційні); Страхування; Всі автобусні тури на море в Албанію; Всі автобусні тури на море; Всі актуальні акції на автобусні тури,"Проїзд в громадському транспорті; Факультативні екскурсії; Вхідні квитки в екскурсійні об'єкти; Особисті витрати (обіди, вечері, та інше); City tax - від 3€ до 7€ (місцевий податок, оплачується керівнику групи за вимоги готелю); Обов'язкова доплата за оренду радіоприймача з навушниками для екскурсій - 2€/день/оренда (оплачується керівнику групи); За бажанням - оренда шезлонгів(орієнтовно +/-10 євро); 1 дорослий + 1 дитина (до 13,99 років включно) — на дитину надається знижка 10% від вартості туру; 1 дорослий + 2 дитини (до 13,99 років включно) — на кожну дитину надається знижка 5% від вартості туру; 2 дорослих + 1 дитина (до 13,99 років включно) — на дитину надається знижка 10% від вартості туру; 2 дорослих + 2 дитини (до 13,99 років включно) — на кожну дитину надається знижка 5% від вартості туру; Послуга ""Місце Priority"" - 20€/особа (Замовляється при бронюванні туру. Обирається місце з 1 по 12); Послуга ""Одномісне розміщення"" - 285€ (доплата до вартості туру); За умови індивідуального бронювання - діти віком до 13 років включно, НЕ ОПЛАЧУЮТЬ факультативні екскурсії, якщо інше не вказано в програмі туру (Якщо в програмі туру вказана вартість для дітей - то така факультативна екскурсія оплачується по вказаній вартості). Вхідні квитки в екскурсійні об'єкти та послуги трансферу оплачуються на загальних підставах. За умови бронювання туру для організованих груп, турів на випускний - всі учасники групи оплачують стандартну вартість факультативних екскурсій.",,"Автобусний тур на 12днів, з 2 нічними переїздами. 8 днів / 7 ночей відпочинку на морі +1 день відпочинку на Охридському озері. Ранковий виїзд зі Львова і нічне прибуття у Львів (залежно від проходження кордону).; В турі ми відвідаємо такі міста: Охрид, Вльора (7 ночей), Берат, Гірокастра, Тірана, Ксаміл, Скоп'є. Детальний маршрут тура дивіться в розділі "" Маршрут "".; В турі передбачений відпочинок на морі в Албанії та екскурсійна програма за бажанням. Факультативні екскурсії можна замовити у гіда безпосередньо в турі.; Зверніть увагу! Виїзд з курорту відбувається після виселення з готелю. Європейські правила поселення/виселення з готелю: - заселення в готель після 14:00 - виселення з готелю о 10:00; У вартості туру проживання в готелі зі сніданками або сніданками та вечерями.; Детальну програму тура дивіться у розділі "" Програма тура "".; Враження від подорожі інших учасників туру можете переглянути у розділі "" Відгуки "".; Графік виїздів, та інформацію про гарантовані автобусні тури на море в Албанію дивіться в календарі на сайті. Якщо у вас виникли запитання, ви можете проконсультуватися з менеджером: натискайте на кнопку, ""залишити запит"". Якщо бажаєте придбати тур, натискайте tour_id=1321 , agent_url=/tour/krasunya-albaniya, type=text, title=""Замовити тур"".",565,,✅ done,"22.06.2026, 12:07:16"
https://adriatic-travel.com.ua/tour/dorohamy-kazkovoyi-nimechchyny-myunkhen-zamok-noyshvanshtayn,«Дорогами казкової Німеччини: Мюнхен + замок Нойшванштайн»,"Краків, Величка, Прага, Мюнхен, Відень, Будапешт, Егер",5,"Львів, Тарнув, Краків, Катовіце, Оломоуц, Брно, Прага","Супровід керівником групи; Проживання по маршруту: готель 3*; Харчування - сніданки; Екскурсії по містах: Прага, Мюнхен; Страхування","Проїзд в громадському транспорті; Факультативні екскурсії; Вхідні квитки в екскурсійні об'єкти; Особисті витрати (обіди, вечері, та інше); Обов'язкова доплата за оренду радіоприймача з навушниками для екскурсій - 2€/день (оплачується керівнику групи); Послуга ""Місце Priority"" - 10€/особа (Замовляється при бронюванні туру. Обирається місце з 5 по 12); Послуга ""Одномісне розміщення"" - 70€ (доплата до вартості туру); Послуга ""Останній ряд"" - знижка 10€ від вартості туру при виборі місця в останньому ряді автобуса.; Послуга ""Для наречених пар"" - знижка 5% від вартості туру для тих хто нещодавно побрався (забронювати тур не пізніше 30 днів з дати розпису).; Послуга ""Додаткове вільне місце біля себе"" - 75% до вартості туру.; Послуга ""Подарунок на день народження"" . - Даруємо 1 безкоштовну факультативну екскурсію в турі на вибір Туроператора (вартість екскурсії не перевищуватиме 20€. Обрати екскурсію можливо лише з того переліку, який надасть Туроператор вже в турі). - Подарункова екскурсія надається лише у разі, якщо день народження туриста припадає безпосередньо на дати туру.; Послуга ""Організованим групам"" Детальні умови по бронюванню організованих груп дивіться у розділі: організованим групам Увага! Для груп більш як 40 осіб, необхідно писати індивідуальний запит - детальні умови; Послуга ""Сімейна подорож"" - знижки для дітей* (дана послуга не розповсюджується на бронювання туристичних послуг для організованих груп): Детальні умови по знижках на дітей дивіться у розділі: акції; Правила проведення екскурсійного туру.; Місця в автобусі розподіляються по черзі, в міру надходження заявок, і вказуються в підтвердженні заявки.",,"Тур на 5 днів, без нічних переїздів . Ранковий виїзд зі Львова, нічне повернення до Львова (в залежності від проходження кордону).; На вас чекає 5 країн: Австрія, Німеччина, Польща, Угорщина і Чехія, з можливістю відвідати цікаві міста - Краків, Велічка, Прага, Мюнхен, Відень, Будапешт і Егер. Розпочніть вашу пригоду в Кракові — місті легенд і традицій, де кожна вулиця приховує багатство історії. Прогуляйтеся старовинними кварталами, завітайте до Вавельського замку і відчуйте дух середньовіччя на Ринковій площі. Наступна зупинка — чарівна Прага . Пориньте в романтику міста під час прогулянки на кораблику по Влтаві, де захопливі краєвиди старовинних мостів і шпилів створюють ідеальний фон для вашого відпочинку. У Німеччині вас чекає Мюнхен , де ви побуваєте у знаменитому музеї BMW і відкриєте для себе історію автомобільного мистецтва. Потім відвідайте культові пивоварні Löwenbräu, Spaten, Augustiner і Hackerpschorr, щоб скуштувати традиційне німецьке пиво. Справжній шедевр середньовічної архітектури — казковий замок Нойшванштайн , що височіє серед баварських гір. Це місце, яке надихає своїми величними вежами, загадковою атмосферою і мальовничими краєвидами, що відкриваються з його стін. Далі — елегантний Відень , де ви відвідаєте палац Шенбрунн, один з найкрасивіших у Європі. Тут, серед розкішних залів і прекрасних садів, оживає історія династії Габсбургів. Будапешт зачарує вас вечірньою прогулянкою на кораблику по Дунаю з келихом шампанського. Насолодіться краєвидами двох частин міста — Буди і Пешта, та побачте визначні пам'ятки з води. І, нарешті, у Егері на вас чекає дегустація вин, де ви зможете оцінити багатий смак і неповторний аромат угорських вин, що відображають характер і щедрість цього виноробного регіону.; Зверніть увагу! У вартість туру включені 2 екскурсії по містах: Прага, Мюнхен; У вартість туру включено проживання в готелях категорії 3* зі сніданками.; Детальніше з програмою туру можете ознайомитися в розділі "" Програма туру "".; Враження від туру інших учасників можете переглянути у розділі "" Відгуки ""; Графік виїздів, та інформацію про гарантованіавтобусні тури до Німеччини дивіться в календарі на сайті. Якщо у вас виникли запитання, ви можете проконсультуватися з менеджером: натискайте на кнопку tour_id=488 , agent_url=/tour/dorohamy-kazkovoyi-nimechchyny-myunkhen-zamok-noyshvanshtayn, type=text, title=""замовити тур"" , ""відправити запит"".",289,310,✅ done,"22.06.2026, 12:07:20"
https://adriatic-travel.com.ua/tour/evropeyskyy-vypusknyy-krakiv-praga-viden-budapesht,«Європейський випускний: Краків - Прага - Відень - Будапешт»,"Краків, Прага, Відень, Будапешт(1 ніч), Егерсалок, Егер",30,"Львів, Катовіце, Краків, Тарнув, Оломоуц, Брно",Проїзд автобусом єврокласу; Супровід керівником групи; Проживання по маршруту: готель 3*; Харчування — сніданки; Оглядова екскурсія по Празі; Страхування,"Проїзд в громадському транспорті; Факультативні екскурсії; Вхідні квитки в екскурсійні об'єкти; Особисті витрати (обіди, вечері, та інше); City tax - 3€/доба; Обов'язкова доплата за оренду радіоприймача з навушниками для екскурсій - 2€/день (оплачується керівнику групи); Послуга ""Місце Priority"" - 10€/особа (Замовляється при бронюванні туру. Обирається місце з 1 по 12); Послуга ""Одномісне розміщення"" - 70€ (доплата до вартості туру); За умови індивідуального бронювання - діти віком до 13 років включно, НЕ ОПЛАЧУЮТЬ факультативні екскурсії, якщо інше не вказано в програмі туру (Якщо в програмі туру вказана вартість для дітей - то така факультативна екскурсія оплачується по вказаній вартості). Вхідні квитки в екскурсійні об'єкти та послуги трансферу оплачуються на загальних підставах. За умови бронювання туру для організованих груп, турів на випускний - всі учасники групи оплачують стандартну вартість факультативних екскурсій.; Послуга ""Останній ряд"" - знижка 10€ від вартості туру при виборі місця в останньому ряді автобуса.; Послуга ""Для наречених пар"" - знижка 5% від вартості туру для тих хто нещодавно побрався (забронювати тур не пізніше 30 днів з дати розпису).; Послуга ""Додаткове вільне місце біля себе"" - 75% до вартості туру.; Послуга ""Подарунок на день народження"" . - Даруємо 1 безкоштовну факультативну екскурсію в турі на вибір Туроператора (вартість екскурсії не перевищуватиме 20€. Обрати екскурсію можливо лише з того переліку, який надасть Туроператор вже в турі). - Подарункова екскурсія надається лише у разі, якщо день народження туриста припадає безпосередньо на дати туру.",,"Автобусний тур на 4 дні, без нічних переїздів . Ранковий виїзд зі Львова і нічне прибуття у Львів (в залежності від проходження кордону); Відвідаємо такі чарівні міста: Краків (Польща), Прага (Чехія), Відень (Австрія), Будапешт, Єгерсалок, Єгер (Угорщина).; У Кракові прогуляємося Старим містом з головною площею і залишками укріплень XV ст. У Празі ознайомимось з історичними районами Праги та її чудовими пам’ятками архітектури, можемо здійснити прогулянку річкою Влтавою на катері, а також матимемо можливість відвідати знамениті чеські пивні та послухати історії про них. Відвідаємо Відень - столицю блискучої імперії, місто палаців і величних площ, мальовничих вуличок і численних скверів. У Будапешті можна буде здійснити прогулянку по Дунаю. А в Єгері буде чудова нагода дегустувати угорські вина та спробувати смачний гуляш.; Зверніть увагу! У вартість туру включена 1 екскурсія у Празі - «Вулицями Старого міста».; У вартості туру проживання у готелях категорії 3* на території Чехії та Угорщини. Сніданки включені у вартість.; З детальною програмою тура можете ознайомитися у розділі "" Програма "".; Враження від інших учасників туру дивіться у розділі "" Відгуки "".; Фотографії, відео, відгуки можете подивитися в соцмережах: instagram , facebook , telegram .; Графік виїздів, та інформацію про гарантовані автобусні тури до Європи дивіться в календарі на сайті. Якщо у вас виникли запитання, ви можете проконсультуватися з менеджером: натискайте на кнопку ""відправити запит"". Якщо бажаєте придбати тур, натискайте tour_id=211 , agent_url=/tour/evropeyska-mozaika-krakiv-praga-viden-budapesht, type=text, title=""Замовити тур"".",,,✅ done,"22.06.2026, 12:07:24"
https://adriatic-travel.com.ua/tour/dytyachi-prygody-v-italii-parky-rozvag-gardalend-ta-leolandiya,«Дитячі пригоди в Італії + парки розваг Гардаленд та Леоландія»,"Егер, Будапешт, Венеція, Мілан",5,"Львів, Мукачево, При перетині КПП Лужанка, буде трансфер з Ужгорода до Мукачево, Ужгород, Будапешт","Проїзд автобусом єврокласу; Супровід керівником групи; Проживання по маршруту: готель 3*; Харчування - сніданки; 3 екскурсії: по Венеції, Вероні та Мілану; Страхування (Поліс доступний для завантаження в особистому кабінеті турагента. За 2 дні до виїзду поліс разом з інфолистом видає туристам турагент, який здійснював бронювання!)","Проїзд в громадському транспорті; Факультативні екскурсії; Вхідні квитки в екскурсійні об'єкти; Особисті витрати (обіди, вечері, та інше); City tax - від 3€ до 7€ (місцевий податок, оплачується керівнику групи за вимоги готелю); Обов'язкова доплата за оренду радіоприймача з навушниками для екскурсій - 2€/день (оплачується керівнику групи); Послуга ""Місце Priority"" - 10€/особа (Замовляється при бронюванні туру. Обирається місце з 1 по 12); Послуга ""Одномісне розміщення"" - 50€ (доплата до вартості туру); Послуга ""Останній ряд"" - знижка 10€ від вартості туру при виборі місця в останньому ряді автобуса.; Послуга ""Для наречених пар"" - знижка 5% від вартості туру для тих хто нещодавно побрався (забронювати тур не пізніше 30 днів з дати розпису).; Послуга ""Додаткове вільне місце біля себе"" - 75% до вартості туру.; Послуга ""Подарунок на день народження"" . - Даруємо 1 безкоштовну факультативну екскурсію в турі на вибір Туроператора (вартість екскурсії не перевищуватиме 20€. Обрати екскурсію можливо лише з того переліку, який надасть Туроператор вже в турі). - Подарункова екскурсія надається лише у разі, якщо день народження туриста припадає безпосередньо на дати туру.; Послуга ""Організованим групам"" Детальні умови по бронюванню організованих груп дивіться у розділі: організованим групам Увага! Для груп більш як 40 осіб, необхідно писати індивідуальний запит - детальні умови; Послуга ""Сімейна подорож"" - знижки для дітей* (дана послуга не розповсюджується на бронювання туристичних послуг для організованих груп): Детальні умови по знижках на дітей дивіться у розділі: акції",,,233,250,✅ done,"22.06.2026, 12:07:28"
https://adriatic-travel.com.ua/tour/nasha-horvatska-vidpustka,«Наша Хорватська відпустка (7 ночей на морі)»,"Будапешт, Егер, Водіце(7 ночей), Трогір, Спліт, Оміш, о. Крк",7,"Львів, Стрий, Мукачево, Ужгород",Супровід керівником групи; Проживання по маршруту: готель Stella Maris (Водіце) - стандартний номер; Харчування: сніданки або сніданки + вечері; Страхування,"Проїзд в громадському транспорті; Факультативні екскурсії; Вхідні квитки в екскурсійні об'єкти; Особисті витрати (обіди, вечері, та інше); City tax - 1.5€-2€/за добу/з особи (місцевий податок, оплачується керівнику групи за вимоги готелю); Обов'язкова доплата за оренду радіоприймача з навушниками для екскурсій - 2€/день (оплачується керівнику групи); При бронюванні туру на дітей діє знижка:; 1 дорослий + 1 дитина (до 11 років включно) — знижка 15% від повної вартості туру; 2 дорослих + 1 дитина (до 6 років включно) — знижка 50% від повної вартості туру за умови проживання на одному ліжку з батьками (номер DBL); 2 дорослих + 1 дитина (до 6 років включно) — знижка 30% від повної вартості туру за умови проживання на окремому ліжку (номер TRPL); 2 дорослих + 1 дитина (до 11 років включно) — знижка 30% від повної вартості туру; 1 дорослий + 2 дитини (до 11 років включно) — знижка 15% на кожну дитину від повної вартості туру; Послуга ""Місце Priority"" - 15€/особа (Замовляється при бронюванні туру. Обирається місце в автобусі з 1 по 12); Послуга ""Одномісне розміщення"" - 315€ (доплата до вартості туру); Послуга ""Останній ряд"" - знижка 10€ від вартості туру при виборі місця в останньому ряді автобуса.; Послуга ""Для наречених пар"" - знижка 5% від вартості туру для тих хто нещодавно побрався (забронювати тур не пізніше 30 днів з дати розпису).; Послуга ""Додаткове вільне місце біля себе"" - 75% до вартості туру.",,"Тур на 10 днів, 2 нічних переїзди , з відпочинком на морі (8 дні, 7 ночей) та екскурсійною програмою. Ранній виїзд зі Львова і вечірнє прибуття до Львова (залежно від проходження кордону); В турі ми відвідаємо такі міста: Трогір , Оміш , Спліт , Задар , Егер (Угорщина); Розпочинаємо нашу подорож в Хорватії, нас зустрічає місто Водіце, з прекрасним пляжем, посеред соснових дерев. Екологічно чисте і ласкаве море, поєднані з чудовою архітектурою. Відпочиваємо, купаємось в морі, засмагаємо… А ще можемо заїхати в Задар – містечко, яке вражає своїми краєвидами, архітектурою, та співаючим морським органом. Можемо відвідати парк «Крка» з унікальним каскадом природних водоспадів, озерами і красивими островами в центрі річки. Можемо також відвідати унікальний парк Плітвицькі озера – це справжнє природне диво світу. Незаймана, велична природа парку викликає щире захоплення мільйонів туристів. По дорозі можемо заїхати в Егер і потрапити на дегустацію молодого вина зі смачним гуляшем в невеликих винних погребах.; Факультативні екскурсії в турі оплачуються додатково.; Зверніть увагу! Відпочинок на морі завершується з моменту ВИСЕЛЕННЯ з готелю. Виїзд з курорту відбувається після виселення з готелю. Європейські правила поселення/виселення з готелю: - заселення в готель після 15:00 - виселення з готелю о 9:30; У вартість туру також входить проживання у готелі. Тип харчування обираєте під час бронювання.; З детальною програмою тура можете ознайомитися у розділі "" Програма "".; Враження від інших учасників туру можете переглянути в розділі "" Відгуки "".; Графік виїздів, та інформацію про гарантований автобусний тур до Хорватії дивіться в календарі на сайті. Якщо у вас виникли запитання, ви можете проконсультуватися з менеджером: натискайте на кнопку, ""відправити запит "". Якщо бажаєте придбати тур, натискайте tour_id=1660, agent_url=/tour/nasha-horvatska-vidpustka, type=text, title=""Замовити тур"".; Чартерний автобусний рейс до Хорватії; Всі автобусні тури на море в Хорватію; Всі автобусні тури на море",544,,✅ done,"22.06.2026, 12:07:31"
https://adriatic-travel.com.ua/tour/italiya-sertse-adriatyky,«Італія серце Адріатики: 6 ночей на морі в Ріміні»,"Егер, Будапешт, Венеція, Ріміні(6 ночей), Верона, Трієст",6,"Львів, Мукачево, Стрий, Ужгород, Будапешт","Проїзд автобусом єврокласу; Супровід керівником групи; Проживання в готелі Palma Benessere (Ріміні) або Hotel Valparaiso , Hotel ABC; Харчування - сніданки; Страхування; 1 дорослий + 1 дитина — на дитину надається знижка 10% від вартості туру; 1 дорослий + 2 дитини — на кожну дитину надається знижка 10% від вартості туру; 2 дорослих + 1 дитина — на дитину надається знижка 10% від вартості туру; 2 дорослих + 2 дитини — на кожну дитину надається знижка 10% від вартості туру","Особисті витрати (обіди, вечері, та інше); City tax - від 2,5 € до 3€ доба з особи(місцевий податок, оплачується в автобусі керівнику групи за вимоги готелю); Навушники 2€/день (оплачується в автобусі керівнику групи); Послуга ""Місце Priority"" - 15€/особа (Замовляється при бронюванні туру. Обирається місце з 1 по 12); Послуга ""Одномісне розміщення"" - 270€ (доплата до вартості туру); Послуга ""Для наречених пар"" - знижка 5% від вартості туру для тих хто нещодавно побрався (забронювати тур не пізніше 30 днів з дати розпису).; Послуга ""Останній ряд"" - знижка 10€ від вартості туру при виборі місця в останньому ряді автобуса.; Послуга ""Додаткове вільне місце біля себе"" - 75% до вартості туру.; Правила проведення екскурсійного туру.; Місця в автобусі розподіляються по черзі, в міру надходження заявок, і вказуються в підтвердженні заявки.; Туроператор лишає за собою право змінювати кількість, порядок і час проведення екскурсій або замінювати їх на рівноцінні.; Туроператор лишає за собою право вносити зміни в програму туру без зміни загальної кількості послуг.; Програма туру може змінюватись на Новий Рік, Різдво, Травневі свята та інші святкові дати.; Вартість факультативних екскурсій може змінюватись в залежності від кількості туристів в групі. Для проведення факультативної екскурсії потрібно зібрати мінімальну необхідну кількість бажаючих. Таку мінімальну кількість бажаючих повідомляє керівник групи в турі.; ТУРОПЕРАТОР НЕ НЕСЕ ВІДПОВІДАЛЬНОСТІ ЗА РОБОТУ МИТНИХ ТА ПРИКОРДОННИХ ОРГАНІВ, А ТАКОЖ ЗА ЗАТОРИ І РЕМОНТИ НА ДОРОГАХ, ПОГОДНІ УМОВИ. Туроператор не приймає претензії по затримці часу через дії третіх осіб, на яких у Туроператора немає впливу.; Туроператор не несе відповідальності за речі залишені туристами в готелях, автобусі та ін. місцях. Притензії щодо втрати власних речей не приймаються.",,"Автобусний тур на 9 днів, без нічних переїздів, 7 днів / 6 ночей відпочинку на морі. Ранковий виїзд зі Львова і нічне прибуття у Львів (залежно від проходження кордону).; В турі ми відвідаємо такі міста: відпочинок в Ріміні (6 ночей), та екскурсійна програма: Сан-Марино, Болонья, Флоренція, Равенна. Детальний маршрут тура дивіться в розділі "" Маршрут "".; В турі передбачений відпочинок на одному з найпопулярніших курортів Італії, на Адріатичному узбережжі, в Ріміні (6 ночей). Для охочих познайомитися з Італією передбачена екскурсійна програма. Факультативні екскурсії можна замовити у гіда безпосередньо в турі.; Зверніть увагу! Виїзд з курорту відбувається після виселення з готелю. Європейські правила поселення/виселення з готелю: - заселення в готель після 14:00 - виселення з готелю о 10:00; У вартості туру проживання в готелі зі сніданками.; Детальну програму тура дивіться у розділі "" Програма тура "".; Враження від подорожі інших учасників туру можете переглянути у розділі "" Відгуки "".; Графік виїздів, та інформацію про гарантовані автобусні тури на море в Італію дивіться в календарі на сайті. Якщо у вас виникли запитання, ви можете проконсультуватися з менеджером: натискайте на кнопку, ""залишити запит"". Якщо бажаєте придбати тур, натискайте tour_id=1326 , agent_url=/tour/yaskravi-barvy-adriatyky, type=text, title=""Замовити тур"".; Всі автобусні тури на море в Італію; Всі автобусні тури на море; Всі актуальні акції на автобусні тури",504,,✅ done,"22.06.2026, 12:07:36"
https://adriatic-travel.com.ua/tour/martsypanovi-kanikuly-v-ugorshchyni,"«Марципанові канікули в Угорщині: Будапешт, Сентендре + аквапарк Aquaworld Resort, зоопарк Шошто»","Будапешт, Сентендре, Естергом, Ньїредьгаза",30,Львів,Супровід керівником групи; Проїзд автобусом єврокласу; Проживання за маршрутом: готель 3*; Харчування - сніданки; Оглядова екскурсія Будапештом; Страхування,"Проїзд в громадському транспорті; Факультативні екскурсії; Вхідні квитки в екскурсійні об'єкти; Особисті витрати (обіди, вечері, та інше); City tax - 3€/ніч/особа (місцевий податок, оплачується керівнику групи за вимоги готелю); Обов'язкова доплата за оренду радіоприймача з навушниками для екскурсій - 2€/день (оплачується керівнику групи); Послуга ""Місце Priority"" - 7€/особа (Замовляється при бронюванні туру. Обирається місце з 5 по 12); Послуга ""Одномісне розміщення"" - 60€ (доплата до вартості туру); За умови індивідуального бронювання - діти віком до 13 років включно, НЕ ОПЛАЧУЮТЬ факультативні екскурсії, якщо інше не вказано в програмі туру (Якщо в програмі туру вказана вартість для дітей - то така факультативна екскурсія оплачується по вказаній вартості). Вхідні квитки в екскурсійні об'єкти та послуги трансферу оплачуються на загальних підставах. За умови бронювання туру для організованих груп, турів на випускний - всі учасники групи оплачують стандартну вартість факультативних екскурсій.; Послуга ""Останній ряд"" - знижка 10€ від вартості туру при виборі місця в останньому ряді автобуса.; Послуга ""Для наречених пар"" - знижка 5% від вартості туру для тих хто нещодавно побрався (забронювати тур не пізніше 30 днів з дати розпису).; Послуга ""Додаткове вільне місце біля себе"" - 75% до вартості туру.; Послуга ""Подарунок на день народження"" . - Даруємо 1 безкоштовну факультативну екскурсію в турі на вибір Туроператора (вартість екскурсії не перевищуватиме 20€. Обрати екскурсію можливо лише з того переліку, який надасть Туроператор вже в турі). - Подарункова екскурсія надається лише у разі, якщо день народження туриста припадає безпосередньо на дати туру.",,"Автобусний тур на 3 дні, без нічних переїздів . Ранковий виїзд зі Львова і нічне поверенення у Львів (в залежності від проходження кордону).; Відвідаємо такі міста: Будапешт, Сентендре, Естергор, Ніредьгаза; В турі вас очікує: 2 ночі у Будапешті, , зоопарк «Шошто» в Ніредьгазі, Аквапарк Aquasziget в Естергорі; Відкрийте для себе чарівну Угорщину в унікальному турі, що поєднує культурні враження та розваги! Вас очікує захоплива програма: прогулянки мальовничим Будапештом, візит до затишного Сентендре, веселощі в аквапарку Aquasziget, відвідини найбільшого в центральній Європі Тропікарій - Океанаріум та знайомство з тваринами в зоопарку Шошто. Ця подорож стане ідеальним вибором для родинного відпочинку, подорожі з компанією друзів. У Будапешті проведемо 2 ночі.; Зверніть увагу! У вартість туру включено 1 екскурсія по місту: Будапешт .; У вартість туру також входить проживання у готелі категорії 3*. Сніданки в готелі включені у вартість.; З детальною програмою тура можете ознайомитися у розділі "" Програма ""; Враження від туру інших учасників можете переглянути у розділі "" Відгуки "".; Фотографії, відео, відгуки можете подивитися в соцмережах: instagram , facebook , telegram .; Графік виїздів, та інформацію про гарантовані автобусні тури до Угорщини дивіться в календарі на сайті. Якщо у вас виникли запитання, ви можете проконсультуватися з менеджером: натискайте на кнопку ""відправити запит"". Якщо бажаєте придбати тур, натискайте tour_id=1524 , agent_url=/tour/martsypanovi-kanikuly-v-ugorshchyni, type=text, title=""Замовити тур"".",178,191,✅ done,"22.06.2026, 12:07:40"
https://adriatic-travel.com.ua/tour/barselona-sertse-kataloniyi,«Барселона - серце Каталонії»,"Егер, Будапешт, Відень, Ніцца, Монте-Карло, Санремо, Марсель, Барселона, Жирона, Венеція, Егерсалок",8,Львів,"Проїзд автобусом єврокласу; Супровід керівником групи; Проживання по маршруту: готель 3-4*; Харчування - сніданки; Оглядові екскурсії у Відні, Ніцці, Марселі та Барселоні; Страхування; всі автобусні тури в Іспанію; всі діючі акції на автобусні тури","Проїзд в громадському транспорті; Факультативні екскурсії; Вхідні квитки в екскурсійні об'єкти; Особисті витрати (обіди, вечері, та інше); City tax - 10€ (місцевий податок, оплачується керівнику групи за вимоги готелю); Обов'язкова доплата за оренду радіоприймача з навушниками для екскурсій - 2€/день (оплачується керівнику групи); Послуга ""Місце Priority"" - 15€/особа (Замовляється при бронюванні туру. Обирається місце з 1 по 12); Послуга ""Одномісне розміщення"" - 125€ (доплата до вартості туру); За умови індивідуального бронювання - діти віком до 13 років включно, НЕ ОПЛАЧУЮТЬ факультативні екскурсії, якщо інше не вказано в програмі туру (Якщо в програмі туру вказана вартість для дітей - то така факультативна екскурсія оплачується по вказаній вартості). Вхідні квитки в екскурсійні об'єкти та послуги трансферу оплачуються на загальних підставах. За умови бронювання туру для організованих груп, турів на випускний - всі учасники групи оплачують стандартну вартість факультативних екскурсій.; Послуга ""Останній ряд"" - знижка 10€ від вартості туру при виборі місця в останньому ряді автобуса.; Послуга ""Для наречених пар"" - знижка 5% від вартості туру для тих хто нещодавно побрався (забронювати тур не пізніше 30 днів з дати розпису).; Послуга ""Додаткове вільне місце біля себе"" - 75% до вартості туру.; Послуга ""Подарунок на день народження"" . - Даруємо 1 безкоштовну факультативну екскурсію в турі на вибір Туроператора (вартість екскурсії не перевищуватиме 20€. Обрати екскурсію можливо лише з того переліку, який надасть Туроператор вже в турі). - Подарункова екскурсія надається лише у разі, якщо день народження туриста припадає безпосередньо на дати туру.",,"Тур на 8 днів, 2 нічних переїзди. Ранковий виїзд зі Львова і нічне прибуття у Львів (в залежності від проходження кордону); В турі ми відвідаємо такі міста: Егер , Будапешт ( Угорщина ), Відень ( Австрія ), Ніцца, Монте-Карло ( Франція ), Сан-Ремо ( Італія ), Марсель ( Франція ), Барселона, Жирона ( Іспанія ), Венеція ( Італія ), Егерсалок ( Угорщина ); Ми їдемо в Угорщину, маємо можливість потрапити на дегустацію молодого вина зі смачним гуляшем в невеликих винних погребах в місті Егер . Далі прямуємо в Будапешт , тут можемо прогулятись на кораблику по Дунаю, перед Вами відкриється панорама вечірнього міста, ілюмінація в Будапешті - одна з найкращих і найдивовижніших у світі. Прямуємо в Відень - місто музики та великих музикантів, місто чарівне і прекрасне... Тут можемо відвідати Імператорський палац Шонбрунн – літню резиденцію імператорів і потрапити в Золоту скарбницю Габсбургів - музей кращих у світі зібрань християнських реліквій. Прямуємо в Ніццу – це місто з італійським темпераментом і енергійною середземноморською атмосферою, буквально створений для відпочинку та насолоди життям. Маємо можливість відвідати Монте Карло - розкішний центр світського життя Монако . А також Сан Ремо – курортне місто на березі Середземного моря в Італії. Вирушаємо в Марсель - друге за величиною місто Франції, одне з найбільших і найстаріших портів на Середземному морі. Маємо можливість потрапити в Замок Іф - відомий у світі насамперед, завдяки роману Олександра Дюма «Граф Монте-Крісто»... Прямуємо в Барселону – кольорова, жива, яскрава з гарячим іспанським темпераментом, одне з найкрасивіших міст світ. Всі пам'ятки Барселони важко перерахувати - місто нагадує музей просто неба і в нас є чудова можливість прогулятись по готичному кварталу Барселони, побачити неперевершені творіння генія Гауді, відвідати гору Монсеррат – на химерній незвичайної форми горі розташований старовинний монастир, перенестись в казкове, середнє місто Жирона і не залишаючи меж Барселони, побувати практично у всіх куточках Іспанії – відвідати Іспанське село, де просто неба зібрані зменшені копії іспанської архітектури. А тепер вирушаємо в Венецію – місто на воді, де замість вулиць канали. Пропонуємо Вам незабутню прогулянку на гондолі, побачити Гранд канал та Палац Дожів. Поруч з Венецією знаходяться два яскравих міста: Мурано – відомий на увесь світ виробництвом скла і Бурано – відоме й з давніх часів прекрасними мереживами. Повертаємось в Угорщину, тут є можливість насолодитися та отримати релакс в Термальних купальнях Saliris Resort - Spa& Conference Hotel – Egerszal ók .; Зверніть увагу! У вартість туру включено 4 екскурсії по містах: Відень, Ніцца, Марсель та Барселона; У вартість туру також входить проживання у готелях категорії 3-4* . Сніданки включені у вартість.; З детальною програмою тура можете ознайомитися у розділі "" Програма ""; Враження від туру інших учасників можете переглянути у розділі "" Відгуки "".; Фотографії, відео, відгуки можете подивитися в соцмережах: instagram , facebook , telegram .; Графік виїздів, та інформацію про гарантовані автобусні тури до Іспанії дивіться в календарі на сайті. Якщо у вас виникли запитання, ви можете проконсультуватися з менеджером: натискайте на кнопку ""відправити запит"". Якщо бажаєте придбати тур, натискайте tour_id=343 , agent_url=/tour/barselona-sertse-kataloniyi, type=text, title=""Замовити тур"".",422,453,✅ done,"22.06.2026, 12:07:44"
https://adriatic-travel.com.ua/tour/litnya-vidpustka-v-albanii,«Літня відпустка в Албанії»,"Охрид, Саранда, Ксаміл, Керкіра (Корфу), Гірокастра, Парга, Бутрінті, Скоп'є",12,"Львів, Стрий, Мукачево, Ужгород, При перетині КПП Лужанка, буде трансфер з Ужгорода до Мукачево","Проїзд автобусом єврокласу; Супровід керівником групи; Проживання по маршруту: 3-4 * ( Базовий готель Sea View Hotel Saranda або інший тієї ж категорії); Харчування: Сніданки в транзитних готелях, сніданки та вечері в Албанії; Екскурсії згідно з програмою туру; Страхування; Проїзд в громадському транспорті; Факультативні екскурсії; Вхідні квитки в екскурсійні об'єкти; Особисті витрати (обіди, вечері, та інше); City tax - від 2-3€/особа/ніч (місцевий податок, оплачується керівнику групи за вимоги готелю); Обов'язкова доплата за оренду радіоприймача з навушниками для екскурсій - 2€/день/оренда (оплачується керівнику групи); За бажанням — оренда шезлонгів(орієнтовно +/-10 євро); При бронюванні туру на дітей до 13.99 років включно діє знижка:; 1 дорослий + 1 дитина (до 13,99 років включно) — на дитину надається знижка 10% від вартості туру; 1 дорослий + 2 дитини (до 13,99 років включно) — на кожну дитину надається знижка 5% від вартості туру; 2 дорослих + 1 дитина (до 13,99 років включно) — на дитину надається знижка 10% від вартості туру; 2 дорослих + 2 дитини (до 13,99 років включно) — на кожну дитину надається знижка 10% від вартості туру; Послуга ""Місце Priority"" - 20€/особа (Замовляється при бронюванні туру. Обирається місце з 1 по 12); Послуга ""Одномісне розміщення"" - під запит",,,"Автобусний тур на 12 днів, з 2 нічними переїздами. 8 днів / 7 ночей відпочинку на морі. Ранковий виїзд зі Львова і нічне прибуття у Львів (залежно від проходження кордону).; В турі ми відвідаємо такі міста: Охрид, Саранда, Ксаміл, Керкіра (Корфу), Гірокастра, Парга, Бутрінті, Скоп'є. Детальний маршрут тура дивіться в розділі "" Маршрут "".; В турі передбачений відпочинок на морі в Албанії та екскурсійна програма за бажанням. В Північній Македої матимемо можливість завітати до Охридського озера, побачимо найгарніший каньйон Північної Македонії — Матка, а також відвідаємо столицю Північної Македонії - місто Скоп’є. В Албанії теж є багато цікавих місць. Ми пропонуємо відвідати найцікавіші з них: Бутринт, Гірокастр та Блакитне око, Острів Сазан і Печера Хаджі Алі, ""албанські мальдіви"" - Ксаміль. Поряд з Албанією межує Грецію і ми можемо відправитися в місто Парга та на острів Корфу. Факультативні екскурсії можна замовити у гіда безпосередньо в турі.; Зверніть увагу! Виїзд з курорту відбувається після виселення з готелю. Європейські правила поселення/виселення з готелю: - заселення в готель після 14:00 - виселення з готелю о 10:00; У вартості туру проживання в готелі зі сніданками. В період відпочинку в Албанії передбачено сніданки + вечері.; Детальну програму тура дивіться у розділі "" Програма тура "".; Враження від подорожі інших учасників туру можете переглянути у розділі "" Відгуки "".; Графік виїздів, та інформацію про гарантовані автобусні тури на море в Албанію дивіться в календарі на сайті. Якщо у вас виникли запитання, ви можете проконсультуватися з менеджером: натискайте на кнопку, ""залишити запит"". Якщо бажаєте придбати тур, натискайте tour_id=1580 , agent_url=/tour/litnya-vidpustka-v-albanii, type=text, title=""Замовити тур"".",714,,✅ done,"22.06.2026, 12:07:48"
https://adriatic-travel.com.ua/tour/randevu-v-paryzhi,"«Рандеву в Парижі або 5 днів Французького Вайбу! (Париж, Нормандія, Етрета, замки Луари)»","Вроцлав, Дрезден, Майсен, Франкфурт-на-Майні, Париж(3 ночі), Руан, Онфлер, Етрета, Прага",5,"Львів, Перемишль, Жешув, Тарнув, Краків, Катовіце, Вроцлав, Легніца, Дрезден","Проїзд автобусом єврокласу; Супровід керівником групи; Проживання по маршруту: готель зі сніданками; Харчування - сніданки; Оглядові екскурсії: Вроцлав, Дрезден, Париж, парфумерна фабрика Фрагонар, Богемний Монмартр; Страхування","Проїзд в громадському транспорті; Факультативні екскурсії; Вхідні квитки в екскурсійні об'єкти; Особисті витрати (обіди, вечері, та інше); City tax - від 4€ до 10€ за ніч (місцевий податок, оплачується керівнику групи за вимоги готелю) City tax (святкові виїзди) - 2€/доба/особа (місцевий податок, оплачується керівнику групи за вимоги готелю); Обов'язкова доплата за оренду радіоприймача з навушниками для екскурсій - 2€/день (оплачується керівнику групи); Послуга ""Місце Priority"" - 15€/особа (Замовляється при бронюванні туру. Обирається місце з 5 по 12); Послуга ""Одномісне розміщення"" - 250€ (доплата до вартості туру); За умови індивідуального бронювання - діти віком до 13 років включно, НЕ ОПЛАЧУЮТЬ факультативні екскурсії, якщо інше не вказано в програмі туру (Якщо в програмі туру вказана вартість для дітей - то така факультативна екскурсія оплачується по вказаній вартості). Вхідні квитки в екскурсійні об'єкти та послуги трансферу оплачуються на загальних підставах. За умови бронювання туру для організованих груп, турів на випускний - всі учасники групи оплачують стандартну вартість факультативних екскурсій.; Послуга ""Останній ряд"" - знижка 10€ від вартості туру при виборі місця в останньому ряді автобуса.",,"Автобусний тур на 8 днів, без нічних переїздів . 4 ночі проживаємо в Парижі. Ранковий виїзд зі Львова та нічне прибуття у Львів (залежно від проходження кордону).; У турі відвідаємо: Польщу ( Вроцлав ), Чехію ( Прагу ), Німеччину (Дрезден, Майсен, Франкфурт-на-Майні), Францію (Париж - 4 ночі, Руан, Етрета, Замки Луари). Детальний маршрут туру дивіться у розділі "" Маршрут "".; Вроцлав приводить у захват кожного, хто тут побував. У Дрездені буде можливість не тільки побачити численні пам'ятники історії, архітектури, культури, а й зануритися в історію міста, Саксонії. Франкфурт вважається світовим центром комерції, культури, освіти і туризму. Париж стає рідним з першого погляду, з першого кроку його витертою бруківкою. Паризькі прогулянки заводять у минуле, в пам'ять серця, у потаємні куточки душі. Бажаюі матимуть можливість відправитися у подорож в Нормандію: Руан та Етрета. Далі нас чекає чарівна Прага, місто, овіяне численними легендами та міфами, що виникли за його тисячолітню історію. Запрошуємо слідами міфічних істот та легендарних жителів Праги в таємні місця, які створюють неповторний колорит міста над Влтавою.; Зверніть увагу! У вартість туру включено 5 екскурсій: Вроцлав, Дрезден, Париж, парфумерна фабрика Фрагонар, Богемний Монмартр.; У вартості туру входить проживання в готелях . Сніданки включені у вартість туру.; З детальною програмою туру ви можете ознайомитися в розділі "" Програма туру "".; Почитати враження від туру інших учасників можете в розділі "" Відгуки "".; Фотографії, відео, відгуки можете подивитися в соцмережах: instagram , facebook , telegram .; Графік виїздів, та інформацію про гарантовані автобусні тури до Франції дивіться в календарі на сайті. Якщо у вас виникли запитання, ви можете проконсультуватися з менеджером: натискайте на кнопку ""відправити запит"". Якщо бажаєте придбати тур, натискайте tour_id=1277 , agent_url=/tour/randevu-v-paryzhi, type=text, title=""Замовити тур""; всі автобусні тури в Париж; всі автобусні тури до Франції; всі автобусні тури без нічних переїздів; всі актуальні акціїї на автобусні тури",482,507,✅ done,"22.06.2026, 12:07:53"