URL туру,Назва туру,День №,Місто / Локація,Факультативи (назва + ціна),Опис дня,Симв.
https://adriatic-travel.com.ua/tour/cheski-perlyny-4-nochi-v-prazi-drezden,«Чеські перлини: 4 ночі в Празі + Дрезден»,1,06:15 – збір групи на залізничному вокзалі м. Львів (платна стоянка праворуч від центрального входу),"кордону та наявності часу, запрошуємо на екскурсію «Краків — королівський шлях»: 20€; Або ж пропонуємо подорож у Дрезден — саксонську перлину: 40€; програм для детального знайомства з його скарбами: Дрезденська картинна галерея: 30€; Містечко Мейсен: 33€; Тут хочеться фотографувати кожні двері та кожне вікно! Саксонська Швейцарія: 35€; Для фіналу дня — «Вечірня Прага»: 20€; Чеський Крумлов — місто, де зупинився час: 40€; Замок Чеський Штернберг: «Зірка над Сазавою»: 40€; Скелі Адршпах: природний лабіринт: 40€; істі! Перед від’їздом пропонуємо завершальний акцент — екскурсію Празьким Градом: 20€; У вільний час вибирайте пригоду собі до душі: Прогулянка на кораблику по Влтаві: 40€; ція гастрономічного задоволення та естетичної насолоди! Екскурсія в Карлові Вари: 40€; Музей Бехеровки: 19€; Ви навчитеся пити його як справжні чехи! Кутна Гора та Костніца: 40€; 33€, діти: 25€; 35€, діти: 25€; 40€, діти: 35€; 40€, діти: 20€","06:15 – збір групи на залізничному вокзалі м. Львів (платна стоянка праворуч від центрального входу). Важливий момент: за день до виїзду керівник групи створить спільний чат у Viber . Це ваш головний інфо-центр: номер автобуса, геолокації зупинок, актуальний таймінг та швидкі відповіді на всі питання. Обов’язково перевірте наявність додатка!
06:45 – виїзд зі Львова. Починаємо знайомство, налаштовуємося на позитив та слухаємо «дорожню карту» нашої пригоди від керівника групи. Ви дізнаєтеся всі організаційні секрети: як не заблукати в Празі, де міняти валюту за найкращим курсом та які гастрономічні відкриття чекають на нас у турі.
Перетин кордону. Процедура стандартна: паспортний та митний контроль. Нагадуємо, що наш автобус здійснює рейс згідно з міжнародною системою Interbus, що гарантує л",800
https://adriatic-travel.com.ua/tour/rym-prekrasnyy-zavzhdy#about_tour,"«Рим прекрасний завжди...: 2 дні в Римі + Венеція, Флоренція»",1,,,,0
https://adriatic-travel.com.ua/tour/rym-prekrasnyy-zavzhdy#about_tour,"«Рим прекрасний завжди...: 2 дні в Римі + Венеція, Флоренція»",2,,,,0
https://adriatic-travel.com.ua/tour/rym-prekrasnyy-zavzhdy#about_tour,"«Рим прекрасний завжди...: 2 дні в Римі + Венеція, Флоренція»",3,,,,0
https://adriatic-travel.com.ua/tour/rym-prekrasnyy-zavzhdy#about_tour,"«Рим прекрасний завжди...: 2 дні в Римі + Венеція, Флоренція»",4,,,,0
https://adriatic-travel.com.ua/tour/rym-prekrasnyy-zavzhdy#about_tour,"«Рим прекрасний завжди...: 2 дні в Римі + Венеція, Флоренція»",5,,,,0
https://adriatic-travel.com.ua/tour/rym-prekrasnyy-zavzhdy#about_tour,"«Рим прекрасний завжди...: 2 дні в Римі + Венеція, Флоренція»",6,Перетин кордону.,,"Перетин кордону.
Вечірнє повернення до Львова (залежно від проходження кордону).
Має право на безкоштовний тур;
Безкоштовно екскурсії на які йде вся її група;
Безкоштовно радіо гід і сіті такс;
Безкоштовне харчування те, яке має група в турі;
Потрібні безкоштовні місця для керівника групи?
Це легко організувати! У розділі «Калькулятор цін – Вартість для груп» ви можете вказати необхідну кількість безкоштовних місць, і система автоматично врахує це у підсумковій вартості.
Якщо для групи Ви обираєте безкоштовні місця тоді діють наступні додаткові послуги для безкоштовної особи:
Обовʼязкових екскурсій для груп НЕМАЄ!
При бронюванні екскурсій разом із туром, можливі знижки до 10% (деталі у Вашого куратора)
Вже маєте прорахований тур? Зв'яжіться з нами і ми підтвердимо ціну конкурента або запро",800
https://adriatic-travel.com.ua/tour/evropeyska-mozaika-krakiv-praga-viden-budapesht,«Європейська мозаїка: Краків-Прага-Відень-Будапешт»,1,06:30 – збір групи на залізничному вокзалі м. Львів (платна стоянка праворуч від центрального входу),"кордону та наявності часу, запрошуємо на екскурсію «Краків — королівський шлях»: 20€; ти екскурсії для глибшого знайомства з містом: Прогулянка на кораблику по Влтаві: 40€; ьна комбінація гастрономічного задоволення та естетичної насолоди! Празький Град: 20€; «Вечірня Прага»: 20€; атмосферу імперії, ми підготували особливі екскурсії на вибір: Блискучий Відень: 25€; «Легенди Відня»: 21€; Імператорський палац Шенбрунн: 11€; Золота скарбниця Габсбургів: 21€; По прибуттю в Будапешт запрошуємо на прогулянку на кораблику по Дунаю: 29€; айяскравіші штрихи нашої подорожі! Оглядова екскурсія «Перлина Дунаю — Будапешт»: 20€; Винні підвали у Долині Красунь з дегустацією та гуляшем: 29€; При наявності часу пропонуємо оглядову екскурсію по місту Краків: 20€; льний час пропонуємо факультативні екскурсії на вибір: Екскурсія Празьким Градом: 20€; й «народний чеський святий», великим центром паломництва!!! Прогулянка по Влтаві: 40€; Трансфер до Праги на святкування Нового Року: 15€; У вільний час пропонуємо факультативні екскурсії на вибір: Блискучий Відень: 25€; Імператорський палац Шонбрунн: 11€; Золота скарбниця Габсбургів: 19€; нуємо факультативні екскурсії на вибір: Вечірня прогулянка по Дунаю на кораблику: 29€; озі пропонуємо факультативні екскурсії на вибір: Оглядова екскурсія по Будапешту: 20€; ємо відвідати винні підвали у Долині красунь з дегустацією вин і смачного гуляшу: 29€; 99 років: 35€; 25€, діти: 15€; 29€, діти: 19€; 99 років: 15€","06:30 – збір групи на залізничному вокзалі м. Львів (платна стоянка праворуч від центрального входу). Важливий момент: за день до виїзду керівник групи створить спільний чат у Viber . Це ваш головний інфо-центр: номер автобуса, геолокації зупинок, актуальний таймінг та швидкі відповіді на всі питання. Обов’язково перевірте наявність додатка!
07:00 – виїзд зі Львова. Починаємо знайомство, налаштовуємося на позитив та слухаємо «дорожню карту» нашої пригоди від керівника групи. Ви дізнаєтеся всі організаційні секрети: як не заблукати в Празі, де міняти валюту за найкращим курсом та які гастрономічні відкриття чекають на нас у турі.
Перетин кордону. Процедура стандартна: паспортний та митний контроль. Нагадуємо, що наш автобус здійснює рейс згідно з міжнародною системою Interbus, що гарантує л",800
https://adriatic-travel.com.ua/tour/neymovirna-shveytsariya-ta-elzas,«Неймовірна Швейцарія та Ельзас!»,1,,,,0
https://adriatic-travel.com.ua/tour/neymovirna-shveytsariya-ta-elzas,«Неймовірна Швейцарія та Ельзас!»,2,,,,0
https://adriatic-travel.com.ua/tour/neymovirna-shveytsariya-ta-elzas,«Неймовірна Швейцарія та Ельзас!»,3,,,,0
https://adriatic-travel.com.ua/tour/neymovirna-shveytsariya-ta-elzas,«Неймовірна Швейцарія та Ельзас!»,4,,,,0
https://adriatic-travel.com.ua/tour/neymovirna-shveytsariya-ta-elzas,«Неймовірна Швейцарія та Ельзас!»,5,"Сніданок. Снідаємо максимально ситно, адже сьогодні на нас чекає багато піших прогулянок і дорога до",99 років: 35€,"Сніданок. Снідаємо максимально ситно, адже сьогодні на нас чекає багато піших прогулянок і дорога додому.
Виселення з готелю (пересування по місту на громадському транспорті за власні кошти).
«Перше побачення з Прагою» (у вартості туру). Ця екскурсія дозволить Вам в короткий час ознайомитися з історичними районами Праги та її чудовими пам'ятками архітектури. Ви пройдете лабіринтами вуличок Старого міста, і побуваєте в найкрасивіших місцях міста: на Вацлавській і Староміській площах, на Карловому мості. Ви побачите знаменитий Орлой — празькі куранти, Тинський собор, будинок, де народився письменник Франц Кафка. На Карловому мості, приклавши руку до скульптури Яна Непомуцького , Ви загадаєте бажання, яке, згідно з легендами, обов'язково збудеться .
Для того, щоб краще познайомитись з Прагою ",800
https://adriatic-travel.com.ua/tour/italiyskyy-vikend-venetsiya-florentsiya-rym#about_tour,"«Італійський вікенд... Венеція, Флоренція, Рим»",1,,,,0
https://adriatic-travel.com.ua/tour/italiyskyy-vikend-venetsiya-florentsiya-rym#about_tour,"«Італійський вікенд... Венеція, Флоренція, Рим»",2,,,,0
https://adriatic-travel.com.ua/tour/italiyskyy-vikend-venetsiya-florentsiya-rym#about_tour,"«Італійський вікенд... Венеція, Флоренція, Рим»",3,,,,0
https://adriatic-travel.com.ua/tour/italiyskyy-vikend-venetsiya-florentsiya-rym#about_tour,"«Італійський вікенд... Венеція, Флоренція, Рим»",4,,,,0
https://adriatic-travel.com.ua/tour/italiyskyy-vikend-venetsiya-florentsiya-rym#about_tour,"«Італійський вікенд... Венеція, Флоренція, Рим»",5,"Перетин кордону. Проходимо всі формальності й поступово усвідомлюємо, скільки краси, емоцій і велики",,"Перетин кордону. Проходимо всі формальності й поступово усвідомлюємо, скільки краси, емоцій і великих міст вмістила ця подорож. Італія вже позаду, але її післясмак точно залишиться з нами ще надовго.
Вечірнє прибуття в Україну . Повертаємося додому з відчуттям, що прожили маленьке, але дуже яскраве європейське життя — з гондолами, соборами, вузенькими вуличками, келихами вина, ароматом кави й тією особливою італійською легкістю, яку хочеться забрати з собою.
До нових зустрічей! Ми не ставимо крапку, лише кому. Бо після Венеції, Рима і Флоренції серце вже точно знає: це була не остання така подорож. Дякуємо, що розділили цю красиву італійську історію разом із нами.
Має право на безкоштовний тур;
Безкоштовно екскурсії на які йде вся її група;
Безкоштовно радіо гід і сіті такс;
Безкоштовне ха",800
https://adriatic-travel.com.ua/tour/paryzh-misto-kokhannya,«Париж - місто кохання»,1,07:00 - збір групи на залізничному вокзалі м. Львів. Важливий момент: за день до туру керівник групи,"ри наявності часу, пропонуємо познайомитись зі столицею Польщі — містом Варшавою: 19€; хоче побачити більше та зазирнути за лаштунки міста: Екскурсія «Все про Берлін»: 28€; «Берлінський зоопарк та акваріум»: 15€; Екскурсія «Вечірній Берлін»: 20€; Ваш вільний час у Парижі може стати початком нової пригоди: Прогулянка по Сені: 25€; «Версаль — пишність Короля-Сонця»: 38€; «Богемний Монмартр»: 28€; Вечірня програма «Вогні нічного Парижа»: 38€; пропонуємо додати до вашої колекції вражень: Автобусна екскурсія «Бонжур, Париж»: 35€; наповнити свою пам'ять (і телефон) яскравими емоціями! «Мистецтво краси – Лувр»: 48€; «Серце Парижа: Сіте, Нотр-Дам та Латинський квартал»: 28€; «Романтика Нормандії: Етрета, Ла-Манш та середньовічний Руан»: 68€; «Світ мрії — Діснейленд!» та легендарне нічне шоу Disney Tales of Magic: 26€; По дорозі рекомендуємо відвідати саме «німецьке» місто – Нюрнберг: 23€; 99 років 18€), або трансфер до міста: 13€; Королівська Прага: Градчани та Празький Град: 19€; «Вечірня Прага»: 19€; При наявності часу, пропонуємо оглядову екскурсію по місту Краків: 19€; 99 років: 18€; 99 років: 15€; 99 років: 20€; 99 років: 38€; 99 років: 25€; 48€, діти: 48€; Особлива локація - це Сад емоцій ( оплачується додатково: 14€; 99 років: 35€","07:00 - збір групи на залізничному вокзалі м. Львів. Важливий момент: за день до туру керівник групи створює спільний чат у Viber , де ви отримаєте всі деталі: номер автобуса, точне місце збору та поради щодо речей. Протягом усього туру чат буде вашим «цифровим компасом» — там буде актуальний таймінг, геолокації точок збору та лайфхаки від керівника. Переконайтеся, що додаток встановлено, а сповіщення увімкнені!
07:30 - в иїзд зі Львова. Знайомство; організаційна інформація від керівника групи.
Перетин кордону . Процедура включає паспортний та митний контроль. Для туристичних автобусів діють регламентовані правила перетину згідно з міжнародною угодою Interbus . Важливо: на території пункту пропуску суворо заборонено фото- та відеозйомку. Ознайомитися з детальними правилами перетину, перелі",800
https://adriatic-travel.com.ua/tour/avstriyskyy-khit-budapesht,«Австрійський хіт + Будапешт»,1,,,,0
https://adriatic-travel.com.ua/tour/avstriyskyy-khit-budapesht,«Австрійський хіт + Будапешт»,2,,,,0
https://adriatic-travel.com.ua/tour/avstriyskyy-khit-budapesht,«Австрійський хіт + Будапешт»,3,,,,0
https://adriatic-travel.com.ua/tour/avstriyskyy-khit-budapesht,«Австрійський хіт + Будапешт»,4,,,,0
https://adriatic-travel.com.ua/tour/avstriyskyy-khit-budapesht,«Австрійський хіт + Будапешт»,1,15:00 - збір групи на з/д вокзалі м. Львова.,"ільний час пропонуємо факультативні екскурсії на вибір: «Будапешту шик та блиск»: 20€; «Будапешт - місто контрастів»: 20€; дбати справжні суто угорські ласощі - «хунгарікуми»! Екскурсію в місто Сентендре: 25€; Трансфер до головної площі в Будапешті на святкування Нового Року: 15€; У вільний час пропонуємо факультативні екскурсії на вибір: Блискучий Відень: 25€; Легенди Відня: 21€; Імператорський палац Шонбрунн: 11€; Золота скарбниця Габсбургів: 19€; 25€, діти: 15€","15:00 - збір групи на з/д вокзалі м. Львова.
15:30 - виїзд групи.
Можливість приєднатись до групи по маршруту: 16:30 - Стрий (місце приєднання: АЗС ОККО вул. Болехівська 49) 19:30 - Мукачево (АЗС UPG, вул. Лавківська, 1) 20:30 - Чоп (АЗС ОККО) * - час приєднання орієнтований і залежить від ситуації на дорозі. Точний час приєднання повідомить керівник групи попередньо сконтактувавшись з туристами.
Перетин кордону (Туроператор лишає за собою право вносити зміни в програму туру по днях без зміни загальної кількості послуг, в залежності від проходження кордону).
Нічний переїзд до Будапешту.
Раннє прибуття до Будапешту.
Поселення в готель на території Угорщини.
Ніч в готелі.
Сніданок.
Виселення з готелю до 8:00.
Переїзд до Відня.
17:00 - виїзд з Відня до Будапешту.
Нічний переїзд до України.
Ра",800
https://adriatic-travel.com.ua/tour/bogemski-vyhidni,"«Богемські вихідні: 3 ночі в Празі + Дрезден, Карлові Вари, Чеський Крумлов»",1,06:15 – збір групи на залізничному вокзалі м. Львів (платна стоянка праворуч від центрального входу),"кордону та наявності часу, запрошуємо на екскурсію «Краків — королівський шлях»: 20€; У вільний час вибирайте пригоду собі до душі: Прогулянка на кораблику по Влтаві: 40€; ція гастрономічного задоволення та естетичної насолоди! Екскурсія в Карлові Вари: 40€; Музей Бехеровки: 19€; Ви навчитеся пити його як справжні чехи! Чеський Крумлов: 40€; Кутна Гора та Костніца: 40€; програм для детального знайомства з його скарбами: Дрезденська картинна галерея: 30€; Містечко Мейсен: 33€; Тут хочеться фотографувати кожні двері та кожне вікно! Саксонська Швейцарія: 35€; Для фіналу дня — «Вечірня Прага»: 20€; істі! Перед від’їздом пропонуємо завершальний акцент — екскурсію Празьким Градом: 20€; У вільний час пропонуємо факультативні екскурсії на вибір: Прогулянка по Влтаві: 40€; При наявності вільного часу, пропонуємо екскурсію по місту Краків: 20€; Екскурсія в Карлові Вари: 40€; Пропонуємо відвідати Музей Бехеровки: 19€; АБО Пропонуємо екскурсію в Чеський Крумлов: 40€; Кутна Гора: 40€; Трансфер до Праги на святкування Нового Року: 15€; культативні екскурсії на вибір: Дрезденську галерею, або Галерею старих майстрів: 30€; ей коштовностей - і це ще далеко не все! Дивовижне середньовічне містечко Мейсен: 33€; Одна з найгарніших екскурсій Саксонська Швейцарія: 35€; «Вечірня Прага»: 20€; У вільний час пропонуємо факультативну екскурсію: Екскурсія Празьким Градом: 20€; 99 років: 35€; 40€, діти: 20€; 33€, діти: 25€; 35€, діти: 25€; 99 років: 20€; 99 років: 25€","06:15 – збір групи на залізничному вокзалі м. Львів (платна стоянка праворуч від центрального входу). Важливий момент: за день до виїзду керівник групи створить спільний чат у Viber . Це ваш головний інфо-центр: номер автобуса, геолокації зупинок, актуальний таймінг та швидкі відповіді на всі питання. Обов’язково перевірте наявність додатка!
06:45 – виїзд зі Львова. Починаємо знайомство, налаштовуємося на позитив та слухаємо «дорожню карту» нашої пригоди від керівника групи. Ви дізнаєтеся всі організаційні секрети: як не заблукати в Празі, де міняти валюту за найкращим курсом та які гастрономічні відкриття чекають на нас у турі.
Перетин кордону. Процедура стандартна: паспортний та митний контроль. Нагадуємо, що наш автобус здійснює рейс згідно з міжнародною системою Interbus, що гарантує л",800
https://adriatic-travel.com.ua/tour/miks-vikend-budapesht-viden,«Мікс вікенд: Будапешт + Відень»,1,17:00 – збір групи на залізничному вокзалі м. Львів (платна стоянка праворуч від входу). Важливо: за,"уємо додати до свого дня трохи магії та нових ракурсів: «Будапешту шик та блиск»: 20€; «Будапешт — місто контрастів»: 20€; Сентендре — марципанова казка: 25€; натхнення та «космічних» фото! Панорамний Будапешт: Цитаделла та пагорб Геллерт: 10€; Або ж пропонуємо подорож до столиці розкоші — Відень: 46€; атмосферу імперії, ми підготували особливі екскурсії на вибір: Блискучий Відень: 25€; «Легенди Відня»: 21€; Імператорський палац Шенбрунн: 11€; Золота скарбниця Габсбургів: 21€; Пропонуємо фінальний вихід у світ — Прогулянка на кораблику по Дунаю: 29€; ільний час пропонуємо факультативні екскурсії на вибір: «Будапешту шик та блиск»: 20€; «Будапешт - місто контрастів»: 20€; дбати справжні суто угорські ласощі - «хунгарікуми»! Екскурсію в місто Сентендре: 25€; Трансфер до головної площі в Будапешті на святкування Нового Року: 15€; Блискучий Відень: 25€; Легенди Відня: 21€; Імператорський палац Шонбрунн: 11€; Золота скарбниця Габсбургів: 19€; Для охочих, пропонуємо Прогулянку по Дунаю на кораблику: 29€; квиток (орієнтована вартість ~30: 32€; 25€, діти: 15€; 29€, діти: 19€; 99 років: 19€","17:00 – збір групи на залізничному вокзалі м. Львів (платна стоянка праворуч від входу). Важливо: за день до туру керівник створить чат у Viber — це ваш «центр управління польотом». Там будуть локації зупинок, номер автобуса та всі оперативні поради. Перевірте, чи додаток активний!
17:30 – виїзд у напрямку Угорщини. Знайомимося, налаштовуємося на угорський вайб та слухаємо «план підкорення Будапешта» від керівника групи.
Можливість приєднатися по маршруту (таймінг орієнтовний): Наш лайнер впевнено тримає курс на кордон, тож підхоплюємо вас на драйві та без зайвих затримок! 18:30 – Стрий (місце зустрічі: АЗС ОККО, вул. Болехівська, 49). Швидка зупинка: завантажуємо речі, знайомимося з групою та одразу в дорогу! 21:30 – Мукачево (АЗС UPG, вул. Лавківська, 1). Закарпатський етап нашої подорож",800
https://adriatic-travel.com.ua/tour/tak-dobre-razom-paryzh-benilyuks,«Так добре разом: Франція + Бельгія!»,1,06:00 - збір групи на з/д вокзалі у м. Львів (платна стоянка з правої сторони від центрального входу,"Пропонуємо екскурсію «Місто гномів - Вроцлав»: 18€; Величний замок Вартбург: 25€; «Романтика Нормандії: Етрета, Ла-Манш та середньовічний Руан»: 68€; льний час запрошуємо відвідати «Канкаль та одне із Чудес Світу - Мон-Сен-Мішель»: 45€; У вільний час пропонуємо екскурсії на вибір: «Версаль - пишність Короля-Сонця»: 38€; «Мистецтво краси – Лувр»: 48€; «Серце Парижа: острів Сіте, Нотр Дам, Пантеон та Латинський квартал»: 28€; Вечірня програма «Вогні нічного Парижу»: 38€; Для всіх бажаючих: Автобусна екскурсія з шампанським «Бонжур, Париж»: 35€; ся поринути в хитросплетіння доль і чарівну атмосферу Парижа! Прогулянка по Сені: 25€; «Богемний Монмартр»: 28€; лухати цікаву інформацію від нашого локального гіда під час прогулянки по Влтаві: 40€; 33€, діти: 23€; 25€, діти: 20€; 45€, діти: 35€; 25€, діти: 15€; Особлива локація - це Сад емоцій (оплачується додатково: 14€; 38€, діти: 38€; 48€, діти: 48€; 99 років: 18€; 38€, діти: 26€; 35€, діти: 25€; 99 років: 35€","06:00 - збір групи на з/д вокзалі у м. Львів (платна стоянка з правої сторони від центрального входу у вокзал).
06:30 - виїзд зі Львова.
Перетин кордону.
Поселення в готель.
Ніч в готелі.
Сніданок.
Переїзд в Німеччину, до мальовничого містечка Ерфурт, історія якого починається півтори тисячі років назад .
Переїзд по території Німеччини.
Поселення в готель.
Ніч в готелі.
Сніданок.
Виселення з готелю.
Переїзд у Брюссель, столицю Бельгії.
Переїзд в готель.
Ніч в готелі.
Сніданок.
Ніч в готелі.
Сніданок.
Виселення з готелю.
Переїзд в регіон романтичних узбереж, батьківщину Короля Артура, Астерікса та Обелікса, устриць, унікального бретонського пива, млинців з гречаної муки та неймовірних піратських міст – нас чекає Бретань .
Переїзд в Париж.
Поселення в готель.
Ніч в готелі.
Сніданок .
Ніч в г",800
https://adriatic-travel.com.ua/tour/mistychna-transilvaniya,«Містична Трансільванія»,1,,,,0
https://adriatic-travel.com.ua/tour/mistychna-transilvaniya,«Містична Трансільванія»,2,,,,0
https://adriatic-travel.com.ua/tour/mistychna-transilvaniya,«Містична Трансільванія»,3,,,,0
https://adriatic-travel.com.ua/tour/mistychna-transilvaniya,«Містична Трансільванія»,1,,,,0
https://adriatic-travel.com.ua/tour/mistychna-transilvaniya,«Містична Трансільванія»,2,,,,0
https://adriatic-travel.com.ua/tour/mistychna-transilvaniya,«Містична Трансільванія»,3,Сніданок.,курсії на вибір: Пропонуємо відвідати екскурсію «Легенди та замки Трансільванії»: 35€; 99 років: 23€,"Сніданок.
Виселення з готелю.
Перетин кордону.
Можлива висадка по маршруту: Чернівці, , Івано-Франківськ, Стрий
Нічне прибуття до Львова (орієнтовний час прибуття залежить від проходження кордону).
Має право на безкоштовний тур;
Безкоштовно екскурсії на які йде вся її група;
Безкоштовно радіо гід і сіті такс;
Безкоштовне харчування те, яке має група в турі;
У вільний час пропонуємо факультативні екскурсії на вибір: Пропонуємо відвідати екскурсію «Легенди та замки Трансільванії» (дор. - 35€, діти до 13.99 років - 23€ + вх. квиток). Оповиті містикою та легендами в серці карпатських гір заховались неймовірної краси середньовічні замки. ""Замок Дракули"" Середньовічний замок Бран, який згідно з легендою вважається резиденцією самого графа Дракули. Характерна риса даного замку полягає в тому, що ",800
https://adriatic-travel.com.ua/tour/smaragdy-polshchi-morske-oko-zakopane-krakiv,"«Смарагди Польщі: Морське Око, Закопане, Краків»",1,,,,0
https://adriatic-travel.com.ua/tour/smaragdy-polshchi-morske-oko-zakopane-krakiv,"«Смарагди Польщі: Морське Око, Закопане, Краків»",2,,,,0
https://adriatic-travel.com.ua/tour/smaragdy-polshchi-morske-oko-zakopane-krakiv,"«Смарагди Польщі: Морське Око, Закопане, Краків»",3,,,,0
https://adriatic-travel.com.ua/tour/smaragdy-polshchi-morske-oko-zakopane-krakiv,"«Смарагди Польщі: Морське Око, Закопане, Краків»",1,,,,0
https://adriatic-travel.com.ua/tour/smaragdy-polshchi-morske-oko-zakopane-krakiv,"«Смарагди Польщі: Морське Око, Закопане, Краків»",2,,,,0
https://adriatic-travel.com.ua/tour/smaragdy-polshchi-morske-oko-zakopane-krakiv,"«Смарагди Польщі: Морське Око, Закопане, Краків»",3,Сніданок.,ас пропонуємо факультативні екскурсії на вибір: Відвідування парку Енерджіландія: 16€; Екскурсія в Вавель: 21€,"Сніданок.
Виселення з готелю.
Повернення до України.
Перетин кордону.
Нічне прибуття до Львова.
Має право на безкоштовний тур;
Безкоштовно екскурсії на які йде вся її група;
Безкоштовно радіо гід і сіті такс;
Безкоштовне харчування те, яке має група в турі;
У вільний час пропонуємо факультативні екскурсії на вибір: Відвідування парку Енерджіландія (16€ трансфер + вх. квиток) займає площу близько 26 гектарів, де знаходиться 57 атракціонів. Серед яких виділяють аж 27 величезних і 20 інтерактивних ігор та розваг. А також 4 сцени для вистав (два театри і два амфітеатри), на яких щодня проходять артистичні уявлення, піротехнічні та візуальні покази. На території парку є незвичайний кінотеатр, в якому відбувається показ фільмів для дітей та молоді з використанням технології 3D. Екскурсія в Вавел",800
https://adriatic-travel.com.ua/tour/vikend-v-transilvanii,«Вікенд в Трансільванії»,1,,,,0
https://adriatic-travel.com.ua/tour/vikend-v-transilvanii,«Вікенд в Трансільванії»,2,,,,0
https://adriatic-travel.com.ua/tour/vikend-v-transilvanii,«Вікенд в Трансільванії»,3,,,,0
https://adriatic-travel.com.ua/tour/vikend-v-transilvanii,«Вікенд в Трансільванії»,4,"Перетин кордону. Проходження прикордонного та митного контролю — процедура звична, після якої ми зно",,"Перетин кордону. Проходження прикордонного та митного контролю — процедура звична, після якої ми знову опиняємося на рідній землі. Наш екіпаж зробить усе можливе, щоб цей етап пройшов швидко та злагоджено.
Переїзд по території України. Зупинки по маршруту. Для вашої зручності передбачена можливість висадки у містах: Чернівці, Івано-Франківськ та Стрий. Місце зупинки збігається з вказаними локаціями, де ми прєднувалися до туру. Прохання: якщо ви плануєте завершити подорож в одному з цих міст, будь ласка, заздалегідь повідомте про це керівника групи для планування оптимального маршруту та зупинок.
Ранкове прибуття до Львова. (Орієнтовний час прибуття залежатиме від швидкості проходження кордону). Повертаємося на залізничний вокзал м. Львова. Наша подорож добігає кінця, але емоції та магія Тр",800
https://adriatic-travel.com.ua/tour/praha-misto-yake-obralo-mene,"«Прага - місто, яке обрало мене»",1,07:00 – збір групи на залізничному вокзалі м. Львів (платна стоянка праворуч від центрального входу),"кордону та наявності часу, запрошуємо на екскурсію «Краків — королівський шлях»: 19€; програм для детального знайомства з його скарбами: Дрезденська картинна галерея: 30€; Містечко Мейсен: 33€; Тут хочеться фотографувати кожні двері та кожне вікно! Саксонська Швейцарія: 35€; трічі з «Містом ста шпилів»! Для фіналу дня пропонуємо екскурсію «Вечірня Прага»: 20€; ти екскурсії для глибшого знайомства з містом: Прогулянка на кораблику по Влтаві: 40€; ьна комбінація гастрономічного задоволення та естетичної насолоди! Празький Град: 20€; факультативні екскурсії на вибір: Пропонуємо оглядову екскурсію по місту Краків: 19€; У вільний час пропонуємо: Одна з найкрасивіших екскурсій Саксонська Швейцарія: 35€; У вільний час пропонуємо: «Вечірня Прага»: 20€; Трансфер до центру міста Праги на святкування Нового Року: 15€; льний час пропонуємо факультативні екскурсії на вибір: Екскурсія Празьким Градом: 20€; й «народний чеський святий», великим центром паломництва!!! Прогулянка по Влтаві: 40€; 33€, діти: 25€; 35€, діти: 25€; 40€, діти: 35€; 99 років: 25€; 99 років: 35€","07:00 – збір групи на залізничному вокзалі м. Львів (платна стоянка праворуч від центрального входу). Важливий момент: за день до виїзду керівник групи створить спільний чат у Viber . Це ваш головний інфо-центр: номер автобуса, геолокації зупинок, актуальний таймінг та швидкі відповіді на всі питання. Обов’язково перевірте наявність додатка!
07:30 – виїзд зі Львова. Починаємо знайомство, налаштовуємося на позитив та слухаємо «дорожню карту» нашої подорожі від керівника групи. Ви дізнаєтеся всі організаційні секрети: як не заблукати в Празі, де міняти валюту за найкращим курсом та які гастрономічні відкриття чекають на нас у турі.
Перетин кордону. Процедура стандартна: паспортний та митний контроль. Нагадуємо, що наш автобус здійснює рейс згідно з міжнародною системою Interbus, що гарантує ",800
https://adriatic-travel.com.ua/tour/pohlyad-v-mynule-rym-pompeyi-neapol,"«Погляд в минуле: 3 дні в Римі + Помпеї, Неаполь»",1,06:30 - збір групи на ж/д вокзалі м. Львів (платна стоянка з правої сторони від центрального входу у,"Факультативно Прогулянка по Дунаю на кораблику: 30€; У вільний час пропонуємо екскурсію: «Шедеври Бароко та Рококо: Палац Еггенберг»: 25€; «Зелений оазис Штирії: озеро Грунер Зеє»: 45€; «Замок Ріґерсбург»: 30€; При бажанні всієї групи, по маршруту пропонуємо відвідати сонячну Каринтію: 20€; уємо факультативні екскурсії на вибір: «Подорож до Ватикану +Сикстинська капела»: 40€; «Собор святого Петра + Ватикан»: 40€; «Екскурсія Площі Риму»: 20€; «Екскурсію в Колізей»: 23€; пропонуємо факультативні екскурсії на вибір: «Неаполь - любов з першого погляду»: 65€; культативні екскурсії на вибір: Екскурсія на Капрі - райський куточок натхнення»: 93€; «Екскурсія бухтами острова Капрі»: 35€; «Помпеї - стародавнє місто»: 35€; «Екскурсія крихітне Амальфі + Позітано»: 100€; «Королівський Палац Казерта»: 35€; пропонуємо факультативні екскурсії на вибір: «Екскурсія в Тіволі + вілла Д'Есте»: 30€; «Прогулянку в містечко Лідо ді Остія»: 20€; «Чарівний світ середньовічної Італії!»: 38€; Пропонуємо відвідати Гаету: 36€; У вільний час пропонуємо факультативні екскурсії на вибір: «Шедеври назавжди»: 31€; «Незабутня Флоренція»: 20€; кий ми бачимо чи не на кожній листівці ! «Подорож у середньовіччя - місто Сієна»: 45€; «Загадкова Піза»: 45€; Відправлення на кораблику до Венеції + в'їзд в туристичну зону: 35€; ас пропонуємо факультативні екскурсії на вибір: Романтичну прогулянку на гондолі: 29€; Острови лагуни - різнобарвна Венеція!: 49€; Екскурсія по Гранд-Каналу - головній вулиці Венеції: 38€; Невідома Венеція: 18€; Мойсея Відвідування з гідом Палацу Дожів: 24€; По дорозі факультативно пропонуємо:Дегустація молодого вина з гуляшем: 25€; 99 років: 26€; 99 років: 10€; 99 років: 35€; 99 років: 20€; 99 років: 30€; 99 років: 16€; 99 років: 25€; 99 років: 28€","06:30 - збір групи на ж/д вокзалі м. Львів (платна стоянка з правої сторони від центрального входу у вокзал).
07:00 - виїзд зі Львова.
~12:00 - можливість приєднатися до групи по маршруту.
Перетин кордону.
Поселення в готель.
Ніч в готелі.
Сніданок.
Звільнення номерів.
Переїзд до міста Грац.
Збір групи. Переїзд в транзитний готель на території Італії.
Ніч в готелі.
Сніданок.
Звільнення номерів.
Переїзд до Риму.
Пізнє поселення в готель.
Ніч в готелі.
Сніданок.
Вільний день в Римі.
Повернення в готель.
Ніч в готелі.
Сніданок.
Звільнення номерів.
Вільний день в Римі.
Ніч в готелі.
Сніданок.
Виселення з готелю.
Переїзд до Флоренції (УВАГА! Пересування по місту здійснюється громадським транспортом! Квиток оплачується додатково).
Переїзд в транзитний готель.
Ніч в готелі.
Сніданок.
Звільнення н",800
https://adriatic-travel.com.ua/tour/yakyy-chudovyy-krakiv-park-enerdzhilandiya,«Який чудовий Краків + парк Енерджіландія»,1,,,,0
https://adriatic-travel.com.ua/tour/yakyy-chudovyy-krakiv-park-enerdzhilandiya,«Який чудовий Краків + парк Енерджіландія»,2,,,,0
https://adriatic-travel.com.ua/tour/yakyy-chudovyy-krakiv-park-enerdzhilandiya,«Який чудовий Краків + парк Енерджіландія»,3,"Сніданок та виселення з готелю. Смакуємо ранкову каву, підкріплюємося перед насиченим днем та прощає",На вибір пропонуємо факультативні виїзди та прогулянки: Підземний музей Кракова: 16€; Екскурсія у Вавель: 21€; Соляні шахти Велічки: 46€; Для шукачів адреналіну та яскравих емоцій пропонуємо Парк розваг Energylandia: 16€,"Сніданок та виселення з готелю. Смакуємо ранкову каву, підкріплюємося перед насиченим днем та прощаємося з готелем. Переносимо валізи в наш автобус — тепер вони «чекатимуть» на наш виїзд додому, а ми, легкі на підйом, вирушаємо підкорювати місто! Попереду цілий день для прогулянок та останніх покупок.
Вільний день у Кракові. На вибір пропонуємо факультативні виїзди та прогулянки: Підземний музей Кракова (16€). Це сучасний інтерактивний простір прямо під головною площею міста. Ви побачите розкопки давніх доріг, фундаменти крамниць та справжні артефакти, знайдений археологами. Завдяки голограмам та звуковим ефектам ви побачите, як виглядав Ринок сотні років тому. Цікаво і дітям, і дорослим. Екскурсія у Вавель (21€). Візит до королівського замку, який є символом польської державності. Ви поба",800
https://adriatic-travel.com.ua/tour/praha-moye-ulyublene-misto,«Прага - моє улюблене місто»,1,11:30 – збір групи на залізничному вокзалі м. Львів (платна стоянка праворуч від центрального входу),"кордону та наявності часу, запрошуємо на екскурсію «Краків — королівський шлях»: 20€; ти екскурсії для глибшого знайомства з містом: Прогулянка на кораблику по Влтаві: 40€; ьна комбінація гастрономічного задоволення та естетичної насолоди! Празький Град: 20€; «Вечірня Прага»: 20€; програм для детального знайомства з його скарбами: Дрезденська картинна галерея: 30€; Містечко Мейсен: 33€; Тут хочеться фотографувати кожні двері та кожне вікно! Саксонська Швейцарія: 35€; 40€, діти: 35€; 33€, діти: 25€; 35€, діти: 25€","11:30 – збір групи на залізничному вокзалі м. Львів (платна стоянка праворуч від центрального входу). Важливий момент: за день до виїзду керівник групи створить спільний чат у Viber . Це ваш головний інфо-центр: номер автобуса, геолокації зупинок, актуальний таймінг та швидкі відповіді на всі питання. Обов’язково перевірте наявність додатка.
12:00 – виїзд зі Львова. Починаємо знайомство, налаштовуємося на позитив та слухаємо «дорожню карту» нашої подорожі від керівника групи. Ви дізнаєтеся всі організаційні секрети: як не заблукати в Празі, де міняти валюту за найкращим курсом та які гастрономічні відкриття чекають на нас у турі.
Перетин кордону. Процедура стандартна: паспортний та митний контроль. Нагадуємо, що наш автобус здійснює рейс згідно з міжнародною системою Interbus, що гарантує ",800
https://adriatic-travel.com.ua/tour/o-rym-ty-tsilyy-svit,"«О Рим, ти цілий світ!»",1,06:30 - збір групи на ж/д вокзалі м. Львів (платна стоянка з правої сторони від центрального входу у,"ьний час пропонуємо факультативні екскурсії на вибір: «Відень - столиця розкоші»: 25€; «Легенди Відня»: 19€; «Золота скарбниця Габсбургів»: 19€; Імператорський палац Шонбрунн: 11€; У вільний час пропонуємо факультативні екскурсії на вибір: «Незабутня Флоренція»: 23€; «Загадкова Піза»: 45€; У вільний час пропонуємо факультативні екскурсії на вибір: «Подорож до Ватикану»: 40€; «Собор святого Петра»: 40€; «Рим за Тибром»: 21€; «Стародавній Рим»: 19€; «Три великі базиліки Риму»: 22€; «Екскурсія Площі Риму»: 20€; Відправлення на кораблику до Венеції + в'їзд в туристичну зону: 35€; ас пропонуємо факультативні екскурсії на вибір: Романтичну прогулянку на гондолі: 29€; Острови лагуни - різнобарвна Венеція!: 49€; Екскурсія по Гранд-Каналу - головній вулиці Венеції: 38€; Відвідування з гідом Палацу Дожів: 19€; «Невідома Венеція»: 18€; При наявності вільного часу, пропонуємо: Дегустація молодого вина з гуляшем: 25€; ьому часу пропонуємо екскурсію по Кракову оглядова екскурсія по місту (екскурсія: 15€; , трансфер: 10€; 99 років: 15€; 99 років: 35€; 40€ + діти до 13,99: 30€; 99 років: 30€; 99 років: 16€; 99 років: 25€; 99 років: 28€; 99 років: 10€","06:30 - збір групи на ж/д вокзалі м. Львів (платна стоянка з правої сторони від центрального входу у вокзал).
07:00 - виїзд зі Львова.
Перетин кордону.
Переїзд та поселення в готель.
Ніч в готелі.
Сніданок.
Виселення з готелю.
Переїзд до Відня.
Переїзд і поселення в транзитний готель.
Ніч в готелі.
Сніданок.
Виселення з готелю.
Переїзд до Флоренції (УВАГА! Пересування по місту здійснюється громадським транспортом! Квиток оплачується додатково).
Переїзд в транзитному готелі на території Італії.
Ніч в готелі.
Сніданок.
Виселення з готелю.
Переїзд до Риму. (УВАГА! Пересування по місту здійснюється громадським транспортом! Квиток оплачується додатково).
Переїзд в транзитний готель на території Італії.
Пізнє поселення в готель.
Ніч в готелі.
Сніданок.
Виселення з готелю.
Переїзд до Венеції.
Пер",800
https://adriatic-travel.com.ua/tour/zustrinemos-v-paryzhi,«Зустрічаємось в Парижі + Мюнхен та Зальцбург!»,1,06:30 - збір групи на з/д вокзалі м. Львова (платна стоянка з правої сторони від центрального входу ,"Пропонуємо відвідати на вибір: «Будапешт - місто контрастів»: 19€; Прогулянку по Дунаю на кораблику: 29€; льтативні екскурсії на вибір: «Рай на землі - екскурсія на озера Зальцкаммергут»: 45€; У вільний час пропонуємо факультативні екскурсії: Прогулянка по Сені: 25€; Вечірня програма «Вогні нічного Парижа»: 38€; пропонуємо факультативні екскурсії на вибір: Автобусна екскурсія «Бонжур, Париж»: 35€; я поринути в хитросплетіння доль і чарівну атмосферу Парижа! «Богемний Монмартр»: 28€; «Мистецтво краси – Лувр»: 48€; «Версаль - пишність Короля-Сонця»: 38€; Діснейленд!»: 26€; нні всієї групи, пропонуємо відвідати легендарний «Лебединий замок Нойшванштайн»: 25€; У вільний час пропонуємо екскурсії на вибір: «Мюнхен - пивна столиця»: 33€; Автобусна гранд-екскурсія по Мюнхену: 25€; У вільний час пропонуємо факультативні екскурсії на вибір: Прогулянка по Влтаві: 40€; Королівська Прага: Градчани та Празький Град: 19€; 99 років: 10€; 99 років: 15€; 99 років: 35€; 99 років: 20€; 99 років: 26€; 99 років: 25€; 99 років: 18€; 48€, діти: 48€; 99 років: 38€; 99 років: 28€","06:30 - збір групи на з/д вокзалі м. Львова (платна стоянка з правої сторони від центрального входу у вокзал).
07:00 - виїзд із Львова.
Можливо приєднатися до туру в містах: Стрий, Мукачево.
Перетин кордону.
Переїзд в готель на території Угорщини.
Поселення в готелі.
Ніч в готелі.
Сніданок.
Звільнення номерів.
Переїзд до Зальцбурга.
Поселення в готель на території Німеччини.
Ніч в готелі.
Сніданок.
Звільнення номерів.
Переїзд до Франції в м. Париж.
Поселення в готель.
Ніч в готелі.
Сніданок.
Звільнення номерів.
Вільний час в Парижі.
П ереїзд на територію Німеччини.
Поселення в транзитний готель.
Ніч в готелі.
Сніданок.
Виселення з готелю.
Переїзд до Мюнхена.
Прибуття до Мюнхена .
Переїзд в готель на території Чехії.
Ніч в готелі.
Сніданок.
Виселення з готелю.
Вільний час в Празі (пересуван",800
https://adriatic-travel.com.ua/tour/veseli-kanikuly-3-dni-v-paryzhi-normandiya-ta-disneylend,«Веселі канікули: 3 дні в Парижі + Нормандія та Діснейленд!»,1,,,,0
https://adriatic-travel.com.ua/tour/veseli-kanikuly-3-dni-v-paryzhi-normandiya-ta-disneylend,«Веселі канікули: 3 дні в Парижі + Нормандія та Діснейленд!»,2,,,,0
https://adriatic-travel.com.ua/tour/veseli-kanikuly-3-dni-v-paryzhi-normandiya-ta-disneylend,«Веселі канікули: 3 дні в Парижі + Нормандія та Діснейленд!»,3,,,,0
https://adriatic-travel.com.ua/tour/veseli-kanikuly-3-dni-v-paryzhi-normandiya-ta-disneylend,«Веселі канікули: 3 дні в Парижі + Нормандія та Діснейленд!»,4,,,,0
https://adriatic-travel.com.ua/tour/veseli-kanikuly-3-dni-v-paryzhi-normandiya-ta-disneylend,«Веселі канікули: 3 дні в Парижі + Нормандія та Діснейленд!»,5,,,,0
https://adriatic-travel.com.ua/tour/rumuniya-zaproshuye,«Румунія запрошує! Бухарест + замки Трансільванії»,1,,,,0
https://adriatic-travel.com.ua/tour/rumuniya-zaproshuye,«Румунія запрошує! Бухарест + замки Трансільванії»,2,,,,0
https://adriatic-travel.com.ua/tour/rumuniya-zaproshuye,«Румунія запрошує! Бухарест + замки Трансільванії»,3,,,,0
https://adriatic-travel.com.ua/tour/rumuniya-zaproshuye,«Румунія запрошує! Бухарест + замки Трансільванії»,4,Сніданок. Пакуємо валізи та виселяємося з готелю. Прощаємося з гостинним Брашовом. Сьогодні на нас ч,У вільний час пропонуємо факультативні екскурсії: Замок Кантакузіно + Пелеш: 35€; Екскурсія до фортеці Прежмер: 20€,"Сніданок. Пакуємо валізи та виселяємося з готелю. Прощаємося з гостинним Брашовом. Сьогодні на нас чекатиме кульмінація нашої трансільванської мандрівки — день серед розкішних палаців та кінематографічних локацій, що підкорили весь світ.
У вільний час пропонуємо факультативні екскурсії: Замок Кантакузіно + Пелеш (35€ дор. / 23€ діти + вх. квитки). Нашою першою зупинкою стане Замок Кантакузіно (Cantacuzino Castle) у неороманському стилі. Цей замок став світовою зіркою після виходу серіалу ""Wednesday"" — саме на його території знімали сцени в академії Невермор. Побудований на початку 20 століття на замовлення багатія Георге Григора Кантакузіно, палац вражатиме вас своїми панорамними терасами з видом на гори Замора. Далі наш маршрут проляже до Замку Пелеш — колишньої літньої резиденції румунсь",800
https://adriatic-travel.com.ua/tour/blyskuchyy-vikend-drezden-praha-viden,«Блискучий вікенд: Дрезден - Прага - Відень - Будапешт»,1,,,,0
https://adriatic-travel.com.ua/tour/blyskuchyy-vikend-drezden-praha-viden,«Блискучий вікенд: Дрезден - Прага - Відень - Будапешт»,2,,,,0
https://adriatic-travel.com.ua/tour/blyskuchyy-vikend-drezden-praha-viden,«Блискучий вікенд: Дрезден - Прага - Відень - Будапешт»,3,,,,0
https://adriatic-travel.com.ua/tour/blyskuchyy-vikend-drezden-praha-viden,«Блискучий вікенд: Дрезден - Прага - Відень - Будапешт»,4,,,,0
https://adriatic-travel.com.ua/tour/blyskuchyy-vikend-drezden-praha-viden,«Блискучий вікенд: Дрезден - Прага - Відень - Будапешт»,5,"Сніданок. Смакуємо заключний сніданок у готелі, заряджаємося енергією та ділимося враженнями від веч",Оглядова екскурсія «Перлина Дунаю — Будапешт»: 20€; Винні підвали у Долині Красунь з дегустацією та гуляшем: 29€,"Сніданок. Смакуємо заключний сніданок у готелі, заряджаємося енергією та ділимося враженнями від вечірньої прогулянки Дунаєм.
Виселення з готелю. Пакуємо валізи, прощаємося з готельним затишком та виходимо до нашого автобуса. Попереду — фінальні, але чи не найяскравіші штрихи нашої подорожі!
Оглядова екскурсія «Перлина Дунаю — Будапешт» (20€). Це місто, де простір і велич відчуваються в кожному подиху. Ми піднімемося на Будайську фортецю, прогуляємося вуличками старої Буди, побачимо Королівський палац та церкву Матяша.
Рекомендація дня: Нашою головною зупинкою стане Рибацький бастіон. Це абсолютний хіт і найкраща точка для ваших фото! Його білосніжні вежі, витончені арки та панорама на Парламент, від якої перехоплює подих, зроблять ваші кадри по-справжньому королівськими. Саме звідси відкр",800
https://adriatic-travel.com.ua/tour/krashchi-z-krashchykh-viden-zaltsburh-myunkhen,«Кращі з кращих: Відень-Зальцбург-Мюнхен»,1,06:30 - збір групи на з/д вокзалі м. Львів (платна стоянка з правої сторони від центрального входу у,"По дорозі до Мюнхена п ропонуємо екскурсію: «Лебединий замок Нойшванштайн»: 25€; При наявності часу пропонуємо оглядову екскурсію по місту Краків: 20€; У вільний час пропонуємо факультативні екскурсії на вибір: Блискучий Відень: 25€; «Легенди Відня»: 21€; Імператорський палац Шонбрунн: 11€; Золота скарбниця Габсбургів: 21€; При наявності часу пропонуємо екскурсію по Зальцбургу: 20€; ропонуємо факультативні екскурсії на вибір: Автобусна гранд-екскурсія по Мюнхену: 23€; «Мюнхенська резиденція: скарбниця Віттельсбахів»: 21€; «Мюнхен - старе місто»: 20€; «Баварська вечеря в серці Мюнхена»: 38€; «Мюнхен - пивна столиця»: 33€; п ропонуємо екскурсію: «Лебединий замок Нойшванштайн» (25€, діти до 13,99 років: 20€; 99 років: 15€; 38€, діти до 11,99 років: 30€","06:30 - збір групи на з/д вокзалі м. Львів (платна стоянка з правої сторони від центрального входу у вокзал).
07:00 - виїзд групи.
Перетин кордону.
Переїзд в транзитний готель на території Чехії (Брно).
Ніч в готелі.
Сніданок
Виселення з готелю.
Переїзд до Відня – столиці розкішної Австрії.
Переїзд в транзитний готель на території Австрії.
Ніч в готелі.
Сніданок.
Виселення з готелю.
По дорозі до Мюнхена п ропонуємо екскурсію: «Лебединий замок Нойшванштайн» (25€, діти до 13,99 років - 20€ + вх. квиток оплачується додатково). При першому погляді на цей замок здається, що хтось забув тут свою іграшку - настільки нереальними здаються його вежі кольору слонової кістки, які летять на тлі темно-зелених ялин. Хоча якщо підійти ближче - відчуття казковості навряд чи пропаде, тому що стануть видні щ",800
https://adriatic-travel.com.ua/tour/yakyy-chudovyy-tsey-krakiv,«Який чудовий цей Краків»,1,,,,0
https://adriatic-travel.com.ua/tour/yakyy-chudovyy-tsey-krakiv,«Який чудовий цей Краків»,2,,,,0
https://adriatic-travel.com.ua/tour/yakyy-chudovyy-tsey-krakiv,«Який чудовий цей Краків»,3,,,,0
https://adriatic-travel.com.ua/tour/yakyy-chudovyy-tsey-krakiv,«Який чудовий цей Краків»,1,,,,0
https://adriatic-travel.com.ua/tour/yakyy-chudovyy-tsey-krakiv,«Який чудовий цей Краків»,2,,,,0
https://adriatic-travel.com.ua/tour/yakyy-chudovyy-tsey-krakiv,«Який чудовий цей Краків»,3,Сніданок.,ий час пропонуємо факультативні екскурсії на вибір: Групова екскурсія в Закопане: 28€; Соляні шахти Велічки: 41€,"Сніданок.
Звільнення номерів.
Повернення до України.
Перетин кордону.
Нічне прибуття до Львова.
Має право на безкоштовний тур;
Безкоштовно екскурсії на які йде вся її група;
Безкоштовно радіо гід і сіті такс;
Безкоштовне харчування те, яке має група в турі;
У вільний час пропонуємо факультативні екскурсії на вибір: Групова екскурсія в Закопане (28€/ос. в ціні: трансфер). Один з найбільш високогірних міст Польщі (750 -1100 м над рівнем моря), розташований у вузькій впадині між Татрами і вузьким ланцюгом Губалувки. Закопане славиться не тільки лижними трасами, але і гуральським фольклором і мальовничою дерев'яною архітектурою. До Ваших послуг великий вибір лижного обладнання на прокат. У самому серці міста перед Вами відчинять двері вишукані ресторанчики, де можна ситно і смачно поїсти ну і ",800
https://adriatic-travel.com.ua/tour/pryyemnyy-vikend-krakiv-praha-viden-budapesht,«Приємний вікенд: Краків-Прага-Відень-Будапешт»,1,10:00 - збір групи на залізничному вокзалі м. Львова (платна стоянка з правої сторони від центрально,"льний час пропонуємо факультативні екскурсії на вибір: Екскурсія Празьким Градом: 20€; вільний час), звідки відкривається неймовірна краса Праги! Прогулянка по Влтаві: 40€; «Вечірня Прага»: 20€; ний час пропонуємо факультативні екскурсії на вибір: Оглядова екскурсія по Відню: 21€; Блискучий Відень: 25€; «Легенди Відня»: 19€; Імператорський палац Шонбрунн: 11€; Золота скарбниця Габсбургів: 19€; Пропонуємо прогулянку по Дунаю на кораблику: 29€; 99 років: 35€; 99 років: 15€; 99 років: 19€","10:00 - збір групи на залізничному вокзалі м. Львова (платна стоянка з правої сторони від центрального входу у вокзал).
10:30 - виїзд зі Львова.
Перетин кордону із Польщею.
Іншим туристам пропонуємо вільний час.
Нічний переїзд до Праги.
Прибуття до Праги (використання громадського транспорту своїм коштом).
Поселення в готель на території Чехії.
Ніч в готелі.
Ранній сніданок.
Виселення з готелю.
Переїзд до Відня.
Переїзд до Будапешта .
Нічний переїзд до України.
Перетин кордону.
Прибуття до Львова у першій половині дня (залежить від проходження кордону).
Має право на безкоштовний тур;
Безкоштовно екскурсії на які йде вся її група;
Безкоштовно радіо гід і сіті такс;
Безкоштовне харчування те, яке має група в турі;
Оглядова екскурсія «Вуличками Старого міста» (у вартості туру). Ця екскурсія д",800
https://adriatic-travel.com.ua/tour/paryzh-tse-prystrast-paryzh-tse-svyato,«Париж - це пристрасть! Париж - це свято!»,1,,,,0
https://adriatic-travel.com.ua/tour/paryzh-tse-prystrast-paryzh-tse-svyato,«Париж - це пристрасть! Париж - це свято!»,2,,,,0
https://adriatic-travel.com.ua/tour/paryzh-tse-prystrast-paryzh-tse-svyato,«Париж - це пристрасть! Париж - це свято!»,3,,,,0
https://adriatic-travel.com.ua/tour/paryzh-tse-prystrast-paryzh-tse-svyato,«Париж - це пристрасть! Париж - це свято!»,4,,,,0
https://adriatic-travel.com.ua/tour/paryzh-tse-prystrast-paryzh-tse-svyato,«Париж - це пристрасть! Париж - це свято!»,5,,,,0
https://adriatic-travel.com.ua/tour/paryzh-tse-prystrast-paryzh-tse-svyato,«Париж - це пристрасть! Париж - це свято!»,6,,,,0
https://adriatic-travel.com.ua/tour/paryzh-tse-prystrast-paryzh-tse-svyato,«Париж - це пристрасть! Париж - це свято!»,7,Сніданок.,Пропонуємо оглядову екскурсію по місту Краків: 19€; Кракова: 11€,"Сніданок.
Виселення з готелю.
Переїзд до Польщі.
Переїзд по території Польщі.
Повернення до України.
Перетин кордону.
Нічне прибуття до Львова (в залежності від проходження кордонів).
Має право на безкоштовний тур;
Безкоштовно екскурсії на які йде вся її група;
Безкоштовно радіо гід і сіті такс;
Безкоштовне харчування те, яке має група в турі;
По дорозі пропонуємо оглядову екскурсію в м. Брно (15€). Брно - історичний центр Моравії. Другий за величиною місто країни після Праги. Це один з основних економічних центрів Чеської Республіки.
Пропонуємо оглядову екскурсію по місту Краків (19€), або трансфер в центр м. Кракова (11€). Краків - колишня столиця Польщі, одне з найпрекрасніших міст Європи. Саме тут знаходиться найбільша кількість архітектурних пам'яток країни. Історичний центр Кракова в",800
https://adriatic-travel.com.ua/tour/vidpustka-klasu-lyuks-krainy-benilyuks,"«Відпустка класу ""Люкс"" - країни БеНіЛюкс!»",1,06:00 - збір групи на з/д вокзалі м. Львова (платна стоянка з правої сторони від центрального входу ,"Пропонуємо екскурсію «Краків - місто королів»: 18€; Пропонуємо обід з дегустацією пива: 25€; У вільний час пропонуємо факультативні екскурсії: Екскурсія «Погляд крізь час»: 28€; У вільний час в Амстердамі пропонуємо екскурсії: Неймовірний Амстердам: 18€; су, особливість і неповторність! «Голландський фольклор Заанс Сханс та Волендам»: 38€; ор, приготованого за старовинними рецептами! «Королівський парк квітів Кекенхоф»: 18€; Прогулянка на кораблику по каналах Амстердаму: 23€; «Вечірній Амстердам»: 25€; ний час пропонуємо екскурсії: «Неперевершений Гент та північна Венеція - Брюгге»: 45€; рією, будинками, вулицями, площами, жителями та легендами! «Незвіданий Брюссель»: 28€; ності часу, пропонуємо відвідати мальовниче бельгійське місто саксофонів - Дінан: 25€; У вільний час пропонуємо Вам відвідати одне з найдавніших міст на планеті – Трір: 33€; бажанням всієї групи, пропонуємо відвідати місто хмарочосів – Франкфурт на Майні: 30€; У вільний час пропонуємо екскурсії: Королівська Прага: Градчани та Празький Град: 19€; Прогулянка по Влтаві: 40€; 23€; діти: 19€; 99 років: 35€","06:00 - збір групи на з/д вокзалі м. Львова (платна стоянка з правої сторони від центрального входу у вокзал).
06:30 - виїзд із Львова.
Перетин кордону.
Переїзд та поселення в готель.
Ніч в готелі.
Сніданок.
Виселення з готелю.
Прибуття до Берліна.
Переїзд в готель.
Ніч в готелі.
Сніданок.
Виселення з готелю.
Переїзд до Амстердама.
Переїзд в готель.
Ніч в готелі.
Сніданок.
Виселення з готелю.
Переїзд до Брюсселя, столиці Бельгії.
Переїзд по території Бельгії.
Переїзд та поселення в готель.
Ніч в готелі.
Сніданок.
Виселення з готелю.
Переїзд до Люксембурга.
Переїзд у Прагу.
Пізній приїзд в готель.
Ніч в готелі.
Сніданок.
Виселення з готелю. (УВАГА! Пересування на громадському транспорті (квитки за власний кошт).
Вільний час в Празі.
Переїзд по території Польщі.
Перетин кордону.
Нічне прибут",800
https://adriatic-travel.com.ua/tour/nash-chudovyy-vikend-krakiv-drezden-praha,«Наш чудовий вікенд: Краків-Дрезден-Прага»,1,06:30 - збір групи на з/д вокзалі м. Львів (платна стоянка з правої сторони від центрального входу у,"За наявності часу пропонуємо оглядову екскурсію по місту Краків: 19€; онуємо факультативні екскурсії на вибір: Дивовижне середньовічне містечко Мейсен: 30€; Одна з найкрасивіших екскурсій Саксонська Швейцарія: 30€; Галерея старих майстрів або Дрезденська картинна галерея: 30€; «Вечірня Прага»: 20€; понуємо факультативні екскурсії на вибір: Запрошуємо Вас на прогулянку по Влтаві: 40€; Екскурсія Празьким Градом: 20€; ародний чеський святий», великим центром паломництва!!! Екскурсія в Карлові Вари: 40€; факультативні екскурсії на вибір: Пропонуємо оглядову екскурсію по місту Краків: 19€; Вавельський замок: 21€; «Казімеж - єврейський квартал»: 19€; Екскурсія в пивний ресторан Кракова з дегустацією: 31€; онуємо факультативні екскурсії на вибір: Дивовижне середньовічне містечко Мейсен: 28€; Одна з найкрасивіших екскурсій Саксонська Швейцарія: 28€; Запрошуємо Вас на прогулянку по Влтаві: 40€; Трансфер до Праги на святкування Нового Року: 15€; льний час пропонуємо факультативні екскурсії на вибір: Екскурсія Празьким Градом: 19€; ий святий», великим центром паломництва!!! Запрошуємо в чарівний Чеський Крумлов: 36€; «Вечірня Прага»: 19€; 99 років: 19€; 99 років: 35€; 99 років: 20€; 99 лет: 20€; Брно (екскурсія з гідом: 19€; , лиш трансфер до міста: 10€; 31€, діти до 11,99 років: 16€; 99 років: 15€; , лиш трансфер до міста: 7€","06:30 - збір групи на з/д вокзалі м. Львів (платна стоянка з правої сторони від центрального входу у вокзал).
07:00 - виїзд групи зі Львова.
Перетин кордону.
Переїзд в транзитний готель.
Ніч в готелі.
Сніданок.
Звільнення номерів.
Переїзд до Німеччини.
Вільний час.
Переїзд до Праги.
Поселення в готель.
Ніч в готелі.
Сніданок.
Виселення в готелю.
Переїзд в транзитний готель.
Ніч в готелі.
Сніданок.
Виселення з готелю.
Перетин кордону.
Нічне прибуття до Львова.
06:30 - збір групи на з/д вокзалі м. Львів (платна стоянка з правої сторони від центрального входу у вокзал).
07:00 - виїзд групи зі Львова.
Перетин кордону.
Переїзд в транзитний готель.
Ніч в готелі.
Сніданок.
Звільнення номерів.
Переїзд до Німеччини.
Вільний час.
Переїзд до Праги.
Поселення в готель на території Чехії.
Ніч в готелі.",800
https://adriatic-travel.com.ua/tour/vid-krayu-do-krayu-paryzh-amsterdam-normandiya#about_tour,"«Від краю до краю: Париж, Амстердам, Нормандія…»",1,07:00 - збір групи на залізничному вокзалі м. Львів. Важливий момент: за день до туру керівник групи,"у і, відповідно, наявності часу пропонуємо екскурсію «Квітка на Одері - Вроцлав»: 18€; ьний час пропонуємо факультативні екскурсії на вибір: Екскурсія «Все про Берлін»: 28€; «Берлінський зоопарк та акваріум»: 15€; Екскурсія «Вечірній Берлін»: 20€; «Голландський фольклор: Заансе Сханс та Волендам»: 38€; Прогулянка на кораблику по каналах Амстердаму: 23€; «Вечірній Амстердам»: 25€; омантичне місто, збудоване в формі серця, столицю Королівства Бельгії - Брюссель: 30€; У вільний час пропонуємо факультативні екскурсії на вибір: Прогулянка по Сені: 25€; «Мистецтво краси – Лувр»: 48€; «Богемний Монмартр»: 28€; Вечірня програма «Вогні нічного Парижа»: 38€; пропонуємо факультативні екскурсії на вибір: Автобусна екскурсія «Бонжур, Париж»: 35€; и свою пам'ять (і телефон) яскравими емоціями! «Версаль - пишність Короля-Сонця»: 38€; «Серце Парижа: Сіте, Нотр-Дам та Латинський квартал»: 28€; «Романтика Нормандії: Етрета, Ла-Манш та середньовічний Руан»: 68€; «Світ мрії — Діснейленд!»: 26€; По дорозі рекомендуємо відвідати саме «німецьке» місто – Нюрнберг: 23€; 99 років - 13€) або трансфер до міста: 13€; У вільний час пропонуємо відвідати: Прогулянку по Влтаві: 40€; Королівська Прага: Градчани та Празький Град: 19€; «Вечірня Прага»: 19€; По дорозі, пропонуємо відвідати на вибір: «Диво Чехії - Моравський Крас»: 25€; Брно»: 19€; /10€), або трансфер в центр: 11€; Екскурсію по місту Краків: 19€; 99 років: 10€; 99 років: 18€; 99 років: 15€; 21€, діти: 10€; 99 років: 28€; 99 років: 20€; 48€, діти: 48€; 99 років: 26€; 99 років: 25€; 38€, діти: 38€; Особлива локація - це Сад емоцій (оплачується додатково: 14€; 99 років: 13€; 99 років: 35€","07:00 - збір групи на залізничному вокзалі м. Львів. Важливий момент: за день до туру керівник групи створює спільний чат у Viber , де ви отримаєте всі деталі: номер автобуса, точне місце збору та поради щодо речей. Впродовж усього туру чат буде вашим «цифровим компасом» — там буде актуальний таймінг, геолокації точок збору та лайфхаки від керівника. Переконайтеся, що додаток встановлено, а сповіщення увімкнені!
07:30 - виїзд групи в тур. Знайомство; організаційна інформація від керівника групи.
Перетин кордону. Процедура включає паспортний та митний контроль. Для туристичних автобусів діють регламентовані правила перетину згідно з міжнародною угодою Interbus . Важливо : на території пункту пропуску суворо заборонено фото- та відеозйомку. Ознайомитися з детальними правилами перетину, перел",800
https://adriatic-travel.com.ua/tour/frantsuzkyy-koloryt-paryzh-ta-elzas,"«Французький колорит: Париж, Страсбург та Діснейленд!»",1,,,,0
https://adriatic-travel.com.ua/tour/frantsuzkyy-koloryt-paryzh-ta-elzas,"«Французький колорит: Париж, Страсбург та Діснейленд!»",2,,,,0
https://adriatic-travel.com.ua/tour/frantsuzkyy-koloryt-paryzh-ta-elzas,"«Французький колорит: Париж, Страсбург та Діснейленд!»",3,,,,0
https://adriatic-travel.com.ua/tour/frantsuzkyy-koloryt-paryzh-ta-elzas,"«Французький колорит: Париж, Страсбург та Діснейленд!»",4,,,,0
https://adriatic-travel.com.ua/tour/frantsuzkyy-koloryt-paryzh-ta-elzas,"«Французький колорит: Париж, Страсбург та Діснейленд!»",5,,,,0
https://adriatic-travel.com.ua/tour/frantsuzkyy-koloryt-paryzh-ta-elzas,"«Французький колорит: Париж, Страсбург та Діснейленд!»",6,Сніданок.,Запрошуємо відвідати екскурсії на вибір: Прогулянка по Влтаві: 40€; Королівська Прага: Градчани та Празький Град: 19€; 99 років: 35€,"Сніданок.
Виселення з готелю (пересування по місту на громадському транспорті за власні кошти).
Переїзд територією Польщі.
Перетин кордону.
Нічне прибуття до Львова (залежить від проходження кордону).
Має право на безкоштовний тур;
Безкоштовно екскурсії на які йде вся її група;
Безкоштовно радіо гід і сіті такс;
Безкоштовне харчування те, яке має група в турі;
«Перше побачення з Прагою» (у вартості туру). Вацлавська площа, собор Марії Сніжної, Порохова вежа, Муніципальний дім, костел святого Якуба, Староміська площа з відомими курантами, єврейське місто, а також Клементиум - колишнє місто єзуїтів. Запрошуємо відвідати екскурсії на вибір: Прогулянка по Влтаві (дор. - 40€, діти до 13.99 років - 35€). Після прогулянок по історичній Празі ми прийдемо до берега Влтави, де Вас чекатиме затишний ",800
https://adriatic-travel.com.ua/tour/vive-la-france-mon-sen-mishel-luara-ta-normandiya,"«Vive La France! Мон-Сен-Мішель, Луара та Нормандія!»",1,,,,0
https://adriatic-travel.com.ua/tour/vive-la-france-mon-sen-mishel-luara-ta-normandiya,"«Vive La France! Мон-Сен-Мішель, Луара та Нормандія!»",2,,,,0
https://adriatic-travel.com.ua/tour/vive-la-france-mon-sen-mishel-luara-ta-normandiya,"«Vive La France! Мон-Сен-Мішель, Луара та Нормандія!»",3,,,,0
https://adriatic-travel.com.ua/tour/vive-la-france-mon-sen-mishel-luara-ta-normandiya,"«Vive La France! Мон-Сен-Мішель, Луара та Нормандія!»",4,,,,0
https://adriatic-travel.com.ua/tour/vive-la-france-mon-sen-mishel-luara-ta-normandiya,"«Vive La France! Мон-Сен-Мішель, Луара та Нормандія!»",5,,,,0
https://adriatic-travel.com.ua/tour/vive-la-france-mon-sen-mishel-luara-ta-normandiya,"«Vive La France! Мон-Сен-Мішель, Луара та Нормандія!»",6,,,,0
https://adriatic-travel.com.ua/tour/vive-la-france-mon-sen-mishel-luara-ta-normandiya,"«Vive La France! Мон-Сен-Мішель, Луара та Нормандія!»",7,Сніданок.,Брно»: 20€; «Диво Чехії - Моравський Крас»: 25€,"Сніданок.
Виселення з готелю.
Переїзд територією Польщі.
Перетин кордону.
Нічне прибуття до Львова (залежить від проходження кордону).
Має право на безкоштовний тур;
Безкоштовно екскурсії на які йде вся її група;
Безкоштовно радіо гід і сіті такс;
Безкоштовне харчування те, яке має група в турі;
Для всіх бажаючих пропонуємо на вибір: Оглядову екскурсію «Малий Відень - м. Брно» (20€). Брно, друге за величиною місто країни називали ""чеським Манчестером” та ""малим Віднем"". Одну будівлю міста, віллу сім’ї Туґендгат з 1930 року, записано в ЮНЕСКО. Її архітектура та технічне забезпечення випередили на пів століття сучасні архітектурні тенденції. Над панорамою міста домінують храм Петра і Павла і фортеця Шпілберк. «Диво Чехії - Моравський Крас» (25€ + вх. квитки). Запрошуємо Вас насолодитися чарі",800
https://adriatic-travel.com.ua/tour/garno-tak-paryzh-tsyuryh#about_tour,«Гарно так: Париж + Цюрих!»,1,,,,0
https://adriatic-travel.com.ua/tour/garno-tak-paryzh-tsyuryh#about_tour,«Гарно так: Париж + Цюрих!»,2,,,,0
https://adriatic-travel.com.ua/tour/garno-tak-paryzh-tsyuryh#about_tour,«Гарно так: Париж + Цюрих!»,3,,,,0
https://adriatic-travel.com.ua/tour/garno-tak-paryzh-tsyuryh#about_tour,«Гарно так: Париж + Цюрих!»,4,,,,0
https://adriatic-travel.com.ua/tour/garno-tak-paryzh-tsyuryh#about_tour,«Гарно так: Париж + Цюрих!»,5,,,,0
https://adriatic-travel.com.ua/tour/garno-tak-paryzh-tsyuryh#about_tour,«Гарно так: Париж + Цюрих!»,6,"Сніданок. Снідаємо максимально ситно, адже сьогодні на нас чекає багато піших прогулянок і дорога до",У вільний час пропонуємо факультативні екскурсії: Прогулянка по Влтаві: 40€; Королівська Прага: Градчани та Празький Град: 19€; 99 років: 35€,"Сніданок. Снідаємо максимально ситно, адже сьогодні на нас чекає багато піших прогулянок і дорога додому.
Виселення з готелю (пересування по місту на громадському транспорті за власні кошти) .
Оглядова екскурсія по Празі «Старе місто» (у вартості туру). Ця екскурсія дозволить Вам в короткий час ознайомитися з історичними районами Праги та її чудовими пам'ятками архітектури. Ви пройдете лабіринтами вуличок Старого міста, і побуваєте в найкрасивіших місцях міста: на Вацлавській і Староміській площах, на Карловому мості. Ви побачите знаменитий Орлой — празькі куранти, Тинський собор, будинок, де народився письменник Франц Кафка. На Карловому мості, приклавши руку до скульптури Яна Непомуцького , Ви загадаєте бажання, яке, згідно з легендами, обов'язково збудеться . У вільний час пропонуємо фа",800
https://adriatic-travel.com.ua/tour/shveytsariya-dlya-tebe,"«Швейцарія для тебе... Гріндельвальд, Швейцарська Рів'єра, гора Пілатус + гора Монблан!»",1,,,,0
https://adriatic-travel.com.ua/tour/shveytsariya-dlya-tebe,"«Швейцарія для тебе... Гріндельвальд, Швейцарська Рів'єра, гора Пілатус + гора Монблан!»",2,,,,0
https://adriatic-travel.com.ua/tour/shveytsariya-dlya-tebe,"«Швейцарія для тебе... Гріндельвальд, Швейцарська Рів'єра, гора Пілатус + гора Монблан!»",3,,,,0
https://adriatic-travel.com.ua/tour/shveytsariya-dlya-tebe,"«Швейцарія для тебе... Гріндельвальд, Швейцарська Рів'єра, гора Пілатус + гора Монблан!»",4,,,,0
https://adriatic-travel.com.ua/tour/shveytsariya-dlya-tebe,"«Швейцарія для тебе... Гріндельвальд, Швейцарська Рів'єра, гора Пілатус + гора Монблан!»",5,,,,0
https://adriatic-travel.com.ua/tour/shveytsariya-dlya-tebe,"«Швейцарія для тебе... Гріндельвальд, Швейцарська Рів'єра, гора Пілатус + гора Монблан!»",6,Сніданок.,У вільний час запрошуємо відвідати екскурсії на вибір: Прогулянка по Влтаві: 40€; Королівська Прага: Градчани та Празький Град: 19€; 99 років: 35€,"Сніданок.
Виселення з готелю (Пересування по місту на громадському транспорті за власні кошти).
Переїзд територією Польщі.
Перетин кордону.
Нічне прибуття до Львова.
Має право на безкоштовний тур;
Безкоштовно екскурсії на які йде вся її група;
Безкоштовно радіо гід і сіті такс;
Безкоштовне харчування те, яке має група в турі;
Оглядова екскурсія по Празі «Старе місто» (у вартості туру). Вацлавська площа, собор Марії Сніжної, Порохова вежа, Муніципальний дім, костел святого Якуба, Староміська площа з відомими курантами, єврейське місто, а також Клементиум - колишнє місто єзуїтів. У вільний час запрошуємо відвідати екскурсії на вибір: Прогулянка по Влтаві (дор. - 40€, діти до 13.99 років - 35€). Після прогулянок по історичній Празі ми прийдемо до берега Влтави, де Вас чекатиме затишний катер ",800
https://adriatic-travel.com.ua/tour/vikend-v-shveytsariyu-zaltsburg-ta-praga,«Вікенд в Швейцарію + Зальцбург та Прага!»,1,,,,0
https://adriatic-travel.com.ua/tour/vikend-v-shveytsariyu-zaltsburg-ta-praga,«Вікенд в Швейцарію + Зальцбург та Прага!»,2,,,,0
https://adriatic-travel.com.ua/tour/vikend-v-shveytsariyu-zaltsburg-ta-praga,«Вікенд в Швейцарію + Зальцбург та Прага!»,3,,,,0
https://adriatic-travel.com.ua/tour/vikend-v-shveytsariyu-zaltsburg-ta-praga,«Вікенд в Швейцарію + Зальцбург та Прага!»,4,Сніданок.,ний час пропонуємо факультативні екскурсії на вибір: «Перше знайомство з Прагою»: 19€; Королівська Прага: Градчани та Празький Град: 19€; Прогулянка по Влтаві: 40€,"Сніданок.
Виселення з готелю.
Вільний час в Празі (УВАГА! Пересування на громадському транспорті, квитки на метро за власний кошт).
Переїзд до України .
Перетин кордону.
Нічне прибуття до Львова (залежить від проходження кордону) .
Має право на безкоштовний тур;
Безкоштовно екскурсії на які йде вся її група;
Безкоштовно радіо гід і сіті такс;
Безкоштовне харчування те, яке має група в турі;
Має право на безкоштовний тур;
Безкоштовно екскурсії на які йде вся її група;
Безкоштовно радіо гід і сіті такс;
Безкоштовне харчування те, яке має група в турі;
У вільний час пропонуємо факультативні екскурсії на вибір: «Перше знайомство з Прагою» (дор. 19€/ діти до 13.99 років 10€). Вацлавська площа, собор Марії Сніжної, Порохова вежа, Муніципальний дім, костел святого Якуба, Староміська площа з відом",800
https://adriatic-travel.com.ua/tour/pobachennya-na-dvokh-venetsiya-i-verona,«Побачення на двох - Венеція і Верона…»,1,,,,0
https://adriatic-travel.com.ua/tour/pobachennya-na-dvokh-venetsiya-i-verona,«Побачення на двох - Венеція і Верона…»,2,,,,0
https://adriatic-travel.com.ua/tour/pobachennya-na-dvokh-venetsiya-i-verona,«Побачення на двох - Венеція і Верона…»,3,Сніданок.,"тативні екскурсії на вибір: Рекомендуємо поїздку до Верони - «Столицю закоханих»: 40€; Для тих хто поїхав до Верони, рекомендуємо поїздку на озеро Гарда: 30€; Пропонуємо відвідати Gardaland park: 30€","Сніданок.
Виселення з готелю.
Вільний час.
Виїзд з Італії до України.
Нічний переїзд до Львова.
Перетин кордону.
Вечірнє прибуття до Львова (залежно від проходження кордонів).
Має право на безкоштовний тур;
Безкоштовно екскурсії на які йде вся її група;
Безкоштовно радіо гід і сіті такс;
Безкоштовне харчування те, яке має група в турі;
У вільний час пропонуємо факультативні екскурсії на вибір: Рекомендуємо поїздку до Верони - «Столицю закоханих» (дор. 40€,діти до 13,99 р. - 35€). Це місто короля остготів Теодоріха і безсмертних закоханих Ромео і Джульєтти. Про них нагадують будинок Монтеккі та будинок Капулетті, у дворику якого стоїть бронзовий пам'ятник Джульєтті. Кажуть, якщо доторкнутись до красуні, успіх в коханні гарантовано, а поцілунок під знаменитим балконом - мрія багатьох закохан",800
https://adriatic-travel.com.ua/tour/smak-toskany-siena-aretstso-ta-san-dzhyminyano,"«Смак Тоскани: Флоренція, Сієна та Сан-Джиміньяно»",1,,,,0
https://adriatic-travel.com.ua/tour/smak-toskany-siena-aretstso-ta-san-dzhyminyano,"«Смак Тоскани: Флоренція, Сієна та Сан-Джиміньяно»",2,,,,0
https://adriatic-travel.com.ua/tour/smak-toskany-siena-aretstso-ta-san-dzhyminyano,"«Смак Тоскани: Флоренція, Сієна та Сан-Джиміньяно»",3,,,,0
https://adriatic-travel.com.ua/tour/smak-toskany-siena-aretstso-ta-san-dzhyminyano,"«Смак Тоскани: Флоренція, Сієна та Сан-Джиміньяно»",4,,,,0
https://adriatic-travel.com.ua/tour/smak-toskany-siena-aretstso-ta-san-dzhyminyano,"«Смак Тоскани: Флоренція, Сієна та Сан-Джиміньяно»",5,,,,0
https://adriatic-travel.com.ua/tour/smak-toskany-siena-aretstso-ta-san-dzhyminyano,"«Смак Тоскани: Флоренція, Сієна та Сан-Джиміньяно»",6,,,,0
https://adriatic-travel.com.ua/tour/smak-toskany-siena-aretstso-ta-san-dzhyminyano,"«Смак Тоскани: Флоренція, Сієна та Сан-Джиміньяно»",7,Сніданок.,ідвідування винних підвалів в Долині красунь з дегустацією вин і смачного гуляшу: 25€,"Сніданок.
Виселення з готелю.
Переїзд до Львова.
Перетин кордону.
Нічне прибуття до Львова.
Має право на безкоштовний тур;
Безкоштовно екскурсії на які йде вся її група;
Безкоштовно радіо гід і сіті такс;
Безкоштовне харчування те, яке має група в турі;
По дорозі факультативно пропонуємо: Насолодитися і отримати релакс в Термальних купальнях Saliris Resort - Spa & Conference Hotel - Egerszalók (трансфер + вх. квиток 31€, 3 години). Чисте повітря, гарний ландшафт, сосновий ліс і великий комплекс з лікувальною водою. Егерсалок - це невелике курортне селище в 140 км від Будапешта. Сам комплекс був побудований у 2007 році на базі гарячого джерела, що б'є на поверхню з глибини 410 м. Температура води +68°C. Стікаючи вниз, вона створила соляні пагорби із-за чого термальні купальні Егерссалока на",800
https://adriatic-travel.com.ua/tour/prekrasna-yak-madonna-donna-barselona,«Прекрасна - як мадонна! Донна Барселона!»,1,,,,0
https://adriatic-travel.com.ua/tour/prekrasna-yak-madonna-donna-barselona,«Прекрасна - як мадонна! Донна Барселона!»,2,,,,0
https://adriatic-travel.com.ua/tour/prekrasna-yak-madonna-donna-barselona,«Прекрасна - як мадонна! Донна Барселона!»,3,,,,0
https://adriatic-travel.com.ua/tour/prekrasna-yak-madonna-donna-barselona,«Прекрасна - як мадонна! Донна Барселона!»,4,,,,0
https://adriatic-travel.com.ua/tour/prekrasna-yak-madonna-donna-barselona,«Прекрасна - як мадонна! Донна Барселона!»,5,,,,0
https://adriatic-travel.com.ua/tour/prekrasna-yak-madonna-donna-barselona,«Прекрасна - як мадонна! Донна Барселона!»,6,,,,0
https://adriatic-travel.com.ua/tour/prekrasna-yak-madonna-donna-barselona,«Прекрасна - як мадонна! Донна Барселона!»,7,,,,0
https://adriatic-travel.com.ua/tour/prekrasna-yak-madonna-donna-barselona,«Прекрасна - як мадонна! Донна Барселона!»,8,Переїзд по території Угорщини.,,"Переїзд по території Угорщини.
Перетин кордону.
Нічне прибуття до Львова.
Має право на безкоштовний тур;
Безкоштовно екскурсії на які йде вся її група;
Безкоштовно радіо гід і сіті такс;
Безкоштовне харчування те, яке має група в турі;
Потрібні безкоштовні місця для керівника групи?
Це легко організувати! У розділі «Калькулятор цін – Вартість для груп» ви можете вказати необхідну кількість безкоштовних місць, і система автоматично врахує це у підсумковій вартості.
Якщо для групи Ви обираєте безкоштовні місця тоді діють наступні додаткові послуги для безкоштовної особи:
Обовʼязкових екскурсій для груп НЕМАЄ!
При бронюванні екскурсій разом із туром, можливі знижки до 10% (деталі у Вашого куратора)
Вже маєте прорахований тур? Зв'яжіться з нами і ми підтвердимо ціну конкурента або запропонуємо",800
https://adriatic-travel.com.ua/tour/avstriyskyy-vikend-viden-zal-tsburh-praha,"«Австрійський вікенд: Відень - Зальцбург - Прага» Виїзд зі Львова, Мукачево",1,06:00 - збір групи на з/д вокзалі м. Львова (платна стоянка з правої сторони від центрального входу ,часу (швидкого проходження кордону) пропонуємо: Прогулянку по Дунаю на кораблику: 29€; У вільний час пропонуємо факультативні екскурсії на вибір: Блискучий Відень: 25€; Легенди Відня: 21€; Імператорський палац Шонбрунн: 11€; Золота скарбниця Габсбургів: 21€; мо факультативно екскурсії на вибір: «Гальштат - райське місто древньої Австрії»: 38€; «Рай на землі - екскурсія на озера Зальцкаммергут»: 46€; й час пропонуємо одну з факультативних екскурсій на вибір: «Зальцбург на долоні»: 20€; Хелбруннський палацовий парк та потішні фонтани: 30€; тативні екскурсії на вибір: Оглядова екскурсія по Празі «Вулицями Старого міста»: 20€; Пішохідна екскурсія «Празький Град і Градчани»: 20€; Прогулянка по Влтаві: 40€; 99 років: 19€; 99 років: 15€; 99 років: 25€; 99 років: 30€; 99 років: 35€,"06:00 - збір групи на з/д вокзалі м. Львова (платна стоянка з правої сторони від центрального входу у вокзал).
06:30 - виїзд групи до Угорщини. Можливість приєднатись до групи по маршруту. 07:30 - Стрий (місце приєднання: АЗС ОККО вул. Болехівська 49) 10:30 - Мукачево (АЗС UPG, вул. Лавківська, 1) 11:30 - Чоп (АЗС ОККО) * - час приєднання орієнтований і залежить від ситуації на дорозі. Точний час приєднання повідомить керівник групи попередньо сконтактувавшись з туристами.
Перетин кордону.
При наявності часу (швидкого проходження кордону) пропонуємо: Прогулянку по Дунаю на кораблику (дор. - 29€, діти до 13.99 років - 19€) - під час екскурсії перед Вами відкриється панорама, яка вважається частиною Всесвітньої культурної спадщини: 9 мостів через Дунай, фортечна гора з Королівським палацом, ",800
https://adriatic-travel.com.ua/tour/mista-dlya-potsilunkiv-viden-venetsiya-verona,«Міста для поцілунків: Венеція-Мілан-Верона»,1,06:00 - збір групи на з/д вокзалі у м. Львів (платна стоянка з правої сторони від центрального входу,"При швидкому перетині кордону пропонуємо: Прогулянку по Дунаю на кораблику: 30€; Відправлення на кораблику до Венеції + в'їзд в туристичну зону: 35€; пропонуємо факультативні екскурсії на вибір: «Романтичну прогулянку на гондолі»: 29€; «Острови лагуни — кольорова Венеція!»: 49€; «Екскурсія по Гранд-Каналу - головній вулиці Венеції»: 38€; «Відвідування з гідом Палацу Дожів»: 19€; «Невідома Венеція»: 18€; одну окрасу міста У вільний час пропонуємо: «Екскурсія на озеро Комо та Лугано»: 45€; «Бергамо, місто прекрасне!»: 35€; «Екскурсія в Дуомо: 18€; Запрошуємо на захоплюючу екскурсію «Озеро Маджоре — природна перлина Італії»: 35€; Стреза пропонуємо відвідати палац Борромео: 15€; Факультативно пропонуємо: Екускурсія в Ріва дель Гарда: 35€; ідвідування винних підвалів в Долині красунь з дегустацією вин і смачного гуляшу: 27€; 99 років: 26€; кораблику до Венеції + в'їзд в туристичну зону (35€ у дві сторони,діти до 13,99р: 30€; 99 років: 25€; 99 років: 28€; 99 років: 10€; 99 років: 20€","06:00 - збір групи на з/д вокзалі у м. Львів (платна стоянка з правої сторони від центрального входу у вокзал).
06:30 - виїзд із Львова.
Перетин кордону.
Переїзд в транзитний готель .
Ніч в готелі.
Сніданок.
Виселення з готелю.
Переїзд до Венеції.
Переїзд в транзитний готель на території Італії.
Ніч в готелі.
Сніданок.
Виселення з готелю.
Переїзд до Мілану
Збір групи. Переїзд в готель.
Поселення в готель.
Ніч в готелі.
Сніданок.
Виселення з готелю.
Переїзд до Верони.
Збір групи.
Переїзд на територію Угорщини.
Поселення в транзитний готель.
Ніч в готелі.
Сніданок.
Виселення з готелю.
Переїзд до України.
Перетин кордону.
Нічне прибуття до Львова.
Має право на безкоштовний тур;
Безкоштовно екскурсії на які йде вся її група;
Безкоштовно радіо гід і сіті такс;
Безкоштовне харчування те, яке має",800
https://adriatic-travel.com.ua/tour/nezabutnya-vidpustka-v-nimechchyni,«Незабутня відпустка в Німеччині»,1,06:00 - збір групи на з/д вокзалі м. Львів (платна стоянка з правої сторони від центрального входу у,"час пропонуємо факультативні екскурсії на вибір: Оглядову екскурсію по Ганноверу: 20€; и Херренхаузен – один із найвідоміших барокових садово-паркових ансамблів Європи: 25€; мо факультативні екскурсії на вибір: Кведлінбург — казкова перлина середньовіччя: 30€; Скарби гірського королівства Гарц: 36€; й час пропонуємо факультативні екскурсії на вибір: Оглядова екскурсія по Кракову: 19€; Вавельський замок: 21€; При наявності вільного часу, пропонуємо екскурсію по Вроцлаву: 19€; У вільний час пропонуємо факультативні екскурсії на вибір: «Берлінський зоопарк»: 10€; «Погляд крізь час»: 25€; «Вечірній Берлін»: 25€; «Обід в німецькій пивній»: 35€; ю! Трансфер до «Тропічного острова» в Німеччині - найбільший аквапарк на планеті: 22€; Вулиця «Червоних ліхтарів» Репербан: 20€; Прогулянка на кораблику по гавані Ельби (порт Гамбурга): 40€; Любек – місто середньовічних купців і марципану: 35€; Люнебург – місто солі, готики та середньовічного шарму: 35€; 99 років: 30€; 99 років: 20€","06:00 - збір групи на з/д вокзалі м. Львів (платна стоянка з правої сторони від центрального входу у вокзал).
06:30 - виїзд групи зі Львова.
Перетин кордону.
Поселення в транзитному готелі на території Польщі.
Ночліг у готелі.
Сніданок.
Виселення з готелю.
Переїзд в Берлін.
Переїзд та поселення в транзитний готель.
Ночівля.
Сніданок.
Виселення з готелю.
Переїзд по території Німеччини.
Прибуття до Гамбургу.
Переїзд та поселення у готель.
Ніч в готелі.
Сніданок.
Виселення з готелю.
Переїзд у Бремен. Оглядова екскурсія по Бремену (у вартості туру). Місто з багатою історією, легендами та неповторною атмосферою. Бремен, розташований на берегах річки Везер, відомий своєю середньовічною архітектурою, казковими вуличками та історією, пов’язаною з знаменитими «Бременськими музикантами».
Переїзд у Г",800
https://adriatic-travel.com.ua/tour/dolomitovi-alpy-vidpochynok-na-vershyni-nebes,«Доломітові Альпи Італії: Відпочинок на вершині небес»,1,07:00 - збір групи на ж/д вокзалі м. Львів (платна стоянка з правої сторони від центрального входу у,"При наявності часу, пропонуємо оглядову екскурсію по місту Краків: 19€; льтативні екскурсії на вибір: «Рай на землі - екскурсія на озера Зальцкаммергут»: 45€; «Зальцбург на долоні»: 18€; Мізуріна: 45€; Факультативно пропонуємо: Полонина Сечеда і село Санта Магдалена: 55€; миттєвостями, які залишаться в пам'яті назавжди! Озеро Карецца (Lago di Carezza): 35€; Мольвено: 38€; Пропонуємо оглядову екскурсію по Тренто: 17€; Екускурсія в Ріва дель Гарда, Мальчезіно + Монте - Бальдо: 35€; ідвідування винних підвалів в Долині красунь з дегустацією вин і смачного гуляшу: 25€; 20€, трансфер: 10€","07:00 - збір групи на ж/д вокзалі м. Львів (платна стоянка з правої сторони від центрального входу у вокзал).
07:30 - виїзд зі Львова.
Перетин кордону.
Переїзд по території Польщі.
Переїзд до Чехії.
Поселення в готель.
Ніч в готелі.
Сніданок.
Виселення з готелю
Переїзд до Зальцбурга.
Вільний час.
Поселення в транзитний готель.
Ніч в готелі.
Сніданок.
Виселення з готелю.
Переїзд в Доломітові Альпи.
Збір групи. Поселення в готель.
Ніч в готелі.
Сніданок.
Відпочинок у Доломітових Альпах.
Повернення в готель.
Ніч в готелі.
Сніданок.
Виселення з готелю.
Переїзд в транзитний готель.
Ніч в готелі.
Сніданок.
Виселення з готелю.
Переїзд до Львова.
Перетин кордону.
Нічне прибуття до Львова.
Має право на безкоштовний тур;
Безкоштовно екскурсії на які йде вся її група;
Безкоштовно радіо гід і сіті так",800
https://adriatic-travel.com.ua/tour/krasa-bez-filtriv-zaltsburg-halshtat-ta-ozernyi-krai-zaltskammer,"«Краса без фільтрів: Зальцбург, Гальштат та озерний край Зальцкаммергут»",1,06:00 - збір групи на з/д вокзалі м. Львів (платна стоянка з правої сторони від центрального входу у,При наявності пропонуємо оглядову екскурсію по місту Краків: 19€; льтативно екскурсії на вибір: «Рай на землі - екскурсія на озера Зальцкаммергут»: 46€; «Зальцбург на долоні»: 25€; акультативні екскурсії на вибір: Хелбруннський палацовий парк та потішні фонтани: 30€; «Гальштат - райське місто древньої Австрії»: 38€; ке місто древньої Австрії» пропонуємо відвідати панораму «5 пальців» у Дахштайні: 20€; АБО Льодовик Дахштайн: 35€; По дорозі пропонуємо відвідати екскурсію «Чудеса Ліхтенштейнкламму»: 25€; АБО «Айрізенвельт — крижане серце Альп»: 30€; У вільний час пропонуємо факультативні екскурсії: Прогулянка на кораблику: 40€; «Чудеса Кріммля: Водоспад і гори»: 30€; У вільний час пропонуємо факультативні екскурсії на вибір: Блискучий Відень: 25€; По дорозі пропонуємо відвідати прогулянку по Дунаю на кораблику у Будапешті: 29€; 99 років: 30€; 99 років: 19€; 99 років: 25€; 99 років: 20€; 99 років: 15€,"06:00 - збір групи на з/д вокзалі м. Львів (платна стоянка з правої сторони від центрального входу у вокзал).
06:30 - виїзд групи до Польщі.
Перетин кордону.
При наявності пропонуємо оглядову екскурсію по місту Краків (19€). Краків - колишня столиця Польщі, одне з найпрекрасніших міст Європи. Саме тут знаходиться найбільша кількість архітектурних пам'яток країни. Історичний центр Кракова внесений до ЮНЕСКО списку Всесвітньої культурної спадщини. Під час екскурсії Ви відвідаєте Вавельський пагорб з замком і Кафедральним собором, середньовічне Старе місто з головною площею і залишками укріплень XV ст., побачите будівлю Ягеллонського університету, заснованого в 1364 р - одного з найбільших в Європі центрів науки і освіти, а всі дороги в Кракові ведуть до Ринкової площі, яку оточують чудові ка",800
https://adriatic-travel.com.ua/tour/paryzh-ta-amsterdam-zbyraye-druziv,«Париж та Амстердам збирає друзів!»,1,07:00 — збір групи на залізничному вокзалі м. Львів. Важливий момент: за день до туру керівник групи,"У вільний час пропонуємо автобусну екскурсію «Погляд крізь час»: 28€; ультативні екскурсії на вибір: «Голландський фольклор: Заансе Сханс та Волендам»: 38€; Прогулянка на кораблику по каналах Амстердаму: 23€; «Вечірній Амстердам»: 28€; 2026): 18€; омантичне місто, збудоване в формі серця, столицю Королівства Бельгії - Брюссель: 30€; вільний час пропонуємо пізнати Париж ще ближче разом з нами: Прогулянка по Сені: 25€; «Богемний Монмартр»: 28€; Вечірня програма «Вогні нічного Парижа»: 38€; Автобусна екскурсія «Бонжур, Париж»: 35€; «Серце Парижа: острів Сіте, Нотр Дам, Пантеон та Латинський квартал»: 28€; «Мистецтво краси – Лувр»: 48€; «Версаль - пишність Короля-Сонця»: 38€; Діснейленд!»: 26€; Після оглядової екскурсії пропонуємо прогулянку по Влтаві: 40€; 99 років: 10€; 99 років: 18€; 99 років: 28€; 99 років: 20€; 48€, діти: 48€; 99 років: 38€; 99 років: 48€; Особлива локація це Сад емоцій (Les Jardins d'Étretat) (оплачується додатково: 14€; 99 років: 35€","07:00 — збір групи на залізничному вокзалі м. Львів. Важливий момент: за день до туру керівник групи створює спільний чат у Viber , де ви отримаєте всі деталі: номер автобуса, точне місце збору та поради щодо речей. Протягом усього туру чат буде вашим «цифровим компасом» — там буде актуальний таймінг , геолокації точок збору та лайфхаки від керівника. Переконайтеся, що додаток встановлено, а сповіщення увімкнені!
07:30 - виїзд групи в тур. Знайомство; організаційна інформація від керівника групи.
Перетин кордону. Процедура включає паспортний та митний контроль. Для туристичних автобусів діють регламентовані правила перетину згідно з міжнародною угодою Interbus . Важливо : на території пункту пропуску суворо заборонено фото- та відеозйомку. Ознайомитися з детальними правилами перетину, пере",800
https://adriatic-travel.com.ua/tour/italiya-moya-lyubov-venetsiya-milan-verona,«Італія моя любов... Венеція-Мілан-Верона»,1,,,,0
https://adriatic-travel.com.ua/tour/italiya-moya-lyubov-venetsiya-milan-verona,«Італія моя любов... Венеція-Мілан-Верона»,2,,,,0
https://adriatic-travel.com.ua/tour/italiya-moya-lyubov-venetsiya-milan-verona,«Італія моя любов... Венеція-Мілан-Верона»,3,,,,0
https://adriatic-travel.com.ua/tour/italiya-moya-lyubov-venetsiya-milan-verona,«Італія моя любов... Венеція-Мілан-Верона»,4,,,,0
https://adriatic-travel.com.ua/tour/italiya-moya-lyubov-venetsiya-milan-verona,«Італія моя любов... Венеція-Мілан-Верона»,5,"Перетин кордону. Проходимо всі формальності й поступово усвідомлюємо, скільки краси, емоцій і яскрав",,"Перетин кордону. Проходимо всі формальності й поступово усвідомлюємо, скільки краси, емоцій і яскравих міст вмістила ця подорож. Італія вже позаду, але післясмак Венеції, Верони та Мілана точно залишиться з нами ще надовго.
Вечірнє прибуття в Україну. Повертаємося додому з відчуттям, що прожили маленьке, але дуже яскраве європейське життя — з каналами Венеції, романтикою Верони, елегантністю Мілана, келихами вина, ароматом кави й тією особливою італійською легкістю, яку хочеться забрати з собою.
До нових зустрічей! Ми не ставимо крапку, лише кому. Бо після Венеції, Верони та Мілана дуже легко зрозуміти: Італія ще точно не сказала свого останнього слова. Попереду можуть бути нові міста, нові враження і, можливо, вже наступна зустріч — із вічним і величним Римом, який теж одного дня захочеть",800
https://adriatic-travel.com.ua/tour/vid-alp-do-palm-3-dni-v-barseloni-zaltsburg-tsyuryh#about_tour,"«Від Альп до пальм: 3 дні в Барселоні + Зальцбург, Цюрих»",1,07:00 - збір групи на ж/д вокзалі м. Львів (платна стоянка з правої сторони від центрального входу у,"При наявності часу, пропонуємо оглядову екскурсію по місту Краків: 19€; льтативні екскурсії на вибір: «Рай на землі - екскурсія на озера Зальцкаммергут»: 45€; «Зальцбург на долоні»: 18€; У вільний час пропонуємо: «Монако - центр світського життя Лазурного Берега»: 45€; уємо факультативні екскурсії на вибір: Екскурсію по Готичному кварталу Барселони: 21€; «Жаркий фламенко»: 39€; с пропонуємо факультативні екскурсії на вибір: Екскурсію «Гауді і його творіння»: 36€; Рекомендуємо екскурсію - «Святиня Іспанії - гора Монсеррат»: 46€; Екскурсія до Порт Авентура в Іспанії: 46€; онуємо факультативні екскурсії на вибір: Рекомендуємо екскурсію в Іспанське село: 31€; Цюрих: 18€; ультативні екскурсії на вибір: «Рейнський водоспад - природна перлина Швейцарії»: 36€; Або «Люцерн - Швейцарія в мініатюрі»: 36€; У вільний час пропонуємо факультативні екскурсії на вибір: На прийом до короля: 18€; Автобусна гранд-екскурсія по Мюнхену: 23€; «Мюнхен - пивна столиця»: 26€; «Лебединий замок Нойшванштайн»: 46€","07:00 - збір групи на ж/д вокзалі м. Львів (платна стоянка з правої сторони від центрального входу у вокзал).
07:30 - виїзд зі Львова.
Перетин кордону.
Переїзд по території Польщі.
Переїзд до Чехії.
Поселення в готель.
Ніч в готелі.
Сніданок.
Виселення з готелю.
Переїзд до Зальцбурга.
Нічний переїзд в Ніццу.
Прибуття до Ніцци.
Переїзд в транзитний готель.
Ніч в готелі.
Сніданок.
Виселення з готелю.
Переїзд до Барселони.
Поселення в готель за межами міста.
Ніч в готелі.
Сніданок.
Вільний час в Барселоні.
Повернення в готель.
Ніч в готелі.
Сніданок.
Виселення з готелю.
Вільний час в Барселоні.
Нічний переїзд до Цюриха.
Прибуття до Швейцарії.
Переїзд в транзитний готель.
Ніч в готелі.
Сніданок.
Виселення з готелю.
Переїзд до Мюнхена.
Переїзд в транзитний готель.
Ніч в готелі.
Сніданок.
Виселе",800
https://adriatic-travel.com.ua/tour/nezabutni-momenty-v-dolomitovyh-alpah,«Незабутні моменти в Доломітових Альпах»,1,07:00 - збір групи на ж/д вокзалі м. Львів (платна стоянка з правої сторони від центрального входу у,"При наявності часу, пропонуємо оглядову екскурсію по місту Краків: 19€; озі факультативно пропонуємо: «Рай на землі - екскурсія на озера Зальцкаммергут»: 45€; Факультативно пропонуємо: «Зальцбург на долоні»: 18€; Мізуріна: 50€; Факультативно пропонуємо: Оглядова екскурсія у Больцано: 20€; Мольвено: 40€; У Мольвено факультативно пропонуємо: Піднятися на гору Паганелло: 25€; ємося враженнями та, звісно, побудуємо плани на нові мандрівки! Винна дегустація: 45€; Пропонуємо оглядову екскурсію по Тренту: 20€; Екускурсія в Ріва дель Гарда, Мальчезіно + Монте - Бальдо: 35€; При наявності часу пропонуємо: Прогулянку по Дунаю на кораблику: 30€; ідвідування винних підвалів в Долині красунь з дегустацією вин і смачного гуляшу: 25€; 99 років: 26€","07:00 - збір групи на ж/д вокзалі м. Львів (платна стоянка з правої сторони від центрального входу у вокзал).
07:30 - виїзд зі Львова.
Перетин кордону.
Переїзд по території Польщі.
Переїзд до Чехії.
Поселення в готель.
Ніч в готелі.
Сніданок.
Виселення з готелю
Переїзд в Зальцбург.
Прибуття до Зальцбурга.
Поселення в транзитний готель.
Ніч в готелі.
Сніданок.
Переїзд в Доломітові Альпи
Збір групи переїзд в готель.
Ніч в готелі.
Сніданок.
Відпочинок у Доломітових Альпах.
Вільний день
Повернення в готель.
Ніч в готелі.
Сніданок.
Відпочинок у Доломітових Альпах.
Ночівля в готелі.
Сніданок.
Виселення з готелю.
Переїзд в транзитний готель.
Ніч в готелі.
Сніданок.
Виселення з готелю.
Переїзд до Львова.
Перетин кордону.
Нічне прибуття до Львова.
06:00 - збір групи на ж/д вокзалі м. Львів (платна ",800
https://adriatic-travel.com.ua/tour/alpiyska-rozkish-sloveniya-italiya-ta-avstriya,"«Альпійська розкіш: Словенія, Італія та Австрія»",1,,,,0
https://adriatic-travel.com.ua/tour/alpiyska-rozkish-sloveniya-italiya-ta-avstriya,"«Альпійська розкіш: Словенія, Італія та Австрія»",2,,,,0
https://adriatic-travel.com.ua/tour/alpiyska-rozkish-sloveniya-italiya-ta-avstriya,"«Альпійська розкіш: Словенія, Італія та Австрія»",3,,,,0
https://adriatic-travel.com.ua/tour/alpiyska-rozkish-sloveniya-italiya-ta-avstriya,"«Альпійська розкіш: Словенія, Італія та Австрія»",4,,,,0
https://adriatic-travel.com.ua/tour/alpiyska-rozkish-sloveniya-italiya-ta-avstriya,"«Альпійська розкіш: Словенія, Італія та Австрія»",5,Сніданок.,ідвідування винних підвалів в Долині красунь з дегустацією вин і смачного гуляшу: 25€,"Сніданок.
Виселення з готелю.
Переїзд до України
Перетин угорського кордону.
Нічне прибуття до Львова.
Має право на безкоштовний тур;
Безкоштовно екскурсії на які йде вся її група;
Безкоштовно радіо гід і сіті такс;
Безкоштовне харчування те, яке має група в турі;
По дорозі факультативно пропонуємо: Насолодитися і отримати релакс в Термальних купальнях Saliris Resort - Spa & Conference Hotel - Egerszalók (трансфер + вх. квиток 31€, 3 години). Чисте повітря, гарний ландшафт, сосновий ліс і великий комплекс з лікувальною водою. Егерсалок - це невелике курортне селище в 140 км від Будапешта. Сам комплекс був побудований у 2007 році на базі гарячого джерела, що б'є на поверхню з глибини 410 м. Температура води +68°C. Стікаючи вниз, вона створила соляні пагорби із-за чого термальні купальні Еге",800
https://adriatic-travel.com.ua/tour/pryvit-paryzh,"«Привіт Париж! (3 дні в Парижі + Нормандія, Діснейленд, Зальцбург, Гальштат, Відень та Будапешт)»",1,,,,0
https://adriatic-travel.com.ua/tour/pryvit-paryzh,"«Привіт Париж! (3 дні в Парижі + Нормандія, Діснейленд, Зальцбург, Гальштат, Відень та Будапешт)»",2,,,,0
https://adriatic-travel.com.ua/tour/pryvit-paryzh,"«Привіт Париж! (3 дні в Парижі + Нормандія, Діснейленд, Зальцбург, Гальштат, Відень та Будапешт)»",3,,,,0
https://adriatic-travel.com.ua/tour/pryvit-paryzh,"«Привіт Париж! (3 дні в Парижі + Нормандія, Діснейленд, Зальцбург, Гальштат, Відень та Будапешт)»",4,,,,0
https://adriatic-travel.com.ua/tour/pryvit-paryzh,"«Привіт Париж! (3 дні в Парижі + Нормандія, Діснейленд, Зальцбург, Гальштат, Відень та Будапешт)»",5,,,,0
https://adriatic-travel.com.ua/tour/pryvit-paryzh,"«Привіт Париж! (3 дні в Парижі + Нормандія, Діснейленд, Зальцбург, Гальштат, Відень та Будапешт)»",6,"Прибуття до Зальцбурга . Ранок у підніжжя Альп — це найкраща терапія. Ми потрапляємо в місто, яке оф",«Зальцбург на долоні»: 18€; ємо відвідати винні підвали в Долині красунь з дегустацією вин і смачного гуляшу: 24€; 99 років: 10€,"Прибуття до Зальцбурга . Ранок у підніжжя Альп — це найкраща терапія. Ми потрапляємо в місто, яке офіційно вважається столицею бароко та батьківщиною Моцарта.
Оглядова екскурсія по Зальцбургу (у вартості туру). Палац і парк Мірабель, музеї Моцарта, будинки Крістіана Доплера і Герберта фон Караяна , центральну вулицю Гетрайдегассе , концертні зали Festspielhäuse , монастир святого Петра, Кафедральний собор і багато іншого. В часі прогулянки по центру Зальцбурга вас не залишає відчуття нереальності того, що відбувається - так ніби ви потрапили в казку. Тут все дихає історією, тут відчувається дух Моцарта. Зальцбург вважається найзнаменитішим містом, збудованим у стилі бароко, розташованому біля північного підніжжя Альпійських гір.
У вільний час пропонуємо: «Рай на землі — екскурсія на озера ",800
https://adriatic-travel.com.ua/tour/podaruy-sobi-amsterdam,«Подаруй собі Amsterdam!»,1,06:30 - збір групи на з/д вокзалі у м. Львів (платна стоянка з правої сторони від центрального входу,"При наявності часу, запрошуємо відвідати столицю Польщі — Варшаву: 19€; У вільний час пропонуємо екскурсії: Екскурсія «Погляд крізь час»: 28€; Берлінський зоопарк та акваріум: 15€; ум є одним з найвідоміших і найвидатніших акваріумів у Європі! «Вечірній Берлін»: 25€; акультативні екскурсії на вибір: «Голландський фольклор Заанс Сханс та Волендам»: 38€; ованого за старовинними рецептами! Прогулянка на кораблику по каналах Амстердаму: 23€; «Вечірній Амстердам»: 25€; «Місто музеїв — Лейден та музей ""Corpus""»: 33€; «Міста казки – Делфт + Гаага»: 38€; ід час екскурсії (!) додатково пропонуємо відвідати: Роттердам – місто Манхеттен: 18€; Сьогодні запрошуємо відвідати: «Серце Бельгії — Брюссель»: 50€; Парк атракціонів Efteling: 26€; Музей Мадам Тюссо: 23€; Рейксмузеум або Національна галерея: 23€; скурсії на вибір: Одна з найкрасивіших екскурсій Неймовірна Саксонська Швейцарія: 35€; Музей Зелені склепіння — Королівська скарбниця в Дрездені: 18€; Галерея старих майстрів або Дрезденська картинна галерея: 18€; У вільний час пропонуємо екскурсії: Королівська Прага: Градчани та Празький Град: 19€; Прогулянка по Влтаві: 40€; 99 років: 35€","06:30 - збір групи на з/д вокзалі у м. Львів (платна стоянка з правої сторони від центрального входу у вокзал).
07:00 - виїзд зї Львова.
Перетин кордону.
Переїзд по території Польщі.
Переїзд в транзитний готель.
Ніч в готелі.
Сніданок.
Виселення з готелю.
Переїзд до Берліна.
Нічний переїзд до Амстердама.
Ранкове прибуття в Амстердам.
Поселення в готель.
Ніч в готелі.
Сніданок.
Виселення з готелю.
Переїзд та поселення в готель.
Ніч в готелі.
Сніданок.
Виселення з готелю.
Нічний переїзд до Дрездена.
Переїзд по території Німеччини.
Приїзд у Дрезден.
Приїзд до Праги.
Переїзд та поселення в готель.
Ніч в готелі.
Сніданок.
Виселення з готелю (Пересування на громадському транспорті, квитки за власний кошт).
Транзит по території Польщі.
Перетин кордону.
Нічне прибуття до Львова (залежно від проход",800
https://adriatic-travel.com.ua/tour/celfi-v-amsterdami,«Селфі в Амстердамі!»,1,06:00 - збір групи на з/д вокзалі м. Львів (платна стоянка з правої сторони від центрального входу у,"При наявності часу, запрошуємо відвідати столицю Польщі — Варшаву: 19€; У вільний час пропонуємо факультативні екскурсії: Екскурсія «Погляд крізь час»: 28€; «Королівська прогулянка — Потсдам та Сан Сусі»: 38€; «Вечірній Берлін»: 23€; акультативні екскурсії на вибір: «Голландський фольклор Заанс Сханс та Волендам»: 38€; ованого за старовинними рецептами! Прогулянка на кораблику по каналах Амстердаму: 23€; «Вечірній Амстердам»: 25€; Парк атракціонів Efteling: 26€; Прогулянка на кораблику по Влтаві з обідом: 40€; Королівська Прага: Градчани та Празький Град: 19€; Легенди та міфи Праги: 19€; Брно»: 19€; «Диво Чехії — Моравський Крас»: 20€; 19€, діти: 10€; 28€, діти: 18€; 38€, діти: 28€; 23€, діти: 18€; 23€, діти: 20€; 25€, діти: 15€; 21€, діти: 10€; 18€, діти: 10€; 25€, діти: 20€; 40€, діти: 35€","06:00 - збір групи на з/д вокзалі м. Львів (платна стоянка з правої сторони від центрального входу у вокзал).
06:30 - в иїзд зі Львова.
Перетин кордону.
Переїзд та поселення в готель.
Ніч в готелі.
Сніданок.
Виселення з готелю.
Прибуття в Берлін .
Нічний переїзд до Амстердама .
Ранкове прибуття до Амстердама .
Переїзд в готель.
Ніч в готелі.
Сніданок.
Виселення з готелю.
Вільний день в Амстердамі.
Нічний переїзд до Чехії .
Зупинка на сніданок.
Переїзд до Праги .
Поселення в готель.
Повернення в готель (пересування по місту на громадському транспорті за власні кошти) .
Ніч в готелі .
Сніданок.
Виселення з готелю.
Переїзд до Львова .
Перетин кордону.
Прибуття до Львова.
Має право на безкоштовний тур;
Безкоштовно екскурсії на які йде вся її група;
Безкоштовно радіо гід і сіті такс;
Безкоштовн",800
https://adriatic-travel.com.ua/tour/slidamy-vikingiv-stokgolm-oslo,«Слідами вікінгів: Стокгольм + Осло»,1,,,,0
https://adriatic-travel.com.ua/tour/slidamy-vikingiv-stokgolm-oslo,«Слідами вікінгів: Стокгольм + Осло»,2,,,,0
https://adriatic-travel.com.ua/tour/slidamy-vikingiv-stokgolm-oslo,«Слідами вікінгів: Стокгольм + Осло»,3,,,,0
https://adriatic-travel.com.ua/tour/slidamy-vikingiv-stokgolm-oslo,«Слідами вікінгів: Стокгольм + Осло»,4,,,,0
https://adriatic-travel.com.ua/tour/slidamy-vikingiv-stokgolm-oslo,«Слідами вікінгів: Стокгольм + Осло»,5,,,,0
https://adriatic-travel.com.ua/tour/slidamy-vikingiv-stokgolm-oslo,«Слідами вікінгів: Стокгольм + Осло»,6,,,,0
https://adriatic-travel.com.ua/tour/slidamy-vikingiv-stokgolm-oslo,«Слідами вікінгів: Стокгольм + Осло»,7,,,,0
https://adriatic-travel.com.ua/tour/slidamy-vikingiv-stokgolm-oslo,«Слідами вікінгів: Стокгольм + Осло»,1,,,,0
https://adriatic-travel.com.ua/tour/slidamy-vikingiv-stokgolm-oslo,«Слідами вікінгів: Стокгольм + Осло»,2,,,,0
https://adriatic-travel.com.ua/tour/slidamy-vikingiv-stokgolm-oslo,«Слідами вікінгів: Стокгольм + Осло»,3,,,,0
https://adriatic-travel.com.ua/tour/slidamy-vikingiv-stokgolm-oslo,«Слідами вікінгів: Стокгольм + Осло»,4,,,,0
https://adriatic-travel.com.ua/tour/slidamy-vikingiv-stokgolm-oslo,«Слідами вікінгів: Стокгольм + Осло»,5,,,,0
https://adriatic-travel.com.ua/tour/slidamy-vikingiv-stokgolm-oslo,«Слідами вікінгів: Стокгольм + Осло»,6,,,,0
https://adriatic-travel.com.ua/tour/slidamy-vikingiv-stokgolm-oslo,«Слідами вікінгів: Стокгольм + Осло»,7,"Сніданок на поромі (оплачується додатково, в турі керівнику групу).",,"Сніданок на поромі (оплачується додатково, в турі керівнику групу).
Прибуття в Гдиню.
Переїзд до Гданська.",106
https://adriatic-travel.com.ua/tour/akh-miy-mylyy-amsterdam,"«Ах, мій милий Амстердам…»",1,07:00 - збір групи на залізничному вокзалі м. Львів. Важливий момент: за день до туру керівник групи,У вільний час пропонуємо автобусну екскурсію «Погляд крізь час»: 28€; «Голландський фольклор: Заансе Сханс та Волендам»: 38€; Прогулянка на кораблику по каналах Амстердаму: 23€; «Вечірній Амстердам»: 25€; 2026): 18€; «Міста казки – Делфт + Гаага»: 38€; Роттердам – місто Манхеттен: 18€; «Голландію в мініатюрі – парк Мадуродам»: 15€; Одна з найкрасивіших екскурсій Неймовірна Саксонська Швейцарія: 35€; Музей Зелені склепіння - Королівська скарбниця в Дрездені: 18€; Галерея старих майстрів або Дрезденська картинна галерея: 18€; до прекрасного в самому центрі Дрездена! Дивовижне середньовічне містечко Мейсен: 28€; нуємо познайомитись із надзвичайним польським містечком «Краків - місто королів»: 19€; У вільний час пропонуємо обід з дегустацією пива: 25€; 99 років: 18€; 99 років: 28€; 99 років: 20€; 99 років: 25€; 99 років: 10€,"07:00 - збір групи на залізничному вокзалі м. Львів. Важливий момент: за день до туру керівник групи створює спільний чат у Viber , де ви отримаєте всі деталі: номер автобуса, точне місце збору та поради щодо речей. Впродовж усього туру чат буде вашим «цифровим компасом» — там буде актуальний таймінг, геолокації точок збору та лайфхаки від керівника. Переконайтеся, що додаток встановлено, а сповіщення увімкнені!
07:30 - виїзд групи в тур. Знайомство; організаційна інформація від керівника групи.
Перетин кордону. Процедура включає паспортний та митний контроль. Для туристичних автобусів діють регламентовані правила перетину згідно з міжнародною угодою Interbus . Важливо : на території пункту пропуску суворо заборонено фото- та відеозйомку. Ознайомитися з детальними правилами перетину, перел",800
https://adriatic-travel.com.ua/tour/romantyka-adriatyky-horvatiya-ta-chornogoriya,«Романтика Адріатики: Хорватія та Чорногорія!»,1,,,,0
https://adriatic-travel.com.ua/tour/romantyka-adriatyky-horvatiya-ta-chornogoriya,«Романтика Адріатики: Хорватія та Чорногорія!»,2,,,,0
https://adriatic-travel.com.ua/tour/romantyka-adriatyky-horvatiya-ta-chornogoriya,«Романтика Адріатики: Хорватія та Чорногорія!»,3,,,,0
https://adriatic-travel.com.ua/tour/romantyka-adriatyky-horvatiya-ta-chornogoriya,«Романтика Адріатики: Хорватія та Чорногорія!»,4,,,,0
https://adriatic-travel.com.ua/tour/romantyka-adriatyky-horvatiya-ta-chornogoriya,«Романтика Адріатики: Хорватія та Чорногорія!»,5,,,,0
https://adriatic-travel.com.ua/tour/romantyka-adriatyky-horvatiya-ta-chornogoriya,«Романтика Адріатики: Хорватія та Чорногорія!»,6,,,,0
https://adriatic-travel.com.ua/tour/romantyka-adriatyky-horvatiya-ta-chornogoriya,«Романтика Адріатики: Хорватія та Чорногорія!»,7,Сніданок.,ір: відвідати винні підвали у Долині красунь з дегустацією вин і смачного гуляшу: 25€,"Сніданок.
Виселення з готелю.
При наявності часу, переїзд в Егер — перлину угорського бароко і батьківщину вогненно-червоних вин.
Переїзд до України.
Перетин кордону.
Нічне прибуття до Львова (залежить від проходження кордону).
Має право на безкоштовний тур;
Безкоштовно екскурсії на які йде вся її група;
Безкоштовно радіо гід і сіті такс;
Безкоштовне харчування те, яке має група в турі;
Пропонуємо на вибір: відвідати винні підвали у Долині красунь з дегустацією вин і смачного гуляшу (дор. 25€/дит. 15€). Єгер є одним з центрів угорського виноробства. Саме тут знаходиться один з найпопулярніших, серед українських туристів, об'єктів — Долина красунь (саме тут роблять, усім відоме червоне вино Egri bikavér, тобто «Егерська бича кров». Спробувати це вино, а також багато інших, можна в невеликих",800
https://adriatic-travel.com.ua/tour/podorozh-balkanamy,"«Подорож Балканами: Хорватія, Чорногорія, Албанія, Македонія та Боснія і Герцеговина»",1,,,,0
https://adriatic-travel.com.ua/tour/podorozh-balkanamy,"«Подорож Балканами: Хорватія, Чорногорія, Албанія, Македонія та Боснія і Герцеговина»",2,,,,0
https://adriatic-travel.com.ua/tour/podorozh-balkanamy,"«Подорож Балканами: Хорватія, Чорногорія, Албанія, Македонія та Боснія і Герцеговина»",3,,,,0
https://adriatic-travel.com.ua/tour/podorozh-balkanamy,"«Подорож Балканами: Хорватія, Чорногорія, Албанія, Македонія та Боснія і Герцеговина»",4,,,,0
https://adriatic-travel.com.ua/tour/podorozh-balkanamy,"«Подорож Балканами: Хорватія, Чорногорія, Албанія, Македонія та Боснія і Герцеговина»",5,,,,0
https://adriatic-travel.com.ua/tour/podorozh-balkanamy,"«Подорож Балканами: Хорватія, Чорногорія, Албанія, Македонія та Боснія і Герцеговина»",6,,,,0
https://adriatic-travel.com.ua/tour/podorozh-balkanamy,"«Подорож Балканами: Хорватія, Чорногорія, Албанія, Македонія та Боснія і Герцеговина»",7,,,,0
https://adriatic-travel.com.ua/tour/podorozh-balkanamy,"«Подорож Балканами: Хорватія, Чорногорія, Албанія, Македонія та Боснія і Герцеговина»",8,,,,0
https://adriatic-travel.com.ua/tour/podorozh-balkanamy,"«Подорож Балканами: Хорватія, Чорногорія, Албанія, Македонія та Боснія і Герцеговина»",9,Сніданок.,,"Сніданок.
Виселення з готелю/вілли.
Переїзд до Румунії.
Перетин кордону.
Нічне прибуття до Львова (залежить від проходження кордону).
При наявності часу, прогулянка по місту Тімішоара (у вартості туру) - велике і старе місто, третє за величиною в країні, з населенням понад 300 тис. осіб. Це одночасно молодий, студентський поліс і водночас великий індустріальний центр. Крім того, форсована забудова за часів правління Габсбургів зробила старий центр Тімішоари схожим на витончені барокові міста Європи: румуни з гордістю звуть своє місто маленьким Віднем. І в той самий час - саме космополітичне місто Румунії.
Увага! Умови для груп в автобусних турах з відпочинком на морі обговорюються під запит! Запити відправляти на емейл: [email protected]",747
https://adriatic-travel.com.ua/tour/my-v-nitstsu-v-nitstsu-z-vitertsem,"«Ми в Ніццу, в Ніццу з вітерцем»",1,07:00 - збір групи на з/д вокзалі міста Львів.,Рекомендуємо на вибір відвідати: прогулянку по Дунаю на кораблику: 29€; Оглядова екскурсія по Будапешту: 20€; запрошуємо підійнятись на найвищу дерев'яну оглядову вежу у світі Pyramidenkogel: 28€; мендуємо поїздку на озеро Гарда «Сірміоне та озеро Гарда – неймовірне поєднання»: 43€; Запрошуємо на екскурсію «Кращі курорти та містечка Французької Рів'єри»: 45€; нуємо факультативні екскурсії: «Сен-Тропе та Порт Грімо – місце здійснення мрій»: 40€; Запрошуємо «На побачення з Монако та Монте-Карло»: 45€; ьний час пропонуємо факультативні екскурсії на вибір: Оглядова екскурсія в Геную: 40€; Відправлення на кораблику до Венеції + в'їзд в туристичну зону: 29€; й час пропонуємо факультативні екскурсії на вибір: Екскурсія оглядова по Венеції: 16€; Пропонуємо здійснити романтичну прогулянку на гондолі: 29€; Екскурсія по Гранд-Каналу - головній вулиці Венеції: 36€; Острови лагуни - кольорова Венеція!: 45€; Відвідування з гідом Палацу Дожів: 19€; о відвідати винних підвалів у Долині красунь з дегустацією вин і смачного гуляшу: 27€; 99 років: 20€; 99 років: 10€; 99 років: 23€; 99 років: 33€; 99 років: 35€; 99 років: 30€; 99 років: 50€; 99 років: 39€; 99 років: 11€; 99 років: 25€; 99 років: 19€; 99 років: 27€,"07:00 - збір групи на з/д вокзалі міста Львів.
07:30 - виїзд зі Львова.
Можливість приєднатися до групи по маршруту: Стрий, Мукачево та Ужгород.
Перетин кордону.
Переїзд в транзитний готель.
Ніч в готелі.
Сніданок.
Виселення з готелю.
Переїзд до міста Грац.
Переїзд по території Австрії.
Переїзд в транзитний готель на території Італії.
Ніч в готелі.
Сніданок.
Виселення з готелю.
Переїзд до Верони.
Переїзд і поселення в готель.
Ніч в готелі.
Сніданок.
Переїзд в Ніццу.
Вільний час та відпочинок на Лазурному узбережжі.
Переїзд та поселення в готель.
Ніч в готелі.
Сніданок.
Виселення з готелю.
Відпочинок на Лазурному узбережжі.
Переїзд і поселення в готель на території Італії .
Ніч в готелі.
Сніданок.
Виселення з готелю.
Переїзд і поселення в готель.
Ніч в готелі.
Сніданок.
Виселення з готелю.
",800
https://adriatic-travel.com.ua/tour/lazurna-perlyna-nitstsa,«Лазурна перлина - Ніцца»,1,06:30 - збір групи на залізничному вокзалі у м. Львів (платна стоянка з правої сторони від центральн,У вільний час пропонуємо прогулянку по Дунаю на кораблику: 29€; У вільний час пропонуємо факультативні екскурсії на вибір: «Розкішний Відень»: 20€; Автобусна екскурсія «Блискучий Відень»: 25€; Шенбрунн - розкішна резиденція Габсбургів: 23€; Золота Скарбниця Габсбургів: 20€; Екскурсія «Перлина Лігурії – Сан Ремо»: 25€; акультативні екскурсії на вибір: «Кращі курорти та містечка Французької Рів'єри»: 43€; «На побачення з Монако і Монте - Карло»: 45€; Пропонуємо провести «Чудовий день в Провансі!»: 60€; нуємо шопінг в одному з найбільших аутлетів регіону - Serravalle Designer Outlet: 20€; У вільний час пропонуємо відвідати озеро Комо: 30€; ас пропонуємо екскурсії на вибір: Екскурсія «Верона - місто романтики і кохання»: 25€; Рекомендуємо поїздку «Сірміоне та озеро Гарда – неймовірне поєднання»: 38€; «Італійський Діснейленд - Гардаленд»: 23€; скурсії на вибір: Відправлення на кораблику до Венеції + в'їзд в туристичну зону: 25€; Оглядова екскурсія по Венеції: 20€; Пропонуємо здійснити романтичну прогулянку на гондолі: 26€; Екскурсія по Гранд-Каналу - головній вулиці Венеції: 36€; Острови лагуни - кольорова Венеція!: 39€; Відвідування з гідом Палацу Дожів: 19€; ідвідування винних підвалів у Долині красунь з дегустацією вин і смачного гуляшу: 24€,"06:30 - збір групи на залізничному вокзалі у м. Львів (платна стоянка з правої сторони від центрального входу у вокзал).
07:00 - виїзд групи зі Львова.
Можливість приєднання до туру по маршруту: Стрий, Мукачево, Ужгород.
Перетин кордону
Прибуття до Будапешта.
Переїзд в готель на території Угорщини.
Ніч в готелі.
Сніданок.
Виселення з готелю.
Переїзд до Відня.
Нічний переїзд до Ніцци.
При бажанні групи заїзд у казкове місто Сан-Ремо.
Переїзд до Ніцци. По дорозі відвідування Парфумерної фабрики Фрагонар (у вартості туру).
Переїзд та поселення в готель .
Ніч в готелі.
Сніданок.
Вільний день та в ідпочинок на узбережжі.
Повернення в готель .
Ніч в готелі.
Сніданок.
Вільний день та в ідпочинок на узбережжі .
Повернення в готель.
Ніч в готелі.
Ранній сніданок.
Виселення з готелю.
Переїзд до Міла",800
https://adriatic-travel.com.ua/tour/tirol-sertse-alp,«Тіроль - серце Альп»,1,05:30 – збір групи на залізничному вокзалі м. Львів (платна стоянка праворуч від центрального входу),"кордону та наявності часу, запрошуємо на екскурсію «Краків — королівський шлях»: 20€; льтативні екскурсії на вибір: «Рай на землі — екскурсія на озера Зальцкаммергут»: 46€; «Гальштат — райське місто древньої Австрії»: 40€; Ваттенс: 20€; «Куфштайн — фортеця на річці Інн»: 30€; Поїздка в «Aqua Dome — СПА екстракласу в Альпах»: 40€; ьтативні екскурсії на вибір: «Баварські кариби – озеро Ейбзеє та гора Цугшпітце»: 35€; «Похід до хижини Olpererhütte та панорама Schlegeisspeicher»: 50€; (червень–жовтень) і потребує зручного взуття! «Highline 179 та фортеця Еренберг»: 35€; «Поїздка на пляж Пертизау — кришталь Ахензеє»: 25€; ропонуємо факультативні екскурсії на вибір: Автобусна гранд-екскурсія по Мюнхену: 29€; «Баварська вечеря в серці Мюнхена»: 38€; щих вражень Праги на вибір: Оглядова екскурсія по Празі «Вулицями Старого міста»: 20€; Пішохідна екскурсія «Празький Град і Градчани»: 20€; Прогулянка по Влтаві: 40€; При наявності пропонуємо оглядову екскурсію по місту Краків: 20€; льтативно екскурсії на вибір: «Рай на землі - екскурсія на озера Зальцкаммергут»: 46€; «Гальштат - райське місто древньої Австрії»: 38€; 99 років: 35€; 99 років: 30€; 99 років: 25€","05:30 – збір групи на залізничному вокзалі м. Львів (платна стоянка праворуч від центрального входу). Важливий момент: за день до виїзду керівник групи створить спільний чат у Viber . Це ваш головний інфо-центр: номер автобуса, геолокації зупинок, актуальний таймінг та швидкі відповіді на всі питання. Обов’язково перевірте наявність додатка!
06:00 – виїзд зі Львова. Починаємо знайомство, налаштовуємося на позитив та слухаємо «дорожню карту» нашої пригоди від керівника групи. Ви дізнаєтеся всі організаційні секрети: як не заблукати в Празі, де міняти валюту за найкращим курсом та які гастрономічні відкриття чекають на нас у турі.
Перетин кордону. Процедура стандартна: паспортний та митний контроль. Нагадуємо, що наш автобус здійснює рейс згідно з міжнародною системою Interbus, що гарантує л",800
https://adriatic-travel.com.ua/tour/venetsiya-zemlya-kokhannya-i-more-char,"«Венеція - земля кохання і море чар… Портофіно, Мілан, озеро Комо»",1,,,,0
https://adriatic-travel.com.ua/tour/venetsiya-zemlya-kokhannya-i-more-char,"«Венеція - земля кохання і море чар… Портофіно, Мілан, озеро Комо»",2,,,,0
https://adriatic-travel.com.ua/tour/venetsiya-zemlya-kokhannya-i-more-char,"«Венеція - земля кохання і море чар… Портофіно, Мілан, озеро Комо»",3,,,,0
https://adriatic-travel.com.ua/tour/venetsiya-zemlya-kokhannya-i-more-char,"«Венеція - земля кохання і море чар… Портофіно, Мілан, озеро Комо»",4,,,,0
https://adriatic-travel.com.ua/tour/venetsiya-zemlya-kokhannya-i-more-char,"«Венеція - земля кохання і море чар… Портофіно, Мілан, озеро Комо»",5,,,,0
https://adriatic-travel.com.ua/tour/venetsiya-zemlya-kokhannya-i-more-char,"«Венеція - земля кохання і море чар… Портофіно, Мілан, озеро Комо»",6,Сніданок.,ідвідування винних підвалів в Долині красунь з дегустацією вин і смачного гуляшу: 25€,"Сніданок.
Виселення з готелю.
Переїзд до України.
Перетин кордону.
Нічне прибуття до Львова.
Має право на безкоштовний тур;
Безкоштовно екскурсії на які йде вся її група;
Безкоштовно радіо гід і сіті такс;
Безкоштовне харчування те, яке має група в турі;
По дорозі факультативно пропонуємо Відвідування винних підвалів в Долині красунь з дегустацією вин і смачного гуляшу (25€). Егер є одним з центрів угорського виноробства. Саме тут знаходиться один з найпопулярніших, серед українських туристів, об'єктів - Долина красунь, саме тут роблять, широко відоме червоне вино Egri bikavér, тобто «Егерська бичача кров». Спробувати це вино, а також багато інших, можна в невеликих винних погребах, господар погребу пригостить декількома келихами вина різних сортів, і звичайно, угорським національним блюдо",800
https://adriatic-travel.com.ua/tour/svit-fantaziy-amsterdam-bryussel-paryzh-parky-rozvag,"«Світ фантазій: Амстердам, Брюссель, Париж + парки розваг!»",1,,,,0
https://adriatic-travel.com.ua/tour/svit-fantaziy-amsterdam-bryussel-paryzh-parky-rozvag,"«Світ фантазій: Амстердам, Брюссель, Париж + парки розваг!»",2,,,,0
https://adriatic-travel.com.ua/tour/svit-fantaziy-amsterdam-bryussel-paryzh-parky-rozvag,"«Світ фантазій: Амстердам, Брюссель, Париж + парки розваг!»",3,,,,0
https://adriatic-travel.com.ua/tour/svit-fantaziy-amsterdam-bryussel-paryzh-parky-rozvag,"«Світ фантазій: Амстердам, Брюссель, Париж + парки розваг!»",4,,,,0
https://adriatic-travel.com.ua/tour/svit-fantaziy-amsterdam-bryussel-paryzh-parky-rozvag,"«Світ фантазій: Амстердам, Брюссель, Париж + парки розваг!»",5,,,,0
https://adriatic-travel.com.ua/tour/svit-fantaziy-amsterdam-bryussel-paryzh-parky-rozvag,"«Світ фантазій: Амстердам, Брюссель, Париж + парки розваг!»",6,,,,0
https://adriatic-travel.com.ua/tour/svit-fantaziy-amsterdam-bryussel-paryzh-parky-rozvag,"«Світ фантазій: Амстердам, Брюссель, Париж + парки розваг!»",7,,,,0
https://adriatic-travel.com.ua/tour/svit-fantaziy-amsterdam-bryussel-paryzh-parky-rozvag,"«Світ фантазій: Амстердам, Брюссель, Париж + парки розваг!»",8,,,,0
https://adriatic-travel.com.ua/tour/svit-fantaziy-amsterdam-bryussel-paryzh-parky-rozvag,"«Світ фантазій: Амстердам, Брюссель, Париж + парки розваг!»",9,Сніданок.,У вільний час пропонуємо екскурсії: Королівська Прага: Градчани та Празький Град: 19€; Прогулянка по Влтаві: 40€; 99 років: 35€,"Сніданок.
Виселення з готелю.
Переїзд територією Польщі.
Перетин кордону.
Нічне прибуття до Львова (залежно від проходження кордону).
Має право на безкоштовний тур;
Безкоштовно екскурсії на які йде вся її група;
Безкоштовно радіо гід і сіті такс;
Безкоштовне харчування те, яке має група в турі;
Оглядова екскурсія «Вуличками Старого міста» (у вартості туру). Ця екскурсія дозволить Вам в короткий час ознайомитися з історичними районами Праги та її чудовими пам'ятками архітектури. Ви пройдете лабіринтами вуличок Старого міста, і побуваєте в найкрасивіших місцях міста: на Вацлавській і Староміській площах, на Карловому мості. Ви побачите знаменитий Орлой - празькі куранти, Тинський собор, будинок, де народився письменник Франц Кафка. На Карловому мості, приклавши руку до скульптури Яна Непомуц",800
https://adriatic-travel.com.ua/tour/zemlya-fiordiv-lodovykiv-norvehi,"«Земля фіордів, льодовиків... Норвегія...»",1,06:30 - збір групи на з/д вокзалі м. Львова (платна стоянка з правої сторони від центрального входу ,"побутом, пам'ятками та історією, ми організовуємо екскурсію «Слідами Коперника»: 19€; При наявності часу пропонуємо познайомитись зі столицею Польщі - містом Варшавою: 19€; «Сопот – перлина Балтійського узбережжя»: 28€; зволять Вам дізнатися про це місто - казку: «Автобусна екскурсія по Копенгагену»: 33€; «Екскурсія по каналах Копенгагена»: 28€; «Королівський замок Фредеріксборг»: 38€; У вільний час запрошуємо Вас на екскурсію «Парк емоцій - Густава Вігеланна»: 35€; йзажами на гори, фьорди та водоспади, на вибір: «Оглядовий майданчик Стегастейн»: 38€; «Круїз на кораблику по Согнефьорду і рукаву Неройфьорду»: 85€; «Фломська залізниця»: 95€; вності часу, запрошуємо відвідати на вибір: Оглядова екскурсія по місту Гетеборг: 35€; Музей «VOLVO»: 30€; 99 років: 28€; 99 років: 18€; 99 років: 23€; 99 років: 25€; 99 років: 65€; 99 років: 75€","06:30 - збір групи на з/д вокзалі м. Львова (платна стоянка з правої сторони від центрального входу у вокзал).
07:00 - виїзд групи до Польщі.
Перетин кордону.
Переїзд до Гданська.
Поселення в готель.
Ніч в готелі.
Сніданок.
Виселення з готелю.
Посадка на паром.
Розміщення в чотиримісних каютах (без вікна).
харчування (сніданок-вечеря «шведський стіл» з різноманітними делікатесами: риба, ікра, м'ясо, супи, овочеві салати, сири, фрукти та десерти), включені напої (пиво, вино, соки, вода, чай, кава);
ресторани та кафе, розваги (шоу-програми, дискотека, ресторан, лобі, казино, ігрові автомати);
бутіки відомих брендів і магазини duty-free (парфумерія, дорога біжутерія, прикраси з дорогоцінних металів, алкоголь, солодощі).
Ніч на поромі.
Сніданок на поромі ВКЛЮЧЕНИЙ У ВАРТІСТЬ.
Прибуття в порт Ш",800
https://adriatic-travel.com.ua/tour/italiyskyy-vikend-venetsiya-florentsiya-rym,"«Італійський вікенд... Венеція, Флоренція, Рим»",1,,,,0
https://adriatic-travel.com.ua/tour/italiyskyy-vikend-venetsiya-florentsiya-rym,"«Італійський вікенд... Венеція, Флоренція, Рим»",2,,,,0
https://adriatic-travel.com.ua/tour/italiyskyy-vikend-venetsiya-florentsiya-rym,"«Італійський вікенд... Венеція, Флоренція, Рим»",3,,,,0
https://adriatic-travel.com.ua/tour/italiyskyy-vikend-venetsiya-florentsiya-rym,"«Італійський вікенд... Венеція, Флоренція, Рим»",4,,,,0
https://adriatic-travel.com.ua/tour/italiyskyy-vikend-venetsiya-florentsiya-rym,"«Італійський вікенд... Венеція, Флоренція, Рим»",5,"Перетин кордону. Проходимо всі формальності й поступово усвідомлюємо, скільки краси, емоцій і велики",,"Перетин кордону. Проходимо всі формальності й поступово усвідомлюємо, скільки краси, емоцій і великих міст вмістила ця подорож. Італія вже позаду, але її післясмак точно залишиться з нами ще надовго.
Вечірнє прибуття в Україну . Повертаємося додому з відчуттям, що прожили маленьке, але дуже яскраве європейське життя — з гондолами, соборами, вузенькими вуличками, келихами вина, ароматом кави й тією особливою італійською легкістю, яку хочеться забрати з собою.
До нових зустрічей! Ми не ставимо крапку, лише кому. Бо після Венеції, Рима і Флоренції серце вже точно знає: це була не остання така подорож. Дякуємо, що розділили цю красиву італійську історію разом із нами.
Має право на безкоштовний тур;
Безкоштовно екскурсії на які йде вся її група;
Безкоштовно радіо гід і сіті такс;
Безкоштовне ха",800
https://adriatic-travel.com.ua/tour/vikend-v-berlini,«Вікенд в Берліні»,1,07:00 - збір групи на з/д вокзалі м. Львова (платна стоянка з правої сторони від центрального входу ,"За наявності часу пропонуємо оглядову екскурсію по місту Краків: 20€; У вільний час пропонуємо факультативні екскурсії на вибір: Вавельський замок: 21€; «Казімеж - єврейський квартал»: 19€; У вільний час пропонуємо факультативні екскурсії на вибір: «Погляд крізь час»: 23€; «Берлін, якого ти не знав»: 20€; «Обід в німецькій пивній»: 35€; ас пропонуємо факультативні екскурсії на вибір: Потсдам – місто палаців та садів: 30€; Трансфер до «Тропічного острова» в Німеччині - найбільший аквапарк на планеті: 22€; уємо факультативні екскурсії на вибір: Екскурсія в «Польський Версаль» - Вілянув: 26€; «Старе Місто»: 19€; Екскурсія в Королівські Лазенки: 18€; За наявності часу пропонуємо оглядову екскурсію по місту Краків: 19€; Трансфер до центру Берліна на святкування Нового Року: 15€","07:00 - збір групи на з/д вокзалі м. Львова (платна стоянка з правої сторони від центрального входу у вокзал).
07:30 - виїзд зі Львова.
Перетин кордону.
Переїзд та поселення в готель.
Ніч в готелі.
Сніданок.
Виселення з готелю.
Переїзд до Берліна.
Переїзд та поселення в готель.
Ніч в готелі.
Сніданок.
Виселення з готелю.
Вільний час у Берліні.
Переїзд та поселення в готель.
Ніч в готелі.
Сніданок.
Виселення з готелю.
Переїзд до Варшави.
Переїзд до Львова.
Перетин кордону.
Нічне прибуття до Львова (залежить від проходження кордону)
06:30 - збір групи на з/д вокзалі м. Львова.
07:00 - виїзд зі Львова.
Перетин кордону.
Переїзд та поселення в готель.
Ніч в готелі.
Сніданок.
Виселення з готелю.
Переїзд до Берліна.
Переїзд та поселення в готель.
Ніч в готелі.
Сніданок.
Виселення з готелю.
Вільни",800
https://adriatic-travel.com.ua/tour/polskymy-mistamy-krakiv-vrotslav-varshava-enerdzhilandiya-afryka,"«Польськими містами - Краків, Вроцлав, Варшава + Енерджіландія, Африкаріум і аквапарк»",1,05:30 - збір групи на ж/д вокзалі м. Львів (платна стоянка з правої сторони від центрального входу у,"ас пропонуємо факультативні екскурсії на вибір: Відвідування парку Енерджіландія: 16€; «Казімеж - єврейський квартал»: 19€; Екскурсія в пивний ресторан Кракова з дегустацією: 31€; Вавельський замок: 21€; вміщує понад сто видів мешканців водойм Африканського континенту Тумський острів: 18€; Центр науки «Коперник»: 19€; Екскурсія в Королівські Лазенки: 19€; Королівський палац: 26€; Екскурсія в «Польський Версаль» - Вілянув: 26€; 31€, діти до 11,99 років: 16€; 11€ / діти: 6€","05:30 - збір групи на ж/д вокзалі м. Львів (платна стоянка з правої сторони від центрального входу у вокзал).
06:00 - виїзд зі Львова.
Перетин кордону.
Переїзд до Кракова.
Поселення в готель.
Ніч в готелі.
Сніданок.
Виселення з готелю.
Переїзд до Вроцлава.
Поселення в готель.
Ніч в готелі.
Сніданок.
Виселення з готелю.
Переїзд до Варшави.
Поселення в готель.
Ніч в готелі.
Сніданок.
Виселення з готелю.
Вільний час у Варшаві.
Нічний переїзд до Львова.
Перетин кордонів.
Раннє прибуття до Львова.
Має право на безкоштовний тур;
Безкоштовно екскурсії на які йде вся її група;
Безкоштовно радіо гід і сіті такс;
Безкоштовне харчування те, яке має група в турі;
По приїзду до Кракова оглядова екскурсія по місту (у вартості туру). Краків колишня столиця Польщі, одне з найпрекрасніших міст Європи. Саме",800
https://adriatic-travel.com.ua/tour/sekrety-pivnochi-stokgolm-kopengagen-ta-gamburg,«Секрети півночі: країни Балтії + фіорди»,1,,,,0
https://adriatic-travel.com.ua/tour/sekrety-pivnochi-stokgolm-kopengagen-ta-gamburg,«Секрети півночі: країни Балтії + фіорди»,2,,,,0
https://adriatic-travel.com.ua/tour/sekrety-pivnochi-stokgolm-kopengagen-ta-gamburg,«Секрети півночі: країни Балтії + фіорди»,3,,,,0
https://adriatic-travel.com.ua/tour/sekrety-pivnochi-stokgolm-kopengagen-ta-gamburg,«Секрети півночі: країни Балтії + фіорди»,4,,,,0
https://adriatic-travel.com.ua/tour/sekrety-pivnochi-stokgolm-kopengagen-ta-gamburg,«Секрети півночі: країни Балтії + фіорди»,5,,,,0
https://adriatic-travel.com.ua/tour/sekrety-pivnochi-stokgolm-kopengagen-ta-gamburg,«Секрети півночі: країни Балтії + фіорди»,6,,,,0
https://adriatic-travel.com.ua/tour/sekrety-pivnochi-stokgolm-kopengagen-ta-gamburg,«Секрети півночі: країни Балтії + фіорди»,7,,,,0
https://adriatic-travel.com.ua/tour/sekrety-pivnochi-stokgolm-kopengagen-ta-gamburg,«Секрети півночі: країни Балтії + фіорди»,8,Сніданок.,Вроцлав: 21€; 99 років: 16€,"Сніданок.
Виселення з готелю.
Переїзд до Щецину
Переїзд до Львова.
Перетин кордону.
Нічне прибуття до Львова.
Має право на безкоштовний тур;
Безкоштовно екскурсії на які йде вся її група;
Безкоштовно радіо гід і сіті такс;
Безкоштовне харчування те, яке має група в турі;
Оглядова екскурсію по Щецину (у вартості туру). Це місто з унікальною атмосферою, яке гармонійно поєднує багату історичну спадщину та динамічний ритм сучасного життя. Щецин — одне з найважливіших портових міст Польщі, яке в різні періоди належало до Польщі, Швеції, Пруссії та Німеччини. Завдяки цьому місто має цікаву багатонаціональну архітектуру та культуру. На нас чекають: Замок Поморських князів, Кафедральний собор Святого Якова, Червона ратуша, Старе місто з його вузькими вуличками та мальовничими фасадами, а також про",800
https://adriatic-travel.com.ua/tour/evropeyskyy-ekspres-vid-krakova-do-berlina,«Європейський експрес - від Кракова до Берліна»,1,,,,0
https://adriatic-travel.com.ua/tour/evropeyskyy-ekspres-vid-krakova-do-berlina,«Європейський експрес - від Кракова до Берліна»,2,,,,0
https://adriatic-travel.com.ua/tour/evropeyskyy-ekspres-vid-krakova-do-berlina,«Європейський експрес - від Кракова до Берліна»,3,,,,0
https://adriatic-travel.com.ua/tour/evropeyskyy-ekspres-vid-krakova-do-berlina,«Європейський експрес - від Кракова до Берліна»,4,,,,0
https://adriatic-travel.com.ua/tour/evropeyskyy-ekspres-vid-krakova-do-berlina,«Європейський експрес - від Кракова до Берліна»,5,Сніданок.,час пропонуємо факультативні екскурсії на вибір: «Казімеж - єврейський квартал»: 19€; Екскурсія в Вавель: 21€,"Сніданок.
Виселення з готелю.
Переїзд до Кракова.
Оглядова екскурсія по місту Краків (у вартості туру). Краків - колишня столиця Польщі, одне з найпрекрасніших міст Європи. Саме тут знаходиться найбільша кількість архітектурних пам'яток країни. Історичний центр Кракова внесений до ЮНЕСКО списку Всесвітньої культурної спадщини. Під час екскурсії Ви відвідаєте середньовічне Старе місто з головною площею і залишками укріплень XV ст., побачите будівлю Ягеллонського університету, заснованого в 1364 р., - одного з найбільших в Європі центрів науки і освіти, а всі дороги в Кракові ведуть до Ринкової площі, яку оточують чудові кам'яниці та палаци, колишні торгові ряди (Сукенніце). Головна святиня Кракова, в якій знаходиться один з найбільших і найкрасивіших готичних вівтарів Європи, - Маріацький к",800
https://adriatic-travel.com.ua/tour/try-dni-relaksu-budapesht-ehersalok-eher,"«Три дні релаксу: Будапешт, Егер, Токай + Відень»",1,05:00 - збір групи на з/д вокзалі м. Львів (платна стоянка з правої сторони від центрального входу у,ідвідування винних підвалів в Долині красунь з дегустацією вин і смачного гуляшу: 29€; ьний час пропонуємо факультативні екскурсії на вибір: «Відень - столиця розкоші»: 46€; Блискучий Відень: 25€; «Будапешту шик та блиск»: 20€; ати справжні суто угорські ласощі - «хунгарікуми»! «Будапешт - місто контрастів»: 20€; Екскурсію в місто Сентендре: 25€; Панорамний Будапешт: Цитаделла та пагорб Геллерт: 10€; Прогулянка по Дунаю на кораблику: 29€; забудьте рушник та купальний костюм! Трансфер у спа-центр Aquaworld у Будапешті: 15€; Переїзд в місто виноробства - відомий Токай: 26€; 99 років: 19€; квиток (орієнтовано дорослі: 18€,"05:00 - збір групи на з/д вокзалі м. Львів (платна стоянка з правої сторони від центрального входу у вокзал).
05:30 - виїзд групи до Угорщини.
Можливість приєднатися до групи по маршруту. 06:30 - Стрий (місце приєднання: АЗС ОККО вул. Болехівська 49) 08:30 - Мукачево (АЗС UPG, вул. Лавківська, 1) 09:00 - Чоп (АЗС ОККО) * - час приєднання орієнтований і залежить від ситуації на дорозі. Точний час приєднання повідомить керівник групи попередньо зконтактувавшись з туристами.
Перетин кордону.
Після релаксу запрошуємо Вас на запашну угорську вечерю: гуляш і угорське вино.
Переїзд до Будапешта
Пізнє поселення в готелі.
Ніч в готелі.
Сніданок.
Ніч в готелі.
Сніданок.
Виселення з готелю.
Переїзд до України.
Перетин кордону.
Нічне прибуття до Львова.
Має право на безкоштовний тур;
Безкоштовно екску",800
https://adriatic-travel.com.ua/tour/slidamy-tayemnyts-i-lehend-vrotslav-berlin-drezden,«Слідами таємниць і легенд: Вроцлав-Берлін-Дрезден»,1,06:00 - збір групи на жд вокзалі м. Львів (платна стоянка з правої сторони від центрального входу у ,"Вроцлава: 20€; У вільний час пропонуємо факультативні екскурсії на вибір: «Вечірній Берлін»: 20€; «Обід в німецькій пивній»: 31€; ькою! Трансфер в ""Тропічний острів"" в Німеччині - найбільший аквапарк на планеті: 22€; «Погляд крізь час»: 23€; При наявності часу пропонуємо - Потсдам: 28€; ідати у супроводі екскурсовода картинну галерею «Alte Meister» - «Старі майстри»: 26€; о не все! Рекомендуємо екскурсію в Мейсен з відвіданням порцелянової мануфактури: 33€; Одна з найкрасивіших екскурсій - Саксонська Швейцарія: 35€; 99 років: 25€","06:00 - збір групи на жд вокзалі м. Львів (платна стоянка з правої сторони від центрального входу у вокзал).
06:30 - виїзд групи
Переїзд на українсько-польський кордон.
Переїзд в транзитний готель.
Пізнє поселення.
Ночівля.
Сніданок.
Звільнення номерів.
Переїзд в Берлін.
Переїзд та поселення в готель.
Ночівля.
Сніданок.
Виселення з готелю.
Переїзд в Дрезден.
Нічний переїзд в Україну.
Прибуття у Львів (точний час залежить від проходження кордону).
Має право на безкоштовний тур;
Безкоштовно екскурсії на які йде вся її група;
Безкоштовно радіо гід і сіті такс;
Безкоштовне харчування те, яке має група в турі;
Має право на безкоштовний тур;
Безкоштовно екскурсії на які йде вся її група;
Безкоштовно радіо гід і сіті такс;
Безкоштовне харчування те, яке має група в турі;
При наявності вільного ча",800
https://adriatic-travel.com.ua/tour/drezden-ta-berlin-zhyvy-i-podorozhuy,«Дрезден та Берлін - Живи і Подорожуй»,1,05:30 - збір групи на з/д вокзалі у м. Львів (платна стоянка з правої сторони від центрального входу,"При наявності вільного часу, пропонуємо екскурсію по Вроцлаву: 20€; У вільний час пропонуємо факультативні екскурсії на вибір: ""Берлінський зоопарк"": 10€; «Вечірній Берлін»: 25€; «Обід в німецькій пивній»: 35€; ькою! Трансфер в ""Тропічний острів"" в Німеччині - найбільший аквапарк на планеті: 22€; «Погляд крізь час»: 25€; ідати у супроводі екскурсовода картинну галерею «Alte Meister» - «Старі майстри»: 30€; о не все! Рекомендуємо екскурсію в Мейсен з відвіданням порцелянової мануфактури: 33€; Одна з найкрасивіших екскурсій - Саксонська Швейцарія: 35€; й час пропонуємо факультативні екскурсії на вибір: Оглядова екскурсія по Кракову: 20€; Соляні шахти Велічкі: 46€; Вавельський замок: 21€; «Казімеж - єврейський квартал»: 19€; 99 років: 25€","05:30 - збір групи на з/д вокзалі у м. Львів (платна стоянка з правої сторони від центрального входу у вокзал).
06:00 - виїзд із Львова.
Перетин кордону.
Поселення в транзитному готелі на території Польщі.
Ночівля.
Сніданок.
Виселення з готелю.
Переїзд в Берлін.
Поселення в готель.
Ночівля.
Сніданок.
Виселення з готелю.
Переїзд в Дрезден, столицю Саксонії .
Переїзд в транзитний готель на території Польщі.
Поселення в готель.
Ночівля.
Сніданок.
Виселення с готелю.
Переїзд в Краків .
Виїзд в Україну.
Перетин кордону.
Нічне прибуття до Львова.
Має право на безкоштовний тур;
Безкоштовно екскурсії на які йде вся її група;
Безкоштовно радіо гід і сіті такс;
Безкоштовне харчування те, яке має група в турі;
При наявності вільного часу, пропонуємо екскурсію по Вроцлаву (20€). Багата і бурхлива істо",800
https://adriatic-travel.com.ua/tour/italiyski-kanikuly-na-troh-moryah,«Італійські канікули на трьох морях»,1,06:30 - збір групи на ж/д вокзалі м. Львів (платна стоянка з правої сторони від центрального входу у,"Факультативно пропонуєм прогулянка по Дунаю на кораблику: 30€; льний час пропонуємо факультативні екскурсії на вибір: Оглядова екскурсія містом: 20€; Екскурсія до Замку Мірамаре: 25€; У вільний час пропонуємо факультативні екскурсії на вибір: «Незабутня Флоренція»: 21€; «Загадкова Піза»: 45€; Пропонуємо прогулянку на курорт Віареджо на узбережжі Лігурійського моря: 25€; ємо факультативні екскурсії на вибір: «Подорож до Ватикану + Сикстинська капела»: 40€; «Собор святого Петра + Ватикан»: 40€; «Екскурсія Площі Риму»: 20€; ва, велична історія, у яку хочеться занурюватися ще глибше «Екскурсію в Колізей»: 23€; «Рим за Тибром»: 20€; «Прогулянка в містечко Лідо-ді-Остія»: 19€; Пропонуємо прогулянку в Ріміні, курорт на березі Адріатичного моря: 20€; Відправлення на кораблику до Венеції + в'їзд в туристичну зону: 35€; пропонуємо факультативні екскурсії на вибір: «Романтичну прогулянку на гондолі»: 29€; «Острови лагуни — кольорова Венеція!»: 49€; «Екскурсія по Гранд-Каналу - головній вулиці Венеції»: 38€; «Відвідування з гідом Палацу Дожів»: 19€; «Невідома Венеція»: 18€; При наявності вільного часу, пропонуємо: «Дегустація молодого вина з гуляшем»: 27€; 99 років: 26€; 99 років: 20€; 99 років: 35€; 99 років: 30€; 99 років: 16€; 99 років: 15€; кораблику до Венеції + в'їзд в туристичну зону (35€ у дві сторони,діти до 13,99р: 30€; 99 років: 25€; 99 років: 28€; 99 років: 10€","06:30 - збір групи на ж/д вокзалі м. Львів (платна стоянка з правої сторони від центрального входу у вокзал).
07:00 - виїзд зі Львова.
Можливо приєднатися до туру в містах: Стрий, Мукачево , Ужгород .
Перетин кордону.
Поселення в транзитний готель.
Ніч в готелі.
Сніданок.
Виселення з готелю
Переїзд до Трієста – улюбленого курорту австро-угорських імператорів.
Вільний час .
Поселення в готель.
Ніч в готелі.
Сніданок.
Виселення з готелю.
П ереїзд до Флоренції (УВАГА! Пересування по місту здійснюється громадським транспортом! Квиток оплачується додатково).
Переїзд в транзитний готель.
Ніч в готелі.
Сніданок.
Виселення з готелю.
Переїзд до Риму (УВАГА! Пересування по місту здійснюється громадським транспортом! Квиток оплачується додатково).
Переїзд в транзитний готель.
Ніч в готелі.
Сніданок.
",800
https://adriatic-travel.com.ua/tour/prygody-v-paryzhi-colmar-ta-strasburg,«Пригоди в Парижі + Кольмар та Страсбург!»,1,,,,0
https://adriatic-travel.com.ua/tour/prygody-v-paryzhi-colmar-ta-strasburg,«Пригоди в Парижі + Кольмар та Страсбург!»,2,,,,0
https://adriatic-travel.com.ua/tour/prygody-v-paryzhi-colmar-ta-strasburg,«Пригоди в Парижі + Кольмар та Страсбург!»,3,,,,0
https://adriatic-travel.com.ua/tour/prygody-v-paryzhi-colmar-ta-strasburg,«Пригоди в Парижі + Кольмар та Страсбург!»,4,,,,0
https://adriatic-travel.com.ua/tour/prygody-v-paryzhi-colmar-ta-strasburg,«Пригоди в Парижі + Кольмар та Страсбург!»,5,,,,0
https://adriatic-travel.com.ua/tour/prygody-v-paryzhi-colmar-ta-strasburg,«Пригоди в Парижі + Кольмар та Страсбург!»,6,Сніданок.,"не повною мірою насолодилися красою Праги, пропонуємо екскурсію Празьким Градом: 19€; ля захоплюючої екскурсії на Вас чекає незабутня прогулянка на кораблику з обідом: 40€; 99 років: 35€","Сніданок.
Виселення з готелю (пересування по місту на громадському транспорті за власні кошти).
Перетин кордону.
Нічне прибуття до Львова (в залежності від проходження кордону).
Має право на безкоштовний тур;
Безкоштовно екскурсії на які йде вся її група;
Безкоштовно радіо гід і сіті такс;
Безкоштовне харчування те, яке має група в турі;
Оглядова екскурсія по Празі «Старе місто» (у вартості туру). Вацлавська площа, собор Марії Сніжної, Порохова вежа, Муніципальний дім, костел святого Якуба, Староміська площа з відомими курантами, єврейське місто, а також Клементиум - колишнє місто єзуїтів. У вільний час пропонуємо екскурсії: Туристам, які не повною мірою насолодилися красою Праги, пропонуємо екскурсію Празьким Градом (19€). Празький Град - резиденція чеських князів, пізніше королів, потім ",800
https://adriatic-travel.com.ua/tour/podorozh-do-mrii-paryzh-ta-disneylend,«Подорож до мрії: Париж та Діснейленд»,1,07:00 - збір групи на залізничному вокзалі м. Львів. Важливий момент: за день до туру керівник групи,"ри наявності часу, пропонуємо познайомитись зі столицею Польщі — містом Варшавою: 19€; хоче побачити більше та зазирнути за лаштунки міста: Екскурсія «Все про Берлін»: 28€; «Берлінський зоопарк та акваріум»: 15€; Екскурсія «Вечірній Берлін»: 20€; Ваш вільний час у Парижі може стати початком нової пригоди: Прогулянка по Сені: 25€; «Версаль — пишність Короля-Сонця»: 38€; «Богемний Монмартр»: 28€; Вечірня програма «Вогні нічного Парижа»: 38€; пропонуємо додати до вашої колекції вражень: Автобусна екскурсія «Бонжур, Париж»: 35€; наповнити свою пам'ять (і телефон) яскравими емоціями! «Мистецтво краси – Лувр»: 48€; «Серце Парижа: Сіте, Нотр-Дам та Латинський квартал»: 28€; «Романтика Нормандії: Етрета, Ла-Манш та середньовічний Руан»: 68€; По дорозі рекомендуємо відвідати саме «німецьке» місто – Нюрнберг: 23€; 99 років 18€), або трансфер до міста: 13€; Королівська Прага: Градчани та Празький Град: 19€; «Вечірня Прага»: 19€; При наявності часу, пропонуємо оглядову екскурсію по місту Краків: 19€; 99 років: 18€; 99 років: 15€; 99 років: 20€; 99 років: 38€; 99 років: 25€; 48€, діти: 48€; Особлива локація - це Сад емоцій (оплачується додатково: 14€; 99 років: 35€","07:00 - збір групи на залізничному вокзалі м. Львів. Важливий момент: за день до туру керівник групи створює спільний чат у Viber , де ви отримаєте всі деталі: номер автобуса, точне місце збору та поради щодо речей. Протягом усього туру чат буде вашим «цифровим компасом» — там буде актуальний таймінг, геолокації точок збору та лайфхаки від керівника. Переконайтеся, що додаток встановлено, а сповіщення увімкнені!
07:30 - в иїзд зі Львова. Знайомство; організаційна інформація від керівника групи.
Перетин кордону . Процедура включає паспортний та митний контроль. Для туристичних автобусів діють регламентовані правила перетину згідно з міжнародною угодою Interbus . Важливо: на території пункту пропуску суворо заборонено фото- та відеозйомку. Ознайомитися з детальними правилами перетину, перелі",800
https://adriatic-travel.com.ua/tour/tur-de-frans-paryzh-mon-sen-mishel-luara-ta-normandiya,"«Тур де Франс або Франція за 10 днів! Париж, долина Луари, Аквітанія, Бордо, Тулуза, Марсель, Прованс…»",1,,,,0
https://adriatic-travel.com.ua/tour/tur-de-frans-paryzh-mon-sen-mishel-luara-ta-normandiya,"«Тур де Франс або Франція за 10 днів! Париж, долина Луари, Аквітанія, Бордо, Тулуза, Марсель, Прованс…»",2,,,,0
https://adriatic-travel.com.ua/tour/tur-de-frans-paryzh-mon-sen-mishel-luara-ta-normandiya,"«Тур де Франс або Франція за 10 днів! Париж, долина Луари, Аквітанія, Бордо, Тулуза, Марсель, Прованс…»",3,,,,0
https://adriatic-travel.com.ua/tour/tur-de-frans-paryzh-mon-sen-mishel-luara-ta-normandiya,"«Тур де Франс або Франція за 10 днів! Париж, долина Луари, Аквітанія, Бордо, Тулуза, Марсель, Прованс…»",4,,,,0
https://adriatic-travel.com.ua/tour/tur-de-frans-paryzh-mon-sen-mishel-luara-ta-normandiya,"«Тур де Франс або Франція за 10 днів! Париж, долина Луари, Аквітанія, Бордо, Тулуза, Марсель, Прованс…»",5,,,,0
https://adriatic-travel.com.ua/tour/tur-de-frans-paryzh-mon-sen-mishel-luara-ta-normandiya,"«Тур де Франс або Франція за 10 днів! Париж, долина Луари, Аквітанія, Бордо, Тулуза, Марсель, Прованс…»",6,,,,0
https://adriatic-travel.com.ua/tour/tur-de-frans-paryzh-mon-sen-mishel-luara-ta-normandiya,"«Тур де Франс або Франція за 10 днів! Париж, долина Луари, Аквітанія, Бордо, Тулуза, Марсель, Прованс…»",7,,,,0
https://adriatic-travel.com.ua/tour/tur-de-frans-paryzh-mon-sen-mishel-luara-ta-normandiya,"«Тур де Франс або Франція за 10 днів! Париж, долина Луари, Аквітанія, Бордо, Тулуза, Марсель, Прованс…»",8,,,,0
https://adriatic-travel.com.ua/tour/tur-de-frans-paryzh-mon-sen-mishel-luara-ta-normandiya,"«Тур де Франс або Франція за 10 днів! Париж, долина Луари, Аквітанія, Бордо, Тулуза, Марсель, Прованс…»",9,,,,0
https://adriatic-travel.com.ua/tour/tur-de-frans-paryzh-mon-sen-mishel-luara-ta-normandiya,"«Тур де Франс або Франція за 10 днів! Париж, долина Луари, Аквітанія, Бордо, Тулуза, Марсель, Прованс…»",10,Сніданок.,Пропонуємо відвідати «Диво Чехії - Моравський Крас»: 33€,"Сніданок.
Виселення з готелю.
Переїзд по території Польщі.
Перетин кордону.
Нічне прибуття до Львова.
Має право на безкоштовний тур;
Безкоштовно екскурсії на які йде вся її група;
Безкоштовно радіо гід і сіті такс;
Безкоштовне харчування те, яке має група в турі;
«Малий Відень - м. Брно» (у вартості туру) . Брно, друге за величиною місто країни називали ""чеським Манчестером” та ""малим Віднем"". Одну будівлю міста, віллу сім’ї Туґендгат з 1930 року, записано в ЮНЕСКО. Її архітектура та технічне забезпечення випередили на пів століття сучасні архітектурні тенденції. Над панорамою міста домінують храм Петра і Павла і фортеця Шпілберк. Пропонуємо відвідати «Диво Чехії - Моравський Крас» (33€ + вх. квитки). Запрошуємо Вас насолодитися чарівним творінням природи. На нас чекає незабутня подорож по",800
https://adriatic-travel.com.ua/tour/magiya-skandynavii-fiordy-yazyk-trolya-bergen-lodovyk,"«Магія Скандинавії: Фіорди, Язик Троля, Берген, Льодовик!»",1,06:30 - збір групи на з/д вокзалі м. Львова (платна стоянка з правої сторони від центрального входу ,"При наявності часу пропонуємо познайомитись зі столицею Польщі - містом Варшавою: 19€; с пропонуємо факультативні екскурсії на вибір: «Мальборк - середньовічний замок»: 38€; «Сопот – перлина Балтійського узбережжя»: 28€; ще більше дозволить Вам дізнатися про це місто - казку: «В гостях у Русалоньки»: 30€; Пропонуємо на вибір: «Оглядовий майданчик Стегастейн»: 38€; «Круїз на кораблику по Согнефьорду і рукаву Неройфьорду»: 85€; «Фломська залізниця»: 95€; «Екскурсія в Ущелину Сталхейм»: 38€; «Дотик до дива - Льодовика Нігардсбрін»: 68€; ажаючим рекомендуємо на вибір: Здійснити мрію та відвідати незабутній Язик Троля: 68€; ота фьордів + мальовнича дорога з водоспадами Steinsdalsfossen і Fossen Bratte!»: 60€; авлення парому, запрошуємо відвідати на вибір: «Затишну столицю Норвегії — Осло»: 35€; «Місто — фортецю Гетеборг»: 35€; побутом, пам'ятками та історією, ми організовуємо екскурсію «Слідами Коперника»: 19€","06:30 - збір групи на з/д вокзалі м. Львова (платна стоянка з правої сторони від центрального входу у вокзал).
07:00 - виїзд групи до Польщі.
Перетин кордону.
Переїзд до Гданська.
Поселення в готель.
Ніч в готелі.
Сніданок.
Виселення з готелю.
Переїзд в порт.
Посадка на паром.
Розміщення в чотиримісних каютах (без вікна).
харчування (вечеря «шведський стіл» з різноманітними делікатесами: риба, ікра, м'ясо, супи, овочеві салати, сири, фрукти та десерти), включені напої (пиво, вино, соки, вода, чай, кава);
ресторани та кафе, розваги (шоу-програми, дискотека, ресторан, лобі, казино, ігрові автомати);
бутіки відомих брендів і магазини duty-free (парфумерія, дорога біжутерія, прикраси з дорогоцінних металів, алкоголь, солодощі).
Ніч на поромі.
Прибуття в порт Швеції.
Переїзд до Данії.
Поселення",800
https://adriatic-travel.com.ua/tour/davay-razom-v-amsterdam,«Давай разом в Амстердам!»,1,06:00 - збір групи на з/д вокзалі м. Львів (платна стоянка з правої сторони від центрального входу у,"Пропонуємо екскурсію «Квітка на Одері — Вроцлав»: 18€; По дорозі, при бажанні групи, пропонуємо відвідати мальовниче містечко Ерфурт: 28€; У вільний час запрошуємо у «Таємничий замок Вартбург»: 38€; ільний час пропонуємо екскурсії: «Голландський фольклор Заанс Сханс та Волендам»: 38€; ованого за старовинними рецептами! Прогулянка на кораблику по каналах Амстердаму: 23€; «Вечірній Амстердам»: 25€; У вільний час пропонуємо екскурсії на вибір: «Гітхорн — голландська Венеція»: 45€; «Місто музеїв — Лейден та музей “Corpus”»: 33€; «Міста казки – Делфт + Гаага»: 38€; Під час екскурсії пропонуємо відвідати: Роттердам – місто Манхеттен: 18€; опонуємо факультативні екскурсії: «Королівська прогулянка — Потсдам та Сан Сусі»: 38€; «Погляд крізь час»: 28€; знайомитись з багатомільйонним містом та його історією «Обід в німецькій пивній»: 33€; обувати кілька видів знаменитого напою з найсмачнішою Рулькою! «Вечірній Берлін»: 25€","06:00 - збір групи на з/д вокзалі м. Львів (платна стоянка з правої сторони від центрального входу у вокзал).
06:30 - в иїзд зі Львова.
Перетин кордону.
Переїзд в готель.
Ніч в готелі.
Сніданок.
Виселення з готелю .
Переїзд по Німеччині.
Переїзд до Айзенаха.
Переїзд по території Німеччини.
Поселення в готель.
Ніч в готелі.
Сніданок.
Виселення з готелю.
Переїзд в столицю Нідерландів — Амстердам.
Переїзд в готель.
Ніч в готелі.
Сніданок.
Виселення з готелю.
Орієнтовно 23:00 переїзд в Берлін.
Зупинка на сніданок (опл. дод.).
Приїзд у Берлін.
Переїзд по території Німеччини .
Поселення та нічліг в готелі.
Сніданок .
Виселення з готелю.
Переїзд по території Польщі, у столицю Варшава. Оглядова екскурсія «Варшава – місто королів» (у вартості туру). Старе місто Варшави внесене до списку культурної ",800
https://adriatic-travel.com.ua/tour/chornohoriya-perlyna-balkanskoyi-adriatyky,«Чорногорія - перлина Балканської Адріатики»,1,,,,0
https://adriatic-travel.com.ua/tour/chornohoriya-perlyna-balkanskoyi-adriatyky,«Чорногорія - перлина Балканської Адріатики»,2,Переїзд до Чорногорії.,"Стефана: 29€; Пропонуємо відвідати ""Місто піратів - Ульцинь"": 36€; онуємо відвідати найпопулярнішу в Чорногорії ""Екскурсію Боко-Которською затокою"": 49€; горії: «Два найглибші каньйони Європи: Тара та Морача + льодовикове Чорне озеро»: 65€; Пропонуємо ""Екскурсію в місто Дубровник"": 55€; ""Екскурсія Скадарським озером"": 56€; «Херцег-Нові та Блакитна печера»: 50€; ""Екскурсія в столицю Албанії Тирану та стародавню Крую"": 51€; ""Екскурсія в Острог"": 36€; Пропонуємо традиційний FISH Пікнік: 65€; Орієнтовна вартість обіду: 17: 20€; Пропонуємо ""Екскурсію в місто Дубровник"" (55€/45€, трансфер: 49€","Переїзд до Чорногорії.
Поселення в готель.
Вільний час на морі.
Ніч в готелі.
Харчування згідно з програмою туру.
Вільний день на морі.
Ніч в готелі.
Харчування згідно з програмою туру.
Вільний день на морі.
Ніч в готелі.
Харчування згідно з програмою туру.
Вільний день на морі.
Ніч в готелі.
Харчування згідно з програмою туру.
Вільний день на морі.
Ніч в готелі.
Харчування згідно з програмою туру.
Вільний день на морі.
Ніч в готелі.
Харчування згідно з програмою туру.
Вільний день на морі
Ніч в готелі.
Харчування згідно з програмою туру.
Вільний день на морі.
Ніч в готелі.
Харчування згідно з програмою туру.
Вільний день на морі.
Ніч в готелі.
Харчування згідно з програмою туру.
Виселення з готелю до 10:00 год., залишаємо валізи в багажному відділенні
Вільний день на морі.
Виїзд з Будви. ",800
https://adriatic-travel.com.ua/tour/morski-istorii-v-sertsi-chornogorii,«Морські історії в серці Чорногорії»,1,,,,0
https://adriatic-travel.com.ua/tour/morski-istorii-v-sertsi-chornogorii,«Морські історії в серці Чорногорії»,2,Переїзд до Чорногорії.,"Стефана: 29€; Пропонуємо відвідати ""Місто піратів - Ульцинь"": 36€; онуємо відвідати найпопулярнішу в Чорногорії ""Екскурсію Боко-Которською затокою"": 49€; горії: «Два найглибші каньйони Європи: Тара та Морача + льодовикове Чорне озеро»: 65€; Пропонуємо ""Екскурсію в місто Дубровник"": 55€; ""Екскурсія Скадарським озером"": 56€; «Херцег-Нові та Блакитна печера»: 50€; ""Екскурсія в столицю Албанії Тирану та стародавню Крую"": 51€; ""Екскурсія в Острог"": 36€; Пропонуємо традиційний FISH Пікнік: 65€; Орієнтовна вартість обіду: 17: 20€; Пропонуємо ""Екскурсію в місто Дубровник"" (55€/45€, трансфер: 49€","Переїзд до Чорногорії.
Поселення в готель.
Вільний час на морі.
Ніч в готелі.
Харчування згідно з програмою туру.
Вільний день на морі.
Ніч в готелі.
Харчування згідно з програмою туру.
Вільний день на морі.
Ніч в готелі.
Харчування згідно з програмою туру.
Вільний день на морі.
Ніч в готелі.
Харчування згідно з програмою туру.
Вільний день на морі.
Ніч в готелі.
Харчування згідно з програмою туру.
Вільний день на морі.
Ніч в готелі.
Харчування згідно з програмою туру.
Вільний день на морі
Ніч в готелі.
Харчування згідно з програмою туру.
Вільний день на морі.
Ніч в готелі.
Харчування згідно з програмою туру.
Вільний день на морі.
Ніч в готелі.
Харчування згідно з програмою туру.
Виселення з готелю до 10:00 год., залишаємо валізи в багажному відділенні
Вільний день на морі.
Виїзд з Будви. ",800
https://adriatic-travel.com.ua/tour/vdala-ideya-vidpustka-v-chornohoriyi,«Вдала ідея - відпустка в Чорногорії»,1,,,,0
https://adriatic-travel.com.ua/tour/vdala-ideya-vidpustka-v-chornohoriyi,«Вдала ідея - відпустка в Чорногорії»,2,Переїзд до Чорногорії.,"Стефана: 29€; Пропонуємо відвідати ""Місто піратів - Ульцинь"": 36€; онуємо відвідати найпопулярнішу в Чорногорії ""Екскурсію Боко-Которською затокою"": 49€; горії: «Два найглибші каньйони Європи: Тара та Морача + льодовикове Чорне озеро»: 65€; Пропонуємо ""Екскурсію в місто Дубровник"": 55€; ""Екскурсія Скадарським озером"": 56€; «Херцег-Нові та Блакитна печера»: 50€; ""Екскурсія в столицю Албанії Тирану та стародавню Крую"": 51€; ""Екскурсія в Острог"": 36€; Пропонуємо традиційний FISH Пікнік: 65€; Орієнтовна вартість обіду: 17: 20€; Пропонуємо ""Екскурсію в місто Дубровник"" (55€/45€, трансфер: 49€","Переїзд до Чорногорії.
Поселення в готель.
Вільний час на морі.
Ніч в готелі.
Харчування згідно з програмою туру.
Вільний день на морі.
Ніч в готелі.
Харчування згідно з програмою туру.
Вільний день на морі.
Ніч в готелі.
Харчування згідно з програмою туру.
Вільний день на морі.
Ніч в готелі.
Харчування згідно з програмою туру.
Вільний день на морі.
Ніч в готелі.
Харчування згідно з програмою туру.
Вільний день на морі.
Ніч в готелі.
Харчування згідно з програмою туру.
Вільний день на морі
Ніч в готелі.
Харчування згідно з програмою туру.
Вільний день на морі.
Ніч в готелі.
Харчування згідно з програмою туру.
Вільний день на морі.
Ніч в готелі.
Харчування згідно з програмою туру.
Виселення з готелю до 10:00 год., залишаємо валізи в багажному відділенні
Вільний день на морі.
Виїзд з Будви. ",800
https://adriatic-travel.com.ua/tour/znayomstvo-z-norvegieyu,«Знайомство з Норвегією: 4 фіорди + Язик Троля/Берген/Льодовик!»,1,06:30 - збір групи на з/д вокзалі м. Львова (платна стоянка з правої сторони від центрального входу ,"При наявності часу пропонуємо познайомитись зі столицею Польщі - містом Варшавою: 19€; «Сопот – перлина Балтійського узбережжя»: 28€; ще більше дозволять Вам дізнатися про це місто - казку: «В гостях у Русалоньки»: 33€; «Екскурсія по каналах Копенгагена»: 28€; «Екскурсія в королівський палац Розенборг»: 28€; Пропонуємо на вибір: «Оглядовий майданчик Стегастейн»: 38€; «Екскурсія в Ущелину Сталхейм»: 38€; «Круїз на кораблику по Согнефьорду і рукаву Неройфьорду»: 85€; «Дотик до дива - Льодовика Нігардсбрін»: 68€; «Фломська залізниця»: 95€; ота фьордів + мальовнича дорога з водоспадами Steinsdalsfossen і Fossen Bratte!»: 60€; Це місце must visit в Бергені! Здійснити мрію та відвідати незабутній Язик Троля: 68€; Запрошуємо відвідати на вибір: «Місто - фортецю Гетеборг»: 35€; «Архітектурну перлину Швеції – Мальме»: 35€; побутом, пам'ятками та історією, ми організовуємо екскурсію «Слідами Коперника»: 19€; 99 років: 28€; 99 років: 18€; 99 років: 23€; 99 років: 65€; 99 років: 48€; 99 років: 75€; 99 років: 45€","06:30 - збір групи на з/д вокзалі м. Львова (платна стоянка з правої сторони від центрального входу у вокзал).
07:00 - виїзд групи до Польщі.
Перетин кордону.
Переїзд до Гданська.
Поселення в готель.
Ніч в готелі.
Сніданок.
Виселення з готелю.
Переїзд в порт.
Посадка на паром.
Розміщення в чотиримісних каютах (без вікна).
харчування (сніданок-вечеря «шведський стіл» з різноманітними делікатесами: риба, ікра, м'ясо, супи, овочеві салати, сири, фрукти та десерти), включені напої (пиво, вино, соки, вода, чай, кава);
ресторани та кафе, розваги (шоу-програми, дискотека, ресторан, лобі, казино, ігрові автомати);
бутіки відомих брендів і магазини duty-free (парфумерія, дорога біжутерія, прикраси з дорогоцінних металів, алкоголь, солодощі).
Ніч на поромі.
Сніданок на поромі ВКЛЮЧЕНО У ВАРТІСТЬ.
Пр",800
https://adriatic-travel.com.ua/tour/kazkovi-kanikuly-u-paryzhi-2-parky-rozvag-ta-normandiya,«Казкові канікули у Парижі + Діснейленд!»,1,,,,0
https://adriatic-travel.com.ua/tour/kazkovi-kanikuly-u-paryzhi-2-parky-rozvag-ta-normandiya,«Казкові канікули у Парижі + Діснейленд!»,2,,,,0
https://adriatic-travel.com.ua/tour/kazkovi-kanikuly-u-paryzhi-2-parky-rozvag-ta-normandiya,«Казкові канікули у Парижі + Діснейленд!»,3,,,,0
https://adriatic-travel.com.ua/tour/kazkovi-kanikuly-u-paryzhi-2-parky-rozvag-ta-normandiya,«Казкові канікули у Парижі + Діснейленд!»,4,,,,0
https://adriatic-travel.com.ua/tour/kazkovi-kanikuly-u-paryzhi-2-parky-rozvag-ta-normandiya,«Казкові канікули у Парижі + Діснейленд!»,5,,,,0
https://adriatic-travel.com.ua/tour/kazkovi-kanikuly-u-paryzhi-2-parky-rozvag-ta-normandiya,«Казкові канікули у Парижі + Діснейленд!»,6,,,,0
https://adriatic-travel.com.ua/tour/kazkovi-kanikuly-u-paryzhi-2-parky-rozvag-ta-normandiya,«Казкові канікули у Парижі + Діснейленд!»,7,Сніданок.,Брно»: 19€; «Диво Чехії - Моравський Крас»: 25€,"Сніданок.
Виселення з готелю.
Перетин кордону.
Нічне прибуття до Львова (в залежності від проходження кордону).
Має право на безкоштовний тур;
Безкоштовно екскурсії на які йде вся її група;
Безкоштовно радіо гід і сіті такс;
Безкоштовне харчування те, яке має група в турі;
По дорозі, всіх запрошуємо відвідати на вибір: «Малий Відень - м. Брно» (дор.19€/діти до 13.99 років 10€). Брно, друге за величиною місто країни називали ""чеським Манчестером” та ""малим Віднем"". Одну будівлю міста, віллу сім’ї Туґендгат з 1930 року, записано в ЮНЕСКО. Її архітектура та технічне забезпечення випередили на пів століття сучасні архітектурні тенденції. Над панорамою міста домінують храм Петра і Павла і фортеця Шпілберк. «Диво Чехії - Моравський Крас» (25€+вх. квитки). Запрошуємо Вас насолодитися чарівним тво",800
https://adriatic-travel.com.ua/tour/lihuriys-ke-uzberezhzhya-vidpochynok-v-zadovolennya,"«Італія під шум моря: Піран, Чінкве-Терре, Мальчезіне + 2 дні у Флоренції»",1,,,,0
https://adriatic-travel.com.ua/tour/lihuriys-ke-uzberezhzhya-vidpochynok-v-zadovolennya,"«Італія під шум моря: Піран, Чінкве-Терре, Мальчезіне + 2 дні у Флоренції»",2,,,,0
https://adriatic-travel.com.ua/tour/lihuriys-ke-uzberezhzhya-vidpochynok-v-zadovolennya,"«Італія під шум моря: Піран, Чінкве-Терре, Мальчезіне + 2 дні у Флоренції»",3,,,,0
https://adriatic-travel.com.ua/tour/lihuriys-ke-uzberezhzhya-vidpochynok-v-zadovolennya,"«Італія під шум моря: Піран, Чінкве-Терре, Мальчезіне + 2 дні у Флоренції»",4,,,,0
https://adriatic-travel.com.ua/tour/lihuriys-ke-uzberezhzhya-vidpochynok-v-zadovolennya,"«Італія під шум моря: Піран, Чінкве-Терре, Мальчезіне + 2 дні у Флоренції»",5,,,,0
https://adriatic-travel.com.ua/tour/lihuriys-ke-uzberezhzhya-vidpochynok-v-zadovolennya,"«Італія під шум моря: Піран, Чінкве-Терре, Мальчезіне + 2 дні у Флоренції»",6,Сніданок.,,"Сніданок.
Виселення з готелю.
Переїзд до Львова.
Перетин кордону.
Нічне прибуття до Львова.
Має право на безкоштовний тур;
Безкоштовно екскурсії на які йде вся її група;
Безкоштовно радіо гід і сіті такс;
Безкоштовне харчування те, яке має група в турі;
На завершення подорожі пропонуємо обрати свій ідеальний формат відпочинку в Угорщині. Для тих, хто хоче додати до маршруту трохи гастрономічного задоволення й теплих емоцій, запрошуємо до знаменитої Долини красунь — одного з найатмосферніших винних куточків Угорщини. (25€). — це чудова нагода познайомитися з виноробними традиціями регіону Егер, який по праву вважають одним із центрів угорського виноробства. Саме тут народжується легендарне Egri Bikavér — відоме червоне вино, яке називають «Егерська бичача кров». У затишних винних погребах н",800
https://adriatic-travel.com.ua/tour/gretski-kanikuly,«Грецькі канікули (7 ночей на морі)»,1,05:30 — збір групи на з/д вокзалі м. Львова (платна стоянка з правої сторони від центрального входу ,Трансфер в Афітос та на пляжі Каллітеї: 15€; Поїздка на фермерський ринок: 15€; «Метеори — восьме чудо світу»: 65€; Пропонуємо «Круїз на кораблику»: 45€; Грецький вечір: 35€; Одноденний відпочинок на пляжах Ситонії: 45€; Екскурсія «Олімп + Діон»: 40€; Екскурсія «Арідея – Едесса: Вода та вогонь»: 39€; Екскурсія в Салоніки + Шопінг: 36€; Круїз на яхті уздовж Святої Гори Афон: 56€,"05:30 — збір групи на з/д вокзалі м. Львова (платна стоянка з правої сторони від центрального входу у вокзал). Важливий момент: за день до туру керівник групи створює спільний чат у Viber, де ви отримаєте всі деталі: номер автобуса, точне місце збору та поради щодо речей. Впродовж усього туру чат буде вашим «цифровим компасом» — там буде актуальний таймінг, геолокації точок збору та лайфхаки від керівника. Переконайтеся, що додаток встановлено, а сповіщення увімкнені!
06:00 — виїзд зі Львова. Починаємо наш шлях до Егейського моря! Попереду на нас чекає маршрут довжиною близько 1650 км. Орієнтовний час у дорозі до курорту — 29–34 годин (залежно від швидкості проходження кордонів). Це чудовий час, щоб познайомитись із сусідами по автобусу, подивитися гарне кіно та насолодитися краєвидами за ",800
https://adriatic-travel.com.ua/tour/italiya-moya-lyubov-venetsiya-milan-verona,«Італія моя любов... Венеція-Мілан-Верона»,1,,,,0
https://adriatic-travel.com.ua/tour/italiya-moya-lyubov-venetsiya-milan-verona,«Італія моя любов... Венеція-Мілан-Верона»,2,,,,0
https://adriatic-travel.com.ua/tour/italiya-moya-lyubov-venetsiya-milan-verona,«Італія моя любов... Венеція-Мілан-Верона»,3,,,,0
https://adriatic-travel.com.ua/tour/italiya-moya-lyubov-venetsiya-milan-verona,«Італія моя любов... Венеція-Мілан-Верона»,4,,,,0
https://adriatic-travel.com.ua/tour/italiya-moya-lyubov-venetsiya-milan-verona,«Італія моя любов... Венеція-Мілан-Верона»,5,"Перетин кордону. Проходимо всі формальності й поступово усвідомлюємо, скільки краси, емоцій і яскрав",,"Перетин кордону. Проходимо всі формальності й поступово усвідомлюємо, скільки краси, емоцій і яскравих міст вмістила ця подорож. Італія вже позаду, але післясмак Венеції, Верони та Мілана точно залишиться з нами ще надовго.
Вечірнє прибуття в Україну. Повертаємося додому з відчуттям, що прожили маленьке, але дуже яскраве європейське життя — з каналами Венеції, романтикою Верони, елегантністю Мілана, келихами вина, ароматом кави й тією особливою італійською легкістю, яку хочеться забрати з собою.
До нових зустрічей! Ми не ставимо крапку, лише кому. Бо після Венеції, Верони та Мілана дуже легко зрозуміти: Італія ще точно не сказала свого останнього слова. Попереду можуть бути нові міста, нові враження і, можливо, вже наступна зустріч — із вічним і величним Римом, який теж одного дня захочеть",800
https://adriatic-travel.com.ua/tour/eliksyr-kokhannya-paryzh-i-normandiya,«Еліксир кохання або 3 дні в Парижі: Нормандія + Ельзас»,1,06:3 0 - збір групи на залізничному вокзалі м. Львів. Важливий момент: за день до туру керівник груп,"«Романтика Нормандії: Етрета, Ла-Манш та середньовічний Руан»: 68€; «Світ мрії — Діснейленд !» та легендарне нічне шоу Disney Tales of Magic: 26€; 99 років: 35€; 99 років: 20€; Особлива локація - це Сад емоцій (оплачується додатково: 14€","06:3 0 - збір групи на залізничному вокзалі м. Львів. Важливий момент: за день до туру керівник групи створює спільний чат у Viber , де ви отримаєте всі деталі: номер автобуса, точне місце збору та поради щодо речей. Впродовж усього туру чат буде вашим «цифровим компасом» — там буде актуальний таймінг , геолокації точок збору та лайфхаки від керівника. Переконайтеся, що додаток встановлено, а сповіщення увімкнені!
07:0 0 - виїзд групи в тур. Знайомство; організаційна інформація від керівника групи.
Перетин кордону. Процедура включає паспортний та митний контроль. Для туристичних автобусів діють регламентовані правила перетину згідно з міжнародною угодою Interbus . Важливо : на території пункту пропуску суворо заборонено фото- та відеозйомку . Ознайомитися з детальними правилами перетину, п",800
https://adriatic-travel.com.ua/tour/selfi-v-paryzhi,«Селфі в Парижі та Діснейленді + Прага та Франкфурт!»,1,,,,0
https://adriatic-travel.com.ua/tour/selfi-v-paryzhi,«Селфі в Парижі та Діснейленді + Прага та Франкфурт!»,2,,,,0
https://adriatic-travel.com.ua/tour/selfi-v-paryzhi,«Селфі в Парижі та Діснейленді + Прага та Франкфурт!»,3,,,,0
https://adriatic-travel.com.ua/tour/selfi-v-paryzhi,«Селфі в Парижі та Діснейленді + Прага та Франкфурт!»,4,,,,0
https://adriatic-travel.com.ua/tour/selfi-v-paryzhi,«Селфі в Парижі та Діснейленді + Прага та Франкфурт!»,5,Сніданок.,"Пропонуємо на вибір відвідати: Прогулянка по Влтаві: 40€; Королівська Прага: Градчани та Празький Град: 36€; 99 років: 35€; 36€, діти: 28€","Сніданок.
Виселення з готелю.
Переїзд до Праги.
Переїзд територією Польщі.
Перетин кордону.
Нічне повернення до Львова (залежно від проходження кордону).
Має право на безкоштовний тур;
Безкоштовно екскурсії на які йде вся її група;
Безкоштовно радіо гід і сіті такс;
Безкоштовне харчування те, яке має група в турі;
Має право на безкоштовний тур;
Безкоштовно екскурсії на які йде вся її група;
Безкоштовно радіо гід і сіті такс;
Безкоштовне харчування те, яке має група в турі;
Пропонуємо на вибір відвідати: Прогулянка по Влтаві (дор. - 40€, діти до 13.99 років - 35€). Після прогулянок по історичній Празі ми прийдемо до берега Влтави, де Вас чекатиме затишний катер з кондиціонером. Вам запропонують довгоочікуваний аперитив і шведський стіл з широким вибором холодних закусок і гарячих страв. Під",800
https://adriatic-travel.com.ua/tour/hretski-kontrasty,«Грецькі контрасти (7 ночей на морі)»,1,05:30 — збір групи на з/д вокзалі м. Львова (платна стоянка з правої сторони від центрального входу ,Трансфер в Афітос та на пляжі Каллітеї: 15€; Поїздка на фермерський ринок: 15€; «Метеори — восьме чудо світу»: 65€; Пропонуємо «Круїз на кораблику»: 45€; Одноденний відпочинок на пляжах Ситонії: 45€; Екскурсія «Олімп + Діон»: 40€; Екскурсія «Арідея – Едесса: Вода та вогонь»: 39€; Екскурсія в Салоніки + Шопінг: 36€; Круїз на яхті уздовж Святої Гори Афон: 56€,"05:30 — збір групи на з/д вокзалі м. Львова (платна стоянка з правої сторони від центрального входу у вокзал). Важливий момент: за день до туру керівник групи створює спільний чат у Viber, де ви отримаєте всі деталі: номер автобуса, точне місце збору та поради щодо речей. Впродовж усього туру чат буде вашим «цифровим компасом» — там буде актуальний таймінг, геолокації точок збору та лайфхаки від керівника. Переконайтеся, що додаток встановлено, а сповіщення увімкнені!
06:00 — виїзд зі Львова. Починаємо наш шлях до Егейського моря! Попереду на нас чекає маршрут довжиною близько 1650 км. Орієнтовний час у дорозі до курорту — 29–34 годин (залежно від швидкості проходження кордонів). Це чудовий час, щоб познайомитись із сусідами по автобусу, подивитися гарне кіно та насолодитися краєвидами за ",800
https://adriatic-travel.com.ua/tour/vizmy-mene-do-hretsiyi,«Візьми мене до Греції»,1,05:30 — збір групи на з/д вокзалі м. Львова (платна стоянка з правої сторони від центрального входу ,Трансфер в Афітос та на пляжі Каллітеї: 15€; Поїздка на фермерський ринок: 15€; «Метеори — восьме чудо світу»: 65€; Пропонуємо «Круїз на кораблику»: 45€; Грецький вечір: 40€; Одноденний відпочинок на пляжах Ситонії: 45€; Екскурсія «Олімп + Діон»: 40€; Екскурсія «Арідея – Едесса: Вода та вогонь»: 39€; Екскурсія в Салоніки + Шопінг: 36€; Круїз на яхті уздовж Святої Гори Афон: 56€,"05:30 — збір групи на з/д вокзалі м. Львова (платна стоянка з правої сторони від центрального входу у вокзал). Важливий момент: за день до туру керівник групи створює спільний чат у Viber, де ви отримаєте всі деталі: номер автобуса, точне місце збору та поради щодо речей. Впродовж усього туру чат буде вашим «цифровим компасом» — там буде актуальний таймінг, геолокації точок збору та лайфхаки від керівника. Переконайтеся, що додаток встановлено, а сповіщення увімкнені!
06:00 — виїзд зі Львова. Починаємо наш шлях до Егейського моря! Попереду на нас чекає маршрут довжиною близько 1650 км. Орієнтовний час у дорозі до курорту — 29–34 годин (залежно від швидкості проходження кордонів). Це чудовий час, щоб познайомитись із сусідами по автобусу, подивитися гарне кіно та насолодитися краєвидами за ",800
https://adriatic-travel.com.ua/tour/kazkovymy-mistamy-amsterdam-bryussel-paryzh,"«Казковими містами: Амстердам, Брюссель, Париж»",1,,,,0
https://adriatic-travel.com.ua/tour/kazkovymy-mistamy-amsterdam-bryussel-paryzh,"«Казковими містами: Амстердам, Брюссель, Париж»",2,,,,0
https://adriatic-travel.com.ua/tour/kazkovymy-mistamy-amsterdam-bryussel-paryzh,"«Казковими містами: Амстердам, Брюссель, Париж»",3,,,,0
https://adriatic-travel.com.ua/tour/kazkovymy-mistamy-amsterdam-bryussel-paryzh,"«Казковими містами: Амстердам, Брюссель, Париж»",4,Сніданок та виселення з готелю. Смакуємо каву і готуємося до зустрічі з легендами Бельгії.,"«Неперевершений Гент та північна Венеція — Брюгге»: 45€; шуємо ознайомитись з Брюсселем ще ближче під час екскурсії «Незвіданий Брюссель»: 30€; Прогулянка по Сені: 25€; «Богемний Монмартр»: 28€; «Мистецтво краси – Лувр»: 48€; Вечірня програма «Вогні нічного Парижа»: 38€; Автобусна екскурсія «Бонжур, Париж»: 35€; «Серце Парижа: Сіте, Нотр-Дам та Латинський квартал»: 28€; «Версаль - пишність Короля-Сонця»: 38€; «Романтика Нормандії: Етрета, Ла-Манш та середньовічний Руан»: 68€; «Світ мрії — Діснейленд!»: 26€; Всіх бажаючих запрошуємо розпочати день у «Серці Лотарингії — місті Мец»: 25€; подорожі у часі, ми підготували щось особливе — поїздку в «Місто-історію — Трір»: 30€; 48€, діти: 48€; 99 років: 25€; 99 років: 18€; Особлива локація - це Сад емоцій (оплачується додатково: 14€; 99 років: 20€","Сніданок та виселення з готелю. Смакуємо каву і готуємося до зустрічі з легендами Бельгії.
Переїзд до Брюсселя, столиці Бельгії.
Не проходьте повз кіоски з картоплею фрі (frites). У Бельгії це національна гордість! Візьміть порцію у паперовому конусі з соусом тартар або андалуз — це найкращий перекус під час прогулянки.
У Брюгге та Генті безліч шоколадних бутиків. Порада: шукайте ті, де написано «Artisanal», що означає ручну роботу. Обов’язково спробуйте трюфелі — вони тануть у роті зовсім інакше, ніж магазинні цукерки.
Бельгійська архітектура багата на дрібниці. На дахах Гентських будинків можна побачити фігурки, що розповідають про професії власників, а в Брюсселі на стінах будинків часто ховаються справжні комікси про Тінтіна чи Смурфиків. Будьте уважними, щоб не пропустити ці приховані",800
https://adriatic-travel.com.ua/tour/laskavo-prosymo-v-stokgolm,«Ласкаво просимо в Стокгольм»,1,06:30 - збір групи на ж/д вокзалі м. Львів (платна стоянка з правої сторони від центрального входу у,"идкому проходженні кордону факультативно пропонуємо оглядову екскурсію в Варшаві: 19€; У вільний час пропонуємо: «Екскурсію в Юрмалу»: 30€; «Рекомендуємо автобусно-пішохідну по Таллінну»: 25€; пропонуємо факультативні екскурсії на вибір: «Таємниці і загадки Старого Міста»: 30€; них точок, звідки видно весь Стокгольм і де захоплює дух! «Стокгольмська Ратуша»: 19€; «Корабель Васа - пам'ятка світу»: 25€; «Королівський палац»: 21€; «Арт-тур по метро Стокгольма»: 25€; Гарантуємо шикарні кадри для фото та незабутні історії! «Трансфер в Gröna Lund»: 20€; Факультативно пропонуємо: «Музей Гідрогавані Леннусадама»: 20€; Факультативно пропонуєм «Тракайський замок: Литовська Казка»: 25€","06:30 - збір групи на ж/д вокзалі м. Львів (платна стоянка з правої сторони від центрального входу у вокзал).
07:00 - виїзд групи до Латвії.
Перетин кордону.
Переїзд та поселення в готель.
Ніч в готелі.
Сніданок.
Виселення з готелю.
Переїзд до Риги.
Переїзд до Таллінна.
Поселення в готель.
Ніч в готелі.
Сніданок.
Виселення з готелю.
Збір групи.
Посадка на пором.
Відправлення до Стокгольма.
Ночівля на поромі .
Сніданок.
Прибуття до Стокгольма.
Посадка на пором.
Відправлення до Таллінна.
Ночівля на поромі.
Сніданок .
Прибуття до Таллінна.
Переїзд до Вільнюса.
Вільний час.
Поселення в готель.
Ніч в готелі.
Сніданок
Виселення з готелю.
Переїзд до України.
Перетин кордону.
Нічне прибуття до Львова .
Має право на безкоштовний тур;
Безкоштовно екскурсії на які йде вся її група;
Безкоштовно радіо ",800
https://adriatic-travel.com.ua/tour/baltiyskyy-duet-tallinn-ta-stokholm,«Балтійський дует: Таллінн та Стокгольм»,1,,,,0
https://adriatic-travel.com.ua/tour/baltiyskyy-duet-tallinn-ta-stokholm,«Балтійський дует: Таллінн та Стокгольм»,2,,,,0
https://adriatic-travel.com.ua/tour/baltiyskyy-duet-tallinn-ta-stokholm,«Балтійський дует: Таллінн та Стокгольм»,3,,,,0
https://adriatic-travel.com.ua/tour/baltiyskyy-duet-tallinn-ta-stokholm,«Балтійський дует: Таллінн та Стокгольм»,4,,,,0
https://adriatic-travel.com.ua/tour/baltiyskyy-duet-tallinn-ta-stokholm,«Балтійський дует: Таллінн та Стокгольм»,5,,,,0
https://adriatic-travel.com.ua/tour/baltiyskyy-duet-tallinn-ta-stokholm,«Балтійський дует: Таллінн та Стокгольм»,1,,,,0
https://adriatic-travel.com.ua/tour/baltiyskyy-duet-tallinn-ta-stokholm,«Балтійський дует: Таллінн та Стокгольм»,2,,,,0
https://adriatic-travel.com.ua/tour/baltiyskyy-duet-tallinn-ta-stokholm,«Балтійський дует: Таллінн та Стокгольм»,3,,,,0
https://adriatic-travel.com.ua/tour/baltiyskyy-duet-tallinn-ta-stokholm,«Балтійський дует: Таллінн та Стокгольм»,4,,,,0
https://adriatic-travel.com.ua/tour/baltiyskyy-duet-tallinn-ta-stokholm,«Балтійський дует: Таллінн та Стокгольм»,5,Перетин кордону.,,"Перетин кордону.
Прибуття до Львова у першій половині дня (орієнтовний час прибуття залежить від проходження кордону).
Має право на безкоштовний тур;
Безкоштовно екскурсії на які йде вся її група;
Безкоштовно радіо гід і сіті такс;
Безкоштовне харчування те, яке має група в турі;
Потрібні безкоштовні місця для керівника групи?
Це легко організувати! У розділі «Калькулятор цін – Вартість для груп» ви можете вказати необхідну кількість безкоштовних місць, і система автоматично врахує це у підсумковій вартості.
Якщо для групи Ви обираєте безкоштовні місця тоді діють наступні додаткові послуги для безкоштовної особи:
Обовʼязкових екскурсій для груп НЕМАЄ!
При бронюванні екскурсій разом із туром, можливі знижки до 10% (деталі у Вашого куратора)
Вже маєте прорахований тур? Зв'яжіться з нами і ми",800
https://adriatic-travel.com.ua/tour/zoloti-pisky-ispaniyi,«Золоті піски Іспанії! (6 ночей на морі)»,1,07:00 - збір групи на з/д вокзалі у м. Львів (платна стоянка з правої сторони від центрального входу,"При швидкому перетині кордону пропонуємо прогулянка по Дунаю на кораблику: 30€; факультативні екскурсії на вибір: Для всіх охочих оглядова екскурсія по Венеції: 45€; «Романтичну прогулянку на гондолі»: 29€; «Острови лагуни - різнобарвна Венеція!»: 49€; «Екскурсія по Гранд-Каналу - головній вулиці Венеції»: 38€; «Відвідування з гідом Палацу Дожів»: 19€; Сан-Ремо: 45€; «Рекомендуємо поїздку на екскурсію в Монако»: 45€; По дорозі факультативно пропонуємо: «Запрошуємо на екскурсію по Авіньйону: 30€; о: «Відвідати лавандові поля Нотр-Дам де Сенанк (кінець червня — середина липня): 20€; «Фігерас + екскурсія в музей Далі»: 35€; Рекомендуємо екскурсію в Барселону: 40€; ємо факультативні екскурсії на вибір: «Екскурсію по Готичному кварталу Барселони: 25€; «Екскурсію «Гауді і його творіння»: 38€; «Таємниці Барселони: 30€; «Вечірня екскурсія по Барселоні: 30€; факультативні екскурсії на вибір: «Екскурсія «Святиня Іспанії - гора Монсеррат»: 46€; «Відвідати казкове містечко Тосса - де Мар»: 25€; льтативні екскурсії на вибір: «Трансфер до парку розваг Порт-Авентура в Іспанії»: 55€; «Палкий фламенко»: 55€; час пропонуємо факультативні екскурсії на вибір: «Скарбниця Каталонії» - Жирона: 38€; Запрошуємо Вас провести незабутній час на екскурсії в «Князівство Андорра»: 55€; По дорозі факультативно пропонуємо зупинку на ексркусію по м Арль: 25€; У вільний час запрошуємо на екскурсію в з амок «Кастель Веккіо»: 31€; и себе вартовими солдатами, що несуть дозор! Рекомендуємо поїздку на озеро Гарда: 33€; ідвідування винних підвалів в Долині красунь з дегустацією вин і смачного гуляшу: 25€; 99 років: 26€; 99 років: 35€; 99 років: 25€; 49€, діти до 11,99 років: 29€; 38€, діти до 13,99 років: 28€; ї на вибір: «Екскурсію по Готичному кварталу Барселони (25€; діти до 11,99 років: 20€; а вибір: «Екскурсія «Святиня Іспанії - гора Монсеррат» (46€; діти до 13,99 років: 36€; 99 років: 45€; 99 років: 15€; 99 років: 23€","07:00 - збір групи на з/д вокзалі у м. Львів (платна стоянка з правої сторони від центрального входу у вокзал).
07:30 - виїзд групи зі Львова. Можлива підсадка за маршрутом : Стрий , Мукачево , Ужгород.
Перетин кордону.
Нічний переїзд до Італії.
Приїзд на курорт Лідо-ді-Езоло.
Вільний час для відпочинку на морі.
Переїзд в транзитний готель на території Італії.
Ніч в готелі.
Сніданок.
Переїзд до Ніцци.
Переїзд в транзитний готель у Франції.
Ніч в готелі.
Сніданок.
Виселення з готелю.
Переїзд на курорт Коста — Брава
Поселення в готель.
Вільний час для відпочинку на морі.
Вечеря.
Ніч в готелі.
Сніданок.
Вільний час для відпочинку на морі.
Вечеря.
Ніч в готелі.
Сніданок.
Вільний час для відпочинку на морі.
Вечеря.
Ніч в готелі.
Сніданок.
Вільний час для відпочинку на морі.
Вечеря.
Ніч в готелі",800
https://adriatic-travel.com.ua/tour/sharm-paryzhu-ta-rozkish-normandii,«Шарм Парижу та розкіш Нормандії + Люксембург»,1,06:3 0 - збір групи на залізничному вокзалі м. Львів. Важливий момент: за день до туру керівник груп,"«Романтика Нормандії: Етрета, Ла-Манш та середньовічний Руан»: 68€; «Світ мрії — Діснейленд !» та легендарне нічне шоу Disney Tales of Magic: 26€; Прогулянка по неймовірній Саксонській Швейцарії: 25€; 99 років: 20€; Особлива локація - це Сад емоцій (оплачується додатково: 14€","06:3 0 - збір групи на залізничному вокзалі м. Львів. Важливий момент: за день до туру керівник групи створює спільний чат у Viber , де ви отримаєте всі деталі: номер автобуса, точне місце збору та поради щодо речей. Впродовж усього туру чат буде вашим «цифровим компасом» — там буде актуальний таймінг , геолокації точок збору та лайфхаки від керівника. Переконайтеся, що додаток встановлено, а сповіщення увімкнені!
07:0 0 - виїзд групи в тур. Знайомство; організаційна інформація від керівника групи.
Перетин кордону. Процедура включає паспортний та митний контроль. Для туристичних автобусів діють регламентовані правила перетину згідно з міжнародною угодою Interbus . Важливо : на території пункту пропуску суворо заборонено фото- та відеозйомку . Ознайомитися з детальними правилами перетину, п",800
https://adriatic-travel.com.ua/tour/hvylyamy-baltiyskogo-morya-tallinn-gelsinki-stokgolm,"«Хвилями Балтійського моря: Таллінн, Гельсінкі, Стокгольм»",1,,,,0
https://adriatic-travel.com.ua/tour/hvylyamy-baltiyskogo-morya-tallinn-gelsinki-stokgolm,"«Хвилями Балтійського моря: Таллінн, Гельсінкі, Стокгольм»",2,,,,0
https://adriatic-travel.com.ua/tour/hvylyamy-baltiyskogo-morya-tallinn-gelsinki-stokgolm,"«Хвилями Балтійського моря: Таллінн, Гельсінкі, Стокгольм»",3,,,,0
https://adriatic-travel.com.ua/tour/hvylyamy-baltiyskogo-morya-tallinn-gelsinki-stokgolm,"«Хвилями Балтійського моря: Таллінн, Гельсінкі, Стокгольм»",4,,,,0
https://adriatic-travel.com.ua/tour/hvylyamy-baltiyskogo-morya-tallinn-gelsinki-stokgolm,"«Хвилями Балтійського моря: Таллінн, Гельсінкі, Стокгольм»",5,Сніданок на поромі.,У вільний час факультативно пропонуємо: Музей Гідрогавані Леннусадама: 18€; Автобусно-пішохідну по Таллінну: 25€; Факультативно пропонуємо: Тракайський замок: Литовська Казка: 30€; 99 років: 15€,"Сніданок на поромі.
10:30 - прибуття до Таллінна. .
Збір групи. Переїзд в готель.
Поселення в готель.
Ніч в готелі.
Сніданок.
Виселення з готелю.
Переїзд до України.
Перетин кордону.
Нічне прибуття до Львова.
Має право на безкоштовний тур;
Безкоштовно екскурсії на які йде вся її група;
Безкоштовно радіо гід і сіті такс;
Безкоштовне харчування те, яке має група в турі;
Пішохідна екскурсія по місту: (у вартості туру): зануритися в атмосферу чарівного міста, його історію та особливості сучасного життя Естонії. Ми прогуляємося по старовинних вуличках Нижнього і Верхнього Таллінна, я розповім легенди та цікаві історії про людей цих місць, про життя міста. Ви дізнаєтеся, чому Старий Таллінн був так розділений, хто жив в Нижньому, а хто в Верхньому місті. І зрозумієте, чому Таллінн називають «Лиц",800
https://adriatic-travel.com.ua/tour/nezabutniy-amsterdam,«Незабутній Амстердам + парк Кекенхоф»,1,06:00 - збір групи на з/д вокзалі м. Львів (платна стоянка з правої сторони від центрального входу у,"При наявності часу, та бажанні групи, пропонуємо екскурсію «Королівський Краків»: 20€; У вільний час пропонуємо відвідати: Прогулянку по Влтаві: 40€; Королівська Прага: Градчани та Празький Град: 19€; «Німецьку казку - Целле»: 30€; часу, та бажанні групи, пропонуємо екскурсію і столицею Польщі - містом Варшавою: 18€; 20€, діти: 10€; 40€, діти: 35€; 19€, діти: 10€; 21€, діти: 10€; 25€, діти: 15€; 23€, діти: 20€; 38 €, діти: 28€; 28€, діти: 23€; 18€, діти: 10€","06:00 - збір групи на з/д вокзалі м. Львів (платна стоянка з правої сторони від центрального входу у вокзал).
06:30 - виїзд до Польщі.
Перетин кордону.
Переїзд в готель.
Ніч в готелі .
Сніданок.
Виселення з готелю.
Нічний переїзд в Амстердам .
Ранкове прибуття в Нідерланди .
Переїзд в готель.
Ніч в готелі .
Сніданок.
Виселення з готелю.
Переїзд до Ганновера .
Нічний переїзд .
Зупинка на сніданок.
Переїзд до Львова.
Перетин кордону.
Прибуття до Львова (залежно від проходження кордону).
Має право на безкоштовний тур;
Безкоштовно екскурсії на які йде вся її група;
Безкоштовно радіо гід і сіті такс;
Безкоштовне харчування те, яке має група в турі;
Має право на безкоштовний тур;
Безкоштовно екскурсії на які йде вся її група;
Безкоштовно радіо гід і сіті такс;
Безкоштовне харчування те, яке має ",800
https://adriatic-travel.com.ua/tour/idealna-formula-shveytsarii#program,«Ідеальна формула Швейцарії: Пілатус + Церматт+ Сан-Бернардіно та Монблан!»,1,,,,0
https://adriatic-travel.com.ua/tour/idealna-formula-shveytsarii#program,«Ідеальна формула Швейцарії: Пілатус + Церматт+ Сан-Бернардіно та Монблан!»,2,,,,0
https://adriatic-travel.com.ua/tour/idealna-formula-shveytsarii#program,«Ідеальна формула Швейцарії: Пілатус + Церматт+ Сан-Бернардіно та Монблан!»,3,,,,0
https://adriatic-travel.com.ua/tour/idealna-formula-shveytsarii#program,«Ідеальна формула Швейцарії: Пілатус + Церматт+ Сан-Бернардіно та Монблан!»,4,,,,0
https://adriatic-travel.com.ua/tour/idealna-formula-shveytsarii#program,«Ідеальна формула Швейцарії: Пілатус + Церматт+ Сан-Бернардіно та Монблан!»,5,,,,0
https://adriatic-travel.com.ua/tour/idealna-formula-shveytsarii#program,«Ідеальна формула Швейцарії: Пілатус + Церматт+ Сан-Бернардіно та Монблан!»,6,,,,0
https://adriatic-travel.com.ua/tour/idealna-formula-shveytsarii#program,«Ідеальна формула Швейцарії: Пілатус + Церматт+ Сан-Бернардіно та Монблан!»,7,Сніданок.,ідвідування винних підвалів в Долині красунь з дегустацією вин і смачного гуляшу: 24€; 99 років: 10€,"Сніданок.
Виселення з готелю.
Переїзд в Егер.
Перетин кордону.
Нічне прибуття до Львова (залежить від проходження кордону).
Має право на безкоштовний тур;
Безкоштовно екскурсії на які йде вся її група;
Безкоштовно радіо гід і сіті такс;
Безкоштовне харчування те, яке має група в турі;
У вільний час пропонуємо:
Насолодитися і отримати релакс в Термальних купальнях Saliris Resort - Spa& Conference Hotel - Egerszalók (трансфер + вх. квиток 29€, 3 години) . Чисте повітря, гарний ландшафт, сосновий ліс і великий комплекс з лікувальною водою. Егерсалок - це невелике курортне селище в 140 км від Будапешта. Сам комплекс був побудований у 2007 році на базі гарячого джерела, що б'є на поверхню з глибини 410 м. Температура води +68°C. Стікаючи вниз, вона створила соляні пагорби через що термальні куп",800
https://adriatic-travel.com.ua/tour/prekrasni-dni-v-shveytsariyi,«Прекрасні дні в Швейцарії!»,1,,,,0
https://adriatic-travel.com.ua/tour/prekrasni-dni-v-shveytsariyi,«Прекрасні дні в Швейцарії!»,2,,,,0
https://adriatic-travel.com.ua/tour/prekrasni-dni-v-shveytsariyi,«Прекрасні дні в Швейцарії!»,3,,,,0
https://adriatic-travel.com.ua/tour/prekrasni-dni-v-shveytsariyi,«Прекрасні дні в Швейцарії!»,4,,,,0
https://adriatic-travel.com.ua/tour/prekrasni-dni-v-shveytsariyi,«Прекрасні дні в Швейцарії!»,5,Переїзд по території Австрії.,ємо відвідати винні підвали в Долині красунь з дегустацією вин і смачного гуляшу: 24€,"Переїзд по території Австрії.
Перетин кордону.
Нічне прибуття до Львова (залежить від проходження кордону) .
Має право на безкоштовний тур;
Безкоштовно екскурсії на які йде вся її група;
Безкоштовно радіо гід і сіті такс;
Безкоштовне харчування те, яке має група в турі;
При наявності часу, рекомендуємо відвідати на вибір:
«Розкішний Відень» (екскурсія дор. 25€/діти до 13.99 р. 15€) (трансфер 15€) - столицю блискучої імперії, міста палаців і величних площ, мальовничих вуличок і численних скверів. Відень - стародавнє місто з гучним ім'ям, яке пробуджує мрії. Тут творили великі композитори: Бетховен, Моцарт, Гайдн, Штраус. Тут завжди звучить вальс, а знамениті віденські бали потрясли вже не одне покоління людей. Відень... Пишний і помпезний, легковажний і веселий... І всі ці епітети абсолютно",800
https://adriatic-travel.com.ua/tour/stylna-frantsiya-mon-sen-mishel-luara-ta-normandiya,"«Стильна Франція: Мон-Сен-Мішель, Луара та Нормандія!»",1,06:30 - збір групи на з/д вокзалі у м. Львів (платна стоянка з правої сторони від центрального входу,"По дорозі, пропонуємо фотопаузу у неймовірній Саксонській Швейцарії: 25€; ликого композитора Йоганна Себастьяна Баха «Таємничий Айзенах та замок Вартбург»: 30€; У вільний час пропонуємо п рогулянку по Сені: 25€; Вечірня програма «Вогні нічного Парижу»: 38€; дитись екскурсією «Неймовірна Нормандія: Етрета, Довіль, Трувіль та сади Етрета»: 45€; Запрошуємо відвідати одне із Чудес Світу — Мон-Сен-Мішель: 48€; Екскурсії на вибір: «Перлини Бретані — Канкаль та Сен-Мало»: 38€; яке оточене мурами і вежами, знаходиться старовинне мальовниче містечко – Дінан: 30€; двідати та насолодитись красою архітектурної Франції «Неперевершені Замки Луари»: 48€; ідомий регіон виноробства — Бургундію, пропонуємо відвідати його столицю – Діжон: 25€; У вільний час пропонуємо відвідати «Винна дорога Ельзасу»: 40€","06:30 - збір групи на з/д вокзалі у м. Львів (платна стоянка з правої сторони від центрального входу у вокзал).
07:00 - відправлення групи до Польщі.
Перетин кордону.
Поселення в готель.
Ніч в готелі.
Сніданок.
Виселення з готелю.
Переїзд до мальовничого містечка Ерфурт, історія якого починається півтори тисячі років назад. По дорозі, пропонуємо фотопаузу у неймовірній Саксонській Швейцарії (дор. - 25€/діти до 13.99 років 10€). Скелястий масив Бастай перехоплює подих, це один із найкрасивіших національних парків у Європі. Гірські вершини фантастичної форми, створюють незабутні краєвиди – ідеальний початок туру! Приїзд у Ерфурт.
Переїзд по території Німеччини
Поселення в готель.
Ніч в готелі.
Сніданок.
Виселення з готелю.
Переїзд до Парижу.
Поселення в готель.
Ніч в готелі.
Сніданок.
Виселе",800
https://adriatic-travel.com.ua/tour/okean-pochuttiv-portugaliya,«Океан почуттів - Португалія!»,1,06:30 - збір групи на з/д вокзалі м. Львів.,"По дорозі, пропонуємо фотопаузу у неймовірній Саксонській Швейцарії: 25€; Пропонуємо відвідати дивовижне німецьке місто – Гайдельберг: 25€; дуємо відвідати на вибір: «Курортне містечко Інтерлакен та долину Лаутербруннен»: 48€; «Сирна столиця Швейцарії — Грюйєр»: 38€; ї пам'ятки Франції, яку ви можете побачити на 5-євровій купюрі — міст Пон-Дю-Гар: 25€; Сонячний та казковий Нім: 25€; Запрошуємо відвідати найбільшу у Європі фортецю – місто Каркассон: 38€; серці назавжди! У вільний час рекомендуємо «Симфонію Атлантики - Сан-Себастьян»: 45€; пропустити можливість відвідати місце натхнення та сили - Сантяго де Компостело: 40€; іх бажаючих запрошуємо відвідати «Всі барви Португалії: Обідуш, Фатіма, Баталья»: 50€; Запрошуємо відвідати Синтра, мис Року, Кашкайш та мис Інферно: 68€; понуємо відвідати автобусну екскурсію з феєричними фотопаузами «Все про Лісабон»: 38€; По дорозі, при наявності часу «Місто — музей Евора»: 25€; У вільний час пропонуємо на вибір: «Толедо – місто трьох культур»: 38€; Національний музей Прадо: 38€; Запрошуємо відвідати «Колорит Франції – Аркашон та Дюна Піла »: 45€; Пропонуємо відвідати «Альпійську перлину — вершину Монблан»: 45€; У вільний час нас чекає «Рейнський водоспад та казковий Штайн-ам-Райн»: 48€; Для всіх бажаючих пропонуємо прогулянку по Влтаві: 40€; 99 років: 35€","06:30 - збір групи на з/д вокзалі м. Львів.
07:00 - виїзд зі Львова.
Перетин кордону.
Переїзд до Вроцлава.
Поселення в готель.
Ніч в готелі.
Сніданок.
Виселення з готелю.
Переїзд до Ротенберга.
Приїзд до Ротенбурга.
Переїзд по території Німеччини .
Переїзд та поселення в готель.
Ніч в готелі.
Сніданок.
Виселення з готелю.
Переїзд в столицю Швейцарії – місто Берн.
Переїзд в готель.
Ніч в готелі.
Сніданок.
Виселення з готелю.
Переїзд до Нарбонна.
Переїзд в готель.
Ніч в готелі.
Сніданок.
Виселення з готелю.
Переїзд до Біаріцу.
Переїзд в готель.
Ніч в готелі.
Сніданок.
Виселення з готелю.
Переїзд до Португалії.
Переїзд у друге за величиною місто в Португалії – Порту.
Поселення в готель.
Ніч в готелі.
Сніданок.
Виселення з готелю.
Переїзд до столиці Португалії — Лісабон.
Поселення в готель.
Ні",800
https://adriatic-travel.com.ua/tour/vikend-v-khorvatiyi-sontse-more-i-termaly,"«Вікенд в Хорватії - сонце, море і термали»",1,,,,0
https://adriatic-travel.com.ua/tour/vikend-v-khorvatiyi-sontse-more-i-termaly,"«Вікенд в Хорватії - сонце, море і термали»",2,,,,0
https://adriatic-travel.com.ua/tour/vikend-v-khorvatiyi-sontse-more-i-termaly,"«Вікенд в Хорватії - сонце, море і термали»",3,,,,0
https://adriatic-travel.com.ua/tour/vikend-v-khorvatiyi-sontse-more-i-termaly,"«Вікенд в Хорватії - сонце, море і термали»",4,По дорозі факультативно пропонуємо,ідвідування винних підвалів в Долині красунь з дегустацією вин і смачного гуляшу: 25€,"По дорозі факультативно пропонуємо
Після релаксу запрошуємо Вас на запашну угорську вечерю: гуляш і угорське вино.
Повернення до України.
Нічне прибуття до Львова (залежить від проходження кордону).
Угорщина - країна з багатою, унікальною історією. Розташована в самому центрі Європи.
Пропонуємо насолодитися та отримати релакс в Термальних купальнях Saliris Resort - Spa & Conference Hotel - Egerszalók – Угорське Памуккале (трансфер 11€ + вх. квиток). Чисте повітря, гарний ландшафт, сосновий ліс і великий комплекс з лікувальною водою. Егерсалок - це невелике курортне селище в 140 км від Будапешта. Сам комплекс був побудований у 2007 році на базі гарячого джерела, що б'є на поверхню з глибини 410 м. Температура води +68°C. Стікаючи вниз, вона створила соляні пагорби із-за чого термальні купал",800
https://adriatic-travel.com.ua/tour/adriatychni-prygody-lyublyana-zagreb-plitvitski-ozera-ta-krk,"«Адріатичні пригоди: Любляна, Загреб, Плітвіцькі озера та острів Крк»",1,,,,0
https://adriatic-travel.com.ua/tour/adriatychni-prygody-lyublyana-zagreb-plitvitski-ozera-ta-krk,"«Адріатичні пригоди: Любляна, Загреб, Плітвіцькі озера та острів Крк»",2,,,,0
https://adriatic-travel.com.ua/tour/adriatychni-prygody-lyublyana-zagreb-plitvitski-ozera-ta-krk,"«Адріатичні пригоди: Любляна, Загреб, Плітвіцькі озера та острів Крк»",3,,,,0
https://adriatic-travel.com.ua/tour/adriatychni-prygody-lyublyana-zagreb-plitvitski-ozera-ta-krk,"«Адріатичні пригоди: Любляна, Загреб, Плітвіцькі озера та острів Крк»",4,,,,0
https://adriatic-travel.com.ua/tour/adriatychni-prygody-lyublyana-zagreb-plitvitski-ozera-ta-krk,"«Адріатичні пригоди: Любляна, Загреб, Плітвіцькі озера та острів Крк»",5,Сніданок.,"При наявності вільного часу, пропонуємо: Дегустація молодого вина з гуляшем: 27€","Сніданок.
Виселення з готелю.
Переїзд до Львова.
Перетин кордону.
Нічне прибуття до Львова (залежить від проходження кордону).
Має право на безкоштовний тур;
Безкоштовно екскурсії на які йде вся її група;
Безкоштовно радіо гід і сіті такс;
Безкоштовне харчування те, яке має група в турі;
Має право на безкоштовний тур;
Безкоштовно екскурсії на які йде вся її група;
Безкоштовно радіо гід і сіті такс;
Безкоштовне харчування те, яке має група в турі;
При наявності вільного часу, пропонуємо: Дегустація молодого вина з гуляшем (27€). Єгер є одним з центрів угорського виноробства. Саме тут знаходиться один з найпопулярніших, серед українських туристів, об'єктів — Долина красунь (саме тут роблять, усім відоме червоне вино Egri bikavér, тобто «Егерська бича кров». Спробувати це вино, а також багато",800
https://adriatic-travel.com.ua/tour/solodkyy-tyzhden-frantsiya-ta-shveytsariya,«Солодкий тиждень - Франція та Швейцарія!»,1,,,,0
https://adriatic-travel.com.ua/tour/solodkyy-tyzhden-frantsiya-ta-shveytsariya,«Солодкий тиждень - Франція та Швейцарія!»,2,,,,0
https://adriatic-travel.com.ua/tour/solodkyy-tyzhden-frantsiya-ta-shveytsariya,«Солодкий тиждень - Франція та Швейцарія!»,3,,,,0
https://adriatic-travel.com.ua/tour/solodkyy-tyzhden-frantsiya-ta-shveytsariya,«Солодкий тиждень - Франція та Швейцарія!»,4,,,,0
https://adriatic-travel.com.ua/tour/solodkyy-tyzhden-frantsiya-ta-shveytsariya,«Солодкий тиждень - Франція та Швейцарія!»,5,,,,0
https://adriatic-travel.com.ua/tour/solodkyy-tyzhden-frantsiya-ta-shveytsariya,«Солодкий тиждень - Франція та Швейцарія!»,6,,,,0
https://adriatic-travel.com.ua/tour/solodkyy-tyzhden-frantsiya-ta-shveytsariya,«Солодкий тиждень - Франція та Швейцарія!»,7,Сніданок.,У вільний час пропонуємо факультативні екскурсії: Прогулянка по Влтаві: 40€; Королівська Прага: Градчани та Празький Град: 19€; 99 років: 35€; 99 років: 15€,"Сніданок.
Виселення з готелю (Пересування по місту на громадському транспорті за власні кошти).
Переїзд до України.
Перетин кордону.
Нічне прибуття до Львова (залежно від кордону).
Має право на безкоштовний тур;
Безкоштовно екскурсії на які йде вся її група;
Безкоштовно радіо гід і сіті такс;
Безкоштовне харчування те, яке має група в турі;
Оглядова екскурсія по Празі «Старе місто» (у вартості туру). Вацлавська площа, собор Марії Сніжної, Порохова вежа, Муніципальний дім, костел святого Якуба, Староміська площа з відомими курантами, єврейське місто, а також Клементиум — колишнє місто єзуїтів. Вільний час. У вільний час пропонуємо факультативні екскурсії: Прогулянка по Влтаві (дор. - 40€, діти до 13.99 років - 35€). Після прогулянок по історичній Празі ми прийдемо до берега Влтави, де Вас ч",800
https://adriatic-travel.com.ua/tour/paryzh-zapalyue-sertsya-myunhen-drezden-praga-ta-disneylend,"«Париж, запалює серця! Діснейленд, Дрезден, Зальцбург та Зальцкаммергут (Гальштат)»",1,,,,0
https://adriatic-travel.com.ua/tour/paryzh-zapalyue-sertsya-myunhen-drezden-praga-ta-disneylend,"«Париж, запалює серця! Діснейленд, Дрезден, Зальцбург та Зальцкаммергут (Гальштат)»",2,,,,0
https://adriatic-travel.com.ua/tour/paryzh-zapalyue-sertsya-myunhen-drezden-praga-ta-disneylend,"«Париж, запалює серця! Діснейленд, Дрезден, Зальцбург та Зальцкаммергут (Гальштат)»",3,,,,0
https://adriatic-travel.com.ua/tour/paryzh-zapalyue-sertsya-myunhen-drezden-praga-ta-disneylend,"«Париж, запалює серця! Діснейленд, Дрезден, Зальцбург та Зальцкаммергут (Гальштат)»",4,"Сніданок у готелі. Сьогодні снідаємо як справжні парижани: кава, круасан і... «французький мінімаліз","«Романтика Нормандії: Етрета, Ла-Манш та середньовічний Руан»: 68€; «Світ мрії — Діснейленд !» та легендарне нічне шоу Disney Tales of Magic: 26€; 99 років: 25€; 48€, діти: 48€; 99 років: 18€; Особлива локація - це Сад емоцій (оплачується додатково: 14€","Сніданок у готелі. Сьогодні снідаємо як справжні парижани: кава, круасан і... «французький мінімалізм». Місцеві впевнені, що ранок має бути легким, тому що справжній гастрономічний розгул чекає на вас у місцевих майстрів французької кухні в обід та вечором!
Виселення з готелю (Сьогодні ми уже як справжні місцеві, тому розвиваємо свої навички пересування громадським транспортом, квитки за власний кошт).
Вільний день в Парижі.
Щоб зробити цей день ще яскравішим, пропонуємо додати до вашої колекції вражень: Автобусна екскурсія « Бонжур , Париж» ( дор . - 35€, діти до 13.99 років - 25€) . Подорож Парижем по маршруту, де кожен куточок — це чиста естетика: від розкішних палаців та інтриг Будинку Інвалідів до аристократичної прогулянки Люксембурзьким садом. Головний хайлайт чекає на нас на Марсов",800
https://adriatic-travel.com.ua/tour/chudesa-shveytsarii-grindelvald-brients-tsyuryh-lyutsern-verzask,"«Чудеса Швейцарії: Гріндельвальд, Бріенц, Цюрих, Люцерн, Верзаска та Лугано»",1,,,,0
https://adriatic-travel.com.ua/tour/chudesa-shveytsarii-grindelvald-brients-tsyuryh-lyutsern-verzask,"«Чудеса Швейцарії: Гріндельвальд, Бріенц, Цюрих, Люцерн, Верзаска та Лугано»",2,,,,0
https://adriatic-travel.com.ua/tour/chudesa-shveytsarii-grindelvald-brients-tsyuryh-lyutsern-verzask,"«Чудеса Швейцарії: Гріндельвальд, Бріенц, Цюрих, Люцерн, Верзаска та Лугано»",3,,,,0
https://adriatic-travel.com.ua/tour/chudesa-shveytsarii-grindelvald-brients-tsyuryh-lyutsern-verzask,"«Чудеса Швейцарії: Гріндельвальд, Бріенц, Цюрих, Люцерн, Верзаска та Лугано»",4,,,,0
https://adriatic-travel.com.ua/tour/chudesa-shveytsarii-grindelvald-brients-tsyuryh-lyutsern-verzask,"«Чудеса Швейцарії: Гріндельвальд, Бріенц, Цюрих, Люцерн, Верзаска та Лугано»",5,,,,0
https://adriatic-travel.com.ua/tour/chudesa-shveytsarii-grindelvald-brients-tsyuryh-lyutsern-verzask,"«Чудеса Швейцарії: Гріндельвальд, Бріенц, Цюрих, Люцерн, Верзаска та Лугано»",6,Сніданок.,У вільний час пропонуємо відвідати на вибір: «Диво Чехії — Моравський Крас»: 20€; Мармуровий Ледніцький замок: 20€,"Сніданок.
Виселення з готелю.
Переїзд до території Польщі.
Перетин кордону.
Нічне прибуття до Львова.
Має право на безкоштовний тур;
Безкоштовно екскурсії на які йде вся її група;
Безкоштовно радіо гід і сіті такс;
Безкоштовне харчування те, яке має група в турі;
Має право на безкоштовний тур;
Безкоштовно екскурсії на які йде вся її група;
Безкоштовно радіо гід і сіті такс;
Безкоштовне харчування те, яке має група в турі;
Оглядова екскурсія «Малий Відень - м. Брно» (у вартості туру). Брно, друге за величиною місто країни називали ""чеським Манчестером” та ""малим Віднем"". Одну будівлю міста, віллу сім’ї Туґендгат з 1930 року, записано в ЮНЕСКО. Її архітектура та технічне забезпечення випередили на пів століття сучасні архітектурні тенденції. Над панорамою міста домінують храм Петра і Павла і",800
https://adriatic-travel.com.ua/tour/kohannya-v-loret-de-mar-5-nochey-na-mori,«Кохання в Льорет-де-Мар (5 ночей на морі)»,1,,,,0
https://adriatic-travel.com.ua/tour/kohannya-v-loret-de-mar-5-nochey-na-mori,«Кохання в Льорет-де-Мар (5 ночей на морі)»,2,Сніданок.,"Пропонуємо відвідати «Баварське місто Ротенберг-на-Таубер»: 38€; Або «Баварську казку — місто Бамберг»: 38€; У вільний час рекомендуємо відвідати «Курортне містечко Інтерлакен »: 48€; Запрошуємо на екскурсію по Авіньйону: 25€; лавандових полях в абатстві Нотр-Дам де Сенанк (кінець червня — середина липня): 55€; ідати столицю неповторної Каталонії — одне з найкрасивіших міст світу, Барселону: 45€; У Барселоні факультативно пропонуємо: Екскурсію «Гауді і його творіння»: 38€; Екскурсію по Готичному кварталу Барселони: 25€; «Таємниці Барселони»: 33€; Вечірня екскурсія по Барселоні: 30€; екскурсії на вибір: Рекомендуємо екскурсію - «Святиня Іспанії — гора Монсеррат»: 46€; «Палкий фламенко»: 55€; У вільний час пропонуємо: «Князівство Андорра»: 55€; У вільний час пропонуємо: Казкове містечко Тосса-де-Мар: 25€; Кадакес + Фігерас + екскурсія в музей Далі»: 55€; «Фігерас + екскурсія в музей Далі»: 35€; ьний час пропонуємо екскурсію «Монако — центр світського життя Лазурного Берега»: 45€; Лугано»: 50€; «Бергамо, місто прекрасне!»: 40€; Відправлення на кораблику до Венеції + в'їзд в туристичну зону: 35€; ативні екскурсії на вибір: Пропонуємо здійснити романтичну прогулянку на гондолі: 29€; Острови лагуни — кольорова Венеція!: 49€; Екскурсія по Гранд-Каналу — головній вулиці Венеції: 38€; Відвідування з гідом Палацу Дожів: 19€; ідвідування винних підвалів в Долині красунь з дегустацією вин і смачного гуляшу: 27€; 99 років: 28€; 99 років: 45€; 99 років: 25€; 99 років: 30€","Сніданок.
Виселення з готелю.
Переїзди до Нюрнберга.
Переїзд по території Німеччини.
Поселення в транзитний готель.
Ніч в готелі.
Сніданок.
Виселення з готелю.
Переїзд до Берна.
Переїзд в транзитний готель.
Ніч в готелі.
Сніданок.
Виселення з готелю.
Переїзд на курорт Льорет-де-Мар.
Поселення в готель.
Вечеря.
Відпочинок на морі.
Ніч в готелі.
Сніданок.
Вільний день на морі .
Вечеря.
Ніч в готелі.
Сніданок.
Вільний день на морі .
Вечеря.
Ніч в готелі.
Сніданок.
Вільний день на морі .
Вечеря.
Ніч в готелі.
Сніданок.
Вільний день на морі .
Вечеря.
Ніч в готелі.
Ланч - бокс.
Ранкове виселення з готелю.
Переїзд до Ніцци.
Переїзд та поселення в готель.
Ніч в готелі.
Сніданок.
Виселення з готелю.
Переїзд до Мілана.
Поселення в готель.
Ніч в готелі.
Сніданок.
Виселення з готелю.
Переїзд до Венеці",800
https://adriatic-travel.com.ua/tour/pivdenna-krasunya-krasunya-ispaniya,"«Південна красуня, красуня Іспанія»",1,07:00 - збір групи на ж/д вокзалі м. Львів (платна стоянка з правої сторони від центрального входу у,При швидкому переходжені кордону пропонуємо прогулянка по Дунаю на кораблику: 30€; Пропонуємо екскурсію в Трієст: 35€; Факультативно в Трієстрі пропонуємо: Екскурсія до Замку Мірамаре: 20€; Падуя: 25€; Сан-Ремо: 45€; льтативні екскурсії на вибір: «Монако - центр світського життя Лазурного Берега»: 45€; мо факультативні екскурсії на вибір: Кадакес + Фігерас + екскурсія в музей Далі»: 45€; Факультативно пропонуємо екскурсію в казкове містечко Тосса - де Мар: 25€; У вільний час пропонуємо факультативні екскурсії на вибір: «Палкий фламенко»: 55€; ть!!! Запрошуємо Вас провести незабутній час на екскурсії в «Князівство Андорра»: 55€; й час пропонуємо факультативні екскурсії у Барселоні: Запрошуємо Вас у Барселону: 40€; В Барселоні факультативно пропонуємо: Гауді і його творіння: 28€; Екскурсію по Готичному кварталу Барселони: 21€; Таємниці Барселони: 25€; Вечірня екскурсія по Барселоні: 30€; пропонуємо факультативні екскурсії на вибір: «Святиня Іспанії - гора Монсеррат»: 46€; Трансфер до парку розваг Порт-Авентура в Іспанії: 46€; Подорозі факультативно пропонуємо зупинку на ексркусію по м Арль: 25€; Факультативно пропонуємо екскурсію в Венеції: 40€; ативні екскурсії на вибір: Пропонуємо здійснити романтичну прогулянку на гондолі: 29€; Острови лагуни - кольорова Венеція!: 49€; Екскурсія по Гранд-Каналу - головній вулиці Венеції: 38€; Відвідування з гідом Палацу Дожів: 19€; ідвідування винних підвалів в Долині красунь з дегустацією вин і смачного гуляшу: 25€; 99 років: 26€; 99 років: 15€; 99 років: 35€; 99 років: 25€; 99 років: 45€; 99 років: 36€,"07:00 - збір групи на ж/д вокзалі м. Львів (платна стоянка з правої сторони від центрального входу у вокзал).
07:30 - виїзд зі Львова.
Можливо приєднатися до туру в містах: Стрий, Мукачево , Ужгород .
Перетин кордону.
Нічний переїзд до Італії.
Прибуття до Італії, курорт Ліньяно-Сабб'ядоро.
Ніч в готелі.
Сніданок.
Виселення з готелю.
Переїзд до Ніцци.
Відпочинок на морі.
Переїзд та поселення в готель.
Ніч в готелі.
Сніданок.
Виселення з готелю.
Переїзд на курорт Коста - Брава
Поселення в готель.
Відпочинок на морі.
Вечеря.
Ніч в готелі.
Сніданок.
Відпочинок на морі.
Вечеря.
Ніч в готелі.
Сніданок.
Вечеря.
Ніч в готелі.
Сніданок.
Відпочинок на морі.
Вечеря.
Ніч в готелі.
Сніданок.
Виселення з готелю.
Після обіду збір групи та нічний переїзд в Лідо ді Єзоло.
Приїзд до Італії, відпочинок на мо",800
https://adriatic-travel.com.ua/tour/idealne-lito-v-ispanii-5-nochey-na-mori#about_tour,«Ідеальне літо в Іспанії (5 ночей на морі)»,1,07:00 - збір групи на ж/д вокзалі м. Львів (платна стоянка з правої сторони від центрального входу у,При швидкому переходжені кордону пропонуємо прогулянка по Дунаю на кораблику: 30€; Пропонуємо екскурсію в Трієст: 35€; Факультативно в Трієстрі пропонуємо: Екскурсія до Замку Мірамаре: 20€; Падуя: 25€; Сан-Ремо: 45€; льтативні екскурсії на вибір: «Монако - центр світського життя Лазурного Берега»: 45€; Запрошуємо Вас провести незабутній час на екскурсії в «Князівство Андорра»: 55€; мо факультативні екскурсії на вибір: Кадакес + Фігерас + екскурсія в музей Далі»: 55€; «Палкий фламенко»: 55€; Факультативно пропонуємо: Екскурсію в казкове містечко Тосса-де-Мар: 25€; Трансфе до парку розваг Порт-Авентура в Іспанії: 46€; й час пропонуємо факультативні екскурсії у Барселоні: Запрошуємо Вас у Барселону: 40€; В Барселоні факультативно пропонуємо: Гауді і його творіння: 28€; Екскурсію по Готичному кварталу Барселони: 21€; Таємниці Барселони: 25€; Вечірня екскурсія по Барселоні: 30€; пропонуємо факультативні екскурсії на вибір: «Святиня Іспанії - гора Монсеррат»: 46€; Подорозі факультативно пропонуємо зупинку на ексркусію по м Арль: 25€; Факультативно пропонуємо екскурсію в Венеції: 40€; ативні екскурсії на вибір: Пропонуємо здійснити романтичну прогулянку на гондолі: 29€; Острови лагуни - кольорова Венеція!: 49€; Екскурсія по Гранд-Каналу - головній вулиці Венеції: 38€; Відвідування з гідом Палацу Дожів: 19€; ідвідування винних підвалів в Долині красунь з дегустацією вин і смачного гуляшу: 25€; 99 років: 26€; 99 років: 15€; 99 років: 35€; 99 років: 45€; 99 років: 36€; 99 років: 25€,"07:00 - збір групи на ж/д вокзалі м. Львів (платна стоянка з правої сторони від центрального входу у вокзал).
07:30 - виїзд зі Львова.
Можливо приєднатися до туру в містах: Стрий, Мукачево, Ужгород.
Перетин кордону.
Нічний переїзд до Італії.
Прибуття до Італії, курорт Ліньяно-Сабб'ядоро.
Збір групи, переїзд в готель.
Переїзд та поселення в готель .
Ніч в готелі.
Сніданок.
Виселення з готелю.
Переїзд до Ніцци.
Відпочинок на морі.
Переїзд та поселення в готель.
Ніч в готелі.
Сніданок.
Виселення з готелю.
Переїзд на курорт Коста-Брава
Поселення в готель.
Відпочинок на морі.
Вечеря.
Ніч в готелі.
Сніданок.
Відпочинок на морі.
Вечеря.
Ніч в готелі.
Сніданок.
Відпочинок на морі.
Вечеря.
Ніч в готелі.
Сніданок.
Вечеря.
Ніч в готелі.
Сніданок.
Відпочинок на морі.
Вечеря.
Ніч в готелі.
Сніданок.
Ви",800
https://adriatic-travel.com.ua/tour/bazhannya-dam-amsterdam-3-dni-v-amsterdami-park-kekenhof,«Бажання дам - Амстердам! 3 дні в Амстердамі + парк Кекенхоф»,1,06:00 - збір групи на з/д вокзалі м. Львів (платна стоянка з правої сторони від центрального входу у,"Роттердам – місто Манхеттен: 18€; «Голландію в мініатюрі – парк Мадуродам»: 13€; ри бажанні всієї групи, пропонуємо фотопаузу у неймовірній Саксонській Швейцарії: 25€; ати батьківщину великого композитора Йоганна Себастьяна Баха «Таємничий Айзенах»: 30€; вільний час пропонуємо відвідати: Прогулянка на кораблику по каналах Амстердаму: 23€; «Голландський фольклор Заанс Сханс та Волендам»: 38€; ий копчений вугор, приготованого за старовинними рецептами! «Вечірній Амстердам»: 25€; «Міста казки – Делфт + Гаага»: 38€; Рейксмузеум або Національна галерея: 23€; Запрошуємо відвідати екскурсії: «Гітхорн — голландська Венеція»: 45€; «Казкова Бельгія: Брюссель та північна Венеція — Брюгге»: 68€; «Місто музеїв — Лейден та музей ""Corpus""»: 33€; Парк атракціонів Efteling: 26€; на пошуки гномів! У вільний час пропонуємо: «Тумський острів – серце Вроцлава» -: 18€; 99 років: 20€; 23€; діти: 19€","06:00 - збір групи на з/д вокзалі м. Львів (платна стоянка з правої сторони від центрального входу у вокзал).
06:40 - в иїзд зі Львова.
Перетин кордону.
Переїзд та поселення в готель.
Ніч в готелі.
Сніданок.
Виселення з готелю.
Переїзд до Німеччини.
Переїзд до мальовничого містечка Ерфурт, історія якого починається півтори тисячі років назад.
Поселення в готель.
Ніч в готелі.
Сніданок.
Виселення з готелю.
Переїзд до Амстердама .
Ніч в готелі.
Сніданок.
Роттердам – місто Манхеттен (дор. 18€/ дит. 10€). Дивовижна архітектура, будинки-кубики та будинки-арки; плавучі та вертикальні ферми; парки на дахах; будинки з садами, де панує вічне літо; найбільший у світі робот; шкіряні вироби з апельсинової шкірки; безпілотні автобуси, водоплавні дрони-інспектори та прибиральники, автобуси-амфібії і нав",800
https://adriatic-travel.com.ua/tour/alpiyski-chary-avstriya-shveytsariya-ta-italiya,"«Альпійські чари: Швейцарія, Австрія та Доломітові Альпи»",1,,,,0
https://adriatic-travel.com.ua/tour/alpiyski-chary-avstriya-shveytsariya-ta-italiya,"«Альпійські чари: Швейцарія, Австрія та Доломітові Альпи»",2,,,,0
https://adriatic-travel.com.ua/tour/alpiyski-chary-avstriya-shveytsariya-ta-italiya,"«Альпійські чари: Швейцарія, Австрія та Доломітові Альпи»",3,,,,0
https://adriatic-travel.com.ua/tour/alpiyski-chary-avstriya-shveytsariya-ta-italiya,"«Альпійські чари: Швейцарія, Австрія та Доломітові Альпи»",4,,,,0
https://adriatic-travel.com.ua/tour/alpiyski-chary-avstriya-shveytsariya-ta-italiya,"«Альпійські чари: Швейцарія, Австрія та Доломітові Альпи»",5,,,,0
https://adriatic-travel.com.ua/tour/alpiyski-chary-avstriya-shveytsariya-ta-italiya,"«Альпійські чари: Швейцарія, Австрія та Доломітові Альпи»",6,Сніданок та в иселення з готелю.,"99 років: 15€; , трансфер в центр міста: 15€","Сніданок та в иселення з готелю.
Якщо у вас буде вільна година, не просто пийте каву, а замовте «Меланж» (Melange) — це справжня візитівка Відня. А до нього — шматочок торта «Захер» або теплий яблучний штрудель із ванільним соусом. Це той самий смак, який ви будете згадувати у Львові.
Відень — рай для ласунів. Зацукровані пелюстки фіалок (улюблені ласощі імператриці Сісі) стануть ідеальним подарунком, який точно довезете додому.
Попереду тривалий переїзд та кордон. Подбайте про те, щоб у салоні автобуса у вас була вода, легкий перекус — це зробить дорогу додому максимально комфортною.
Переїзд до України. Вмощуємося зручніше в нашому лайнері. Це той самий магічний час, коли в автобусі починається «великий обмін»: хтось ділиться враженнями, хтось — смаколиками, а хтось уже монтує свій найкра",800
https://adriatic-travel.com.ua/tour/yakshcho-na-zemli-ye-ray-to-tse-shveytsariya,"«Якщо на землі є рай, то це Швейцарія!»",1,07:00 - збір групи на з/д вокзалі м. Львова (платна стоянка з правої сторони від центрального входу ,"льтативні екскурсії на вибір: «Рай на землі - екскурсія на озера Зальцкаммергут»: 45€; розі, при наявності часу, пропонуємо відвідати «Крихітне князівство Ліхтенштейн»: 20€; вільний час пропонуємо факультативні екскурсії: «Люцерн - Швейцарія в мініатюрі»: 38€; «Рейнський водоспад - природна перлина Швейцарії»: 38€; По дорозі, пропонуємо відвідати легендарний «Лебединий замок Нойшванштайн»: 20€; У вільний час пропонуємо факультативні екскурсії на вибір: На прийом до короля: 18€; Скарбниця династії Віттельсбахів: 18€; Автобусна гранд-екскурсія по Мюнхену: 25€; «Мюнхен - пивна столиця»: 33€; По дорозі, запрошуємо відвідати на вибір: «Розкішний Відень»: 25€; Брно»: 19€; 99 років: 35€; 99 років: 33€; 99 років: 28€","07:00 - збір групи на з/д вокзалі м. Львова (платна стоянка з правої сторони від центрального входу у вокзал).
07:30 - виїзд із Львова.
Перетин кордону.
Переїзд в Краків.
Переїзд та поселення в готель.
Ніч в готелі.
Сніданок.
Виселення з готелю.
Переїзд до Зальцбурга.
Переїзд по території Австрії.
Поселення в готель.
Ніч в готелі.
Сніданок.
Переїзд до Цюриха.
Прибуття до Цюриха.
Повернення в готель.
Ніч в готелі.
Сніданок.
Переїзд до Мюнхена.
Прибуття до Мюнхена.
Пізній виїзд з Мюнхена.
Нічний переїзд до України.
Переїзд по території Австрії, Чехії та Польщі.
Переїзд до України.
Перетин кордону.
Нічне прибуття до Львова (в залежності від кордону).
Має право на безкоштовний тур;
Безкоштовно екскурсії на які йде вся її група;
Безкоштовно радіо гід і сіті такс;
Безкоштовне харчування те, яке ",800
https://adriatic-travel.com.ua/tour/khorvatiya-myt-nasolody-ostriv-khvar,«Хорватія... Мить насолоди. Острів Хвар»,1,,,,0
https://adriatic-travel.com.ua/tour/khorvatiya-myt-nasolody-ostriv-khvar,«Хорватія... Мить насолоди. Острів Хвар»,2,,,,0
https://adriatic-travel.com.ua/tour/khorvatiya-myt-nasolody-ostriv-khvar,«Хорватія... Мить насолоди. Острів Хвар»,3,,,,0
https://adriatic-travel.com.ua/tour/khorvatiya-myt-nasolody-ostriv-khvar,«Хорватія... Мить насолоди. Острів Хвар»,4,,,,0
https://adriatic-travel.com.ua/tour/khorvatiya-myt-nasolody-ostriv-khvar,«Хорватія... Мить насолоди. Острів Хвар»,5,,,,0
https://adriatic-travel.com.ua/tour/khorvatiya-myt-nasolody-ostriv-khvar,«Хорватія... Мить насолоди. Острів Хвар»,6,,,,0
https://adriatic-travel.com.ua/tour/khorvatiya-myt-nasolody-ostriv-khvar,«Хорватія... Мить насолоди. Острів Хвар»,7,,,,0
https://adriatic-travel.com.ua/tour/khorvatiya-myt-nasolody-ostriv-khvar,«Хорватія... Мить насолоди. Острів Хвар»,8,,,,0
https://adriatic-travel.com.ua/tour/khorvatiya-myt-nasolody-ostriv-khvar,«Хорватія... Мить насолоди. Острів Хвар»,9,,,,0
https://adriatic-travel.com.ua/tour/khorvatiya-myt-nasolody-ostriv-khvar,«Хорватія... Мить насолоди. Острів Хвар»,10,Перетин кордону.,,"Перетин кордону.
Можлива висадка по маршруту: Ужгород, Мукачево, Стрий.
Вечірній приїзд до Львова (залежить від проходження кордону).
Увага! Умови для груп в автобусних турах з відпочинком на морі обговорюються під запит! Запити відправляти на емейл: [email protected]
Бронюйте місця в турі за найвигіднішою ціною зазаделегідь по акції ""Раннє бронювання""
Акція ""Раннє бронювання"" - можливість забронювати туристичні послуги за найнижчою вартістю! Акція ""раннього броювання"" на автобусні тури з відпочинком на морі проходить з 1 січня по 30 квітня. Саме в цей період для вас доступні до бронювання найбільша кількість варіантів вдпочинку та найбільший вибір місць в автобусі.
Детальні умови акції ""Раннє бронювання"" дивіться тут .",729
https://adriatic-travel.com.ua/tour/amsterdam-vid-a-do-m-abo-4-dni-v-niderlandah-park-kekenhof,"«Амстердам від ""А"" до ""М"" або 4 дні в Нідерландах + парк Кекенхоф»",1,06:00 - збір групи на з/д вокзалі м. Львів (платна стоянка з правої сторони від центрального входу у,"У вільний час пропонуємо відвідати Старовинний Целле: 25€; ажанням всієї групи, пропонуємо пройти Слідами казки, та відвідати місто Хамельн: 25€; ільний час пропонуємо відвідати: «Голландський фольклор Заанс Сханс та Волендам»: 35€; ий копчений вугор, приготованого за старовинними рецептами! «Вечірній Амстердам»: 20€; «Міста казки – Делфт + Гаага»: 38€; ід час екскурсії (!) додатково пропонуємо відвідати: Роттердам – місто Манхеттен: 18€; Рейксмузеум або Національна галерея: 23€; «Голландію в мініатюрі – парк Мадуродам»: 10€; скурсії на вибір: «Казкова Бельгія: Брюссель, Гент та північна Венеція — Брюгге»: 68€; Парк атракціонів Efteling: 23€; Запрошуємо відвідати екскурсії: «Гітхорн — голландська Венеція»: 45€; «Місто музеїв — Лейден та музей ""Corpus""»: 33€; Парк атракціонів Efteling: 26€; на пошуки гномів! У вільний час пропонуємо: «Тумський острів – серце Вроцлава» -: 18€; 23€; діти: 19€","06:00 - збір групи на з/д вокзалі м. Львів (платна стоянка з правої сторони від центрального входу у вокзал).
06:40 - в иїзд зі Львова.
Перетин кордону.
Переїзд та поселення в готель.
Ніч в готелі.
Сніданок.
Виселення з готелю.
Переїзд до Ганновера.
Переїзд в готель.
Поселення в готель.
Ніч в готелі.
Сніданок.
Виселення з готелю.
Переїзд до Амстердама .
Ніч в готелі.
Сніданок.
Ніч в готелі .
Сніданок.
Ніч в готелі .
Сніданок .
Виселення з готелю.
Нічний переїзд до Вроцлава.
Переїзд до Вроцлава .
Переїзд до Львова .
Перетин кордону.
Нічне прибуття до Львова (залежить від проходження кордону).
Має право на безкоштовний тур;
Безкоштовно екскурсії на які йде вся її група;
Безкоштовно радіо гід і сіті такс;
Безкоштовне харчування те, яке має група в турі;
При наявності часу, пропонуємо прогулян",800
https://adriatic-travel.com.ua/tour/vyshche-hmar-shveytsariya-abo-tam-de-litae-santa,«Вище хмар - Швейцарія…»,1,06:00 - збір групи на з/д вокзалі м. Львова (платна стоянка з правої сторони від центрального входу ,"Пропонуємо оглядову екскурсію по місту Краків: 15€; По дорозі, пропонуємо відвідати «Баварське місто Ротенберг-на-Таубер»: 30€; По дорозі, пропонуємо відвідати неперевершений «Замок в хмарах - Гогенцоллерн»: 25€; нуємо факультативні екскурсії: «Рейнський водоспад - природна перлина Швейцарії»: 38€; «Штайн-ам-Райн - казкове місто із картинки»: 25€; Запрошуємо на екскурсію «Швейцарська Рів'єра та Грюйєр»: 68€; олина Лаутербруннен, водоспади Штауббах та Трюммельбах, Мюррен та Гріндельвальд»: 88€; У вільний час пропонуємо відвідати Родзинку Швейцарії – гору Пілатус: 43€; По дорозі є можливість відвідати «Крихітне князівство Ліхтенштейн»: 19€; ий час запрошуємо поринути у красу «Най - Най – Най Льодовика Австрії – Пітцаль»: 38€; По дорозі, пропонуємо відвідати Кришталевий світ Сваровскі: 18€; Всіх бажаючих запрошуємо відвідати: «Диво Чехії - Моравський Крас»: 25€","06:00 - збір групи на з/д вокзалі м. Львова (платна стоянка з правої сторони від центрального входу у вокзал).
06:30 - виїзд із Львова.
Перетин кордону.
Переїзд по території Польщі.
Переїзд та поселення в готель.
Ніч в готелі.
Сніданок.
Виселення з готелю.
Переїзд до Нюрнберга.
Переїзд та п оселення в готель.
Ніч в готелі.
Сніданок.
Виселення з готелю.
Переїзд до Цюриха.
Прибуття до Цюриха.
Переїзд та п оселення в готель.
Ніч в готелі.
Сніданок.
Виселення з готелю.
Переїзд у столицю Швейцарії – Берн.
Переїзд та поселення в готель.
Ніч в готелі.
Сніданок.
Виселення з готелю.
Вільний день в Берні.
Переїзд та поселення в готель.
Ніч в готелі.
Сніданок.
Виселення з готелю.
Переїзд до Люцерна.
Переїзд до Австрії.
Поселення в готель.
Ніч в готелі.
Сніданок.
Виселення з готелю.
Переїзд до Інсбрук",800
https://adriatic-travel.com.ua/tour/krayina-hir-i-morya-moya-chornohoriya,«Країна гір і моря... Моя Чорногорія»,1,,,,0
https://adriatic-travel.com.ua/tour/krayina-hir-i-morya-moya-chornohoriya,«Країна гір і моря... Моя Чорногорія»,2,,,,0
https://adriatic-travel.com.ua/tour/krayina-hir-i-morya-moya-chornohoriya,«Країна гір і моря... Моя Чорногорія»,3,,,,0
https://adriatic-travel.com.ua/tour/krayina-hir-i-morya-moya-chornohoriya,«Країна гір і моря... Моя Чорногорія»,4,,,,0
https://adriatic-travel.com.ua/tour/krayina-hir-i-morya-moya-chornohoriya,«Країна гір і моря... Моя Чорногорія»,5,,,,0
https://adriatic-travel.com.ua/tour/krayina-hir-i-morya-moya-chornohoriya,«Країна гір і моря... Моя Чорногорія»,6,,,,0
https://adriatic-travel.com.ua/tour/krayina-hir-i-morya-moya-chornohoriya,«Країна гір і моря... Моя Чорногорія»,7,,,,0
https://adriatic-travel.com.ua/tour/krayina-hir-i-morya-moya-chornohoriya,«Країна гір і моря... Моя Чорногорія»,8,Перетин кордону.,,"Перетин кордону.
Вечірнє прибуття до Львова (орієнтовний час прибуття залежить від проходження кордону) .
Увага! Умови для груп в автобусних турах з відпочинком на морі обговорюються під запит! Запити відправляти на емейл: [email protected]",240
https://adriatic-travel.com.ua/tour/kazkovi-try-dni-na-lazurnomu-berezi,"«Казкові три дні на Лазурному березі! Ніцца, Канни та Монако»",1,06:30 - збір групи на ж/д вокзалі м. Львів (платна стоянка з правої сторони від центрального входу у,У вільний час пропонуємо « Прогулянку по Влтаві»: 40€; По дорозі запрошуємо відкрити для себе «Регенсбурзьку казку»: 25€; Запрошуємо на екскурсію «Кращі курорти та містечка Французької Рів'єри»: 45€; Пропонуємо провести «Чудовий день в Провансі!»: 55€; ати неймовірні локації «Яскраве поєднання: Дольчеаква та Ментон» лимоновий рай»!: 36€; У другій половині дня запрошуємо «На побачення з Монако та Монте — Карло»: 45€; У вільний час пропонуємо екскурсію до Замку Мірамаре: 28€; Запрошуємо на екскурсію «Розкішний Відень»: 20€; Пропонуємо оглядову екскурсію по місту Краків (екскурсія з гідом: 16€; 99 років: 35€; 99 років: 45€; 99 років: 26€; 99 років: 20€; 99 років: 10€,"06:30 - збір групи на ж/д вокзалі м. Львів (платна стоянка з правої сторони від центрального входу у вокзал).
07:00 - виїзд до Польщі.
Перетин кордону.
Переїзд по території Польщі.
Переїзд та поселення в готель.
Ніч в готелі.
Сніданок.
Виселення з готелю (пересування по місту на громадському транспорті за власні кошти) .
Нічний переїзд до Ніцци .
Ранкове прибуття на Лазурне узбережжя .
Приїзд до Ніцци.
Поселення в готель.
Вільний час для купання та відпочинку.
Ніч в готелі.
Сніданок.
Вільний день та відпочинок на Лазурному узбережжі.
Повернення в готель.
Ніч в готелі.
Сніданок.
Вільний день та відпочинок на Лазурному узбережжі.
Нічний переїзд у Трієст .
Приїзд в Італію.
Поселення готель.
Ніч в готелі.
Сніданок.
Виселення з готелю.
Переїзд по території Австрії, Чехії та Польщі.
Перетин корд",800
https://adriatic-travel.com.ua/tour/kanikuly-v-frantsii,«Канікули у Франції! Парки розваг + Нормандія!»,1,,,,0
https://adriatic-travel.com.ua/tour/kanikuly-v-frantsii,«Канікули у Франції! Парки розваг + Нормандія!»,2,,,,0
https://adriatic-travel.com.ua/tour/kanikuly-v-frantsii,«Канікули у Франції! Парки розваг + Нормандія!»,3,,,,0
https://adriatic-travel.com.ua/tour/kanikuly-v-frantsii,«Канікули у Франції! Парки розваг + Нормандія!»,4,,,,0
https://adriatic-travel.com.ua/tour/kanikuly-v-frantsii,«Канікули у Франції! Парки розваг + Нормандія!»,5,,,,0
https://adriatic-travel.com.ua/tour/kanikuly-v-frantsii,«Канікули у Франції! Парки розваг + Нормандія!»,6,,,,0
https://adriatic-travel.com.ua/tour/kanikuly-v-frantsii,«Канікули у Франції! Парки розваг + Нормандія!»,7,Сніданок.,У вільний час пропонуємо екскурсії: Королівська Прага: Градчани та Празький Град: 19€; Прогулянка по Влтаві: 40€; 99 років: 10€; 99 років: 35€,"Сніданок.
Виселення з готелю (пересування по місту на громадському транспорті за власні кошти).
Переїзд територією Польщі.
Перетин кордону.
Нічне прибуття до Львова (в залежності від проходження кордону).
Має право на безкоштовний тур;
Безкоштовно екскурсії на які йде вся її група;
Безкоштовно радіо гід і сіті такс;
Безкоштовне харчування те, яке має група в турі;
Оглядова екскурсія «Вуличками Старого міста» (у вартості туру). Ця екскурсія дозволить Вам в короткий час ознайомитися з історичними районами Праги та її чудовими пам'ятками архітектури. Ви пройдете лабіринтами вуличок Старого міста, і побуваєте в найкрасивіших місцях міста: на Вацлавській і Староміській площах, на Карловому мості. Ви побачите знаменитий Орлой - празькі куранти, Тинський собор, будинок, де народився письменник Фр",800
https://adriatic-travel.com.ua/tour/vitayu-montenegro,"«Вітаю, Montenegro!»",1,,,,0
https://adriatic-travel.com.ua/tour/vitayu-montenegro,"«Вітаю, Montenegro!»",2,,,,0
https://adriatic-travel.com.ua/tour/vitayu-montenegro,"«Вітаю, Montenegro!»",3,,,,0
https://adriatic-travel.com.ua/tour/vitayu-montenegro,"«Вітаю, Montenegro!»",4,,,,0
https://adriatic-travel.com.ua/tour/vitayu-montenegro,"«Вітаю, Montenegro!»",5,,,,0
https://adriatic-travel.com.ua/tour/vitayu-montenegro,"«Вітаю, Montenegro!»",6,,,,0
https://adriatic-travel.com.ua/tour/vitayu-montenegro,"«Вітаю, Montenegro!»",7,Перетин кордону .,,"Перетин кордону .
Вечірнє прибуття до Львова (орієнтовний час прибуття, залежить від проходження кордону).
Увага! Умови для груп в автобусних турах з відпочинком на морі обговорюються під запит! Запити відправляти на емейл: [email protected]
Увага! Умови для груп в автобусних турах з відпочинком на морі обговорюються під запит! Запити відправляти на емейл: [email protected]",376
https://adriatic-travel.com.ua/tour/buona-sera-sytsyliya-palermo-kataniya-etna-morskyy-kruiz,"«Buona sera, Сицилія: Палермо, Катанія, Етна + морський круїз»",1,,,,0
https://adriatic-travel.com.ua/tour/buona-sera-sytsyliya-palermo-kataniya-etna-morskyy-kruiz,"«Buona sera, Сицилія: Палермо, Катанія, Етна + морський круїз»",2,,,,0
https://adriatic-travel.com.ua/tour/buona-sera-sytsyliya-palermo-kataniya-etna-morskyy-kruiz,"«Buona sera, Сицилія: Палермо, Катанія, Етна + морський круїз»",3,,,,0
https://adriatic-travel.com.ua/tour/buona-sera-sytsyliya-palermo-kataniya-etna-morskyy-kruiz,"«Buona sera, Сицилія: Палермо, Катанія, Етна + морський круїз»",4,,,,0
https://adriatic-travel.com.ua/tour/buona-sera-sytsyliya-palermo-kataniya-etna-morskyy-kruiz,"«Buona sera, Сицилія: Палермо, Катанія, Етна + морський круїз»",5,,,,0
https://adriatic-travel.com.ua/tour/buona-sera-sytsyliya-palermo-kataniya-etna-morskyy-kruiz,"«Buona sera, Сицилія: Палермо, Катанія, Етна + морський круїз»",6,,,,0
https://adriatic-travel.com.ua/tour/buona-sera-sytsyliya-palermo-kataniya-etna-morskyy-kruiz,"«Buona sera, Сицилія: Палермо, Катанія, Етна + морський круїз»",7,,,,0
https://adriatic-travel.com.ua/tour/buona-sera-sytsyliya-palermo-kataniya-etna-morskyy-kruiz,"«Buona sera, Сицилія: Палермо, Катанія, Етна + морський круїз»",8,,,,0
https://adriatic-travel.com.ua/tour/buona-sera-sytsyliya-palermo-kataniya-etna-morskyy-kruiz,"«Buona sera, Сицилія: Палермо, Катанія, Етна + морський круїз»",9,,,,0
https://adriatic-travel.com.ua/tour/buona-sera-sytsyliya-palermo-kataniya-etna-morskyy-kruiz,"«Buona sera, Сицилія: Палермо, Катанія, Етна + морський круїз»",10,,,,0
https://adriatic-travel.com.ua/tour/buona-sera-sytsyliya-palermo-kataniya-etna-morskyy-kruiz,"«Buona sera, Сицилія: Палермо, Катанія, Етна + морський круїз»",11,Сніданок.,ідвідування винних підвалів в Долині красунь з дегустацією вин і смачного гуляшу: 25€,"Сніданок.
Виселення з готелю.
Переїзд до Львова.
Перетин кордону.
Нічне прибуття до Львова.
По дорозі факультативно пропонуємо Відвідування винних підвалів в Долині красунь з дегустацією вин і смачного гуляшу (25€). Егер є одним з центрів угорського виноробства. Саме тут знаходиться один з найпопулярніших, серед українських туристів, об'єктів - Долина красунь, саме тут роблять, широко відоме червоне вино Egri bikavér, тобто «Егерська бичача кров». Спробувати це вино, а також багато інших, можна в невеликих винних погребах, господар погребу пригостить декількома келихами вина різних сортів, і звичайно, угорським національним блюдом - гуляш. Крім Egri bikavér тут популярні білий мускат «Оттонель», популярне сухе вино «Дівчина з Егера», вельми оригінальний червоний «Цвайнгер» і дуже смачне ду",800
https://adriatic-travel.com.ua/tour/sonyachna-apuliya-bari-matera-ta-alberobello,"«Сонячна Апулія: Барі, Матера та Альберобелло»",1,07:00 - збір групи на ж/д вокзалі м. Львів (платна стоянка з правої сторони від центрального входу у,"Прогулянка по Дунаю на кораблику: 29€; о екскурсію: «Озеро Блед — символ Словенії і перлина серед Альпійських курортів»: 35€; Водна прогулянка на острів Блед: 24€; АБО Пропонуємо відвідати одну з найгарніших печер світу «Постойна»: 27€; У вільний час пропонуємо факультативні екскурсії на вибір: «Незабутня Флоренція»: 21€; «Загадкова Піза»: 36€; АБО Подорож до Сієни: 40€; У вільний час пропонуємо факультативні екскурсії на вибір: «Подорож до Ватикану»: 34€; «Рим за Тибром»: 21€; «Стародавній Рим»: 19€; «Три великі базиліки Риму»: 22€; Екскурсія Площі Риму: 20€; ний час пропонуємо факультативні екскурсії на вибір: «Помпеї — стародавнє місто»: 30€; Екскурсію в Кастель – Гандольфо: 29€; з якої відкриваються прекрасні краєвиди на озеро Альбано Екскурсію в Гаету: 36€; Екскурсія на острів Капрі: 68€; бор, і звичайно ж замок короля Роджера… Пропонуємо відвідати казкове Альберобело: 45€; Матера: 45€; Пропонуємо відвідати Гравіна-ін-Пулья: 45€; ємо факультативні екскурсії на вибір: «Прогулянка з яскравим краєвидом» - Ассізі: 35€; Або Пропонуємо екскурсію в Монтепульчано: 35€; ідати екскурсію з дегустацією місцевих вин на виноробню Societa Vinicola Toppera: 35€; скурсії на вибір: Відправлення на кораблику до Венеції + в'їзд в туристичну зону: 29€; Романтичну прогулянку на гондолі: 26€; Острови лагуни — кольорова Венеція!: 45€; Екскурсія по Гранд-Каналу — головній вулиці Венеції: 36€; 99 років: 15€; 99 років: 26€; 99 років: 10€; 99 років: 16€; 99 років: 20€; 99 років: 21€; 99 років: 29€","07:00 - збір групи на ж/д вокзалі м. Львів (платна стоянка з правої сторони від центрального входу у вокзал).
07:30 - виїзд зі Львова.
Можливість приєднатися до групи по маршруту.
Перетин кордону.
Переїзд до Будапешта.
Поселення в транзитний готель.
Ніч в готелі.
Сніданок.
Виселення з готелю.
Переїзд до Любляни.
Поселення в транзитний готель.
Ніч в готелі.
Сніданок.
Виселення з готелю.
Прибуття до Флоренції (УВАГА! Пересування по місту здійснюється громадським транспортом! Квиток оплачується додатково).
Переїзд в транзитний готель.
Ніч в готелі.
Сніданок.
Виселення з готелю.
Переїзд до Риму (УВАГА! Пересування по місту здійснюється громадським транспортом! Квиток оплачується додатково).
Переїзд в транзитний готель на території Італії.
Пізнє поселення в готель.
Ніч в готелі.
Сніданок.
Висел",800
https://adriatic-travel.com.ua/tour/melodii-adriatychnogo-morya#about_tour,«Мелодії Адріатичного моря»,1,06:00 - збір групи на ж/д вокзалі м. Львів (платна стоянка з правої сторони від центрального входу у,"тивно (при вдалому перетині кордону) пропонуємо прогулянка по Дунаю на кораблику: 30€; вільний час пропонуємо факультативні екскурсії на вибір: Екскурсія в Сан-Маріно: 33€; Екскурсію в Ріміні: 15€; У вільний час пропонуємо екскурсію: Пропонуємо екскурсію до Венеції: 65€; У Венеції факультативно пропонуємо: Здійснити романтичну прогулянку на гондолі: 29€; Острови лагуни — кольорова Венеція!: 49€; Екскурсію по Гранд-Каналу — головній вулиці Венеції: 38€; Палацу Дожів: 19€; Екскурсію Невідома Венеція: 18€; вільний час пропонуємо факультативні екскурсії на вибір: Екскурсія по Флоренції: 55€; «Незабутня Флоренція»: 21€; «Шедеври назавжди»: 26€; По дорозі факультативно пропонуємо: Оглядова екскурсія містом Трієст: 17€; При наявності вільного часу, пропонуємо: Дегустація молодого вина з гуляшем: 27€; 99 років: 26€; 99 років: 25€; 99 років: 45€; 99 років: 35€; 99 років: 28€; 99 років: 10€; 99 років: 29€; 99 років: 39€","06:00 - збір групи на ж/д вокзалі м. Львів (платна стоянка з правої сторони від центрального входу у вокзал).
06:30 - виїзд зі Львова.
Можливо приєднатися до туру в містах: Стрий, Мукачево, Ужгород.
Перетин кордону.
Поселення в транзитний готель.
Ніч в готелі.
Сніданок.
Виселення з готелю.
Переїзд до Ріміні.
Поселення в готель.
Відпочинок на морі.
Ніч в готелі.
Сніданок.
Відпочинок на морі.
Ніч в готелі.
Сніданок.
Відпочинок на морі.
Ніч в готелі.
Сніданок.
Відпочинок на морі .
Ніч в готелі.
Сніданок.
Відпочинок на морі.
Ніч в готелі.
Сніданок.
Виселення з готелю.
Переїзд в транзитний готель.
Ніч в готелі.
Сніданок.
Виселення з готелю.
Переїзд до Львова.
Перетин кордону.
Нічне прибуття до Львова (залежить від проходження кордону).
Угорщина - країна з багатою, унікальною історією. Розташова",800
https://adriatic-travel.com.ua/tour/italiya-morska-spokusa,«Італія - морська спокуса: 5 ночей на морі в Ріміні»,1,,,,0
https://adriatic-travel.com.ua/tour/italiya-morska-spokusa,«Італія - морська спокуса: 5 ночей на морі в Ріміні»,2,,,,0
https://adriatic-travel.com.ua/tour/italiya-morska-spokusa,«Італія - морська спокуса: 5 ночей на морі в Ріміні»,3,,,,0
https://adriatic-travel.com.ua/tour/italiya-morska-spokusa,«Італія - морська спокуса: 5 ночей на морі в Ріміні»,4,,,,0
https://adriatic-travel.com.ua/tour/italiya-morska-spokusa,«Італія - морська спокуса: 5 ночей на морі в Ріміні»,5,,,,0
https://adriatic-travel.com.ua/tour/italiya-morska-spokusa,«Італія - морська спокуса: 5 ночей на морі в Ріміні»,6,,,,0
https://adriatic-travel.com.ua/tour/italiya-morska-spokusa,«Італія - морська спокуса: 5 ночей на морі в Ріміні»,7,,,,0
https://adriatic-travel.com.ua/tour/italiya-morska-spokusa,«Італія - морська спокуса: 5 ночей на морі в Ріміні»,8,Перетин кордону.,,"Перетин кордону.
Вечірнє прибуття до Львова (залежить від проходження кордону) .
Увага! Умови для груп в автобусних турах з відпочинком на морі обговорюються під запит! Запити відправляти на емейл: [email protected]
Бронюйте місця в турі за найвигіднішою ціною зазаделегідь по акції ""Раннє бронювання""
Акція ""Раннє бронювання"" - можливість забронювати туристичні послуги за найнижчою вартістю! Акція ""раннього броювання"" на автобусні тури з відпочинком на морі проходить з 1 січня по 30 квітня. Саме в цей період для вас доступні до бронювання найбільша кількість варіантів вдпочинку та найбільший вибір місць в автобусі.
Детальні умови акції ""Раннє бронювання"" дивіться тут .",676
https://adriatic-travel.com.ua/tour/pid-odnym-nebom-rym-ta-paryzh,"«Під одним небом, Рим та Париж!»",1,,,,0
https://adriatic-travel.com.ua/tour/pid-odnym-nebom-rym-ta-paryzh,"«Під одним небом, Рим та Париж!»",2,,,,0
https://adriatic-travel.com.ua/tour/pid-odnym-nebom-rym-ta-paryzh,"«Під одним небом, Рим та Париж!»",3,,,,0
https://adriatic-travel.com.ua/tour/pid-odnym-nebom-rym-ta-paryzh,"«Під одним небом, Рим та Париж!»",4,,,,0
https://adriatic-travel.com.ua/tour/pid-odnym-nebom-rym-ta-paryzh,"«Під одним небом, Рим та Париж!»",5,,,,0
https://adriatic-travel.com.ua/tour/pid-odnym-nebom-rym-ta-paryzh,"«Під одним небом, Рим та Париж!»",6,,,,0
https://adriatic-travel.com.ua/tour/pid-odnym-nebom-rym-ta-paryzh,"«Під одним небом, Рим та Париж!»",7,,,,0
https://adriatic-travel.com.ua/tour/pid-odnym-nebom-rym-ta-paryzh,"«Під одним небом, Рим та Париж!»",8,Приїзд до Угорщини.,онуємо факультативні екскурсії на вибір: Екскурсію «Будапешт - місто контрастів»: 19€; Прогулянку по Дунаю на кораблику: 29€; Відвідати винні підвали у Долині красунь з дегустацією вин і смачного гуляшу: 24€,"Приїзд до Угорщини.
Перетин кордону.
Пізнє повернення до Львова (в залежності від проходження кордону).
Має право на безкоштовний тур;
Безкоштовно екскурсії на які йде вся її група;
Безкоштовно радіо гід і сіті такс;
Безкоштовне харчування те, яке має група в турі;
У вільний час пропонуємо факультативні екскурсії на вибір: Екскурсію «Будапешт - місто контрастів» (19€). Пропонуємо ближче оглянути найвідомішу, найдовшу будівлю Будапешту - Парламент. Коли бачиш цю будівлю вперше, рівень емоцій звичайно зашкалює. Будівля Парламенту - найбільша в Угорщині; в ньому 691 приміщення, 29 сходів і 10 дворів. Всередині будівлі знаходиться невеликий музей парламенту. Далі ми відвідаємо головний храм Будапешта - Базиліка св. Іштвана. Дуже красивий храм в стилі ренесанс. Один з найбільших храмів в Угорщи",800
https://adriatic-travel.com.ua/tour/tur-vid-kutyur-paryzh-ta-milan,«Тур від кутюр: Париж та Мілан!»,1,07:00 - збір групи на з/д вокзалі у м. Львів (платна стоянка з правої сторони від центрального входу,"Для всіх бажаючих екскурсія по місту: 19€; ликого композитора Йоганна Себастьяна Баха «Таємничий Айзенах та замок Вартбург»: 30€; У вільний час пропонуємо факультативні екскурсії: Прогулянка по Сені: 25€; «Богемний Монмартр»: 28€; Вечірня програма «Вогні нічного Парижа»: 38€; кскурсії на вибір: «Романтика Нормандії: Етрета, Ла-Манш та середньовічний Руан»: 68€; Діснейленд!»: 26€; Пропонуємо факультативні екскурсії на вибір: Автобусна екскурсія «Бонжур, Париж»: 30€; инути в хитросплетіння доль і чарівну атмосферу Парижа! «Мистецтво краси – Лувр»: 48€; «Версаль - пишність Короля-Сонця»: 38€; Всіх бажаючих запрошуємо відвідати «Перша зустріч із Женевою»: 25€; У вільний час пропонуємо відвідати «Бергамо, прекрасне місто!»: 30€; При наявності часу, пропонуємо відвідати «Місто романтики і кохання - Верону»: 33€; Відправлення на кораблику до Венеції + в'їзд в туристичну зону: 25€; Пропонуємо здійснити романтичну прогулянку на гондолі: 26€; Екскурсія по Гранд-Каналу - головній вулиці Венеції: 36€; Відвідування з гідом Палацу Дожів: 19€; Усіх бажаючих запрошуємо відвідати «Розкішний Відень»: 25€; 99 років: 20€; Особлива локація - це Сад емоцій (оплачується додатково: 14€; 48€, діти: 48€; 99 років: 38€; 99 років: 21€","07:00 - збір групи на з/д вокзалі у м. Львів (платна стоянка з правої сторони від центрального входу у вокзал).
07:30 - відправлення групи до Польщі.
Перетин кордону.
Переїзд до готелю .
Поселення в готель.
Ніч в готелі.
Сніданок.
Виселення з готелю.
Переїзд в Німеччину, до мальовничого містечка Ерфурт, історія якого починається півтори тисячі років назад.
Переїзд по території Німеччини
Поселення в готель.
Ніч в готелі.
Сніданок.
Виселення з готелю.
Переїзд до Парижа.
Поселення в готель.
Ніч в готелі.
Сніданок.
Вільний день у Парижі.
Повернення в готель.
Ніч в готелі
Сніданок.
Виселення з готелю.
Вільний день у Парижі.
Переїзд та поселення в готель.
Ніч в готелі.
Сніданок.
Виселення з готелю.
Переїзд до Мілана.
Переїзд в готель.
Ніч в готелі.
Сніданок.
Виселення з готелю.
Переїзд до Венеці",800
https://adriatic-travel.com.ua/tour/na-khvylynku-v-amsterdam,«На хвилинку в Амстердам»,1,05:30 - збір групи на з/д вокзалі м. Львова (платна стоянка з правої сторони від центрального входу ,"Пропонуємо екскурсію «Квітка на Одері - Вроцлав»: 18€; скурсії на вибір: Одна з найкрасивіших екскурсій Неймовірна Саксонська Швейцарія: 35€; Музей Зелені склепіння - Королівська скарбниця в Дрездені: 23€; Галерея старих майстрів або Дрезденська картинна галерея: 23€; 2026): 18€; «Голландський фольклор Заанс Сханс та Волендам»: 38€; Рейксмузеум або Національна галерея: 23€; Прогулянка на кораблику по каналах Амстердаму: 23€; «Вечірній Амстердам»: 25€; У вільний час пропонуємо відвідати екскурсію «Слідами казки - місто Гамельн»: 30€; 99 років: 25€; 99 років: 28€; 23€; діти: 19€; 99 років: 18€; о відвідати саме «німецьке» місто, столицю Німеччини - Берлін (екскурсія з гідом: 25€; , лише трансфер: 15€","05:30 - збір групи на з/д вокзалі м. Львова (платна стоянка з правої сторони від центрального входу у вокзал).
06:00 - в иїзд групи зі Львова.
Перетин кордону.
Переїзд та поселення в готель.
Ніч в готелі.
Сніданок.
Виселення з готелю.
Прибуття до Дрездена .
Переїзд та поселення в готель.
Ніч в готелі.
Сніданок.
Виселення з готелю.
Поселення в готель.
Ніч в готелі.
Сніданок.
Виселення з готелю.
Переїзд по території Німеччини.
Переїзд та поселення в готель.
Ніч в готелі.
Сніданок.
Виселення з готелю.
Переїзд до Варшави.
Переїзд до Львова.
Перетин кордону.
Нічне прибуття до Львова.
Має право на безкоштовний тур;
Безкоштовно екскурсії на які йде вся її група;
Безкоштовно радіо гід і сіті такс;
Безкоштовне харчування те, яке має група в турі;
При швидкому проходженні кордону, переїзд у Вроцлав.",800
https://adriatic-travel.com.ua/tour/yaskravi-barvy-adriatyky,«Яскраві барви Адріатики: 6 ночей на морі в Ріміні»,1,,,,0
https://adriatic-travel.com.ua/tour/yaskravi-barvy-adriatyky,«Яскраві барви Адріатики: 6 ночей на морі в Ріміні»,2,,,,0
https://adriatic-travel.com.ua/tour/yaskravi-barvy-adriatyky,«Яскраві барви Адріатики: 6 ночей на морі в Ріміні»,3,,,,0
https://adriatic-travel.com.ua/tour/yaskravi-barvy-adriatyky,«Яскраві барви Адріатики: 6 ночей на морі в Ріміні»,4,,,,0
https://adriatic-travel.com.ua/tour/yaskravi-barvy-adriatyky,«Яскраві барви Адріатики: 6 ночей на морі в Ріміні»,5,,,,0
https://adriatic-travel.com.ua/tour/yaskravi-barvy-adriatyky,«Яскраві барви Адріатики: 6 ночей на морі в Ріміні»,6,,,,0
https://adriatic-travel.com.ua/tour/yaskravi-barvy-adriatyky,«Яскраві барви Адріатики: 6 ночей на морі в Ріміні»,7,,,,0
https://adriatic-travel.com.ua/tour/yaskravi-barvy-adriatyky,«Яскраві барви Адріатики: 6 ночей на морі в Ріміні»,8,,,,0
https://adriatic-travel.com.ua/tour/yaskravi-barvy-adriatyky,«Яскраві барви Адріатики: 6 ночей на морі в Ріміні»,9,Перетин кордону.,,"Перетин кордону.
Вечірнє прибуття до Львова (залежить від проходження кордону) .
Увага! Умови для груп в автобусних турах з відпочинком на морі обговорюються під запит! Запити відправляти на емейл: [email protected]",215
https://adriatic-travel.com.ua/tour/dytyachi-kanikuly-v-niderlandah-4-parky,"«Дивовижні канікули в Нідерландах + 4 парки: ""Fantasialand"", ""Efteling"", ""Keukenhof"" та ""Madurodam""!»",1,06:00 - збір групи на з/д вокзалі м. Львів (платна стоянка з правої сторони від центрального входу у,"При наявності часу, рекомендуємо оглядову екскурсію по місту Вроцлав: 18€; скурсії на вибір: Одна з найкрасивіших екскурсій Неймовірна Саксонська Швейцарія: 35€; Музей Зелені склепіння - Королівська скарбниця в Дрездені: 23€; Галерея старих майстрів або Дрезденська картинна галерея: 23€; акультативні екскурсії на вибір: «Голландський фольклор Заанс Сханс та Волендам»: 38€; ованого за старовинними рецептами! Прогулянка на кораблику по каналах Амстердаму: 23€; «Вечірній Амстердам»: 25€; «Місто музеїв - Лейден та музей “Corpus”»: 33€; «Міста казки – Делфт + Гаага»: 38€; (!) в Гаагу та Делфт пропонуємо додатково відвідати: Роттердам – місто Манхеттен: 18€; «Гітхорн — голландська Венеція»: 45€; Парк атракціонів Efteling: 26€; У вільний час пропонуємо відвідати «Кельн, який закохує»: 33€; У вільний час пропонуємо екскурсії: Королівська Прага: Градчани та Празький Град: 19€; Прогулянка по Влтаві: 40€; 99 років: 25€; 99 років: 28€; 99 років: 20€; 99 років: 35€","06:00 - збір групи на з/д вокзалі м. Львів (платна стоянка з правої сторони від центрального входу у вокзал).
06:30 - в иїзд зі Львова.
Перетин кордону.
Переїзд та поселення в готель.
Ніч в готелі.
Сніданок.
Виселення з готелю.
Прибуття до Дрездена .
Переїзд по території Німеччини.
Поселення в готель.
Ніч в готелі.
Сніданок.
Виселення з готелю.
Прибуття до Амстердама.
Поселення в готель.
Ніч в готелі.
Сніданок.
Ніч в готелі.
Сніданок.
Виселення з готелю.
Переїзд та поселення в готель.
Ніч в готелі.
Сніданок.
Виселення з готелю.
Переїзд в транзитний готель.
Ніч в готелі .
Сніданок.
Пересування на громадському транспорті, квитки за власний кошт.
Транзит по території Польщі.
Перетин кордону.
Нічне прибуття до Львова.
Має право на безкоштовний тур;
Безкоштовно екскурсії на які йде вся її група",800
https://adriatic-travel.com.ua/tour/krasunya-albaniya,«Красуня Албанія»,1,,,,0
https://adriatic-travel.com.ua/tour/krasunya-albaniya,«Красуня Албанія»,2,,,,0
https://adriatic-travel.com.ua/tour/krasunya-albaniya,«Красуня Албанія»,3,,,,0
https://adriatic-travel.com.ua/tour/krasunya-albaniya,«Красуня Албанія»,4,,,,0
https://adriatic-travel.com.ua/tour/krasunya-albaniya,«Красуня Албанія»,5,,,,0
https://adriatic-travel.com.ua/tour/krasunya-albaniya,«Красуня Албанія»,6,,,,0
https://adriatic-travel.com.ua/tour/krasunya-albaniya,«Красуня Албанія»,7,,,,0
https://adriatic-travel.com.ua/tour/krasunya-albaniya,«Красуня Албанія»,8,,,,0
https://adriatic-travel.com.ua/tour/krasunya-albaniya,«Красуня Албанія»,9,,,,0
https://adriatic-travel.com.ua/tour/krasunya-albaniya,«Красуня Албанія»,10,,,,0
https://adriatic-travel.com.ua/tour/krasunya-albaniya,«Красуня Албанія»,11,,,,0
https://adriatic-travel.com.ua/tour/krasunya-albaniya,«Красуня Албанія»,12,Вечірнє прибуття до Львова (орієнтовний час прибуття залежить від проходження кордону).,,"Вечірнє прибуття до Львова (орієнтовний час прибуття залежить від проходження кордону).
Увага! Умови для груп в автобусних турах з відпочинком на морі обговорюються під запит! Запити відправляти на емейл: [email protected]
Бронюйте місця в турі за найвигіднішою ціною зазаделегідь по акції ""Раннє бронювання""
Акція ""Раннє бронювання"" - можливість забронювати туристичні послуги за найнижчою вартістю! Акція ""раннього броювання"" на автобусні тури з відпочинком на морі проходить з 1 січня по 30 квітня. Саме в цей період для вас доступні до бронювання найбільша кількість варіантів вдпочинку та найбільший вибір місць в автобусі.
Детальні умови акції ""Раннє бронювання"" дивіться тут .",683
https://adriatic-travel.com.ua/tour/dorohamy-kazkovoyi-nimechchyny-myunkhen-zamok-noyshvanshtayn,«Дорогами казкової Німеччини: Мюнхен + замок Нойшванштайн»,1,07:00 - збір групи на залізничному вокзалі у м. Львів (платна стоянка з правої сторони від центральн,ьний час пропонуємо факультативні екскурсії на вибір: «Відень - столиця розкоші»: 20€; Блискучий Відень: 25€; «Легенди Відня»: 20€; Імператорський палац Шонбрунн: 20€; Золота скарбниця Габсбургів: 20€; Прогулянка по Дунаю на кораблику: 29€; 99 років: 19€,"07:00 - збір групи на залізничному вокзалі у м. Львів (платна стоянка з правої сторони від центрального входу у вокзал).
07:30 - відправлення групи зі Львова.
Перетин кордону.
Переїзд в транзитний готель на території Чехії.
Поселення в готель.
Ночівля.
Сніданок.
Звільнення номерів.
Переїзд в Прагу.
Переїзд в транзитний готель.
Ночівля.
Сніданок.
Звільнення номерів.
Переїзд в Мюнхен.
Поселення в готель на території Німеччини.
Ночівля.
Сніданок.
Звільнення номерів.
Переїзд у Відень.
Переїзд в Будапешт.
Поселення в готель.
Нічліг.
Сніданок.
Звільнення номерів.
Переїзд на Україну.
Перетин кордону.
Нічне прибуття до Львова.
Має право на безкоштовний тур;
Безкоштовно екскурсії на які йде вся її група;
Безкоштовно радіо гід і сіті такс;
Безкоштовне харчування те, яке має група в турі;
У вільний ч",800
https://adriatic-travel.com.ua/tour/evropeyskyy-vypusknyy-krakiv-praga-viden-budapesht,«Європейський випускний: Краків - Прага - Відень - Будапешт»,1,07:30 - збір групи на з/д вокзалі м. Львів (платна стоянка з правої сторони від центрального входу у,"За наявності часу пропонуємо оглядову екскурсію по місту Краків: 19€; льний час пропонуємо факультативні екскурсії на вибір: Екскурсія Празьким Градом: 20€; й «народний чеський святий», великим центром паломництва!!! Прогулянка по Влтаві: 40€; «Вечірня Прага»: 20€; У вільний час пропонуємо факультативні екскурсії на вибір: Блискучий Відень: 25€; «Легенди Відня»: 21€; Імператорський палац Шонбрунн: 11€; Золота скарбниця Габсбургів: 21€; нуємо факультативні екскурсії на вибір: Вечірня прогулянка по Дунаю на кораблику: 29€; озі пропонуємо факультативні екскурсії на вибір: Оглядова екскурсія по Будапешту: 20€; ємо відвідати винні підвали у Долині красунь з дегустацією вин і смачного гуляшу: 26€; 99 років: 35€; 99 років: 15€; 99 років: 19€","07:30 - збір групи на з/д вокзалі м. Львів (платна стоянка з правої сторони від центрального входу у вокзал).
08:00 - в иїзд групи зі Львова.
Перетин кордону.
Поселення в транзитний готель.
Ніч в готелі.
Сніданок.
Звільнення номерів.
Переїзд до Праги.
Пізнє поселення в готель.
Ніч в готелі.
Сніданок.
Звільнення номерів.
Переїзд до Відня. Оглядова екскурсія «Відень - столиця розкоші» (у вартості туру). Відень - столиця блискучої імперії, місто палаців і величних площ, мальовничих вуличок і численних скверів. Відень - стародавнє місто з гучним ім'ям, яке пробуджує мрії. Тут творили великі композитори: Бетховен, Моцарт, Гайдн, Штраус. Тут завжди звучить вальс, а знамениті віденські бали похитнули вже не одне покоління людей. Відень...пишний і помпезний, легковажний і веселий... І всі ці епіте",800
https://adriatic-travel.com.ua/tour/dytyachi-prygody-v-italii-parky-rozvag-gardalend-ta-leolandiya,«Дитячі пригоди в Італії + парки розваг Гардаленд та Леоландія»,1,,,,0
https://adriatic-travel.com.ua/tour/dytyachi-prygody-v-italii-parky-rozvag-gardalend-ta-leolandiya,«Дитячі пригоди в Італії + парки розваг Гардаленд та Леоландія»,2,,,,0
https://adriatic-travel.com.ua/tour/dytyachi-prygody-v-italii-parky-rozvag-gardalend-ta-leolandiya,«Дитячі пригоди в Італії + парки розваг Гардаленд та Леоландія»,3,,,,0
https://adriatic-travel.com.ua/tour/dytyachi-prygody-v-italii-parky-rozvag-gardalend-ta-leolandiya,«Дитячі пригоди в Італії + парки розваг Гардаленд та Леоландія»,4,,,,0
https://adriatic-travel.com.ua/tour/dytyachi-prygody-v-italii-parky-rozvag-gardalend-ta-leolandiya,«Дитячі пригоди в Італії + парки розваг Гардаленд та Леоландія»,5,Перетин кордону.,,"Перетин кордону.
Вечірнє прибуття до Львова (в залежності від проходження кордонів).
Має право на безкоштовний тур;
Безкоштовно екскурсії на які йде вся її група;
Безкоштовно радіо гід і сіті такс;
Безкоштовне харчування те, яке має група в турі;
Потрібні безкоштовні місця для керівника групи?
Це легко організувати! У розділі «Калькулятор цін – Вартість для груп» ви можете вказати необхідну кількість безкоштовних місць, і система автоматично врахує це у підсумковій вартості.
Якщо для групи Ви обираєте безкоштовні місця тоді діють наступні додаткові послуги для безкоштовної особи:
Обовʼязкових екскурсій для груп НЕМАЄ!
При бронюванні екскурсій разом із туром, можливі знижки до 10% (деталі у Вашого куратора)
Вже маєте прорахований тур? Зв'яжіться з нами і ми підтвердимо ціну конкурента або з",800
https://adriatic-travel.com.ua/tour/nasha-horvatska-vidpustka,«Наша Хорватська відпустка (7 ночей на морі)»,1,,,,0
https://adriatic-travel.com.ua/tour/nasha-horvatska-vidpustka,«Наша Хорватська відпустка (7 ночей на морі)»,2,,,,0
https://adriatic-travel.com.ua/tour/nasha-horvatska-vidpustka,«Наша Хорватська відпустка (7 ночей на морі)»,3,,,,0
https://adriatic-travel.com.ua/tour/nasha-horvatska-vidpustka,«Наша Хорватська відпустка (7 ночей на морі)»,4,,,,0
https://adriatic-travel.com.ua/tour/nasha-horvatska-vidpustka,«Наша Хорватська відпустка (7 ночей на морі)»,5,,,,0
https://adriatic-travel.com.ua/tour/nasha-horvatska-vidpustka,«Наша Хорватська відпустка (7 ночей на морі)»,6,,,,0
https://adriatic-travel.com.ua/tour/nasha-horvatska-vidpustka,«Наша Хорватська відпустка (7 ночей на морі)»,7,,,,0
https://adriatic-travel.com.ua/tour/nasha-horvatska-vidpustka,«Наша Хорватська відпустка (7 ночей на морі)»,8,,,,0
https://adriatic-travel.com.ua/tour/nasha-horvatska-vidpustka,«Наша Хорватська відпустка (7 ночей на морі)»,9,,,,0
https://adriatic-travel.com.ua/tour/nasha-horvatska-vidpustka,«Наша Хорватська відпустка (7 ночей на морі)»,10,Перетин кордону.,,"Перетин кордону.
Вечірній приїзд до Львова (залежить від проходження кордону).
Увага! Умови для груп в автобусних турах з відпочинком на морі обговорюються під запит! Запити відправляти на емейл: [email protected]",213
https://adriatic-travel.com.ua/tour/italiya-sertse-adriatyky,«Італія серце Адріатики: 6 ночей на морі в Ріміні»,1,,,,0
https://adriatic-travel.com.ua/tour/italiya-sertse-adriatyky,«Італія серце Адріатики: 6 ночей на морі в Ріміні»,2,,,,0
https://adriatic-travel.com.ua/tour/italiya-sertse-adriatyky,«Італія серце Адріатики: 6 ночей на морі в Ріміні»,3,,,,0
https://adriatic-travel.com.ua/tour/italiya-sertse-adriatyky,«Італія серце Адріатики: 6 ночей на морі в Ріміні»,4,,,,0
https://adriatic-travel.com.ua/tour/italiya-sertse-adriatyky,«Італія серце Адріатики: 6 ночей на морі в Ріміні»,5,,,,0
https://adriatic-travel.com.ua/tour/italiya-sertse-adriatyky,«Італія серце Адріатики: 6 ночей на морі в Ріміні»,6,,,,0
https://adriatic-travel.com.ua/tour/italiya-sertse-adriatyky,«Італія серце Адріатики: 6 ночей на морі в Ріміні»,7,,,,0
https://adriatic-travel.com.ua/tour/italiya-sertse-adriatyky,«Італія серце Адріатики: 6 ночей на морі в Ріміні»,8,,,,0
https://adriatic-travel.com.ua/tour/italiya-sertse-adriatyky,«Італія серце Адріатики: 6 ночей на морі в Ріміні»,9,Сніданок .,"При наявності вільного часу, пропонуємо: «Дегустація молодого вина з гуляшем»: 27€","Сніданок .
Виселення з готелю.
Переїзд до Львова.
Перетин кордону.
Нічне прибуття до Львова (залежить від проходження кордону).
При наявності вільного часу, пропонуємо: «Дегустація молодого вина з гуляшем» (27€). Єгер є одним з центрів угорського виноробства. Саме тут знаходиться один з найпопулярніших, серед українських туристів, об'єктів - Долина красунь (саме тут роблять, усім відоме червоне вино Egri bikavér, тобто «Егерська бича кров». Спробувати це вино, а також багато інших, можна в невеликих винних погребах, господар пригостить декількома чарками вина різних сортів, і звичайно, угорськими національними стравами. Крім Egri bikavér тут популярні білий мускат «Оттонель», популярне сухе вино «Дівчина з Егеру», вельми оригінальний червоний «Цвайнгер» і дуже смачне і запашне десертне вин",800
https://adriatic-travel.com.ua/tour/martsypanovi-kanikuly-v-ugorshchyni,"«Марципанові канікули в Угорщині: Будапешт, Сентендре + аквапарк Aquaworld Resort, зоопарк Шошто»",1,06:00 - збір групи на з/д вокзалі м. Львів (платна стоянка з правої сторони від центрального входу у,"ідвідування винних підвалів в Долині красунь з дегустацією вин і смачного гуляша: 29€; ативні екскурсії для Вашої насолоди цим містом: Прогулянка по Дунаю на кораблику: 29€; ас пропонуємо факультативні екскурсії на вибір: Трансфер до Зоопарку в Будапешті: 6€; вому світі тварин, який подарує багато яскравих емоцій! «Будапешту шик та блиск»: 20€; дбати справжні суто угорські ласощі - «хунгарікуми»! Екскурсію в місто Сентендре: 25€; та провести солодкі хвилини у світі казки! Трансфер у спа-центр Aquaworld Resort: 15€; 99 років: 19€","06:00 - збір групи на з/д вокзалі м. Львів (платна стоянка з правої сторони від центрального входу у вокзал).
06:30 - виїзд групи до Угорщини.
Можливість приєднатися до групи по маршруту.
Перетин кордону.
Переїзд до Будапешта.
Поселення в готелі.
Ніч в готелі.
Сніданок.
Ніч в готелі.
Сніданок.
Виселення з готелю.
Переїзд до України. По дорозі пропонуємо факультативні екскурсії: Відвідування винних підвалів в Долині красунь з дегустацією вин і смачного гуляша (29€). Єгер є одним з центрів угорського виноробства. Саме тут знаходиться один з найпопулярніших, серед українських туристів, об'єктів - Долина красунь (саме тут роблять, усім відоме червоне вино Egri bikavér, тобто «Егерська бича кров». Спробувати це вино, а також багато інших, можна в невеликих винних погребах, господар пригостить д",800
https://adriatic-travel.com.ua/tour/barselona-sertse-kataloniyi,«Барселона - серце Каталонії»,1,08:30 - збір групи.,Дегустацію молодого вина з гуляшем: 24€; ас пропонуємо факультативні екскурсії на вибір: Прогулянка по Дунаю на кораблику: 29€; У вільний час пропонуємо факультативні екскурсії на вибір: «Легенди Відня»: 19€; Імператорський палац Шонбрунн: 19€; Золота скарбниця Габсбургів: 19€; акультативні екскурсії на вибір: Рекомендуємо поїздку на екскурсію в Монте Карло: 41€; Оглядова екскурсія в Сан-Ремо: 31€; У вільний час пропонуємо: Екскурсія «Замок Іф»: 46€; уємо факультативні екскурсії на вибір: Екскурсію по Готичному кварталу Барселони: 21€; Екскурсію «Гауді і його творіння»: 36€; Рекомендуємо екскурсію - «Святиня Іспанії - гора Монсеррат»: 46€; мо екскурсію до «Скарбниці Каталонії» - Жирону + Останній шедевр Сальвадора Далі: 61€; Рекомендуємо екскурсію в Іспанське село: 31€; «Трансфер до Порт Авентура в Іспанії»: 50€; скурсії на вибір: Відправлення на кораблику до Венеції + в'їзд в туристичну зону: 25€; Екскурсія оглядова по Венеції: 16€; Пропонуємо здійснити романтичну прогулянку на гондолі: 26€; Острови лагуни - кольорова Венеція!: 39€; Екскурсія по Гранд-Каналу - головній вулиці Венеції: 36€; Відвідування з гідом Палацу Дожів: 19€; 99 років: 40€; 99 років: 21€,"08:30 - збір групи.
09:00 - виїзд із з/д вокзалу м. Львова (платна стоянка з правої сторони від центрального входу у вокзал).
Перетин кордону.
Переїзд до Егера.
Переїзд до Будапешта.
Поселення в готель.
Ніч в готелі.
Сніданок.
Виселення з готелю.
Переїзд до столиці Австрії - Відня.
20:30 - виїзд з Відня.
Нічний переїзд до Ніцци.
Ранкове прибуття до Ніцци.
Переїзд в транзитний готель .
Ніч в готелі.
Сніданок.
Виселення з готелю переъзд в Марсель
Переїзд в транзитний готель , нічліг.
Ніч в готелі.
Сніданок , переїзд в Барселону .
Повернення в готель.
Ніч в готелі.
Сніданок.
Виселення з готелю.
Вільний час в Барселоні (УВАГА! Пересування по місту здійснюється громадським транспортом! Квиток оплачується додатково).
Нічний переїзд до Венеції.
Приїзд до Венеції.
Переїзд в транзитний готель в Уго",800
https://adriatic-travel.com.ua/tour/litnya-vidpustka-v-albanii,«Літня відпустка в Албанії»,1,,,,0
https://adriatic-travel.com.ua/tour/litnya-vidpustka-v-albanii,«Літня відпустка в Албанії»,2,,,,0
https://adriatic-travel.com.ua/tour/litnya-vidpustka-v-albanii,«Літня відпустка в Албанії»,4,,,,0
https://adriatic-travel.com.ua/tour/litnya-vidpustka-v-albanii,«Літня відпустка в Албанії»,5,,,,0
https://adriatic-travel.com.ua/tour/litnya-vidpustka-v-albanii,«Літня відпустка в Албанії»,6,,,,0
https://adriatic-travel.com.ua/tour/litnya-vidpustka-v-albanii,«Літня відпустка в Албанії»,7,,,,0
https://adriatic-travel.com.ua/tour/litnya-vidpustka-v-albanii,«Літня відпустка в Албанії»,8,,,,0
https://adriatic-travel.com.ua/tour/litnya-vidpustka-v-albanii,«Літня відпустка в Албанії»,9,,,,0
https://adriatic-travel.com.ua/tour/litnya-vidpustka-v-albanii,«Літня відпустка в Албанії»,10,,,,0
https://adriatic-travel.com.ua/tour/litnya-vidpustka-v-albanii,«Літня відпустка в Албанії»,11,,,,0
https://adriatic-travel.com.ua/tour/litnya-vidpustka-v-albanii,«Літня відпустка в Албанії»,12,Вечірнє прибуття до Львова (орієнтовний час прибуття залежить від проходження кордону).,,"Вечірнє прибуття до Львова (орієнтовний час прибуття залежить від проходження кордону).
Увага! Умови для груп в автобусних турах з відпочинком на морі обговорюються під запит! Запити відправляти на емейл: [email protected]
Бронюйте місця в турі за найвигіднішою ціною зазаделегідь по акції ""Раннє бронювання""
Акція ""Раннє бронювання"" - можливість забронювати туристичні послуги за найнижчою вартістю! Акція ""раннього броювання"" на автобусні тури з відпочинком на морі проходить з 1 січня по 30 квітня. Саме в цей період для вас доступні до бронювання найбільша кількість варіантів вдпочинку та найбільший вибір місць в автобусі.
Детальні умови акції ""Раннє бронювання"" дивіться тут .
Увага! Умови для груп в автобусних турах з відпочинком на морі обговорюються під запит! Запити відправляти на емейл:",800
https://adriatic-travel.com.ua/tour/randevu-v-paryzhi,"«Рандеву в Парижі або 5 днів Французького Вайбу! (Париж, Нормандія, Етрета, замки Луари)»",1,,,,0
https://adriatic-travel.com.ua/tour/randevu-v-paryzhi,"«Рандеву в Парижі або 5 днів Французького Вайбу! (Париж, Нормандія, Етрета, замки Луари)»",2,,,,0
https://adriatic-travel.com.ua/tour/randevu-v-paryzhi,"«Рандеву в Парижі або 5 днів Французького Вайбу! (Париж, Нормандія, Етрета, замки Луари)»",3,,,,0
https://adriatic-travel.com.ua/tour/randevu-v-paryzhi,"«Рандеву в Парижі або 5 днів Французького Вайбу! (Париж, Нормандія, Етрета, замки Луари)»",4,,,,0
https://adriatic-travel.com.ua/tour/randevu-v-paryzhi,"«Рандеву в Парижі або 5 днів Французького Вайбу! (Париж, Нормандія, Етрета, замки Луари)»",5,,,,0
https://adriatic-travel.com.ua/tour/randevu-v-paryzhi,"«Рандеву в Парижі або 5 днів Французького Вайбу! (Париж, Нормандія, Етрета, замки Луари)»",6,,,,0
https://adriatic-travel.com.ua/tour/randevu-v-paryzhi,"«Рандеву в Парижі або 5 днів Французького Вайбу! (Париж, Нормандія, Етрета, замки Луари)»",7,,,,0
https://adriatic-travel.com.ua/tour/randevu-v-paryzhi,"«Рандеву в Парижі або 5 днів Французького Вайбу! (Париж, Нормандія, Етрета, замки Луари)»",8,Сніданок у готелі та виселення.,,Сніданок у готелі та виселення.,31