ID ТУРУ,ВСІ НАПРЯМКИ,ТУРОПЕРАТОР,ТИП ПОДОРОЖІ,ЦІНОВА КАТЕГОРІЯ,НАЗВА ТУРУ,МАРШРУТ,МІНІМАЛЬНА ЦІНА,МАКСИМАЛЬНА ЦІНА,СЕРЕДНЯ ЦІНА,ДНІ,НІЧНИХ ПЕРЕЇЗДІВ,ЕКСКУРСІЇ,КІЛЬКІСТЬ ТУРІВ,НОЧЕЙ В ГОТЕЛЯХ,СІЧЕНЬ,ЛЮТИЙ,БЕРЕЗЕНЬ,КВІТЕНЬ,ТРАВЕНЬ,ЧЕРВЕНЬ,ЛИПЕНЬ,СЕРПЕНЬ,ВЕРЕСЕНЬ,ЖОВТЕНЬ,ЛИСТОПАД,ГРУДЕНЬ,РОЗКИД ЦІНИ,РОЗКИД ЦІНИ %,ЦІНА ЗА ДЕНЬ,ЦІНА ЗА ЕКСКУРСІЮ,БЕЗ НІЧНИХ ПЕРЕЇЗДІВ,КІЛЬКІСТЬ ТУРІВ ОПЕРАТОРА В НАПРЯМКУ,СЕРЕДНЯ ЦІНА ПО НАПРЯМКУ,ВІДХИЛЕННЯ ВІД СЕРЕДНЬОЇ ЦІНИ ПО НАПРЯМКУ,АКТИВНІ МІСЯЦІ,КОНЦЕНТРАЦІЯ СЕЗОННОСТІ,ПІКОВИЙ МІСЯЦЬ,URL
ACC-1,Нідерланди,Accord tour,Екскурсійний,Люкс 300 - 400,Амурний тиждень в Амстердамі і Парижі!!!,Львів → Варшава → Берлін → Амстердам → Заансе Сханс → Волендам → Брюссель → Париж → Версаль → Прага → Краків → Львів,383,,383,7,0,5,102,6,0,0,0,6,12,14,10,12,14,12,11,11,,"0,00%","54,71","76,60",TRUE,13,334,49,9,"13,73%",ЧЕРВЕНЬ,https://www.accordtour.com/tours/6231
ACC-2,Франція,Accord tour,Екскурсійний,Тяжкий Люкс 400 +,"Три щасливих смайлика: Амстердам, Париж, Рим + Лазурове узбережжя!",Львів → Варшава → Берлін → Амстердам → Брюссель → Париж → Нормандія → Парк «Діснейленд» → Версаль → Лазурний берег → Флоренція → Піза → Рим → Ватикан → Венеція → Будапешт → Чоп → Львів,493,,493,10,3,7,99,6,0,0,0,6,12,15,11,12,15,12,11,5,,"0,00%","49,30","70,43",FALSE,26,364,129,9,"15,15%",ЧЕРВЕНЬ,https://www.accordtour.com/tours/7495
ACC-3,Нідерланди,Accord tour,Екскурсійний,Тяжкий Люкс 400 +,Мільйон посмішок... або 4 дні в Амстердамі!,Львів → Варшава → Потсдам → Амстердам → Делфт → Гаага → Заансе Сханс → Волендам → Лейден → Брюссель → Брюгге → Маастріхт → Аахен → Кельн → Вроцлав → Львів,468,472,470,8,0,4,106,7,0,0,0,7,12,15,10,12,15,12,12,11,4,"0,85%","58,75","117,50",TRUE,13,334,136,9,"14,15%",ЧЕРВЕНЬ,https://www.accordtour.com/tours/636313
ACC-4,Франція,Accord tour,Екскурсійний,Люкс 300 - 400,"Вояж в Париж  Нормандія, Замки Луари + Люксембург",Львів → Варшава → Берлін → Париж → Версаль → Діснейленд → Люксембург → Нюрнберг → Прага → Львів,406,413,"409,5",8,0,7,37,7,0,0,0,2,4,5,5,4,5,5,3,4,7,"1,71%","51,19","58,50",TRUE,26,364,46,9,"13,51%",ЧЕРВЕНЬ,https://www.accordtour.com/tours/808888
ACC-5,Франція,Accord tour,Екскурсійний,Тяжкий Люкс 400 +,"Париж, квіти..... і Компліменти!  Амстердам, Брюссель, Париж, Люксембург, Кельн",Львів → Варшава → Берлін → Потсдам → Амстердам → Гаага → Делфт → Брюссель → Гент → Брюгге → Париж → Нормандія → Діснейленд → Люксембург → Кельн → Аахен → Вроцлав → Львів,581,583,582,10,0,8,106,9,0,0,0,6,12,15,11,12,15,12,12,11,2,"0,34%","58,20","72,75",TRUE,26,364,218,9,"14,15%",ЧЕРВЕНЬ,https://www.accordtour.com/tours/2819
ACC-6,Франція,Accord tour,Екскурсійний,Стандарт 150 - 300,Три дні в Парижі + Діснейленд,Львів → Варшава → Берлін → Париж → Версаль → Діснейленд → Нормандія → Орлеан → Прага → Краків → Львів,278,288,283,7,2,5,104,4,0,0,0,7,12,14,11,12,14,12,11,11,10,"3,53%","40,43","56,60",FALSE,26,364,-81,9,"13,46%",ЧЕРВЕНЬ,https://www.accordtour.com/tours/8373
ACC-7,Нідерланди,Accord tour,Екскурсійний,Люкс 300 - 400,Амурні пригоди в Амстердамі і Парижі!!!,Львів → Вроцлав → Берлін → Амстердам → Заансе Сханс → Волендам → Брюссель → Париж → Прага → Краків → Львів,371,383,377,7,0,5,93,6,0,0,0,3,9,13,12,14,9,13,9,11,12,"3,18%","53,86","75,40",TRUE,13,334,43,9,"15,05%",СЕРПЕНЬ,https://www.accordtour.com/tours/8490
ACC-8,Нідерланди,Accord tour,Екскурсійний,Стандарт 150 - 300,Амстердам та Париж... запалив та привабив...,Львів → Берлін → Амстердам → Заансе Сханс → Волендам → Брюссель → Париж → Діснейленд → Нормандія → Прага → Краків → Львів,325,326,"325,5",7,2,5,91,4,0,0,0,3,8,12,12,14,9,13,9,11,1,"0,31%","46,50","65,10",FALSE,13,334,-9,9,"15,38%",СЕРПЕНЬ,https://www.accordtour.com/tours/8045
ACC-9,Бельгія,Accord tour,Екскурсійний,Люкс 300 - 400,"Яскравий Бенілюкс: Нідерланди, Бельгія та Люксембург!",Львів → Берлін → Амстердам → Гаага → Делфт → Брюссель → Брюгге → Гент → Люксембург → Трір → Львів,432,452,442,7,0,4,95,6,0,0,0,3,9,13,12,14,9,13,9,13,20,"4,52%","63,14","110,50",TRUE,2,403,39,9,"14,74%",СЕРПЕНЬ,https://www.accordtour.com/tours/7805
ACC-10,Франція,Accord tour,Екскурсійний,Люкс 300 - 400,"Французький Каприз   4 дні в Парижі + Нормандія, долина Луари, Мон-Сен-Мішель!",Львів → Вюрцбург → Ротенбург → Франкфурт → На → Майні → Париж → Нормандія → Орлеан → Долина Луари → Мон → Сен → Мішель → Версаль → Фонтенбло → Гельдельберг → Нюрнберг → Прага → Львів,411,422,"416,5",8,0,7,98,7,0,0,0,4,10,14,12,14,9,13,9,13,11,"2,64%","52,06","59,50",TRUE,26,364,53,9,"14,29%",ЧЕРВЕНЬ,https://www.accordtour.com/tours/6987
ACC-11,Нідерланди,Accord tour,Екскурсійний,Люкс 300 - 400,"Вітаю, милий Амстердам!",Львів → Краків → Берлін → Амстердам → Парк Кекенхоф → Парк Ефтелінг → Парк Мадуродам → Гаага → Делфт → Заансе Сханс → Волендам → Брюссель → Кведлінбург → Гарц → Вроцлав → Львів,404,441,"422,5",7,0,4,95,6,0,0,0,3,9,13,12,14,9,13,9,13,37,"8,76%","60,36","105,63",TRUE,13,334,88,9,"14,74%",СЕРПЕНЬ,https://www.accordtour.com/tours/6228
ACC-12,Франція,Accord tour,Екскурсійний,Люкс 300 - 400,"Бонжур Лямур або 3 дні в Парижі! ...Париж, Діснейленд та Люксембург...",Львів → Вроцлав → Вюрцбург → Бамберг → Франкфурт → Париж → Діснейленд → Нормандія → Версаль → Трир → Люксембург → Краків → Львів,370,378,374,7,0,5,96,6,0,0,0,3,9,13,12,14,9,14,9,13,8,"2,14%","53,43","74,80",TRUE,26,364,10,9,"14,58%",СЕРПЕНЬ,https://www.accordtour.com/tours/6253
ACC-13,Чехія,Accord tour,Екскурсійний,Стандарт 150 - 300,Любовне зізнання: Відень + Прага!,Львів → Прага → Відень → Будапешт → Егер → Чоп → Львів,233,257,245,5,0,2,95,4,0,0,0,3,9,13,12,14,9,13,9,13,24,"9,80%","49,00","122,50",TRUE,10,217,28,9,"14,74%",СЕРПЕНЬ,https://www.accordtour.com/tours/1118341/tab/tab_price
ACC-14,Італія,Accord tour,Екскурсійний,Люкс 300 - 400,"Бонжорно, Італія + Швейцарія!",Львів → Краків → Зальцбург → Зальцкаммергут → Цюрих → Люцерн → Рейнський водоспад → Інтерлакен → Берн → Лугано → Мілан → Бергамо → Венеція → Відень → Брно → Львів,360,373,"366,5",7,0,6,58,6,0,0,0,3,7,6,9,10,8,9,3,3,13,"3,55%","52,36","61,08",TRUE,36,354,13,9,"17,24%",СЕРПЕНЬ,https://www.accordtour.com/tours/6668
ACC-15,Швейцарія,Accord tour,Екскурсійний,Люкс 300 - 400,"Дивовижний світ  4 дні в Швейцарії Женева, Берн, Люцерн + Монблан",Львів → Краків → Зальцбург → Берн → Інтерлакен → Женева → Лозанна → Монтре → Ансі → Монблан → Цюріх → Люцерн → Прага → Львів,381,384,"382,5",7,0,6,58,6,0,0,0,4,7,6,8,10,8,9,3,3,3,"0,78%","54,64","63,75",TRUE,14,350,33,9,"17,24%",СЕРПЕНЬ,https://www.accordtour.com/tours/633136
ACC-16,Чехія,Accord tour,Екскурсійний,Стандарт 150 - 300,Святкова Прага!!! Виїзд з Києва,Київ → Львів → Краків → Прага → Дрезден → Чеський Крумлов → Карлові Вари → Брно → Львів → Київ,243,245,244,5,1,2,76,3,0,0,0,2,11,13,10,8,6,10,8,8,2,"0,82%","48,80","122,00",FALSE,10,217,27,9,"17,11%",ЧЕРВЕНЬ,https://www.accordtour.com/tours/111013
ACC-17,Чехія,Accord tour,Екскурсійний,Стандарт 150 - 300,Прикольними містами: Дрезден + Прага + Брно + Краків!!!,Львів → Краків → Дрезден → Саксонска Швейцарія → Прага → Карлові Вари → Брно → Моравський Крас → Львів,195,202,"198,5",4,0,3,102,3,0,0,0,3,12,14,16,14,9,13,9,12,7,"3,53%","49,63","66,17",TRUE,10,217,-18,9,"15,69%",ЛИПЕНЬ,https://www.accordtour.com/tours/6858
ACC-18,Німеччина,Accord tour,Екскурсійний,Стандарт 150 - 300,"Мюнхен і компанія: Краків, Прага, Відень!",Львів → Краків → Прага → Мюнхен → Замок Нойшванштайн → Відень → Львів,238,250,244,4,0,3,103,3,0,0,0,3,12,14,16,14,9,13,9,13,12,"4,92%","61,00","81,33",TRUE,5,226,18,9,"15,53%",ЛИПЕНЬ,https://www.accordtour.com/tours/1118312
ACC-19,Австрія,Accord tour,Екскурсійний,Стандарт 150 - 300,"Душевний Вікенд   Краків, Прага, Відень, Будапешт + Егер ",Львів → Краків → Прага → Відень → Будапешт → Егер → Мукачево → Львів,162,165,"163,5",4,0,2,91,3,0,0,0,3,11,10,12,16,13,5,9,12,3,"1,83%","40,88","81,75",TRUE,5,198,-35,9,"17,58%",СЕРПЕНЬ,https://www.accordtour.com/tours/8423/tab/tab_price/tour_date/2026-11-20/cls_number_adult_cnt/%7B1:1%7D/cls_number_child_age/%7B%7D/tour_include_ins/true
ACC-20,Австрія,Accord tour,Екскурсійний,Стандарт 150 - 300,"Відень, я вже їду!",Львів → Ярослав → Тарнув → Краків → Катовіце → Тарнув → Ярослав → Львів,200,202,201,4,0,2,95,3,0,0,0,3,9,13,12,14,9,13,9,13,2,"1,00%","50,25","100,50",TRUE,5,198,3,9,"14,74%",СЕРПЕНЬ,https://www.accordtour.com/tours/1118338
ACC-21,Франція,Accord tour,Екскурсійний,Стандарт 150 - 300,Французька для початківців  Париж+ Діснейленд,Львів → Люблін → Варшава → Берлін → Саарбрюккен → Париж → Нюрнберг → Бамберг → Прага → Катовіце → Краків → Перемишль → Львів,230,250,240,6,2,4,44,3,0,0,0,2,7,4,5,6,4,7,4,5,20,"8,33%","40,00","60,00",FALSE,26,364,-124,9,"15,91%",ТРАВЕНЬ,https://www.accordtour.com/tours/818368
ACC-22,Польща,Accord tour,Екскурсійний,Стандарт 150 - 300,"Вікенд на трьох!  Краків, Відень, Будапешт",Львів → Краків → Відень → Будапешт → Егер → Львів,162,174,168,3,0,2,105,2,0,0,0,3,12,14,16,18,9,11,9,13,12,"7,14%","56,00","84,00",TRUE,3,159,9,9,"17,14%",СЕРПЕНЬ,https://www.accordtour.com/tours/881365
ACC-23,Швейцарія,Accord tour,Екскурсійний,Люкс 300 - 400,Секрети смаку: вся Швейцарія + Зальцбург та Відень!!!,Львів → Краків → Відень → Ліхтенштейн → Цюріх → Рейнский водоспад → Люцерн → Женева → Монблан → Берн → Інтерлакен → Зальцбург → Долина Зальцкаммергут → Будапешт → Егер → Чоп → Львів,368,370,369,7,0,5,91,6,0,0,0,3,8,12,12,14,9,13,9,11,2,"0,54%","52,71","73,80",TRUE,14,350,19,9,"15,38%",СЕРПЕНЬ,https://www.accordtour.com/tours/8447
ACC-24,Швейцарія,Accord tour,Екскурсійний,Люкс 300 - 400,"Альпійська симфонія   Цюрих, Женева, Берн + Монблан",Львів → Краків → Прага → Нюрнберг → Страсбург → Кольмар → Берн → Інтерлакен → Женева → Ансі → Монблан → Цюріх → Люцерн → Прага → Львів,382,389,"385,5",7,0,6,61,6,0,0,0,3,8,8,9,10,8,9,3,3,7,"1,82%","55,07","64,25",TRUE,14,350,36,9,"16,39%",СЕРПЕНЬ,https://www.accordtour.com/tours/601011/avtobusni_tury_bez_nichnykh_pereyizdiv/polshcha
ACC-25,Швейцарія,Accord tour,Екскурсійний,Тяжкий Люкс 400 +,"В гостях у Швейцарії   Цюрих, Женева, Берн + Монблан",Львів → Краків → Прага → Нойшванштайн → Цюрих → Люцерн → Шамбері → Женева → Монблан → Берн → Інтерлакен → Зальцбург → Зальцкаммергут → Брно → Львів,430,435,"432,5",8,0,8,7,7,0,0,0,1,2,1,1,1,1,,,,5,"1,16%","54,06","54,06",TRUE,14,350,83,6,"28,57%",ТРАВЕНЬ,https://www.accordtour.com/tours/136811
ACC-26,Чехія,Accord tour,Екскурсійний,Стандарт 150 - 300,Празький вогник!,Львів → Краків → Велічка → Парк розваг Energy land → Закопане → Освенцим → Прага → Дрезден → Брно → Львів,265,267,266,5,0,2,53,4,0,0,0,3,12,10,12,16,,,,,2,"0,75%","53,20","133,00",TRUE,10,217,49,5,"30,19%",СЕРПЕНЬ,https://www.accordtour.com/tours/7267
ACC-27,Польща,Accord tour,Екскурсійний,Економ 99 - 150,Вікенд в Краків!,"Львів → Краків → Величка → Парк розваг ""Energy land"" → Закопане → Освенцим → Львів",137,142,"139,5",3,0,1,104,2,0,0,0,3,13,14,16,14,9,13,9,13,5,"3,58%","46,50","139,50",TRUE,3,159,-20,9,"15,38%",ЛИПЕНЬ,https://www.accordtour.com/tours/6117
ACC-28,Іспанія,Accord tour,Екскурсійний,Люкс 300 - 400,Барселона – Королева Півдня,Львів → Краків → Зальцбург → Зальцкаммергут → Ніцца → Монако → Барселона → Монсеррат → Жирона → Музей Далі → Ллорет де Мар → Лідо ді Езоло → Венеція → Відень → Львів,364,384,374,8,2,7,98,5,0,0,0,2,11,13,14,15,9,14,9,11,20,"5,35%","46,75","53,43",FALSE,12,564,-190,9,"15,31%",СЕРПЕНЬ,https://www.accordtour.com/tours/8168
ACC-29,Іспанія,Accord tour,Екскурсійний,Люкс 300 - 400,Сонячний поцілунок Барселони,Львів → Мюнхен → Рейнський водоспад → Цюрих → Люцерн → Берн → Интерлакен → Барселона → Ніцца → Монако → Венеція → Відень → Львів,334,350,342,8,2,4,96,5,0,0,0,2,11,13,14,15,9,12,9,11,16,"4,68%","42,75","85,50",FALSE,12,564,-222,9,"15,63%",СЕРПЕНЬ,https://www.accordtour.com/tours/888163
ACC-30,Франція,Accord tour,Екскурсійний,Тяжкий Люкс 400 +,"Шедеври Франції  Етрета, Мон Сан Мішель, Замки Луари",Львів → Краків → Прага → Гайдельберг → Париж → Руан → Скелі Етрета → Версаль → Мон Сан Мішель → Канкаль → Сен Мало → Долина Луари → Страсбург → Кольмар → Прага → Львів,435,447,441,8,0,7,40,7,0,0,0,1,4,4,5,6,5,6,3,6,12,"2,72%","55,13","63,00",TRUE,26,364,77,9,"15,00%",СЕРПЕНЬ,https://www.accordtour.com/tours/380331
ACC-31,Франція,Accord tour,Екскурсійний,Тяжкий Люкс 400 +,"Все, про що мрію, — це Париж! Je t'aime, mon cher Paris!",Львів → Краків → Прага → Нюрнберг → Париж 5 днів → Нормандія → Діснейленд → Замки Луари → Версаль → Мец → Люксембург → Прага → Львів,480,490,485,9,0,8,35,8,0,0,0,2,4,5,4,5,3,6,3,3,10,"2,06%","53,89","60,63",TRUE,26,364,121,9,"17,14%",ЖОВТЕНЬ,https://www.accordtour.com/tours/8388/novyi_rik/
ACC-32,Польща,Accord tour,Екскурсійний,Економ 99 - 150,Краківський Вояж!,"Львів → Краків → Парк розваг ""Energy land"" → Велічка → Львів",123,,123,2,0,1,103,1,0,0,0,3,12,14,16,14,9,13,9,13,,"0,00%","61,50","123,00",TRUE,3,159,-36,9,"15,53%",ЛИПЕНЬ,https://www.accordtour.com/tours/863862
ACC-33,Німеччина,Accord tour,Екскурсійний,Економ 99 - 150,Вікенд в Берліні!,Львів → Краків → Берлін → Tropical Islands Resort → Потсдам → Львів,148,150,149,4,2,1,103,1,0,0,0,3,12,14,16,14,9,13,9,13,2,"1,34%","37,25","149,00",FALSE,5,226,-77,9,"15,53%",ЛИПЕНЬ,https://www.accordtour.com/tours/261408
ACC-34,Іспанія,Accord tour,Екскурсійний,Тяжкий Люкс 400 +,Кастаньєти іспанського серця  3 дні в Барселоні,Львів → Вроцлав → Нюрнберг → Берн → Інтерлакен → Фігерас → Барселона → Гора Монсеррат → Ніцца → Монако → Мілан → Оз. Комо → Любляна → Оз. Блед → Будапешт → Егер → Львів,516,524,520,10,0,7,19,9,0,0,0,2,2,3,3,5,2,2,,,8,"1,54%","52,00","74,29",TRUE,12,564,-44,7,"26,32%",СЕРПЕНЬ,https://www.accordtour.com/tours/888166
ACC-35,Франція,Accord tour,Екскурсійний,Стандарт 150 - 300,"Закохані в Париж Діснейленд, Нормандія + Страсбург...",Львів → Краків → Франкфурт-на-Майні → Париж → Версаль → Діснейленд → Нормандія → Страсбург → Прага → Львів,240,245,"242,5",6,2,5,66,3,0,0,0,4,10,9,9,11,5,7,3,8,5,"2,06%","40,42","48,50",FALSE,26,364,-121,9,"16,67%",СЕРПЕНЬ,https://www.accordtour.com/tours/311103
ACC-36,Іспанія,Accord tour,Екскурсійний,Тяжкий Люкс 400 +,Апельсиновий рай  відпочинок на морі Іспанії та Франції + Швейцарія!!!,Львів → Нюрнберг → Бамберг → Лазурне узбережжя → Ніцца → Канни → Монако → Відпочинок на узбережжі Іспанії → Барселона → Гора Монсеррат → Цюріх → Люцерн → Рейнський водоспад → Мюнхен → Гора Пілатус → Прага → Львів,458,460,459,9,2,7,48,6,0,0,0,2,7,8,8,7,8,8,,,2,"0,44%","51,00","65,57",FALSE,12,564,-105,7,"16,67%",ЧЕРВЕНЬ,https://www.accordtour.com/tours/668
ACC-37,Іспанія,Accord tour,Екскурсійний,Тяжкий Люкс 400 +,Пристрасть по-іспанськи! Відпочинок на морі!,Львів → Бамберг → Гейдельберг → Женева → Швейцарська Рів'єра → Монблан → Авіньон → Узбережжя Іспанії → Барселона → Андора → Монсеррат → Лазурне узбережжя → Ніцца → Монако → Монте Карло → Верона → Озеро Гарда → Егер → Львів,572,590,581,10,0,7,48,9,0,0,0,2,7,8,8,7,8,8,,,18,"3,10%","58,10","83,00",TRUE,12,564,17,7,"16,67%",ЧЕРВЕНЬ,https://www.accordtour.com/tours/1118336
ACC-38,Франція,Accord tour,Екскурсійний,Люкс 300 - 400,"Романтичний Париж!   Страсбург, Кольмар, Нюрнберг",Львів → Краків → Нюрнберг → Гельдельберг → Париж → Версаль → Нормандія → Діснейленд → Кольмар → Страсбург → Прага → Львів,380,385,"382,5",7,0,6,93,6,0,0,0,4,8,12,12,14,9,13,9,12,5,"1,31%","54,64","63,75",TRUE,26,364,19,9,"15,05%",СЕРПЕНЬ,https://www.accordtour.com/tours/6687
ACC-39,Франція,Accord tour,Екскурсійний,Люкс 300 - 400,"Атмосфера свята  Франція та Швейцарія  Париж, Цюріх, Люцерн",Львів → Краків → Нюрнберг → Гельдельберг → Париж → Версаль → Діснейленд → Цюріх → Люцерн → Прага → Львів,337,346,"341,5",6,0,5,34,5,0,0,0,4,7,5,6,8,4,,,,9,"2,64%","56,92","68,30",TRUE,26,364,-22,6,"23,53%",СЕРПЕНЬ,https://www.accordtour.com/tours/611000
ACC-40,Швейцарія,Accord tour,Екскурсійний,Люкс 300 - 400,"Розкішна подорож  Франція та Швейцарія  Париж, Нормандія, Берн, Цюріх, Люцерн",Львів → Вроцлав → Вюрцбург → Бамберг → Париж → Версаль → Діснейленд → Берн → Інтерлакен → Цюріх → Люцерн → Прага → Львів,388,390,389,7,0,6,89,6,0,0,0,1,8,12,12,14,9,13,9,11,2,"0,51%","55,57","64,83",TRUE,14,350,39,9,"15,73%",СЕРПЕНЬ,https://www.accordtour.com/tours/338883
ACC-41,Іспанія,Accord tour,Морський,Тяжкий Люкс 400 +,Іспанська сієста... Відпочинок на морі!,Львів → Краків → Мюнхен → Замок Нойшванштайн → Монпельє → Узбережжя Іспанії → Барселона → Андора → Монсеррат → Лігурійське узбережжя → Ніцца → Канни → Монако → Монте Карло → Зальцбург → Долина Зальцкаммергут → Відень → Львів,551,561,556,11,2,6,48,8,0,0,0,2,7,8,8,7,8,8,,,10,"1,80%","50,55","92,67",FALSE,12,564,-8,7,"16,67%",ЧЕРВЕНЬ,https://www.accordtour.com/tours/1118333
ACC-42,Франція,Accord tour,Екскурсійний,Люкс 300 - 400,"Любов і голуби… Париж, Франкфурт, Дрезден і Прага!!!",Львів → Краків → Дрезден → Париж → Лувр → Версаль → Парк Діснейленд → Франкфурт → Прага → Львів,329,336,"332,5",6,0,4,99,5,0,0,0,3,9,14,13,14,9,14,9,14,7,"2,11%","55,42","83,13",TRUE,26,364,-31,9,"14,14%",ЧЕРВЕНЬ,https://www.accordtour.com/tours/4377
ACC-43,Франція,Accord tour,Екскурсійний,Стандарт 150 - 300,Французький настрій в Парижі та Діснейленді!,Львів → Вроцлав → Берлін → Париж → Версаль → Діснейленд → Нюрнберг → Бамберг → Прага → Брно → Львів,257,269,263,6,2,5,94,3,0,0,0,3,9,13,12,14,9,13,9,12,12,"4,56%","43,83","52,60",FALSE,26,364,-101,9,"14,89%",СЕРПЕНЬ,https://www.accordtour.com/tours/8445
ACC-44,Франція,Accord tour,Екскурсійний,Стандарт 150 - 300,В Привабливому Парижі + Мюнхен та Діснейленд!!!,Львів → Вроцлав → Дрезден → Париж → Мюнхен → Прага → Львів,256,274,265,6,2,4,95,3,0,0,0,3,9,13,12,14,9,13,9,13,18,"6,79%","44,17","66,25",FALSE,26,364,-99,9,"14,74%",СЕРПЕНЬ,https://www.accordtour.com/tours/3385
ACC-45,Чехія,Accord tour,Екскурсійний,Економ 99 - 150,Казкова Прага + Дрезден,Львів → Дрезден → Прага → Львів,161,166,"163,5",4,1,3,52,2,0,0,0,4,8,7,8,9,6,10,,,5,"3,06%","40,88","54,50",FALSE,10,217,-53,7,"19,23%",ЖОВТЕНЬ,https://www.accordtour.com/tours/661888
ACC-46,Франція,Accord tour,Екскурсійний,Стандарт 150 - 300,Маленька французька подорож Париж та Діснейленд,Львів → Перемишль → Вроцлав → Катовіце → Дрезден → Ерфурт → Саарбрюккен → Париж → Люксембург → Нюрнберг → Прага → Катовіце → Львів,195,200,"197,5",6,2,4,101,3,0,0,0,5,11,14,14,15,9,13,9,11,5,"2,53%","32,92","49,38",FALSE,26,364,-166,9,"14,85%",СЕРПЕНЬ,https://www.accordtour.com/tours/1863
ACC-47,Швейцарія,Accord tour,Екскурсійний,Люкс 300 - 400,В повному шоколаді... або 2 дні в Швейцарії!,Львів → Краків → Зальцбург → Орлине Гніздо → Цюріх → Рейнский водоспад → Люцерн → Берн → Інтерлакен → Кольмар → Страсбург → Прага → Львів,302,319,"310,5",6,0,5,106,5,0,0,0,3,10,15,15,14,11,15,9,14,17,"5,48%","51,75","62,10",TRUE,14,350,-39,9,"14,15%",ЧЕРВЕНЬ,https://www.accordtour.com/tours/8003
ACC-48,Франція,Accord tour,Екскурсійний,Стандарт 150 - 300,В полоні Парижа  Діснейленд + Ельзас+ Швейцарія,Львів → Будапешт → Страсбург → Кольмар → Париж → Версаль → Нормандія → Діснейленд → Цюрих → Відень → Львів,267,277,272,6,2,5,44,3,0,0,0,4,10,10,9,11,,,,,10,"3,68%","45,33","54,40",FALSE,26,364,-92,5,"25,00%",СЕРПЕНЬ,https://www.accordtour.com/tours/161611
ACC-49,Нідерланди,Accord tour,Екскурсійний,Люкс 300 - 400,"Фантастична четвірка: Амстердам, Брюссель, Люксембург та Берлін!",Львів → Вроцлав → Берлін → Амстердам → Волендам → Брюссель → Гент → Брюгге → Люксембург → Нюрнберг → Прага → Краків → Львів,341,343,342,6,0,4,95,5,0,0,0,3,9,13,12,14,9,13,9,13,2,"0,58%","57,00","85,50",TRUE,13,334,8,9,"14,74%",СЕРПЕНЬ,https://www.accordtour.com/tours/1118171
ACC-50,Бельгія,Accord tour,Екскурсійний,Люкс 300 - 400,Бельгія для гурманів або 2 дні в Брюсселі!,Львів → Вроцлав → Ерфурт → Замок Вартбург → Брюссель → Левен → Мехелен → Гент → Брюгге → Антверпен → Аахен → Кельн → Краків → Львів,363,365,364,6,0,4,93,5,0,0,0,3,9,13,12,14,9,13,9,11,2,"0,55%","60,67","91,00",TRUE,2,403,-39,9,"15,05%",СЕРПЕНЬ,https://www.accordtour.com/tours/261417
ACC-51,Нідерланди,Accord tour,Екскурсійний,Стандарт 150 - 300,"Лайк там, де Амстердам!",Львів → Краків → Амстердам → Заансе Сханс → Волендам → Парк Кекенхоф → Делфт → Гаага → Роттердам → Прага → Львів,207,209,208,4,2,2,95,1,0,0,0,3,9,13,12,14,9,13,9,13,2,"0,96%","52,00","104,00",FALSE,13,334,-126,9,"14,74%",СЕРПЕНЬ,https://www.accordtour.com/tours/330006/lang/ru
ACC-52,Швейцарія,Accord tour,Екскурсійний,Стандарт 150 - 300,"Вікенд в Швейцарію або Фондю для двох!  Берн, Цюріх, Люцерн, Інтерлакен, Гріндельвальд",Львів → Вроцлав → Саксонська Швейцарія → Дрезден → Берн → Бернський оберланд → Цюріх → Рейнский водоспад → Люцерн → Прага → Львів,294,318,306,5,0,3,92,4,0,0,0,3,9,13,13,14,7,12,9,12,24,"7,84%","61,20","102,00",TRUE,14,350,-44,9,"15,22%",СЕРПЕНЬ,https://www.accordtour.com/tours/180308
ACC-53,Нідерланди,Accord tour,Екскурсійний,Люкс 300 - 400,"Зустрінемось в Амстердамі + парк ""Кекенхоф"" і парк розваг Ефтелінг!!!",Львів → Берлін → Амстердам → Парк Кекенхоф → Парк Ефтелінг → Брюссель → Дрезден → Саксонську Швейцарію → Краків → Львів,347,371,359,6,0,4,93,5,0,0,0,3,9,13,12,12,9,13,9,13,24,"6,69%","59,83","89,75",TRUE,13,334,25,9,"13,98%",ЧЕРВЕНЬ,https://www.accordtour.com/tours/4967
ACC-54,Франція,Accord tour,Екскурсійний,Стандарт 150 - 300,"Магія Парижа  Діснейленд, замок Нойшвайнштайн, долина Вахау",Львів → Краків → Нюрнберг → Бамберг → Париж → Етрета → Руан → Діснейленд → Замок Нойшвайнштайн → Мюнхен → Брно → Львів,347,353,350,6,2,5,34,3,0,0,0,4,7,5,6,8,4,,,,6,"1,71%","58,33","70,00",FALSE,26,364,-14,6,"23,53%",СЕРПЕНЬ,https://www.accordtour.com/tours/381103
ACC-55,"Словаччина, Польща",Accord tour,СПА-тур,Стандарт 150 - 300,"Вихідні в Словаччині   Термали, гори і релакс...",Львів → Закопане → Буковина Татранська → Попрад → Татранська Ломниця → Кежмарок → Ясна → Кошице → Прешов → Львів,204,,204,4,0,2,1,3,0,0,0,1,,,,,,,,,,"0,00%","51,00","102,00",TRUE,1,204,0,1,"100,00%",КВІТЕНЬ,https://www.accordtour.com/tours/8476/tab/tab_price/tour_date/2026-04-25/cls_number_adult_cnt/%7B1:1%7D/cls_number_child_age/%7B%7D/tour_include_ins/true
ACC-56,Швейцарія,Accord tour,Екскурсійний,Люкс 300 - 400,"Відпочинок на висоті Швейцарія, Баварія, Австрія  Острів Майнау, Замок Нойшвайнштайн, Світ Сваровскі...",Львів → Вроцлав → Саксонська Швейцарія → Бамберг → О.Майнау → Цюріх → Люцерн → Берн → Інтерлакен → Замок Нойшвайнштайн → Зальцбург Гальштат → Відень → Брно → Львів,367,380,"373,5",7,0,6,9,6,0,0,0,1,2,2,2,2,,,,,13,"3,48%","53,36","62,25",TRUE,14,350,24,5,"22,22%",ТРАВЕНЬ,https://www.accordtour.com/tours/116180
ACC-57,"Нідерланди, Франція",Accord tour,Екскурсійний,Люкс 300 - 400,"Мої найкращі друзі    Амстердам, Брюсель, Париж",Львів → Вроцлав → Берлін → Амстердам → Волендам → Кекенхоф → Брюссель → Гент → Париж → Версаль → Дефанс → Люксембург → Дрезден → Львів,421,431,426,8,0,7,84,7,0,0,0,3,9,12,10,14,8,13,9,6,10,"2,35%","53,25","60,86",TRUE,1,455,-29,9,"16,67%",СЕРПЕНЬ,https://www.accordtour.com/tours/8438
ACC-58,Італія,Accord tour,Екскурсійний,Стандарт 150 - 300,"Дефіле для романтиків: Прага, Мілан, Венеція",Львів → Краків → Прага → Мілан → Бергамо → Оз. Комо → Венеція → Відень → Львів,225,234,"229,5",5,2,3,79,2,0,0,0,3,8,11,13,13,9,13,9,,9,"3,92%","45,90","76,50",FALSE,36,354,-124,8,"16,46%",ЛИПЕНЬ,https://www.accordtour.com/tours/261440
ACC-59,Італія,Accord tour,Екскурсійний,Стандарт 150 - 300,Знайомство з Казанова! Відень+Верона+Венеція,Львів → Краків → Відень → Верона → Озеро Гарда → Парк розваг Гардаленд → Венеція → Будапешт → Егер → Львів,278,289,"283,5",5,0,3,67,4,0,0,0,3,8,9,10,11,8,9,9,,11,"3,88%","56,70","94,50",TRUE,36,354,-70,8,"16,42%",СЕРПЕНЬ,https://www.accordtour.com/tours/8332
ACC-60,Італія,Accord tour,Екскурсійний,Люкс 300 - 400,"Коротке побачення в Італії: Верона, Мілан, Венеція",Львів → Зальцбург → Верона → Оз. Гарда → Мілан → Оз. Комо → Бергамо → Венеція → Львів,330,355,"342,5",6,0,4,71,5,0,0,0,3,8,9,10,11,8,13,9,,25,"7,30%","57,08","85,63",TRUE,36,354,-11,8,"18,31%",ЖОВТЕНЬ,https://www.accordtour.com/tours/8437
ACC-61,Франція,Accord tour,Екскурсійний,Стандарт 150 - 300,Солодкий круасан - Париж,Львів → Краків → Дрезден → Париж → Лувр → Версаль → Парк Діснейленд → Нормандія → Прага → Львів,230,245,"237,5",6,2,4,68,3,0,0,0,5,11,9,9,11,4,7,4,8,15,"6,32%","39,58","59,38",FALSE,26,364,-126,9,"16,18%",ТРАВЕНЬ,https://www.accordtour.com/tours/831318
ACC-62,Німеччина,Accord tour,Екскурсійний,Стандарт 150 - 300,"Happy days або 5 столиць!!! ...Берлін, Прага, Відень, Будапешт та Варшава...",Львів → Варшава → Берлін → Прага → Відень → Будапешт → Львів,234,237,"235,5",5,1,3,96,3,0,0,0,4,12,14,10,12,14,12,7,11,3,"1,27%","47,10","78,50",FALSE,5,226,9,9,"14,58%",ЧЕРВЕНЬ,https://www.accordtour.com/tours/6154/lang/ru
ACC-63,Франція,Accord tour,Екскурсійний,Тяжкий Люкс 400 +,"Французький реверанс  Париж, Нормандія, Мон-Сен-Мішель, Аквітанія, Замки Луари, Ельзас",Львів → Краків → Прага → Гельдельберг → Париж → Руан → Етрета → Онфлер → Мон → Сан → Мішель → Сен → Мало → Бордо → Замки Луари → Страсбург → Кольмар → Прага → Львів,623,632,"627,5",10,0,10,11,9,0,0,0,1,2,1,2,3,1,1,,,9,"1,43%","62,75","62,75",TRUE,26,364,264,7,"27,27%",СЕРПЕНЬ,https://www.accordtour.com/tours/881188
ACC-64,Італія,Accord tour,Екскурсійний,Стандарт 150 - 300,"Яскраві нотки Італії: 2 дні в Римі + Флоренція, Венеція",Львів → Флоренція → Піза → Рим → Ватикан → Венеція → Будапешт → Львів,289,294,"291,5",6,2,3,62,3,0,0,0,3,8,12,8,7,7,9,8,,5,"1,72%","48,58","97,17",FALSE,36,354,-62,8,"19,35%",ЧЕРВЕНЬ,https://www.accordtour.com/tours/133886
ACC-65,"Італія, Сан-Марино",Accord tour,Екскурсійний,Тяжкий Люкс 400 +,"Сто причин любити Італію, і перша - Рим! Флоренція + Венеція!",Львів → Краків → Грац → Флоренція → Піза → Сан → Джіміньяно → Рим → Ватикан → Неаполь → Помпеї → Капрі → Амальфі → Перуджа → Ріміні → Сан → Марино → Венеція → Відень → Львів,449,468,"458,5",8,0,6,53,7,0,0,0,2,8,7,6,6,6,6,6,6,19,"4,14%","57,31","76,42",TRUE,4,519,-60,9,"15,09%",ТРАВЕНЬ,https://www.accordtour.com/tours/8345
ACC-66,Португалія,Accord tour,Екскурсійний,Тяжкий Люкс 400 +,"Моя Португалія  Лісабон, Порту, Сінтра, Мадрид, Барселона, Ніцца, Монако!",Львів → Любляна → Оз. Блед → Ніцца → Монако → Мадрид → Толедо → Лісабон → Порту → Обідуш → Алкобаса → Баталья → Фатіма → Сінтра → Барселона → Монсеррат → Канни → Оз.Гарда → Верона → Егер → Львів,542,549,"545,5",11,3,6,34,7,0,0,0,1,5,4,5,4,3,5,3,4,7,"1,28%","49,59","90,92",FALSE,2,744,-199,9,"14,71%",ТРАВЕНЬ,https://www.accordtour.com/tours/616161/tab/tab_price/tour_date/2026-12-17/cls_number_adult_cnt/%7B1:1%7D/cls_number_child_age/%7B%7D/tour_include_ins/true
ACC-67,Швейцарія,Accord tour,Екскурсійний,Стандарт 150 - 300,"Швейцарський вікенд + Баварія Цюріх, Люцерн + Мюнхен та Відень",Львів → Мукачево → Будапешт → Мюнхен → Цюрих → Люцерн → Берн → Бернский оберланд → Відень → Мукачево → Львів,185,191,188,4,2,3,13,1,0,0,0,1,3,3,2,2,2,,,,6,"3,19%","47,00","62,67",FALSE,14,350,-162,6,"23,08%",ТРАВЕНЬ,https://www.accordtour.com/tours/866331
ACC-68,Італія,Accord tour,Екскурсійний,Економ 99 - 150,Мій Італійський вікенд: Венеція+Верона,Львів → Будапешт → Венеція → Мурано → Бурано → Верона → Оз. Гарда → Егер → Львів,148,168,158,4,2,1,66,1,0,0,0,2,8,11,9,9,8,11,8,,20,"12,66%","39,50","158,00",FALSE,36,354,-196,8,"16,67%",ЧЕРВЕНЬ,https://www.accordtour.com/tours/888662
ACC-69,Італія,Accord tour,Екскурсійний,Стандарт 150 - 300,Вікенд в Доломітах: озеро Блед+озеро Мольвено+Венеція,Львів → Будапешт → Любляна → Озеро Блед → Тренто → Озеро Мольвено → Гора Паганелла → Венеція → Егер → Егерсалок → Львів,215,227,221,5,0,2,49,4,0,0,0,3,6,6,6,7,7,8,6,,12,"5,43%","44,20","110,50",TRUE,36,354,-133,8,"16,33%",ЖОВТЕНЬ,https://www.accordtour.com/tours/616116
ACC-70,Італія,Accord tour,Екскурсійний,Стандарт 150 - 300,Заряд бадьорості: Доломітові Альпи+Адріатичне море Італії,Львів → Будапешт → Ліньяно → Сабб'ядоро → Верона → Озеро Гарда → Тренто → Озеро Браес → Озеро Мізуріна → Венеція → Егер → Егерсалок → Львів,308,319,"313,5",6,0,3,46,5,0,0,0,3,6,5,6,8,5,7,6,,11,"3,51%","52,25","104,50",TRUE,36,354,-40,8,"17,39%",СЕРПЕНЬ,https://www.accordtour.com/tours/310680
ACC-71,Німеччина,Accord tour,Екскурсійний,Стандарт 150 - 300,Знайомтесь - Німеччина: Берлін + Потсдам + Дрезден + Саксонська Швейцарія,Львів → Варшава → Берлін → Потсдам → Дрезден → Саксонска Швейцарія → Вроцлав → Львів,209,214,"211,5",4,0,2,99,3,0,0,0,3,12,14,10,12,14,12,11,11,5,"2,36%","52,88","105,75",TRUE,5,226,-15,9,"14,14%",ЧЕРВЕНЬ,https://www.accordtour.com/tours/5470
ACC-72,Чехія,Accord tour,СПА-тур,Стандарт 150 - 300,"Кращі коліжанки Чеського королівства + SPA релакс  Прага, Дрезден, Карлові Вари",Львів → Перемишль → Краків → Прага → Карлові Вари → Дрезден → Чеський Крумлов → Закопане → Львів,231,236,"233,5",5,0,3,34,4,0,0,0,2,5,3,5,5,3,5,1,5,5,"2,14%","46,70","77,83",TRUE,10,217,17,9,"14,71%",ТРАВЕНЬ,https://www.accordtour.com/tours/6638
ACC-73,Італія,Accord tour,Екскурсійний,Стандарт 150 - 300,"Вихідні в Італії  Флоренція, Рим, Венеція",Львів → Будапешт → Флоренція → Піза → Рим → Ватикан → Венеція → Будапешт → Львів,234,262,248,5,2,4,52,2,0,0,0,2,7,11,6,6,5,8,7,,28,"11,29%","49,60","62,00",FALSE,36,354,-106,8,"21,15%",ЧЕРВЕНЬ,https://www.accordtour.com/tours/168300
ACC-74,Італія,Accord tour,Екскурсійний,Стандарт 150 - 300,Особливий вікенд: Любляна + Венеція,Львів → Будапешт → Любляна → Оз. Блед → Венеція → О. Мурано → Бурано → Егер → Львів,224,237,"230,5",4,0,3,67,3,0,0,0,2,8,11,9,9,8,11,9,,13,"5,64%","57,63","76,83",TRUE,36,354,-123,8,"16,42%",ЧЕРВЕНЬ,https://www.accordtour.com/tours/168686
ACC-75,Італія,Accord tour,Екскурсійний,Стандарт 150 - 300,"Соковитий вікенд: Верона, Рим, Венеція!",Львів → Будапешт → Верона → Рим → Ватикан → Венеція → Львів,248,256,252,5,2,3,52,2,0,0,0,2,7,11,6,6,5,8,7,,8,"3,17%","50,40","84,00",FALSE,36,354,-102,8,"21,15%",ЧЕРВЕНЬ,https://www.accordtour.com/tours/111366
ACC-76,Греція,Accord tour,Екскурсійний,Тяжкий Люкс 400 +,Під прапором Греції... Салоніки + Метеори + Афіни + Дельфи,Львів → Скоп'є → Салоніки → Вергіна → Лутра Арідея → Метеори → Афіни → Арголіда → Пелопоннес → Мікени → Нафпліон → Епідавр → Мис Суніон → Озеро Вуліагмені → Дельфи → Олімп → Діон → Львів,476,486,481,8,0,3,20,7,0,0,0,,1,3,5,3,4,2,2,,10,"2,08%","60,13","160,33",TRUE,11,419,62,7,"25,00%",ЛИПЕНЬ,https://www.accordtour.com/tours/5594
ACC-77,Австрія,Accord tour,Екскурсійний,Люкс 300 - 400,Любовне зізнання: Відень + Прага!,Львів → Прага → Відень → Будапешт → Егер → Чоп → Львів,233,257,245,5,0,2,95,4,0,0,0,3,9,13,12,14,9,13,9,13,24,"9,80%","49,00","122,50",TRUE,5,198,47,9,"14,74%",СЕРПЕНЬ,https://www.accordtour.com/tours/1118341
ACC-78,"Швейцарія, Німеччина",Accord tour,Екскурсійний,Стандарт 150 - 300,"Мелодії Альп... Швейцарія, Баварія, Австрія +Майнау –острів весняних мрій...",Львів → Краків → Мюнхен → Замок Нойшванштайн → Цюрих → Люцерн → Інтерлакен → Рейнський водоспад → Зальцбург → Зальцкаммергут → Відень → Львів,268,271,"269,5",5,0,4,70,4,0,0,0,5,11,9,12,10,8,9,3,3,3,"1,11%","53,90","67,38",TRUE,1,270,0,9,"17,14%",ЛИПЕНЬ,https://www.accordtour.com/tours/8167/vsi_avtobusni_tury/avstriia
ACC-79,Італія,Accord tour,Екскурсійний,Люкс 300 - 400,"Чао, Італія! 2 дні в Римі + Флоренція і Венеція!",Львів → Будапешт → Любляна → Блед → Флоренція → Піза → Рим → Ватикан → Венеція → Егер → Львів,388,428,408,7,0,5,54,6,0,0,0,3,8,7,6,6,6,6,6,6,40,"9,80%","58,29","81,60",TRUE,36,354,54,9,"14,81%",ТРАВЕНЬ,https://www.accordtour.com/tours/8331
ACC-80,Італія,Accord tour,Екскурсійний,Люкс 300 - 400,Секрет вічності… Рим + Флоренція і Венеція,Львів → Будапешт → Венеція → Рим → Ватикан → Неаполь → Помпеї → Капрі → Флоренція → Піза → Егер → Львів,329,344,"336,5",7,2,3,54,4,0,0,0,3,8,7,6,6,6,6,6,6,15,"4,46%","48,07","112,17",FALSE,36,354,-17,9,"14,81%",ТРАВЕНЬ,https://www.accordtour.com/tours/8300
ACC-81,Греція,Accord tour,Екскурсійний,Люкс 300 - 400,"Таємнича Греція:  Салоніки, Афіни, Метеори",Одеса → Салоніки → Метеори → Афіни → Мікени → Нафпліон → Епідавр → Діон → Гора Олімп → Одеса,335,343,339,7,2,2,12,4,0,0,0,1,1,2,1,2,2,2,1,,8,"2,36%","48,43","169,50",FALSE,11,419,-80,8,"16,67%",ЧЕРВЕНЬ,https://www.accordtour.com/tours/110138
ACC-82,Італія,Accord tour,Екскурсійний,Тяжкий Люкс 400 +,"Скажемо «чііііз» в Італії: 3 дні в Римі + Неаполь, Флоренція і Венеція",Львів → Будапешт → Трієст → Флоренція → Піза → Сієна → Рим → Ватикан → Неаполь → Помпеї → Сорренто → Капрі → Тіволі → Венеція → Егер → Львів,434,451,"442,5",8,0,4,54,7,0,0,0,3,8,7,6,6,6,6,6,6,17,"3,84%","55,31","110,63",TRUE,36,354,89,9,"14,81%",ТРАВЕНЬ,https://www.accordtour.com/tours/8327
ACC-83,Італія,Accord tour,Екскурсійний,Тяжкий Люкс 400 +,"Завжди на висоті... Італія! Флоренція, Рим, Венеція + Доломітові Альпи",Львів → Будапешт → Трієст → Ліньяно → Сабб'ядоро → Доломітові Альпи → Тренто → Озеро Мольвено → Флоренція → Сієна → Сан → Джиміньяно → Піза → Рим → Ватикан → Тіволі → Неаполь → Венеція → Егер → Егералок → Львів,432,450,441,8,0,5,53,7,0,0,0,2,8,7,6,6,6,6,6,6,18,"4,08%","55,13","88,20",TRUE,36,354,87,9,"15,09%",ТРАВЕНЬ,https://www.accordtour.com/tours/861361
ACC-84,Італія,Accord tour,Екскурсійний,Тяжкий Люкс 400 +,Грація Північної Італії,Львів → Будапешт → Трієст → Мілан → Оз. Комо → Турін → Генуя → Санта Маргарита → Портофіно → Бергамо → Оз. Гарда → Брешія → Парма → Падуя → Віченца → Тревізо → Токай → Львів,486,510,498,8,0,6,46,7,0,0,0,3,6,5,6,5,4,6,6,5,24,"4,82%","62,25","83,00",TRUE,36,354,144,9,"13,04%",ТРАВЕНЬ,https://www.accordtour.com/tours/7786
ACC-85,"Італія, Сан-Марино",Accord tour,Екскурсійний,Тяжкий Люкс 400 +,Пригоди невгамовних або ще більше Італії + Сан-Марино,Львів → Будапешт → Трієст → Верона → Мілан → Флоренція → Піза → Лукка → Рим → Неаполь → Помпеї → Капрі → Амальфі → Тіволі → Чівіта ді Баньйореджо → Орвієто → Сан → Марино → Падуя → Болонья → Перуджа → Венеція → Егер → Львів,546,562,554,10,0,7,54,9,0,0,0,3,8,7,6,6,6,6,6,6,16,"2,89%","55,40","79,14",TRUE,4,519,35,9,"14,81%",ТРАВЕНЬ,https://www.accordtour.com/tours/8436/vsi_avtobusni_tury/italiia
ACC-86,Італія,Accord tour,Екскурсійний,Люкс 300 - 400,Найкращі хвилини в Італії!,Львів → Будапешт → Любляна → Тоскана → Флоренція → Піза → Рим → Ватикан → Венеція → Львів,290,324,307,6,0,5,41,5,0,0,0,3,10,5,6,6,5,6,,,34,"11,07%","51,17","61,40",TRUE,36,354,-47,7,"24,39%",ТРАВЕНЬ,https://www.accordtour.com/tours/863
ACC-87,Італія,Accord tour,Екскурсійний,Люкс 300 - 400,"Стильна Італія... Трієст, Мілан, озеро Комо, Верона!",Львів → Будапешт → Трієст → Мілан → Бергамо → Оз. Комо → Лугано → Верона → Оз. Гарда → Егер → Егерсалок → Львів,356,431,"393,5",6,0,4,46,5,0,0,0,2,8,6,6,6,6,6,6,,75,"19,06%","65,58","98,38",TRUE,36,354,40,8,"17,39%",ТРАВЕНЬ,https://www.accordtour.com/tours/8366
ACC-88,Австрія,Accord tour,Екскурсійний,Стандарт 150 - 300,"Вікенд на трьох! Краків, Відень, Будапешт",Львів → Краків → Відень → Будапешт → Егер → Львів,162,174,168,3,0,2,107,2,0,0,0,3,12,14,16,18,9,13,9,13,12,"7,14%","56,00","84,00",TRUE,5,198,-30,9,"16,82%",СЕРПЕНЬ,https://www.accordtour.com/tours/881365/vsi_avtobusni_tury/avstrii
ACC-89,Швейцарія,Accord tour,Екскурсійний,Стандарт 150 - 300,"Мелодії Альп...  Швейцарія, Баварія, Австрія...",Львів → Краків → Мюнхен → Замок Нойшванштайн → Цюрих → Люцерн → Інтерлакен → Рейнський водоспад → Зальцбург → Зальцкаммергут → Відень → Львів,268,271,"269,5",5,0,4,70,4,0,0,0,5,11,9,12,10,8,9,3,3,3,"1,11%","53,90","67,38",TRUE,14,350,-80,9,"17,14%",ЛИПЕНЬ,https://www.accordtour.com/tours/8167
ACC-90,Італія,Accord tour,Екскурсійний,Люкс 300 - 400,Італійська пригода: 2 дні в Римі + Адріатичне узбережжя,Львів → Будапешт → Ліньяно → Сабб'ядоро → Рим → Ватикан → Неаполь → Венеція → Егер → Егерсалок → Львів,350,368,359,6,0,3,44,5,0,0,0,2,7,5,6,6,6,6,6,,18,"5,01%","59,83","119,67",TRUE,36,354,5,8,"15,91%",ТРАВЕНЬ,https://www.accordtour.com/tours/686081
ACC-91,Італія,Accord tour,Морський,Економ 99 - 150,https://www.accordtour.com/tours/660106/tab/tab_price/tour_date/2026-04-29/cls_number_adult_cnt/%7B1:1%7D/cls_number_child_age/%7B%7D/tour_include_ins/true,Львів → Будапешт → Венеція → О. Мурано → Бурано → Лідо ді Єзоло → Верона → Оз. Гарда → Трієст → Будапешт → Львів,172,,172,4,0,5,61,3,0,0,0,3,10,12,9,9,8,10,,0,,"0,00%","43,00","34,40",TRUE,36,354,-182,7,"19,67%",ЧЕРВЕНЬ,https://www.accordtour.com/tours/660106/tab/tab_price/tour_date/2026-04-29/cls_number_adult_cnt/%7B1:1%7D/cls_number_child_age/%7B%7D/tour_include_ins/true
ACC-92,Італія,Accord tour,Екскурсійний,Тяжкий Люкс 400 +,Ритми моди:Париж+Мілан,Львів → Вроцлав → Дрезден → Париж → Версаль → Діснейленд → Нормандія → Орлеан → Мілан → Озеро Комо → Бергамо → Венеція → Відень → Львів,468,506,487,8,0,5,79,7,0,0,0,3,8,10,9,11,8,10,9,11,38,"7,80%","60,88","97,40",TRUE,36,354,133,9,"13,92%",СЕРПЕНЬ,https://www.accordtour.com/tours/8335/tab/tab_price/tour_date/2026-05-07/cls_number_adult_cnt/%7B1:1%7D/cls_number_child_age/%7B%7D/tour_include_ins/true
ACC-93,Норвегія,Accord tour,Екскурсійний,Люкс 300 - 400,Фіорди Півночі!!!,Львів → Варшава → Гданськ → Копенгаген → Осло → Флом → Гетеборг → Львів,553,583,568,7,0,4,58,6,0,0,0,2,10,8,8,10,8,8,1,3,30,"5,28%","81,14","142,00",TRUE,2,585,-17,9,"17,24%",ТРАВЕНЬ,https://www.accordtour.com/tours/1030
ACC-94,Швейцарія,Accord tour,Екскурсійний,Стандарт 150 - 300,Вихідні в Ельзасі + Швейцарія,Львів → Краків → Прага → Нюрнберг → Бамберг → Страсбург → Кольмар → Цюрих → Люцерн → Інтерлакен → Рейнський водоспад → Прага → Львів,275,281,278,5,0,3,63,4,0,0,0,2,10,6,7,9,8,9,4,8,6,"2,16%","55,60","92,67",TRUE,14,350,-72,9,"15,87%",ТРАВЕНЬ,https://www.accordtour.com/tours/866106
ACC-95,Італія,Accord tour,Екскурсійний,Стандарт 150 - 300,"Мікс щасливих емоцій  Ніцца, Монако, Портофіно",Львів → Будапешт → Верона → Озеро Гарда → Ніцца → Монако → Венеція → Львів,195,215,205,6,2,5,29,3,0,0,0,2,5,4,4,7,4,3,,,20,"9,76%","34,17","41,00",FALSE,36,354,-149,7,"24,14%",СЕРПЕНЬ,https://www.accordtour.com/tours/801366
ACC-96,Чехія,Accord tour,Екскурсійний,Стандарт 150 - 300,Три щасливі дні  Прага + Дрезден,Львів → Перемишль → Ярослав → Тарнув → Краків → Катовіце → Прага → Дрезден → Прага → Катовіце → Краків → Тарнув → Ярослав → Перемишль → Львів,188,195,"191,5",4,0,2,54,3,0,0,0,5,8,7,8,9,6,11,,,7,"3,66%","47,88","95,75",TRUE,10,217,-25,7,"20,37%",ЖОВТЕНЬ,https://www.accordtour.com/tours/7936
ACC-97,Франція,Accord tour,Екскурсійний,Стандарт 150 - 300,Французький поцілунок!!!,Львів → Краків → Дрезден → Саксонська Швейцарія → Париж → Лувр → Прага → Брно → Львів,239,251,245,5,2,4,43,2,0,0,0,4,10,9,9,11,,,,,12,"4,90%","49,00","61,25",FALSE,26,364,-119,5,"25,58%",СЕРПЕНЬ,https://www.accordtour.com/tours/1118173/tab/tab_price/tour_date/2026-04-26/cls_number_adult_cnt/%7B1:1%7D/cls_number_child_age/%7B%7D/tour_include_ins/true
ACC-98,Італія,Accord tour,Морський,Стандарт 150 - 300,Вікенд з видом на море: Венеція + відпочинок на Адріатичному морі Італії,Львів → Будапешт → Венеція → Адріатичне узбережжя → Верона → Оз. Гарда → Трієст → Львів,160,162,161,5,2,1,53,2,0,0,0,2,10,8,8,9,8,8,,,2,"1,24%","32,20","161,00",FALSE,36,354,-193,7,"18,87%",ТРАВЕНЬ,https://www.accordtour.com/tours/1118326
ACC-99,Греція,Accord tour,Екскурсійний,Стандарт 150 - 300,В хорошому настрої:  Салоніки + Метеори + відпочинок на Егейському морі,Львів → Салоніки → Вергіна → Лутра Арідея → Метеори → Узбережжя Егейського моря → Олімп → Діон → Скіафос → Львів,233,236,"234,5",5,2,1,39,2,0,0,0,1,5,6,6,6,6,5,4,,3,"1,28%","46,90","234,50",FALSE,11,419,-185,8,"15,38%",ЧЕРВЕНЬ,https://www.accordtour.com/tours/681300
ACC-100,Румунія,Accord tour,Екскурсійний,Стандарт 150 - 300,Натхненний вікенд в Трансільванії...,Одеса → Бухарест → Сіная → Буштені → Трансильванія → Бран → Ришнов → Одеса,163,176,"169,5",3,0,3,45,2,0,0,0,2,5,6,5,5,5,6,5,6,13,"7,67%","56,50","56,50",TRUE,10,173,-4,9,"13,33%",ЧЕРВЕНЬ,https://www.accordtour.com/tours/7037/tab/tab_price/tour_date/2026-06-08/cls_number_adult_cnt/%7B1:1%7D/cls_number_child_age/%7B%7D/tour_include_ins/true
ACC-101,Італія,Accord tour,Екскурсійний,Люкс 300 - 400,Вище неба: відпочинок у Доломітових Альпах Італії,Львів → Краків → Бад Ішль → Гальштат → Доломітові Альпи → Тренто → Оз.Мольвено → Оз.Браєс → Оз.Мізуріна → Ріва → Дель → Гарда → Будапешт → Львів,364,400,382,6,0,1,69,5,0,0,0,3,8,10,11,11,8,9,9,0,36,"9,42%","63,67","382,00",TRUE,36,354,28,8,"15,94%",ЛИПЕНЬ,https://www.accordtour.com/tours/381010
ACC-102,Франція,Accord tour,Екскурсійний,Люкс 300 - 400,"Лазурові пригоди  Ніцца, Монако, Канни, Прованс",Львів → Мукачево → Будапешт → Трієст → Ніцца → Монако → Генуя → Портофіно → Венеція → Егер → Мукачево → Львів,325,329,327,7,2,5,54,4,0,0,0,2,8,7,6,6,6,6,6,7,4,"1,22%","46,71","65,40",FALSE,26,364,-37,9,"14,81%",ТРАВЕНЬ,https://www.accordtour.com/tours/8330
ACC-103,Греція,Accord tour,Екскурсійний,Люкс 300 - 400,"Олімпійський привіт: Салоніки, Афіни, Метеори",Львів → Салоніки → Діон → Олімп → Вергіна → Лутра Арідея → Афіни → Акрополь → Пелопоннес → Мікени → Нафпліон → Епідавр → Метеори → Львів,316,319,"317,5",6,2,2,41,3,0,0,0,2,5,6,7,6,5,4,6,,3,"0,94%","52,92","158,75",FALSE,11,419,-102,8,"17,07%",ЛИПЕНЬ,https://www.accordtour.com/tours/5932
ACC-104,Нідерланди,Accord tour,Екскурсійний,Люкс 300 - 400,"Там, де Північ зустрічається з Півднем… Амстердам+Мілан+Венеція!",Львів → Вроцлав → Ганновер → Амстердам → Заансе Сханс → Волендам → Делфт → Гаага → Схевенінген → Роттердам → Гітхорн → Мілан → Бергамо → Оз. Комо → Венеція → Мурано → Бурано → Будапешт → Львів,332,349,"340,5",7,2,4,72,4,0,0,0,3,6,8,9,9,9,8,9,11,17,"4,99%","48,64","85,13",FALSE,13,334,6,9,"15,28%",ГРУДЕНЬ,https://www.accordtour.com/tours/630113/vsi_avtobusni_tury/niderlandu
ACC-105,Італія,Accord tour,Морський,Тяжкий Люкс 400 +,"Лазурова відпустка  Ніцца, Канни, Монако, Сан Ремо, Портофіно",Львів → Мукачево → Будапешт → Надьканіжа → Марібор → Любляна → Мілан → Ніцца → Монако → Канни → Прованс → Генуя → Портофіно → Лідо ді Езоло → Венеція → Любляна → Марібор → Надьканіжа → Егер → Мукачево → Львів,477,479,478,8,0,5,54,7,0,0,0,2,8,7,6,6,6,6,6,7,2,"0,42%","59,75","95,60",TRUE,36,354,124,9,"14,81%",ТРАВЕНЬ,https://www.accordtour.com/tours/883136
ACC-106,Франція,Accord tour,Екскурсійний,Стандарт 150 - 300,Яскраві враження.... Амстердам та Париж...,Львів → Вроцлав → Дрезден → Амстердам → Париж → Нормандія → Діснейленд → Прага → Львів,385,408,"396,5",7,2,6,91,4,0,0,0,4,9,12,10,14,9,13,9,11,23,"5,80%","56,64","66,08",FALSE,26,364,33,9,"15,38%",СЕРПЕНЬ,https://www.accordtour.com/tours/660866
ACC-107,Італія,Accord tour,Екскурсійний,Люкс 300 - 400,"Рим притягує нас!  Відень, Флоренція та Венеція",Львів → Краків → Відень → Флоренція → Рим → Венеція → Будапешт → Львів,286,318,302,6,0,4,62,5,0,0,0,4,7,8,9,10,8,9,3,4,32,"10,60%","50,33","75,50",TRUE,36,354,-52,9,"16,13%",СЕРПЕНЬ,https://www.accordtour.com/tours/813
ACC-108,Швейцарія,Accord tour,Екскурсійний,Люкс 300 - 400,"Швейцарська казка  Цюріх, Берн, Женева + Монблан",Львів → Краків → Прага → Нюрнберг → Страсбург → Мулюз → Берн → Інтерлакен → Ансі → Монблан → Цюрих → Люцерн → Рейнський водоспад → Прага → Брно → Львів,330,337,"333,5",6,0,5,17,5,0,0,0,2,3,3,3,3,3,,,,7,"2,10%","55,58","66,70",TRUE,14,350,-16,6,"17,65%",ТРАВЕНЬ,https://www.accordtour.com/tours/8360
ACC-109,Швейцарія,Accord tour,Екскурсійний,Люкс 300 - 400,"Швейцарська інтрига  Австрія, Італія та Доломітові Альпи",Львів → Краків → Зальцбург → Гальштат → Берн → Бернский оберланд → Цюріх → Люцерн → Доломитові Альпи → Грац → Львів,335,346,"340,5",6,0,5,61,5,0,0,0,3,8,8,9,10,8,9,3,3,11,"3,23%","56,75","68,10",TRUE,14,350,-9,9,"16,39%",СЕРПЕНЬ,https://www.accordtour.com/tours/8359
ACC-110,Австрія,Accord tour,Екскурсійний,Економ 99 - 150,"Віденський експрес!  Краків, Відень, Будапешт",Львів → Краків → Відень → Будапешт → Сентендре → Долина Красунь → Мукачево → Львів,98,123,"110,5",4,2,3,13,1,0,0,0,2,5,6,,,,,,,25,"22,62%","27,63","36,83",FALSE,5,198,-88,3,"46,15%",ЧЕРВЕНЬ,https://www.accordtour.com/tours/866636
ACC-111,Греція,Accord tour,Екскурсійний,Стандарт 150 - 300,Вічна класика: Салоніки + Афіни + Метеори,Одеса → Салоніки → Вергіна → Лутра Арідея → Олімп → Діон → Афіни → Акрополь → Мис Суніон → Метеори → Одеса,294,299,"296,5",6,2,2,40,3,0,0,0,2,5,5,6,5,5,6,6,,5,"1,69%","49,42","148,25",FALSE,11,419,-123,8,"15,00%",ЛИПЕНЬ,https://www.accordtour.com/tours/813066
ACC-112,Греція,Accord tour,Екскурсійний,Стандарт 150 - 300,Перше побачення в Греції:  Салоніки + Олімп + Метеори + Грецькі Альпи,Одеса → Салоніки → Олімп → Діон → Метеори → Вергіна → Лутра → Арідея → Одеса,203,207,205,5,2,1,38,2,0,0,0,2,6,5,6,5,4,6,4,,4,"1,95%","41,00","205,00",FALSE,11,419,-214,8,"15,79%",ТРАВЕНЬ,https://www.accordtour.com/tours/186313
ACC-113,Угорщина,Accord tour,Екскурсійний,Стандарт 150 - 300,Наш красивий вікенд!,Львів → Краків → Прага → Відень → Будапешт → Мішкольц → Тапольце → Токай → Львів,226,231,"228,5",5,0,4,48,4,0,0,0,4,8,7,8,9,6,6,,,5,"2,19%","45,70","57,13",TRUE,5,152,76,7,"18,75%",СЕРПЕНЬ,https://www.accordtour.com/tours/6113
ACC-114,Іспанія,Accord tour,Морський,Люкс 300 - 400,Іспанія – горда квітка Півдня  Відпочинок на морі,Львів → Мукачево → Будапешт → Ліньяно → Ніцца → Монако → Емпуріябрава → Фігерас → Ллорет де Мар → Барселона → Венеція → Долина Красунь → Мукачево → Львів,395,419,407,8,2,7,33,5,0,0,0,3,6,6,6,6,6,,,,24,"5,90%","50,88","58,14",FALSE,12,564,-157,6,"18,18%",ТРАВЕНЬ,https://www.accordtour.com/tours/888138
ACC-115,Іспанія,Accord tour,Морський,Тяжкий Люкс 400 +,Літня відпустка під іспанськими вітрилами  Відпочинок на морі,Львів → Краків → Зальцбург → Зальцкаммергут → Люцерн → Інтерлакен → Узбережжя Іспанії → Ніцца → Монако → Мілан → Оз. Комо → Відень → Львів,554,595,"574,5",10,0,6,48,9,0,0,0,2,7,8,8,7,8,8,,,41,"7,14%","57,45","95,75",TRUE,12,564,11,7,"16,67%",ЧЕРВЕНЬ,https://www.accordtour.com/tours/888661
ACC-116,Італія,Accord tour,Екскурсійний,Люкс 300 - 400,"Сонячна відпустка:  Трієст, Мілан, Генуя і Венеція",Львів → Будапешт → Трієст → Мірамаре → Мілан → О. Комо → Бергамо → Генуя → Санта Маргеріта → Портофіно → Венеція → Егер → Егерсалок → Львів,345,362,"353,5",6,0,5,42,5,0,0,0,2,6,4,7,5,5,7,6,,17,"4,81%","58,92","70,70",TRUE,36,354,0,8,"16,67%",ЛИПЕНЬ,https://www.accordtour.com/tours/1118349
ACC-117,Італія,Accord tour,Морський,Люкс 300 - 400,Випускний в Італії: 2 дні в Римі + відпочинок на морі,Львів → Будапешт → Ліньяно → Сабб'ядоро → Рим → Ватикан → Неаполь → Венеція → Егер → Егерсалок → Львів,350,367,"358,5",6,0,3,44,5,0,0,0,2,7,5,6,6,6,6,6,,17,"4,74%","59,75","119,50",TRUE,36,354,5,8,"15,91%",ТРАВЕНЬ,https://www.accordtour.com/tours/603600/avtobusni_ekonom_tury/italiia
ACC-118,Франція,Accord tour,Екскурсійний,Люкс 300 - 400,"Париж в моді, при любій погоді!",Львів → Будапешт → Страсбург → Кольмар → Париж → Версаль → Нормандія → Діснейленд → Цюріх → Люцерн → Рейнський водоспад → Відень → Львів,346,354,350,7,2,4,95,4,0,0,0,3,9,13,12,14,9,13,9,13,8,"2,29%","50,00","87,50",FALSE,26,364,-14,9,"14,74%",СЕРПЕНЬ,https://www.accordtour.com/tours/601066
ACC-119,Угорщина,Accord tour,Екскурсійний,Економ 99 - 150,"Мрії в подарунок…  Егер, Відень і Будапешт!",Львів → Егер → Долина Красунь → Будапешт → Сентендре → Вишеград → Відень/оз Балатон → Мишкольц → Тапольце → Токай → Львів,167,172,"169,5",4,0,3,31,3,0,0,0,4,6,6,7,4,4,,,,5,"2,95%","42,38","56,50",TRUE,5,152,17,6,"22,58%",ЛИПЕНЬ,https://www.accordtour.com/tours/3860
ACC-120,"Італія, Сан-Марино",Accord tour,Екскурсійний,Тяжкий Люкс 400 +,Естетика півдня: Амальфітанське узбережжя + Рим,Львів → Краків → Грац → Болонья → Феррара → Рим → Ватикан → Неаполь → Помпеї → Капрі → Амальфі → Сорренто → Салерно → Позітано → Орвієто → Монтепульчано → Перуджа → Чівіта ді Баньореджо → Падуя → Клагенфурт → Відень → Львів,524,536,530,9,0,6,37,8,0,0,0,2,6,6,6,5,6,6,,,12,"2,26%","58,89","88,33",TRUE,4,519,11,7,"16,22%",ТРАВЕНЬ,https://www.accordtour.com/tours/1118186/tab/tab_price/tour_date/2026-06-13/cls_number_adult_cnt/%7B1:1%7D/cls_number_child_age/%7B%7D/tour_include_ins/true
ACC-121,Італія,Accord tour,Екскурсійний,Люкс 300 - 400,"Love is...Венеція і Париж! + Діснейленд, Верона та Мілан...",Львів → Краків → Прага → Париж → Діснейденд → Мілан → Верона → Венеція → Будапешт → Егер → Чоп → Львів,334,344,339,7,2,5,95,4,0,0,0,3,9,13,12,14,9,13,9,13,10,"2,95%","48,43","67,80",FALSE,36,354,-15,9,"14,74%",СЕРПЕНЬ,https://www.accordtour.com/tours/160310
ACC-122,Нідерланди,Accord tour,Екскурсійний,Стандарт 150 - 300,Must seе - Amsterdam або 2 дні в Амстердамі!,Львів → Вроцлав → Берлін → Амстердам → Парк Кекенхоф → Парк Ефтелінг → Делфт → Гаага → Роттердам → Саксонська Швейцарія → Дрезден → Прага → Краків → Львів,274,276,275,6,2,3,95,3,0,0,0,3,9,13,12,14,9,13,9,13,2,"0,73%","45,83","91,67",FALSE,13,334,-59,9,"14,74%",СЕРПЕНЬ,https://www.accordtour.com/tours/5601
ACC-123,Чорногорія,Accord tour,Морський,Люкс 300 - 400,Мій маленький рай - Чорногорія!,Львів → Мукачево → Будванська рів'єра → Будва → Скадарське озеро → Котор → Цетіньє → Ловчен → Негуши → Каньйони річок Тара і Морача → Острог → Шкодер → Тірана → Круя → Дубровнік → Мукачево → Львів,339,,339,8,2,1,33,5,0,0,0,3,6,6,6,6,6,,,,,"0,00%","42,38","339,00",FALSE,6,356,-17,6,"18,18%",ТРАВЕНЬ,https://www.accordtour.com/tours/830681
ACC-124,Чорногорія,Accord tour,Морський,Люкс 300 - 400,Балканська красуня - Чорногорія!  Відпочинок на Адріатичному узбережжі...,Львів → Мукачево → Белград → Будванськая рів'єра → Будва → Скадарське озеро → Котор → Цетіньє → Ловчен → Негуши → Каньйони річок Тара і Морача → Острог → Шкодер → Тірана → Круя → Дубровник → Мукачево → Львів,369,,369,8,0,2,39,7,0,0,0,3,6,6,6,6,6,6,,,,"0,00%","46,13","184,50",TRUE,6,356,13,7,"15,38%",ТРАВЕНЬ,https://www.accordtour.com/tours/611606
ACC-125,Швейцарія,Accord tour,Екскурсійний,Тяжкий Люкс 400 +,Швейцарське фондю: вся Швейцарія і Австрія!!!,Львів → Краків → Зальцбург → Долина Зальцкаммергут → Ліхтейнштейн → Цюріх → Люцерн → Берн → Інтерлакен → Женева → Грюйєр → Швейцарська Рів'єра → Беллінцона → Гребля Верзаска → Озеро Комо → Лугано → Клагенфурт → Брно → Краків → Львів,503,518,"510,5",10,0,9,27,9,0,0,0,1,2,4,3,4,2,1,4,6,15,"2,94%","51,05","56,72",TRUE,14,350,161,9,"22,22%",ГРУДЕНЬ,https://www.accordtour.com/tours/8427
ACC-126,Італія,Accord tour,Морський,Люкс 300 - 400,У ритмі літа... Відпочинок на Адріатичному морі Італії,Львів → Будапешт → Адріатичне узбережжя → Сан Марино → Флоренція → Піза → Перуджа → Болонья → Рим → Ватикан → Лідо ді Єзоло → Венеція → Мурано Бурано → Егер → Львів,348,369,"358,5",8,2,0,30,5,0,0,0,3,4,5,5,6,4,3,,,21,"5,86%","44,81","0,00",FALSE,36,354,5,7,"20,00%",СЕРПЕНЬ,https://www.accordtour.com/tours/1118327
ACC-127,Італія,Accord tour,Морський,Люкс 300 - 400,Моя морська насолода!  Відпочинок на Адріатичному морі Італії!,Львів → Будапешт → Трієст → Курорт Ріміні → Сан → Марино → Флоренція → Піза → Сан Джиміньяно → Рим → Ватикан → Болонья → Равенна → Венеція → Егер → Львів,438,489,"463,5",8,0,2,29,7,0,0,0,3,4,5,5,5,4,3,,,51,"11,00%","57,94","231,75",TRUE,36,354,110,7,"17,24%",ЧЕРВЕНЬ,https://www.accordtour.com/tours/106686
ACC-128,Італія,Accord tour,Морський,Тяжкий Люкс 400 +,Куточок морського раю… відпочинок на Лігурійському узбережжі Італії,Львів → Бад Ішль → Гальштат → Оз.Гарда → Верона → Узбережжя Лігурійського моря → Ніцца → Монако → Генуя → Санта → Маргеріта → Портофіно → Дольчеаква → Сан → Ремо → Чінкве Терре → Венеція → Львів,558,567,"562,5",9,0,2,28,8,0,0,0,2,4,5,5,5,5,2,,,9,"1,60%","62,50","281,25",TRUE,36,354,209,7,"17,86%",ЧЕРВЕНЬ,https://www.accordtour.com/tours/8385
ACC-129,"Італія, Сан-Марино",Accord tour,Морський,Тяжкий Люкс 400 +,Відпустка на морі: відпочинок на Адріатичному узбережжя Італії,Львів → Трієст → Адріатичне узбережжя → Верона → Оз. Гарда → Гардаленд → Флоренція → Піза → Сан → Джіміньяно → Болонья → Феррара → Падуя → Равенна → Сан → Марино → Рим → Ватикан → Венеція → Егер → Львів,530,535,"532,5",10,0,2,24,9,0,0,0,,3,4,5,5,4,3,,,5,"0,94%","53,25","266,25",TRUE,4,519,14,6,"20,83%",ЛИПЕНЬ,https://www.accordtour.com/tours/1118350
ACC-130,Італія,Accord tour,Морський,Стандарт 150 - 300,Я і море - це amore: 3 ночі на узбережжі Адріатичного моря Італії,Львів → Будапешт → Адріатичне узбережжя → Сан → Марино → Флоренція → Піза → Лідо ді Єзоло → Венеція → Мурано Бурано → Будапешт → Львів,273,278,"275,5",6,2,0,26,3,0,0,0,,4,6,6,5,5,,,,5,"1,81%","45,92","0,00",FALSE,36,354,-78,5,"23,08%",ЧЕРВЕНЬ,https://www.accordtour.com/tours/188681
ACC-131,Данія,Accord tour,Екскурсійний,Тяжкий Люкс 400 +,"Скандинавський бум: Стокгольм, Осло, Копенгаген!  3 столиці Скандинавії!",Львів → Гданськ → Стокгольм → Осло → Гетеборг → Мальме → Замки Данії → Копенгаген → Львів,505,533,519,7,0,5,58,6,0,0,0,2,10,8,8,10,8,8,1,3,28,"5,39%","74,14","103,80",TRUE,1,519,0,9,"17,24%",ТРАВЕНЬ,https://www.accordtour.com/tours/7988
ACC-132,Норвегія,Accord tour,Екскурсійний,Тяжкий Люкс 400 +,Підкоренні красою… Скандинавія і Фйорди!,Львів → Варшава → Гданськ → Стокгольм → Осло → Флом → Гетеборг → Копенгаген → Дворец Фредериксборг/замок Кронборг → Мальме → Львів,696,730,713,9,0,4,58,8,0,0,0,2,10,8,8,10,8,8,1,3,34,"4,77%","79,22","178,25",TRUE,2,585,128,9,"17,24%",ТРАВЕНЬ,https://www.accordtour.com/tours/1110
ACC-133,Румунія,Accord tour,Екскурсійний,Стандарт 150 - 300,Цікаві вихідні в Трансільванії,Чернівці → Сігішоара → Трансильванія → Брашов → Бран → Сіная → Бухарест → Ришнов → Чернівці,176,,176,3,0,3,27,2,0,0,0,1,3,4,3,4,4,3,2,3,,"0,00%","58,67","58,67",TRUE,10,173,3,9,"14,81%",ЧЕРВЕНЬ,https://www.accordtour.com/tours/261491/tab/tab_price/tour_date/2026-05-10/cls_number_adult_cnt/%7B1:1%7D/cls_number_child_age/%7B%7D/tour_include_ins/true
ACC-134,Чорногорія,Accord tour,Морський,Люкс 300 - 400,Серце Адріатики... Чорногорія + Хорватія,Львів → Мукачево → Будапешт → Плітвіцкі озера → Макарська → Дубровнік → Будванська рів'єра → Скадарське озеро → Будва → Котор → Цетіньє → Негуші → Каньони річки Тараі Морача → Острог → Тирана → Белград → Мукачево → Львів,332,387,"359,5",9,0,2,32,8,0,0,0,,1,6,7,6,6,6,,,55,"15,30%","39,94","179,75",TRUE,6,356,3,6,"21,88%",ЛИПЕНЬ,https://www.accordtour.com/tours/688633
ACC-135,Чорногорія,Accord tour,Морський,Стандарт 150 - 300,Морський бриз Чорногорії,Львів → Мукачево → Белград → Будванська рів'єра → Будва → Скадарске озеро → Котор → Дубровнік → Мукачево → Львів,241,261,251,8,2,1,33,5,0,0,0,,3,6,6,6,6,6,,,20,"7,97%","31,38","251,00",FALSE,6,356,-105,6,"18,18%",ЧЕРВЕНЬ,https://www.accordtour.com/tours/800883
ACC-136,Іспанія,Accord tour,Морський,Тяжкий Люкс 400 +,Палкий тиждень в Іспанії,Львів → Мукачево → Будапешт → Ліньяно → Узбережжя Іспанії → Ніцца → Монако → Венеція → Егер → Мукачево → Львів,461,517,489,10,2,5,33,7,0,0,0,,3,6,6,6,6,6,,,56,"11,45%","48,90","97,80",FALSE,12,564,-75,6,"18,18%",ЧЕРВЕНЬ,https://www.accordtour.com/tours/888118
ACC-137,Італія,Accord tour,Екскурсійний,Тяжкий Люкс 400 +,Незнайомка з Півдня... Італія,Львів → Клагенфурт → Мілан → Озеро Маджоре → Турін → Генуя → Санта Маргаріта → Портофіно → Флоренція → Сан → Джіміньяно → Лукка → Піза → Рим → Ватикан → Неаполь → Помпеї → Сорренто → Капрі → Амальфі → Позітано → Салерно → Барі → Альберобелло → Матера → Сан → Бенедетто → Дель → Тронто → Перуджа → Сан Марино → Равенна → Ферарра → Трієст → Замок Мірамаре → Егер → Львів,604,608,606,10,0,6,23,9,0,0,0,,2,4,5,5,5,2,,,4,"0,66%","60,60","101,00",TRUE,36,354,252,6,"21,74%",ЛИПЕНЬ,https://www.accordtour.com/tours/6525
ACC-138,Естонія,Accord tour,Екскурсійний,Стандарт 150 - 300,"Казки Балтійського моря  Стокгольм, Рига, Таллінн",Львів → Каунас → Рига → Таллінн → Стокгольм → Таллінн → Юрмала → Львів,270,293,"281,5",5,0,2,28,4,0,0,0,2,4,3,5,4,2,4,2,2,23,"8,17%","56,30","140,75",TRUE,1,282,0,9,"17,86%",ЛИПЕНЬ,https://www.accordtour.com/tours/831601
ACC-139,Чорногорія,Accord tour,Морський,Стандарт 150 - 300,Спокій Адріатики  Відпочинок на морі в Чорногорії,Львів → Мукачево → Будванська Рив'єра → Скадарське озеро → Котор → Цетиньє → Негуши → Каньйони річок Тара і Морача → Острог → Шкодер → Тірана → Круя → Дубровник → Мукачево → Львів,278,299,"288,5",10,2,1,24,7,0,0,0,,2,4,5,4,4,5,,,21,"7,28%","28,85","288,50",FALSE,6,356,-68,6,"20,83%",ЛИПЕНЬ,https://www.accordtour.com/tours/610300
ACC-140,Іспанія,Accord tour,Морський,Тяжкий Люкс 400 +,Курортний Роман  Відпочинок на морі Іспанії  Швейцарія + Іспанія + Франція,Львів → Брно → Зальцбург → Зальцкаммергут → Берн → Інтерлакен → Женева → Узбережжя Costa Brava → Тосса → Де → Мар → Барселона → Андорра → Ла → Велья → Жирона → Палафольс → Безалу → Салоу → Кадакес → Ез → Монте → Карло → Монако → Ніцца → Генуя → Мілан → Любляна → Блед → Будапешт → Егер → Львів,755,763,759,14,0,8,27,13,0,0,0,1,5,4,4,5,4,4,,0,8,"1,05%","54,21","94,88",TRUE,12,564,195,7,"18,52%",ТРАВЕНЬ,https://www.accordtour.com/tours/888136
ACC-141,Іспанія,Accord tour,Морський,Тяжкий Люкс 400 +,Серенада південного сонця  Іспанія + Швейцарія   Відпочинок на морі,Львів → Краків → Прага → Нюрнберг → Страсбург → Женева → Ліон → Ллорет де Мар → Барселона → Фігерас → Жирона → Ніцца → Монако → Генуя → Портофіно → Мілан → Оз. Комо → Лугано → Грац → Львів,830,877,"853,5",14,0,9,16,13,0,0,0,,1,2,4,4,5,,,,47,"5,51%","60,96","94,83",TRUE,12,564,290,5,"31,25%",ВЕРЕСЕНЬ,https://www.accordtour.com/tours/111383
ACC-142,Італія,Accord tour,Морський,Тяжкий Люкс 400 +,"«Релакс» по-італійськи: Амальфітанське узбережжя + Рим, Флоренція і Венеція!",Львів → Краків → Грац → Рим → Ватикан → Рів'єра ді Уліссe → Террачіна → Сперлонга → Гаета → Неаполь → Помпеї → Капрі → Сорренто → Амальфітанське узбережжя → Амальфі → Позітано → Флоренція → Венеція → Егер → Львів,570,577,"573,5",10,0,4,36,9,0,0,0,2,6,6,6,5,6,5,,,7,"1,22%","57,35","143,38",TRUE,36,354,220,7,"16,67%",ТРАВЕНЬ,https://www.accordtour.com/tours/7956
ACC-143,Угорщина,Accord tour,Екскурсійний,До 99,Вікенд у Будапешт! + Відень!,Львів → Мукачево → Будапешт → Сентендре → Відень/оз.Балатон/Хевіз → Мукачево → Львів,86,92,89,4,2,0,39,1,0,0,0,2,6,5,4,3,3,5,4,7,6,"6,74%","22,25","0,00",FALSE,5,152,-63,9,"17,95%",ГРУДЕНЬ,https://www.accordtour.com/tours/368833
ACC-144,Нідерланди,Accord tour,Екскурсійний,Люкс 300 - 400,"Жага пригод  Амстердам, Париж + Діснейленд",Львів → Краків → Берлін → Амстердам → Волендам → Зандам → Делфт → Утрехт → Схевіненген → Ротердам → Париж → Версаль → Дефанс → Прага → Краків → Львів,304,318,311,7,2,5,66,4,0,0,0,3,6,9,7,9,10,6,6,10,14,"4,50%","44,43","62,20",FALSE,13,334,-23,9,"15,15%",ВЕРЕСЕНЬ,https://www.accordtour.com/tours/881363
ACC-145,Італія,Accord tour,Екскурсійний,Люкс 300 - 400,Мої зимові пригоди в Італії: відпочинок в Доломітових Альпах,Львів → Краків → Бад Ішль → Гальштат → Доломітові Альпи → Оз. Мольвено → Оз. Браес → Оз. Мізуріна → Верона → Інсбрук → Тренто → Егер → Львів,375,,375,7,0,1,18,6,0,0,0,,,,,,,,7,11,,"0,00%","53,57","375,00",TRUE,36,354,21,2,"61,11%",ГРУДЕНЬ,https://www.accordtour.com/tours/5116
ACC-146,Молдова,Accord tour,Екскурсійний,Стандарт 150 - 300,Східний хіт - Істанбул!,Одеса → Ізмаїл → Стамбул → Ізмаїл → Одеса,237,287,262,7,2,0,16,4,0,0,0,,2,3,2,2,3,1,2,1,50,"19,08%","37,43","0,00",FALSE,2,207,55,8,"18,75%",ЧЕРВЕНЬ,https://www.accordtour.com/tours/636813
ACC-147,"Болгарія, Північна Македонія, Сербія",Accord tour,Екскурсійний,Люкс 300 - 400,Шалене серце або дорога до улюблених місць...,Львів → Белград → Скоп'є → Пловдив → Стамбул → Велико → Тирново → Русе → Львів,339,352,"345,5",6,0,4,19,5,0,0,0,1,2,2,2,2,2,3,2,3,13,"3,76%","57,58","86,38",TRUE,1,346,0,9,"15,79%",ЖОВТЕНЬ,https://www.accordtour.com/tours/8530
ACC-148,Румунія,Accord tour,Екскурсійний,Стандарт 150 - 300,Захоплюючий вікенд… + Трансфегераш,Одеса → Брашов → Пояна → Брашов → Сібіу → Алба → Юлія → Сігішоара → Б'єртан → Трансфегераш → Одеса,177,179,178,3,0,3,31,2,0,0,0,1,3,3,4,5,3,5,3,4,2,"1,12%","59,33","59,33",TRUE,10,173,5,9,"16,13%",СЕРПЕНЬ,https://www.accordtour.com/tours/5019/tab/tab_price/tour_date/2026-04-29/cls_number_adult_cnt/%7B1:1%7D/cls_number_child_age/%7B%7D/tour_include_ins/true
ACC-149,Румунія,Accord tour,Екскурсійний,Економ 99 - 150,Побачення з вампіром!!! Бухарест+Брашов,Одеса → Ізмаїл → Бухарест → Брашов → Сіная → Бран → Ізмаїл → Одеса,131,136,"133,5",4,2,2,24,1,0,0,0,1,4,3,3,2,4,2,2,3,5,"3,75%","33,38","66,75",FALSE,10,173,-40,9,"16,67%",ТРАВЕНЬ,https://www.accordtour.com/tours/5834/tab/tab_price/tour_date/2026-05-22/cls_number_adult_cnt/%7B1:1%7D/cls_number_child_age/%7B%7D/tour_include_ins/true
ACC-150,Румунія,Accord tour,Екскурсійний,Стандарт 150 - 300,"Там, де сонце торкається гірських вершин…",Одеса → Ізмаїл → Бухарест → Сібіу → Алба Юлія → Пояна Брашов → Брашов → Ізмаїл → Одеса,267,,267,5,0,2,13,4,0,0,0,,1,2,1,2,2,2,2,1,,"0,00%","53,40","133,50",TRUE,10,173,94,8,"15,38%",ЧЕРВЕНЬ,https://www.accordtour.com/tours/8444/tab/tab_price/tour_date/2026-05-24/cls_number_adult_cnt/%7B1:1%7D/cls_number_child_age/%7B%7D/tour_include_ins/true
ACC-151,Румунія,Accord tour,Екскурсійний,Стандарт 150 - 300,Вікенд з родзинкою… Замок Корвінів + Турда!,Львів → Мукачево → Бейле Фелікс → Орадя → Хунедоара → Альба → Юлія → Клуж → Напока → Турда → Бая → Маре → Мукачево → Львів,154,173,"163,5",3,0,2,23,2,0,0,0,2,3,2,2,2,3,4,2,3,19,"11,62%","54,50","81,75",TRUE,10,173,-10,9,"17,39%",ЖОВТЕНЬ,https://www.accordtour.com/tours/863885/tab/tab_price/tour_date/2026-12-30/cls_number_adult_cnt/%7B1:1%7D/cls_number_child_age/%7B%7D/tour_include_ins/true
ACC-152,Греція,Accord tour,Морський,Стандарт 150 - 300,У компанії з морем: Відпочинок на Егейському узбережжі,Одеса → Олімпійська Рів'єра → Діон → Олімп → О.Скіафос → Метеори → Вергіна → Лутра Арідея → Салоніки → Одеса,250,253,"251,5",6,2,0,27,3,0,0,0,,6,5,6,5,5,,,,3,"1,19%","41,92","0,00",FALSE,11,419,-168,5,"22,22%",ТРАВЕНЬ,https://www.accordtour.com/tours/668031
ACC-153,Іспанія,Accord tour,Екскурсійний,Тяжкий Люкс 400 +,"Посмішка Кармен! Любляна, Мілан, Барселона, Ніцца та Венеція!",Львів → Будапешт → Любляна → Мілан → Бергамо → Турин → Барселона → Монсеррат → Ніцца → Монако → Венеція → Егер → Львів,437,450,"443,5",8,2,7,9,5,0,0,0,,1,2,2,1,2,1,,,13,"2,93%","55,44","63,36",FALSE,12,564,-120,6,"22,22%",ЧЕРВЕНЬ,https://www.accordtour.com/tours/8866
ACC-154,"Греція, Болгарія",Accord tour,Екскурсійний,Стандарт 150 - 300,Моя гірська симфонія...,Одеса → Варна → Несебр → Стамбул → Салоніки → Метеори → Скоп'є → Велико → Тирново → Русе → Одеса,286,318,302,6,0,4,26,5,0,0,0,2,3,3,3,3,2,3,3,4,32,"10,60%","50,33","75,50",TRUE,1,302,0,9,"15,38%",ГРУДЕНЬ,https://www.accordtour.com/tours/680163
ACC-155,Румунія,Accord tour,Екскурсійний,Стандарт 150 - 300,"Таємничий вікенд... Невермор, Дракула, Бухарест...",Львів → Тернопіль → Чернівці → Онешті → Бран → Ришнов → Брашов → Пояна Брашов → Буштені → Сіная → Бухарест → Бузеу → Чернівці → Тернопіль → Львів,236,247,"241,5",4,0,2,31,3,0,0,0,1,5,3,4,3,3,5,4,3,11,"4,55%","60,38","120,75",TRUE,10,173,68,9,"16,13%",ТРАВЕНЬ,https://www.accordtour.com/tours/311081/tab/tab_price/tour_date/2026-05-31/cls_number_adult_cnt/%7B1:1%7D/cls_number_child_age/%7B%7D/tour_include_ins/true
ACC-156,Греція,Accord tour,Морський,Люкс 300 - 400,Солодкі дотики моря... Греція! Відпочинок на Егейському морі!,Львів → Олімпійська Рів'єра → Діон → Олімп → О.Скіафос → Метеори → Афіни → Арідея → Едесса → Неа → Потідея → Афітос → Каллітея → Салоніки → Львів,400,438,419,10,2,0,24,7,0,0,0,,2,4,5,4,4,5,,,38,"9,07%","41,90","0,00",FALSE,11,419,0,6,"20,83%",ЛИПЕНЬ,https://www.accordtour.com/tours/686111
ACC-157,Чорногорія,Accord tour,Морський,Тяжкий Люкс 400 +,Сонячна розкіш Чорногорія + Хорватія Відпочинок на морі в Чорногорії,Львів → Мукачево → Будапешт → Плітвіцкі озера → Макарська → Дубровнік → Будванська рів'єра → Скадарське озеро → Будва → Котор → Цетіньє → Негуші → Каньони річки Тараі Морача → Острог → Тирана → Белград → Мукачево → Львів,394,452,423,11,0,2,23,10,0,0,0,,1,4,5,4,5,4,,,58,"13,71%","38,45","211,50",TRUE,6,356,67,6,"21,74%",ЛИПЕНЬ,https://www.accordtour.com/tours/803886
ACC-158,Чехія,Accord tour,Екскурсійний,Економ 99 - 150,Приємний вікенд  Прага + Дрезден,Львів → Ярослав → Тарнув → Краків → Катовіце → Дрезден → Прага → Катовіце → Краків → Тарнув → Ярослав → Львів,117,127,122,4,2,2,32,1,0,0,0,2,4,3,3,4,3,7,2,4,10,"8,20%","30,50","61,00",FALSE,10,217,-95,9,"21,88%",ЖОВТЕНЬ,https://www.accordtour.com/tours/813366
ACC-159,Чехія,Accord tour,Екскурсійний,Економ 99 - 150,Празьке дежавю  Прага та Відень,Львів → Краків → Прага → Відень → Будапешт → Львів,132,136,134,4,2,3,50,1,0,0,0,4,8,7,8,9,6,8,,,4,"2,99%","33,50","44,67",FALSE,10,217,-83,7,"18,00%",СЕРПЕНЬ,https://www.accordtour.com/tours/133166
ACC-160,Фінляндія,Accord tour,Екскурсійний,Тяжкий Люкс 400 +,Неймовірні пригоди у Санта-Клауса,Львів → Варшава → Рига → Гельсінкі → Рованіемі → Таллінн → Львів,536,539,"537,5",8,0,4,3,7,0,0,0,,,,,,,,,3,3,"0,56%","67,19","134,38",TRUE,1,538,0,1,"100,00%",ГРУДЕНЬ,https://www.accordtour.com/tours/888611/vsi_avtobusni_tury/finliandiia
ACC-161,Румунія,Accord tour,Екскурсійний,Економ 99 - 150,Полювання на вампірів,Львів → Івано → Франківськ → Чернівці → Бран → Буштені → Сіная → Пояна Брашов → Бухарест → Брашов → Чернівці → Івано → Франківськ → Львів,140,150,145,4,2,2,32,1,0,0,0,1,4,3,3,4,4,5,4,4,10,"6,90%","36,25","72,50",FALSE,10,173,-28,9,"15,63%",ЖОВТЕНЬ,https://www.accordtour.com/tours/613086/tab/tab_price/tour_date/2026-05-23/cls_number_adult_cnt/%7B1:1%7D/cls_number_child_age/%7B%7D/tour_include_ins/true
ACC-162,Румунія,Accord tour,Екскурсійний,Стандарт 150 - 300,Подорож в Трансільванію…,Львів → Мукачево → Бая → Маре → Сігішоара → Сібіу → Алба Юлія → Хунедоара → Бухарест → Сіная → Бран → Брашов → Онешті → Чернівці → Тернопіль → Львів,262,272,267,5,0,3,17,4,0,0,0,1,2,3,1,2,2,2,1,3,10,"3,75%","53,40","89,00",TRUE,10,173,94,9,"17,65%",ЧЕРВЕНЬ,https://www.accordtour.com/tours/7147/tab/tab_price/tour_date/2026-05-24/cls_number_adult_cnt/%7B1:1%7D/cls_number_child_age/%7B%7D/tour_include_ins/true
ACC-163,Молдова,Accord tour,Екскурсійний,Економ 99 - 150,Ароматний вікенд…,Одеса → Кишинів → Ясси → Хинчешти → Одеса,152,,152,3,0,2,23,2,0,0,0,1,2,3,2,4,3,3,3,2,,"0,00%","50,67","76,00",TRUE,2,207,-55,9,"17,39%",СЕРПЕНЬ,https://www.accordtour.com/tours/1118170
ACC-164,Чехія,Accord tour,Екскурсійний,Стандарт 150 - 300,Перше кохання... Прага,Львів → Краків → Прага → Кутна Гора → Дрезден → Турнов → Чеський Крумлов → Карлові Вари → Величка → Львів,329,345,337,7,0,5,20,6,0,0,0,2,2,4,3,5,2,2,,,16,"4,75%","48,14","67,40",TRUE,10,217,120,7,"25,00%",СЕРПЕНЬ,https://www.accordtour.com/tours/133188
ACC-165,Нідерланди,Accord tour,Екскурсійний,Стандарт 150 - 300,Пікнічок в Амстердамі,Львів → Вроцлав → Дрезден → Амстердам → Делфт → Зандам → Волендам → Гаага → Роттердам → Утрехт → Прага → Брно → Краків → Львів,195,251,223,6,2,3,28,3,0,0,0,3,5,3,4,4,3,6,,,56,"25,11%","37,17","74,33",FALSE,13,334,-111,7,"21,43%",ЖОВТЕНЬ,https://www.accordtour.com/tours/1188
ACC-166,Франція,Accord tour,Екскурсійний,Люкс 300 - 400,Побачення в Парижі! + Мюнхен!,Львів → Будапешт → Мюнхен → Париж → Нормандія / Діснейленд → Долина Луари → Зальцбург → Львів,384,488,436,7,0,6,22,6,0,0,0,1,3,4,3,3,2,3,,3,104,"23,85%","62,29","72,67",TRUE,26,364,72,8,"18,18%",ЧЕРВЕНЬ,https://www.accordtour.com/tours/688
ACC-167,Румунія,Accord tour,Екскурсійний,Економ 99 - 150,Вікенд в Бухаресті...,Одеса → Бухарест → Одеса,129,132,"130,5",3,1,1,25,1,0,0,0,1,3,1,3,3,4,3,3,4,3,"2,30%","43,50","130,50",FALSE,10,173,-43,9,"16,00%",ВЕРЕСЕНЬ,https://www.accordtour.com/tours/1118332/tab/tab_price/tour_date/2026-05-24/cls_number_adult_cnt/%7B1:1%7D/cls_number_child_age/%7B%7D/tour_include_ins/true
ACC-168,Албанія,Accord tour,Морський,Люкс 300 - 400,Максимум насолоди або моя бажана відпустка!!!,Львів → Мукачево → Охрид → Ксаміль/Саранда → Скоп'є → Мукачево → Львів,447,598,"522,5",13,2,3,12,10,0,0,0,,1,2,2,2,3,2,,,151,"28,90%","40,19","174,17",FALSE,5,545,-23,6,"25,00%",ВЕРЕСЕНЬ,https://www.accordtour.com/tours/261467
ACC-169,Албанія,Accord tour,Морський,Люкс 300 - 400,Мій літній романс або який солодкий шум прибою... Албанія,Одеса → Бухарест → Ксаміль/Саранда → Салоніки → Санданскі → Одеса,390,528,459,11,2,2,12,8,0,0,0,,1,2,3,2,2,2,,,138,"30,07%","41,73","229,50",FALSE,5,545,-86,6,"25,00%",ЛИПЕНЬ,https://www.accordtour.com/tours/261401
ACC-170,Франція,Accord tour,Екскурсійний,Люкс 300 - 400,"Канікули в Парижі +Страсбург  Діснейленд, Астерікс, Європа Парк",Львів → Вроцлав → Берлін → Франкфурт-на-Майні → Париж → Версаль → Діснейленд → Страсбург → Прага → Краків → Львів,379,384,"381,5",7,0,6,9,6,0,0,0,1,2,1,2,3,,,,,5,"1,31%","54,50","63,58",TRUE,26,364,18,5,"33,33%",СЕРПЕНЬ,https://www.accordtour.com/tours/163016
ACC-171,Угорщина,Accord tour,Екскурсійний,Економ 99 - 150,Вікенд в Будапешт! + Хевіз!,Львів → Мукачево → Будапешт → Сентендре → Оз.Балатон/Хевіз/Відень → Мукачево → Львів,86,118,102,4,2,3,39,1,0,0,0,2,6,5,4,3,3,5,4,7,32,"31,37%","25,50","34,00",FALSE,5,152,-50,9,"17,95%",ГРУДЕНЬ,https://www.accordtour.com/tours/8303
ACC-172,Греція,Accord tour,Екскурсійний,Люкс 300 - 400,"Схід, солодка любов моя... Туреччина + Греція",Одеса → Варна → Стамбул → Несебр → Кавала → Салоніки → Санданскі → Софія → Бухарест → Одеса,342,386,364,7,0,5,10,6,0,0,0,,1,2,1,1,2,2,1,,44,"12,09%","52,00","72,80",TRUE,11,419,-55,7,"20,00%",ЧЕРВЕНЬ,https://www.accordtour.com/tours/6055
ACC-173,Греція,Accord tour,Морський,Люкс 300 - 400,Музика прибою: Відпочинок на Егейському морі Греції!,Львів → Олімпійська Рів'єра → Діон → Олімп → О.Скіафос → Вергіна → Лутра Арідея → Метеори → Афіни → Салоніки → Львів,312,329,"320,5",8,2,0,13,5,0,0,0,,1,3,2,3,3,1,,,17,"5,30%","40,06","0,00",FALSE,11,419,-99,6,"23,08%",ЧЕРВЕНЬ,https://www.accordtour.com/tours/4015
ACC-174,Греція,Accord tour,Морський,Тяжкий Люкс 400 +,Сієста у греків:  відпочинок на Егейському морі і Охридському озері,Львів → Скоп'є → Каньйон Матка → Олімпійська Рів'єра → Салоніки → Вергина → Лутра Арідея → Афіни → Святі Метеори → Гора Олімп → Діон → О. Скіафос → Охрид → Охридське озеро → Львів,473,510,"491,5",11,0,2,13,10,0,0,0,,1,3,3,3,3,,,,37,"7,53%","44,68","245,75",TRUE,11,419,72,5,"23,08%",ЧЕРВЕНЬ,https://www.accordtour.com/tours/3395
ACC-175,Албанія,Accord tour,Морський,Тяжкий Люкс 400 +,"Всі фарби Балкан  Албанія, Північна Македонія, Болгарія",Одеса → Бухарест → Велико → Тирново → Скоп'є → Вльора → Скоп'є → Софія → Бухарест → Одеса,436,541,"488,5",10,0,5,10,9,0,0,0,,1,2,1,2,2,2,,,105,"21,49%","48,85","97,70",TRUE,5,545,-57,6,"20,00%",ЧЕРВЕНЬ,https://www.accordtour.com/tours/161306
ACC-176,Албанія,Accord tour,Морський,Люкс 300 - 400,Неймовірне знайомство... Македонія + Албанія,Львів → Скоп'є → Вльора → Охрид → Львів,458,609,"533,5",11,0,2,8,10,0,0,0,,1,1,2,2,1,1,,,151,"28,30%","48,50","266,75",TRUE,5,545,-12,6,"25,00%",ЛИПЕНЬ,https://www.accordtour.com/tours/160688
ACC-177,Албанія,Accord tour,Морський,Тяжкий Люкс 400 +,Мій літній коктейль…  Тур з відпочинком на морі в Албанії…,Одеса → Бухарест → Вльора → Охрид → Скоп’є → Одеса,577,783,680,13,0,4,8,12,0,0,0,,,2,2,1,2,1,0,0,206,"30,29%","52,31","170,00",TRUE,5,545,135,5,"25,00%",ЧЕРВЕНЬ,https://www.accordtour.com/tours/1118179
ACC-178,"Албанія, Болгарія, Греція, Північна Македонія",Accord tour,Екскурсійний,Люкс 300 - 400,Аромат зі східними нотами...,Одеса → Варна → Несебр → Стамбул → Салоніки → Метеори → Ігуменіца → Корфу → Ксаміль → Саранда → Охрид → Скоп'є → Велико → Тирново → Русе → Одеса,405,454,"429,5",8,0,5,9,7,0,0,0,,1,2,1,1,2,2,0,0,49,"11,41%","53,69","85,90",TRUE,1,430,0,6,"22,22%",ЧЕРВЕНЬ,https://www.accordtour.com/tours/6522
ACC-179,"Фінляндія, Естонія, Литва, Латвія, Польща, Швеція",Accord tour,Екскурсійний,Тяжкий Люкс 400 +,Лапландія і Томтеленд - У світі Санта Клауса!,Львів → Варшава → Стокгольм → Парк «Томтеленд» → Рованіем → Санта Парк → Хельсінки → Таллін → Львів,651,684,"667,5",10,1,4,5,8,0,0,0,0,0,0,0,0,0,0,0,5,33,"4,94%","66,75","166,88",FALSE,1,668,0,1,"100,00%",ГРУДЕНЬ,https://www.accordtour.com/tours/8499
ACC-180,Португалія,Accord tour,Екскурсійний,Тяжкий Люкс 400 +,Полуниця з Портвейном... Португалія,Львів → Вроцлав → Ерфурт → Руан → Онфлер → Довіль → Трувіль → Мон → Сан → Мішель → Сен → Мало → Бордо → Аркашон → Ліссабон → Порту → Баталья → Назаре → Обідуш → Сінтра → Мадрид → Толедо → Андорра → Ансі → Монтре → Женева → Страсбург → Прага → Львів,810,818,814,14,0,10,17,13,0,0,0,1,3,2,4,3,2,2,,,8,"0,98%","58,14","81,40",TRUE,2,744,70,7,"23,53%",ЛИПЕНЬ,https://www.accordtour.com/tours/868686
ACC-181,Нідерланди,Accord tour,Екскурсійний,Люкс 300 - 400,Амстердам - ковток свободи,Львів → Вроцлав → Берлін → Амстердам → Делфт → Волендам → Гаага → Роттердам → Схевенінген → Гітхорн → Кельн → Бон → Франкфурт-на-Майні → Прага → Брно → Львів,332,400,366,6,0,4,6,5,0,0,0,3,3,0,0,0,0,0,0,0,68,"18,58%","61,00","91,50",TRUE,13,334,32,2,"50,00%",КВІТЕНЬ,https://www.accordtour.com/tours/183
ACC-182,Німеччина,Accord tour,Екскурсійний,Стандарт 150 - 300,"Веселий ярмарок...  Різдвяна Німеччина та Франція.  Дрезден, Нюрнберг, Страсбург, Кольмар, Прага",Львів → Вроцлав → Дрезден → Нюрнберг → Бамберг → Страсбург → Кольмар → Прага → Львів,267,270,"268,5",5,0,4,7,4,0,0,0,,,,,,,,,7,3,"1,12%","53,70","67,13",TRUE,5,226,42,1,"100,00%",ГРУДЕНЬ,https://www.accordtour.com/tours/3695
ACC-183,Угорщина,Accord tour,Екскурсійний,Стандарт 150 - 300,Без меж - Будапешт!  Виїзд  з Києва,Київ → Львів → Мукачево → Мішкольц → Тапольце → Токай → Будапешт → Сентендре → Відень → Егер → Егерсалок → Мукачево → Львів → Київ,189,199,194,5,2,3,84,2,0,0,0,3,11,13,13,14,8,9,8,5,10,"5,15%","38,80","64,67",FALSE,5,152,42,9,"16,67%",СЕРПЕНЬ,https://www.accordtour.com/tours/668336
ADR-1,Чехія,Adriatic,Екскурсійний,Стандарт 150 - 300,Чеські перлини: 4 ночі в Празі + Дрезден  ,Краків → Прага → Чеський Крумлов → Карлові Вари → Дрезден → Кутна Гора,243,252,"247,5",5,0,1,37,4,0,0,0,,5,4,5,4,4,6,4,5,9,"3,64%","49,50","247,50",TRUE,2,217,31,8,"16,22%",ЖОВТЕНЬ,https://adriatic-travel.com.ua/tour/cheski-perlyny-4-nochi-v-prazi-drezden
ADR-2,Італія,Adriatic,Екскурсійний,Стандарт 150 - 300,"Рим прекрасний завжди...: 2 дні в Римі + Венеція, Флоренція  ",Венеція → Рим → Ватикан → Тіволі → Неаполь → Сорренто → Гаета → Флоренція → Піза,294,,294,6,2,3,42,3,0,0,0,1,6,6,5,5,4,7,4,4,,"0,00%","49,00","98,00",FALSE,19,354,-60,9,"16,67%",ЖОВТЕНЬ,https://adriatic-travel.com.ua/tour/rym-prekrasnyy-zavzhdy#about_tour
ADR-3,"Австрія, Польща, Угорщина, Чехія",Adriatic,Екскурсійний,Стандарт 150 - 300,Європейська мозаїка: Краків-Прага-Відень-Будапешт ,Краків → Прага → Відень → Будапешт → Егерсалок → Егер,194,204,199,4,0,2,44,3,0,0,0,1,5,7,5,5,4,8,4,5,10,"5,03%","49,75","99,50",TRUE,1,199,0,9,"18,18%",ЖОВТЕНЬ,https://adriatic-travel.com.ua/tour/evropeyska-mozaika-krakiv-praga-viden-budapesht
ADR-4,Швейцарія,Adriatic,Екскурсійний,Люкс 300 - 400,Неймовірна Швейцарія та Ельзас!  ,Краків → Зальцбург → Зальцкаммергут → Вадуц → Люцерн → Інтерлакен → Цюрих → Кольмар → Страсбург → Прага,268,299,"283,5",5,0,4,43,4,0,0,0,4,6,4,5,4,5,4,4,7,31,"10,93%","56,70","70,88",TRUE,4,350,-66,9,"16,28%",ГРУДЕНЬ,https://adriatic-travel.com.ua/tour/neymovirna-shveytsariya-ta-elzas
ADR-5,Італія,Adriatic,Екскурсійний,Стандарт 150 - 300,"Італійський вікенд... Венеція, Флоренція, Рим  ",Будапешт → Венеція → Рим → Ватикан → Флоренція → Піза,248,256,252,5,2,3,37,2,0,0,0,2,4,4,5,4,4,5,4,5,8,"3,17%","50,40","84,00",FALSE,19,354,-102,9,"13,51%",ЛИПЕНЬ,https://adriatic-travel.com.ua/tour/italiyskyy-vikend-venetsiya-florentsiya-rym#about_tour
ADR-6,Франція,Adriatic,Екскурсійний,Стандарт 150 - 300,Париж - місто кохання ,Краків → Прага → Нюрнберг → Париж → Берлін → Варшава,242,259,"250,5",6,2,4,38,3,0,0,0,3,6,4,4,5,4,4,5,3,17,"6,79%","41,75","62,63",FALSE,20,364,-113,9,"15,79%",ТРАВЕНЬ,https://adriatic-travel.com.ua/tour/paryzh-misto-kokhannya
ADR-7,"Австрія, Угорщина",Adriatic,Екскурсійний,Економ 99 - 150,«Австрійський хіт + Будапешт» ,Відень → Будапешт → Сентендре → Егер,144,,144,4,2,2,44,1,0,0,0,2,5,7,5,4,4,8,4,5,,"0,00%","36,00","72,00",FALSE,3,160,-16,9,"18,18%",ЖОВТЕНЬ,https://adriatic-travel.com.ua/tour/avstriyskyy-khit-budapesht
ADR-8,Чехія,Adriatic,Екскурсійний,Стандарт 150 - 300,"Богемські вихідні: 3 ночі в Празі + Дрезден, Карлові Вари, Чеський Крумлов  ",Дрезден → Краків → Майсен → Прага → Карлові Вари → Кутна Гора → Чеський Крумлов,219,,219,4,0,2,41,3,0,0,0,,5,7,5,4,4,7,4,5,,"0,00%","54,75","109,50",TRUE,2,217,2,8,"17,07%",ЧЕРВЕНЬ,https://adriatic-travel.com.ua/tour/bogemski-vyhidni
ADR-9,"Австрія, Угорщина",Adriatic,Екскурсійний,Економ 99 - 150,Мікс вікенд: Будапешт + Відень  ,Будапешт → Відень → Егер,106,,106,4,2,1,43,1,0,0,0,2,5,7,4,4,4,8,4,5,,"0,00%","26,50","106,00",FALSE,3,160,-54,9,"18,60%",ЖОВТЕНЬ,https://adriatic-travel.com.ua/tour/miks-vikend-budapesht-viden
ADR-10,"Франція, Нідерланди",Adriatic,Екскурсійний,Тяжкий Люкс 400 +,Так добре разом: Париж+ Бенілюкс  ,Краків → Прага → Люксембург → Париж → Руан → Довіль → Трувіль → Сюр → Мер → Етрета → Брюссель → Амстердам → Зансе → Сханс → Берлін → Вроцлав,485,,485,8,0,6,34,7,0,0,0,,5,4,4,5,4,4,5,3,,"0,00%","60,63","80,83",TRUE,1,485,0,8,"14,71%",ТРАВЕНЬ,https://adriatic-travel.com.ua/tour/tak-dobre-razom-paryzh-benilyuks
ADR-11,Румунія,Adriatic,Екскурсійний,Стандарт 150 - 300,Містична Трансільванія  ,Буштень → Брашов,167,,167,3,0,0,40,2,0,0,0,1,5,4,5,4,4,8,4,5,,"0,00%","55,67","0,00",TRUE,3,173,-6,9,"20,00%",ЖОВТЕНЬ,https://adriatic-travel.com.ua/tour/mistychna-transilvaniya
ADR-12,Польща,Adriatic,Екскурсійний,Економ 99 - 150,"Смарагди Польщі: Морське Око, Закопане, Краків ",Краків → Закопане,152,,152,3,0,1,40,2,0,0,0,1,5,5,5,4,4,7,4,5,,"0,00%","50,67","152,00",TRUE,4,159,-7,9,"17,50%",ЖОВТЕНЬ,https://adriatic-travel.com.ua/tour/smaragdy-polshchi-morske-oko-zakopane-krakiv
ADR-13,Румунія,Adriatic,Екскурсійний,Економ 99 - 150,Вікенд в Трансільванії  ,Буштень → Брашов,140,,140,4,2,0,37,1,0,0,0,,5,4,5,4,4,7,4,4,,"0,00%","35,00","0,00",FALSE,3,173,-33,8,"18,92%",ЖОВТЕНЬ,https://adriatic-travel.com.ua/tour/vikend-v-transilvanii
ADR-14,"Чехія, Німеччина",Adriatic,Екскурсійний,Стандарт 150 - 300,"Прага - місто, яке обрало мене ",Краків → Дрезден → Прага,170,,170,4,1,2,37,2,0,0,0,,5,4,4,4,4,7,4,5,,"0,00%","42,50","85,00",FALSE,3,220,-50,8,"18,92%",ЖОВТЕНЬ,https://adriatic-travel.com.ua/tour/praha-misto-yake-obralo-mene
ADR-15,Італія,Adriatic,Екскурсійний,Тяжкий Люкс 400 +,"Погляд в минуле: 3 дні в Римі + Помпеї, Неаполь  ",Будапешт → Грац → Рим → Ватикан → Неаполь → Флоренція → Сієна → Піза → Венеція,447,,447,8,0,5,35,7,0,0,0,,5,4,4,5,4,5,4,4,,"0,00%","55,88","89,40",TRUE,19,354,93,8,"14,29%",ТРАВЕНЬ,https://adriatic-travel.com.ua/tour/pohlyad-v-mynule-rym-pompeyi-neapol
ADR-16,Польща,Adriatic,Екскурсійний,Економ 99 - 150,Який чудовий Краків + парк Енерджіландія  ,Краків → Закопане → Величка,147,,147,3,0,1,39,2,0,0,0,1,5,4,5,4,4,7,4,5,,"0,00%","49,00","147,00",TRUE,4,159,-12,9,"17,95%",ЖОВТЕНЬ,https://adriatic-travel.com.ua/tour/yakyy-chudovyy-krakiv-park-enerdzhilandiya
ADR-17,"Чехія, Німеччина",Adriatic,Екскурсійний,Економ 99 - 150,Прага - моє улюблене місто ,Краків → Прага → Дрезден,162,,162,4,2,2,38,1,0,0,0,,5,4,5,4,4,7,4,5,,"0,00%","40,50","81,00",FALSE,3,220,-58,8,"18,42%",ЖОВТЕНЬ,https://adriatic-travel.com.ua/tour/praha-moye-ulyublene-misto
ADR-18,Італія,Adriatic,Екскурсійний,Люкс 300 - 400,"О Рим, ти цілий світ! ",Відень → Краків → Флоренція → Піза → Рим → Ватикан → Венеція → Егер,353,,353,6,0,4,33,5,0,0,0,,5,4,3,5,4,5,4,3,,"0,00%","58,83","88,25",TRUE,19,354,-1,8,"15,15%",ТРАВЕНЬ,https://adriatic-travel.com.ua/tour/o-rym-ty-tsilyy-svit
ADR-19,Франція,Adriatic,Екскурсійний,Люкс 300 - 400,Зустрічаємось в Парижі + Мюнхен та Зальцбург ,Будапешт → Зальцбург → Зальцкаммергут → Париж → Мюнхен → Прага,338,350,344,6,0,4,33,5,0,0,0,,5,4,4,5,4,4,4,3,12,"3,49%","57,33","86,00",TRUE,20,364,-20,8,"15,15%",ТРАВЕНЬ,https://adriatic-travel.com.ua/tour/zustrinemos-v-paryzhi
ADR-20,Франція,Adriatic,Екскурсійний,Люкс 300 - 400,Веселі канікули: 3 дні в Парижі + Нормандія та Діснейленд!  ,Краків → Берлін → Париж → Руан → Довіль → Трувіль → Сюр → Мер → Етрета → Нюрнберг → Прага → Брно,301,,301,7,2,5,34,4,0,0,0,,5,4,4,5,4,4,5,3,,"0,00%","43,00","60,20",FALSE,20,364,-63,8,"14,71%",ТРАВЕНЬ,https://adriatic-travel.com.ua/tour/veseli-kanikuly-3-dni-v-paryzhi-normandiya-ta-disneylend
ADR-21,Румунія,Adriatic,Екскурсійний,Стандарт 150 - 300,Румунія запрошує! Бухарест + замки Трансільванії  ,Бухарест → Брашов,162,,162,4,1,1,36,2,0,0,0,1,4,4,5,4,4,6,4,4,,"0,00%","40,50","162,00",FALSE,3,173,-11,9,"16,67%",ЖОВТЕНЬ,https://adriatic-travel.com.ua/tour/rumuniya-zaproshuye
ADR-22,"Польща, Німеччина, Чехія, Австрія, Угорщина",Adriatic,Екскурсійний,Стандарт 150 - 300,Блискучий вікенд: Дрезден - Прага - Відень - Будапешт  ,Краків → Майсен → Дрезден → Прага → Відень → Будапешт → Егерсалок → Егер,239,,239,5,0,2,36,4,0,0,0,,5,4,5,4,4,6,4,4,,"0,00%","47,80","119,50",TRUE,1,239,0,8,"16,67%",ЖОВТЕНЬ,https://adriatic-travel.com.ua/tour/blyskuchyy-vikend-drezden-praha-viden
ADR-23,Австрія,Adriatic,Екскурсійний,Стандарт 150 - 300,Кращі з кращих: Відень-Зальцбург-Мюнхен  ,Краків → Відень → Зальцбург → Мюнхен,239,,239,4,0,2,36,3,0,0,0,,5,4,5,4,4,6,4,4,,"0,00%","59,75","119,50",TRUE,2,198,41,8,"16,67%",ЖОВТЕНЬ,https://adriatic-travel.com.ua/tour/krashchi-z-krashchykh-viden-zaltsburh-myunkhen
ADR-24,Польща,Adriatic,Екскурсійний,Економ 99 - 150,Який чудовий цей Краків  ,Краків → Закопане → Величка,147,,147,3,0,1,37,2,0,0,0,,4,4,5,4,4,7,4,5,,"0,00%","49,00","147,00",TRUE,4,159,-12,8,"18,92%",ЖОВТЕНЬ,https://adriatic-travel.com.ua/tour/yakyy-chudovyy-tsey-krakiv
ADR-25,"Австрія, Чехія, Угорщина, Польща",Adriatic,Екскурсійний,Економ 99 - 150,Приємний вікенд: Краків-Прага-Відень-Будапешт  ,Краків → Прага → Відень → Будапешт → Егер,153,,153,4,2,1,35,1,0,0,0,,5,4,5,4,4,5,4,4,,"0,00%","38,25","153,00",FALSE,1,153,0,8,"14,29%",ТРАВЕНЬ,https://adriatic-travel.com.ua/tour/pryyemnyy-vikend-krakiv-praha-viden-budapesht
ADR-26,Франція,Adriatic,Екскурсійний,Люкс 300 - 400,Париж - це пристрасть! Париж - це свято!»,Вроцлав → Дрезден → Майсен → Париж → Руан → Довіль → Трувіль → Сюр → Мер → Етрета → Нюрнберг → Прага → Брно → Краків,314,,314,7,2,4,34,4,0,0,0,,5,4,4,5,4,4,5,3,,"0,00%","44,86","78,50",FALSE,20,364,-50,8,"14,71%",ТРАВЕНЬ,https://adriatic-travel.com.ua/tour/paryzh-tse-prystrast-paryzh-tse-svyato
ADR-27,"Нідерланди, Бельгія",Adriatic,Екскурсійний,Люкс 300 - 400,"Відпустка класу ""Люкс"" - країни БеНіЛюкс!  ",Краків → Берлін → Амстердам → Зансе → Сханс → Брюссель → Брюгге → Люксембург → Прага,355,,355,6,0,4,21,5,0,0,0,1,4,2,2,2,2,3,2,3,,"0,00%","59,17","88,75",TRUE,1,355,0,9,"19,05%",ТРАВЕНЬ,https://adriatic-travel.com.ua/tour/vidpustka-klasu-lyuks-krainy-benilyuks
ADR-28,"Німеччина, Чехія",Adriatic,Екскурсійний,Стандарт 150 - 300,Наш чудовий вікенд: Краків-Дрезден-Прага  ,Краків → Дрезден → Майсен → Прага → Чеський Крумлов → Брно,198,,198,4,0,2,36,3,0,0,0,,5,4,5,4,4,6,4,4,,"0,00%","49,50","99,00",TRUE,1,198,0,8,"16,67%",ЖОВТЕНЬ,https://adriatic-travel.com.ua/tour/nash-chudovyy-vikend-krakiv-drezden-praha
ADR-29,Франція,Adriatic,Екскурсійний,Люкс 300 - 400,"Від краю до краю: Париж, Амстердам, Нормандія… ",Вроцлав → Берлін → Амстердам → Брюссель → Париж → Руан → Довіль → Трувіль → Сюр → Мер → Онфлер → Нюрнберг → Прага → Брно → Краків,339,,339,7,2,5,36,4,0,0,0,1,6,4,4,5,4,4,5,3,,"0,00%","48,43","67,80",FALSE,20,364,-25,9,"16,67%",ТРАВЕНЬ,https://adriatic-travel.com.ua/tour/vid-krayu-do-krayu-paryzh-amsterdam-normandiya#about_tour
ADR-30,Франція,Adriatic,Екскурсійний,Люкс 300 - 400,"Французький колорит: Париж, Страсбург та Діснейленд!  ",Вроцлав → Берлін → Люксембург → Париж → Руан → Довіль → Трувіль → Сюр → Мер → Етрета → Кольмар → Страсбург → Прага,351,,351,6,0,5,29,5,0,0,0,1,7,4,4,5,4,4,,,,"0,00%","58,50","70,20",TRUE,20,364,-13,7,"24,14%",ТРАВЕНЬ,https://adriatic-travel.com.ua/tour/frantsuzkyy-koloryt-paryzh-ta-elzas
ADR-31,Франція,Adriatic,Екскурсійний,Люкс 300 - 400,"Vive La France! Мон-Сен-Мішель, Луара та Нормандія! ",Вроцлав → Ерфурт → Вюрцбург → Кельн → Руан → Етрета → Кан → Мон → Cен → Мішель → Турс → Кольмар → Брно,390,,390,7,0,5,35,6,0,0,0,1,5,4,4,5,4,4,5,3,,"0,00%","55,71","78,00",TRUE,20,364,26,9,"14,29%",ТРАВЕНЬ,https://adriatic-travel.com.ua/tour/vive-la-france-mon-sen-mishel-luara-ta-normandiya
ADR-32,"Франція, Швейцарія",Adriatic,Екскурсійний,Люкс 300 - 400,Гарно так: Париж + Цюрих! ,Вроцлав → Нюрнберг → Ротенбург → На → Таубері → Париж → Цюрих → Люцерн → Штайн → Ам → Райн → Прага,351,,351,6,0,5,36,5,0,0,0,2,4,5,4,5,4,4,5,3,,"0,00%","58,50","70,20",TRUE,1,351,0,9,"13,89%",ЧЕРВЕНЬ,https://adriatic-travel.com.ua/tour/garno-tak-paryzh-tsyuryh#about_tour
ADR-33,"Швейцарія, Франція, Чехія, Австрія",Adriatic,Екскурсійний,Люкс 300 - 400,"Швейцарія для тебе... Гріндельвальд, Швейцарська Рів'єра, гора Пілатус + гора Монблан!  ",Краків → Зальцбург → Зальцкаммергут → Люцерн → Женева → Цюрих → Аннесі → Берн → Інтерлакен → Ґріндельвальд → Прага,315,323,319,6,0,6,34,5,0,0,0,,5,4,4,5,4,5,4,3,8,"2,51%","53,17","53,17",TRUE,1,319,0,8,"14,71%",ТРАВЕНЬ,https://adriatic-travel.com.ua/tour/shveytsariya-dlya-tebe
ADR-34,"Швейцарія, Австрія, Польща, Чехія",Adriatic,Екскурсійний,Стандарт 150 - 300,Вікенд в Швейцарію + Зальцбург та Прага! ,Краків → Зальцбург → Зальцкаммергут → Цюрих → Люцерн → Прага,254,,254,4,0,3,34,3,0,0,0,,5,4,5,4,4,5,4,3,,"0,00%","63,50","84,67",TRUE,1,254,0,8,"14,71%",ТРАВЕНЬ,https://adriatic-travel.com.ua/tour/vikend-v-shveytsariyu-zaltsburg-ta-praga
ADR-35,Італія,Adriatic,Екскурсійний,Економ 99 - 150,Побачення на двох - Венеція і Верона… ,Егер → Будапешт → Венеція → Верона,153,,153,4,2,1,37,1,0,0,0,1,5,4,5,4,4,5,4,5,,"0,00%","38,25","153,00",FALSE,19,354,-201,9,"13,51%",ТРАВЕНЬ,https://adriatic-travel.com.ua/tour/pobachennya-na-dvokh-venetsiya-i-verona
ADR-36,Італія,Adriatic,Екскурсійний,Люкс 300 - 400,"Смак Тоскани: Флоренція, Сієна та Сан-Джиміньяно  ",Будапешт → Зальцбург → Зальцкаммергут → Больцано → Флоренція → Піза → Сан → Мініато → Сієна → Вольтерра → П'єнца → Кортона → Ареццо → Сан → Джиміньяно → Венеція,396,,396,7,0,4,8,6,0,0,0,,2,1,1,1,1,2,,,,"0,00%","56,57","99,00",TRUE,19,354,42,6,"25,00%",ТРАВЕНЬ,https://adriatic-travel.com.ua/tour/smak-toskany-siena-aretstso-ta-san-dzhyminyano
ADR-37,"Іспанія, Італія",Adriatic,Екскурсійний,Тяжкий Люкс 400 +,Прекрасна - як мадонна! Донна Барселона!  ,Егер → Будапешт → Любляна → Блед → Мілан → Барселона → Ніцца → Монако → Венеція → Егерсалок,405,,405,8,2,5,30,5,0,0,0,,5,4,4,5,4,5,2,1,,"0,00%","50,63","81,00",FALSE,1,405,0,8,"16,67%",ТРАВЕНЬ,https://adriatic-travel.com.ua/tour/prekrasna-yak-madonna-donna-barselona
ADR-38,"Австрія, Чехія",Adriatic,Екскурсійний,Стандарт 150 - 300,Австрійський вікенд: Відень - Зальцбург - Прага  ,Відень → Зальцбург → Зальцкаммергут → Прага,234,,234,4,0,2,36,3,0,0,0,,5,4,5,4,4,6,4,4,,"0,00%","58,50","117,00",TRUE,1,234,0,8,"16,67%",ЖОВТЕНЬ,https://adriatic-travel.com.ua/tour/avstriyskyy-vikend-viden-zal-tsburh-praha
ADR-39,"Італія, Австрія",Adriatic,Екскурсійний,Стандарт 150 - 300,Міста для поцілунків: Відень-Венеція-Верона  ,Краків → Відень → Венеція → Падуя → Егерсалок → Егер,297,,297,5,0,2,40,4,0,0,0,,8,6,5,4,5,8,2,2,,"0,00%","59,40","148,50",TRUE,2,324,-27,8,"20,00%",ТРАВЕНЬ,https://adriatic-travel.com.ua/tour/mista-dlya-potsilunkiv-viden-venetsiya-verona
ADR-40,"Чехія, Німеччина",Adriatic,Екскурсійний,Люкс 300 - 400,Незабутня відпустка в Німеччині  ,Оломоуць → Чеське Будейовице → Мюнхен → Ульм → Прага,342,,342,6,0,4,34,5,0,0,0,,5,4,5,4,4,6,2,4,,"0,00%","57,00","85,50",TRUE,3,220,122,8,"17,65%",ЖОВТЕНЬ,https://adriatic-travel.com.ua/tour/nezabutnya-vidpustka-v-nimechchyni
ADR-41,"Італія, Австрія",Adriatic,Екскурсійний,Люкс 300 - 400,Доломітові Альпи Італії: Відпочинок на вершині небес  ,: Краків → Зальцбург → Зальцкаммергут → Больцано → Тренто → Будапешт,351,,351,6,0,2,26,5,0,0,0,,5,4,4,4,4,5,,,,"0,00%","58,50","175,50",TRUE,2,324,27,6,"19,23%",ТРАВЕНЬ,https://adriatic-travel.com.ua/tour/dolomitovi-alpy-vidpochynok-na-vershyni-nebes
ADR-42,Австрія,Adriatic,Екскурсійний,Стандарт 150 - 300,"Краса без фільтрів: Зальцбург, Гальштат та озерний край Зальцкаммергут ",Краків → Зальцкаммергут → Зальцбург → Будапешт → Егерсалок → Егер,262,,262,5,0,3,27,4,0,0,0,,5,4,5,4,4,5,,,,"0,00%","52,40","87,33",TRUE,2,198,64,6,"18,52%",ТРАВЕНЬ,https://adriatic-travel.com.ua/tour/krasa-bez-filtriv-zaltsburg-halshtat-ta-ozernyi-krai-zaltskammer
ADR-43,"Нідерланди, Франція",Adriatic,Екскурсійний,Люкс 300 - 400,Париж та Амстердам збирає друзів!  ,Варшава → Берлін → Амстердам → Зансе → Сханс → Брюссель → Париж → Франкфурт → На → Майні → Прага → Краків,398,,398,7,0,5,39,6,0,0,0,3,6,4,4,5,4,4,5,4,,"0,00%","56,86","79,60",TRUE,3,455,-57,9,"15,38%",ТРАВЕНЬ,https://adriatic-travel.com.ua/tour/paryzh-ta-amsterdam-zbyraye-druziv
ADR-44,Італія,Adriatic,Екскурсійний,Стандарт 150 - 300,Італія моя любов... Венеція-Мілан-Верона  ,Егер → Будапешт → Венеція → Верона → Мілан,193,,193,5,2,2,40,2,0,0,0,1,6,4,5,4,4,8,4,4,,"0,00%","38,60","96,50",FALSE,19,354,-161,9,"20,00%",ЖОВТЕНЬ,https://adriatic-travel.com.ua/tour/italiya-moya-lyubov-venetsiya-milan-verona
ADR-45,"Франція, Швейцарія, Іспанія, Австрія",Adriatic,Екскурсійний,Тяжкий Люкс 400 +,"Від Альп до пальм: 3 дні в Барселоні + Зальцбург, Цюрих ",Краків → Зальцбург → Зальцкаммергут → Ніцца → Монако → Барселона → Цюрих → Люцерн → Мюнхен,454,,454,9,2,0,30,6,0,0,0,,5,4,4,5,4,5,2,1,,"0,00%","50,44","0,00",FALSE,1,454,0,8,"16,67%",ТРАВЕНЬ,https://adriatic-travel.com.ua/tour/vid-alp-do-palm-3-dni-v-barseloni-zaltsburg-tsyuryh#about_tour
ADR-46,"Австрія, Італія",Adriatic,Екскурсійний,Люкс 300 - 400,Незабутні моменти в Доломітових Альпах  ,Краків → Зальцбург → Зальцкаммергут → Больцано → Інсбрук → Тренто → Будапешт,364,,364,7,0,2,25,6,0,0,0,,3,4,4,5,4,5,,,,"0,00%","52,00","182,00",TRUE,1,364,0,6,"20,00%",СЕРПЕНЬ,https://adriatic-travel.com.ua/tour/nezabutni-momenty-v-dolomitovyh-alpah
ADR-47,"Угорщина, Словенія, Італія, Австрія",Adriatic,Екскурсійний,Стандарт 150 - 300,"Альпійська розкіш: Словенія, Італія та Австрія  ",Будапешт → Любляна → Блед → Больцано → Тренто → Інсбрук → Зальцбург → Зальцкаммергут,292,,292,5,0,3,33,4,0,0,0,,5,4,4,5,4,5,4,2,,"0,00%","58,40","97,33",TRUE,1,292,0,8,"15,15%",ТРАВЕНЬ,https://adriatic-travel.com.ua/tour/alpiyska-rozkish-sloveniya-italiya-ta-avstriya
ADR-48,"Франція, Австрія, Німеччина, Чехія, Угорщина",Adriatic,Екскурсійний,Люкс 300 - 400,Привіт Париж! (3 дні в Парижі + Нормандія та Діснейленд ,Краків → Прага → Нюрнберг → Париж → Руан → Онфлер → Довіль → Трувіль → Сюр → Мер → Відень → Будапешт → Егер,312,,312,7,2,3,36,4,0,0,0,2,5,4,4,5,4,4,5,3,,"0,00%","44,57","104,00",FALSE,1,312,0,9,"13,89%",ТРАВЕНЬ,https://adriatic-travel.com.ua/tour/pryvit-paryzh
ADR-49,Нідерланди,Adriatic,Екскурсійний,Люкс 300 - 400,Подаруй собі Amsterdam  ,Вроцлав → Берлін → Амстердам → Зансе → Сханс → Брюссель → Лейден → Делфт → Гаага → Дрезден → Брно → Прага → Краків,337,,337,7,2,4,17,4,0,0,0,,3,2,2,2,2,2,1,3,,"0,00%","48,14","84,25",FALSE,9,334,3,8,"17,65%",ТРАВЕНЬ,https://adriatic-travel.com.ua/tour/podaruy-sobi-amsterdam
ADR-50,Нідерланди,Adriatic,Екскурсійний,Стандарт 150 - 300,Селфі в Амстердамі ,Вроцлав → Дрезден → Амстердам → Зансе → Сханс → Гаага → Делфт → Прага → Брно → Краків,243,,243,6,2,3,20,3,0,0,0,,3,2,2,1,2,3,4,3,,"0,00%","40,50","81,00",FALSE,9,334,-91,8,"20,00%",ЛИСТОПАД,https://adriatic-travel.com.ua/tour/celfi-v-amsterdami
ADR-51,"Норвегія, Швеція",Adriatic,Екскурсійний,Тяжкий Люкс 400 +,Слідами вікінгів: Стокгольм + Осло  ,Варшава → Рига → Юрмала → Таллінн → Стокгольм → Осло → Флом → Копенгаген → Гданськ,453,,453,7,0,4,12,6,0,0,0,,2,2,2,2,2,2,0,0,,"0,00%","64,71","113,25",TRUE,1,453,0,6,"16,67%",ТРАВЕНЬ,https://adriatic-travel.com.ua/tour/slidamy-vikingiv-stokgolm-oslo
ADR-52,Нідерланди,Adriatic,Екскурсійний,Люкс 300 - 400,"Ах, мій милий Амстердам… ",Вроцлав → Берлін → Амстердам → Зансе → Сханс → Утрехт → Делфт → Гаага → Дрезден → Краків,353,,353,6,0,3,22,5,0,0,0,,3,4,4,5,4,2,,,,"0,00%","58,83","117,67",TRUE,9,334,19,6,"22,73%",СЕРПЕНЬ,https://adriatic-travel.com.ua/tour/akh-miy-mylyy-amsterdam
ADR-53,Хорватія,Adriatic,Морський,Люкс 300 - 400,Романтика Адріатики: Хорватія та Чорногорія  ,Будапешт → Загреб → Дубровник → Цетинє → Будва → Котор → Спліт → Трогір → Брела → Оміш → Егер → Егерсалок,406,,406,7,0,1,30,6,0,0,0,4,4,5,4,5,4,4,,,,"0,00%","58,00","406,00",TRUE,6,386,20,7,"16,67%",ЧЕРВЕНЬ,https://adriatic-travel.com.ua/tour/romantyka-adriatyky-horvatiya-ta-chornogoriya
ADR-54,"Хорватія, Чорногорія",Adriatic,Морський,Тяжкий Люкс 400 +,"Подорож Балканами: Хорватія, Чорногорія, Албанія, Македонія та Боснія і Герцеговина  ",Будапешт → Загреб → Меджугор'є → Мостар → Благай → Дубровник → Будва → Котор → Херцег → Новий → Цетинє → Шкодер → Охрид → Скоп'є → Тімішоара,448,,448,9,0,4,25,8,0,0,0,,3,4,4,5,4,5,,,,"0,00%","49,78","112,00",TRUE,2,355,93,6,"20,00%",СЕРПЕНЬ,https://adriatic-travel.com.ua/tour/podorozh-balkanamy
ADR-55,Франція,Adriatic,Морський,Тяжкий Люкс 400 +,"Ми в Ніццу, в Ніццу з вітерцем  ",Будапешт → Грац → Верона → Ніцца → Сен → Поль → Де → Ванс → Антіб → Канни → Сен → Тропе → Монако → Монте → Карло → Генуя → Венеція → Егер,470,,470,8,0,4,25,7,0,0,0,,4,4,4,5,4,4,,,,"0,00%","58,75","117,50",TRUE,20,364,106,6,"20,00%",СЕРПЕНЬ,https://adriatic-travel.com.ua/tour/my-v-nitstsu-v-nitstsu-z-vitertsem
ADR-56,"Франція, Італія",Adriatic,Морський,Тяжкий Люкс 400 +,Лазурна перлина - Ніцца  ,Будапешт → Відень → Санремо → Ніцца → Канни → Сен → Поль → Де → Ванс → Монако → Монте → Карло → Мустьє → Сент → Марі → Мілан → Верона → Венеція → Егер → Егерсалок,473,,473,9,2,3,26,6,0,0,0,,4,4,4,5,4,5,,,,"0,00%","52,56","157,67",FALSE,3,418,55,6,"19,23%",СЕРПЕНЬ,https://adriatic-travel.com.ua/tour/lazurna-perlyna-nitstsa
ADR-57,"Австрія, Німеччина, Чехія",Adriatic,Екскурсійний,Стандарт 150 - 300,Тіроль - серце Альп ,Лінц → Зальцкаммергут → Гальштат → Зальцбург → Інсбрук → Куфштайн → Мюнхен → Прага,338,,338,6,0,4,13,5,0,0,0,,3,2,2,2,2,2,,,,"0,00%","56,33","84,50",TRUE,1,338,0,6,"23,08%",ТРАВЕНЬ,https://adriatic-travel.com.ua/tour/tirol-sertse-alp
ADR-58,Італія,Adriatic,Екскурсійний,Люкс 300 - 400,"Венеція - земля кохання і море чар… Портофіно, Мілан, озеро Комо  ",Будапешт → Трієст → Генуя → Мілан → Лугано → Венеція,355,,355,6,0,3,28,5,0,0,0,1,5,4,4,5,4,5,,,,"0,00%","59,17","118,33",TRUE,19,354,1,7,"17,86%",ТРАВЕНЬ,https://adriatic-travel.com.ua/tour/venetsiya-zemlya-kokhannya-i-more-char
ADR-59,"Нідерланди, Франція",Adriatic,Екскурсійний,Тяжкий Люкс 400 +,"Світ фантазій: Амстердам, Брюссель, Париж + парки розваг!  ",Варшава → Берлін → Амстердам → Зансе → Сханс → Делфт → Гаага → Брюссель → Париж → Руан → Довіль → Трувіль → Сюр → Мер → Етрета → Кольмар → Страсбург → Прага,531,,531,9,0,7,32,8,0,0,0,,5,4,4,5,4,5,2,3,,"0,00%","59,00","75,86",TRUE,3,455,76,8,"15,63%",ТРАВЕНЬ,https://adriatic-travel.com.ua/tour/svit-fantaziy-amsterdam-bryussel-paryzh-parky-rozvag
ADR-60,Норвегія,Adriatic,Екскурсійний,Тяжкий Люкс 400 +,"Земля фіордів, льодовиків... Норвегія... ",Варшава → Гданськ → Сопот → Копенгаген → Осло → Флом → Гетеборг,500,545,"522,5",7,0,4,25,6,0,0,0,,4,4,4,5,4,4,,,45,"8,61%","74,64","130,63",TRUE,2,585,-63,6,"20,00%",СЕРПЕНЬ,https://adriatic-travel.com.ua/tour/zemlya-fiordiv-lodovykiv-norvehi
ADR-61,Італія,Adriatic,Екскурсійний,Стандарт 150 - 300,"Італійський вікенд... Венеція, Флоренція, Рим ",Львів → Венеція → Рим → Флоренція → Львів,248,,248,5,2,3,37,2,0,0,0,2,4,4,5,4,4,5,4,5,,"0,00%","49,60","82,67",FALSE,19,354,-106,9,"13,51%",ЛИПЕНЬ,https://adriatic-travel.com.ua/tour/italiyskyy-vikend-venetsiya-florentsiya-rym
ADR-62,Німеччина,Adriatic,Екскурсійний,Стандарт 150 - 300,Вікенд в Берліні  ,Краків → Берлін → Потсдам → Варшава,198,,198,4,0,2,37,3,0,0,0,,5,4,5,4,4,6,4,5,,"0,00%","49,50","99,00",TRUE,4,226,-28,8,"16,22%",ЖОВТЕНЬ,https://adriatic-travel.com.ua/tour/vikend-v-berlini
ADR-63,Польща,Adriatic,Екскурсійний,Стандарт 150 - 300,"Польськими містами - Краків, Вроцлав, Варшава + Енерджіландія, Африкаріум і аквапарк ",Краків → Вроцлав → Варшава,189,,189,5,1,3,35,3,0,0,0,,5,4,5,4,4,5,4,4,,"0,00%","37,80","63,00",FALSE,4,159,30,8,"14,29%",ТРАВЕНЬ,https://adriatic-travel.com.ua/tour/polskymy-mistamy-krakiv-vrotslav-varshava-enerdzhilandiya-afryka
ADR-64,Швеція,Adriatic,Екскурсійний,Тяжкий Люкс 400 +,"Секрети півночі: Стокгольм, Копенгаген та Гамбурґ  ",Варшава → Рига → Юрмала → Таллінн → Стокгольм → Мальме → Копенгаген → Любек → Гамбург → Бремен → Вроцлав,530,,530,8,0,5,12,7,0,0,0,,2,2,2,2,2,2,,,,"0,00%","66,25","106,00",TRUE,1,530,0,6,"16,67%",ТРАВЕНЬ,https://adriatic-travel.com.ua/tour/sekrety-pivnochi-stokgolm-kopengagen-ta-gamburg
ADR-65,"Німеччина, Польща",Adriatic,Екскурсійний,Стандарт 150 - 300,Європейський експрес - від Кракова до Берліна ,Вроцлав → Берлін → Дрезден → Майсен → Прага → Краків,234,,234,5,0,4,20,4,0,0,0,,3,2,3,2,2,4,2,2,,"0,00%","46,80","58,50",TRUE,1,234,0,8,"20,00%",ЖОВТЕНЬ,https://adriatic-travel.com.ua/tour/evropeyskyy-ekspres-vid-krakova-do-berlina
ADR-66,"Австрія, Угорщина",Adriatic,СПА-тур,Економ 99 - 150,"Три дні релаксу: Будапешт, Егер, Токай + Відень  ",Егерсалок → Егер → Будапешт → Відень → Сентендре → Мішкольц → Тапольца → Токай,172,,172,3,0,1,36,2,0,0,0,,5,4,5,4,4,6,4,4,,"0,00%","57,33","172,00",TRUE,3,160,12,8,"16,67%",ЖОВТЕНЬ,https://adriatic-travel.com.ua/tour/try-dni-relaksu-budapesht-ehersalok-eher
ADR-67,Німеччина,Adriatic,Екскурсійний,Стандарт 150 - 300,Слідами таємниць і легенд: Вроцлав-Берлін-Дрезден  ,Вроцлав → Берлін → Дрезден → Майсен,198,,198,4,1,2,36,2,0,0,0,,5,4,5,4,4,6,4,4,,"0,00%","49,50","99,00",FALSE,4,226,-28,8,"16,67%",ЖОВТЕНЬ,https://adriatic-travel.com.ua/tour/slidamy-tayemnyts-i-lehend-vrotslav-berlin-drezden
ADR-68,Німеччина,Adriatic,Екскурсійний,Стандарт 150 - 300,Дрезден та Берлін - Живи і Подорожуй  ,Берлін → Дрезден → Краків → Величка,196,,196,4,0,2,36,3,0,0,0,,5,4,5,4,4,6,4,4,,"0,00%","49,00","98,00",TRUE,4,226,-30,8,"16,67%",ЖОВТЕНЬ,https://adriatic-travel.com.ua/tour/drezden-ta-berlin-zhyvy-i-podorozhuy
ADR-69,Італія,Adriatic,Морський,Люкс 300 - 400,Італійські канікули на трьох морях ,Будапешт → Трієст → Сан → Марино → Ріміні → Рим → Ватикан → Тіволі → Флоренція → Піза → В'яреджо → Лідо → Ді → Езоло → Венеція,400,,400,7,0,4,23,6,0,0,0,,5,4,4,5,4,1,0,0,,"0,00%","57,14","100,00",TRUE,19,354,46,6,"21,74%",ТРАВЕНЬ,https://adriatic-travel.com.ua/tour/italiyski-kanikuly-na-troh-moryah
ADR-70,Франція,Adriatic,Екскурсійний,Люкс 300 - 400,Пригоди в Парижі + Кольмар та Страсбург!  ,Краків → Дрезден → Париж → Руан → Довіль → Трувіль → Сюр → Мер → Етрета → Руст → Страсбург → Прага,352,,352,6,0,4,34,5,0,0,0,,5,4,4,5,4,4,5,3,,"0,00%","58,67","88,00",TRUE,20,364,-12,8,"14,71%",ТРАВЕНЬ,https://adriatic-travel.com.ua/tour/prygody-v-paryzhi-colmar-ta-strasburg
ADR-71,Франція,Adriatic,Екскурсійний,Стандарт 150 - 300,Подорож до мрії: Париж та Діснейленд  ,Вроцлав → Берлін → Париж → Руан → Довіль → Трувіль → Сюр → Мер → Етрета → Нюрнберг → Бамберг → Прага,272,,272,6,2,5,34,3,0,0,0,,4,5,4,4,5,4,4,4,,"0,00%","45,33","54,40",FALSE,20,364,-92,8,"14,71%",ЧЕРВЕНЬ,https://adriatic-travel.com.ua/tour/podorozh-do-mrii-paryzh-ta-disneylend
ADR-72,Франція,Adriatic,Екскурсійний,Тяжкий Люкс 400 +,"Тур де Франс: Париж, Мон-Сен-Мішель, Луара та Нормандія! ",Вроцлав → Бамберг → Вюрцбург → Реймс → Париж → Руан → Етрета → Кан → Гранвіль → Мон → Cен → Мішель → Сен → Мало → Турс → Діжон → Кольмар → Страсбург → Прага → Брно,459,,459,8,0,8,31,7,0,0,0,,4,4,4,5,4,4,3,3,,"0,00%","57,38","57,38",TRUE,20,364,95,8,"16,13%",СЕРПЕНЬ,https://adriatic-travel.com.ua/tour/tur-de-frans-paryzh-mon-sen-mishel-luara-ta-normandiya
ADR-73,Норвегія,Adriatic,Екскурсійний,Тяжкий Люкс 400 +,"Магія Скандинавії: Фіорди, Язик Троля, Берген, Льодовик!  ",Варшава → Гданськ → Копенгаген → Флом → Берген → Осло → Гетеборг → Торунь,538,,538,7,0,4,23,6,0,0,0,,3,4,4,5,4,3,0,0,,"0,00%","76,86","134,50",TRUE,2,585,-47,6,"21,74%",СЕРПЕНЬ,https://adriatic-travel.com.ua/tour/magiya-skandynavii-fiordy-yazyk-trolya-bergen-lodovyk
ADR-74,Нідерланди,Adriatic,Екскурсійний,Стандарт 150 - 300,Давай разом в Амстердам  ,Краків → Прага → Амстердам → Зансе → Сханс → Лейден → Гаага → Делфт → Ганновер → Берлін → Варшава  e,309,,309,6,1,4,14,4,0,0,0,,2,2,2,2,2,2,2,0,,"0,00%","51,50","77,25",FALSE,9,334,-25,7,"14,29%",ТРАВЕНЬ,https://adriatic-travel.com.ua/tour/davay-razom-v-amsterdam
ADR-75,Чорногорія,Adriatic,Морський,Люкс 300 - 400,Чорногорія - перлина Балканської Адріатики  ,Будва → Ульцинь → Котор → Цетинє → Пераст → Дубровник → Тірана → Круя → Петровац на Мору,422,450,436,12,2,0,23,9,0,0,0,0,0,5,7,7,4,0,0,0,28,"6,42%","36,33","0,00",FALSE,4,356,80,4,"30,43%",ЛИПЕНЬ,https://adriatic-travel.com.ua/tour/chornohoriya-perlyna-balkanskoyi-adriatyky
ADR-76,Чорногорія,Adriatic,Морський,Люкс 300 - 400,Морські історії в серці Чорногорії  ,Будва → Ульцинь → Котор → Цетинє → Пераст → Дубровник → Тірана → Круя → Петровац на Мору,395,465,430,12,2,0,23,9,0,0,0,0,0,5,7,7,4,0,0,0,70,"16,28%","35,83","0,00",FALSE,4,356,74,4,"30,43%",ЛИПЕНЬ,https://adriatic-travel.com.ua/tour/morski-istorii-v-sertsi-chornogorii
ADR-77,Чорногорія,Adriatic,Морський,Люкс 300 - 400,Вдала ідея - відпустка в Чорногорії,Будва → Ульцинь → Котор → Цетинє → Пераст → Дубровник → Тірана → Круя → Петровац на Мору,338,370,354,12,2,0,23,9,0,0,0,0,0,5,7,7,4,0,0,0,32,"9,04%","29,50","0,00",FALSE,4,356,-2,4,"30,43%",ЛИПЕНЬ,https://adriatic-travel.com.ua/tour/vdala-ideya-vidpustka-v-chornohoriyi
ADR-78,"Норвегія, Данія, Швеція",Adriatic,Екскурсійний,Люкс 300 - 400,Знайомство з Норвегією: 4 фіорди + Язик Троля/Берген/Льодовик!» ,Варшава → Гданськ → Копенгаген → Флом → Берген → Гетеборг → Мальме → Торунь,389,438,"413,5",7,2,5,22,4,0,0,0,1,2,4,4,5,4,2,0,0,49,"11,85%","59,07","82,70",FALSE,1,414,0,7,"22,73%",СЕРПЕНЬ,https://adriatic-travel.com.ua/tour/znayomstvo-z-norvegieyu
ADR-79,Франція,Adriatic,Екскурсійний,Стандарт 150 - 300,Казкові канікули у Парижі + Нормандія! ,Краків → Берлін → Париж → Руан → Довіль → Трувіль → Сюр → Мер → Етрета → Нюрнберг → Прага → Брно,301,,301,7,2,5,4,4,0,0,0,,1,2,1,,,,,,,"0,00%","43,00","60,20",FALSE,20,364,-63,3,"50,00%",ЧЕРВЕНЬ,https://adriatic-travel.com.ua/tour/kazkovi-kanikuly-u-paryzhi-2-parky-rozvag-ta-normandiya
ADR-80,Італія,Adriatic,Морський,Люкс 300 - 400,"Лігурійське узбережжя - відпочинок в задоволення: Генуя, Флоренція, Венеція  ",Будапешт → Трієст → Флоренція → Піза → Генуя → Мілан → Венеція,355,,355,6,0,3,27,5,0,0,0,0,5,4,4,5,4,5,0,0,,"0,00%","59,17","118,33",TRUE,19,354,1,6,"18,52%",ТРАВЕНЬ,https://adriatic-travel.com.ua/tour/lihuriys-ke-uzberezhzhya-vidpochynok-v-zadovolennya
ADR-81,Греція,Adriatic,Морський,Тяжкий Люкс 400 +,Грецькі канікули (7 ночей на морі) ,Халкідікі → Каллітея → Салоніки → Едеса → Пефкохорі,504,664,584,10,2,0,18,7,0,0,0,0,1,4,4,5,4,,0,0,160,"27,40%","58,40","0,00",FALSE,4,419,165,5,"27,78%",СЕРПЕНЬ,https://adriatic-travel.com.ua/tour/gretski-kanikuly
ADR-82,Італія,Adriatic,Екскурсійний,Стандарт 150 - 300,«Італія моя любов... Венеція-Мілан-Верона»,Львів → Будапешт → Венеція → Верона → Мілан → Комо → Львів,193,,193,5,2,2,40,2,0,0,0,1,6,4,5,4,4,8,4,4,,"0,00%","38,60","96,50",FALSE,19,354,-161,9,"20,00%",ЖОВТЕНЬ,https://adriatic-travel.com.ua/tour/italiya-moya-lyubov-venetsiya-milan-verona
ADR-83,Франція,Adriatic,Екскурсійний,Люкс 300 - 400,Еліксир кохання або 3 дні в Парижі: Нормандія + Ельзас,Зальцбург → Зальцкаммергут → Краків → Париж → Руан → Довіль → Трувіль → Сюр → Мер → Етрета → Кольмар → Страсбург → Прага → Брно,395,,395,7,0,6,37,6,0,0,0,2,5,4,4,5,4,4,5,4,,"0,00%","56,43","65,83",TRUE,20,364,31,9,"13,51%",ТРАВЕНЬ,https://adriatic-travel.com.ua/tour/eliksyr-kokhannya-paryzh-i-normandiya
ADR-84,"Франція, Німеччина, Чехія",Adriatic,Екскурсійний,Стандарт 150 - 300,Селфі в Парижі + Берлін та Прага!  ,Вроцлав → Берлін → Париж → Нюрнберг → Прага → Брно → Краків,302,,302,5,2,4,34,2,0,0,0,,5,4,4,5,4,4,5,3,,"0,00%","60,40","75,50",FALSE,1,371,-69,8,"14,71%",ТРАВЕНЬ,https://adriatic-travel.com.ua/tour/selfi-v-paryzhi
ADR-85,Греція,Adriatic,Морський,Люкс 300 - 400,Грецькі контрасти (7 ночей на морі в Калітеї)  ,Халкідікі → Каллітея → Салоніки → Едеса → Пефкохорі,394,649,"521,5",10,2,0,18,7,0,0,0,0,1,4,4,5,4,,0,0,255,"48,90%","52,15","0,00",FALSE,4,419,102,5,"27,78%",СЕРПЕНЬ,https://adriatic-travel.com.ua/tour/hretski-kontrasty
ADR-86,Греція,Adriatic,Морський,Люкс 300 - 400,Візьми мене до Греції ,Халкідікі → Каллітея → Салоніки → Едеса → Пефкохорі,380,504,442,10,2,0,18,7,0,0,0,0,1,4,4,5,4,,0,0,124,"28,05%","44,20","0,00",FALSE,4,419,23,5,"27,78%",СЕРПЕНЬ,https://adriatic-travel.com.ua/tour/vizmy-mene-do-hretsiyi
ADR-87,Греція,Adriatic,Морський,Тяжкий Люкс 400 +,Греція - моя любов  ,Пієрія → Каламбака → Салоніки → Едеса,414,474,444,10,2,0,18,7,0,0,0,0,1,4,4,5,4,,0,0,60,"13,51%","44,40","0,00",FALSE,4,419,25,5,"27,78%",СЕРПЕНЬ,https://adriatic-travel.com.ua/tour/hretsiya-moya-lyubov
ADR-88,"Нідерланди, Франція",Adriatic,Екскурсійний,Тяжкий Люкс 400 +,"Казковими містами: Амстердам, Брюссель, Париж ",Варшава → Берлін → Амстердам → Зансе → Сханс → Брюгге → Брюссель → Париж → Руан → Довіль → Трувіль → Сюр → Мер → Етрета → Трір → Мец → Люксембург → Вроцлав,468,,468,8,0,8,33,7,0,0,0,1,5,4,4,5,4,4,3,3,,"0,00%","58,50","58,50",TRUE,3,455,13,9,"15,15%",ТРАВЕНЬ,https://adriatic-travel.com.ua/tour/kazkovymy-mistamy-amsterdam-bryussel-paryzh
ADR-89,"Швеція, Латвія, Естонія",Adriatic,Екскурсійний,Стандарт 150 - 300,Ласкаво просимо в Стокгольм ,Варшава → Рига → Таллінн → Стокгольм → Вільнюс,338,,338,6,0,3,13,5,0,0,0,,3,3,4,3,,,0,0,,"0,00%","56,33","112,67",TRUE,1,268,70,4,"30,77%",ЛИПЕНЬ,https://adriatic-travel.com.ua/tour/laskavo-prosymo-v-stokgolm
ADR-90,"Швеція, Естонія",Adriatic,Екскурсійний,Стандарт 150 - 300,Балтійський дует: Таллінн та Стокгольм  ,Таллінн → Стокгольм → Рига,274,,274,5,2,1,14,2,0,0,0,,3,3,4,4,,,0,0,,"0,00%","54,80","274,00",FALSE,1,274,0,4,"28,57%",ЛИПЕНЬ,https://adriatic-travel.com.ua/tour/baltiyskyy-duet-tallinn-ta-stokholm
ADR-91,Іспанія,Adriatic,Екскурсійний,Тяжкий Люкс 400 +,Золоті піски Іспанії! (6 ночей на морі)  ,Лідо → Ді → Езоло → Венеція → Ніцца → Монако → Льорет → Де → Мар → Барселона → Жирона → Марсель → Генуя,642,774,708,12,2,2,21,9,0,0,0,0,3,4,4,5,4,1,0,0,132,"18,64%","59,00","354,00",FALSE,2,564,144,6,"23,81%",СЕРПЕНЬ,https://adriatic-travel.com.ua/tour/zoloti-pisky-ispaniyi
ADR-92,Франція,Adriatic,Екскурсійний,Люкс 300 - 400,Шарм Парижу та розкіш Нормандії!  ,Вроцлав → Берлін → Париж → Руан → Довіль → Трувіль → Сюр → Мер → Етрета → Кельн → Аахен → Краків,335,,335,7,0,5,33,6,0,0,0,,4,4,4,5,4,4,5,3,,"0,00%","47,86","67,00",TRUE,20,364,-29,8,"15,15%",СЕРПЕНЬ,https://adriatic-travel.com.ua/tour/sharm-paryzhu-ta-rozkish-normandii
ADR-93,"Естонія, Фінляндія, Швеція",Adriatic,Екскурсійний,Люкс 300 - 400,"Хвилями Балтійського моря: Таллінн, Гельсінкі, Стокгольм  ",Люблін → Таллінн → Гельсінкі → Стокгольм → Рига → Юрмала → Вільнюс,342,,342,6,0,2,13,5,0,0,0,,3,3,4,3,,,,0,,"0,00%","57,00","171,00",TRUE,1,342,0,4,"30,77%",ЛИПЕНЬ,https://adriatic-travel.com.ua/tour/hvylyamy-baltiyskogo-morya-tallinn-gelsinki-stokgolm
ADR-94,Нідерланди,Adriatic,Екскурсійний,Стандарт 150 - 300,Незабутній Амстердам  ,Краків → Берлін → Амстердам → Зансе → Сханс → Утрехт → Дрезден → Прага → Брно,218,,218,5,2,2,15,2,0,0,0,1,2,2,3,2,2,3,0,0,,"0,00%","43,60","109,00",FALSE,9,334,-116,7,"20,00%",ЛИПЕНЬ,https://adriatic-travel.com.ua/tour/nezabutniy-amsterdam
ADR-95,Швейцарія,Adriatic,Екскурсійний,Тяжкий Люкс 400 +,Ідеальна формула Швейцарії: Пілатус + Матергорн + Сан-Бернардіно та Монблан!  ,Будапешт → Відень → Санкт → Вольфганг → Ім → Зальцкаммергут → Люцерн → Грюєр → Монтре → Аннесі → Лугано → Вадуц → Інсбрук,407,444,"425,5",7,0,7,35,6,0,0,0,1,5,4,4,5,4,4,5,3,37,"8,70%","60,79","60,79",TRUE,4,350,76,9,"14,29%",ТРАВЕНЬ,https://adriatic-travel.com.ua/tour/idealna-formula-shveytsarii#program
ADR-96,Швейцарія,Adriatic,Екскурсійний,Стандарт 150 - 300,Прекрасні дні в Швейцарії!  ,Будапешт → Відень → Вадуц → Цюрих → Інтерлакен → Люцерн → Егер,230,,230,5,2,3,35,2,0,0,0,1,5,5,4,4,5,3,4,4,,"0,00%","46,00","76,67",FALSE,4,350,-120,9,"14,29%",ТРАВЕНЬ,https://adriatic-travel.com.ua/tour/prekrasni-dni-v-shveytsariyi
ADR-97,Франція,Adriatic,Екскурсійний,Тяжкий Люкс 400 +,"Стильна Франція: Мон-Сен-Мішель, Луара та Нормандія!  ",Краків → Ерфурт → Айзенах → Гент → Брюгге → Лілль → Руан → Етрета → Кан → Мон → Cен → Мішель → Дінан → Турс → Діжон → Кольмар → Кутна Гора,502,,502,8,0,9,33,7,0,0,0,,4,4,4,5,4,4,5,3,,"0,00%","62,75","55,78",TRUE,20,364,138,8,"15,15%",СЕРПЕНЬ,https://adriatic-travel.com.ua/tour/stylna-frantsiya-mon-sen-mishel-luara-ta-normandiya
ADR-98,Португалія,Adriatic,Морський,Тяжкий Люкс 400 +,Океан почуттів - Португалія!  ,Вроцлав → Ротенбург → На → Таубері → Гайдельберґ → Берн → Інтерлакен → Нарбонн → Каркассонн → Лурд → Сан → Себастьян → Більбао → Сантьяго → Де → Компостела → Порту → Коїмбра → Алкобаса → Обідуш → Фатіма → Лісабон → Сінтра → Евора → Мадрид → Толедо → Барселона → Аннесі → Женева → Цюрих → Брно,873,,873,14,0,13,12,13,0,0,0,,2,2,2,2,2,2,0,0,,"0,00%","62,36","67,15",TRUE,1,744,129,6,"16,67%",ТРАВЕНЬ,https://adriatic-travel.com.ua/tour/okean-pochuttiv-portugaliya
ADR-99,Хорватія,Adriatic,Морський,Економ 99 - 150,"Вікенд в Хорватії - сонце, море і термали  ",Загреб → О. Крк → Егерсалок → Егер,154,,154,4,2,1,17,1,0,0,0,0,2,4,5,4,2,0,0,0,,"0,00%","38,50","154,00",FALSE,6,386,-232,5,"29,41%",ЛИПЕНЬ,https://adriatic-travel.com.ua/tour/vikend-v-khorvatiyi-sontse-more-i-termaly
ADR-100,Хорватія,Adriatic,Морський,Стандарт 150 - 300,"Адріатичні пригоди: Любляна, Загреб, Плітвіцькі озера та острів Крк  ",Будапешт → Любляна → Загреб → О. Крк,274,,274,5,0,2,10,4,0,0,0,0,,3,4,3,,0,0,0,,"0,00%","54,80","137,00",TRUE,6,386,-112,3,"40,00%",ЛИПЕНЬ,https://adriatic-travel.com.ua/tour/adriatychni-prygody-lyublyana-zagreb-plitvitski-ozera-ta-krk
ADR-101,Франція,Adriatic,Екскурсійний,Люкс 300 - 400,Солодкий тиждень - Франція та Швейцарія! ,Вроцлав → Дрезден → Майсен → Париж → Руан → Довіль → Трувіль → Сюр → Мер → Етрета → Цюрих → Люцерн → Прага,419,,419,7,0,5,33,6,0,0,0,,4,4,4,5,4,4,5,3,,"0,00%","59,86","83,80",TRUE,20,364,55,8,"15,15%",СЕРПЕНЬ,https://adriatic-travel.com.ua/tour/solodkyy-tyzhden-frantsiya-ta-shveytsariya
ADR-102,Франція,Adriatic,Екскурсійний,Стандарт 150 - 300,"Париж запалює серця… Мюнхен, Дрезден, Прага та Діснейленд  ",Вроцлав → Дрезден → Париж → Страсбург → Руан → Довіль → Трувіль → Сюр → Мер → Онфлер → Мюнхен → Прага,272,,272,6,2,4,34,3,0,0,0,,5,4,4,5,4,4,5,3,,"0,00%","45,33","68,00",FALSE,20,364,-92,8,"14,71%",ТРАВЕНЬ,https://adriatic-travel.com.ua/tour/paryzh-zapalyue-sertsya-myunhen-drezden-praga-ta-disneylend
ADR-103,"Швейцарія, Італія",Adriatic,Екскурсійний,Люкс 300 - 400,"Чудеса Швейцарії: Гріндельвальд, Бріенц, Цюрих, Люцерн, Верзаска та Лугано  ",Краків → Мюнхен → Люцерн → Ґріндельвальд → Брієнц → Цюрих → Брно,338,347,"342,5",6,0,5,33,5,0,0,0,,4,4,4,5,4,4,5,3,9,"2,63%","57,08","68,50",TRUE,1,266,77,8,"15,15%",СЕРПЕНЬ,https://adriatic-travel.com.ua/tour/chudesa-shveytsarii-grindelvald-brients-tsyuryh-lyutsern-verzask
ADR-104,Іспанія,Adriatic,Морський,Тяжкий Люкс 400 +,Кохання в Льорет-де-Мар (5 ночей на морі)  ,Вроцлав → Нюрнберг → Ротенбург → На → Таубері → Бамберг → Берн → Інтерлакен → Авіньйон → Льорет → Де → Мар → Барселона → Кадакес → Андорра → Фігерас → Тосса → Де → Мар → Ніцца → Монако → Мілан → Венеція,795,860,"827,5",12,0,5,20,11,0,0,0,0,2,4,4,5,4,1,0,0,65,"7,85%","68,96","165,50",TRUE,2,564,264,6,"25,00%",СЕРПЕНЬ,https://adriatic-travel.com.ua/tour/kohannya-v-loret-de-mar-5-nochey-na-mori
ADR-105,"Іспанія, Італія, Франція",Adriatic,Морський,Тяжкий Люкс 400 +,"Південна красуня, красуня Іспанія  ",Будапешт → Ліньяно → Сабб'ядоро → Трієст → Ніцца → Монако → Канни → Льорет → Де → Мар → Андорра → Фігерас → Барселона → Лідо → Ді → Езоло → Венеція  ʼ,574,689,"631,5",10,2,1,20,7,0,0,0,0,3,4,4,5,4,0,0,0,115,"18,21%","63,15","631,50",FALSE,2,651,-20,5,"25,00%",СЕРПЕНЬ,https://adriatic-travel.com.ua/tour/pivdenna-krasunya-krasunya-ispaniya
ADR-106,"Іспанія, Італія, Франція",Adriatic,Морський,Тяжкий Люкс 400 +,Ідеальне літо в Іспанії (5 ночей на морі) ,Будапешт → Ліньяно → Сабб'ядоро → Трієст → Ніцца → Монако → Канни → Льорет → Де → Мар → Андорра → Фігерас → Барселона → Лідо → Ді → Езоло → Венеція,602,739,"670,5",11,2,1,20,8,0,0,0,0,3,4,4,5,4,0,0,0,137,"20,43%","60,95","670,50",FALSE,2,651,20,5,"25,00%",СЕРПЕНЬ,https://adriatic-travel.com.ua/tour/idealne-lito-v-ispanii-5-nochey-na-mori#about_tour
ADR-107,Нідерланди,Adriatic,Екскурсійний,Люкс 300 - 400,Бажання дам - Амстердам! 3 дні в Амстердамі + парк Кекенхоф,Тарнув → Ерфурт → Айзенах → Амстердам → Зансе → Сханс → Делфт → Гаага → Роттердам → Гітгорн → Вроцлав,320,,320,6,1,4,17,4,0,0,0,1,5,4,1,2,2,2,,,,"0,00%","53,33","80,00",FALSE,9,334,-14,7,"29,41%",ТРАВЕНЬ,https://adriatic-travel.com.ua/tour/bazhannya-dam-amsterdam-3-dni-v-amsterdami-park-kekenhof
ADR-108,"Швейцарія, Італія, Австрія",Adriatic,Екскурсійний,Люкс 300 - 400,Альпійські чари! Швейцарія + Італія + Австрія…  ,Краків → Зальцбург → Зальцкаммергут → Вадуц → Цюрих → Люцерн → Мілан → Верона → Інсбрук → Відень,360,364,362,6,0,4,35,5,0,0,0,1,4,5,4,5,4,4,5,3,4,"1,10%","60,33","90,50",TRUE,1,362,0,9,"14,29%",ЧЕРВЕНЬ,https://adriatic-travel.com.ua/tour/alpiyski-chary-avstriya-shveytsariya-ta-italiya
ADR-109,"Швейцарія, Німеччина, Чехія, Австрія, Польща",Adriatic,Екскурсійний,Стандарт 150 - 300,"Якщо на землі є рай, то це Швейцарія  ",Краків → Зальцбург → Зальцкаммергут → Цюрих → Люцерн → Мюнхен → Брно → Бохня,258,,258,5,1,4,35,3,0,0,0,1,4,4,5,4,5,4,4,4,,"0,00%","51,60","64,50",FALSE,1,258,0,9,"14,29%",ЛИПЕНЬ,https://adriatic-travel.com.ua/tour/yakshcho-na-zemli-ye-ray-to-tse-shveytsariya
ADR-110,Хорватія,Adriatic,Морський,Тяжкий Люкс 400 +,Just Hvar. Просто Хвар» (7 ночей на морі в Хорватії)  ,Егер → Будапешт → Спліт → Єлса → О. Хвар → О. Брач,420,675,"547,5",10,2,0,16,7,0,0,0,0,1,4,4,4,3,0,0,0,255,"46,58%","54,75","0,00",FALSE,6,386,162,5,"25,00%",ЧЕРВЕНЬ,https://adriatic-travel.com.ua/tour/just-hvar-prosto-khvar-7-nochey-na-mori-v-khorvatiyi
ADR-111,Хорватія,Adriatic,Морський,Тяжкий Люкс 400 +,Хорватія... Мить насолоди. Острів Хвар  ,Егер → Будапешт → Спліт → Єлса → О. Хвар → О. Брач,40,689,"364,5",10,2,0,16,7,0,0,0,0,1,4,4,4,3,0,0,0,649,"178,05%","36,45","0,00",FALSE,6,386,-21,5,"25,00%",ЧЕРВЕНЬ,https://adriatic-travel.com.ua/tour/khorvatiya-myt-nasolody-ostriv-khvar
ADR-112,Нідерланди,Adriatic,Екскурсійний,Люкс 300 - 400,"Амстердам від ""А"" до ""М"" або 4 дні в Нідерландах + парк Кекенхоф",Тарнув → Ганновер → Амстердам → Зансе → Сханс → Делфт → Гаага → Роттердам → Брюссель → Гент → Брюгге → Гітгорн → Вроцлав,385,,385,7,1,4,35,5,0,0,0,,4,4,4,5,4,5,4,5,,"0,00%","55,00","96,25",FALSE,9,334,51,8,"14,29%",СЕРПЕНЬ,https://adriatic-travel.com.ua/tour/amsterdam-vid-a-do-m-abo-4-dni-v-niderlandah-park-kekenhof
ADR-113,Швейцарія,Adriatic,Екскурсійний,Тяжкий Люкс 400 +,Вище хмар - Швейцарія..,Краків → Нюрнберг → Ротенбург → На → Таубері → Цюрих → Берн → Люцерн → Вадуц → Інсбрук → Брно,489,,489,8,0,5,33,7,0,0,0,,4,4,4,5,4,4,5,3,,"0,00%","61,13","97,80",TRUE,4,350,139,8,"15,15%",СЕРПЕНЬ,https://adriatic-travel.com.ua/tour/vyshche-hmar-shveytsariya-abo-tam-de-litae-santa
ADR-114,Чорногорія,Adriatic,Морський,Стандарт 150 - 300,Країна гір і моря... Моя Чорногорія  ,Будва → Ульцинь → Свєті → Стефан → Котор → Пераст → Цетинє → Дубровник → Тірана,285,290,"287,5",8,2,0,13,5,0,0,0,0,,3,3,4,3,0,0,0,5,"1,74%","35,94","0,00",FALSE,4,356,-69,4,"30,77%",СЕРПЕНЬ,https://adriatic-travel.com.ua/tour/krayina-hir-i-morya-moya-chornohoriya
ADR-115,Франція,Adriatic,Морський,Люкс 300 - 400,"Казкові три дні на Лазурному березі! Ніцца, Канни та Монако  ",Краків → Прага → Ніцца → Канни → Сен → Поль → Де → Ванс → Ментон → Дольчеаккуа → Трієст → Відень,368,,368,7,2,4,26,4,0,0,0,,5,4,4,5,4,4,0,0,,"0,00%","52,57","92,00",FALSE,20,364,4,6,"19,23%",ТРАВЕНЬ,https://adriatic-travel.com.ua/tour/kazkovi-try-dni-na-lazurnomu-berezi
ADR-116,Франція,Adriatic,Екскурсійний,Люкс 300 - 400,Канікули у Франції! Парки розваг + Нормандія!  ,Краків → Дрезден → Париж → Руан → Довіль → Трувіль → Сюр → Мер → Етрета → Руст → Кольмар → Прага,400,,400,7,0,4,11,6,0,0,0,,1,2,2,2,,,0,4,,"0,00%","57,14","100,00",TRUE,20,364,36,5,"36,36%",ГРУДЕНЬ,https://adriatic-travel.com.ua/tour/kanikuly-v-frantsii
ADR-117,"Хорватія, Чорногорія",Adriatic,Морський,Стандарт 150 - 300,"Вітаю, Montenegro!  ",Будва → Котор → Свєті → Стефан → Дубровник → Цетинє,255,270,"262,5",7,2,0,13,4,0,0,0,0,2,4,3,4,,,0,0,15,"5,71%","37,50","0,00",FALSE,2,355,-93,4,"30,77%",ЧЕРВЕНЬ,https://adriatic-travel.com.ua/tour/vitayu-montenegro
ADR-118,Італія,Adriatic,Морський,Тяжкий Люкс 400 +,"Buona sera, Сицилія: Палермо, Катанія, Етна + морський круїз»  ",Будапешт → Трієст → Піран → Порторож → Генуя → О. Сицилія → Палермо → Монреале → Катанія → Таорміна → Сіракузи → Неаполь → Перуджа → Ассізі → Венеція,734,779,"756,5",11,0,6,8,10,0,0,0,1,2,1,1,1,1,1,0,0,45,"5,95%","68,77","126,08",TRUE,19,354,403,7,"25,00%",ТРАВЕНЬ,https://adriatic-travel.com.ua/tour/buona-sera-sytsyliya-palermo-kataniya-etna-morskyy-kruiz
ADR-119,Італія,Adriatic,Морський,Тяжкий Люкс 400 +,"Сонячна Апулія: Барі, Матера та Альберобелло  ",Будапешт → Любляна → Блед → Флоренція → Піза → Сієна → Рим → Ватикан → Неаполь → Гаета → О. Капрі → Барі → Матера → Гравіна → Ін → Пулья → Перуджа → Ассізі → Венеція,553,,553,10,0,7,7,9,0,0,0,,2,1,1,1,1,1,0,0,,"0,00%","55,30","79,00",TRUE,19,354,199,6,"28,57%",ТРАВЕНЬ,https://adriatic-travel.com.ua/tour/sonyachna-apuliya-bari-matera-ta-alberobello
ADR-120,Італія,Adriatic,Морський,Люкс 300 - 400,Мелодії Адріатичного моря  ,Будапешт → Ріміні → Сан → Марино → Венеція → Болонья → Флоренція → Трієст → Егер,439,452,"445,5",8,0,0,15,7,0,0,0,0,2,2,6,3,2,0,0,0,13,"2,92%","55,69","0,00",TRUE,19,354,92,5,"40,00%",ЛИПЕНЬ,https://adriatic-travel.com.ua/tour/melodii-adriatychnogo-morya#about_tour
ADR-121,Італія,Adriatic,Морський,Стандарт 150 - 300,Італія - морська спокуса: 5 ночей на морі в Ріміні  ,Егер → Будапешт → Ріміні → Венеція → Верона → Сан → Марино → Болонья → Падуя → Флоренція,344,379,"361,5",8,2,0,11,5,0,0,0,0,0,3,4,3,1,0,0,0,35,"9,68%","45,19","0,00",FALSE,19,354,8,4,"36,36%",ЛИПЕНЬ,https://adriatic-travel.com.ua/tour/italiya-morska-spokusa
ADR-122,"Франція, Італія",Adriatic,Екскурсійний,Тяжкий Люкс 400 +,"Під одним небом, Рим та Париж! ",Вроцлав → Дрезден → Париж → Руан → Довіль → Трувіль → Сюр → Мер → Онфлер → Флоренція → Піза → Рим → Ватикан → Венеція → Будапешт → Егер → Егерсалок,401,,401,8,2,5,34,5,0,0,0,,5,4,4,5,4,5,4,3,,"0,00%","50,13","80,20",FALSE,3,418,-17,8,"14,71%",ТРАВЕНЬ,https://adriatic-travel.com.ua/tour/pid-odnym-nebom-rym-ta-paryzh
ADR-123,"Франція, Італія",Adriatic,Екскурсійний,Тяжкий Люкс 400 +,Тур від кутюр: Париж та Мілан!  ,Вроцлав → Ерфурт → Париж → Руан → Довіль → Трувіль → Сюр → Мер → Етрета → Женева → Мілан → Бергамо → Верона → Венеція → Відень,468,,468,8,0,5,34,7,0,0,0,,5,4,4,5,4,4,5,3,,"0,00%","58,50","93,60",TRUE,3,418,50,8,"14,71%",ТРАВЕНЬ,https://adriatic-travel.com.ua/tour/tur-vid-kutyur-paryzh-ta-milan
ADR-124,Нідерланди,Adriatic,Екскурсійний,Стандарт 150 - 300,На хвилинку в Амстердам + парк Кекенхоф  ,Вроцлав → Дрезден → Амстердам → Зансе → Сханс → Ганновер → Гамельн → Варшава,303,,303,5,0,2,18,4,0,0,0,,4,5,2,2,2,3,0,0,,"0,00%","60,60","151,50",TRUE,9,334,-31,6,"27,78%",ЧЕРВЕНЬ,https://adriatic-travel.com.ua/tour/na-khvylynku-v-amsterdam
ADR-125,Італія,Adriatic,Морський,Люкс 300 - 400,Яскраві барви Адріатики: 6 ночей на морі в Ріміні  ,Ріміні → Сан → Марино → Болонья → Флоренція → Равенна,334,444,389,9,2,0,15,6,0,0,0,0,0,5,4,4,2,0,0,0,110,"28,28%","43,22","0,00",FALSE,19,354,35,4,"33,33%",ЧЕРВЕНЬ,https://adriatic-travel.com.ua/tour/yaskravi-barvy-adriatyky
ADR-126,Нідерланди,Adriatic,Екскурсійний,Люкс 300 - 400,"Дивовижні канікули в Нідерландах + 4 парки: ""Fantasialand"", ""Efteling"", ""Keukenhof"" та ""Madurodam""  ",Вроцлав → Берлін → Амстердам → Зансе → Сханс → Брюссель → Гаага → Делфт → Кельн → Брюль → Прага,479,,479,7,0,4,1,6,0,0,0,1,,0,0,0,0,0,0,0,,"0,00%","68,43","119,75",TRUE,9,334,145,1,"100,00%",КВІТЕНЬ,https://adriatic-travel.com.ua/tour/dytyachi-kanikuly-v-niderlandah-4-parky
ADR-127,Албанія,Adriatic,Морський,Тяжкий Люкс 400 +,Красуня Албанія  ,Вльора → Берат → Гірокастра → Тірана → Ксаміл,540,634,587,12,2,0,15,9,0,0,0,0,1,4,4,4,2,0,0,0,94,"16,01%","48,92","0,00",FALSE,1,545,42,5,"26,67%",ЧЕРВЕНЬ,https://adriatic-travel.com.ua/tour/krasunya-albaniya
ADR-128,Німеччина,Adriatic,Екскурсійний,Стандарт 150 - 300,Дорогами казкової Німеччини: Мюнхен + замок Нойшванштайн  ,Краків → Величка → Прага → Мюнхен → Відень → Будапешт → Егер,279,,279,5,0,2,36,4,0,0,0,,5,4,5,4,4,6,4,4,,"0,00%","55,80","139,50",TRUE,4,226,53,8,"16,67%",ЖОВТЕНЬ,https://adriatic-travel.com.ua/tour/dorohamy-kazkovoyi-nimechchyny-myunkhen-zamok-noyshvanshtayn
ADR-129,"Австрія, Польща, Чехія, Угорщина",Adriatic,Екскурсійний,Стандарт 150 - 300,Європейський випускний: Краків - Прага - Відень - Будапешт,Краків → Прага → Відень → Будапешт → Егерсалок → Егер,185,,185,4,0,1,3,3,0,0,0,,,3,,,,,,,,"0,00%","46,25","185,00",TRUE,1,185,0,1,"100,00%",ЧЕРВЕНЬ,https://adriatic-travel.com.ua/tour/evropeyskyy-vypusknyy-krakiv-praga-viden-budapesht
ADR-130,Італія,Adriatic,Екскурсійний,Стандарт 150 - 300,Дитячі пригоди в Італії + парки розваг Гардаленд та Леоландія  ,Егер → Будапешт → Венеція → Мілан,225,,225,5,2,3,15,2,0,0,0,0,2,4,5,4,0,0,0,0,,"0,00%","45,00","75,00",FALSE,19,354,-129,4,"33,33%",ЛИПЕНЬ,https://adriatic-travel.com.ua/tour/dytyachi-prygody-v-italii-parky-rozvag-gardalend-ta-leolandiya
ADR-131,Хорватія,Adriatic,Морський,Тяжкий Люкс 400 +,Наша Хорватська відпустка  ,Будапешт → Егер → Водіце → Трогір → Спліт → Оміш → О. Крк,564,799,"681,5",10,2,0,3,7,0,0,0,0,0,2,1,,,,0,0,235,"34,48%","68,15","0,00",FALSE,6,386,296,2,"66,67%",ЧЕРВЕНЬ,https://adriatic-travel.com.ua/tour/nasha-horvatska-vidpustka
ADR-132,Італія,Adriatic,Морський,Тяжкий Люкс 400 +,Італія серце Адріатики: 5 ночей на морі в Лідо ді Єзоло  ,Егер → Будапешт → Лідо → Ді → Езоло → Венеція → Верона → Трієст,419,489,454,9,0,0,15,8,0,0,0,,,5,4,4,2,,,,70,"15,42%","50,44","0,00",TRUE,19,354,100,4,"33,33%",ЧЕРВЕНЬ,https://adriatic-travel.com.ua/tour/italiya-sertse-adriatyky
ADR-133,Угорщина,Adriatic,Екскурсійний,Економ 99 - 150,"Марципанові канікули в Угорщині: Будапешт, Сентендре + аквапарк Aquasziget, зоопарк Шошто  ",Будапешт → Сентендре → Естергом → Ньїредьгаза,172,,172,3,0,1,12,2,0,0,0,0,0,4,5,3,0,0,0,0,,"0,00%","57,33","172,00",TRUE,1,152,20,3,"41,67%",ЛИПЕНЬ,https://adriatic-travel.com.ua/tour/martsypanovi-kanikuly-v-ugorshchyni
ADR-134,"Іспанія, Франція, Італія",Adriatic,Екскурсійний,Люкс 300 - 400,Барселона - серце Каталонії  ,Егер → Будапешт → Відень → Ніцца → Монте → Карло → Санремо → Марсель → Барселона → Жирона → Венеція → Егерсалок,408,422,415,8,2,4,30,5,0,0,0,0,5,4,4,5,4,5,2,1,14,"3,37%","51,88","103,75",FALSE,1,396,19,8,"16,67%",ТРАВЕНЬ,https://adriatic-travel.com.ua/tour/barselona-sertse-kataloniyi
ADR-135,"Албанія, Греція",Adriatic,Морський,Тяжкий Люкс 400 +,Літня відпустка в Албанії  ,Охрид → Саранда → Ксаміл → Керкіра → Гірокастра → Парга → Бутрінті → Скоп'є,544,675,"609,5",12,2,0,18,9,0,0,0,0,2,4,4,5,3,0,0,0,131,"21,49%","50,79","0,00",FALSE,1,610,0,5,"27,78%",СЕРПЕНЬ,https://adriatic-travel.com.ua/tour/litnya-vidpustka-v-albanii
ADR-136,Франція,Adriatic,Екскурсійний,Тяжкий Люкс 400 +,"Рандеву в Парижі + Ельзас = 5 днів у Франції (Нормандія, Замки Луари, Мон-Сен-Мішель + 2 парки розваг) ",Вроцлав → Дрезден → Майсен → Франкфурт → На → Майні → Париж → Руан → Довіль → Етрета → Трувіль → Сюр → Мер → Кольмар → Страсбург → Прага → Брно,457,,457,8,0,6,,7,0,0,0,2,5,4,4,5,4,4,5,3,,"0,00%","57,13","76,17",TRUE,20,364,93,9,"13,89%",ТРАВЕНЬ,https://adriatic-travel.com.ua/tour/randevu-v-paryzhi
DAV-1,"Чехія, Німеччина",DavClub,Екскурсійний,Стандарт 150 - 300,Празький вікенд з Києва,Київ – Житомир – Рівне – Львів – Прага – Дрезден – Львів – Рівне – Житомир – Київ,199,,199,5,2,0,6,2,0,0,0,0,1,1,1,1,1,1,0,0,,"0,00%","39,80","0,00",FALSE,2,220,-21,6,"16,67%",ТРАВЕНЬ,https://davclub.ua/bus-tours-europe/czech-republic_germany/
DAV-2,"Чехія, Німеччина",DavClub,Екскурсійний,Стандарт 150 - 300,Європейський вікенд,Київ – Житомир – Рівне – Львів – Прага – Регенсбург- Дрезден – Львів – Рівне – Житомир – Київ,229,,229,6,2,1,6,3,0,0,0,0,1,1,1,1,1,1,0,0,,"0,00%","38,17","229,00",FALSE,2,220,9,6,"16,67%",ТРАВЕНЬ,https://davclub.ua/bus-tours-europe/ukraine_czech-republic_germany/
DAV-3,Греція,DavClub,Морський,Люкс 300 - 400,Грецькі Канікули (Олімпійська Рив'єра) 2025,Київ – Біла Церква – Умань – Одеса – Ізмаїл – Олімпійська Рів’єра – Салоніки – Метеори – Лутра Арідея – острів Скіатос – Олімп – Ізмаїл – Одеса – Умань – Біла Церква – Київ,319,365,342,9,2,0,13,6,0,0,0,0,1,3,0,1,4,4,0,0,46,"13,45%","38,00","0,00",FALSE,3,419,-77,5,"30,77%",ВЕРЕСЕНЬ,https://davclub.ua/search-for-country/greece/greece-holiday/
DAV-4,Італія,DavClub,Морський,Люкс 300 - 400,Bella Італія - відпочинок на морі,Київ – Житомир – Рівне – Львів – Мукачево – В’яреджо – Піза – Чінкве Терре – Сан Джміньяно — Рим – Флоренція – Мукачево – Львів – Рівне – Житомир – Київ,535,655,595,9,2,0,4,6,0,0,0,0,0,1,1,1,1,0,0,0,120,"20,17%","66,11","0,00",FALSE,3,354,241,4,"25,00%",ЧЕРВЕНЬ,https://davclub.ua/search-for-country/%d1%96%d1%82%d0%b0%d0%bb%d1%96%d1%8f/italy-ligurian-coast/
DAV-5,Греція,DavClub,Морський,Люкс 300 - 400,Грецькі Канікули (Олімпійська Рив'єра) 2025,Київ – Біла Церква – Умань – Одеса – Ізмаїл – Олімпійська Рів’єра – Салоніки – Метеори – Лутра Арідея – острів Скіатос – Олімп – Ізмаїл – Одеса – Умань – Біла Церква – Київ,389,399,394,10,2,0,13,7,0,0,0,0,1,3,0,1,4,4,0,0,10,"2,54%","39,40","0,00",FALSE,3,419,-25,5,"30,77%",ВЕРЕСЕНЬ,https://davclub.ua/search-for-country/greece/greece-holiday/
DAV-6,Греція,DavClub,Морський,Тяжкий Люкс 400 +,Молодіжний центр Orfeas Olympic Camp у Греції 2025,Київ → Одеса → Салонікі → Паралія / Київ → Житомир → Вінниця → Хмельницький → Камянець Подільський → Салонікі → Паралія / Львів → Ів → Франківськ → Чернівці → Салоніки → Паралія,685,715,700,12,2,0,17,9,0,0,0,0,0,4,3,6,4,0,0,0,30,"4,29%","58,33","0,00",FALSE,3,419,281,4,"35,29%",СЕРПЕНЬ,https://davclub.ua/search-for-country/greece/orfeas-olympic-camp-in-grecce-2026/
DAV-7,Італія,DavClub,Екскурсійний,Тяжкий Люкс 400 +,Чарівна Італія з Одеси,Одеса – Криве Озеро – Умань – Вінниця – Хмельницький – Тернопіль – Мукачево – Будапешт – Любляна – Пиза –  Флоренція – Рим – Ватикан – Венеція – Мукачево – Тернопіль – Хмельницький – Вінниця – Умань – Криве Озеро – Одеса,455,500,"477,5",8,2,2,1,5,0,0,0,0,0,0,0,0,0,1,0,0,45,"9,42%","59,69","238,75",FALSE,3,354,124,1,"100,00%",ЖОВТЕНЬ,https://davclub.ua/search-for-country/%d1%96%d1%82%d0%b0%d0%bb%d1%96%d1%8f/italy-from-odesa/
DAV-8,"Австрія, Німеччина",DavClub,Екскурсійний,Стандарт 150 - 300,Альпійський вікенд,Київ – Житомир – Рівне – Львів – Чоп – Будапешт – Відень – Зальцбург – Мюнхен – Львів – Рівне – Житомир – Київ,289,,289,6,2,1,6,3,0,0,0,0,1,1,1,1,1,1,0,0,,"0,00%","48,17","289,00",FALSE,1,289,0,6,"16,67%",ТРАВЕНЬ,https://davclub.ua/bus-tours-europe/hungary-austria-germany/
DAV-9,Італія,DavClub,Екскурсійний,Стандарт 150 - 300,Казкова Угорщина + Відень,Львів – Будапешт – Відень – Егерсалок – Львів,199,239,219,4,0,0,6,3,0,0,0,0,1,1,1,1,1,1,0,0,40,"18,26%","54,75","0,00",TRUE,3,354,-135,6,"16,67%",ТРАВЕНЬ,https://davclub.ua/bus-tours-europe/hangury_austria/
DAV-10,Франція,DavClub,Екскурсійний,Люкс 300 - 400,"Мріючи про нього: Амстердам, Брюссель, Париж, Люксембург, Прага і Берлін!",Львів → Варшава → Берлін → Амстердам → Брюссель → Париж → Люксембург → Франкфурт → На → Майні → Прага → Львів,441,463,452,8,0,8,106,7,0,0,0,7,12,15,10,12,15,12,12,11,22,"4,87%","56,50","56,50",TRUE,1,364,88,9,"14,15%",ЧЕРВЕНЬ,https://www.accordtour.com/tours/4126
DAV-11,"Угорщина, Австрія",DavClub,Екскурсійний,Стандарт 150 - 300,Казкова Угорщина + Відень,Львів,199,239,219,4,0,0,6,3,0,0,0,,1,1,1,1,1,1,,,40,"18,26%","54,75","0,00",TRUE,1,219,0,6,"16,67%",ТРАВЕНЬ,https://davclub.ua/bus-tours-europe/hangury_austria/
ITR-1,"Австрія, Німеччина, Польща, Чехія",ITravel,Екскурсійний,Стандарт 150 - 300,Неповторна Баварія + Прага та Відень,Прага → Краків → Відень → Мюнхен → Фюссен,169,,169,5,2,3,42,2,0,0,0,2,5,4,5,4,4,6,4,8,,"0,00%","33,80","56,33",FALSE,2,254,-85,9,"19,05%",ГРУДЕНЬ,https://www.i-travel.com.ua/?p=48199
ITR-2,"Італія, Угорщина",ITravel,Екскурсійний,Стандарт 150 - 300,"VIVA Італія! Венеція, Мілан, озера Гарда та Комо",Будапешт → Венеція → Верона → Милан → Комо,189,,189,5,2,3,35,2,0,0,0,1,5,3,4,5,4,6,4,3,,"0,00%","37,80","63,00",FALSE,4,240,-51,9,"17,14%",ЖОВТЕНЬ,https://www.i-travel.com.ua/?p=48528
ITR-3,"Австрія, Німеччина, Польща",ITravel,Екскурсійний,Стандарт 150 - 300,Баварська мрія,Краків → Берлін → Відень → Мюнхен → Потсдам → Фюссен,269,,269,6,1,3,37,4,0,0,0,2,5,4,4,5,4,4,5,4,,"0,00%","44,83","89,67",FALSE,1,269,0,9,"13,51%",ТРАВЕНЬ,https://www.i-travel.com.ua/?p=44927
ITR-4,Франція,ITravel,Екскурсійний,Люкс 300 - 400,Париж та голуби: 3 дні в Парижі (без нічних переїздів),Париж → Краків → Бамберг → Онфлер → Руан → Трувиль → Довиль → Трир → Люксембург → Вроцлав → Дрезден,389,,389,7,0,5,19,6,0,0,0,1,2,2,2,3,2,2,2,3,,"0,00%","55,57","77,80",TRUE,4,364,25,9,"15,79%",СЕРПЕНЬ,https://www.i-travel.com.ua/?p=28273
ITR-5,"Австрія, Польща, Чехія",ITravel,Екскурсійний,Економ 99 - 150,"Три бажання: Краків, Прага та Відень",Львів → Краків → Прага → Відень → Львів,120,,120,4,1,1,43,2,0,0,0,2,6,4,5,3,4,6,4,9,,"0,00%","30,00","120,00",FALSE,1,120,0,9,"20,93%",ГРУДЕНЬ,https://www.i-travel.com.ua/?p=46939
ITR-6,"Німеччина, Нідерланди, Польща, Чехія",ITravel,Екскурсійний,Стандарт 150 - 300,Амстердамський експрес,Прага → Краків → Амстердам → Дрезден → Ганновер,239,,239,6,2,3,42,3,0,0,0,2,5,4,4,5,4,5,5,8,,"0,00%","39,83","79,67",FALSE,2,284,-45,9,"19,05%",ГРУДЕНЬ,https://www.i-travel.com.ua/?p=44750
ITR-7,"Бельгія, Німеччина, Нідерланди, Польща, Франція, Чехія",ITravel,Екскурсійний,Люкс 300 - 400,Круасани і тюльпани: Амстердам + Париж,Париж → Прага → Краків → Берлін → Амстердам → Брюссель → Кекенхоф,369,,369,8,2,4,19,5,0,0,0,1,2,2,2,3,2,2,2,3,,"0,00%","46,13","92,25",FALSE,1,369,0,9,"15,79%",СЕРПЕНЬ,https://www.i-travel.com.ua/?p=46056
ITR-8,"Німеччина, Нідерланди, Польща, Чехія",ITravel,Екскурсійний,Стандарт 150 - 300,Голландський калейдоскоп,Прага → Краків → Берлін → Амстердам → Вроцлав → Гаага → Роттердам → Потсдам → Делфт → Кекенхоф → Лейден,329,,329,7,2,3,36,4,0,0,0,2,5,4,4,5,4,4,4,4,,"0,00%","47,00","109,67",FALSE,2,284,45,9,"13,89%",ТРАВЕНЬ,https://www.i-travel.com.ua/?p=46007
ITR-9,"Австрія, Угорщина, Чехія",ITravel,Екскурсійний,Стандарт 150 - 300,"Столичні пригоди: Будапешт, Відень, Прага + Краків!",Львів → Будапешт → Відень → Прага → Краків → Львів,179,,179,4,0,1,41,3,0,0,0,2,4,6,5,5,5,5,4,5,,"0,00%","44,75","179,00",TRUE,1,179,0,9,"14,63%",ЧЕРВЕНЬ,https://www.i-travel.com.ua/?p=46661
ITR-10,"Австрія, Угорщина, Словаччина",ITravel,Екскурсійний,Стандарт 150 - 300,Словацька мелодія з Віденським шармом!,Будапешт → Відень → Кежмарок → Кошице → Попрад,239,,239,5,0,2,41,4,0,0,0,2,5,4,5,4,7,4,4,6,,"0,00%","47,80","119,50",TRUE,1,239,0,9,"17,07%",ВЕРЕСЕНЬ,https://www.i-travel.com.ua/?p=10078
ITR-11,"Австрія, Угорщина, Польща, Чехія",ITravel,Екскурсійний,Стандарт 150 - 300,Кураж столицями,Прага → Краків → Будапешт → Відень → Чешський → Штернберк,159,,159,4,1,1,46,2,0,0,0,1,5,6,5,6,5,7,5,6,,"0,00%","39,75","159,00",FALSE,1,159,0,9,"15,22%",ЖОВТЕНЬ,https://www.i-travel.com.ua/avtobusna-podorozh-kurazh-stolytsyamy-zi-lvova/
ITR-12,"Австрія, Угорщина",ITravel,Екскурсійний,Економ 99 - 150,Угорський танок: Будапешт і Відень,Будапешт → Сентендре → Вышеград → Відень → Егер → Мішкольц,139,,139,4,0,0,39,3,0,0,0,2,5,5,5,4,4,5,4,5,,"0,00%","34,75","0,00",TRUE,1,160,-21,9,"12,82%",ТРАВЕНЬ,https://www.i-travel.com.ua/?p=44883
ITR-13,"Італія, Угорщина, Франція, Монако",ITravel,Екскурсійний,Стандарт 150 - 300,"Європейська розкіш – Ніцца, Монако, Портофіно…",Ніцца → Будапешт → Генуя → Венеція → Верона → Портофіно → Монако,219,,219,6,2,4,31,3,0,0,0,1,5,4,4,4,4,4,5,,,"0,00%","36,50","54,75",FALSE,2,274,-55,8,"16,13%",ТРАВЕНЬ,https://www.i-travel.com.ua/?p=17126
ITR-14,"Італія, Угорщина, Словенія, Франція, Монако",ITravel,Екскурсійний,Люкс 300 - 400,Лазурний МЕГАтур,Ніцца → Будапешт → Генуя → Венеція → Любляна → Портофіно → Блед → Канни → Монако,399,,399,8,1,5,29,6,0,0,0,1,5,4,4,5,5,5,,,,"0,00%","49,88","79,80",FALSE,1,399,0,7,"17,24%",ТРАВЕНЬ,https://www.i-travel.com.ua/?p=21694
ITR-15,"Італія, Угорщина, Франція, Монако",ITravel,Екскурсійний,Стандарт 150 - 300,Лазурний шик: 2 дні на Рив'єрі,Ніцца → Будапешт → Венеція → Егер → Верона → Милан → Канни → Монако → Комо,329,,329,7,2,4,27,4,0,0,0,1,5,4,4,5,4,4,,,,"0,00%","47,00","82,25",FALSE,2,274,55,7,"18,52%",ТРАВЕНЬ,https://www.i-travel.com.ua/?p=49335
ITR-16,"Італія, Угорщина",ITravel,Екскурсійний,Економ 99 - 150,Джульєтта і гондоли,Будапешт → Венеція → Верона,139,,139,4,2,0,20,1,0,0,0,1,3,2,2,2,2,4,2,2,,"0,00%","34,75","0,00",FALSE,4,240,-101,9,"20,00%",ЖОВТЕНЬ,https://www.i-travel.com.ua/?p=8011
ITR-17,"Іспанія, Угорщина, Італія, Словенія, Франція, Монако",ITravel,Екскурсійний,Люкс 300 - 400,"Спокусливе тріо: Венеція, Ніцца, Барселона",Ніцца → Будапешт → Барселона → Венеція → Верона → Любляна → Блед → Монако → Модена,469,,469,9,2,6,13,6,0,0,0,,3,2,2,2,2,2,,,,"0,00%","52,11","78,17",FALSE,1,469,0,6,"23,08%",ТРАВЕНЬ,https://www.i-travel.com.ua/?p=47356
ITR-18,"Італія, Угорщина",ITravel,Екскурсійний,Стандарт 150 - 300,"Тисячі лайків: Венеція, Рим, Флоренцію, Піза",Будапешт → Рим → Венеція → Флоренция → Пиза → Ватикан,239,,239,5,2,3,39,2,0,0,0,1,6,5,4,5,4,6,4,4,,"0,00%","47,80","79,67",FALSE,4,240,-1,9,"15,38%",ТРАВЕНЬ,https://www.i-travel.com.ua/?p=46859
ITR-19,"Австрія, Угорщина, Італія, Польща",ITravel,Екскурсійний,Стандарт 150 - 300,Італійська симфонія: Венеція + Доломітові Альпи,Краків → Будапешт → Венеція → Гальштат → Больцано → Трентіно → Тренто,199,229,214,6,2,4,37,3,0,0,0,1,5,4,4,5,4,4,5,5,30,"14,02%","35,67","53,50",FALSE,1,214,0,9,"13,51%",ТРАВЕНЬ,https://www.i-travel.com.ua/?p=45491
ITR-20,"Австрія, Угорщина, Італія, Словенія",ITravel,Екскурсійний,Люкс 300 - 400,Доломітові Альпи - мандрівка серед величі вершин,Львів → Будапешт → Гальштат → Зальцбург → Больцано → Тренто → Любляна → Львів,349,,349,7,0,4,36,6,0,0,0,1,5,4,4,5,4,5,4,4,,"0,00%","49,86","87,25",TRUE,1,349,0,9,"13,89%",ТРАВЕНЬ,https://www.i-travel.com.ua/avtobusnyj-tur-dolomitovi-alpy-mandrivka-sered-velychi-vershyn-zi-lvova/
ITR-21,"Австрія, Угорщина, Німеччина, Швейцарія",ITravel,Екскурсійний,Стандарт 150 - 300,Альпійський експрес: Швейцарія + Австрія,Будапешт → Відень → Егер → Зальцбург → Мюнхен → Цюрих → Люцерн → Фюссен → Гальштат,319,,319,6,0,4,36,5,0,0,0,1,5,4,4,5,4,4,5,4,,"0,00%","53,17","79,75",TRUE,2,299,20,9,"13,89%",ТРАВЕНЬ,https://www.i-travel.com.ua/?p=47679
ITR-22,"Австрія, Німеччина, Польща, Франція",ITravel,Екскурсійний,Люкс 300 - 400,"Тур-де-Круасан: Париж (4 дні), Нормандія, замки Луари",Париж → Краків → Онфлер → Руан → Трувиль → Довиль → Відень → Вроцлав → Дрезден → Амбуаз → Шамбор,359,,359,8,2,4,20,5,0,0,0,1,3,2,2,2,2,3,2,3,,"0,00%","44,88","89,75",FALSE,1,359,0,9,"15,00%",ТРАВЕНЬ,https://www.i-travel.com.ua/?p=49014
ITR-23,"Італія, Угорщина, Словенія",ITravel,Екскурсійний,Люкс 300 - 400,"Їж.Люби.Подорожуй: Венеція, Рим 2 ночі, Флоренцію, Піза",Будапешт → Рим → Венеція → Любляна → Флоренция → Пиза → Ватикан → Блед,343,,343,7,1,3,18,5,0,0,0,,2,2,2,2,2,3,2,3,,"0,00%","49,00","114,33",FALSE,1,296,47,8,"16,67%",ЖОВТЕНЬ,https://www.i-travel.com.ua/?p=49159
ITR-24,"Австрія, Угорщина, Німеччина, Швейцарія",ITravel,Екскурсійний,Стандарт 150 - 300,Альпійська красуня – Швейцарія,Будапешт → Відень → Егер → Цюрих → Лозанна → Веве → Монтре → Люцерн → Фюссен → Мішкольц,279,,279,6,1,2,36,4,0,0,0,1,5,4,4,5,4,4,5,4,,"0,00%","46,50","139,50",FALSE,2,299,-20,9,"13,89%",ТРАВЕНЬ,https://www.i-travel.com.ua/?p=7647
ITR-25,"Німеччина, Польща, Франція, Чехія, Люксембург",ITravel,Екскурсійний,Стандарт 150 - 300,"Романтичний мікс: Кельн, Люксембург, Страсбург",Прага → Краків → Берлін → Трир → Люксембург → Кельн → Страсбург → Дюссельдорф → Потсдам → Кольмар,299,,299,7,2,5,19,4,0,0,0,1,3,2,2,2,2,3,2,2,,"0,00%","42,71","59,80",FALSE,1,299,0,9,"15,79%",ТРАВЕНЬ,https://www.i-travel.com.ua/?p=49110
ITR-26,Італія,ITravel,Екскурсійний,Стандарт 150 - 300,"VIVA Італія! Венеція, Мілан, озера Гарда та Комо",Львів → Венеція → Верона → Озеро Гарда → Мілан → Озеро Комо → Львів,189,,189,5,2,3,36,2,0,0,0,1,5,3,5,4,4,6,4,4,,"0,00%","37,80","63,00",FALSE,4,354,-165,9,"16,67%",ЖОВТЕНЬ,https://www.i-travel.com.ua/avtobusnyj-tur-viva-italiya-venetsiya-milan-ozera-garda-ta-komo-zi-lvova/
ITR-27,"Бельгія, Німеччина, Нідерланди, Польща, Люксембург",ITravel,Екскурсійний,Стандарт 150 - 300,Benelux - таємниці трьох країн,Краків → Трир → Амстердам → Люксембург → Вроцлав → Дрезден → Брюссель → Роттердам → Антверпен,329,,329,6,0,4,19,5,0,0,0,1,2,2,2,3,2,2,2,3,,"0,00%","54,83","82,25",TRUE,1,329,0,9,"15,79%",СЕРПЕНЬ,https://www.i-travel.com.ua/?p=45378
ITR-28,"Австрія, Німеччина, Польща, Чехія",ITravel,Екскурсійний,Люкс 300 - 400,Європейська відпустка у Europa Park,Прага → Краків → Бамберг → Відень → Мюнхен → Нюрнберг → Руст,339,,339,7,0,5,19,6,0,0,0,1,3,2,2,2,2,3,2,2,,"0,00%","48,43","67,80",TRUE,2,254,85,9,"15,79%",ТРАВЕНЬ,https://www.i-travel.com.ua/?p=45351
ITR-29,Німеччина,ITravel,Екскурсійний,Економ 99 - 150,Берлінський експресс,Львів → Краків → Берлін → Потсдам → Аквапарк “Tropical Island” → Вроцлав → Львів,119,,119,4,2,1,37,1,0,0,0,1,5,4,5,4,4,5,4,5,,"0,00%","29,75","119,00",FALSE,2,226,-107,9,"13,51%",ТРАВЕНЬ,https://www.i-travel.com.ua/avtobusnyj-tur-berlinskyj-ekspres-zi-lvova/
ITR-30,"Італія, Франція",ITravel,Екскурсійний,Люкс 300 - 400,Лазурний шик: 2 дні на Рив’єрі,Львів → Будапешт → Венеція → Верона → Озеро Гарда → Монако → Монте → Карло → Ніцца → Канни → Антиб → Мілан → Егер → Львів,329,,329,7,2,4,28,4,0,0,0,1,5,4,5,5,4,4,,,,"0,00%","47,00","82,25",FALSE,2,274,55,7,"17,86%",ТРАВЕНЬ,https://www.i-travel.com.ua/avtobusnyj-tur-lazurnyj-shyk-2-dni-na-ryv-yeri-zi-lvovu/
ITR-31,"Франція, Австрія",ITravel,Екскурсійний,Стандарт 150 - 300,"Кава та круасан: Відень, Париж, Зальцбург",Львів → Будапешт → Відень → Париж → Діснейленд → Версаль → Зальцбург → Гальштат → Егер → Львів,249,,249,6,2,3,37,3,0,0,0,1,5,4,4,5,4,4,5,5,,"0,00%","41,50","83,00",FALSE,1,249,0,9,"13,51%",ТРАВЕНЬ,https://www.i-travel.com.ua/avtobusnyj-tur-kava-ta-kruasan-viden-paryzh-zaltsburg-zi-lvova-mukacheva-ta-uzhgorodu/
ITR-32,Франція,ITravel,Екскурсійний,Стандарт 150 - 300,"Європейські канікули – Прага, Париж, Берлін",Львів → Краків → Прага → Париж → Діснейленд → Версаль → Берлін → Вроцлав → Львів,219,,219,6,2,4,40,3,0,0,0,1,5,4,4,5,4,5,5,7,,"0,00%","36,50","54,75",FALSE,4,364,-145,9,"17,50%",ГРУДЕНЬ,https://www.i-travel.com.ua/evropejskie-kanikuly-praga-drezden-disnejlend/
ITR-33,Італія,ITravel,Екскурсійний,Стандарт 150 - 300,Італійська симфонія: Венеція + Доломітові Альпи,Львів → Будапешт → Венеція → Тренто → Больцано → Гальштат → Краків → Львів,199,229,214,6,2,4,37,3,0,0,0,1,5,4,4,5,4,4,5,5,30,"14,02%","35,67","53,50",FALSE,4,354,-140,9,"13,51%",ТРАВЕНЬ,https://www.i-travel.com.ua/avtobusnyj-tur-italijska-symfoniya-venetsiya-dolomitovi-alpy-zi-lvova/
ITR-34,"Німеччина, Данія, Польща",ITravel,Екскурсійний,Стандарт 150 - 300,Канікули у Данії: Legoland,Краків → Берлін → Вроцлав → Дрезден → Гамбург → Целле → Біллунд,269,,269,6,1,3,14,4,0,0,0,1,2,2,2,3,2,2,0,0,,"0,00%","44,83","89,67",FALSE,1,269,0,7,"21,43%",СЕРПЕНЬ,https://www.i-travel.com.ua/?p=46306
ITR-35,Франція,ITravel,Екскурсійний,Стандарт 150 - 300,Паризька мрія – 3 дні в Парижі!,Львів → Вроцлав → Берлін → Париж → Прага → Краків → Львів,269,,269,7,2,3,37,4,0,0,0,1,5,4,4,5,4,5,4,5,,"0,00%","38,43","89,67",FALSE,4,364,-95,9,"13,51%",ТРАВЕНЬ,https://www.i-travel.com.ua/parizhskaya-mechta/
ITR-36,Франція,ITravel,Екскурсійний,Люкс 300 - 400,"Смак Франції: Париж, Нормандія, Ельзас",Львів → Краків → Берлін → Париж → Руан → Етрета → Онфлер → Страсбург → Кольмар → Прага → Львів,319,,319,7,2,5,20,4,0,0,0,1,3,2,2,2,2,4,2,2,,"0,00%","45,57","63,80",FALSE,4,364,-45,9,"20,00%",ЖОВТЕНЬ,https://www.i-travel.com.ua/avtobusnyj-tur-smak-frantsiyi-paryzh-normandiya-elzas-zi-lvova/
ITR-37,"Болгарія, Чорногорія, Північна Македонія, Албанія",ITravel,Екскурсійний,Люкс 300 - 400,МЕГАтур до Чорногорії,Охрид → Свети Наум → Тирана → Тиват → Котор → Софія → Пераст → Круя → Подгориця → Жабляк → Скоп'е,429,,429,10,2,2,19,7,0,0,0,,2,5,4,4,4,0,0,0,,"0,00%","42,90","214,50",FALSE,1,429,0,5,"26,32%",ЧЕРВЕНЬ,https://www.i-travel.com.ua/?p=6934
ITR-38,Італія,ITravel,Екскурсійний,Економ 99 - 150,Джульєтта і гондоли,Львів → Стрий → Мукачево → Ужгород → Будапешт → Венеція → Верона → Львів,139,,139,4,2,1,20,1,0,0,0,1,3,2,2,2,2,4,2,2,,"0,00%","34,75","139,00",FALSE,4,354,-215,9,"20,00%",ЖОВТЕНЬ,https://www.i-travel.com.ua/venetsianskij-karnaval/
ITR-39,"Італія, Угорщина",ITravel,Екскурсійний,Стандарт 150 - 300,"Тисячі лайків: Венеція, Рим, Піза Флоренція",Львів → Стрий → Мукачево → Ужгород → Будапешт → Венеція → Рим → Флоренція → Піза → Львів,239,,239,5,2,3,39,2,0,0,0,1,6,5,4,5,4,6,4,4,,"0,00%","47,80","79,67",FALSE,4,240,-1,9,"15,38%",ТРАВЕНЬ,https://www.i-travel.com.ua/avtobusnyj-tur-tysyachi-lajkiv-venetsiya-rym-piza-florentsiya-zi-lvova/
ITR-40,"Литва, Латвія",ITravel,Екскурсійний,Економ 99 - 150,На вікенд до двох сестер: Латвія-Литва,Рига → Вільнюс → Юрмала,160,,160,4,2,2,15,1,0,0,0,1,2,2,1,1,1,3,1,3,,"0,00%","40,00","80,00",FALSE,1,160,0,9,"20,00%",ЖОВТЕНЬ,https://www.i-travel.com.ua/?p=45524
ITR-41,"Литва, Латвія, Естонія",ITravel,Екскурсійний,Стандарт 150 - 300,Балтійські пригоди,Рига → Вільнюс → Таллін → Юрмала,175,,175,4,1,2,19,2,0,0,0,1,2,2,2,2,2,3,2,3,,"0,00%","43,75","87,50",FALSE,1,175,0,9,"15,79%",ЖОВТЕНЬ,https://www.i-travel.com.ua/baltijski-prygody-ryga-tallinn/
ITR-42,"Швеція, Латвія, Естонія",ITravel,Екскурсійний,Стандарт 150 - 300,"Балтійські Скарби + круїз до Стокгольму : Таллін, Стокгольм, Рига",Стокгольм → Рига → Таллін → Юрмала,300,,300,6,2,2,19,3,0,0,0,1,3,2,2,2,2,3,2,2,,"0,00%","50,00","150,00",FALSE,1,268,32,9,"15,79%",ТРАВЕНЬ,https://www.i-travel.com.ua/?p=45526
ITR-43,"Італія, Франція",ITravel,Екскурсійний,Стандарт 150 - 300,"Європейська розкіш – Ніцца, Монако, Портофіно…",Львів,219,,219,6,2,4,33,3,0,0,0,1,5,4,4,5,4,5,5,,,"0,00%","36,50","54,75",FALSE,2,274,-55,8,"15,15%",ТРАВЕНЬ,https://www.i-travel.com.ua/istinaya-roskosh/
ITR-44,"Чорногорія, Албанія",ITravel,Морський,Люкс 300 - 400,Чудовий мікс - Чорногорія+Албанія з відпочинком на морі,Львів,399,419,409,10,2,0,16,7,0,0,0,,2,4,5,4,1,,0,0,20,"4,89%","40,90","0,00",FALSE,1,409,0,5,"31,25%",ЛИПЕНЬ,https://www.i-travel.com.ua/?p=30518
ITR-45,Румунія,ITravel,Екскурсійний,Економ 99 - 150,Румунський експрес,Львів,155,,155,4,1,2,21,2,0,0,0,1,2,2,3,2,2,5,1,3,,"0,00%","38,75","77,50",FALSE,2,173,-18,9,"23,81%",ЖОВТЕНЬ,https://www.i-travel.com.ua/avtobusnyj-tur-rumunskyj-ekspres-z-odesy/
ITR-46,Італія,ITravel,Екскурсійний,Люкс 300 - 400,"Їж.Люби.Подорожуй: Любляна, Венеція, Рим 2 дні, Флоренція",Львів,343,,343,7,1,4,18,5,0,0,0,,2,2,2,2,2,3,2,3,,"0,00%","49,00","85,75",FALSE,4,354,-11,8,"16,67%",ЖОВТЕНЬ,https://www.i-travel.com.ua/avtobusnyj-tur-yizh-lyuby-podorozhuj-venetsiya-rym-2-dni-piza-florentsiya-zi-lvova/
ITR-47,"Австрія, Чехія, Угорщина",ITravel,Екскурсійний,Стандарт 150 - 300,Релакс у Чехії та Угорщині,Львів,169,,169,6,2,2,37,3,0,0,0,1,5,4,5,4,5,5,4,4,,"0,00%","28,17","84,50",FALSE,1,132,37,9,"13,51%",ТРАВЕНЬ,https://www.i-travel.com.ua/?p=47102
ITR-48,Греція,ITravel,Екскурсійний,Люкс 300 - 400,Зеленими берегами Корфу,Одеса – Ізмаїл – Галац – Бухарест – Софія – Салоніки – Ігумениця (Паромна переправа на о.Корфу) – о.Корфу,520,555,"537,5",9,2,1,9,6,0,0,0,0,,2,2,2,2,1,0,0,35,"6,51%","59,72","537,50",FALSE,3,419,118,5,"22,22%",ЧЕРВЕНЬ,https://www.i-travel.com.ua/?p=17110
ITR-49,Румунія,ITravel,Екскурсійний,Стандарт 150 - 300,Містична Трансільванія та Трансфагараш,Львів,200,,200,5,2,1,9,2,0,0,0,,,,2,2,2,3,0,0,,"0,00%","40,00","200,00",FALSE,2,173,27,4,"33,33%",ЖОВТЕНЬ,https://www.i-travel.com.ua/mistychna-transilvaniya-ta-transfagarash-zi-lvova/
ITR-50,Німеччина,ITravel,Екскурсійний,Люкс 300 - 400,Казки старої Німеччини,Львів,339,,339,7,1,4,18,5,0,0,0,1,2,2,2,3,2,2,2,2,,"0,00%","48,43","84,75",FALSE,2,226,113,9,"16,67%",СЕРПЕНЬ,https://www.i-travel.com.ua/avtobusnyj-tur-kazky-staroyi-nimechchyny-zi-lvova/
ITR-51,"Франція, Італія",ITravel,Екскурсійний,Люкс 300 - 400,Лавандове серце Франції – Валансоль + Лазурове узбережжя,Львів → Будапешт → Венеція → Верона → Озеро Гарда → Озеро Лак → Сен → Круа → Валансоль → Монако → Монте → Карло → Ніцца → Мілан → Озеро Комо → Львів,329,,329,7,2,4,5,4,0,0,0,,,2,3,,,,,,,"0,00%","47,00","82,25",FALSE,1,418,-89,2,"60,00%",ЛИПЕНЬ,https://www.i-travel.com.ua/avtobusnyj-tur-lavandove-sertse-frantsiyi-valansol-lazurove-uzberezhzhya-zi-lvovu/
ITR-52,"Італія, Австрія, Угорщина, Словенія",ITravel,Екскурсійний,Люкс 300 - 400,Доломітові Альпи – мандрівка серед величі вершин,Львів → Будапешт → Гальштат → Зальцбург → Больцано → Тренто → Любляна → Львів,349,,349,7,0,4,36,6,0,0,0,1,5,4,4,5,4,5,4,4,,"0,00%","49,86","87,25",TRUE,1,349,0,9,"13,89%",ТРАВЕНЬ,https://www.i-travel.com.ua/avtobusnyj-tur-dolomitovi-alpy-mandrivka-sered-velychi-vershyn-zi-lvova/
ITR-53,Греція,ITravel,Морський,Стандарт 150 - 300,На зустріч до Афродіти,Львів – Івано-Франківськ – Коломия – Чернівці – Бухарест – Софія – Салоніки – Паралія Катерині – Паралія Пантелеймонос,207,1257,732,10,2,0,27,7,0,0,0,0,2,9,9,3,4,0,0,0,1050,"143,44%","73,20","0,00",FALSE,3,419,313,5,"33,33%",ЧЕРВЕНЬ,https://www.i-travel.com.ua/?p=48600
ITR-54,Греція,ITravel,Морський,Стандарт 150 - 300,Халкідіки. Ідеальна грецька відпустка,Київ – Біла Церква – Умань – Одеса – Татарбунари – Ізмаїл – Бухарест – Софія – Салоніки – Паралія Пантелеймонос,305,798,"551,5",10,2,0,39,7,0,0,0,0,5,9,9,8,8,0,0,0,493,"89,39%","55,15","0,00",FALSE,3,419,132,5,"23,08%",ЧЕРВЕНЬ,https://www.i-travel.com.ua/?p=48729
RIC-1,Хорватія,Rich Tour,Морський,Стандарт 150 - 300,Дивовижна Хорватія,Львів → Будапешт → Острови Далмації → Дубровник → Ів Пелешац → Стон → Львів,259,289,274,10,2,2,33,7,0,0,0,0,0,8,9,9,7,0,0,0,30,"10,95%","27,40","137,00",FALSE,1,386,-112,4,"27,27%",ЛИПЕНЬ,https://rich-tour.com/?view=program&tour=divovizhna_horvatija
RIC-2,Італія,Rich Tour,Морський,Тяжкий Люкс 400 +,ПІВДЕНЬ ІТАЛІЇ - ТІРРЕНСЬКЕ МОРЕ,Львів → Будапешт → Тірренське узбережжя → Рим → Львів,419,549,484,10,2,0,24,7,0,0,0,0,0,9,8,3,3,0,0,0,130,"26,86%","48,40","0,00",FALSE,3,354,130,4,"39,13%",ЧЕРВЕНЬ,https://rich-tour.com/?view=program&tour=italija_-_tirrenske_more
RIC-3,Італія,Rich Tour,Морський,Тяжкий Люкс 400 +,Сонячні пляжі Ріміні - Італія,Львів → Будапешт → Венеція → Ріміні → Санд Дона ді П'яве → Львів,389,480,"434,5",8,2,1,14,5,0,0,0,0,0,3,4,5,2,0,0,0,91,"20,94%","54,31","434,50",FALSE,3,354,81,4,"35,71%",СЕРПЕНЬ,https://rich-tour.com/?view=program&tour=italijska_mozaika_vid_shedevriv_venecii_do_pljazhiv_rimini
RIC-4,Греція,Rich Tour,Морський,Тяжкий Люкс 400 +,МОРЕ ГРЕЦІЇ,Львів → Катеріні → Паралія → Метеори* → О.Скіатос* → Салоніки* → Львів,419,535,477,10,2,0,16,7,0,0,0,0,0,4,5,4,3,0,0,0,116,"24,32%","47,70","0,00",FALSE,1,419,58,4,"31,25%",ЛИПЕНЬ,https://rich-tour.com/?view=program&tour=olimpijska_rivera__ostriv_skiatos
RIC-5,Чорногорія,Rich Tour,Морський,Люкс 300 - 400,Подих Адріатики – Чорногорія,Львів-Ульцин-Будва-Котор-Тірана-Дурес,369,398,"383,5",10,2,0,16,7,0,0,0,0,0,4,4,5,3,0,0,0,29,"7,56%","38,35","0,00",FALSE,1,356,27,4,"31,25%",СЕРПЕНЬ,https://rich-tour.com/?view=program&tour=podykh_adriatiki_%E2%80%93_chornogorija
RIC-6,"Франція, Німеччина, Чехія",Rich Tour,Дитячі канікули ,Люкс 300 - 400,Під небом ПАРИЖУ + Прага і Дрезден,Львів → Прага → Париж → Дрезден → Львів,429,450,"439,5",6,2,4,7,3,0,0,0,0,0,0,0,0,0,2,4,1,21,"4,78%","73,25","109,88",FALSE,1,371,69,3,"57,14%",ЛИСТОПАД,https://rich-tour.com/?view=program&tour=parizh
RIC-7,"Нідерланди, Німеччина, Чехія, Польща",Rich Tour,Екскурсійний,Стандарт 150 - 300,В гостях у Нідерландської корони,Львів → Берлін → Амстердам → Койкенхоф → Прага → Краків → Львів,439,,439,7,0,3,5,6,0,0,0,0,0,0,0,0,0,1,2,2,,"0,00%","62,71","146,33",TRUE,1,352,87,3,"40,00%",ЛИСТОПАД,https://rich-tour.com/?view=program&tour=v_gostjah_u_niderlandskoi_korony
RIC-8,Італія,Rich Tour,Дитячі канікули ,Стандарт 150 - 300,Мрія блогерів: Венеція + Альпи,Львів → Венеція → Падуя* → Верона* → Гарда* → Брйс* → Львів,339,375,357,5,2,3,6,2,0,0,0,0,0,0,0,0,0,0,3,3,36,"10,08%","71,40","119,00",FALSE,3,354,3,2,"50,00%",ЛИСТОПАД,https://rich-tour.com/?view=program&tour=mrija_blogeriv
RIC-9,"Швейцарія, Франція, Італія",Rich Tour,Екскурсійний,Люкс 300 - 400,Від Провансу до Швейцарських вершин,Сан → Ремо → Ніцца → Кани → Монако → Лугано → Люцерн → Цюріх → Мюнхен,375,395,385,7,2,6,5,4,0,0,0,0,0,0,0,0,1,2,0,2,20,"5,19%","55,00","64,17",FALSE,1,433,-48,3,"40,00%",ЖОВТЕНЬ,https://rich-tour.com/?view=program&tour=vid_provansu_do_shvejcarskih_vershin
RIC-10,"Польща, Данія, Норвегія, Латвія",Rich Tour,Екскурсійний,Тяжкий Люкс 400 +,Скандинавська сага,Гданськ → Гдиня → Карлскруна → Копенгаген → Флам → Согнефьорд → Осло → Стокгольм → Рига,685,,685,9,4,4,0,4,0,0,0,0,0,0,0,0,0,0,0,0,,"0,00%","76,11","171,25",FALSE,1,685,0,0,"0,00%",СІЧЕНЬ,https://rich-tour.com/?view=program&tour=skandinavska_saga
TAN-1,"Австрія, Чехія, Угорщина",Tango Travel,Екскурсійний,Економ 99 - 150,Відень та Прага - імперії королів,Львів - Ужгород -Прага -Брно - Відень - Будапешт - (Ужгород) - (Львів),95,,95,4,2,1,21,1,0,0,0,1,6,5,5,4,0,,,,,"0,00%","23,75","95,00",FALSE,1,132,-37,5,"28,57%",ТРАВЕНЬ,https://tangotravel.com.ua/tur/viden-ta-praga-imperii-koroliv/?dateid=6041
TAN-2,"Італія, Угорщина",Tango Travel,Екскурсійний,Економ 99 - 150,"Театр вражень - Венеція, Верона та Мілан!",Львів - Будапешт - Венеція - Мілан - Бергамо - Верона - Львів,168,,168,5,2,2,15,2,0,0,0,1,2,4,2,2,1,3,,,,"0,00%","33,60","84,00",FALSE,5,240,-72,7,"26,67%",ЧЕРВЕНЬ,https://tangotravel.com.ua/tur/teatr-vrazhen-venetsiia-verona-ta-milan/?dateid=6126
TAN-3,Угорщина,Tango Travel,Екскурсійний,До 99,Будапешт - мій найкращий вікенд! ,Львів - Ужгород - Будапешт - Сентендре - Егер - Львів,110,,110,4,2,1,16,1,0,0,0,,5,3,2,4,2,,,,,"0,00%","27,50","110,00",FALSE,1,152,-42,5,"31,25%",ТРАВЕНЬ,https://tangotravel.com.ua/tur/budapesht-miy-naykrashchyy-vikend/?dateid=6003
TAN-4,"Австрія, Угорщина",Tango Travel,Екскурсійний,Економ 99 - 150,Ключ в Європу : Будапешт + Відень,Львів - Ужгород - Будапешт - Відень  - Будапешт  - Ужгород - Львів,115,,115,4,2,2,16,1,0,0,0,,5,3,2,4,2,,,,,"0,00%","28,75","57,50",FALSE,4,160,-45,5,"31,25%",ТРАВЕНЬ,https://tangotravel.com.ua/tur/kliuch-v-yevropu-budapesht-viden/?dateid=5986
TAN-5,"Чехія, Німеччина, Польща",Tango Travel,Екскурсійний,Економ 99 - 150,Прага та Дрезден #нашілюдивсюди,Львів - Краків - Прага - Дрезден - Львів,95,,95,4,2,1,13,1,0,0,0,1,2,3,3,2,2,,,,,"0,00%","23,75","95,00",FALSE,1,95,0,6,"23,08%",ЧЕРВЕНЬ,https://tangotravel.com.ua/tur/praha-ta-drezden-nashiliudyvsiudy/?dateid=6165
TAN-6,"Італія, Угорщина",Tango Travel,Екскурсійний,Стандарт 150 - 300,"Quattro Formaggi. Венеція, Флоренція і Рим",Львів - Будапешт - Венеція - Рим - Флоренція - Піза - Ужгорож - Львів,188,,188,5,2,1,8,2,0,0,0,,2,1,1,1,1,2,,,,"0,00%","37,60","188,00",FALSE,5,240,-52,6,"25,00%",ТРАВЕНЬ,https://tangotravel.com.ua/tur/quattro-formaggi-kvadro-formadzhi/?dateid=6134
TAN-7,"Австрія, Угорщина",Tango Travel,Екскурсійний,Економ 99 - 150,Відень неперевершений!,Львів - Ужгород - Відень - Будапешт - Львів,167,,167,4,2,1,1,1,0,0,0,,1,,,,,,,,,"0,00%","41,75","167,00",FALSE,4,160,7,1,"100,00%",ТРАВЕНЬ,https://tangotravel.com.ua/tur/viden-neperevershenij/?dateid=5992
TAN-8,"Нідерланди, Чехія, Польща, Німеччина",Tango Travel,Екскурсійний,Стандарт 150 - 300,Мої голландські тюльпанчики,Львів - Краків - Берлін -Амстердам - Заансе Сханс -Волендам - Прага - Брно - Львів,195,,195,5,2,1,6,2,0,0,0,1,1,2,1,1,,,,,,"0,00%","39,00","195,00",FALSE,1,195,0,5,"33,33%",ЧЕРВЕНЬ,https://tangotravel.com.ua/tur/moi-hollandski-tiulpanchyky/?dateid=6077
TAN-9,"Франція, Німеччина, Чехія, Польща",Tango Travel,Екскурсійний,Стандарт 150 - 300,"L'amour en trois: ти, я і Париж!",Львів- Вроцлав - Берлін - Париж - Діснейленд - Прага - Краків - Львів,268,,268,6,2,3,4,3,0,0,0,0,2,2,0,0,0,,,,,"0,00%","44,67","89,33",FALSE,2,263,6,2,"50,00%",ТРАВЕНЬ,https://tangotravel.com.ua/tur/lamour-en-trois-ty-ya-i-paryzh/?dateid=6238
TAN-10,Румунія,Tango Travel,Екскурсійний,Економ 99 - 150,Румунія - любов з першого погляду. Бухарест і замки,Львів - Чернівці - Брашов - Бухарест - Чернівці - Львів,145,,145,4,2,2,10,1,0,0,0,,3,2,2,2,1,,,,,"0,00%","36,25","72,50",FALSE,3,173,-28,5,"30,00%",ТРАВЕНЬ,https://tangotravel.com.ua/tur/rumuniia-liubov-z-pershoho-pohliadu/?dateid=6216
TAN-11,"Швеція, Латвія, Естонія",Tango Travel,Екскурсійний,Стандарт 150 - 300,"Стихія моря: Таллінн, Стокгольм, Рига",Львів- Таллінн- Стокгольм -Рига - Львів,165,,165,5,2,1,11,2,0,0,0,1,1,2,2,2,1,2,,,,"0,00%","33,00","165,00",FALSE,1,268,-103,7,"18,18%",ЧЕРВЕНЬ,https://tangotravel.com.ua/tur/stykhiya-morya-tallinn-stokholm-ryha/?dateid=6092
TAN-12,"Швеція, Естонія, Латвія, Польща",Tango Travel,Екскурсійний,Стандарт 150 - 300,Магія Балтійського моря. Круїз Таллінн-Стокгольм,Львів - Люблін - Таллін - Стокгольм - Рига - Юрмала - Львів ,238,,238,5,0,1,5,4,0,0,0,1,0,1,1,1,1,,,,,"0,00%","47,60","238,00",TRUE,1,238,0,5,"20,00%",КВІТЕНЬ,https://tangotravel.com.ua/tur/mahiia-baltiiskoho-moria/?dateid=6115
TAN-13,"Нідерланди, Німеччина, Чехія, Польща",Tango Travel,Екскурсійний,Стандарт 150 - 300,Нідерланди. I♥Аmsterdam,Львів - Вроцлав - Берлін - Амстердам - Прага - Краків - Львів,265,,265,6,2,2,2,3,0,0,0,0,1,1,0,0,0,,,,,"0,00%","44,17","132,50",FALSE,1,352,-87,2,"50,00%",ТРАВЕНЬ,https://tangotravel.com.ua/tur/niderlandy-i-love-amsterdam/?dateid=6318
TAN-14,"Італія, Угорщина, Словенія",Tango Travel,Морський,Стандарт 150 - 300,"50 відтінків літа! Італія, Адріатичне море",Львів - Будапешт - Венеція - Лідо ді Єзоло - Верона - Падуя - Любляна - Блед - Львів,249,,249,6,2,1,13,3,0,0,0,,,3,3,5,2,,,,,"0,00%","41,50","249,00",FALSE,1,296,-47,4,"38,46%",СЕРПЕНЬ,https://tangotravel.com.ua/tur/50-vidtinkiv-lita/?dateid=6875
TAN-15,Румунія,Tango Travel,Екскурсійний,До 99,Подорож у серце Трансільванії,Львів - Мукачево - Турда - Сігішоара - Брашов - Мукачево - Львів,120,,120,4,2,1,10,1,0,0,0,,3,2,2,2,1,,,,,"0,00%","30,00","120,00",FALSE,3,173,-53,5,"30,00%",ТРАВЕНЬ,https://tangotravel.com.ua/tur/podorozh-u-sertse-transilvaniyi/?dateid=6205
TAN-16,"Швеція, Латвія, Естонія, Фінляндія",Tango Travel,Екскурсійний,Стандарт 150 - 300,"Північний круїз: Таллінн, Гельсінкі, Стокгольм",Львів - Таллін - Гельсінкі - Стокгольм - Рига - Львів,279,,279,6,2,1,1,3,0,0,0,0,1,0,0,0,0,,,,,"0,00%","46,50","279,00",FALSE,1,279,0,1,"100,00%",ТРАВЕНЬ,https://tangotravel.com.ua/tur/pivnichnyy-kruyiz-tallinn-khelsinki-stokholm/?dateid=6181
TAN-17,Румунія,Tango Travel,Екскурсійний,Економ 99 - 150,Містичний вікенд в Трансильванії,Львів - Чернівці - Брашов - Сігішоара - Чернівці - Львів,160,,160,3,0,0,6,2,0,0,0,0,2,2,1,1,,,,,,"0,00%","53,33","0,00",TRUE,3,173,-13,4,"33,33%",ТРАВЕНЬ,https://tangotravel.com.ua/tur/mistychnyy-vikend-v-transylvaniyi/?dateid=6204
TAN-18,"Франція, Німеччина, Чехія, Польща",Tango Travel,Екскурсійний,Стандарт 150 - 300,Мелодії Парижа,Львів - Вроцлав - Дрезден - Париж - Довіль - Трювіль - Прага - Краків - Львів,257,,257,6,2,2,9,3,0,0,0,0,2,2,2,2,0,1,,,,"0,00%","42,83","128,50",FALSE,2,263,-6,5,"22,22%",ТРАВЕНЬ,https://tangotravel.com.ua/tur/melodiyi-paryzha/?dateid=6451
TAN-19,"Чехія, Австрія, Польща, Угорщина",Tango Travel,Екскурсійний,Стандарт 150 - 300,"Ідеальна четвірка: Краків, Прага, Відень, Будапешт",Львів - Краків - Прага - Відень - Будапешт - Львів,173,,173,4,0,1,8,3,0,0,0,0,3,1,1,2,1,,,,,"0,00%","43,25","173,00",TRUE,1,173,0,5,"37,50%",ТРАВЕНЬ,https://tangotravel.com.ua/tur/idealna-chetvirka-krakiv-praha-viden-budapesht/?dateid=6512
TAN-20,"Австрія, Угорщина",Tango Travel,Екскурсійний,Стандарт 150 - 300,"Загадка Австрії: Відень, Зальцбург, Гальштат",Львів - Будапешт - Зальцбург - Зальцкаммергут - Відень - Ужгород - Львів,203,,203,5,2,2,4,2,0,0,0,1,1,,1,1,,,,,,"0,00%","40,60","101,50",FALSE,4,160,43,4,"25,00%",КВІТЕНЬ,https://tangotravel.com.ua/tur/zahadka-avstriyi-viden-zaltsburh-halshtat/?dateid=6845
TAN-21,"Австрія, Угорщина",Tango Travel,Екскурсійний,Стандарт 150 - 300,Австрійські панорами: Відень та Гальштат,Львів - Ужгород - Відень - Зальцкаммергут - Мельк - Будапешт - Ужгород - Львів,232,,232,5,2,1,5,2,0,0,0,1,1,,1,1,1,,,,,"0,00%","46,40","232,00",FALSE,4,160,72,5,"20,00%",КВІТЕНЬ,https://tangotravel.com.ua/tur/avstriyski-panoramy-viden-ta-halshtat/?dateid=6017
TAN-22,"Італія, Угорщина",Tango Travel,Екскурсійний,Люкс 300 - 400,"Край Тоскани - Флоренція, Піза, Рим",Львів - Будапешт - Венеція - Рим - Флоренція - Піза - Егер - Львів,299,,299,6,0,3,4,5,0,0,0,0,1,1,1,1,0,,,,,"0,00%","49,83","99,67",TRUE,5,240,59,4,"25,00%",ТРАВЕНЬ,https://tangotravel.com.ua/tur/kray-toskany-florentsiya-piza-rym/?dateid=6156
TAN-23,"Угорщина, Словаччина",Tango Travel,Екскурсійний,Економ 99 - 150,Вікенд для душі: Угорщина + Словаччина,Львів - Ужгород - Мішкольц-Тапольца - Токай - Кошице - Попрад - Ужгород - Львів ,115,,115,4,2,0,6,1,0,0,0,,1,1,1,1,1,1,,,,"0,00%","28,75","0,00",FALSE,1,115,0,6,"16,67%",ТРАВЕНЬ,https://tangotravel.com.ua/tur/vikend-dlya-dushi-ugorschina--slovachchina/?dateid=6286
TAN-24,Північна Македонія,Tango Travel,Екскурсійний,Економ 99 - 150,У пошуках дива - Македонія!,Львів - Мукачево - Скоп'є - Каньйон Матка - Охрид - Мукачево - Львів,110,,110,4,2,1,6,1,0,0,0,0,1,1,1,1,1,1,,,,"0,00%","27,50","110,00",FALSE,1,110,0,6,"16,67%",ТРАВЕНЬ,https://tangotravel.com.ua/tur/u-poshukakh-dyva-makedoniia/?dateid=6297
TAN-25,"Італія, Угорщина",Tango Travel,Екскурсійний,Тяжкий Люкс 400 +,"Тільки Італія: Венеція, Мілан, Рим, Неаполь та Флоренція",Львів - Будапешт - Венеція - Мілан - Рим - Неаполь - Флоренція - Піза - Львів,378,,378,7,2,3,5,4,0,0,0,,1,1,1,1,,1,,,,"0,00%","54,00","126,00",FALSE,5,240,138,5,"20,00%",ТРАВЕНЬ,https://tangotravel.com.ua/tur/tilky-italiia-venetsiia-rym-neapol-ta-florentsiia/?dateid=6891
TAN-26,"Швейцарія, Італія, Австрія, Угорщина",Tango Travel,Екскурсійний,Стандарт 150 - 300,"Альпійський експрес: Венеція, Цюрих, Зальцбург",Львів - Венеція - Мілан - Цюріх - Зальцбург - Зальцкаммергут - Львів,269,,269,5,0,1,10,4,0,0,0,,2,2,2,2,1,1,,,,"0,00%","53,80","269,00",TRUE,1,269,0,6,"20,00%",ТРАВЕНЬ,https://tangotravel.com.ua/tur/alpiiskyi-ekspres/?dateid=6320
TAN-27,"Франція, Німеччина, Австрія, Угорщина",Tango Travel,Екскурсійний,Люкс 300 - 400,Париж на десерт,Львів - Краків - Нюрнберг - Бамберг - Париж - Трювіль - Діснейленд -Страсбург - Кольмар - Зальцбург - Зальцкаммергут - Егер - Львів,449,,449,8,0,3,5,7,0,0,0,,1,1,1,1,1,,,,,"0,00%","56,13","149,67",TRUE,1,449,0,5,"20,00%",ТРАВЕНЬ,https://tangotravel.com.ua/tur/ua-parizh-na-desert/?dateid=6247
TAN-28,"Іспанія, Франція, Італія",Tango Travel,Екскурсійний,Тяжкий Люкс 400 +,"Каталонський експрес: Монако, Ніцца, Барселона",Львів → Будапешт → Верона → Ніцца → Монако → Барселона → Венеція → Ужгород → Львів,377,,377,7,2,2,4,4,0,0,0,1,0,0,1,1,1,0,,,,"0,00%","53,86","188,50",FALSE,1,396,-19,4,"25,00%",КВІТЕНЬ,https://tangotravel.com.ua/tur/katalonskyi-ekspres/?dateid=6871
TAN-29,Польща,Tango Travel,Екскурсійний,Економ 99 - 150,Вихідні у Кракові + Енерджіландія,Львів → Краків → Енерджіландія → Львів,137,,137,4,1,1,7,2,0,0,0,,1,2,1,1,1,1,,,,"0,00%","34,25","137,00",FALSE,2,159,-22,6,"28,57%",ЧЕРВЕНЬ,https://tangotravel.com.ua/tur/vykhidni-u-krakovi/?dateid=6299
TAN-30,"Боснія і Герцеговина, Хорватія",Tango Travel,Екскурсійний,Стандарт 150 - 300,Незвіданий край - Боснія і Герцеґовина,Львів → Мукачево → Сараєво → Мостар → Кравіца → Благай → Спліт → Мукачево → Львів,183,,183,5,2,1,5,2,0,0,0,0,1,1,,1,1,1,,,,"0,00%","36,60","183,00",FALSE,1,183,0,5,"20,00%",ТРАВЕНЬ,https://tangotravel.com.ua/tur/nezvidanyi-krai-bosniia-i-hertsehovyna/?dateid=6291
TAN-31,"Франція, Італія, Монако",Tango Travel,Екскурсійний,Люкс 300 - 400,"В цьому році в моді лазурний:  Ніцца, Монако, Портофіно",Львів → Будапешт → Верона → Ніцца → Монако → Генуя → Чінкве Терре → Флоренція → Піза → Ужгород → Львів,230,235,"232,5",7,2,3,3,4,0,0,0,1,,1,,1,,,,,5,"2,15%","33,21","77,50",FALSE,1,233,0,3,"33,33%",КВІТЕНЬ,https://tangotravel.com.ua/tur/v-tsomu-rotsi-v-modi-lazurnyy-nitstsa-monako-portofino/
TAN-32,"Албанія, Північна Македонія",Tango Travel,Морський,Люкс 300 - 400,Албанія - морська пригода,Львів → Шкодер → Тирана → Дурес → Круя → Гірокастра → Блакитне око → Охрид → Каньйон Матка → Львів,315,,315,8,2,0,6,5,0,0,0,,2,1,1,2,,,,,,"0,00%","39,38","0,00",FALSE,1,315,0,4,"33,33%",ТРАВЕНЬ,https://tangotravel.com.ua/tur/albaniia-morska-pryhoda/?dateid=6856
TAN-33,Словенія,Tango Travel,СПА-тур,Економ 99 - 150,Словенія - альпійські термали,Львів → Любляна → Блед → Львів,135,,135,4,2,0,0,1,0,0,0,,,,,,,,,,,"0,00%","33,75","0,00",FALSE,1,135,0,0,"0,00%",СІЧЕНЬ,https://tangotravel.com.ua/tur/sloveniya---alpijski-termali/?dateid=6222
TAN-34,Литва,Tango Travel,Екскурсійний,Економ 99 - 150,"Литовські вихідні: Вільнюс, Тракай, Друскінінкай",Львів → Друскінінкай → Вільнюс → Львів,120,,120,4,2,1,0,1,0,0,0,,,,,,,,,,,"0,00%","30,00","120,00",FALSE,1,120,0,0,"0,00%",СІЧЕНЬ,https://tangotravel.com.ua/tur/lytovski-vykhidni-vilnyus-trakay-druskininkay/?dateid=6262
TAN-35,"Норвегія, Швеція, Латвія, Естонія",Tango Travel,Екскурсійний,Люкс 300 - 400,Зірки півночі: Рига та Норвезькі фіорди!,Львів → Рига → Юрмала → Таллін → Стокгольм → Флом → Стокгольм → Таллін → Рига → Львів,385,,385,7,2,1,2,4,0,0,0,1,,1,,,,,,,,"0,00%","55,00","385,00",FALSE,1,385,0,2,"50,00%",КВІТЕНЬ,https://tangotravel.com.ua/tur/zirky-pivnochi-ryga-ta-norvezski-fiordy/?dateid=6854
TAN-36,Греція,Tango Travel,Морський,Стандарт 150 - 300,Греція. Між небом та землею,Львів → Мукачево → Салоніки → Діон → Метеори → Салоніки → Мукачево → Львів,257,402,"329,5",10,2,0,17,7,0,0,0,,2,4,4,4,3,,,,145,"44,01%","32,95","0,00",FALSE,3,419,-90,5,"23,53%",ЧЕРВЕНЬ,https://tangotravel.com.ua/tur/hretsiia-mizh-nebom-ta-zemleiu/?dateid=6293
TAN-37,"Італія, Угорщина",Tango Travel,Екскурсійний,Люкс 300 - 400,Карнавальна мандрівка,Львів → Будапешт → Венеція → Верона → Львів,318,,318,5,0,2,0,4,0,0,0,,,,,,,,,,,"0,00%","63,60","159,00",TRUE,5,240,78,0,"0,00%",СІЧЕНЬ,https://tangotravel.com.ua/tur/karnavalna-mandrivka/?dateid=6897
TAN-38,"Швеція, Нідерланди, Німеччина",Tango Travel,Екскурсійний,Тяжкий Люкс 400 +,"Нові горизонти: Таллінн, Стокгольм, Копенгаген, Амстердам",Львів → Таллін → Стокгольм → Мальме → Копенгаген → Амстердам → Заансе Сханс → Волендам → Ганновер → Вроцдав → Львів,560,,560,8,0,2,1,7,0,0,0,1,,,,,,,,,,"0,00%","70,00","280,00",TRUE,1,560,0,1,"100,00%",КВІТЕНЬ,https://tangotravel.com.ua/tur/novi-horyzonty-ryga-stokholm-kopenhahen-amsterdam/?dateid=6780
TAN-39,Польща,Tango Travel,Екскурсійний,Стандарт 150 - 300,Зимові розваги - Закопане!,Львів → Краків → Закопане → Львів,229,,229,5,1,0,0,3,0,0,0,,,,,,,,,,,"0,00%","45,80","0,00",FALSE,2,159,70,0,"0,00%",СІЧЕНЬ,https://tangotravel.com.ua/tur/zymovi-rozvahy-zakopane!/?dateid=6304
TAN-40,"Норвегія, Фінляндія, Данія, Швеція, Німеччина",Tango Travel,Екскурсійний,Тяжкий Люкс 400 +,Скандинавія. Вся правда про Вікінгів,Львів → Рига → Юрмала → Таллін → Гельсінкі → Стокгольм → Осло → Копенгаген → Берлін → Львів,565,,565,9,0,7,1,8,0,0,0,,,,,1,,,,,,"0,00%","62,78","80,71",TRUE,1,565,0,1,"100,00%",СЕРПЕНЬ,https://tangotravel.com.ua/tur/skandynaviya-vsya-pravda-pro-vikinhiv/?dateid=6855
TAN-41,"Швейцарія, Італія",Tango Travel,Екскурсійний,Стандарт 150 - 300,Мої швейцарські вихідні,Львів → Будапешт → Верона → Берн → Люцерн → Цюріх → Львів,189,,189,5,2,1,9,2,0,0,0,,1,1,2,2,1,2,,,,"0,00%","37,80","189,00",FALSE,1,266,-77,6,"22,22%",ЛИПЕНЬ,https://tangotravel.com.ua/tur/moyi-shveytsarski-vykhidni/?dateid=6062
TAN-42,Греція,Tango Travel,Морський,Тяжкий Люкс 400 +,Випускний в Греції,Пієрія → Каламбака → Салоніки → Едеса,493,503,498,7,2,0,6,4,0,0,0,,,2,4,,,,,,10,"2,01%","71,14","0,00",FALSE,3,419,79,2,"66,67%",ЛИПЕНЬ,https://tangotravel.com.ua/tur/vypusknyy-v-hretsiyi/?dateid=8758
TAN-43,Греція,Tango Travel,Морський,Стандарт 150 - 300,Халкідіки. Вихідні на морі,Пієрія → Каламбака → Салоніки → Едеса,210,,210,5,2,0,8,2,0,0,0,,,2,2,2,2,,,,,"0,00%","42,00","0,00",FALSE,3,419,-209,4,"25,00%",ЧЕРВЕНЬ,https://tangotravel.com.ua/tur/halkidiky-vyhidni-na-mori/?dateid=9207
TRM-1,Франція,Travel Room,Екскурсійний,Тяжкий Люкс 400 +,"Французький вояж (Париж, Мон-Сен-Мішель + 3 дні з океаном)",Львів → Прага → Бад Вімпфен → Париж → Мон → Сен → Мішель → Сен-Мало → Берег Рожевого граніту → Нант → Ла → Рошель → Острів Ре → Бордо → Дюна Піла → Аркашон → Мюлуз → Кольмар → Тарнув → Львів,550,,550,8,0,4,7,7,0,0,0,0,1,1,1,1,1,1,1,0,,"0,00%","68,75","137,50",TRUE,2,364,186,7,"14,29%",ТРАВЕНЬ,https://travelroom.lviv.ua/tour/416/
TRM-2,Італія,Travel Room,Екскурсійний,Люкс 300 - 400,Формула краси по-італійськи,Львів → Острава → Венеція → Рим → Тоскана → Флоренція → Верона → Гарда → Каринтія → Тарнув → Львів,370,,370,6,0,3,7,5,0,0,0,1,1,1,1,1,1,1,0,0,,"0,00%","61,67","123,33",TRUE,7,354,16,7,"14,29%",КВІТЕНЬ,https://travelroom.lviv.ua/tour/308/
TRM-3,Франція,Travel Room,Екскурсійний,Тяжкий Люкс 400 +,Париж - місто мрії!,Львів → Вроцлав → Моріцбург → Ерфурт → Париж → Нормандія → Страсбург → Кольмар → Тарнув → Львів,420,,420,7,0,3,5,6,0,0,0,1,1,0,1,0,1,1,0,0,,"0,00%","60,00","140,00",TRUE,2,364,56,5,"20,00%",КВІТЕНЬ,https://travelroom.lviv.ua/tour/213/
TRM-4,Німеччина,Travel Room,Екскурсійний,Стандарт 150 - 300,Весна на острові Майнау,Львів → Краків → Ротенбург → Об → Дер → Таубер → острів Майнау → Цюріх → парк Берхтесгаден → фйорд Кенігзее → Баварські Альпи → Зальцбург → Тарнув → Львів,280,,280,5,0,2,4,4,0,0,0,3,1,0,0,0,0,0,0,0,,"0,00%","56,00","140,00",TRUE,1,226,54,2,"75,00%",КВІТЕНЬ,https://travelroom.lviv.ua/tour/215/
TRM-5,Італія,Travel Room,Морський,Тяжкий Люкс 400 +,Формула краси + три узбережжя Італії,Львів → Краків → Каринтія → Тревізо → Рим → Салерно → Амальфі → Позітано → Альберобелло → Неаполь → Сорренто → Тоскана → Флоренція → Венеція → Тарнув → Львів,490,,490,5,0,6,5,4,0,0,0,0,1,1,1,1,1,0,0,0,,"0,00%","98,00","81,67",TRUE,7,354,136,5,"20,00%",ТРАВЕНЬ,https://travelroom.lviv.ua/tour/308-spo/
TRM-6,Італія,Travel Room,Морський,Тяжкий Люкс 400 +,Вічне літо Сицилії,Львів → Острава → Венеція → Чівіта → Ді → Баньореджо → Рим → Салерно → Амальфі → Позітано → Вілла → Сан → Джованні → Катанія → Сиракузи → Палермо → Чефалу → Таорміна → Казерта → Модена → Больцано → Доломітові Альпи → Брно → Львів,590,,590,10,0,4,5,9,0,0,0,1,1,1,0,0,1,1,0,0,,"0,00%","59,00","147,50",TRUE,7,354,236,5,"20,00%",КВІТЕНЬ,https://travelroom.lviv.ua/tour/418/
TRM-7,"Швейцарія, Франція, Італія",Travel Room,Морський,Тяжкий Люкс 400 +,Альпійська мелодія!+ Лазурове узбережжя Франції,Львів → Санкт → Гільген → Гальштат → Беллінцона → Локарно → Верзаска → Лугано → Арона → Мілан → Ніцца → Канни → Монако → Ез → Комо → Вадуц → Глівіце → Львів,480,,480,8,0,5,4,7,0,0,0,0,0,1,1,1,1,0,0,0,,"0,00%","60,00","96,00",TRUE,1,433,48,4,"25,00%",ЧЕРВЕНЬ,https://travelroom.lviv.ua/tour/311-spo/
TRM-8,"Польща, Угорщина",Travel Room,Екскурсійний,Стандарт 150 - 300,"Зимова казка: Закопане, Відень, терми",Львів → Краків → Закопане → Морське Око → Тренчин → Відень → Будапешт → Егерсалок → Львів,180,,180,4,0,2,0,3,0,0,0,0,0,0,0,0,0,0,0,0,,"0,00%","45,00","90,00",TRUE,1,180,0,0,"0,00%",СІЧЕНЬ,https://travelroom.lviv.ua/tour/501/
TRM-9,"Нідерланди, Франція",Travel Room,Екскурсійний,Тяжкий Люкс 400 +,"Легкість Амстердама, романтика Парижа + парк тюльпанів Койкенхоф",Львів → Вроцлав → Ганновер → Амстердам → Париж → Нюрнберг → Острава → Львів,450,,450,7,0,5,3,6,0,0,0,2,1,0,0,0,0,0,0,0,,"0,00%","64,29","90,00",TRUE,1,455,-5,2,"66,67%",КВІТЕНЬ,https://travelroom.lviv.ua/tour/162/
TRM-10,Італія,Travel Room,Екскурсійний,Стандарт 150 - 300,Белла Італія,Львів → Краків → Венеція → Рим → Флоренція → Піза → Ньїредьгаза → Львів,250,,250,5,2,3,1,2,0,0,0,1,0,0,0,0,0,0,0,0,,"0,00%","50,00","83,33",FALSE,7,354,-104,1,"100,00%",КВІТЕНЬ,https://travelroom.lviv.ua/tour/431/
TRM-11,Італія,Travel Room,Екскурсійний,Стандарт 150 - 300,Італія - моє натхнення + Венеційський Карнавал,Львів → Краків → Грац → Верона → Венеція → Доломітові Альпи → Тихи → Львів,290,,290,5,0,4,0,4,0,0,0,0,0,0,0,0,0,0,0,0,,"0,00%","58,00","72,50",TRUE,7,354,-64,0,"0,00%",СІЧЕНЬ,https://travelroom.lviv.ua/tour/209-spo/
TRM-12,Італія,Travel Room,Гірськолижний,Люкс 300 - 400,Тур на VI етап Кубка світу 2024/25 з біатлону в Італії (Антгольц-Антерсельва),Львів → Будапешт → Антгольц → Антерсельва → Львів,390,,390,5,2,0,0,2,0,0,0,0,0,0,0,0,0,0,0,0,,"0,00%","78,00","0,00",FALSE,7,354,36,0,"0,00%",СІЧЕНЬ,https://travelroom.lviv.ua/tour/109/
TRM-13,Італія,Travel Room,Екскурсійний,Стандарт 150 - 300,Белла Італія + два Карнавали,Львів → Краків → Венеція → Рим → Флоренція → Піза → В’яреджо → Ньїредьгаза → Львів,250,,250,5,2,3,0,2,0,0,0,0,0,0,0,0,0,0,0,0,,"0,00%","50,00","83,33",FALSE,7,354,-104,0,"0,00%",СІЧЕНЬ,https://travelroom.lviv.ua/tour/431-spo/