URL туру,Назва туру,Дата (від),Дата (до),Ціна (€),Ціна (грн),Стара ціна (€),Місць / Статус
https://www.i-travel.com.ua/?p=48199,Автобусний тур «Неповторна Баварія + Прага та Відень» зі Львова,01.05.2026,02.05.2026,,,,
https://www.i-travel.com.ua/?p=48199,Автобусний тур «Неповторна Баварія + Прага та Відень» зі Львова,31.10.2026,01.11.2026,,,,
https://www.i-travel.com.ua/?p=48199,Автобусний тур «Неповторна Баварія + Прага та Відень» зі Львова,30.01.2026,31.01.2026,,,,
https://www.i-travel.com.ua/?p=48199,Автобусний тур «Неповторна Баварія + Прага та Відень» зі Львова,28.02.2026,01.03.2026,,,,
https://www.i-travel.com.ua/?p=48199,Автобусний тур «Неповторна Баварія + Прага та Відень» зі Львова,20.03.2026,21.03.2026,,,,
https://www.i-travel.com.ua/?p=48199,Автобусний тур «Неповторна Баварія + Прага та Відень» зі Львова,28.03.2026,29.03.2026,,,,
https://www.i-travel.com.ua/?p=48199,Автобусний тур «Неповторна Баварія + Прага та Відень» зі Львова,22.03.2026,23.03.2026,,,,
https://www.i-travel.com.ua/?p=48199,Автобусний тур «Неповторна Баварія + Прага та Відень» зі Львова,02.05.2026,03.05.2026,,,,
https://www.i-travel.com.ua/?p=48199,Автобусний тур «Неповторна Баварія + Прага та Відень» зі Львова,28.04.2026,29.04.2026,,,,
https://www.i-travel.com.ua/?p=48199,Автобусний тур «Неповторна Баварія + Прага та Відень» зі Львова,24.05.2026,25.05.2026,,,,
https://www.i-travel.com.ua/?p=48199,Автобусний тур «Неповторна Баварія + Прага та Відень» зі Львова,31.05.2026,01.06.2026,,,,
https://www.i-travel.com.ua/?p=48199,Автобусний тур «Неповторна Баварія + Прага та Відень» зі Львова,07.06.2026,08.06.2026,,,,
https://www.i-travel.com.ua/?p=48199,Автобусний тур «Неповторна Баварія + Прага та Відень» зі Львова,14.06.2026,15.06.2026,,,,
https://www.i-travel.com.ua/?p=48199,Автобусний тур «Неповторна Баварія + Прага та Відень» зі Львова,21.06.2026,22.06.2026,,,,
https://www.i-travel.com.ua/?p=48199,Автобусний тур «Неповторна Баварія + Прага та Відень» зі Львова,28.06.2026,29.06.2026,,,,
https://www.i-travel.com.ua/?p=48199,Автобусний тур «Неповторна Баварія + Прага та Відень» зі Львова,05.07.2026,06.07.2026,,,,
https://www.i-travel.com.ua/?p=48199,Автобусний тур «Неповторна Баварія + Прага та Відень» зі Львова,12.07.2026,13.07.2026,,,,
https://www.i-travel.com.ua/?p=48199,Автобусний тур «Неповторна Баварія + Прага та Відень» зі Львова,19.07.2026,20.07.2026,,,,
https://www.i-travel.com.ua/?p=48199,Автобусний тур «Неповторна Баварія + Прага та Відень» зі Львова,26.07.2026,27.07.2026,,,,
https://www.i-travel.com.ua/?p=48199,Автобусний тур «Неповторна Баварія + Прага та Відень» зі Львова,02.08.2026,03.08.2026,,,,
https://www.i-travel.com.ua/?p=48199,Автобусний тур «Неповторна Баварія + Прага та Відень» зі Львова,09.08.2026,10.08.2026,,,,
https://www.i-travel.com.ua/?p=48199,Автобусний тур «Неповторна Баварія + Прага та Відень» зі Львова,16.08.2026,17.08.2026,,,,
https://www.i-travel.com.ua/?p=48199,Автобусний тур «Неповторна Баварія + Прага та Відень» зі Львова,23.08.2026,24.08.2026,,,,
https://www.i-travel.com.ua/?p=48199,Автобусний тур «Неповторна Баварія + Прага та Відень» зі Львова,30.08.2026,31.08.2026,,,,
https://www.i-travel.com.ua/?p=48199,Автобусний тур «Неповторна Баварія + Прага та Відень» зі Львова,06.09.2026,07.09.2026,,,,
https://www.i-travel.com.ua/?p=48199,Автобусний тур «Неповторна Баварія + Прага та Відень» зі Львова,13.09.2026,14.09.2026,,,,
https://www.i-travel.com.ua/?p=48199,Автобусний тур «Неповторна Баварія + Прага та Відень» зі Львова,20.09.2026,21.09.2026,,,,
https://www.i-travel.com.ua/?p=48199,Автобусний тур «Неповторна Баварія + Прага та Відень» зі Львова,27.09.2026,28.09.2026,,,,
https://www.i-travel.com.ua/?p=48199,Автобусний тур «Неповторна Баварія + Прага та Відень» зі Львова,04.10.2026,05.10.2026,,,,
https://www.i-travel.com.ua/?p=48199,Автобусний тур «Неповторна Баварія + Прага та Відень» зі Львова,11.10.2026,12.10.2026,,,,
https://www.i-travel.com.ua/?p=48199,Автобусний тур «Неповторна Баварія + Прага та Відень» зі Львова,18.10.2026,19.10.2026,,,,
https://www.i-travel.com.ua/?p=48199,Автобусний тур «Неповторна Баварія + Прага та Відень» зі Львова,25.10.2026,26.10.2026,,,,
https://www.i-travel.com.ua/?p=48199,Автобусний тур «Неповторна Баварія + Прага та Відень» зі Львова,27.10.2026,28.10.2026,,,,
https://www.i-travel.com.ua/?p=48199,Автобусний тур «Неповторна Баварія + Прага та Відень» зі Львова,1.11.2026,02.11.2026,,,,
https://www.i-travel.com.ua/?p=48199,Автобусний тур «Неповторна Баварія + Прага та Відень» зі Львова,08.11.2026,09.11.2026,,,,
https://www.i-travel.com.ua/?p=48199,Автобусний тур «Неповторна Баварія + Прага та Відень» зі Львова,15.11.2026,16.11.2026,,,,
https://www.i-travel.com.ua/?p=48199,Автобусний тур «Неповторна Баварія + Прага та Відень» зі Львова,22.11.2026,23.11.2026,,,,
https://www.i-travel.com.ua/?p=48199,Автобусний тур «Неповторна Баварія + Прага та Відень» зі Львова,29.11.2026,30.11.2026,,,,
https://www.i-travel.com.ua/?p=48199,Автобусний тур «Неповторна Баварія + Прага та Відень» зі Львова,1.12.2026,02.12.2026,,,,
https://www.i-travel.com.ua/?p=48199,Автобусний тур «Неповторна Баварія + Прага та Відень» зі Львова,06.12.2026,07.12.2026,,,,
https://www.i-travel.com.ua/?p=48199,Автобусний тур «Неповторна Баварія + Прага та Відень» зі Львова,08.12.2026,09.12.2026,,,,
https://www.i-travel.com.ua/?p=48199,Автобусний тур «Неповторна Баварія + Прага та Відень» зі Львова,13.12.2026,14.12.2026,,,,
https://www.i-travel.com.ua/?p=48199,Автобусний тур «Неповторна Баварія + Прага та Відень» зі Львова,15.12.2026,16.12.2026,,,,
https://www.i-travel.com.ua/?p=48199,Автобусний тур «Неповторна Баварія + Прага та Відень» зі Львова,20.12.2026,21.12.2026,,,,
https://www.i-travel.com.ua/?p=48199,Автобусний тур «Неповторна Баварія + Прага та Відень» зі Львова,23.12.2026,24.12.2026,,,,
https://www.i-travel.com.ua/?p=48199,Автобусний тур «Неповторна Баварія + Прага та Відень» зі Львова,30.12.2026,31.12.2026,,,,
https://www.i-travel.com.ua/?p=48528,"Автобусний тур «VIVA Італія! Венеція, Мілан, озера Гарда та Комо» зі Львова",1.5.2026,02.05.2026,,,,
https://www.i-travel.com.ua/?p=48528,"Автобусний тур «VIVA Італія! Венеція, Мілан, озера Гарда та Комо» зі Львова",31.10.2026,01.11.2026,,,,
https://www.i-travel.com.ua/?p=48528,"Автобусний тур «VIVA Італія! Венеція, Мілан, озера Гарда та Комо» зі Львова",30.1.2026,31.01.2026,,,,
https://www.i-travel.com.ua/?p=48528,"Автобусний тур «VIVA Італія! Венеція, Мілан, озера Гарда та Комо» зі Львова",28.02.2026,01.03.2026,,,,
https://www.i-travel.com.ua/?p=48528,"Автобусний тур «VIVA Італія! Венеція, Мілан, озера Гарда та Комо» зі Львова",20.03.2026,21.03.2026,,,,
https://www.i-travel.com.ua/?p=48528,"Автобусний тур «VIVA Італія! Венеція, Мілан, озера Гарда та Комо» зі Львова",28.03.2026,29.03.2026,,,,
https://www.i-travel.com.ua/?p=48528,"Автобусний тур «VIVA Італія! Венеція, Мілан, озера Гарда та Комо» зі Львова",22.03.2026,23.03.2026,,,,
https://www.i-travel.com.ua/?p=48528,"Автобусний тур «VIVA Італія! Венеція, Мілан, озера Гарда та Комо» зі Львова",02.05.2026,03.05.2026,,,,
https://www.i-travel.com.ua/?p=48528,"Автобусний тур «VIVA Італія! Венеція, Мілан, озера Гарда та Комо» зі Львова",28.04.2026,29.04.2026,,,,
https://www.i-travel.com.ua/?p=48528,"Автобусний тур «VIVA Італія! Венеція, Мілан, озера Гарда та Комо» зі Львова",29.05.2026,30.05.2026,,,,
https://www.i-travel.com.ua/?p=48528,"Автобусний тур «VIVA Італія! Венеція, Мілан, озера Гарда та Комо» зі Львова",02.06.2026,03.06.2026,,,,
https://www.i-travel.com.ua/?p=48528,"Автобусний тур «VIVA Італія! Венеція, Мілан, озера Гарда та Комо» зі Львова",16.06.2026,17.06.2026,,,,
https://www.i-travel.com.ua/?p=48528,"Автобусний тур «VIVA Італія! Венеція, Мілан, озера Гарда та Комо» зі Львова",26.06.2026,27.06.2026,,,,
https://www.i-travel.com.ua/?p=48528,"Автобусний тур «VIVA Італія! Венеція, Мілан, озера Гарда та Комо» зі Львова",03.07.2026,04.07.2026,,,,
https://www.i-travel.com.ua/?p=48528,"Автобусний тур «VIVA Італія! Венеція, Мілан, озера Гарда та Комо» зі Львова",07.07.2026,08.07.2026,,,,
https://www.i-travel.com.ua/?p=48528,"Автобусний тур «VIVA Італія! Венеція, Мілан, озера Гарда та Комо» зі Львова",17.07.2026,18.07.2026,,,,
https://www.i-travel.com.ua/?p=48528,"Автобусний тур «VIVA Італія! Венеція, Мілан, озера Гарда та Комо» зі Львова",21.07.2026,22.07.2026,,,,
https://www.i-travel.com.ua/?p=48528,"Автобусний тур «VIVA Італія! Венеція, Мілан, озера Гарда та Комо» зі Львова",31.07.2026,01.08.2026,,,,
https://www.i-travel.com.ua/?p=48528,"Автобусний тур «VIVA Італія! Венеція, Мілан, озера Гарда та Комо» зі Львова",07.08.2026,08.08.2026,,,,
https://www.i-travel.com.ua/?p=48528,"Автобусний тур «VIVA Італія! Венеція, Мілан, озера Гарда та Комо» зі Львова",11.08.2026,12.08.2026,,,,
https://www.i-travel.com.ua/?p=48528,"Автобусний тур «VIVA Італія! Венеція, Мілан, озера Гарда та Комо» зі Львова",21.08.2026,22.08.2026,,,,
https://www.i-travel.com.ua/?p=48528,"Автобусний тур «VIVA Італія! Венеція, Мілан, озера Гарда та Комо» зі Львова",25.08.2026,26.08.2026,,,,
https://www.i-travel.com.ua/?p=48528,"Автобусний тур «VIVA Італія! Венеція, Мілан, озера Гарда та Комо» зі Львова",04.09.2026,05.09.2026,,,,
https://www.i-travel.com.ua/?p=48528,"Автобусний тур «VIVA Італія! Венеція, Мілан, озера Гарда та Комо» зі Львова",08.09.2026,09.09.2026,,,,
https://www.i-travel.com.ua/?p=48528,"Автобусний тур «VIVA Італія! Венеція, Мілан, озера Гарда та Комо» зі Львова",18.09.2026,19.09.2026,,,,
https://www.i-travel.com.ua/?p=48528,"Автобусний тур «VIVA Італія! Венеція, Мілан, озера Гарда та Комо» зі Львова",22.09.2026,23.09.2026,,,,
https://www.i-travel.com.ua/?p=48528,"Автобусний тур «VIVA Італія! Венеція, Мілан, озера Гарда та Комо» зі Львова",02.10.2026,03.10.2026,,,,
https://www.i-travel.com.ua/?p=48528,"Автобусний тур «VIVA Італія! Венеція, Мілан, озера Гарда та Комо» зі Львова",06.10.2026,07.10.2026,,,,
https://www.i-travel.com.ua/?p=48528,"Автобусний тур «VIVA Італія! Венеція, Мілан, озера Гарда та Комо» зі Львова",16.10.2026,17.10.2026,,,,
https://www.i-travel.com.ua/?p=48528,"Автобусний тур «VIVA Італія! Венеція, Мілан, озера Гарда та Комо» зі Львова",20.10.2026,21.10.2026,,,,
https://www.i-travel.com.ua/?p=48528,"Автобусний тур «VIVA Італія! Венеція, Мілан, озера Гарда та Комо» зі Львова",23.10.2026,24.10.2026,,,,
https://www.i-travel.com.ua/?p=48528,"Автобусний тур «VIVA Італія! Венеція, Мілан, озера Гарда та Комо» зі Львова",27.10.2026,28.10.2026,,,,
https://www.i-travel.com.ua/?p=48528,"Автобусний тур «VIVA Італія! Венеція, Мілан, озера Гарда та Комо» зі Львова",6.11.2026,07.11.2026,,,,
https://www.i-travel.com.ua/?p=48528,"Автобусний тур «VIVA Італія! Венеція, Мілан, озера Гарда та Комо» зі Львова",10.11.2026,11.11.2026,,,,
https://www.i-travel.com.ua/?p=48528,"Автобусний тур «VIVA Італія! Венеція, Мілан, озера Гарда та Комо» зі Львова",20.11.2026,21.11.2026,,,,
https://www.i-travel.com.ua/?p=48528,"Автобусний тур «VIVA Італія! Венеція, Мілан, озера Гарда та Комо» зі Львова",24.11.2026,25.11.2026,,,,
https://www.i-travel.com.ua/?p=48528,"Автобусний тур «VIVA Італія! Венеція, Мілан, озера Гарда та Комо» зі Львова",4.12.2026,05.12.2026,,,,
https://www.i-travel.com.ua/?p=48528,"Автобусний тур «VIVA Італія! Венеція, Мілан, озера Гарда та Комо» зі Львова",8.12.2026,09.12.2026,,,,
https://www.i-travel.com.ua/?p=48528,"Автобусний тур «VIVA Італія! Венеція, Мілан, озера Гарда та Комо» зі Львова",18.12.2026,19.12.2026,,,,
https://www.i-travel.com.ua/?p=48528,"Автобусний тур «VIVA Італія! Венеція, Мілан, озера Гарда та Комо» зі Львова",29.12.2026,30.12.2026,,,,
https://www.i-travel.com.ua/?p=44927,Автобусний тур «Баварська мрія» зі Львова,01.05.2026,02.05.2026,,,,
https://www.i-travel.com.ua/?p=44927,Автобусний тур «Баварська мрія» зі Львова,31.10.2026,01.11.2026,,,,
https://www.i-travel.com.ua/?p=44927,Автобусний тур «Баварська мрія» зі Львова,30.1.2026,31.01.2026,,,,
https://www.i-travel.com.ua/?p=44927,Автобусний тур «Баварська мрія» зі Львова,28.02.2026,01.03.2026,,,,
https://www.i-travel.com.ua/?p=44927,Автобусний тур «Баварська мрія» зі Львова,20.3.2026,21.03.2026,,,,
https://www.i-travel.com.ua/?p=44927,Автобусний тур «Баварська мрія» зі Львова,28.03.2026,29.03.2026,,,,
https://www.i-travel.com.ua/?p=44927,Автобусний тур «Баварська мрія» зі Львова,22.03.2026,23.03.2026,,,,
https://www.i-travel.com.ua/?p=44927,Автобусний тур «Баварська мрія» зі Львова,02.05.2026,03.05.2026,,,,
https://www.i-travel.com.ua/?p=44927,Автобусний тур «Баварська мрія» зі Львова,28.04.2026,29.04.2026,,,,
https://www.i-travel.com.ua/?p=44927,Автобусний тур «Баварська мрія» зі Львова,24.05.2026,25.05.2026,,,,
https://www.i-travel.com.ua/?p=44927,Автобусний тур «Баварська мрія» зі Львова,31.05.2026,01.06.2026,,,,
https://www.i-travel.com.ua/?p=44927,Автобусний тур «Баварська мрія» зі Львова,07.06.2026,08.06.2026,,,,
https://www.i-travel.com.ua/?p=44927,Автобусний тур «Баварська мрія» зі Львова,14.06.2026,15.06.2026,,,,
https://www.i-travel.com.ua/?p=44927,Автобусний тур «Баварська мрія» зі Львова,21.06.2026,22.06.2026,,,,
https://www.i-travel.com.ua/?p=44927,Автобусний тур «Баварська мрія» зі Львова,28.06.2026,29.06.2026,,,,
https://www.i-travel.com.ua/?p=44927,Автобусний тур «Баварська мрія» зі Львова,05.07.2026,06.07.2026,,,,
https://www.i-travel.com.ua/?p=44927,Автобусний тур «Баварська мрія» зі Львова,12.07.2026,13.07.2026,,,,
https://www.i-travel.com.ua/?p=44927,Автобусний тур «Баварська мрія» зі Львова,19.07.2026,20.07.2026,,,,
https://www.i-travel.com.ua/?p=44927,Автобусний тур «Баварська мрія» зі Львова,26.07.2026,27.07.2026,,,,
https://www.i-travel.com.ua/?p=44927,Автобусний тур «Баварська мрія» зі Львова,02.08.2026,03.08.2026,,,,
https://www.i-travel.com.ua/?p=44927,Автобусний тур «Баварська мрія» зі Львова,09.08.2026,10.08.2026,,,,
https://www.i-travel.com.ua/?p=44927,Автобусний тур «Баварська мрія» зі Львова,16.08.2026,17.08.2026,,,,
https://www.i-travel.com.ua/?p=44927,Автобусний тур «Баварська мрія» зі Львова,23.08.2026,24.08.2026,,,,
https://www.i-travel.com.ua/?p=44927,Автобусний тур «Баварська мрія» зі Львова,30.08.2026,31.08.2026,,,,
https://www.i-travel.com.ua/?p=44927,Автобусний тур «Баварська мрія» зі Львова,06.09.2026,07.09.2026,,,,
https://www.i-travel.com.ua/?p=44927,Автобусний тур «Баварська мрія» зі Львова,13.09.2026,14.09.2026,,,,
https://www.i-travel.com.ua/?p=44927,Автобусний тур «Баварська мрія» зі Львова,20.09.2026,21.09.2026,,,,
https://www.i-travel.com.ua/?p=44927,Автобусний тур «Баварська мрія» зі Львова,27.09.2026,28.09.2026,,,,
https://www.i-travel.com.ua/?p=44927,Автобусний тур «Баварська мрія» зі Львова,04.10.2026,05.10.2026,,,,
https://www.i-travel.com.ua/?p=44927,Автобусний тур «Баварська мрія» зі Львова,11.10.2026,12.10.2026,,,,
https://www.i-travel.com.ua/?p=44927,Автобусний тур «Баварська мрія» зі Львова,18.10.2026,19.10.2026,,,,
https://www.i-travel.com.ua/?p=44927,Автобусний тур «Баварська мрія» зі Львова,25.10.2026,26.10.2026,,,,
https://www.i-travel.com.ua/?p=44927,Автобусний тур «Баварська мрія» зі Львова,01.11.2026,02.11.2026,,,,
https://www.i-travel.com.ua/?p=44927,Автобусний тур «Баварська мрія» зі Львова,8.11.2026,09.11.2026,,,,
https://www.i-travel.com.ua/?p=44927,Автобусний тур «Баварська мрія» зі Львова,15.11.2026,16.11.2026,,,,
https://www.i-travel.com.ua/?p=44927,Автобусний тур «Баварська мрія» зі Львова,22.11.2026,23.11.2026,,,,
https://www.i-travel.com.ua/?p=44927,Автобусний тур «Баварська мрія» зі Львова,29.11.2026,30.11.2026,,,,
https://www.i-travel.com.ua/?p=44927,Автобусний тур «Баварська мрія» зі Львова,06.12.2026,07.12.2026,,,,
https://www.i-travel.com.ua/?p=44927,Автобусний тур «Баварська мрія» зі Львова,13.12.2026,14.12.2026,,,,
https://www.i-travel.com.ua/?p=44927,Автобусний тур «Баварська мрія» зі Львова,22.12.2026,23.12.2026,,,,
https://www.i-travel.com.ua/?p=44927,Автобусний тур «Баварська мрія» зі Львова,29.12.2026,30.12.2026,,,,
https://www.i-travel.com.ua/?p=28273,Автобусний тур «Париж та голуби: 3 дні в Парижі + Нормандія (без нічних переїздів)» зі Львова,01.05.2026,02.05.2026,,,,
https://www.i-travel.com.ua/?p=28273,Автобусний тур «Париж та голуби: 3 дні в Парижі + Нормандія (без нічних переїздів)» зі Львова,31.10.2026,01.11.2026,,,,
https://www.i-travel.com.ua/?p=28273,Автобусний тур «Париж та голуби: 3 дні в Парижі + Нормандія (без нічних переїздів)» зі Львова,30.1.2026,31.01.2026,,,,
https://www.i-travel.com.ua/?p=28273,Автобусний тур «Париж та голуби: 3 дні в Парижі + Нормандія (без нічних переїздів)» зі Львова,28.2.2026,01.03.2026,,,,
https://www.i-travel.com.ua/?p=28273,Автобусний тур «Париж та голуби: 3 дні в Парижі + Нормандія (без нічних переїздів)» зі Львова,20.03.2026,21.03.2026,,,,
https://www.i-travel.com.ua/?p=28273,Автобусний тур «Париж та голуби: 3 дні в Парижі + Нормандія (без нічних переїздів)» зі Львова,28.3.2026,29.03.2026,,,,
https://www.i-travel.com.ua/?p=28273,Автобусний тур «Париж та голуби: 3 дні в Парижі + Нормандія (без нічних переїздів)» зі Львова,22.03.2026,23.03.2026,,,,
https://www.i-travel.com.ua/?p=28273,Автобусний тур «Париж та голуби: 3 дні в Парижі + Нормандія (без нічних переїздів)» зі Львова,02.05.2026,03.05.2026,,,,
https://www.i-travel.com.ua/?p=28273,Автобусний тур «Париж та голуби: 3 дні в Парижі + Нормандія (без нічних переїздів)» зі Львова,28.04.2026,29.04.2026,,,,
https://www.i-travel.com.ua/?p=28273,Автобусний тур «Париж та голуби: 3 дні в Парижі + Нормандія (без нічних переїздів)» зі Львова,23.05.2026,24.05.2026,,,,
https://www.i-travel.com.ua/?p=28273,Автобусний тур «Париж та голуби: 3 дні в Парижі + Нормандія (без нічних переїздів)» зі Львова,06.06.2026,07.06.2026,,,,
https://www.i-travel.com.ua/?p=28273,Автобусний тур «Париж та голуби: 3 дні в Парижі + Нормандія (без нічних переїздів)» зі Львова,20.06.2026,21.06.2026,,,,
https://www.i-travel.com.ua/?p=28273,Автобусний тур «Париж та голуби: 3 дні в Парижі + Нормандія (без нічних переїздів)» зі Львова,04.07.2026,05.07.2026,,,,
https://www.i-travel.com.ua/?p=28273,Автобусний тур «Париж та голуби: 3 дні в Парижі + Нормандія (без нічних переїздів)» зі Львова,18.07.2026,19.07.2026,,,,
https://www.i-travel.com.ua/?p=28273,Автобусний тур «Париж та голуби: 3 дні в Парижі + Нормандія (без нічних переїздів)» зі Львова,01.08.2026,02.08.2026,,,,
https://www.i-travel.com.ua/?p=28273,Автобусний тур «Париж та голуби: 3 дні в Парижі + Нормандія (без нічних переїздів)» зі Львова,15.08.2026,16.08.2026,,,,
https://www.i-travel.com.ua/?p=28273,Автобусний тур «Париж та голуби: 3 дні в Парижі + Нормандія (без нічних переїздів)» зі Львова,29.08.2026,30.08.2026,,,,
https://www.i-travel.com.ua/?p=28273,Автобусний тур «Париж та голуби: 3 дні в Парижі + Нормандія (без нічних переїздів)» зі Львова,12.09.2026,13.09.2026,,,,
https://www.i-travel.com.ua/?p=28273,Автобусний тур «Париж та голуби: 3 дні в Парижі + Нормандія (без нічних переїздів)» зі Львова,26.09.2026,27.09.2026,,,,
https://www.i-travel.com.ua/?p=28273,Автобусний тур «Париж та голуби: 3 дні в Парижі + Нормандія (без нічних переїздів)» зі Львова,10.10.2026,11.10.2026,,,,
https://www.i-travel.com.ua/?p=28273,Автобусний тур «Париж та голуби: 3 дні в Парижі + Нормандія (без нічних переїздів)» зі Львова,24.10.2026,25.10.2026,,,,
https://www.i-travel.com.ua/?p=28273,Автобусний тур «Париж та голуби: 3 дні в Парижі + Нормандія (без нічних переїздів)» зі Львова,07.11.2026,08.11.2026,,,,
https://www.i-travel.com.ua/?p=28273,Автобусний тур «Париж та голуби: 3 дні в Парижі + Нормандія (без нічних переїздів)» зі Львова,21.11.2026,22.11.2026,,,,
https://www.i-travel.com.ua/?p=28273,Автобусний тур «Париж та голуби: 3 дні в Парижі + Нормандія (без нічних переїздів)» зі Львова,5.12.2026,06.12.2026,,,,
https://www.i-travel.com.ua/?p=28273,Автобусний тур «Париж та голуби: 3 дні в Парижі + Нормандія (без нічних переїздів)» зі Львова,19.12.2026,20.12.2026,,,,
https://www.i-travel.com.ua/?p=28273,Автобусний тур «Париж та голуби: 3 дні в Парижі + Нормандія (без нічних переїздів)» зі Львова,28.12.2026,29.12.2026,,,,
https://www.i-travel.com.ua/?p=28273,Автобусний тур «Париж та голуби: 3 дні в Парижі + Нормандія (без нічних переїздів)» зі Львова,22.1.2026,23.01.2026,,,,
https://www.i-travel.com.ua/?p=46939,"Автобусний тур “Три бажання: Краків, Прага та Відень” зі Львова",01.05.2026,02.05.2026,,,,
https://www.i-travel.com.ua/?p=46939,"Автобусний тур “Три бажання: Краків, Прага та Відень” зі Львова",31.10.2026,01.11.2026,,,,
https://www.i-travel.com.ua/?p=46939,"Автобусний тур “Три бажання: Краків, Прага та Відень” зі Львова",30.1.2026,31.01.2026,,,,
https://www.i-travel.com.ua/?p=46939,"Автобусний тур “Три бажання: Краків, Прага та Відень” зі Львова",28.02.2026,01.03.2026,,,,
https://www.i-travel.com.ua/?p=46939,"Автобусний тур “Три бажання: Краків, Прага та Відень” зі Львова",20.03.2026,21.03.2026,,,,
https://www.i-travel.com.ua/?p=46939,"Автобусний тур “Три бажання: Краків, Прага та Відень” зі Львова",28.3.2026,29.03.2026,,,,
https://www.i-travel.com.ua/?p=46939,"Автобусний тур “Три бажання: Краків, Прага та Відень” зі Львова",22.03.2026,23.03.2026,,,,
https://www.i-travel.com.ua/?p=46939,"Автобусний тур “Три бажання: Краків, Прага та Відень” зі Львова",02.05.2026,03.05.2026,,,,
https://www.i-travel.com.ua/?p=46939,"Автобусний тур “Три бажання: Краків, Прага та Відень” зі Львова",28.04.2026,29.04.2026,,,,
https://www.i-travel.com.ua/?p=46939,"Автобусний тур “Три бажання: Краків, Прага та Відень” зі Львова",29.05.2026,30.05.2026,,,,
https://www.i-travel.com.ua/?p=46939,"Автобусний тур “Три бажання: Краків, Прага та Відень” зі Львова",05.06.2026,06.06.2026,,,,
https://www.i-travel.com.ua/?p=46939,"Автобусний тур “Три бажання: Краків, Прага та Відень” зі Львова",12.06.2026,13.06.2026,,,,
https://www.i-travel.com.ua/?p=46939,"Автобусний тур “Три бажання: Краків, Прага та Відень” зі Львова",19.06.2026,20.06.2026,,,,
https://www.i-travel.com.ua/?p=46939,"Автобусний тур “Три бажання: Краків, Прага та Відень” зі Львова",26.06.2026,27.06.2026,,,,
https://www.i-travel.com.ua/?p=46939,"Автобусний тур “Три бажання: Краків, Прага та Відень” зі Львова",03.07.2026,04.07.2026,,,,
https://www.i-travel.com.ua/?p=46939,"Автобусний тур “Три бажання: Краків, Прага та Відень” зі Львова",09.07.2026,10.07.2026,,,,
https://www.i-travel.com.ua/?p=46939,"Автобусний тур “Три бажання: Краків, Прага та Відень” зі Львова",17.07.2026,18.07.2026,,,,
https://www.i-travel.com.ua/?p=46939,"Автобусний тур “Три бажання: Краків, Прага та Відень” зі Львова",23.07.2026,24.07.2026,,,,
https://www.i-travel.com.ua/?p=46939,"Автобусний тур “Три бажання: Краків, Прага та Відень” зі Львова",31.07.2026,01.08.2026,,,,
https://www.i-travel.com.ua/?p=46939,"Автобусний тур “Три бажання: Краків, Прага та Відень” зі Львова",07.08.2026,08.08.2026,,,,
https://www.i-travel.com.ua/?p=46939,"Автобусний тур “Три бажання: Краків, Прага та Відень” зі Львова",13.08.2026,14.08.2026,,,,
https://www.i-travel.com.ua/?p=46939,"Автобусний тур “Три бажання: Краків, Прага та Відень” зі Львова",20.08.2026,21.08.2026,,,,
https://www.i-travel.com.ua/?p=46939,"Автобусний тур “Три бажання: Краків, Прага та Відень” зі Львова",04.09.2026,05.09.2026,,,,
https://www.i-travel.com.ua/?p=46939,"Автобусний тур “Три бажання: Краків, Прага та Відень” зі Львова",11.09.2026,12.09.2026,,,,
https://www.i-travel.com.ua/?p=46939,"Автобусний тур “Три бажання: Краків, Прага та Відень” зі Львова",17.09.2026,18.09.2026,,,,
https://www.i-travel.com.ua/?p=46939,"Автобусний тур “Три бажання: Краків, Прага та Відень” зі Львова",18.09.2026,19.09.2026,,,,
https://www.i-travel.com.ua/?p=46939,"Автобусний тур “Три бажання: Краків, Прага та Відень” зі Львова",02.10.2026,03.10.2026,,,,
https://www.i-travel.com.ua/?p=46939,"Автобусний тур “Три бажання: Краків, Прага та Відень” зі Львова",08.10.2026,09.10.2026,,,,
https://www.i-travel.com.ua/?p=46939,"Автобусний тур “Три бажання: Краків, Прага та Відень” зі Львова",15.10.2026,16.10.2026,,,,
https://www.i-travel.com.ua/?p=46939,"Автобусний тур “Три бажання: Краків, Прага та Відень” зі Львова",16.10.2026,17.10.2026,,,,
https://www.i-travel.com.ua/?p=46939,"Автобусний тур “Три бажання: Краків, Прага та Відень” зі Львова",22.10.2026,23.10.2026,,,,
https://www.i-travel.com.ua/?p=46939,"Автобусний тур “Три бажання: Краків, Прага та Відень” зі Львова",30.10.2026,31.10.2026,,,,
https://www.i-travel.com.ua/?p=46939,"Автобусний тур “Три бажання: Краків, Прага та Відень” зі Львова",06.11.2026,07.11.2026,,,,
https://www.i-travel.com.ua/?p=46939,"Автобусний тур “Три бажання: Краків, Прага та Відень” зі Львова",12.11.2026,13.11.2026,,,,
https://www.i-travel.com.ua/?p=46939,"Автобусний тур “Три бажання: Краків, Прага та Відень” зі Львова",19.11.2026,20.11.2026,,,,
https://www.i-travel.com.ua/?p=46939,"Автобусний тур “Три бажання: Краків, Прага та Відень” зі Львова",27.11.2026,28.11.2026,,,,
https://www.i-travel.com.ua/?p=46939,"Автобусний тур “Три бажання: Краків, Прага та Відень” зі Львова",4.12.2026,05.12.2026,,,,
https://www.i-travel.com.ua/?p=46939,"Автобусний тур “Три бажання: Краків, Прага та Відень” зі Львова",10.12.2026,11.12.2026,,,,
https://www.i-travel.com.ua/?p=46939,"Автобусний тур “Три бажання: Краків, Прага та Відень” зі Львова",11.12.2026,12.12.2026,,,,
https://www.i-travel.com.ua/?p=46939,"Автобусний тур “Три бажання: Краків, Прага та Відень” зі Львова",16.12.2026,17.12.2026,,,,
https://www.i-travel.com.ua/?p=46939,"Автобусний тур “Три бажання: Краків, Прага та Відень” зі Львова",17.12.2026,18.12.2026,,,,
https://www.i-travel.com.ua/?p=46939,"Автобусний тур “Три бажання: Краків, Прага та Відень” зі Львова",23.12.2026,24.12.2026,,,,
https://www.i-travel.com.ua/?p=46939,"Автобусний тур “Три бажання: Краків, Прага та Відень” зі Львова",24.12.2026,25.12.2026,,,,
https://www.i-travel.com.ua/?p=46939,"Автобусний тур “Три бажання: Краків, Прага та Відень” зі Львова",25.12.2026,26.12.2026,,,,
https://www.i-travel.com.ua/?p=46939,"Автобусний тур “Три бажання: Краків, Прага та Відень” зі Львова",29.12.2026,30.12.2026,,,,
https://www.i-travel.com.ua/?p=44750,Автобусний тур «Амстердамський експрес: 2 дні в Амстердамі + Прага і Берлін» зі Львова,1.5.2026,02.05.2026,,,,
https://www.i-travel.com.ua/?p=44750,Автобусний тур «Амстердамський експрес: 2 дні в Амстердамі + Прага і Берлін» зі Львова,31.10.2026,01.11.2026,,,,
https://www.i-travel.com.ua/?p=44750,Автобусний тур «Амстердамський експрес: 2 дні в Амстердамі + Прага і Берлін» зі Львова,30.1.2026,31.01.2026,,,,
https://www.i-travel.com.ua/?p=44750,Автобусний тур «Амстердамський експрес: 2 дні в Амстердамі + Прага і Берлін» зі Львова,28.2.2026,01.03.2026,,,,
https://www.i-travel.com.ua/?p=44750,Автобусний тур «Амстердамський експрес: 2 дні в Амстердамі + Прага і Берлін» зі Львова,20.3.2026,21.03.2026,,,,
https://www.i-travel.com.ua/?p=44750,Автобусний тур «Амстердамський експрес: 2 дні в Амстердамі + Прага і Берлін» зі Львова,28.03.2026,29.03.2026,,,,
https://www.i-travel.com.ua/?p=44750,Автобусний тур «Амстердамський експрес: 2 дні в Амстердамі + Прага і Берлін» зі Львова,22.3.2026,23.03.2026,,,,
https://www.i-travel.com.ua/?p=44750,Автобусний тур «Амстердамський експрес: 2 дні в Амстердамі + Прага і Берлін» зі Львова,02.05.2026,03.05.2026,,,,
https://www.i-travel.com.ua/?p=44750,Автобусний тур «Амстердамський експрес: 2 дні в Амстердамі + Прага і Берлін» зі Львова,28.04.2026,29.04.2026,,,,
https://www.i-travel.com.ua/?p=44750,Автобусний тур «Амстердамський експрес: 2 дні в Амстердамі + Прага і Берлін» зі Львова,24.05.2026,25.05.2026,,,,
https://www.i-travel.com.ua/?p=44750,Автобусний тур «Амстердамський експрес: 2 дні в Амстердамі + Прага і Берлін» зі Львова,31.05.2026,01.06.2026,,,,
https://www.i-travel.com.ua/?p=44750,Автобусний тур «Амстердамський експрес: 2 дні в Амстердамі + Прага і Берлін» зі Львова,07.06.2026,08.06.2026,,,,
https://www.i-travel.com.ua/?p=44750,Автобусний тур «Амстердамський експрес: 2 дні в Амстердамі + Прага і Берлін» зі Львова,14.06.2026,15.06.2026,,,,
https://www.i-travel.com.ua/?p=44750,Автобусний тур «Амстердамський експрес: 2 дні в Амстердамі + Прага і Берлін» зі Львова,21.06.2026,22.06.2026,,,,
https://www.i-travel.com.ua/?p=44750,Автобусний тур «Амстердамський експрес: 2 дні в Амстердамі + Прага і Берлін» зі Львова,28.06.2026,29.06.2026,,,,
https://www.i-travel.com.ua/?p=44750,Автобусний тур «Амстердамський експрес: 2 дні в Амстердамі + Прага і Берлін» зі Львова,05.07.2026,06.07.2026,,,,
https://www.i-travel.com.ua/?p=44750,Автобусний тур «Амстердамський експрес: 2 дні в Амстердамі + Прага і Берлін» зі Львова,12.07.2026,13.07.2026,,,,
https://www.i-travel.com.ua/?p=44750,Автобусний тур «Амстердамський експрес: 2 дні в Амстердамі + Прага і Берлін» зі Львова,19.07.2026,20.07.2026,,,,
https://www.i-travel.com.ua/?p=44750,Автобусний тур «Амстердамський експрес: 2 дні в Амстердамі + Прага і Берлін» зі Львова,26.07.2026,27.07.2026,,,,
https://www.i-travel.com.ua/?p=44750,Автобусний тур «Амстердамський експрес: 2 дні в Амстердамі + Прага і Берлін» зі Львова,02.08.2026,03.08.2026,,,,
https://www.i-travel.com.ua/?p=44750,Автобусний тур «Амстердамський експрес: 2 дні в Амстердамі + Прага і Берлін» зі Львова,09.08.2026,10.08.2026,,,,
https://www.i-travel.com.ua/?p=44750,Автобусний тур «Амстердамський експрес: 2 дні в Амстердамі + Прага і Берлін» зі Львова,16.08.2026,17.08.2026,,,,
https://www.i-travel.com.ua/?p=44750,Автобусний тур «Амстердамський експрес: 2 дні в Амстердамі + Прага і Берлін» зі Львова,23.08.2026,24.08.2026,,,,
https://www.i-travel.com.ua/?p=44750,Автобусний тур «Амстердамський експрес: 2 дні в Амстердамі + Прага і Берлін» зі Львова,30.08.2026,31.08.2026,,,,
https://www.i-travel.com.ua/?p=44750,Автобусний тур «Амстердамський експрес: 2 дні в Амстердамі + Прага і Берлін» зі Львова,06.09.2026,07.09.2026,,,,
https://www.i-travel.com.ua/?p=44750,Автобусний тур «Амстердамський експрес: 2 дні в Амстердамі + Прага і Берлін» зі Львова,13.09.2026,14.09.2026,,,,
https://www.i-travel.com.ua/?p=44750,Автобусний тур «Амстердамський експрес: 2 дні в Амстердамі + Прага і Берлін» зі Львова,20.09.2026,21.09.2026,,,,
https://www.i-travel.com.ua/?p=44750,Автобусний тур «Амстердамський експрес: 2 дні в Амстердамі + Прага і Берлін» зі Львова,27.09.2026,28.09.2026,,,,
https://www.i-travel.com.ua/?p=44750,Автобусний тур «Амстердамський експрес: 2 дні в Амстердамі + Прага і Берлін» зі Львова,04.10.2026,05.10.2026,,,,
https://www.i-travel.com.ua/?p=44750,Автобусний тур «Амстердамський експрес: 2 дні в Амстердамі + Прага і Берлін» зі Львова,11.10.2026,12.10.2026,,,,
https://www.i-travel.com.ua/?p=44750,Автобусний тур «Амстердамський експрес: 2 дні в Амстердамі + Прага і Берлін» зі Львова,18.10.2026,19.10.2026,,,,
https://www.i-travel.com.ua/?p=44750,Автобусний тур «Амстердамський експрес: 2 дні в Амстердамі + Прага і Берлін» зі Львова,25.10.2026,26.10.2026,,,,
https://www.i-travel.com.ua/?p=44750,Автобусний тур «Амстердамський експрес: 2 дні в Амстердамі + Прага і Берлін» зі Львова,27.10.2026,28.10.2026,,,,
https://www.i-travel.com.ua/?p=44750,Автобусний тур «Амстердамський експрес: 2 дні в Амстердамі + Прага і Берлін» зі Львова,01.11.2026,02.11.2026,,,,
https://www.i-travel.com.ua/?p=44750,Автобусний тур «Амстердамський експрес: 2 дні в Амстердамі + Прага і Берлін» зі Львова,08.11.2026,09.11.2026,,,,
https://www.i-travel.com.ua/?p=44750,Автобусний тур «Амстердамський експрес: 2 дні в Амстердамі + Прага і Берлін» зі Львова,15.11.2026,16.11.2026,,,,
https://www.i-travel.com.ua/?p=44750,Автобусний тур «Амстердамський експрес: 2 дні в Амстердамі + Прага і Берлін» зі Львова,22.11.2026,23.11.2026,,,,
https://www.i-travel.com.ua/?p=44750,Автобусний тур «Амстердамський експрес: 2 дні в Амстердамі + Прага і Берлін» зі Львова,29.11.2026,30.11.2026,,,,
https://www.i-travel.com.ua/?p=44750,Автобусний тур «Амстердамський експрес: 2 дні в Амстердамі + Прага і Берлін» зі Львова,1.12.2026,02.12.2026,,,,
https://www.i-travel.com.ua/?p=44750,Автобусний тур «Амстердамський експрес: 2 дні в Амстердамі + Прага і Берлін» зі Львова,06.12.2026,07.12.2026,,,,
https://www.i-travel.com.ua/?p=44750,Автобусний тур «Амстердамський експрес: 2 дні в Амстердамі + Прага і Берлін» зі Львова,08.12.2026,09.12.2026,,,,
https://www.i-travel.com.ua/?p=44750,Автобусний тур «Амстердамський експрес: 2 дні в Амстердамі + Прага і Берлін» зі Львова,13.12.2026,14.12.2026,,,,
https://www.i-travel.com.ua/?p=44750,Автобусний тур «Амстердамський експрес: 2 дні в Амстердамі + Прага і Берлін» зі Львова,15.12.2026,16.12.2026,,,,
https://www.i-travel.com.ua/?p=44750,Автобусний тур «Амстердамський експрес: 2 дні в Амстердамі + Прага і Берлін» зі Львова,20.12.2026,21.12.2026,,,,
https://www.i-travel.com.ua/?p=44750,Автобусний тур «Амстердамський експрес: 2 дні в Амстердамі + Прага і Берлін» зі Львова,22.12.2026,23.12.2026,,,,
https://www.i-travel.com.ua/?p=44750,Автобусний тур «Амстердамський експрес: 2 дні в Амстердамі + Прага і Берлін» зі Львова,29.12.2026,30.12.2026,,,,
https://www.i-travel.com.ua/?p=44750,Автобусний тур «Амстердамський експрес: 2 дні в Амстердамі + Прага і Берлін» зі Львова,19.03.2026,20.03.2026,,,,
https://www.i-travel.com.ua/?p=44750,Автобусний тур «Амстердамський експрес: 2 дні в Амстердамі + Прага і Берлін» зі Львова,10.5.2026,11.05.2026,,,,
https://www.i-travel.com.ua/?p=46056,Автобусний тур «Круасани і тюльпани: Амстердам + Париж» зі Львова,1.5.2026,02.05.2026,,,,
https://www.i-travel.com.ua/?p=46056,Автобусний тур «Круасани і тюльпани: Амстердам + Париж» зі Львова,31.10.2026,01.11.2026,,,,
https://www.i-travel.com.ua/?p=46056,Автобусний тур «Круасани і тюльпани: Амстердам + Париж» зі Львова,30.1.2026,31.01.2026,,,,
https://www.i-travel.com.ua/?p=46056,Автобусний тур «Круасани і тюльпани: Амстердам + Париж» зі Львова,28.2.2026,01.03.2026,,,,
https://www.i-travel.com.ua/?p=46056,Автобусний тур «Круасани і тюльпани: Амстердам + Париж» зі Львова,20.03.2026,21.03.2026,,,,
https://www.i-travel.com.ua/?p=46056,Автобусний тур «Круасани і тюльпани: Амстердам + Париж» зі Львова,28.03.2026,29.03.2026,,,,
https://www.i-travel.com.ua/?p=46056,Автобусний тур «Круасани і тюльпани: Амстердам + Париж» зі Львова,22.03.2026,23.03.2026,,,,
https://www.i-travel.com.ua/?p=46056,Автобусний тур «Круасани і тюльпани: Амстердам + Париж» зі Львова,2.5.2026,03.05.2026,,,,
https://www.i-travel.com.ua/?p=46056,Автобусний тур «Круасани і тюльпани: Амстердам + Париж» зі Львова,28.04.2026,29.04.2026,,,,
https://www.i-travel.com.ua/?p=46056,Автобусний тур «Круасани і тюльпани: Амстердам + Париж» зі Львова,23.05.2026,24.05.2026,,,,
https://www.i-travel.com.ua/?p=46056,Автобусний тур «Круасани і тюльпани: Амстердам + Париж» зі Львова,06.06.2026,07.06.2026,,,,
https://www.i-travel.com.ua/?p=46056,Автобусний тур «Круасани і тюльпани: Амстердам + Париж» зі Львова,20.06.2026,21.06.2026,,,,
https://www.i-travel.com.ua/?p=46056,Автобусний тур «Круасани і тюльпани: Амстердам + Париж» зі Львова,04.07.2026,05.07.2026,,,,
https://www.i-travel.com.ua/?p=46056,Автобусний тур «Круасани і тюльпани: Амстердам + Париж» зі Львова,18.07.2026,19.07.2026,,,,
https://www.i-travel.com.ua/?p=46056,Автобусний тур «Круасани і тюльпани: Амстердам + Париж» зі Львова,01.08.2026,02.08.2026,,,,
https://www.i-travel.com.ua/?p=46056,Автобусний тур «Круасани і тюльпани: Амстердам + Париж» зі Львова,15.08.2026,16.08.2026,,,,
https://www.i-travel.com.ua/?p=46056,Автобусний тур «Круасани і тюльпани: Амстердам + Париж» зі Львова,29.08.2026,30.08.2026,,,,
https://www.i-travel.com.ua/?p=46056,Автобусний тур «Круасани і тюльпани: Амстердам + Париж» зі Львова,12.09.2026,13.09.2026,,,,
https://www.i-travel.com.ua/?p=46056,Автобусний тур «Круасани і тюльпани: Амстердам + Париж» зі Львова,26.09.2026,27.09.2026,,,,
https://www.i-travel.com.ua/?p=46056,Автобусний тур «Круасани і тюльпани: Амстердам + Париж» зі Львова,10.10.2026,11.10.2026,,,,
https://www.i-travel.com.ua/?p=46056,Автобусний тур «Круасани і тюльпани: Амстердам + Париж» зі Львова,24.10.2026,25.10.2026,,,,
https://www.i-travel.com.ua/?p=46056,Автобусний тур «Круасани і тюльпани: Амстердам + Париж» зі Львова,07.11.2026,08.11.2026,,,,
https://www.i-travel.com.ua/?p=46056,Автобусний тур «Круасани і тюльпани: Амстердам + Париж» зі Львова,21.11.2026,22.11.2026,,,,
https://www.i-travel.com.ua/?p=46056,Автобусний тур «Круасани і тюльпани: Амстердам + Париж» зі Львова,05.12.2026,06.12.2026,,,,
https://www.i-travel.com.ua/?p=46056,Автобусний тур «Круасани і тюльпани: Амстердам + Париж» зі Львова,19.12.2026,20.12.2026,,,,
https://www.i-travel.com.ua/?p=46056,Автобусний тур «Круасани і тюльпани: Амстердам + Париж» зі Львова,27.12.2026,28.12.2026,,,,
https://www.i-travel.com.ua/?p=46056,Автобусний тур «Круасани і тюльпани: Амстердам + Париж» зі Львова,19.3.2026,20.03.2026,,,,
https://www.i-travel.com.ua/?p=46056,Автобусний тур «Круасани і тюльпани: Амстердам + Париж» зі Львова,10.05.2026,11.05.2026,,,,
https://www.i-travel.com.ua/?p=46007,Автобусний тур «Голландський калейдоскоп» зі Львова,1.5.2026,02.05.2026,,,,
https://www.i-travel.com.ua/?p=46007,Автобусний тур «Голландський калейдоскоп» зі Львова,31.10.2026,01.11.2026,,,,
https://www.i-travel.com.ua/?p=46007,Автобусний тур «Голландський калейдоскоп» зі Львова,30.1.2026,31.01.2026,,,,
https://www.i-travel.com.ua/?p=46007,Автобусний тур «Голландський калейдоскоп» зі Львова,28.2.2026,01.03.2026,,,,
https://www.i-travel.com.ua/?p=46007,Автобусний тур «Голландський калейдоскоп» зі Львова,20.03.2026,21.03.2026,,,,
https://www.i-travel.com.ua/?p=46007,Автобусний тур «Голландський калейдоскоп» зі Львова,28.03.2026,29.03.2026,,,,
https://www.i-travel.com.ua/?p=46007,Автобусний тур «Голландський калейдоскоп» зі Львова,22.03.2026,23.03.2026,,,,
https://www.i-travel.com.ua/?p=46007,Автобусний тур «Голландський калейдоскоп» зі Львова,2.5.2026,03.05.2026,,,,
https://www.i-travel.com.ua/?p=46007,Автобусний тур «Голландський калейдоскоп» зі Львова,28.04.2026,29.04.2026,,,,
https://www.i-travel.com.ua/?p=46007,Автобусний тур «Голландський калейдоскоп» зі Львова,23.05.2026,24.05.2026,,,,
https://www.i-travel.com.ua/?p=46007,Автобусний тур «Голландський калейдоскоп» зі Львова,30.05.2026,31.05.2026,,,,
https://www.i-travel.com.ua/?p=46007,Автобусний тур «Голландський калейдоскоп» зі Львова,06.06.2026,07.06.2026,,,,
https://www.i-travel.com.ua/?p=46007,Автобусний тур «Голландський калейдоскоп» зі Львова,13.06.2026,14.06.2026,,,,
https://www.i-travel.com.ua/?p=46007,Автобусний тур «Голландський калейдоскоп» зі Львова,20.06.2026,21.06.2026,,,,
https://www.i-travel.com.ua/?p=46007,Автобусний тур «Голландський калейдоскоп» зі Львова,27.06.2026,28.06.2026,,,,
https://www.i-travel.com.ua/?p=46007,Автобусний тур «Голландський калейдоскоп» зі Львова,04.07.2026,05.07.2026,,,,
https://www.i-travel.com.ua/?p=46007,Автобусний тур «Голландський калейдоскоп» зі Львова,11.07.2026,12.07.2026,,,,
https://www.i-travel.com.ua/?p=46007,Автобусний тур «Голландський калейдоскоп» зі Львова,18.07.2026,19.07.2026,,,,
https://www.i-travel.com.ua/?p=46007,Автобусний тур «Голландський калейдоскоп» зі Львова,25.07.2026,26.07.2026,,,,
https://www.i-travel.com.ua/?p=46007,Автобусний тур «Голландський калейдоскоп» зі Львова,01.08.2026,02.08.2026,,,,
https://www.i-travel.com.ua/?p=46007,Автобусний тур «Голландський калейдоскоп» зі Львова,08.08.2026,09.08.2026,,,,
https://www.i-travel.com.ua/?p=46007,Автобусний тур «Голландський калейдоскоп» зі Львова,15.08.2026,16.08.2026,,,,
https://www.i-travel.com.ua/?p=46007,Автобусний тур «Голландський калейдоскоп» зі Львова,22.08.2026,23.08.2026,,,,
https://www.i-travel.com.ua/?p=46007,Автобусний тур «Голландський калейдоскоп» зі Львова,29.08.2026,30.08.2026,,,,
https://www.i-travel.com.ua/?p=46007,Автобусний тур «Голландський калейдоскоп» зі Львова,05.09.2026,06.09.2026,,,,
https://www.i-travel.com.ua/?p=46007,Автобусний тур «Голландський калейдоскоп» зі Львова,12.09.2026,13.09.2026,,,,
https://www.i-travel.com.ua/?p=46007,Автобусний тур «Голландський калейдоскоп» зі Львова,19.09.2026,20.09.2026,,,,
https://www.i-travel.com.ua/?p=46007,Автобусний тур «Голландський калейдоскоп» зі Львова,26.09.2026,27.09.2026,,,,
https://www.i-travel.com.ua/?p=46007,Автобусний тур «Голландський калейдоскоп» зі Львова,03.10.2026,04.10.2026,,,,
https://www.i-travel.com.ua/?p=46007,Автобусний тур «Голландський калейдоскоп» зі Львова,10.10.2026,11.10.2026,,,,
https://www.i-travel.com.ua/?p=46007,Автобусний тур «Голландський калейдоскоп» зі Львова,17.10.2026,18.10.2026,,,,
https://www.i-travel.com.ua/?p=46007,Автобусний тур «Голландський калейдоскоп» зі Львова,24.10.2026,25.10.2026,,,,
https://www.i-travel.com.ua/?p=46007,Автобусний тур «Голландський калейдоскоп» зі Львова,07.11.2026,08.11.2026,,,,
https://www.i-travel.com.ua/?p=46007,Автобусний тур «Голландський калейдоскоп» зі Львова,14.11.2026,15.11.2026,,,,
https://www.i-travel.com.ua/?p=46007,Автобусний тур «Голландський калейдоскоп» зі Львова,21.11.2026,22.11.2026,,,,
https://www.i-travel.com.ua/?p=46007,Автобусний тур «Голландський калейдоскоп» зі Львова,28.11.2026,29.11.2026,,,,
https://www.i-travel.com.ua/?p=46007,Автобусний тур «Голландський калейдоскоп» зі Львова,5.12.2026,06.12.2026,,,,
https://www.i-travel.com.ua/?p=46007,Автобусний тур «Голландський калейдоскоп» зі Львова,12.12.2026,13.12.2026,,,,
https://www.i-travel.com.ua/?p=46007,Автобусний тур «Голландський калейдоскоп» зі Львова,19.12.2026,20.12.2026,,,,
https://www.i-travel.com.ua/?p=46007,Автобусний тур «Голландський калейдоскоп» зі Львова,29.12.2026,30.12.2026,,,,
https://www.i-travel.com.ua/?p=46007,Автобусний тур «Голландський калейдоскоп» зі Львова,19.3.2026,20.03.2026,,,,
https://www.i-travel.com.ua/?p=46007,Автобусний тур «Голландський калейдоскоп» зі Львова,10.5.2026,11.05.2026,,,,
https://www.i-travel.com.ua/?p=46661,"Столичні пригоди: Будапешт, Відень, Прага + Краків!",1.5.2026,02.05.2026,,,,
https://www.i-travel.com.ua/?p=46661,"Столичні пригоди: Будапешт, Відень, Прага + Краків!",31.10.2026,01.11.2026,,,,
https://www.i-travel.com.ua/?p=46661,"Столичні пригоди: Будапешт, Відень, Прага + Краків!",30.1.2026,31.01.2026,,,,
https://www.i-travel.com.ua/?p=46661,"Столичні пригоди: Будапешт, Відень, Прага + Краків!",28.2.2026,01.03.2026,,,,
https://www.i-travel.com.ua/?p=46661,"Столичні пригоди: Будапешт, Відень, Прага + Краків!",20.3.2026,21.03.2026,,,,
https://www.i-travel.com.ua/?p=46661,"Столичні пригоди: Будапешт, Відень, Прага + Краків!",28.03.2026,29.03.2026,,,,
https://www.i-travel.com.ua/?p=46661,"Столичні пригоди: Будапешт, Відень, Прага + Краків!",22.03.2026,23.03.2026,,,,
https://www.i-travel.com.ua/?p=46661,"Столичні пригоди: Будапешт, Відень, Прага + Краків!",02.05.2026,03.05.2026,,,,
https://www.i-travel.com.ua/?p=46661,"Столичні пригоди: Будапешт, Відень, Прага + Краків!",28.4.2026,29.04.2026,,,,
https://www.i-travel.com.ua/?p=46661,"Столичні пригоди: Будапешт, Відень, Прага + Краків!",22.05.2026,23.05.2026,,,,
https://www.i-travel.com.ua/?p=46661,"Столичні пригоди: Будапешт, Відень, Прага + Краків!",28.05.2026,29.05.2026,,,,
https://www.i-travel.com.ua/?p=46661,"Столичні пригоди: Будапешт, Відень, Прага + Краків!",29.05.2026,30.05.2026,,,,
https://www.i-travel.com.ua/?p=46661,"Столичні пригоди: Будапешт, Відень, Прага + Краків!",04.06.2026,05.06.2026,,,,
https://www.i-travel.com.ua/?p=46661,"Столичні пригоди: Будапешт, Відень, Прага + Краків!",05.06.2026,06.06.2026,,,,
https://www.i-travel.com.ua/?p=46661,"Столичні пригоди: Будапешт, Відень, Прага + Краків!",11.06.2026,12.06.2026,,,,
https://www.i-travel.com.ua/?p=46661,"Столичні пригоди: Будапешт, Відень, Прага + Краків!",12.06.2026,13.06.2026,,,,
https://www.i-travel.com.ua/?p=46661,"Столичні пригоди: Будапешт, Відень, Прага + Краків!",19.06.2026,20.06.2026,,,,
https://www.i-travel.com.ua/?p=46661,"Столичні пригоди: Будапешт, Відень, Прага + Краків!",25.06.2026,26.06.2026,,,,
https://www.i-travel.com.ua/?p=46661,"Столичні пригоди: Будапешт, Відень, Прага + Краків!",26.06.2026,27.06.2026,,,,
https://www.i-travel.com.ua/?p=46661,"Столичні пригоди: Будапешт, Відень, Прага + Краків!",02.07.2026,03.07.2026,,,,
https://www.i-travel.com.ua/?p=46661,"Столичні пригоди: Будапешт, Відень, Прага + Краків!",08.07.2026,09.07.2026,,,,
https://www.i-travel.com.ua/?p=46661,"Столичні пригоди: Будапешт, Відень, Прага + Краків!",17.07.2026,18.07.2026,,,,
https://www.i-travel.com.ua/?p=46661,"Столичні пригоди: Будапешт, Відень, Прага + Краків!",23.07.2026,24.07.2026,,,,
https://www.i-travel.com.ua/?p=46661,"Столичні пригоди: Будапешт, Відень, Прага + Краків!",29.07.2026,30.07.2026,,,,
https://www.i-travel.com.ua/?p=46661,"Столичні пригоди: Будапешт, Відень, Прага + Краків!",07.08.2026,08.08.2026,,,,
https://www.i-travel.com.ua/?p=46661,"Столичні пригоди: Будапешт, Відень, Прага + Краків!",13.08.2026,14.08.2026,,,,
https://www.i-travel.com.ua/?p=46661,"Столичні пригоди: Будапешт, Відень, Прага + Краків!",19.08.2026,20.08.2026,,,,
https://www.i-travel.com.ua/?p=46661,"Столичні пригоди: Будапешт, Відень, Прага + Краків!",27.08.2026,28.08.2026,,,,
https://www.i-travel.com.ua/?p=46661,"Столичні пригоди: Будапешт, Відень, Прага + Краків!",28.08.2026,29.08.2026,,,,
https://www.i-travel.com.ua/?p=46661,"Столичні пригоди: Будапешт, Відень, Прага + Краків!",02.09.2026,03.09.2026,,,,
https://www.i-travel.com.ua/?p=46661,"Столичні пригоди: Будапешт, Відень, Прага + Краків!",10.09.2026,11.09.2026,,,,
https://www.i-travel.com.ua/?p=46661,"Столичні пригоди: Будапешт, Відень, Прага + Краків!",17.09.2026,18.09.2026,,,,
https://www.i-travel.com.ua/?p=46661,"Столичні пригоди: Будапешт, Відень, Прага + Краків!",23.09.2026,24.09.2026,,,,
https://www.i-travel.com.ua/?p=46661,"Столичні пригоди: Будапешт, Відень, Прага + Краків!",25.09.2026,26.09.2026,,,,
https://www.i-travel.com.ua/?p=46661,"Столичні пригоди: Будапешт, Відень, Прага + Краків!",02.10.2026,03.10.2026,,,,
https://www.i-travel.com.ua/?p=46661,"Столичні пригоди: Будапешт, Відень, Прага + Краків!",08.10.2026,09.10.2026,,,,
https://www.i-travel.com.ua/?p=46661,"Столичні пригоди: Будапешт, Відень, Прага + Краків!",16.10.2026,17.10.2026,,,,
https://www.i-travel.com.ua/?p=46661,"Столичні пригоди: Будапешт, Відень, Прага + Краків!",22.10.2026,23.10.2026,,,,
https://www.i-travel.com.ua/?p=46661,"Столичні пригоди: Будапешт, Відень, Прага + Краків!",28.10.2026,29.10.2026,,,,
https://www.i-travel.com.ua/?p=46661,"Столичні пригоди: Будапешт, Відень, Прага + Краків!",30.10.2026,31.10.2026,,,,
https://www.i-travel.com.ua/?p=46661,"Столичні пригоди: Будапешт, Відень, Прага + Краків!",04.11.2026,05.11.2026,,,,
https://www.i-travel.com.ua/?p=46661,"Столичні пригоди: Будапешт, Відень, Прага + Краків!",12.11.2026,13.11.2026,,,,
https://www.i-travel.com.ua/?p=46661,"Столичні пригоди: Будапешт, Відень, Прага + Краків!",18.11.2026,19.11.2026,,,,
https://www.i-travel.com.ua/?p=46661,"Столичні пригоди: Будапешт, Відень, Прага + Краків!",24.11.2026,25.11.2026,,,,
https://www.i-travel.com.ua/?p=46661,"Столичні пригоди: Будапешт, Відень, Прага + Краків!",2.1.2026,03.01.2026,,,,
https://www.i-travel.com.ua/?p=10078,Автобусний тур «Словацька мелодія з Віденським шармом!»,1.5.2026,02.05.2026,,,,
https://www.i-travel.com.ua/?p=10078,Автобусний тур «Словацька мелодія з Віденським шармом!»,31.10.2026,01.11.2026,,,,
https://www.i-travel.com.ua/?p=10078,Автобусний тур «Словацька мелодія з Віденським шармом!»,30.01.2026,31.01.2026,,,,
https://www.i-travel.com.ua/?p=10078,Автобусний тур «Словацька мелодія з Віденським шармом!»,28.2.2026,01.03.2026,,,,
https://www.i-travel.com.ua/?p=10078,Автобусний тур «Словацька мелодія з Віденським шармом!»,20.3.2026,21.03.2026,,,,
https://www.i-travel.com.ua/?p=10078,Автобусний тур «Словацька мелодія з Віденським шармом!»,28.3.2026,29.03.2026,,,,
https://www.i-travel.com.ua/?p=10078,Автобусний тур «Словацька мелодія з Віденським шармом!»,22.03.2026,23.03.2026,,,,
https://www.i-travel.com.ua/?p=10078,Автобусний тур «Словацька мелодія з Віденським шармом!»,02.05.2026,03.05.2026,,,,
https://www.i-travel.com.ua/?p=10078,Автобусний тур «Словацька мелодія з Віденським шармом!»,28.4.2026,29.04.2026,,,,
https://www.i-travel.com.ua/?p=10078,Автобусний тур «Словацька мелодія з Віденським шармом!»,22.05.2026,23.05.2026,,,,
https://www.i-travel.com.ua/?p=10078,Автобусний тур «Словацька мелодія з Віденським шармом!»,27.05.2026,28.05.2026,,,,
https://www.i-travel.com.ua/?p=10078,Автобусний тур «Словацька мелодія з Віденським шармом!»,29.05.2026,30.05.2026,,,,
https://www.i-travel.com.ua/?p=10078,Автобусний тур «Словацька мелодія з Віденським шармом!»,04.06.2026,05.06.2026,,,,
https://www.i-travel.com.ua/?p=10078,Автобусний тур «Словацька мелодія з Віденським шармом!»,11.06.2026,12.06.2026,,,,
https://www.i-travel.com.ua/?p=10078,Автобусний тур «Словацька мелодія з Віденським шармом!»,19.06.2026,20.06.2026,,,,
https://www.i-travel.com.ua/?p=10078,Автобусний тур «Словацька мелодія з Віденським шармом!»,26.06.2026,27.06.2026,,,,
https://www.i-travel.com.ua/?p=10078,Автобусний тур «Словацька мелодія з Віденським шармом!»,03.07.2026,04.07.2026,,,,
https://www.i-travel.com.ua/?p=10078,Автобусний тур «Словацька мелодія з Віденським шармом!»,10.07.2026,11.07.2026,,,,
https://www.i-travel.com.ua/?p=10078,Автобусний тур «Словацька мелодія з Віденським шармом!»,16.07.2026,17.07.2026,,,,
https://www.i-travel.com.ua/?p=10078,Автобусний тур «Словацька мелодія з Віденським шармом!»,23.07.2026,24.07.2026,,,,
https://www.i-travel.com.ua/?p=10078,Автобусний тур «Словацька мелодія з Віденським шармом!»,31.07.2026,01.08.2026,,,,
https://www.i-travel.com.ua/?p=10078,Автобусний тур «Словацька мелодія з Віденським шармом!»,06.08.2026,07.08.2026,,,,
https://www.i-travel.com.ua/?p=10078,Автобусний тур «Словацька мелодія з Віденським шармом!»,13.08.2026,14.08.2026,,,,
https://www.i-travel.com.ua/?p=10078,Автобусний тур «Словацька мелодія з Віденським шармом!»,21.08.2026,22.08.2026,,,,
https://www.i-travel.com.ua/?p=10078,Автобусний тур «Словацька мелодія з Віденським шармом!»,28.08.2026,29.08.2026,,,,
https://www.i-travel.com.ua/?p=10078,Автобусний тур «Словацька мелодія з Віденським шармом!»,03.09.2026,04.09.2026,,,,
https://www.i-travel.com.ua/?p=10078,Автобусний тур «Словацька мелодія з Віденським шармом!»,04.09.2026,05.09.2026,,,,
https://www.i-travel.com.ua/?p=10078,Автобусний тур «Словацька мелодія з Віденським шармом!»,11.09.2026,12.09.2026,,,,
https://www.i-travel.com.ua/?p=10078,Автобусний тур «Словацька мелодія з Віденським шармом!»,17.09.2026,18.09.2026,,,,
https://www.i-travel.com.ua/?p=10078,Автобусний тур «Словацька мелодія з Віденським шармом!»,18.09.2026,19.09.2026,,,,
https://www.i-travel.com.ua/?p=10078,Автобусний тур «Словацька мелодія з Віденським шармом!»,24.09.2026,25.09.2026,,,,
https://www.i-travel.com.ua/?p=10078,Автобусний тур «Словацька мелодія з Віденським шармом!»,25.09.2026,26.09.2026,,,,
https://www.i-travel.com.ua/?p=10078,Автобусний тур «Словацька мелодія з Віденським шармом!»,02.10.2026,03.10.2026,,,,
https://www.i-travel.com.ua/?p=10078,Автобусний тур «Словацька мелодія з Віденським шармом!»,08.10.2026,09.10.2026,,,,
https://www.i-travel.com.ua/?p=10078,Автобусний тур «Словацька мелодія з Віденським шармом!»,16.10.2026,17.10.2026,,,,
https://www.i-travel.com.ua/?p=10078,Автобусний тур «Словацька мелодія з Віденським шармом!»,23.10.2026,24.10.2026,,,,
https://www.i-travel.com.ua/?p=10078,Автобусний тур «Словацька мелодія з Віденським шармом!»,06.11.2026,07.11.2026,,,,
https://www.i-travel.com.ua/?p=10078,Автобусний тур «Словацька мелодія з Віденським шармом!»,13.11.2026,14.11.2026,,,,
https://www.i-travel.com.ua/?p=10078,Автобусний тур «Словацька мелодія з Віденським шармом!»,19.11.2026,20.11.2026,,,,
https://www.i-travel.com.ua/?p=10078,Автобусний тур «Словацька мелодія з Віденським шармом!»,27.11.2026,28.11.2026,,,,
https://www.i-travel.com.ua/?p=10078,Автобусний тур «Словацька мелодія з Віденським шармом!»,04.12.2026,05.12.2026,,,,
https://www.i-travel.com.ua/?p=10078,Автобусний тур «Словацька мелодія з Віденським шармом!»,11.12.2026,12.12.2026,,,,
https://www.i-travel.com.ua/?p=10078,Автобусний тур «Словацька мелодія з Віденським шармом!»,18.12.2026,19.12.2026,,,,
https://www.i-travel.com.ua/?p=10078,Автобусний тур «Словацька мелодія з Віденським шармом!»,24.12.2026,25.12.2026,,,,
https://www.i-travel.com.ua/?p=10078,Автобусний тур «Словацька мелодія з Віденським шармом!»,25.12.2026,26.12.2026,,,,
https://www.i-travel.com.ua/?p=10078,Автобусний тур «Словацька мелодія з Віденським шармом!»,31.12.2026,01.01.2027,,,,
https://www.i-travel.com.ua/avtobusna-podorozh-kurazh-stolytsyamy-zi-lvova/,Автобусна подорож “Кураж столицями” зі Львова,1.5.2026,02.05.2026,,,,
https://www.i-travel.com.ua/avtobusna-podorozh-kurazh-stolytsyamy-zi-lvova/,Автобусна подорож “Кураж столицями” зі Львова,31.10.2026,01.11.2026,,,,
https://www.i-travel.com.ua/avtobusna-podorozh-kurazh-stolytsyamy-zi-lvova/,Автобусна подорож “Кураж столицями” зі Львова,30.1.2026,31.01.2026,,,,
https://www.i-travel.com.ua/avtobusna-podorozh-kurazh-stolytsyamy-zi-lvova/,Автобусна подорож “Кураж столицями” зі Львова,28.2.2026,01.03.2026,,,,
https://www.i-travel.com.ua/avtobusna-podorozh-kurazh-stolytsyamy-zi-lvova/,Автобусна подорож “Кураж столицями” зі Львова,20.3.2026,21.03.2026,,,,
https://www.i-travel.com.ua/avtobusna-podorozh-kurazh-stolytsyamy-zi-lvova/,Автобусна подорож “Кураж столицями” зі Львова,28.3.2026,29.03.2026,,,,
https://www.i-travel.com.ua/avtobusna-podorozh-kurazh-stolytsyamy-zi-lvova/,Автобусна подорож “Кураж столицями” зі Львова,22.3.2026,23.03.2026,,,,
https://www.i-travel.com.ua/avtobusna-podorozh-kurazh-stolytsyamy-zi-lvova/,Автобусна подорож “Кураж столицями” зі Львова,02.05.2026,03.05.2026,,,,
https://www.i-travel.com.ua/avtobusna-podorozh-kurazh-stolytsyamy-zi-lvova/,Автобусна подорож “Кураж столицями” зі Львова,28.4.2026,29.04.2026,,,,
https://www.i-travel.com.ua/avtobusna-podorozh-kurazh-stolytsyamy-zi-lvova/,Автобусна подорож “Кураж столицями” зі Львова,21.05.2026,22.05.2026,,,,
https://www.i-travel.com.ua/avtobusna-podorozh-kurazh-stolytsyamy-zi-lvova/,Автобусна подорож “Кураж столицями” зі Львова,22.05.2026,23.05.2026,,,,
https://www.i-travel.com.ua/avtobusna-podorozh-kurazh-stolytsyamy-zi-lvova/,Автобусна подорож “Кураж столицями” зі Львова,29.05.2026,30.05.2026,,,,
https://www.i-travel.com.ua/avtobusna-podorozh-kurazh-stolytsyamy-zi-lvova/,Автобусна подорож “Кураж столицями” зі Львова,04.06.2026,05.06.2026,,,,
https://www.i-travel.com.ua/avtobusna-podorozh-kurazh-stolytsyamy-zi-lvova/,Автобусна подорож “Кураж столицями” зі Львова,05.06.2026,06.06.2026,,,,
https://www.i-travel.com.ua/avtobusna-podorozh-kurazh-stolytsyamy-zi-lvova/,Автобусна подорож “Кураж столицями” зі Львова,12.06.2026,13.06.2026,,,,
https://www.i-travel.com.ua/avtobusna-podorozh-kurazh-stolytsyamy-zi-lvova/,Автобусна подорож “Кураж столицями” зі Львова,18.06.2026,19.06.2026,,,,
https://www.i-travel.com.ua/avtobusna-podorozh-kurazh-stolytsyamy-zi-lvova/,Автобусна подорож “Кураж столицями” зі Львова,19.06.2026,20.06.2026,,,,
https://www.i-travel.com.ua/avtobusna-podorozh-kurazh-stolytsyamy-zi-lvova/,Автобусна подорож “Кураж столицями” зі Львова,26.06.2026,27.06.2026,,,,
https://www.i-travel.com.ua/avtobusna-podorozh-kurazh-stolytsyamy-zi-lvova/,Автобусна подорож “Кураж столицями” зі Львова,02.07.2026,03.07.2026,,,,
https://www.i-travel.com.ua/avtobusna-podorozh-kurazh-stolytsyamy-zi-lvova/,Автобусна подорож “Кураж столицями” зі Львова,03.07.2026,04.07.2026,,,,
https://www.i-travel.com.ua/avtobusna-podorozh-kurazh-stolytsyamy-zi-lvova/,Автобусна подорож “Кураж столицями” зі Львова,10.07.2026,11.07.2026,,,,
https://www.i-travel.com.ua/avtobusna-podorozh-kurazh-stolytsyamy-zi-lvova/,Автобусна подорож “Кураж столицями” зі Львова,17.07.2026,18.07.2026,,,,
https://www.i-travel.com.ua/avtobusna-podorozh-kurazh-stolytsyamy-zi-lvova/,Автобусна подорож “Кураж столицями” зі Львова,24.07.2026,25.07.2026,,,,
https://www.i-travel.com.ua/avtobusna-podorozh-kurazh-stolytsyamy-zi-lvova/,Автобусна подорож “Кураж столицями” зі Львова,06.08.2026,07.08.2026,,,,
https://www.i-travel.com.ua/avtobusna-podorozh-kurazh-stolytsyamy-zi-lvova/,Автобусна подорож “Кураж столицями” зі Львова,07.08.2026,08.08.2026,,,,
https://www.i-travel.com.ua/avtobusna-podorozh-kurazh-stolytsyamy-zi-lvova/,Автобусна подорож “Кураж столицями” зі Львова,14.08.2026,15.08.2026,,,,
https://www.i-travel.com.ua/avtobusna-podorozh-kurazh-stolytsyamy-zi-lvova/,Автобусна подорож “Кураж столицями” зі Львова,20.08.2026,21.08.2026,,,,
https://www.i-travel.com.ua/avtobusna-podorozh-kurazh-stolytsyamy-zi-lvova/,Автобусна подорож “Кураж столицями” зі Львова,21.08.2026,22.08.2026,,,,
https://www.i-travel.com.ua/avtobusna-podorozh-kurazh-stolytsyamy-zi-lvova/,Автобусна подорож “Кураж столицями” зі Львова,28.08.2026,29.08.2026,,,,
https://www.i-travel.com.ua/avtobusna-podorozh-kurazh-stolytsyamy-zi-lvova/,Автобусна подорож “Кураж столицями” зі Львова,03.09.2026,04.09.2026,,,,
https://www.i-travel.com.ua/avtobusna-podorozh-kurazh-stolytsyamy-zi-lvova/,Автобусна подорож “Кураж столицями” зі Львова,04.09.2026,05.09.2026,,,,
https://www.i-travel.com.ua/avtobusna-podorozh-kurazh-stolytsyamy-zi-lvova/,Автобусна подорож “Кураж столицями” зі Львова,11.09.2026,12.09.2026,,,,
https://www.i-travel.com.ua/avtobusna-podorozh-kurazh-stolytsyamy-zi-lvova/,Автобусна подорож “Кураж столицями” зі Львова,18.09.2026,19.09.2026,,,,
https://www.i-travel.com.ua/avtobusna-podorozh-kurazh-stolytsyamy-zi-lvova/,Автобусна подорож “Кураж столицями” зі Львова,25.09.2026,26.09.2026,,,,
https://www.i-travel.com.ua/avtobusna-podorozh-kurazh-stolytsyamy-zi-lvova/,Автобусна подорож “Кураж столицями” зі Львова,01.10.2026,02.10.2026,,,,
https://www.i-travel.com.ua/avtobusna-podorozh-kurazh-stolytsyamy-zi-lvova/,Автобусна подорож “Кураж столицями” зі Львова,02.10.2026,03.10.2026,,,,
https://www.i-travel.com.ua/avtobusna-podorozh-kurazh-stolytsyamy-zi-lvova/,Автобусна подорож “Кураж столицями” зі Львова,09.10.2026,10.10.2026,,,,
https://www.i-travel.com.ua/avtobusna-podorozh-kurazh-stolytsyamy-zi-lvova/,Автобусна подорож “Кураж столицями” зі Львова,16.10.2026,17.10.2026,,,,
https://www.i-travel.com.ua/avtobusna-podorozh-kurazh-stolytsyamy-zi-lvova/,Автобусна подорож “Кураж столицями” зі Львова,22.10.2026,23.10.2026,,,,
https://www.i-travel.com.ua/avtobusna-podorozh-kurazh-stolytsyamy-zi-lvova/,Автобусна подорож “Кураж столицями” зі Львова,23.10.2026,24.10.2026,,,,
https://www.i-travel.com.ua/avtobusna-podorozh-kurazh-stolytsyamy-zi-lvova/,Автобусна подорож “Кураж столицями” зі Львова,30.10.2026,31.10.2026,,,,
https://www.i-travel.com.ua/avtobusna-podorozh-kurazh-stolytsyamy-zi-lvova/,Автобусна подорож “Кураж столицями” зі Львова,05.11.2026,06.11.2026,,,,
https://www.i-travel.com.ua/avtobusna-podorozh-kurazh-stolytsyamy-zi-lvova/,Автобусна подорож “Кураж столицями” зі Львова,06.11.2026,07.11.2026,,,,
https://www.i-travel.com.ua/avtobusna-podorozh-kurazh-stolytsyamy-zi-lvova/,Автобусна подорож “Кураж столицями” зі Львова,13.11.2026,14.11.2026,,,,
https://www.i-travel.com.ua/avtobusna-podorozh-kurazh-stolytsyamy-zi-lvova/,Автобусна подорож “Кураж столицями” зі Львова,19.11.2026,20.11.2026,,,,
https://www.i-travel.com.ua/avtobusna-podorozh-kurazh-stolytsyamy-zi-lvova/,Автобусна подорож “Кураж столицями” зі Львова,20.11.2026,21.11.2026,,,,
https://www.i-travel.com.ua/avtobusna-podorozh-kurazh-stolytsyamy-zi-lvova/,Автобусна подорож “Кураж столицями” зі Львова,3.12.2026,04.12.2026,,,,
https://www.i-travel.com.ua/avtobusna-podorozh-kurazh-stolytsyamy-zi-lvova/,Автобусна подорож “Кураж столицями” зі Львова,4.12.2026,05.12.2026,,,,
https://www.i-travel.com.ua/avtobusna-podorozh-kurazh-stolytsyamy-zi-lvova/,Автобусна подорож “Кураж столицями” зі Львова,11.12.2026,12.12.2026,,,,
https://www.i-travel.com.ua/avtobusna-podorozh-kurazh-stolytsyamy-zi-lvova/,Автобусна подорож “Кураж столицями” зі Львова,17.12.2026,18.12.2026,,,,
https://www.i-travel.com.ua/avtobusna-podorozh-kurazh-stolytsyamy-zi-lvova/,Автобусна подорож “Кураж столицями” зі Львова,18.12.2026,19.12.2026,,,,
https://www.i-travel.com.ua/avtobusna-podorozh-kurazh-stolytsyamy-zi-lvova/,Автобусна подорож “Кураж столицями” зі Львова,25.12.2026,26.12.2026,,,,
https://www.i-travel.com.ua/?p=44883,Автобусний тур «Угорський танок: Будапешт і Відень» зі Львова,1.5.2026,02.05.2026,,,,
https://www.i-travel.com.ua/?p=44883,Автобусний тур «Угорський танок: Будапешт і Відень» зі Львова,31.10.2026,01.11.2026,,,,
https://www.i-travel.com.ua/?p=44883,Автобусний тур «Угорський танок: Будапешт і Відень» зі Львова,30.01.2026,31.01.2026,,,,
https://www.i-travel.com.ua/?p=44883,Автобусний тур «Угорський танок: Будапешт і Відень» зі Львова,28.02.2026,01.03.2026,,,,
https://www.i-travel.com.ua/?p=44883,Автобусний тур «Угорський танок: Будапешт і Відень» зі Львова,20.3.2026,21.03.2026,,,,
https://www.i-travel.com.ua/?p=44883,Автобусний тур «Угорський танок: Будапешт і Відень» зі Львова,28.3.2026,29.03.2026,,,,
https://www.i-travel.com.ua/?p=44883,Автобусний тур «Угорський танок: Будапешт і Відень» зі Львова,22.3.2026,23.03.2026,,,,
https://www.i-travel.com.ua/?p=44883,Автобусний тур «Угорський танок: Будапешт і Відень» зі Львова,2.5.2026,03.05.2026,,,,
https://www.i-travel.com.ua/?p=44883,Автобусний тур «Угорський танок: Будапешт і Відень» зі Львова,28.04.2026,29.04.2026,,,,
https://www.i-travel.com.ua/?p=44883,Автобусний тур «Угорський танок: Будапешт і Відень» зі Львова,21.5.2026,22.05.2026,,,,
https://www.i-travel.com.ua/?p=44883,Автобусний тур «Угорський танок: Будапешт і Відень» зі Львова,29.05.2026,30.05.2026,,,,
https://www.i-travel.com.ua/?p=44883,Автобусний тур «Угорський танок: Будапешт і Відень» зі Львова,05.06.2026,06.06.2026,,,,
https://www.i-travel.com.ua/?p=44883,Автобусний тур «Угорський танок: Будапешт і Відень» зі Львова,11.06.2026,12.06.2026,,,,
https://www.i-travel.com.ua/?p=44883,Автобусний тур «Угорський танок: Будапешт і Відень» зі Львова,19.06.2026,20.06.2026,,,,
https://www.i-travel.com.ua/?p=44883,Автобусний тур «Угорський танок: Будапешт і Відень» зі Львова,25.06.2026,26.06.2026,,,,
https://www.i-travel.com.ua/?p=44883,Автобусний тур «Угорський танок: Будапешт і Відень» зі Львова,30.06.2026,01.07.2026,,,,
https://www.i-travel.com.ua/?p=44883,Автобусний тур «Угорський танок: Будапешт і Відень» зі Львова,02.07.2026,03.07.2026,,,,
https://www.i-travel.com.ua/?p=44883,Автобусний тур «Угорський танок: Будапешт і Відень» зі Львова,10.07.2026,11.07.2026,,,,
https://www.i-travel.com.ua/?p=44883,Автобусний тур «Угорський танок: Будапешт і Відень» зі Львова,16.07.2026,17.07.2026,,,,
https://www.i-travel.com.ua/?p=44883,Автобусний тур «Угорський танок: Будапешт і Відень» зі Львова,24.07.2026,25.07.2026,,,,
https://www.i-travel.com.ua/?p=44883,Автобусний тур «Угорський танок: Будапешт і Відень» зі Львова,30.07.2026,31.07.2026,,,,
https://www.i-travel.com.ua/?p=44883,Автобусний тур «Угорський танок: Будапешт і Відень» зі Львова,07.08.2026,08.08.2026,,,,
https://www.i-travel.com.ua/?p=44883,Автобусний тур «Угорський танок: Будапешт і Відень» зі Львова,13.08.2026,14.08.2026,,,,
https://www.i-travel.com.ua/?p=44883,Автобусний тур «Угорський танок: Будапешт і Відень» зі Львова,21.08.2026,22.08.2026,,,,
https://www.i-travel.com.ua/?p=44883,Автобусний тур «Угорський танок: Будапешт і Відень» зі Львова,27.08.2026,28.08.2026,,,,
https://www.i-travel.com.ua/?p=44883,Автобусний тур «Угорський танок: Будапешт і Відень» зі Львова,04.09.2026,05.09.2026,,,,
https://www.i-travel.com.ua/?p=44883,Автобусний тур «Угорський танок: Будапешт і Відень» зі Львова,10.09.2026,11.09.2026,,,,
https://www.i-travel.com.ua/?p=44883,Автобусний тур «Угорський танок: Будапешт і Відень» зі Львова,18.09.2026,19.09.2026,,,,
https://www.i-travel.com.ua/?p=44883,Автобусний тур «Угорський танок: Будапешт і Відень» зі Львова,24.09.2026,25.09.2026,,,,
https://www.i-travel.com.ua/?p=44883,Автобусний тур «Угорський танок: Будапешт і Відень» зі Львова,30.09.2026,01.10.2026,,,,
https://www.i-travel.com.ua/?p=44883,Автобусний тур «Угорський танок: Будапешт і Відень» зі Львова,02.10.2026,03.10.2026,,,,
https://www.i-travel.com.ua/?p=44883,Автобусний тур «Угорський танок: Будапешт і Відень» зі Львова,08.10.2026,09.10.2026,,,,
https://www.i-travel.com.ua/?p=44883,Автобусний тур «Угорський танок: Будапешт і Відень» зі Львова,16.10.2026,17.10.2026,,,,
https://www.i-travel.com.ua/?p=44883,Автобусний тур «Угорський танок: Будапешт і Відень» зі Львова,22.10.2026,23.10.2026,,,,
https://www.i-travel.com.ua/?p=44883,Автобусний тур «Угорський танок: Будапешт і Відень» зі Львова,30.10.2026,31.10.2026,,,,
https://www.i-travel.com.ua/?p=44883,Автобусний тур «Угорський танок: Будапешт і Відень» зі Львова,06.11.2026,07.11.2026,,,,
https://www.i-travel.com.ua/?p=44883,Автобусний тур «Угорський танок: Будапешт і Відень» зі Львова,12.11.2026,13.11.2026,,,,
https://www.i-travel.com.ua/?p=44883,Автобусний тур «Угорський танок: Будапешт і Відень» зі Львова,20.11.2026,21.11.2026,,,,
https://www.i-travel.com.ua/?p=44883,Автобусний тур «Угорський танок: Будапешт і Відень» зі Львова,26.11.2026,27.11.2026,,,,
https://www.i-travel.com.ua/?p=44883,Автобусний тур «Угорський танок: Будапешт і Відень» зі Львова,04.12.2026,05.12.2026,,,,
https://www.i-travel.com.ua/?p=44883,Автобусний тур «Угорський танок: Будапешт і Відень» зі Львова,10.12.2026,11.12.2026,,,,
https://www.i-travel.com.ua/?p=44883,Автобусний тур «Угорський танок: Будапешт і Відень» зі Львова,18.12.2026,19.12.2026,,,,
https://www.i-travel.com.ua/?p=44883,Автобусний тур «Угорський танок: Будапешт і Відень» зі Львова,24.12.2026,25.12.2026,,,,
https://www.i-travel.com.ua/?p=44883,Автобусний тур «Угорський танок: Будапешт і Відень» зі Львова,30.12.2026,31.12.2026,,,,
https://www.i-travel.com.ua/?p=17126,"Автобусний тур «Європейська розкіш – Ніцца, Монако, Портофіно…» зі Львова",01.05.2026,02.05.2026,,,,
https://www.i-travel.com.ua/?p=17126,"Автобусний тур «Європейська розкіш – Ніцца, Монако, Портофіно…» зі Львова",31.10.2026,01.11.2026,,,,
https://www.i-travel.com.ua/?p=17126,"Автобусний тур «Європейська розкіш – Ніцца, Монако, Портофіно…» зі Львова",30.1.2026,31.01.2026,,,,
https://www.i-travel.com.ua/?p=17126,"Автобусний тур «Європейська розкіш – Ніцца, Монако, Портофіно…» зі Львова",28.2.2026,01.03.2026,,,,
https://www.i-travel.com.ua/?p=17126,"Автобусний тур «Європейська розкіш – Ніцца, Монако, Портофіно…» зі Львова",20.03.2026,21.03.2026,,,,
https://www.i-travel.com.ua/?p=17126,"Автобусний тур «Європейська розкіш – Ніцца, Монако, Портофіно…» зі Львова",28.3.2026,29.03.2026,,,,
https://www.i-travel.com.ua/?p=17126,"Автобусний тур «Європейська розкіш – Ніцца, Монако, Портофіно…» зі Львова",22.3.2026,23.03.2026,,,,
https://www.i-travel.com.ua/?p=17126,"Автобусний тур «Європейська розкіш – Ніцца, Монако, Портофіно…» зі Львова",2.5.2026,03.05.2026,,,,
https://www.i-travel.com.ua/?p=17126,"Автобусний тур «Європейська розкіш – Ніцца, Монако, Портофіно…» зі Львова",28.4.2026,29.04.2026,,,,
https://www.i-travel.com.ua/?p=17126,"Автобусний тур «Європейська розкіш – Ніцца, Монако, Портофіно…» зі Львова",24.05.2026,25.05.2026,,,,
https://www.i-travel.com.ua/?p=17126,"Автобусний тур «Європейська розкіш – Ніцца, Монако, Портофіно…» зі Львова",31.5.2026,01.06.2026,,,,
https://www.i-travel.com.ua/?p=17126,"Автобусний тур «Європейська розкіш – Ніцца, Монако, Портофіно…» зі Львова",07.06.2026,08.06.2026,,,,
https://www.i-travel.com.ua/?p=17126,"Автобусний тур «Європейська розкіш – Ніцца, Монако, Портофіно…» зі Львова",14.06.2026,15.06.2026,,,,
https://www.i-travel.com.ua/?p=17126,"Автобусний тур «Європейська розкіш – Ніцца, Монако, Портофіно…» зі Львова",21.06.2026,22.06.2026,,,,
https://www.i-travel.com.ua/?p=17126,"Автобусний тур «Європейська розкіш – Ніцца, Монако, Портофіно…» зі Львова",28.06.2026,29.06.2026,,,,
https://www.i-travel.com.ua/?p=17126,"Автобусний тур «Європейська розкіш – Ніцца, Монако, Портофіно…» зі Львова",05.07.2026,06.07.2026,,,,
https://www.i-travel.com.ua/?p=17126,"Автобусний тур «Європейська розкіш – Ніцца, Монако, Портофіно…» зі Львова",12.07.2026,13.07.2026,,,,
https://www.i-travel.com.ua/?p=17126,"Автобусний тур «Європейська розкіш – Ніцца, Монако, Портофіно…» зі Львова",19.07.2026,20.07.2026,,,,
https://www.i-travel.com.ua/?p=17126,"Автобусний тур «Європейська розкіш – Ніцца, Монако, Портофіно…» зі Львова",26.07.2026,27.07.2026,,,,
https://www.i-travel.com.ua/?p=17126,"Автобусний тур «Європейська розкіш – Ніцца, Монако, Портофіно…» зі Львова",02.08.2026,03.08.2026,,,,
https://www.i-travel.com.ua/?p=17126,"Автобусний тур «Європейська розкіш – Ніцца, Монако, Портофіно…» зі Львова",09.08.2026,10.08.2026,,,,
https://www.i-travel.com.ua/?p=17126,"Автобусний тур «Європейська розкіш – Ніцца, Монако, Портофіно…» зі Львова",16.08.2026,17.08.2026,,,,
https://www.i-travel.com.ua/?p=17126,"Автобусний тур «Європейська розкіш – Ніцца, Монако, Портофіно…» зі Львова",23.08.2026,24.08.2026,,,,
https://www.i-travel.com.ua/?p=17126,"Автобусний тур «Європейська розкіш – Ніцца, Монако, Портофіно…» зі Львова",30.08.2026,31.08.2026,,,,
https://www.i-travel.com.ua/?p=17126,"Автобусний тур «Європейська розкіш – Ніцца, Монако, Портофіно…» зі Львова",06.09.2026,07.09.2026,,,,
https://www.i-travel.com.ua/?p=17126,"Автобусний тур «Європейська розкіш – Ніцца, Монако, Портофіно…» зі Львова",13.09.2026,14.09.2026,,,,
https://www.i-travel.com.ua/?p=17126,"Автобусний тур «Європейська розкіш – Ніцца, Монако, Портофіно…» зі Львова",20.09.2026,21.09.2026,,,,
https://www.i-travel.com.ua/?p=17126,"Автобусний тур «Європейська розкіш – Ніцца, Монако, Портофіно…» зі Львова",27.09.2026,28.09.2026,,,,
https://www.i-travel.com.ua/?p=17126,"Автобусний тур «Європейська розкіш – Ніцца, Монако, Портофіно…» зі Львова",04.10.2026,05.10.2026,,,,
https://www.i-travel.com.ua/?p=17126,"Автобусний тур «Європейська розкіш – Ніцца, Монако, Портофіно…» зі Львова",11.10.2026,12.10.2026,,,,
https://www.i-travel.com.ua/?p=17126,"Автобусний тур «Європейська розкіш – Ніцца, Монако, Портофіно…» зі Львова",18.10.2026,19.10.2026,,,,
https://www.i-travel.com.ua/?p=17126,"Автобусний тур «Європейська розкіш – Ніцца, Монако, Портофіно…» зі Львова",25.10.2026,26.10.2026,,,,
https://www.i-travel.com.ua/?p=17126,"Автобусний тур «Європейська розкіш – Ніцца, Монако, Портофіно…» зі Львова",27.10.2026,28.10.2026,,,,
https://www.i-travel.com.ua/?p=17126,"Автобусний тур «Європейська розкіш – Ніцца, Монако, Портофіно…» зі Львова",01.11.2026,02.11.2026,,,,
https://www.i-travel.com.ua/?p=17126,"Автобусний тур «Європейська розкіш – Ніцца, Монако, Портофіно…» зі Львова",08.11.2026,09.11.2026,,,,
https://www.i-travel.com.ua/?p=17126,"Автобусний тур «Європейська розкіш – Ніцца, Монако, Портофіно…» зі Львова",15.11.2026,16.11.2026,,,,
https://www.i-travel.com.ua/?p=17126,"Автобусний тур «Європейська розкіш – Ніцца, Монако, Портофіно…» зі Львова",22.11.2026,23.11.2026,,,,
https://www.i-travel.com.ua/?p=17126,"Автобусний тур «Європейська розкіш – Ніцца, Монако, Портофіно…» зі Львова",29.11.2026,30.11.2026,,,,
https://www.i-travel.com.ua/?p=17126,"Автобусний тур «Європейська розкіш – Ніцца, Монако, Портофіно…» зі Львова",05.04.2025,06.04.2025,,,,
https://www.i-travel.com.ua/?p=17126,"Автобусний тур «Європейська розкіш – Ніцца, Монако, Портофіно…» зі Львова",12.3.2026,13.03.2026,,,,
https://www.i-travel.com.ua/?p=21694,Автобусний тур «Лазурний МЕГАтур» зі Львова,1.5.2026,02.05.2026,,,,
https://www.i-travel.com.ua/?p=21694,Автобусний тур «Лазурний МЕГАтур» зі Львова,31.10.2026,01.11.2026,,,,
https://www.i-travel.com.ua/?p=21694,Автобусний тур «Лазурний МЕГАтур» зі Львова,30.1.2026,31.01.2026,,,,
https://www.i-travel.com.ua/?p=21694,Автобусний тур «Лазурний МЕГАтур» зі Львова,28.02.2026,01.03.2026,,,,
https://www.i-travel.com.ua/?p=21694,Автобусний тур «Лазурний МЕГАтур» зі Львова,20.03.2026,21.03.2026,,,,
https://www.i-travel.com.ua/?p=21694,Автобусний тур «Лазурний МЕГАтур» зі Львова,28.3.2026,29.03.2026,,,,
https://www.i-travel.com.ua/?p=21694,Автобусний тур «Лазурний МЕГАтур» зі Львова,22.3.2026,23.03.2026,,,,
https://www.i-travel.com.ua/?p=21694,Автобусний тур «Лазурний МЕГАтур» зі Львова,2.5.2026,03.05.2026,,,,
https://www.i-travel.com.ua/?p=21694,Автобусний тур «Лазурний МЕГАтур» зі Львова,28.04.2026,29.04.2026,,,,
https://www.i-travel.com.ua/?p=21694,Автобусний тур «Лазурний МЕГАтур» зі Львова,23.05.2026,24.05.2026,,,,
https://www.i-travel.com.ua/?p=21694,Автобусний тур «Лазурний МЕГАтур» зі Львова,30.05.2026,31.05.2026,,,,
https://www.i-travel.com.ua/?p=21694,Автобусний тур «Лазурний МЕГАтур» зі Львова,6.6.2026,07.06.2026,,,,
https://www.i-travel.com.ua/?p=21694,Автобусний тур «Лазурний МЕГАтур» зі Львова,13.06.2026,14.06.2026,,,,
https://www.i-travel.com.ua/?p=21694,Автобусний тур «Лазурний МЕГАтур» зі Львова,20.06.2026,21.06.2026,,,,
https://www.i-travel.com.ua/?p=21694,Автобусний тур «Лазурний МЕГАтур» зі Львова,27.06.2026,28.06.2026,,,,
https://www.i-travel.com.ua/?p=21694,Автобусний тур «Лазурний МЕГАтур» зі Львова,04.07.2026,05.07.2026,,,,
https://www.i-travel.com.ua/?p=21694,Автобусний тур «Лазурний МЕГАтур» зі Львова,11.07.2026,12.07.2026,,,,
https://www.i-travel.com.ua/?p=21694,Автобусний тур «Лазурний МЕГАтур» зі Львова,18.07.2026,19.07.2026,,,,
https://www.i-travel.com.ua/?p=21694,Автобусний тур «Лазурний МЕГАтур» зі Львова,25.07.2026,26.07.2026,,,,
https://www.i-travel.com.ua/?p=21694,Автобусний тур «Лазурний МЕГАтур» зі Львова,01.08.2026,02.08.2026,,,,
https://www.i-travel.com.ua/?p=21694,Автобусний тур «Лазурний МЕГАтур» зі Львова,08.08.2026,09.08.2026,,,,
https://www.i-travel.com.ua/?p=21694,Автобусний тур «Лазурний МЕГАтур» зі Львова,15.08.2026,16.08.2026,,,,
https://www.i-travel.com.ua/?p=21694,Автобусний тур «Лазурний МЕГАтур» зі Львова,22.08.2026,23.08.2026,,,,
https://www.i-travel.com.ua/?p=21694,Автобусний тур «Лазурний МЕГАтур» зі Львова,29.08.2026,30.08.2026,,,,
https://www.i-travel.com.ua/?p=21694,Автобусний тур «Лазурний МЕГАтур» зі Львова,05.09.2026,06.09.2026,,,,
https://www.i-travel.com.ua/?p=21694,Автобусний тур «Лазурний МЕГАтур» зі Львова,12.09.2026,13.09.2026,,,,
https://www.i-travel.com.ua/?p=21694,Автобусний тур «Лазурний МЕГАтур» зі Львова,19.09.2026,20.09.2026,,,,
https://www.i-travel.com.ua/?p=21694,Автобусний тур «Лазурний МЕГАтур» зі Львова,26.09.2026,27.09.2026,,,,
https://www.i-travel.com.ua/?p=21694,Автобусний тур «Лазурний МЕГАтур» зі Львова,03.10.2026,04.10.2026,,,,
https://www.i-travel.com.ua/?p=21694,Автобусний тур «Лазурний МЕГАтур» зі Львова,10.10.2026,11.10.2026,,,,
https://www.i-travel.com.ua/?p=21694,Автобусний тур «Лазурний МЕГАтур» зі Львова,17.10.2026,18.10.2026,,,,
https://www.i-travel.com.ua/?p=21694,Автобусний тур «Лазурний МЕГАтур» зі Львова,24.10.2026,25.10.2026,,,,
https://www.i-travel.com.ua/?p=49335,Автобусний тур «Лазурний шик: 2 дні на Рив єрі» зі Львова,01.05.2026,02.05.2026,,,,
https://www.i-travel.com.ua/?p=49335,Автобусний тур «Лазурний шик: 2 дні на Рив єрі» зі Львова,31.10.2026,01.11.2026,,,,
https://www.i-travel.com.ua/?p=49335,Автобусний тур «Лазурний шик: 2 дні на Рив єрі» зі Львова,30.01.2026,31.01.2026,,,,
https://www.i-travel.com.ua/?p=49335,Автобусний тур «Лазурний шик: 2 дні на Рив єрі» зі Львова,28.02.2026,01.03.2026,,,,
https://www.i-travel.com.ua/?p=49335,Автобусний тур «Лазурний шик: 2 дні на Рив єрі» зі Львова,20.03.2026,21.03.2026,,,,
https://www.i-travel.com.ua/?p=49335,Автобусний тур «Лазурний шик: 2 дні на Рив єрі» зі Львова,28.03.2026,29.03.2026,,,,
https://www.i-travel.com.ua/?p=49335,Автобусний тур «Лазурний шик: 2 дні на Рив єрі» зі Львова,22.03.2026,23.03.2026,,,,
https://www.i-travel.com.ua/?p=49335,Автобусний тур «Лазурний шик: 2 дні на Рив єрі» зі Львова,02.05.2026,03.05.2026,,,,
https://www.i-travel.com.ua/?p=49335,Автобусний тур «Лазурний шик: 2 дні на Рив єрі» зі Львова,28.4.2026,29.04.2026,,,,
https://www.i-travel.com.ua/?p=49335,Автобусний тур «Лазурний шик: 2 дні на Рив єрі» зі Львова,23.5.2026,24.05.2026,,,,
https://www.i-travel.com.ua/?p=49335,Автобусний тур «Лазурний шик: 2 дні на Рив єрі» зі Львова,30.5.2026,31.05.2026,,,,
https://www.i-travel.com.ua/?p=49335,Автобусний тур «Лазурний шик: 2 дні на Рив єрі» зі Львова,06.06.2026,07.06.2026,,,,
https://www.i-travel.com.ua/?p=49335,Автобусний тур «Лазурний шик: 2 дні на Рив єрі» зі Львова,13.6.2026,14.06.2026,,,,
https://www.i-travel.com.ua/?p=49335,Автобусний тур «Лазурний шик: 2 дні на Рив єрі» зі Львова,20.06.2026,21.06.2026,,,,
https://www.i-travel.com.ua/?p=49335,Автобусний тур «Лазурний шик: 2 дні на Рив єрі» зі Львова,27.06.2026,28.06.2026,,,,
https://www.i-travel.com.ua/?p=49335,Автобусний тур «Лазурний шик: 2 дні на Рив єрі» зі Львова,04.07.2026,05.07.2026,,,,
https://www.i-travel.com.ua/?p=49335,Автобусний тур «Лазурний шик: 2 дні на Рив єрі» зі Львова,11.07.2026,12.07.2026,,,,
https://www.i-travel.com.ua/?p=49335,Автобусний тур «Лазурний шик: 2 дні на Рив єрі» зі Львова,18.07.2026,19.07.2026,,,,
https://www.i-travel.com.ua/?p=49335,Автобусний тур «Лазурний шик: 2 дні на Рив єрі» зі Львова,25.07.2026,26.07.2026,,,,
https://www.i-travel.com.ua/?p=49335,Автобусний тур «Лазурний шик: 2 дні на Рив єрі» зі Львова,01.08.2026,02.08.2026,,,,
https://www.i-travel.com.ua/?p=49335,Автобусний тур «Лазурний шик: 2 дні на Рив єрі» зі Львова,08.08.2026,09.08.2026,,,,
https://www.i-travel.com.ua/?p=49335,Автобусний тур «Лазурний шик: 2 дні на Рив єрі» зі Львова,15.08.2026,16.08.2026,,,,
https://www.i-travel.com.ua/?p=49335,Автобусний тур «Лазурний шик: 2 дні на Рив єрі» зі Львова,22.08.2026,23.08.2026,,,,
https://www.i-travel.com.ua/?p=49335,Автобусний тур «Лазурний шик: 2 дні на Рив єрі» зі Львова,29.08.2026,30.08.2026,,,,
https://www.i-travel.com.ua/?p=49335,Автобусний тур «Лазурний шик: 2 дні на Рив єрі» зі Львова,05.09.2026,06.09.2026,,,,
https://www.i-travel.com.ua/?p=49335,Автобусний тур «Лазурний шик: 2 дні на Рив єрі» зі Львова,12.09.2026,13.09.2026,,,,
https://www.i-travel.com.ua/?p=49335,Автобусний тур «Лазурний шик: 2 дні на Рив єрі» зі Львова,19.09.2026,20.09.2026,,,,
https://www.i-travel.com.ua/?p=49335,Автобусний тур «Лазурний шик: 2 дні на Рив єрі» зі Львова,26.09.2026,27.09.2026,,,,
https://www.i-travel.com.ua/?p=49335,Автобусний тур «Лазурний шик: 2 дні на Рив єрі» зі Львова,03.10.2026,04.10.2026,,,,
https://www.i-travel.com.ua/?p=49335,Автобусний тур «Лазурний шик: 2 дні на Рив єрі» зі Львова,10.10.2026,11.10.2026,,,,
https://www.i-travel.com.ua/?p=49335,Автобусний тур «Лазурний шик: 2 дні на Рив єрі» зі Львова,17.10.2026,18.10.2026,,,,
https://www.i-travel.com.ua/?p=49335,Автобусний тур «Лазурний шик: 2 дні на Рив єрі» зі Львова,24.10.2026,25.10.2026,,,,
https://www.i-travel.com.ua/?p=8011,Автобусний тур «Джульєтта і гондоли» зі Львова,01.05.2026,02.05.2026,,,,
https://www.i-travel.com.ua/?p=8011,Автобусний тур «Джульєтта і гондоли» зі Львова,31.10.2026,01.11.2026,,,,
https://www.i-travel.com.ua/?p=8011,Автобусний тур «Джульєтта і гондоли» зі Львова,30.01.2026,31.01.2026,,,,
https://www.i-travel.com.ua/?p=8011,Автобусний тур «Джульєтта і гондоли» зі Львова,28.02.2026,01.03.2026,,,,
https://www.i-travel.com.ua/?p=8011,Автобусний тур «Джульєтта і гондоли» зі Львова,20.03.2026,21.03.2026,,,,
https://www.i-travel.com.ua/?p=8011,Автобусний тур «Джульєтта і гондоли» зі Львова,28.03.2026,29.03.2026,,,,
https://www.i-travel.com.ua/?p=8011,Автобусний тур «Джульєтта і гондоли» зі Львова,22.03.2026,23.03.2026,,,,
https://www.i-travel.com.ua/?p=8011,Автобусний тур «Джульєтта і гондоли» зі Львова,02.05.2026,03.05.2026,,,,
https://www.i-travel.com.ua/?p=8011,Автобусний тур «Джульєтта і гондоли» зі Львова,28.04.2026,29.04.2026,,,,
https://www.i-travel.com.ua/?p=8011,Автобусний тур «Джульєтта і гондоли» зі Львова,29.5.2026,30.05.2026,,,,
https://www.i-travel.com.ua/?p=8011,Автобусний тур «Джульєтта і гондоли» зі Львова,12.6.2026,13.06.2026,,,,
https://www.i-travel.com.ua/?p=8011,Автобусний тур «Джульєтта і гондоли» зі Львова,26.6.2026,27.06.2026,,,,
https://www.i-travel.com.ua/?p=8011,Автобусний тур «Джульєтта і гондоли» зі Львова,10.07.2026,11.07.2026,,,,
https://www.i-travel.com.ua/?p=8011,Автобусний тур «Джульєтта і гондоли» зі Львова,24.7.2026,25.07.2026,,,,
https://www.i-travel.com.ua/?p=8011,Автобусний тур «Джульєтта і гондоли» зі Львова,07.08.2026,08.08.2026,,,,
https://www.i-travel.com.ua/?p=8011,Автобусний тур «Джульєтта і гондоли» зі Львова,21.08.2026,22.08.2026,,,,
https://www.i-travel.com.ua/?p=8011,Автобусний тур «Джульєтта і гондоли» зі Львова,04.09.2026,05.09.2026,,,,
https://www.i-travel.com.ua/?p=8011,Автобусний тур «Джульєтта і гондоли» зі Львова,18.09.2026,19.09.2026,,,,
https://www.i-travel.com.ua/?p=8011,Автобусний тур «Джульєтта і гондоли» зі Львова,02.10.2026,03.10.2026,,,,
https://www.i-travel.com.ua/?p=8011,Автобусний тур «Джульєтта і гондоли» зі Львова,16.10.2026,17.10.2026,,,,
https://www.i-travel.com.ua/?p=8011,Автобусний тур «Джульєтта і гондоли» зі Львова,23.10.2026,24.10.2026,,,,
https://www.i-travel.com.ua/?p=8011,Автобусний тур «Джульєтта і гондоли» зі Львова,27.10.2026,28.10.2026,,,,
https://www.i-travel.com.ua/?p=8011,Автобусний тур «Джульєтта і гондоли» зі Львова,13.11.2026,14.11.2026,,,,
https://www.i-travel.com.ua/?p=8011,Автобусний тур «Джульєтта і гондоли» зі Львова,27.11.2026,28.11.2026,,,,
https://www.i-travel.com.ua/?p=8011,Автобусний тур «Джульєтта і гондоли» зі Львова,11.12.2026,12.12.2026,,,,
https://www.i-travel.com.ua/?p=8011,Автобусний тур «Джульєтта і гондоли» зі Львова,30.12.2026,31.12.2026,,,,
https://www.i-travel.com.ua/?p=47356,"Автобусний тур «Спокусливе тріо: Венеція, Ніцца, Барселона» зі Львова",01.05.2026,02.05.2026,,,,
https://www.i-travel.com.ua/?p=47356,"Автобусний тур «Спокусливе тріо: Венеція, Ніцца, Барселона» зі Львова",31.10.2026,01.11.2026,,,,
https://www.i-travel.com.ua/?p=47356,"Автобусний тур «Спокусливе тріо: Венеція, Ніцца, Барселона» зі Львова",30.01.2026,31.01.2026,,,,
https://www.i-travel.com.ua/?p=47356,"Автобусний тур «Спокусливе тріо: Венеція, Ніцца, Барселона» зі Львова",28.02.2026,01.03.2026,,,,
https://www.i-travel.com.ua/?p=47356,"Автобусний тур «Спокусливе тріо: Венеція, Ніцца, Барселона» зі Львова",20.03.2026,21.03.2026,,,,
https://www.i-travel.com.ua/?p=47356,"Автобусний тур «Спокусливе тріо: Венеція, Ніцца, Барселона» зі Львова",28.03.2026,29.03.2026,,,,
https://www.i-travel.com.ua/?p=47356,"Автобусний тур «Спокусливе тріо: Венеція, Ніцца, Барселона» зі Львова",22.3.2026,23.03.2026,,,,
https://www.i-travel.com.ua/?p=47356,"Автобусний тур «Спокусливе тріо: Венеція, Ніцца, Барселона» зі Львова",2.5.2026,03.05.2026,,,,
https://www.i-travel.com.ua/?p=47356,"Автобусний тур «Спокусливе тріо: Венеція, Ніцца, Барселона» зі Львова",28.4.2026,29.04.2026,,,,
https://www.i-travel.com.ua/?p=47356,"Автобусний тур «Спокусливе тріо: Венеція, Ніцца, Барселона» зі Львова",29.5.2026,30.05.2026,,,,
https://www.i-travel.com.ua/?p=47356,"Автобусний тур «Спокусливе тріо: Венеція, Ніцца, Барселона» зі Львова",12.6.2026,13.06.2026,,,,
https://www.i-travel.com.ua/?p=47356,"Автобусний тур «Спокусливе тріо: Венеція, Ніцца, Барселона» зі Львова",26.6.2026,27.06.2026,,,,
https://www.i-travel.com.ua/?p=47356,"Автобусний тур «Спокусливе тріо: Венеція, Ніцца, Барселона» зі Львова",10.7.2026,11.07.2026,,,,
https://www.i-travel.com.ua/?p=47356,"Автобусний тур «Спокусливе тріо: Венеція, Ніцца, Барселона» зі Львова",24.07.2026,25.07.2026,,,,
https://www.i-travel.com.ua/?p=47356,"Автобусний тур «Спокусливе тріо: Венеція, Ніцца, Барселона» зі Львова",7.8.2026,08.08.2026,,,,
https://www.i-travel.com.ua/?p=47356,"Автобусний тур «Спокусливе тріо: Венеція, Ніцца, Барселона» зі Львова",21.08.2026,22.08.2026,,,,
https://www.i-travel.com.ua/?p=47356,"Автобусний тур «Спокусливе тріо: Венеція, Ніцца, Барселона» зі Львова",11.09.2026,12.09.2026,,,,
https://www.i-travel.com.ua/?p=47356,"Автобусний тур «Спокусливе тріо: Венеція, Ніцца, Барселона» зі Львова",25.09.2026,26.09.2026,,,,
https://www.i-travel.com.ua/?p=47356,"Автобусний тур «Спокусливе тріо: Венеція, Ніцца, Барселона» зі Львова",09.10.2026,10.10.2026,,,,
https://www.i-travel.com.ua/?p=47356,"Автобусний тур «Спокусливе тріо: Венеція, Ніцца, Барселона» зі Львова",23.10.2026,24.10.2026,,,,
https://www.i-travel.com.ua/?p=46859,"Автобусний тур «Тисячі лайків: Венеція, Рим, Піза Флоренція» зі Львова",01.05.2026,02.05.2026,,,,
https://www.i-travel.com.ua/?p=46859,"Автобусний тур «Тисячі лайків: Венеція, Рим, Піза Флоренція» зі Львова",31.10.2026,01.11.2026,,,,
https://www.i-travel.com.ua/?p=46859,"Автобусний тур «Тисячі лайків: Венеція, Рим, Піза Флоренція» зі Львова",30.01.2026,31.01.2026,,,,
https://www.i-travel.com.ua/?p=46859,"Автобусний тур «Тисячі лайків: Венеція, Рим, Піза Флоренція» зі Львова",28.02.2026,01.03.2026,,,,
https://www.i-travel.com.ua/?p=46859,"Автобусний тур «Тисячі лайків: Венеція, Рим, Піза Флоренція» зі Львова",20.03.2026,21.03.2026,,,,
https://www.i-travel.com.ua/?p=46859,"Автобусний тур «Тисячі лайків: Венеція, Рим, Піза Флоренція» зі Львова",28.03.2026,29.03.2026,,,,
https://www.i-travel.com.ua/?p=46859,"Автобусний тур «Тисячі лайків: Венеція, Рим, Піза Флоренція» зі Львова",22.03.2026,23.03.2026,,,,
https://www.i-travel.com.ua/?p=46859,"Автобусний тур «Тисячі лайків: Венеція, Рим, Піза Флоренція» зі Львова",02.05.2026,03.05.2026,,,,
https://www.i-travel.com.ua/?p=46859,"Автобусний тур «Тисячі лайків: Венеція, Рим, Піза Флоренція» зі Львова",28.04.2026,29.04.2026,,,,
https://www.i-travel.com.ua/?p=46859,"Автобусний тур «Тисячі лайків: Венеція, Рим, Піза Флоренція» зі Львова",28.05.2026,29.05.2026,,,,
https://www.i-travel.com.ua/?p=46859,"Автобусний тур «Тисячі лайків: Венеція, Рим, Піза Флоренція» зі Львова",29.05.2026,30.05.2026,,,,
https://www.i-travel.com.ua/?p=46859,"Автобусний тур «Тисячі лайків: Венеція, Рим, Піза Флоренція» зі Львова",02.06.2026,03.06.2026,,,,
https://www.i-travel.com.ua/?p=46859,"Автобусний тур «Тисячі лайків: Венеція, Рим, Піза Флоренція» зі Львова",13.06.2026,14.06.2026,,,,
https://www.i-travel.com.ua/?p=46859,"Автобусний тур «Тисячі лайків: Венеція, Рим, Піза Флоренція» зі Львова",16.6.2026,17.06.2026,,,,
https://www.i-travel.com.ua/?p=46859,"Автобусний тур «Тисячі лайків: Венеція, Рим, Піза Флоренція» зі Львова",27.06.2026,28.06.2026,,,,
https://www.i-travel.com.ua/?p=46859,"Автобусний тур «Тисячі лайків: Венеція, Рим, Піза Флоренція» зі Львова",30.6.2026,01.07.2026,,,,
https://www.i-travel.com.ua/?p=46859,"Автобусний тур «Тисячі лайків: Венеція, Рим, Піза Флоренція» зі Львова",04.07.2026,05.07.2026,,,,
https://www.i-travel.com.ua/?p=46859,"Автобусний тур «Тисячі лайків: Венеція, Рим, Піза Флоренція» зі Львова",07.07.2026,08.07.2026,,,,
https://www.i-travel.com.ua/?p=46859,"Автобусний тур «Тисячі лайків: Венеція, Рим, Піза Флоренція» зі Львова",18.07.2026,19.07.2026,,,,
https://www.i-travel.com.ua/?p=46859,"Автобусний тур «Тисячі лайків: Венеція, Рим, Піза Флоренція» зі Львова",21.07.2026,22.07.2026,,,,
https://www.i-travel.com.ua/?p=46859,"Автобусний тур «Тисячі лайків: Венеція, Рим, Піза Флоренція» зі Львова",01.08.2026,02.08.2026,,,,
https://www.i-travel.com.ua/?p=46859,"Автобусний тур «Тисячі лайків: Венеція, Рим, Піза Флоренція» зі Львова",04.08.2026,05.08.2026,,,,
https://www.i-travel.com.ua/?p=46859,"Автобусний тур «Тисячі лайків: Венеція, Рим, Піза Флоренція» зі Львова",15.08.2026,16.08.2026,,,,
https://www.i-travel.com.ua/?p=46859,"Автобусний тур «Тисячі лайків: Венеція, Рим, Піза Флоренція» зі Львова",18.08.2026,19.08.2026,,,,
https://www.i-travel.com.ua/?p=46859,"Автобусний тур «Тисячі лайків: Венеція, Рим, Піза Флоренція» зі Львова",29.08.2026,30.08.2026,,,,
https://www.i-travel.com.ua/?p=46859,"Автобусний тур «Тисячі лайків: Венеція, Рим, Піза Флоренція» зі Львова",12.09.2026,13.09.2026,,,,
https://www.i-travel.com.ua/?p=46859,"Автобусний тур «Тисячі лайків: Венеція, Рим, Піза Флоренція» зі Львова",15.09.2026,16.09.2026,,,,
https://www.i-travel.com.ua/?p=46859,"Автобусний тур «Тисячі лайків: Венеція, Рим, Піза Флоренція» зі Львова",26.09.2026,27.09.2026,,,,
https://www.i-travel.com.ua/?p=46859,"Автобусний тур «Тисячі лайків: Венеція, Рим, Піза Флоренція» зі Львова",29.09.2026,30.09.2026,,,,
https://www.i-travel.com.ua/?p=46859,"Автобусний тур «Тисячі лайків: Венеція, Рим, Піза Флоренція» зі Львова",03.10.2026,04.10.2026,,,,
https://www.i-travel.com.ua/?p=46859,"Автобусний тур «Тисячі лайків: Венеція, Рим, Піза Флоренція» зі Львова",06.10.2026,07.10.2026,,,,
https://www.i-travel.com.ua/?p=46859,"Автобусний тур «Тисячі лайків: Венеція, Рим, Піза Флоренція» зі Львова",17.10.2026,18.10.2026,,,,
https://www.i-travel.com.ua/?p=46859,"Автобусний тур «Тисячі лайків: Венеція, Рим, Піза Флоренція» зі Львова",20.10.2026,21.10.2026,,,,
https://www.i-travel.com.ua/?p=46859,"Автобусний тур «Тисячі лайків: Венеція, Рим, Піза Флоренція» зі Львова",24.10.2026,25.10.2026,,,,
https://www.i-travel.com.ua/?p=46859,"Автобусний тур «Тисячі лайків: Венеція, Рим, Піза Флоренція» зі Львова",27.10.2026,28.10.2026,,,,
https://www.i-travel.com.ua/?p=46859,"Автобусний тур «Тисячі лайків: Венеція, Рим, Піза Флоренція» зі Львова",07.11.2026,08.11.2026,,,,
https://www.i-travel.com.ua/?p=46859,"Автобусний тур «Тисячі лайків: Венеція, Рим, Піза Флоренція» зі Львова",10.11.2026,11.11.2026,,,,
https://www.i-travel.com.ua/?p=46859,"Автобусний тур «Тисячі лайків: Венеція, Рим, Піза Флоренція» зі Львова",21.11.2026,22.11.2026,,,,
https://www.i-travel.com.ua/?p=46859,"Автобусний тур «Тисячі лайків: Венеція, Рим, Піза Флоренція» зі Львова",24.11.2026,25.11.2026,,,,
https://www.i-travel.com.ua/?p=46859,"Автобусний тур «Тисячі лайків: Венеція, Рим, Піза Флоренція» зі Львова",05.12.2026,06.12.2026,,,,
https://www.i-travel.com.ua/?p=46859,"Автобусний тур «Тисячі лайків: Венеція, Рим, Піза Флоренція» зі Львова",08.12.2026,09.12.2026,,,,
https://www.i-travel.com.ua/?p=46859,"Автобусний тур «Тисячі лайків: Венеція, Рим, Піза Флоренція» зі Львова",19.12.2026,20.12.2026,,,,
https://www.i-travel.com.ua/?p=46859,"Автобусний тур «Тисячі лайків: Венеція, Рим, Піза Флоренція» зі Львова",29.12.2026,30.12.2026,,,,
https://www.i-travel.com.ua/?p=45491,Автобусний тур «Італійська симфонія: Венеція + Доломітові Альпи» зі Львова,01.05.2026,02.05.2026,,,,
https://www.i-travel.com.ua/?p=45491,Автобусний тур «Італійська симфонія: Венеція + Доломітові Альпи» зі Львова,31.10.2026,01.11.2026,,,,
https://www.i-travel.com.ua/?p=45491,Автобусний тур «Італійська симфонія: Венеція + Доломітові Альпи» зі Львова,30.01.2026,31.01.2026,,,,
https://www.i-travel.com.ua/?p=45491,Автобусний тур «Італійська симфонія: Венеція + Доломітові Альпи» зі Львова,28.02.2026,01.03.2026,,,,
https://www.i-travel.com.ua/?p=45491,Автобусний тур «Італійська симфонія: Венеція + Доломітові Альпи» зі Львова,20.3.2026,21.03.2026,,,,
https://www.i-travel.com.ua/?p=45491,Автобусний тур «Італійська симфонія: Венеція + Доломітові Альпи» зі Львова,28.3.2026,29.03.2026,,,,
https://www.i-travel.com.ua/?p=45491,Автобусний тур «Італійська симфонія: Венеція + Доломітові Альпи» зі Львова,22.3.2026,23.03.2026,,,,
https://www.i-travel.com.ua/?p=45491,Автобусний тур «Італійська симфонія: Венеція + Доломітові Альпи» зі Львова,2.5.2026,03.05.2026,,,,
https://www.i-travel.com.ua/?p=45491,Автобусний тур «Італійська симфонія: Венеція + Доломітові Альпи» зі Львова,28.04.2026,29.04.2026,,,,
https://www.i-travel.com.ua/?p=45491,Автобусний тур «Італійська симфонія: Венеція + Доломітові Альпи» зі Львова,24.5.2026,25.05.2026,,,,
https://www.i-travel.com.ua/?p=45491,Автобусний тур «Італійська симфонія: Венеція + Доломітові Альпи» зі Львова,31.5.2026,01.06.2026,,,,
https://www.i-travel.com.ua/?p=45491,Автобусний тур «Італійська симфонія: Венеція + Доломітові Альпи» зі Львова,7.6.2026,08.06.2026,,,,
https://www.i-travel.com.ua/?p=45491,Автобусний тур «Італійська симфонія: Венеція + Доломітові Альпи» зі Львова,14.06.2026,15.06.2026,,,,
https://www.i-travel.com.ua/?p=45491,Автобусний тур «Італійська симфонія: Венеція + Доломітові Альпи» зі Львова,21.06.2026,22.06.2026,,,,
https://www.i-travel.com.ua/?p=45491,Автобусний тур «Італійська симфонія: Венеція + Доломітові Альпи» зі Львова,28.6.2026,29.06.2026,,,,
https://www.i-travel.com.ua/?p=45491,Автобусний тур «Італійська симфонія: Венеція + Доломітові Альпи» зі Львова,5.7.2026,06.07.2026,,,,
https://www.i-travel.com.ua/?p=45491,Автобусний тур «Італійська симфонія: Венеція + Доломітові Альпи» зі Львова,12.07.2026,13.07.2026,,,,
https://www.i-travel.com.ua/?p=45491,Автобусний тур «Італійська симфонія: Венеція + Доломітові Альпи» зі Львова,19.7.2026,20.07.2026,,,,
https://www.i-travel.com.ua/?p=45491,Автобусний тур «Італійська симфонія: Венеція + Доломітові Альпи» зі Львова,26.07.2026,27.07.2026,,,,
https://www.i-travel.com.ua/?p=45491,Автобусний тур «Італійська симфонія: Венеція + Доломітові Альпи» зі Львова,02.08.2026,03.08.2026,,,,
https://www.i-travel.com.ua/?p=45491,Автобусний тур «Італійська симфонія: Венеція + Доломітові Альпи» зі Львова,09.08.2026,10.08.2026,,,,
https://www.i-travel.com.ua/?p=45491,Автобусний тур «Італійська симфонія: Венеція + Доломітові Альпи» зі Львова,16.08.2026,17.08.2026,,,,
https://www.i-travel.com.ua/?p=45491,Автобусний тур «Італійська симфонія: Венеція + Доломітові Альпи» зі Львова,23.08.2026,24.08.2026,,,,
https://www.i-travel.com.ua/?p=45491,Автобусний тур «Італійська симфонія: Венеція + Доломітові Альпи» зі Львова,30.08.2026,31.08.2026,,,,
https://www.i-travel.com.ua/?p=45491,Автобусний тур «Італійська симфонія: Венеція + Доломітові Альпи» зі Львова,06.09.2026,07.09.2026,,,,
https://www.i-travel.com.ua/?p=45491,Автобусний тур «Італійська симфонія: Венеція + Доломітові Альпи» зі Львова,13.09.2026,14.09.2026,,,,
https://www.i-travel.com.ua/?p=45491,Автобусний тур «Італійська симфонія: Венеція + Доломітові Альпи» зі Львова,20.09.2026,21.09.2026,,,,
https://www.i-travel.com.ua/?p=45491,Автобусний тур «Італійська симфонія: Венеція + Доломітові Альпи» зі Львова,27.09.2026,28.09.2026,,,,
https://www.i-travel.com.ua/?p=45491,Автобусний тур «Італійська симфонія: Венеція + Доломітові Альпи» зі Львова,04.10.2026,05.10.2026,,,,
https://www.i-travel.com.ua/?p=45491,Автобусний тур «Італійська симфонія: Венеція + Доломітові Альпи» зі Львова,11.10.2026,12.10.2026,,,,
https://www.i-travel.com.ua/?p=45491,Автобусний тур «Італійська симфонія: Венеція + Доломітові Альпи» зі Львова,18.10.2026,19.10.2026,,,,
https://www.i-travel.com.ua/?p=45491,Автобусний тур «Італійська симфонія: Венеція + Доломітові Альпи» зі Львова,25.10.2026,26.10.2026,,,,
https://www.i-travel.com.ua/?p=45491,Автобусний тур «Італійська симфонія: Венеція + Доломітові Альпи» зі Львова,01.11.2026,02.11.2026,,,,
https://www.i-travel.com.ua/?p=45491,Автобусний тур «Італійська симфонія: Венеція + Доломітові Альпи» зі Львова,08.11.2026,09.11.2026,,,,
https://www.i-travel.com.ua/?p=45491,Автобусний тур «Італійська симфонія: Венеція + Доломітові Альпи» зі Львова,15.11.2026,16.11.2026,,,,
https://www.i-travel.com.ua/?p=45491,Автобусний тур «Італійська симфонія: Венеція + Доломітові Альпи» зі Львова,22.11.2026,23.11.2026,,,,
https://www.i-travel.com.ua/?p=45491,Автобусний тур «Італійська симфонія: Венеція + Доломітові Альпи» зі Львова,29.11.2026,30.11.2026,,,,
https://www.i-travel.com.ua/?p=45491,Автобусний тур «Італійська симфонія: Венеція + Доломітові Альпи» зі Львова,06.12.2026,07.12.2026,,,,
https://www.i-travel.com.ua/?p=45491,Автобусний тур «Італійська симфонія: Венеція + Доломітові Альпи» зі Львова,13.12.2026,14.12.2026,,,,
https://www.i-travel.com.ua/?p=45491,Автобусний тур «Італійська симфонія: Венеція + Доломітові Альпи» зі Львова,20.12.2026,21.12.2026,,,,
https://www.i-travel.com.ua/?p=45491,Автобусний тур «Італійська симфонія: Венеція + Доломітові Альпи» зі Львова,22.12.2026,23.12.2026,,,,
https://www.i-travel.com.ua/?p=45491,Автобусний тур «Італійська симфонія: Венеція + Доломітові Альпи» зі Львова,29.12.2026,30.12.2026,,,,
https://www.i-travel.com.ua/avtobusnyj-tur-dolomitovi-alpy-mandrivka-sered-velychi-vershyn-zi-lvova/,Автобусний тур «Доломітові Альпи – мандрівка серед величі вершин» зі Львова,01.05.2026,02.05.2026,,,,
https://www.i-travel.com.ua/avtobusnyj-tur-dolomitovi-alpy-mandrivka-sered-velychi-vershyn-zi-lvova/,Автобусний тур «Доломітові Альпи – мандрівка серед величі вершин» зі Львова,31.10.2026,01.11.2026,,,,
https://www.i-travel.com.ua/avtobusnyj-tur-dolomitovi-alpy-mandrivka-sered-velychi-vershyn-zi-lvova/,Автобусний тур «Доломітові Альпи – мандрівка серед величі вершин» зі Львова,30.01.2026,31.01.2026,,,,
https://www.i-travel.com.ua/avtobusnyj-tur-dolomitovi-alpy-mandrivka-sered-velychi-vershyn-zi-lvova/,Автобусний тур «Доломітові Альпи – мандрівка серед величі вершин» зі Львова,28.02.2026,01.03.2026,,,,
https://www.i-travel.com.ua/avtobusnyj-tur-dolomitovi-alpy-mandrivka-sered-velychi-vershyn-zi-lvova/,Автобусний тур «Доломітові Альпи – мандрівка серед величі вершин» зі Львова,20.3.2026,21.03.2026,,,,
https://www.i-travel.com.ua/avtobusnyj-tur-dolomitovi-alpy-mandrivka-sered-velychi-vershyn-zi-lvova/,Автобусний тур «Доломітові Альпи – мандрівка серед величі вершин» зі Львова,28.3.2026,29.03.2026,,,,
https://www.i-travel.com.ua/avtobusnyj-tur-dolomitovi-alpy-mandrivka-sered-velychi-vershyn-zi-lvova/,Автобусний тур «Доломітові Альпи – мандрівка серед величі вершин» зі Львова,22.3.2026,23.03.2026,,,,
https://www.i-travel.com.ua/avtobusnyj-tur-dolomitovi-alpy-mandrivka-sered-velychi-vershyn-zi-lvova/,Автобусний тур «Доломітові Альпи – мандрівка серед величі вершин» зі Львова,02.05.2026,03.05.2026,,,,
https://www.i-travel.com.ua/avtobusnyj-tur-dolomitovi-alpy-mandrivka-sered-velychi-vershyn-zi-lvova/,Автобусний тур «Доломітові Альпи – мандрівка серед величі вершин» зі Львова,28.04.2026,29.04.2026,,,,
https://www.i-travel.com.ua/avtobusnyj-tur-dolomitovi-alpy-mandrivka-sered-velychi-vershyn-zi-lvova/,Автобусний тур «Доломітові Альпи – мандрівка серед величі вершин» зі Львова,23.5.2026,24.05.2026,,,,
https://www.i-travel.com.ua/avtobusnyj-tur-dolomitovi-alpy-mandrivka-sered-velychi-vershyn-zi-lvova/,Автобусний тур «Доломітові Альпи – мандрівка серед величі вершин» зі Львова,30.5.2026,31.05.2026,,,,
https://www.i-travel.com.ua/avtobusnyj-tur-dolomitovi-alpy-mandrivka-sered-velychi-vershyn-zi-lvova/,Автобусний тур «Доломітові Альпи – мандрівка серед величі вершин» зі Львова,6.6.2026,07.06.2026,,,,
https://www.i-travel.com.ua/avtobusnyj-tur-dolomitovi-alpy-mandrivka-sered-velychi-vershyn-zi-lvova/,Автобусний тур «Доломітові Альпи – мандрівка серед величі вершин» зі Львова,13.06.2026,14.06.2026,,,,
https://www.i-travel.com.ua/avtobusnyj-tur-dolomitovi-alpy-mandrivka-sered-velychi-vershyn-zi-lvova/,Автобусний тур «Доломітові Альпи – мандрівка серед величі вершин» зі Львова,20.6.2026,21.06.2026,,,,
https://www.i-travel.com.ua/avtobusnyj-tur-dolomitovi-alpy-mandrivka-sered-velychi-vershyn-zi-lvova/,Автобусний тур «Доломітові Альпи – мандрівка серед величі вершин» зі Львова,27.6.2026,28.06.2026,,,,
https://www.i-travel.com.ua/avtobusnyj-tur-dolomitovi-alpy-mandrivka-sered-velychi-vershyn-zi-lvova/,Автобусний тур «Доломітові Альпи – мандрівка серед величі вершин» зі Львова,4.7.2026,05.07.2026,,,,
https://www.i-travel.com.ua/avtobusnyj-tur-dolomitovi-alpy-mandrivka-sered-velychi-vershyn-zi-lvova/,Автобусний тур «Доломітові Альпи – мандрівка серед величі вершин» зі Львова,11.7.2026,12.07.2026,,,,
https://www.i-travel.com.ua/avtobusnyj-tur-dolomitovi-alpy-mandrivka-sered-velychi-vershyn-zi-lvova/,Автобусний тур «Доломітові Альпи – мандрівка серед величі вершин» зі Львова,18.07.2026,19.07.2026,,,,
https://www.i-travel.com.ua/avtobusnyj-tur-dolomitovi-alpy-mandrivka-sered-velychi-vershyn-zi-lvova/,Автобусний тур «Доломітові Альпи – мандрівка серед величі вершин» зі Львова,25.7.2026,26.07.2026,,,,
https://www.i-travel.com.ua/avtobusnyj-tur-dolomitovi-alpy-mandrivka-sered-velychi-vershyn-zi-lvova/,Автобусний тур «Доломітові Альпи – мандрівка серед величі вершин» зі Львова,01.08.2026,02.08.2026,,,,
https://www.i-travel.com.ua/avtobusnyj-tur-dolomitovi-alpy-mandrivka-sered-velychi-vershyn-zi-lvova/,Автобусний тур «Доломітові Альпи – мандрівка серед величі вершин» зі Львова,08.08.2026,09.08.2026,,,,
https://www.i-travel.com.ua/avtobusnyj-tur-dolomitovi-alpy-mandrivka-sered-velychi-vershyn-zi-lvova/,Автобусний тур «Доломітові Альпи – мандрівка серед величі вершин» зі Львова,15.08.2026,16.08.2026,,,,
https://www.i-travel.com.ua/avtobusnyj-tur-dolomitovi-alpy-mandrivka-sered-velychi-vershyn-zi-lvova/,Автобусний тур «Доломітові Альпи – мандрівка серед величі вершин» зі Львова,22.08.2026,23.08.2026,,,,
https://www.i-travel.com.ua/avtobusnyj-tur-dolomitovi-alpy-mandrivka-sered-velychi-vershyn-zi-lvova/,Автобусний тур «Доломітові Альпи – мандрівка серед величі вершин» зі Львова,29.08.2026,30.08.2026,,,,
https://www.i-travel.com.ua/avtobusnyj-tur-dolomitovi-alpy-mandrivka-sered-velychi-vershyn-zi-lvova/,Автобусний тур «Доломітові Альпи – мандрівка серед величі вершин» зі Львова,05.09.2026,06.09.2026,,,,
https://www.i-travel.com.ua/avtobusnyj-tur-dolomitovi-alpy-mandrivka-sered-velychi-vershyn-zi-lvova/,Автобусний тур «Доломітові Альпи – мандрівка серед величі вершин» зі Львова,12.09.2026,13.09.2026,,,,
https://www.i-travel.com.ua/avtobusnyj-tur-dolomitovi-alpy-mandrivka-sered-velychi-vershyn-zi-lvova/,Автобусний тур «Доломітові Альпи – мандрівка серед величі вершин» зі Львова,19.09.2026,20.09.2026,,,,
https://www.i-travel.com.ua/avtobusnyj-tur-dolomitovi-alpy-mandrivka-sered-velychi-vershyn-zi-lvova/,Автобусний тур «Доломітові Альпи – мандрівка серед величі вершин» зі Львова,26.09.2026,27.09.2026,,,,
https://www.i-travel.com.ua/avtobusnyj-tur-dolomitovi-alpy-mandrivka-sered-velychi-vershyn-zi-lvova/,Автобусний тур «Доломітові Альпи – мандрівка серед величі вершин» зі Львова,03.10.2026,04.10.2026,,,,
https://www.i-travel.com.ua/avtobusnyj-tur-dolomitovi-alpy-mandrivka-sered-velychi-vershyn-zi-lvova/,Автобусний тур «Доломітові Альпи – мандрівка серед величі вершин» зі Львова,10.10.2026,11.10.2026,,,,
https://www.i-travel.com.ua/avtobusnyj-tur-dolomitovi-alpy-mandrivka-sered-velychi-vershyn-zi-lvova/,Автобусний тур «Доломітові Альпи – мандрівка серед величі вершин» зі Львова,17.10.2026,18.10.2026,,,,
https://www.i-travel.com.ua/avtobusnyj-tur-dolomitovi-alpy-mandrivka-sered-velychi-vershyn-zi-lvova/,Автобусний тур «Доломітові Альпи – мандрівка серед величі вершин» зі Львова,24.10.2026,25.10.2026,,,,
https://www.i-travel.com.ua/avtobusnyj-tur-dolomitovi-alpy-mandrivka-sered-velychi-vershyn-zi-lvova/,Автобусний тур «Доломітові Альпи – мандрівка серед величі вершин» зі Львова,07.11.2026,08.11.2026,,,,
https://www.i-travel.com.ua/avtobusnyj-tur-dolomitovi-alpy-mandrivka-sered-velychi-vershyn-zi-lvova/,Автобусний тур «Доломітові Альпи – мандрівка серед величі вершин» зі Львова,14.11.2026,15.11.2026,,,,
https://www.i-travel.com.ua/avtobusnyj-tur-dolomitovi-alpy-mandrivka-sered-velychi-vershyn-zi-lvova/,Автобусний тур «Доломітові Альпи – мандрівка серед величі вершин» зі Львова,21.11.2026,22.11.2026,,,,
https://www.i-travel.com.ua/avtobusnyj-tur-dolomitovi-alpy-mandrivka-sered-velychi-vershyn-zi-lvova/,Автобусний тур «Доломітові Альпи – мандрівка серед величі вершин» зі Львова,28.11.2026,29.11.2026,,,,
https://www.i-travel.com.ua/avtobusnyj-tur-dolomitovi-alpy-mandrivka-sered-velychi-vershyn-zi-lvova/,Автобусний тур «Доломітові Альпи – мандрівка серед величі вершин» зі Львова,05.12.2026,06.12.2026,,,,
https://www.i-travel.com.ua/avtobusnyj-tur-dolomitovi-alpy-mandrivka-sered-velychi-vershyn-zi-lvova/,Автобусний тур «Доломітові Альпи – мандрівка серед величі вершин» зі Львова,12.12.2026,13.12.2026,,,,
https://www.i-travel.com.ua/avtobusnyj-tur-dolomitovi-alpy-mandrivka-sered-velychi-vershyn-zi-lvova/,Автобусний тур «Доломітові Альпи – мандрівка серед величі вершин» зі Львова,22.12.2026,23.12.2026,,,,
https://www.i-travel.com.ua/avtobusnyj-tur-dolomitovi-alpy-mandrivka-sered-velychi-vershyn-zi-lvova/,Автобусний тур «Доломітові Альпи – мандрівка серед величі вершин» зі Львова,29.12.2026,30.12.2026,,,,
https://www.i-travel.com.ua/?p=47679,Автобусний тур «Альпійський експрес: Швейцарія + Австрія» зі Львова,01.05.2026,02.05.2026,,,,
https://www.i-travel.com.ua/?p=47679,Автобусний тур «Альпійський експрес: Швейцарія + Австрія» зі Львова,31.10.2026,01.11.2026,,,,
https://www.i-travel.com.ua/?p=47679,Автобусний тур «Альпійський експрес: Швейцарія + Австрія» зі Львова,30.01.2026,31.01.2026,,,,
https://www.i-travel.com.ua/?p=47679,Автобусний тур «Альпійський експрес: Швейцарія + Австрія» зі Львова,28.02.2026,01.03.2026,,,,
https://www.i-travel.com.ua/?p=47679,Автобусний тур «Альпійський експрес: Швейцарія + Австрія» зі Львова,20.03.2026,21.03.2026,,,,
https://www.i-travel.com.ua/?p=47679,Автобусний тур «Альпійський експрес: Швейцарія + Австрія» зі Львова,28.03.2026,29.03.2026,,,,
https://www.i-travel.com.ua/?p=47679,Автобусний тур «Альпійський експрес: Швейцарія + Австрія» зі Львова,22.03.2026,23.03.2026,,,,
https://www.i-travel.com.ua/?p=47679,Автобусний тур «Альпійський експрес: Швейцарія + Австрія» зі Львова,2.5.2026,03.05.2026,,,,
https://www.i-travel.com.ua/?p=47679,Автобусний тур «Альпійський експрес: Швейцарія + Австрія» зі Львова,28.4.2026,29.04.2026,,,,
https://www.i-travel.com.ua/?p=47679,Автобусний тур «Альпійський експрес: Швейцарія + Австрія» зі Львова,24.5.2026,25.05.2026,,,,
https://www.i-travel.com.ua/?p=47679,Автобусний тур «Альпійський експрес: Швейцарія + Австрія» зі Львова,31.05.2026,01.06.2026,,,,
https://www.i-travel.com.ua/?p=47679,Автобусний тур «Альпійський експрес: Швейцарія + Австрія» зі Львова,07.06.2026,08.06.2026,,,,
https://www.i-travel.com.ua/?p=47679,Автобусний тур «Альпійський експрес: Швейцарія + Австрія» зі Львова,14.6.2026,15.06.2026,,,,
https://www.i-travel.com.ua/?p=47679,Автобусний тур «Альпійський експрес: Швейцарія + Австрія» зі Львова,21.6.2026,22.06.2026,,,,
https://www.i-travel.com.ua/?p=47679,Автобусний тур «Альпійський експрес: Швейцарія + Австрія» зі Львова,28.6.2026,29.06.2026,,,,
https://www.i-travel.com.ua/?p=47679,Автобусний тур «Альпійський експрес: Швейцарія + Австрія» зі Львова,05.07.2026,06.07.2026,,,,
https://www.i-travel.com.ua/?p=47679,Автобусний тур «Альпійський експрес: Швейцарія + Австрія» зі Львова,12.7.2026,13.07.2026,,,,
https://www.i-travel.com.ua/?p=47679,Автобусний тур «Альпійський експрес: Швейцарія + Австрія» зі Львова,19.7.2026,20.07.2026,,,,
https://www.i-travel.com.ua/?p=47679,Автобусний тур «Альпійський експрес: Швейцарія + Австрія» зі Львова,26.7.2026,27.07.2026,,,,
https://www.i-travel.com.ua/?p=47679,Автобусний тур «Альпійський експрес: Швейцарія + Австрія» зі Львова,02.08.2026,03.08.2026,,,,
https://www.i-travel.com.ua/?p=47679,Автобусний тур «Альпійський експрес: Швейцарія + Австрія» зі Львова,9.8.2026,10.08.2026,,,,
https://www.i-travel.com.ua/?p=47679,Автобусний тур «Альпійський експрес: Швейцарія + Австрія» зі Львова,16.08.2026,17.08.2026,,,,
https://www.i-travel.com.ua/?p=47679,Автобусний тур «Альпійський експрес: Швейцарія + Австрія» зі Львова,23.08.2026,24.08.2026,,,,
https://www.i-travel.com.ua/?p=47679,Автобусний тур «Альпійський експрес: Швейцарія + Австрія» зі Львова,30.08.2026,31.08.2026,,,,
https://www.i-travel.com.ua/?p=47679,Автобусний тур «Альпійський експрес: Швейцарія + Австрія» зі Львова,06.09.2026,07.09.2026,,,,
https://www.i-travel.com.ua/?p=47679,Автобусний тур «Альпійський експрес: Швейцарія + Австрія» зі Львова,13.09.2026,14.09.2026,,,,
https://www.i-travel.com.ua/?p=47679,Автобусний тур «Альпійський експрес: Швейцарія + Австрія» зі Львова,20.09.2026,21.09.2026,,,,
https://www.i-travel.com.ua/?p=47679,Автобусний тур «Альпійський експрес: Швейцарія + Австрія» зі Львова,27.09.2026,28.09.2026,,,,
https://www.i-travel.com.ua/?p=47679,Автобусний тур «Альпійський експрес: Швейцарія + Австрія» зі Львова,04.10.2026,05.10.2026,,,,
https://www.i-travel.com.ua/?p=47679,Автобусний тур «Альпійський експрес: Швейцарія + Австрія» зі Львова,11.10.2026,12.10.2026,,,,
https://www.i-travel.com.ua/?p=47679,Автобусний тур «Альпійський експрес: Швейцарія + Австрія» зі Львова,18.10.2026,19.10.2026,,,,
https://www.i-travel.com.ua/?p=47679,Автобусний тур «Альпійський експрес: Швейцарія + Австрія» зі Львова,25.10.2026,26.10.2026,,,,
https://www.i-travel.com.ua/?p=47679,Автобусний тур «Альпійський експрес: Швейцарія + Австрія» зі Львова,01.11.2026,02.11.2026,,,,
https://www.i-travel.com.ua/?p=47679,Автобусний тур «Альпійський експрес: Швейцарія + Австрія» зі Львова,08.11.2026,09.11.2026,,,,
https://www.i-travel.com.ua/?p=47679,Автобусний тур «Альпійський експрес: Швейцарія + Австрія» зі Львова,15.11.2026,16.11.2026,,,,
https://www.i-travel.com.ua/?p=47679,Автобусний тур «Альпійський експрес: Швейцарія + Австрія» зі Львова,22.11.2026,23.11.2026,,,,
https://www.i-travel.com.ua/?p=47679,Автобусний тур «Альпійський експрес: Швейцарія + Австрія» зі Львова,29.11.2026,30.11.2026,,,,
https://www.i-travel.com.ua/?p=47679,Автобусний тур «Альпійський експрес: Швейцарія + Австрія» зі Львова,06.12.2026,07.12.2026,,,,
https://www.i-travel.com.ua/?p=47679,Автобусний тур «Альпійський експрес: Швейцарія + Австрія» зі Львова,13.12.2026,14.12.2026,,,,
https://www.i-travel.com.ua/?p=47679,Автобусний тур «Альпійський експрес: Швейцарія + Австрія» зі Львова,22.12.2026,23.12.2026,,,,
https://www.i-travel.com.ua/?p=47679,Автобусний тур «Альпійський експрес: Швейцарія + Австрія» зі Львова,29.12.2026,30.12.2026,,,,
https://www.i-travel.com.ua/?p=49014,"Автобусний тур «Тур-де-Круасан: Париж (4 дні), Нормандія, замки Луари» зі Львова",01.05.2026,02.05.2026,,,,
https://www.i-travel.com.ua/?p=49014,"Автобусний тур «Тур-де-Круасан: Париж (4 дні), Нормандія, замки Луари» зі Львова",31.10.2026,01.11.2026,,,,
https://www.i-travel.com.ua/?p=49014,"Автобусний тур «Тур-де-Круасан: Париж (4 дні), Нормандія, замки Луари» зі Львова",30.01.2026,31.01.2026,,,,
https://www.i-travel.com.ua/?p=49014,"Автобусний тур «Тур-де-Круасан: Париж (4 дні), Нормандія, замки Луари» зі Львова",28.2.2026,01.03.2026,,,,
https://www.i-travel.com.ua/?p=49014,"Автобусний тур «Тур-де-Круасан: Париж (4 дні), Нормандія, замки Луари» зі Львова",20.3.2026,21.03.2026,,,,
https://www.i-travel.com.ua/?p=49014,"Автобусний тур «Тур-де-Круасан: Париж (4 дні), Нормандія, замки Луари» зі Львова",28.03.2026,29.03.2026,,,,
https://www.i-travel.com.ua/?p=49014,"Автобусний тур «Тур-де-Круасан: Париж (4 дні), Нормандія, замки Луари» зі Львова",22.3.2026,23.03.2026,,,,
https://www.i-travel.com.ua/?p=49014,"Автобусний тур «Тур-де-Круасан: Париж (4 дні), Нормандія, замки Луари» зі Львова",02.05.2026,03.05.2026,,,,
https://www.i-travel.com.ua/?p=49014,"Автобусний тур «Тур-де-Круасан: Париж (4 дні), Нормандія, замки Луари» зі Львова",28.04.2026,29.04.2026,,,,
https://www.i-travel.com.ua/?p=49014,"Автобусний тур «Тур-де-Круасан: Париж (4 дні), Нормандія, замки Луари» зі Львова",30.05.2026,31.05.2026,,,,
https://www.i-travel.com.ua/?p=49014,"Автобусний тур «Тур-де-Круасан: Париж (4 дні), Нормандія, замки Луари» зі Львова",13.06.2026,14.06.2026,,,,
https://www.i-travel.com.ua/?p=49014,"Автобусний тур «Тур-де-Круасан: Париж (4 дні), Нормандія, замки Луари» зі Львова",27.06.2026,28.06.2026,,,,
https://www.i-travel.com.ua/?p=49014,"Автобусний тур «Тур-де-Круасан: Париж (4 дні), Нормандія, замки Луари» зі Львова",11.07.2026,12.07.2026,,,,
https://www.i-travel.com.ua/?p=49014,"Автобусний тур «Тур-де-Круасан: Париж (4 дні), Нормандія, замки Луари» зі Львова",25.07.2026,26.07.2026,,,,
https://www.i-travel.com.ua/?p=49014,"Автобусний тур «Тур-де-Круасан: Париж (4 дні), Нормандія, замки Луари» зі Львова",08.08.2026,09.08.2026,,,,
https://www.i-travel.com.ua/?p=49014,"Автобусний тур «Тур-де-Круасан: Париж (4 дні), Нормандія, замки Луари» зі Львова",22.08.2026,23.08.2026,,,,
https://www.i-travel.com.ua/?p=49014,"Автобусний тур «Тур-де-Круасан: Париж (4 дні), Нормандія, замки Луари» зі Львова",05.09.2026,06.09.2026,,,,
https://www.i-travel.com.ua/?p=49014,"Автобусний тур «Тур-де-Круасан: Париж (4 дні), Нормандія, замки Луари» зі Львова",19.09.2026,20.09.2026,,,,
https://www.i-travel.com.ua/?p=49014,"Автобусний тур «Тур-де-Круасан: Париж (4 дні), Нормандія, замки Луари» зі Львова",03.10.2026,04.10.2026,,,,
https://www.i-travel.com.ua/?p=49014,"Автобусний тур «Тур-де-Круасан: Париж (4 дні), Нормандія, замки Луари» зі Львова",17.10.2026,18.10.2026,,,,
https://www.i-travel.com.ua/?p=49014,"Автобусний тур «Тур-де-Круасан: Париж (4 дні), Нормандія, замки Луари» зі Львова",24.10.2026,25.10.2026,,,,
https://www.i-travel.com.ua/?p=49014,"Автобусний тур «Тур-де-Круасан: Париж (4 дні), Нормандія, замки Луари» зі Львова",07.11.2026,08.11.2026,,,,
https://www.i-travel.com.ua/?p=49014,"Автобусний тур «Тур-де-Круасан: Париж (4 дні), Нормандія, замки Луари» зі Львова",21.11.2026,22.11.2026,,,,
https://www.i-travel.com.ua/?p=49014,"Автобусний тур «Тур-де-Круасан: Париж (4 дні), Нормандія, замки Луари» зі Львова",05.12.2026,06.12.2026,,,,
https://www.i-travel.com.ua/?p=49014,"Автобусний тур «Тур-де-Круасан: Париж (4 дні), Нормандія, замки Луари» зі Львова",19.12.2026,20.12.2026,,,,
https://www.i-travel.com.ua/?p=49014,"Автобусний тур «Тур-де-Круасан: Париж (4 дні), Нормандія, замки Луари» зі Львова",26.12.2026,27.12.2026,,,,
https://www.i-travel.com.ua/?p=49159,"Автобусний тур «Їж.Люби.Подорожуй: Любляна, Венеція, Рим 2 дні, Флоренція» зі Львова",01.05.2026,02.05.2026,,,,
https://www.i-travel.com.ua/?p=49159,"Автобусний тур «Їж.Люби.Подорожуй: Любляна, Венеція, Рим 2 дні, Флоренція» зі Львова",31.10.2026,01.11.2026,,,,
https://www.i-travel.com.ua/?p=49159,"Автобусний тур «Їж.Люби.Подорожуй: Любляна, Венеція, Рим 2 дні, Флоренція» зі Львова",30.01.2026,31.01.2026,,,,
https://www.i-travel.com.ua/?p=49159,"Автобусний тур «Їж.Люби.Подорожуй: Любляна, Венеція, Рим 2 дні, Флоренція» зі Львова",28.2.2026,01.03.2026,,,,
https://www.i-travel.com.ua/?p=49159,"Автобусний тур «Їж.Люби.Подорожуй: Любляна, Венеція, Рим 2 дні, Флоренція» зі Львова",20.3.2026,21.03.2026,,,,
https://www.i-travel.com.ua/?p=49159,"Автобусний тур «Їж.Люби.Подорожуй: Любляна, Венеція, Рим 2 дні, Флоренція» зі Львова",28.03.2026,29.03.2026,,,,
https://www.i-travel.com.ua/?p=49159,"Автобусний тур «Їж.Люби.Подорожуй: Любляна, Венеція, Рим 2 дні, Флоренція» зі Львова",22.3.2026,23.03.2026,,,,
https://www.i-travel.com.ua/?p=49159,"Автобусний тур «Їж.Люби.Подорожуй: Любляна, Венеція, Рим 2 дні, Флоренція» зі Львова",02.05.2026,03.05.2026,,,,
https://www.i-travel.com.ua/?p=49159,"Автобусний тур «Їж.Люби.Подорожуй: Любляна, Венеція, Рим 2 дні, Флоренція» зі Львова",28.04.2026,29.04.2026,,,,
https://www.i-travel.com.ua/?p=49159,"Автобусний тур «Їж.Люби.Подорожуй: Любляна, Венеція, Рим 2 дні, Флоренція» зі Львова",29.05.2026,30.05.2026,,,,
https://www.i-travel.com.ua/?p=49159,"Автобусний тур «Їж.Люби.Подорожуй: Любляна, Венеція, Рим 2 дні, Флоренція» зі Львова",12.06.2026,13.06.2026,,,,
https://www.i-travel.com.ua/?p=49159,"Автобусний тур «Їж.Люби.Подорожуй: Любляна, Венеція, Рим 2 дні, Флоренція» зі Львова",26.06.2026,27.06.2026,,,,
https://www.i-travel.com.ua/?p=49159,"Автобусний тур «Їж.Люби.Подорожуй: Любляна, Венеція, Рим 2 дні, Флоренція» зі Львова",10.07.2026,11.07.2026,,,,
https://www.i-travel.com.ua/?p=49159,"Автобусний тур «Їж.Люби.Подорожуй: Любляна, Венеція, Рим 2 дні, Флоренція» зі Львова",24.07.2026,25.07.2026,,,,
https://www.i-travel.com.ua/?p=49159,"Автобусний тур «Їж.Люби.Подорожуй: Любляна, Венеція, Рим 2 дні, Флоренція» зі Львова",14.08.2026,15.08.2026,,,,
https://www.i-travel.com.ua/?p=49159,"Автобусний тур «Їж.Люби.Подорожуй: Любляна, Венеція, Рим 2 дні, Флоренція» зі Львова",25.08.2026,26.08.2026,,,,
https://www.i-travel.com.ua/?p=49159,"Автобусний тур «Їж.Люби.Подорожуй: Любляна, Венеція, Рим 2 дні, Флоренція» зі Львова",04.09.2026,05.09.2026,,,,
https://www.i-travel.com.ua/?p=49159,"Автобусний тур «Їж.Люби.Подорожуй: Любляна, Венеція, Рим 2 дні, Флоренція» зі Львова",18.09.2026,19.09.2026,,,,
https://www.i-travel.com.ua/?p=49159,"Автобусний тур «Їж.Люби.Подорожуй: Любляна, Венеція, Рим 2 дні, Флоренція» зі Львова",02.10.2026,03.10.2026,,,,
https://www.i-travel.com.ua/?p=49159,"Автобусний тур «Їж.Люби.Подорожуй: Любляна, Венеція, Рим 2 дні, Флоренція» зі Львова",16.10.2026,17.10.2026,,,,
https://www.i-travel.com.ua/?p=49159,"Автобусний тур «Їж.Люби.Подорожуй: Любляна, Венеція, Рим 2 дні, Флоренція» зі Львова",24.10.2026,25.10.2026,,,,
https://www.i-travel.com.ua/?p=49159,"Автобусний тур «Їж.Люби.Подорожуй: Любляна, Венеція, Рим 2 дні, Флоренція» зі Львова",06.11.2026,07.11.2026,,,,
https://www.i-travel.com.ua/?p=49159,"Автобусний тур «Їж.Люби.Подорожуй: Любляна, Венеція, Рим 2 дні, Флоренція» зі Львова",20.11.2026,21.11.2026,,,,
https://www.i-travel.com.ua/?p=49159,"Автобусний тур «Їж.Люби.Подорожуй: Любляна, Венеція, Рим 2 дні, Флоренція» зі Львова",04.12.2026,05.12.2026,,,,
https://www.i-travel.com.ua/?p=49159,"Автобусний тур «Їж.Люби.Подорожуй: Любляна, Венеція, Рим 2 дні, Флоренція» зі Львова",18.12.2026,19.12.2026,,,,
https://www.i-travel.com.ua/?p=49159,"Автобусний тур «Їж.Люби.Подорожуй: Любляна, Венеція, Рим 2 дні, Флоренція» зі Львова",28.12.2026,29.12.2026,,,,
https://www.i-travel.com.ua/avtobusnyj-tur-viva-italiya-venetsiya-milan-ozera-garda-ta-komo-zi-lvova/,"Автобусний тур «VIVA Італія! Венеція, Мілан, озера Гарда та Комо» зі Львова",01.05.2026,02.05.2026,,,,
https://www.i-travel.com.ua/avtobusnyj-tur-viva-italiya-venetsiya-milan-ozera-garda-ta-komo-zi-lvova/,"Автобусний тур «VIVA Італія! Венеція, Мілан, озера Гарда та Комо» зі Львова",31.10.2026,01.11.2026,,,,
https://www.i-travel.com.ua/avtobusnyj-tur-viva-italiya-venetsiya-milan-ozera-garda-ta-komo-zi-lvova/,"Автобусний тур «VIVA Італія! Венеція, Мілан, озера Гарда та Комо» зі Львова",30.01.2026,31.01.2026,,,,
https://www.i-travel.com.ua/avtobusnyj-tur-viva-italiya-venetsiya-milan-ozera-garda-ta-komo-zi-lvova/,"Автобусний тур «VIVA Італія! Венеція, Мілан, озера Гарда та Комо» зі Львова",28.02.2026,01.03.2026,,,,
https://www.i-travel.com.ua/avtobusnyj-tur-viva-italiya-venetsiya-milan-ozera-garda-ta-komo-zi-lvova/,"Автобусний тур «VIVA Італія! Венеція, Мілан, озера Гарда та Комо» зі Львова",20.03.2026,21.03.2026,,,,
https://www.i-travel.com.ua/avtobusnyj-tur-viva-italiya-venetsiya-milan-ozera-garda-ta-komo-zi-lvova/,"Автобусний тур «VIVA Італія! Венеція, Мілан, озера Гарда та Комо» зі Львова",28.03.2026,29.03.2026,,,,
https://www.i-travel.com.ua/avtobusnyj-tur-viva-italiya-venetsiya-milan-ozera-garda-ta-komo-zi-lvova/,"Автобусний тур «VIVA Італія! Венеція, Мілан, озера Гарда та Комо» зі Львова",22.03.2026,23.03.2026,,,,
https://www.i-travel.com.ua/avtobusnyj-tur-viva-italiya-venetsiya-milan-ozera-garda-ta-komo-zi-lvova/,"Автобусний тур «VIVA Італія! Венеція, Мілан, озера Гарда та Комо» зі Львова",02.05.2026,03.05.2026,,,,
https://www.i-travel.com.ua/avtobusnyj-tur-viva-italiya-venetsiya-milan-ozera-garda-ta-komo-zi-lvova/,"Автобусний тур «VIVA Італія! Венеція, Мілан, озера Гарда та Комо» зі Львова",28.04.2026,29.04.2026,,,,
https://www.i-travel.com.ua/avtobusnyj-tur-viva-italiya-venetsiya-milan-ozera-garda-ta-komo-zi-lvova/,"Автобусний тур «VIVA Італія! Венеція, Мілан, озера Гарда та Комо» зі Львова",29.5.2026,30.05.2026,,,,
https://www.i-travel.com.ua/avtobusnyj-tur-viva-italiya-venetsiya-milan-ozera-garda-ta-komo-zi-lvova/,"Автобусний тур «VIVA Італія! Венеція, Мілан, озера Гарда та Комо» зі Львова",2.6.2026,03.06.2026,,,,
https://www.i-travel.com.ua/avtobusnyj-tur-viva-italiya-venetsiya-milan-ozera-garda-ta-komo-zi-lvova/,"Автобусний тур «VIVA Італія! Венеція, Мілан, озера Гарда та Комо» зі Львова",16.6.2026,17.06.2026,,,,
https://www.i-travel.com.ua/avtobusnyj-tur-viva-italiya-venetsiya-milan-ozera-garda-ta-komo-zi-lvova/,"Автобусний тур «VIVA Італія! Венеція, Мілан, озера Гарда та Комо» зі Львова",26.06.2026,27.06.2026,,,,
https://www.i-travel.com.ua/avtobusnyj-tur-viva-italiya-venetsiya-milan-ozera-garda-ta-komo-zi-lvova/,"Автобусний тур «VIVA Італія! Венеція, Мілан, озера Гарда та Комо» зі Львова",03.07.2026,04.07.2026,,,,
https://www.i-travel.com.ua/avtobusnyj-tur-viva-italiya-venetsiya-milan-ozera-garda-ta-komo-zi-lvova/,"Автобусний тур «VIVA Італія! Венеція, Мілан, озера Гарда та Комо» зі Львова",7.7.2026,08.07.2026,,,,
https://www.i-travel.com.ua/avtobusnyj-tur-viva-italiya-venetsiya-milan-ozera-garda-ta-komo-zi-lvova/,"Автобусний тур «VIVA Італія! Венеція, Мілан, озера Гарда та Комо» зі Львова",17.7.2026,18.07.2026,,,,
https://www.i-travel.com.ua/avtobusnyj-tur-viva-italiya-venetsiya-milan-ozera-garda-ta-komo-zi-lvova/,"Автобусний тур «VIVA Італія! Венеція, Мілан, озера Гарда та Комо» зі Львова",21.7.2026,22.07.2026,,,,
https://www.i-travel.com.ua/avtobusnyj-tur-viva-italiya-venetsiya-milan-ozera-garda-ta-komo-zi-lvova/,"Автобусний тур «VIVA Італія! Венеція, Мілан, озера Гарда та Комо» зі Львова",31.07.2026,01.08.2026,,,,
https://www.i-travel.com.ua/avtobusnyj-tur-viva-italiya-venetsiya-milan-ozera-garda-ta-komo-zi-lvova/,"Автобусний тур «VIVA Італія! Венеція, Мілан, озера Гарда та Комо» зі Львова",7.8.2026,08.08.2026,,,,
https://www.i-travel.com.ua/avtobusnyj-tur-viva-italiya-venetsiya-milan-ozera-garda-ta-komo-zi-lvova/,"Автобусний тур «VIVA Італія! Венеція, Мілан, озера Гарда та Комо» зі Львова",11.8.2026,12.08.2026,,,,
https://www.i-travel.com.ua/avtobusnyj-tur-viva-italiya-venetsiya-milan-ozera-garda-ta-komo-zi-lvova/,"Автобусний тур «VIVA Італія! Венеція, Мілан, озера Гарда та Комо» зі Львова",21.8.2026,22.08.2026,,,,
https://www.i-travel.com.ua/avtobusnyj-tur-viva-italiya-venetsiya-milan-ozera-garda-ta-komo-zi-lvova/,"Автобусний тур «VIVA Італія! Венеція, Мілан, озера Гарда та Комо» зі Львова",25.08.2026,26.08.2026,,,,
https://www.i-travel.com.ua/avtobusnyj-tur-viva-italiya-venetsiya-milan-ozera-garda-ta-komo-zi-lvova/,"Автобусний тур «VIVA Італія! Венеція, Мілан, озера Гарда та Комо» зі Львова",4.9.2026,05.09.2026,,,,
https://www.i-travel.com.ua/avtobusnyj-tur-viva-italiya-venetsiya-milan-ozera-garda-ta-komo-zi-lvova/,"Автобусний тур «VIVA Італія! Венеція, Мілан, озера Гарда та Комо» зі Львова",08.09.2026,09.09.2026,,,,
https://www.i-travel.com.ua/avtobusnyj-tur-viva-italiya-venetsiya-milan-ozera-garda-ta-komo-zi-lvova/,"Автобусний тур «VIVA Італія! Венеція, Мілан, озера Гарда та Комо» зі Львова",18.09.2026,19.09.2026,,,,
https://www.i-travel.com.ua/avtobusnyj-tur-viva-italiya-venetsiya-milan-ozera-garda-ta-komo-zi-lvova/,"Автобусний тур «VIVA Італія! Венеція, Мілан, озера Гарда та Комо» зі Львова",22.09.2026,23.09.2026,,,,
https://www.i-travel.com.ua/avtobusnyj-tur-viva-italiya-venetsiya-milan-ozera-garda-ta-komo-zi-lvova/,"Автобусний тур «VIVA Італія! Венеція, Мілан, озера Гарда та Комо» зі Львова",02.10.2026,03.10.2026,,,,
https://www.i-travel.com.ua/avtobusnyj-tur-viva-italiya-venetsiya-milan-ozera-garda-ta-komo-zi-lvova/,"Автобусний тур «VIVA Італія! Венеція, Мілан, озера Гарда та Комо» зі Львова",06.10.2026,07.10.2026,,,,
https://www.i-travel.com.ua/avtobusnyj-tur-viva-italiya-venetsiya-milan-ozera-garda-ta-komo-zi-lvova/,"Автобусний тур «VIVA Італія! Венеція, Мілан, озера Гарда та Комо» зі Львова",16.10.2026,17.10.2026,,,,
https://www.i-travel.com.ua/avtobusnyj-tur-viva-italiya-venetsiya-milan-ozera-garda-ta-komo-zi-lvova/,"Автобусний тур «VIVA Італія! Венеція, Мілан, озера Гарда та Комо» зі Львова",20.10.2026,21.10.2026,,,,
https://www.i-travel.com.ua/avtobusnyj-tur-viva-italiya-venetsiya-milan-ozera-garda-ta-komo-zi-lvova/,"Автобусний тур «VIVA Італія! Венеція, Мілан, озера Гарда та Комо» зі Львова",23.10.2026,24.10.2026,,,,
https://www.i-travel.com.ua/avtobusnyj-tur-viva-italiya-venetsiya-milan-ozera-garda-ta-komo-zi-lvova/,"Автобусний тур «VIVA Італія! Венеція, Мілан, озера Гарда та Комо» зі Львова",27.10.2026,28.10.2026,,,,
https://www.i-travel.com.ua/avtobusnyj-tur-viva-italiya-venetsiya-milan-ozera-garda-ta-komo-zi-lvova/,"Автобусний тур «VIVA Італія! Венеція, Мілан, озера Гарда та Комо» зі Львова",06.11.2026,07.11.2026,,,,
https://www.i-travel.com.ua/avtobusnyj-tur-viva-italiya-venetsiya-milan-ozera-garda-ta-komo-zi-lvova/,"Автобусний тур «VIVA Італія! Венеція, Мілан, озера Гарда та Комо» зі Львова",10.11.2026,11.11.2026,,,,
https://www.i-travel.com.ua/avtobusnyj-tur-viva-italiya-venetsiya-milan-ozera-garda-ta-komo-zi-lvova/,"Автобусний тур «VIVA Італія! Венеція, Мілан, озера Гарда та Комо» зі Львова",20.11.2026,21.11.2026,,,,
https://www.i-travel.com.ua/avtobusnyj-tur-viva-italiya-venetsiya-milan-ozera-garda-ta-komo-zi-lvova/,"Автобусний тур «VIVA Італія! Венеція, Мілан, озера Гарда та Комо» зі Львова",24.11.2026,25.11.2026,,,,
https://www.i-travel.com.ua/avtobusnyj-tur-viva-italiya-venetsiya-milan-ozera-garda-ta-komo-zi-lvova/,"Автобусний тур «VIVA Італія! Венеція, Мілан, озера Гарда та Комо» зі Львова",04.12.2026,05.12.2026,,,,
https://www.i-travel.com.ua/avtobusnyj-tur-viva-italiya-venetsiya-milan-ozera-garda-ta-komo-zi-lvova/,"Автобусний тур «VIVA Італія! Венеція, Мілан, озера Гарда та Комо» зі Львова",08.12.2026,09.12.2026,,,,
https://www.i-travel.com.ua/avtobusnyj-tur-viva-italiya-venetsiya-milan-ozera-garda-ta-komo-zi-lvova/,"Автобусний тур «VIVA Італія! Венеція, Мілан, озера Гарда та Комо» зі Львова",18.12.2026,19.12.2026,,,,
https://www.i-travel.com.ua/avtobusnyj-tur-viva-italiya-venetsiya-milan-ozera-garda-ta-komo-zi-lvova/,"Автобусний тур «VIVA Італія! Венеція, Мілан, озера Гарда та Комо» зі Львова",29.12.2026,30.12.2026,,,,
https://www.i-travel.com.ua/?p=45351,Автобусний тур «Європейська відпустка у Europa Park» зі Львова,01.05.2026,02.05.2026,,,,
https://www.i-travel.com.ua/?p=45351,Автобусний тур «Європейська відпустка у Europa Park» зі Львова,31.10.2026,01.11.2026,,,,
https://www.i-travel.com.ua/?p=45351,Автобусний тур «Європейська відпустка у Europa Park» зі Львова,30.1.2026,31.01.2026,,,,
https://www.i-travel.com.ua/?p=45351,Автобусний тур «Європейська відпустка у Europa Park» зі Львова,28.02.2026,01.03.2026,,,,
https://www.i-travel.com.ua/?p=45351,Автобусний тур «Європейська відпустка у Europa Park» зі Львова,20.3.2026,21.03.2026,,,,
https://www.i-travel.com.ua/?p=45351,Автобусний тур «Європейська відпустка у Europa Park» зі Львова,28.03.2026,29.03.2026,,,,
https://www.i-travel.com.ua/?p=45351,Автобусний тур «Європейська відпустка у Europa Park» зі Львова,22.3.2026,23.03.2026,,,,
https://www.i-travel.com.ua/?p=45351,Автобусний тур «Європейська відпустка у Europa Park» зі Львова,02.05.2026,03.05.2026,,,,
https://www.i-travel.com.ua/?p=45351,Автобусний тур «Європейська відпустка у Europa Park» зі Львова,28.4.2026,29.04.2026,,,,
https://www.i-travel.com.ua/?p=45351,Автобусний тур «Європейська відпустка у Europa Park» зі Львова,30.05.2026,31.05.2026,,,,
https://www.i-travel.com.ua/?p=45351,Автобусний тур «Європейська відпустка у Europa Park» зі Львова,13.06.2026,14.06.2026,,,,
https://www.i-travel.com.ua/?p=45351,Автобусний тур «Європейська відпустка у Europa Park» зі Львова,27.06.2026,28.06.2026,,,,
https://www.i-travel.com.ua/?p=45351,Автобусний тур «Європейська відпустка у Europa Park» зі Львова,11.07.2026,12.07.2026,,,,
https://www.i-travel.com.ua/?p=45351,Автобусний тур «Європейська відпустка у Europa Park» зі Львова,25.07.2026,26.07.2026,,,,
https://www.i-travel.com.ua/?p=45351,Автобусний тур «Європейська відпустка у Europa Park» зі Львова,08.08.2026,09.08.2026,,,,
https://www.i-travel.com.ua/?p=45351,Автобусний тур «Європейська відпустка у Europa Park» зі Львова,22.08.2026,23.08.2026,,,,
https://www.i-travel.com.ua/?p=45351,Автобусний тур «Європейська відпустка у Europa Park» зі Львова,05.09.2026,06.09.2026,,,,
https://www.i-travel.com.ua/?p=45351,Автобусний тур «Європейська відпустка у Europa Park» зі Львова,19.09.2026,20.09.2026,,,,
https://www.i-travel.com.ua/?p=45351,Автобусний тур «Європейська відпустка у Europa Park» зі Львова,03.10.2026,04.10.2026,,,,
https://www.i-travel.com.ua/?p=45351,Автобусний тур «Європейська відпустка у Europa Park» зі Львова,17.10.2026,18.10.2026,,,,
https://www.i-travel.com.ua/?p=45351,Автобусний тур «Європейська відпустка у Europa Park» зі Львова,24.10.2026,25.10.2026,,,,
https://www.i-travel.com.ua/?p=45351,Автобусний тур «Європейська відпустка у Europa Park» зі Львова,07.11.2026,08.11.2026,,,,
https://www.i-travel.com.ua/?p=45351,Автобусний тур «Європейська відпустка у Europa Park» зі Львова,21.11.2026,22.11.2026,,,,
https://www.i-travel.com.ua/?p=45351,Автобусний тур «Європейська відпустка у Europa Park» зі Львова,05.12.2026,06.12.2026,,,,
https://www.i-travel.com.ua/?p=45351,Автобусний тур «Європейська відпустка у Europa Park» зі Львова,19.12.2026,20.12.2026,,,,
https://www.i-travel.com.ua/avtobusnyj-tur-berlinskyj-ekspres-zi-lvova/,Автобусний тур «Берлінський експрес» зі Львова,01.05.2026,02.05.2026,,,,
https://www.i-travel.com.ua/avtobusnyj-tur-berlinskyj-ekspres-zi-lvova/,Автобусний тур «Берлінський експрес» зі Львова,31.10.2026,01.11.2026,,,,
https://www.i-travel.com.ua/avtobusnyj-tur-berlinskyj-ekspres-zi-lvova/,Автобусний тур «Берлінський експрес» зі Львова,30.01.2026,31.01.2026,,,,
https://www.i-travel.com.ua/avtobusnyj-tur-berlinskyj-ekspres-zi-lvova/,Автобусний тур «Берлінський експрес» зі Львова,28.02.2026,01.03.2026,,,,
https://www.i-travel.com.ua/avtobusnyj-tur-berlinskyj-ekspres-zi-lvova/,Автобусний тур «Берлінський експрес» зі Львова,20.03.2026,21.03.2026,,,,
https://www.i-travel.com.ua/avtobusnyj-tur-berlinskyj-ekspres-zi-lvova/,Автобусний тур «Берлінський експрес» зі Львова,28.03.2026,29.03.2026,,,,
https://www.i-travel.com.ua/avtobusnyj-tur-berlinskyj-ekspres-zi-lvova/,Автобусний тур «Берлінський експрес» зі Львова,22.03.2026,23.03.2026,,,,
https://www.i-travel.com.ua/avtobusnyj-tur-berlinskyj-ekspres-zi-lvova/,Автобусний тур «Берлінський експрес» зі Львова,02.05.2026,03.05.2026,,,,
https://www.i-travel.com.ua/avtobusnyj-tur-berlinskyj-ekspres-zi-lvova/,Автобусний тур «Берлінський експрес» зі Львова,28.04.2026,29.04.2026,,,,
https://www.i-travel.com.ua/avtobusnyj-tur-berlinskyj-ekspres-zi-lvova/,Автобусний тур «Берлінський експрес» зі Львова,22.05.2026,23.05.2026,,,,
https://www.i-travel.com.ua/avtobusnyj-tur-berlinskyj-ekspres-zi-lvova/,Автобусний тур «Берлінський експрес» зі Львова,29.05.2026,30.05.2026,,,,
https://www.i-travel.com.ua/avtobusnyj-tur-berlinskyj-ekspres-zi-lvova/,Автобусний тур «Берлінський експрес» зі Львова,05.06.2026,06.06.2026,,,,
https://www.i-travel.com.ua/avtobusnyj-tur-berlinskyj-ekspres-zi-lvova/,Автобусний тур «Берлінський експрес» зі Львова,12.6.2026,13.06.2026,,,,
https://www.i-travel.com.ua/avtobusnyj-tur-berlinskyj-ekspres-zi-lvova/,Автобусний тур «Берлінський експрес» зі Львова,19.6.2026,20.06.2026,,,,
https://www.i-travel.com.ua/avtobusnyj-tur-berlinskyj-ekspres-zi-lvova/,Автобусний тур «Берлінський експрес» зі Львова,26.6.2026,27.06.2026,,,,
https://www.i-travel.com.ua/avtobusnyj-tur-berlinskyj-ekspres-zi-lvova/,Автобусний тур «Берлінський експрес» зі Львова,3.7.2026,04.07.2026,,,,
https://www.i-travel.com.ua/avtobusnyj-tur-berlinskyj-ekspres-zi-lvova/,Автобусний тур «Берлінський експрес» зі Львова,10.07.2026,11.07.2026,,,,
https://www.i-travel.com.ua/avtobusnyj-tur-berlinskyj-ekspres-zi-lvova/,Автобусний тур «Берлінський експрес» зі Львова,17.7.2026,18.07.2026,,,,
https://www.i-travel.com.ua/avtobusnyj-tur-berlinskyj-ekspres-zi-lvova/,Автобусний тур «Берлінський експрес» зі Львова,24.7.2026,25.07.2026,,,,
https://www.i-travel.com.ua/avtobusnyj-tur-berlinskyj-ekspres-zi-lvova/,Автобусний тур «Берлінський експрес» зі Львова,31.7.2026,01.08.2026,,,,
https://www.i-travel.com.ua/avtobusnyj-tur-berlinskyj-ekspres-zi-lvova/,Автобусний тур «Берлінський експрес» зі Львова,07.08.2026,08.08.2026,,,,
https://www.i-travel.com.ua/avtobusnyj-tur-berlinskyj-ekspres-zi-lvova/,Автобусний тур «Берлінський експрес» зі Львова,14.08.2026,15.08.2026,,,,
https://www.i-travel.com.ua/avtobusnyj-tur-berlinskyj-ekspres-zi-lvova/,Автобусний тур «Берлінський експрес» зі Львова,21.8.2026,22.08.2026,,,,
https://www.i-travel.com.ua/avtobusnyj-tur-berlinskyj-ekspres-zi-lvova/,Автобусний тур «Берлінський експрес» зі Львова,28.8.2026,29.08.2026,,,,
https://www.i-travel.com.ua/avtobusnyj-tur-berlinskyj-ekspres-zi-lvova/,Автобусний тур «Берлінський експрес» зі Львова,04.09.2026,05.09.2026,,,,
https://www.i-travel.com.ua/avtobusnyj-tur-berlinskyj-ekspres-zi-lvova/,Автобусний тур «Берлінський експрес» зі Львова,11.9.2026,12.09.2026,,,,
https://www.i-travel.com.ua/avtobusnyj-tur-berlinskyj-ekspres-zi-lvova/,Автобусний тур «Берлінський експрес» зі Львова,18.09.2026,19.09.2026,,,,
https://www.i-travel.com.ua/avtobusnyj-tur-berlinskyj-ekspres-zi-lvova/,Автобусний тур «Берлінський експрес» зі Львова,25.09.2026,26.09.2026,,,,
https://www.i-travel.com.ua/avtobusnyj-tur-berlinskyj-ekspres-zi-lvova/,Автобусний тур «Берлінський експрес» зі Львова,02.10.2026,03.10.2026,,,,
https://www.i-travel.com.ua/avtobusnyj-tur-berlinskyj-ekspres-zi-lvova/,Автобусний тур «Берлінський експрес» зі Львова,09.10.2026,10.10.2026,,,,
https://www.i-travel.com.ua/avtobusnyj-tur-berlinskyj-ekspres-zi-lvova/,Автобусний тур «Берлінський експрес» зі Львова,16.10.2026,17.10.2026,,,,
https://www.i-travel.com.ua/avtobusnyj-tur-berlinskyj-ekspres-zi-lvova/,Автобусний тур «Берлінський експрес» зі Львова,23.10.2026,24.10.2026,,,,
https://www.i-travel.com.ua/avtobusnyj-tur-berlinskyj-ekspres-zi-lvova/,Автобусний тур «Берлінський експрес» зі Львова,30.10.2026,31.10.2026,,,,
https://www.i-travel.com.ua/avtobusnyj-tur-berlinskyj-ekspres-zi-lvova/,Автобусний тур «Берлінський експрес» зі Львова,06.11.2026,07.11.2026,,,,
https://www.i-travel.com.ua/avtobusnyj-tur-berlinskyj-ekspres-zi-lvova/,Автобусний тур «Берлінський експрес» зі Львова,13.11.2026,14.11.2026,,,,
https://www.i-travel.com.ua/avtobusnyj-tur-berlinskyj-ekspres-zi-lvova/,Автобусний тур «Берлінський експрес» зі Львова,20.11.2026,21.11.2026,,,,
https://www.i-travel.com.ua/avtobusnyj-tur-berlinskyj-ekspres-zi-lvova/,Автобусний тур «Берлінський експрес» зі Львова,27.11.2026,28.11.2026,,,,
https://www.i-travel.com.ua/avtobusnyj-tur-berlinskyj-ekspres-zi-lvova/,Автобусний тур «Берлінський експрес» зі Львова,04.12.2026,05.12.2026,,,,
https://www.i-travel.com.ua/avtobusnyj-tur-berlinskyj-ekspres-zi-lvova/,Автобусний тур «Берлінський експрес» зі Львова,11.12.2026,12.12.2026,,,,
https://www.i-travel.com.ua/avtobusnyj-tur-berlinskyj-ekspres-zi-lvova/,Автобусний тур «Берлінський експрес» зі Львова,18.12.2026,19.12.2026,,,,
https://www.i-travel.com.ua/avtobusnyj-tur-berlinskyj-ekspres-zi-lvova/,Автобусний тур «Берлінський експрес» зі Львова,23.12.2026,24.12.2026,,,,
https://www.i-travel.com.ua/avtobusnyj-tur-berlinskyj-ekspres-zi-lvova/,Автобусний тур «Берлінський експрес» зі Львова,30.12.2026,31.12.2026,,,,
https://www.i-travel.com.ua/avtobusnyj-tur-lazurnyj-shyk-2-dni-na-ryv-yeri-zi-lvovu/,Автобусний тур «Лазурний шик: 2 дні на Рив єрі» зі Львова,01.05.2026,02.05.2026,,,,
https://www.i-travel.com.ua/avtobusnyj-tur-lazurnyj-shyk-2-dni-na-ryv-yeri-zi-lvovu/,Автобусний тур «Лазурний шик: 2 дні на Рив єрі» зі Львова,31.10.2026,01.11.2026,,,,
https://www.i-travel.com.ua/avtobusnyj-tur-lazurnyj-shyk-2-dni-na-ryv-yeri-zi-lvovu/,Автобусний тур «Лазурний шик: 2 дні на Рив єрі» зі Львова,30.1.2026,31.01.2026,,,,
https://www.i-travel.com.ua/avtobusnyj-tur-lazurnyj-shyk-2-dni-na-ryv-yeri-zi-lvovu/,Автобусний тур «Лазурний шик: 2 дні на Рив єрі» зі Львова,28.02.2026,01.03.2026,,,,
https://www.i-travel.com.ua/avtobusnyj-tur-lazurnyj-shyk-2-dni-na-ryv-yeri-zi-lvovu/,Автобусний тур «Лазурний шик: 2 дні на Рив єрі» зі Львова,20.3.2026,21.03.2026,,,,
https://www.i-travel.com.ua/avtobusnyj-tur-lazurnyj-shyk-2-dni-na-ryv-yeri-zi-lvovu/,Автобусний тур «Лазурний шик: 2 дні на Рив єрі» зі Львова,28.03.2026,29.03.2026,,,,
https://www.i-travel.com.ua/avtobusnyj-tur-lazurnyj-shyk-2-dni-na-ryv-yeri-zi-lvovu/,Автобусний тур «Лазурний шик: 2 дні на Рив єрі» зі Львова,22.3.2026,23.03.2026,,,,
https://www.i-travel.com.ua/avtobusnyj-tur-lazurnyj-shyk-2-dni-na-ryv-yeri-zi-lvovu/,Автобусний тур «Лазурний шик: 2 дні на Рив єрі» зі Львова,2.5.2026,03.05.2026,,,,
https://www.i-travel.com.ua/avtobusnyj-tur-lazurnyj-shyk-2-dni-na-ryv-yeri-zi-lvovu/,Автобусний тур «Лазурний шик: 2 дні на Рив єрі» зі Львова,28.04.2026,29.04.2026,,,,
https://www.i-travel.com.ua/avtobusnyj-tur-lazurnyj-shyk-2-dni-na-ryv-yeri-zi-lvovu/,Автобусний тур «Лазурний шик: 2 дні на Рив єрі» зі Львова,23.5.2026,24.05.2026,,,,
https://www.i-travel.com.ua/avtobusnyj-tur-lazurnyj-shyk-2-dni-na-ryv-yeri-zi-lvovu/,Автобусний тур «Лазурний шик: 2 дні на Рив єрі» зі Львова,30.05.2026,31.05.2026,,,,
https://www.i-travel.com.ua/avtobusnyj-tur-lazurnyj-shyk-2-dni-na-ryv-yeri-zi-lvovu/,Автобусний тур «Лазурний шик: 2 дні на Рив єрі» зі Львова,06.06.2026,07.06.2026,,,,
https://www.i-travel.com.ua/avtobusnyj-tur-lazurnyj-shyk-2-dni-na-ryv-yeri-zi-lvovu/,Автобусний тур «Лазурний шик: 2 дні на Рив єрі» зі Львова,13.06.2026,14.06.2026,,,,
https://www.i-travel.com.ua/avtobusnyj-tur-lazurnyj-shyk-2-dni-na-ryv-yeri-zi-lvovu/,Автобусний тур «Лазурний шик: 2 дні на Рив єрі» зі Львова,20.06.2026,21.06.2026,,,,
https://www.i-travel.com.ua/avtobusnyj-tur-lazurnyj-shyk-2-dni-na-ryv-yeri-zi-lvovu/,Автобусний тур «Лазурний шик: 2 дні на Рив єрі» зі Львова,27.06.2026,28.06.2026,,,,
https://www.i-travel.com.ua/avtobusnyj-tur-lazurnyj-shyk-2-dni-na-ryv-yeri-zi-lvovu/,Автобусний тур «Лазурний шик: 2 дні на Рив єрі» зі Львова,04.07.2026,05.07.2026,,,,
https://www.i-travel.com.ua/avtobusnyj-tur-lazurnyj-shyk-2-dni-na-ryv-yeri-zi-lvovu/,Автобусний тур «Лазурний шик: 2 дні на Рив єрі» зі Львова,11.07.2026,12.07.2026,,,,
https://www.i-travel.com.ua/avtobusnyj-tur-lazurnyj-shyk-2-dni-na-ryv-yeri-zi-lvovu/,Автобусний тур «Лазурний шик: 2 дні на Рив єрі» зі Львова,18.07.2026,19.07.2026,,,,
https://www.i-travel.com.ua/avtobusnyj-tur-lazurnyj-shyk-2-dni-na-ryv-yeri-zi-lvovu/,Автобусний тур «Лазурний шик: 2 дні на Рив єрі» зі Львова,25.07.2026,26.07.2026,,,,
https://www.i-travel.com.ua/avtobusnyj-tur-lazurnyj-shyk-2-dni-na-ryv-yeri-zi-lvovu/,Автобусний тур «Лазурний шик: 2 дні на Рив єрі» зі Львова,01.08.2026,02.08.2026,,,,
https://www.i-travel.com.ua/avtobusnyj-tur-lazurnyj-shyk-2-dni-na-ryv-yeri-zi-lvovu/,Автобусний тур «Лазурний шик: 2 дні на Рив єрі» зі Львова,08.08.2026,09.08.2026,,,,
https://www.i-travel.com.ua/avtobusnyj-tur-lazurnyj-shyk-2-dni-na-ryv-yeri-zi-lvovu/,Автобусний тур «Лазурний шик: 2 дні на Рив єрі» зі Львова,15.08.2026,16.08.2026,,,,
https://www.i-travel.com.ua/avtobusnyj-tur-lazurnyj-shyk-2-dni-na-ryv-yeri-zi-lvovu/,Автобусний тур «Лазурний шик: 2 дні на Рив єрі» зі Львова,22.08.2026,23.08.2026,,,,
https://www.i-travel.com.ua/avtobusnyj-tur-lazurnyj-shyk-2-dni-na-ryv-yeri-zi-lvovu/,Автобусний тур «Лазурний шик: 2 дні на Рив єрі» зі Львова,29.08.2026,30.08.2026,,,,
https://www.i-travel.com.ua/avtobusnyj-tur-lazurnyj-shyk-2-dni-na-ryv-yeri-zi-lvovu/,Автобусний тур «Лазурний шик: 2 дні на Рив єрі» зі Львова,05.09.2026,06.09.2026,,,,
https://www.i-travel.com.ua/avtobusnyj-tur-lazurnyj-shyk-2-dni-na-ryv-yeri-zi-lvovu/,Автобусний тур «Лазурний шик: 2 дні на Рив єрі» зі Львова,12.09.2026,13.09.2026,,,,
https://www.i-travel.com.ua/avtobusnyj-tur-lazurnyj-shyk-2-dni-na-ryv-yeri-zi-lvovu/,Автобусний тур «Лазурний шик: 2 дні на Рив єрі» зі Львова,19.09.2026,20.09.2026,,,,
https://www.i-travel.com.ua/avtobusnyj-tur-lazurnyj-shyk-2-dni-na-ryv-yeri-zi-lvovu/,Автобусний тур «Лазурний шик: 2 дні на Рив єрі» зі Львова,26.09.2026,27.09.2026,,,,
https://www.i-travel.com.ua/avtobusnyj-tur-lazurnyj-shyk-2-dni-na-ryv-yeri-zi-lvovu/,Автобусний тур «Лазурний шик: 2 дні на Рив єрі» зі Львова,3.10.2026,04.10.2026,,,,
https://www.i-travel.com.ua/avtobusnyj-tur-lazurnyj-shyk-2-dni-na-ryv-yeri-zi-lvovu/,Автобусний тур «Лазурний шик: 2 дні на Рив єрі» зі Львова,10.10.2026,11.10.2026,,,,
https://www.i-travel.com.ua/avtobusnyj-tur-lazurnyj-shyk-2-dni-na-ryv-yeri-zi-lvovu/,Автобусний тур «Лазурний шик: 2 дні на Рив єрі» зі Львова,17.10.2026,18.10.2026,,,,
https://www.i-travel.com.ua/avtobusnyj-tur-lazurnyj-shyk-2-dni-na-ryv-yeri-zi-lvovu/,Автобусний тур «Лазурний шик: 2 дні на Рив єрі» зі Львова,24.10.2026,25.10.2026,,,,
https://www.i-travel.com.ua/avtobusnyj-tur-kava-ta-kruasan-viden-paryzh-zaltsburg-zi-lvova-mukacheva-ta-uzhgorodu/,"Автобусний тур «Кава та круасан: Відень, Париж, Зальцбург» зі Львова, Мукачева та Ужгороду",01.05.2026,02.05.2026,,,,
https://www.i-travel.com.ua/avtobusnyj-tur-kava-ta-kruasan-viden-paryzh-zaltsburg-zi-lvova-mukacheva-ta-uzhgorodu/,"Автобусний тур «Кава та круасан: Відень, Париж, Зальцбург» зі Львова, Мукачева та Ужгороду",31.10.2026,01.11.2026,,,,
https://www.i-travel.com.ua/avtobusnyj-tur-kava-ta-kruasan-viden-paryzh-zaltsburg-zi-lvova-mukacheva-ta-uzhgorodu/,"Автобусний тур «Кава та круасан: Відень, Париж, Зальцбург» зі Львова, Мукачева та Ужгороду",30.1.2026,31.01.2026,,,,
https://www.i-travel.com.ua/avtobusnyj-tur-kava-ta-kruasan-viden-paryzh-zaltsburg-zi-lvova-mukacheva-ta-uzhgorodu/,"Автобусний тур «Кава та круасан: Відень, Париж, Зальцбург» зі Львова, Мукачева та Ужгороду",28.2.2026,01.03.2026,,,,
https://www.i-travel.com.ua/avtobusnyj-tur-kava-ta-kruasan-viden-paryzh-zaltsburg-zi-lvova-mukacheva-ta-uzhgorodu/,"Автобусний тур «Кава та круасан: Відень, Париж, Зальцбург» зі Львова, Мукачева та Ужгороду",20.3.2026,21.03.2026,,,,
https://www.i-travel.com.ua/avtobusnyj-tur-kava-ta-kruasan-viden-paryzh-zaltsburg-zi-lvova-mukacheva-ta-uzhgorodu/,"Автобусний тур «Кава та круасан: Відень, Париж, Зальцбург» зі Львова, Мукачева та Ужгороду",28.3.2026,29.03.2026,,,,
https://www.i-travel.com.ua/avtobusnyj-tur-kava-ta-kruasan-viden-paryzh-zaltsburg-zi-lvova-mukacheva-ta-uzhgorodu/,"Автобусний тур «Кава та круасан: Відень, Париж, Зальцбург» зі Львова, Мукачева та Ужгороду",22.3.2026,23.03.2026,,,,
https://www.i-travel.com.ua/avtobusnyj-tur-kava-ta-kruasan-viden-paryzh-zaltsburg-zi-lvova-mukacheva-ta-uzhgorodu/,"Автобусний тур «Кава та круасан: Відень, Париж, Зальцбург» зі Львова, Мукачева та Ужгороду",2.5.2026,03.05.2026,,,,
https://www.i-travel.com.ua/avtobusnyj-tur-kava-ta-kruasan-viden-paryzh-zaltsburg-zi-lvova-mukacheva-ta-uzhgorodu/,"Автобусний тур «Кава та круасан: Відень, Париж, Зальцбург» зі Львова, Мукачева та Ужгороду",28.4.2026,29.04.2026,,,,
https://www.i-travel.com.ua/avtobusnyj-tur-kava-ta-kruasan-viden-paryzh-zaltsburg-zi-lvova-mukacheva-ta-uzhgorodu/,"Автобусний тур «Кава та круасан: Відень, Париж, Зальцбург» зі Львова, Мукачева та Ужгороду",24.5.2026,25.05.2026,,,,
https://www.i-travel.com.ua/avtobusnyj-tur-kava-ta-kruasan-viden-paryzh-zaltsburg-zi-lvova-mukacheva-ta-uzhgorodu/,"Автобусний тур «Кава та круасан: Відень, Париж, Зальцбург» зі Львова, Мукачева та Ужгороду",31.5.2026,01.06.2026,,,,
https://www.i-travel.com.ua/avtobusnyj-tur-kava-ta-kruasan-viden-paryzh-zaltsburg-zi-lvova-mukacheva-ta-uzhgorodu/,"Автобусний тур «Кава та круасан: Відень, Париж, Зальцбург» зі Львова, Мукачева та Ужгороду",7.6.2026,08.06.2026,,,,
https://www.i-travel.com.ua/avtobusnyj-tur-kava-ta-kruasan-viden-paryzh-zaltsburg-zi-lvova-mukacheva-ta-uzhgorodu/,"Автобусний тур «Кава та круасан: Відень, Париж, Зальцбург» зі Львова, Мукачева та Ужгороду",14.6.2026,15.06.2026,,,,
https://www.i-travel.com.ua/avtobusnyj-tur-kava-ta-kruasan-viden-paryzh-zaltsburg-zi-lvova-mukacheva-ta-uzhgorodu/,"Автобусний тур «Кава та круасан: Відень, Париж, Зальцбург» зі Львова, Мукачева та Ужгороду",21.6.2026,22.06.2026,,,,
https://www.i-travel.com.ua/avtobusnyj-tur-kava-ta-kruasan-viden-paryzh-zaltsburg-zi-lvova-mukacheva-ta-uzhgorodu/,"Автобусний тур «Кава та круасан: Відень, Париж, Зальцбург» зі Львова, Мукачева та Ужгороду",28.6.2026,29.06.2026,,,,
https://www.i-travel.com.ua/avtobusnyj-tur-kava-ta-kruasan-viden-paryzh-zaltsburg-zi-lvova-mukacheva-ta-uzhgorodu/,"Автобусний тур «Кава та круасан: Відень, Париж, Зальцбург» зі Львова, Мукачева та Ужгороду",5.7.2026,06.07.2026,,,,
https://www.i-travel.com.ua/avtobusnyj-tur-kava-ta-kruasan-viden-paryzh-zaltsburg-zi-lvova-mukacheva-ta-uzhgorodu/,"Автобусний тур «Кава та круасан: Відень, Париж, Зальцбург» зі Львова, Мукачева та Ужгороду",12.7.2026,13.07.2026,,,,
https://www.i-travel.com.ua/avtobusnyj-tur-kava-ta-kruasan-viden-paryzh-zaltsburg-zi-lvova-mukacheva-ta-uzhgorodu/,"Автобусний тур «Кава та круасан: Відень, Париж, Зальцбург» зі Львова, Мукачева та Ужгороду",19.7.2026,20.07.2026,,,,
https://www.i-travel.com.ua/avtobusnyj-tur-kava-ta-kruasan-viden-paryzh-zaltsburg-zi-lvova-mukacheva-ta-uzhgorodu/,"Автобусний тур «Кава та круасан: Відень, Париж, Зальцбург» зі Львова, Мукачева та Ужгороду",26.7.2026,27.07.2026,,,,
https://www.i-travel.com.ua/avtobusnyj-tur-kava-ta-kruasan-viden-paryzh-zaltsburg-zi-lvova-mukacheva-ta-uzhgorodu/,"Автобусний тур «Кава та круасан: Відень, Париж, Зальцбург» зі Львова, Мукачева та Ужгороду",2.8.2026,03.08.2026,,,,
https://www.i-travel.com.ua/avtobusnyj-tur-kava-ta-kruasan-viden-paryzh-zaltsburg-zi-lvova-mukacheva-ta-uzhgorodu/,"Автобусний тур «Кава та круасан: Відень, Париж, Зальцбург» зі Львова, Мукачева та Ужгороду",9.8.2026,10.08.2026,,,,
https://www.i-travel.com.ua/avtobusnyj-tur-kava-ta-kruasan-viden-paryzh-zaltsburg-zi-lvova-mukacheva-ta-uzhgorodu/,"Автобусний тур «Кава та круасан: Відень, Париж, Зальцбург» зі Львова, Мукачева та Ужгороду",16.8.2026,17.08.2026,,,,
https://www.i-travel.com.ua/avtobusnyj-tur-kava-ta-kruasan-viden-paryzh-zaltsburg-zi-lvova-mukacheva-ta-uzhgorodu/,"Автобусний тур «Кава та круасан: Відень, Париж, Зальцбург» зі Львова, Мукачева та Ужгороду",23.8.2026,24.08.2026,,,,
https://www.i-travel.com.ua/avtobusnyj-tur-kava-ta-kruasan-viden-paryzh-zaltsburg-zi-lvova-mukacheva-ta-uzhgorodu/,"Автобусний тур «Кава та круасан: Відень, Париж, Зальцбург» зі Львова, Мукачева та Ужгороду",30.8.2026,31.08.2026,,,,
https://www.i-travel.com.ua/avtobusnyj-tur-kava-ta-kruasan-viden-paryzh-zaltsburg-zi-lvova-mukacheva-ta-uzhgorodu/,"Автобусний тур «Кава та круасан: Відень, Париж, Зальцбург» зі Львова, Мукачева та Ужгороду",6.9.2026,07.09.2026,,,,
https://www.i-travel.com.ua/avtobusnyj-tur-kava-ta-kruasan-viden-paryzh-zaltsburg-zi-lvova-mukacheva-ta-uzhgorodu/,"Автобусний тур «Кава та круасан: Відень, Париж, Зальцбург» зі Львова, Мукачева та Ужгороду",13.9.2026,14.09.2026,,,,
https://www.i-travel.com.ua/avtobusnyj-tur-kava-ta-kruasan-viden-paryzh-zaltsburg-zi-lvova-mukacheva-ta-uzhgorodu/,"Автобусний тур «Кава та круасан: Відень, Париж, Зальцбург» зі Львова, Мукачева та Ужгороду",20.9.2026,21.09.2026,,,,
https://www.i-travel.com.ua/avtobusnyj-tur-kava-ta-kruasan-viden-paryzh-zaltsburg-zi-lvova-mukacheva-ta-uzhgorodu/,"Автобусний тур «Кава та круасан: Відень, Париж, Зальцбург» зі Львова, Мукачева та Ужгороду",27.9.2026,28.09.2026,,,,
https://www.i-travel.com.ua/avtobusnyj-tur-kava-ta-kruasan-viden-paryzh-zaltsburg-zi-lvova-mukacheva-ta-uzhgorodu/,"Автобусний тур «Кава та круасан: Відень, Париж, Зальцбург» зі Львова, Мукачева та Ужгороду",4.10.2026,05.10.2026,,,,
https://www.i-travel.com.ua/avtobusnyj-tur-kava-ta-kruasan-viden-paryzh-zaltsburg-zi-lvova-mukacheva-ta-uzhgorodu/,"Автобусний тур «Кава та круасан: Відень, Париж, Зальцбург» зі Львова, Мукачева та Ужгороду",11.10.2026,12.10.2026,,,,
https://www.i-travel.com.ua/avtobusnyj-tur-kava-ta-kruasan-viden-paryzh-zaltsburg-zi-lvova-mukacheva-ta-uzhgorodu/,"Автобусний тур «Кава та круасан: Відень, Париж, Зальцбург» зі Львова, Мукачева та Ужгороду",18.10.2026,19.10.2026,,,,
https://www.i-travel.com.ua/avtobusnyj-tur-kava-ta-kruasan-viden-paryzh-zaltsburg-zi-lvova-mukacheva-ta-uzhgorodu/,"Автобусний тур «Кава та круасан: Відень, Париж, Зальцбург» зі Львова, Мукачева та Ужгороду",25.10.2026,26.10.2026,,,,
https://www.i-travel.com.ua/avtobusnyj-tur-kava-ta-kruasan-viden-paryzh-zaltsburg-zi-lvova-mukacheva-ta-uzhgorodu/,"Автобусний тур «Кава та круасан: Відень, Париж, Зальцбург» зі Львова, Мукачева та Ужгороду",1.11.2026,02.11.2026,,,,
https://www.i-travel.com.ua/avtobusnyj-tur-kava-ta-kruasan-viden-paryzh-zaltsburg-zi-lvova-mukacheva-ta-uzhgorodu/,"Автобусний тур «Кава та круасан: Відень, Париж, Зальцбург» зі Львова, Мукачева та Ужгороду",8.11.2026,09.11.2026,,,,
https://www.i-travel.com.ua/avtobusnyj-tur-kava-ta-kruasan-viden-paryzh-zaltsburg-zi-lvova-mukacheva-ta-uzhgorodu/,"Автобусний тур «Кава та круасан: Відень, Париж, Зальцбург» зі Львова, Мукачева та Ужгороду",15.11.2026,16.11.2026,,,,
https://www.i-travel.com.ua/avtobusnyj-tur-kava-ta-kruasan-viden-paryzh-zaltsburg-zi-lvova-mukacheva-ta-uzhgorodu/,"Автобусний тур «Кава та круасан: Відень, Париж, Зальцбург» зі Львова, Мукачева та Ужгороду",22.11.2026,23.11.2026,,,,
https://www.i-travel.com.ua/avtobusnyj-tur-kava-ta-kruasan-viden-paryzh-zaltsburg-zi-lvova-mukacheva-ta-uzhgorodu/,"Автобусний тур «Кава та круасан: Відень, Париж, Зальцбург» зі Львова, Мукачева та Ужгороду",29.11.2026,30.11.2026,,,,
https://www.i-travel.com.ua/avtobusnyj-tur-kava-ta-kruasan-viden-paryzh-zaltsburg-zi-lvova-mukacheva-ta-uzhgorodu/,"Автобусний тур «Кава та круасан: Відень, Париж, Зальцбург» зі Львова, Мукачева та Ужгороду",6.12.2026,07.12.2026,,,,
https://www.i-travel.com.ua/avtobusnyj-tur-kava-ta-kruasan-viden-paryzh-zaltsburg-zi-lvova-mukacheva-ta-uzhgorodu/,"Автобусний тур «Кава та круасан: Відень, Париж, Зальцбург» зі Львова, Мукачева та Ужгороду",13.12.2026,14.12.2026,,,,
https://www.i-travel.com.ua/avtobusnyj-tur-kava-ta-kruasan-viden-paryzh-zaltsburg-zi-lvova-mukacheva-ta-uzhgorodu/,"Автобусний тур «Кава та круасан: Відень, Париж, Зальцбург» зі Львова, Мукачева та Ужгороду",20.12.2026,21.12.2026,,,,
https://www.i-travel.com.ua/avtobusnyj-tur-kava-ta-kruasan-viden-paryzh-zaltsburg-zi-lvova-mukacheva-ta-uzhgorodu/,"Автобусний тур «Кава та круасан: Відень, Париж, Зальцбург» зі Львова, Мукачева та Ужгороду",22.12.2026,23.12.2026,,,,
https://www.i-travel.com.ua/avtobusnyj-tur-kava-ta-kruasan-viden-paryzh-zaltsburg-zi-lvova-mukacheva-ta-uzhgorodu/,"Автобусний тур «Кава та круасан: Відень, Париж, Зальцбург» зі Львова, Мукачева та Ужгороду",29.12.2026,30.12.2026,,,,
https://www.i-travel.com.ua/evropejskie-kanikuly-praga-drezden-disnejlend/,"Автобусний тур «Європейські канікули – Прага, Париж, Берлін» зі Львова",1.5.2026,02.05.2026,,,,
https://www.i-travel.com.ua/evropejskie-kanikuly-praga-drezden-disnejlend/,"Автобусний тур «Європейські канікули – Прага, Париж, Берлін» зі Львова",31.10.2026,01.11.2026,,,,
https://www.i-travel.com.ua/evropejskie-kanikuly-praga-drezden-disnejlend/,"Автобусний тур «Європейські канікули – Прага, Париж, Берлін» зі Львова",30.1.2026,31.01.2026,,,,
https://www.i-travel.com.ua/evropejskie-kanikuly-praga-drezden-disnejlend/,"Автобусний тур «Європейські канікули – Прага, Париж, Берлін» зі Львова",28.2.2026,01.03.2026,,,,
https://www.i-travel.com.ua/evropejskie-kanikuly-praga-drezden-disnejlend/,"Автобусний тур «Європейські канікули – Прага, Париж, Берлін» зі Львова",20.3.2026,21.03.2026,,,,
https://www.i-travel.com.ua/evropejskie-kanikuly-praga-drezden-disnejlend/,"Автобусний тур «Європейські канікули – Прага, Париж, Берлін» зі Львова",28.3.2026,29.03.2026,,,,
https://www.i-travel.com.ua/evropejskie-kanikuly-praga-drezden-disnejlend/,"Автобусний тур «Європейські канікули – Прага, Париж, Берлін» зі Львова",22.3.2026,23.03.2026,,,,
https://www.i-travel.com.ua/evropejskie-kanikuly-praga-drezden-disnejlend/,"Автобусний тур «Європейські канікули – Прага, Париж, Берлін» зі Львова",2.5.2026,03.05.2026,,,,
https://www.i-travel.com.ua/evropejskie-kanikuly-praga-drezden-disnejlend/,"Автобусний тур «Європейські канікули – Прага, Париж, Берлін» зі Львова",28.4.2026,29.04.2026,,,,
https://www.i-travel.com.ua/evropejskie-kanikuly-praga-drezden-disnejlend/,"Автобусний тур «Європейські канікули – Прага, Париж, Берлін» зі Львова",24.5.2026,25.05.2026,,,,
https://www.i-travel.com.ua/evropejskie-kanikuly-praga-drezden-disnejlend/,"Автобусний тур «Європейські канікули – Прага, Париж, Берлін» зі Львова",31.5.2026,01.06.2026,,,,
https://www.i-travel.com.ua/evropejskie-kanikuly-praga-drezden-disnejlend/,"Автобусний тур «Європейські канікули – Прага, Париж, Берлін» зі Львова",7.6.2026,08.06.2026,,,,
https://www.i-travel.com.ua/evropejskie-kanikuly-praga-drezden-disnejlend/,"Автобусний тур «Європейські канікули – Прага, Париж, Берлін» зі Львова",14.6.2026,15.06.2026,,,,
https://www.i-travel.com.ua/evropejskie-kanikuly-praga-drezden-disnejlend/,"Автобусний тур «Європейські канікули – Прага, Париж, Берлін» зі Львова",21.6.2026,22.06.2026,,,,
https://www.i-travel.com.ua/evropejskie-kanikuly-praga-drezden-disnejlend/,"Автобусний тур «Європейські канікули – Прага, Париж, Берлін» зі Львова",28.6.2026,29.06.2026,,,,
https://www.i-travel.com.ua/evropejskie-kanikuly-praga-drezden-disnejlend/,"Автобусний тур «Європейські канікули – Прага, Париж, Берлін» зі Львова",5.7.2026,06.07.2026,,,,
https://www.i-travel.com.ua/evropejskie-kanikuly-praga-drezden-disnejlend/,"Автобусний тур «Європейські канікули – Прага, Париж, Берлін» зі Львова",12.7.2026,13.07.2026,,,,
https://www.i-travel.com.ua/evropejskie-kanikuly-praga-drezden-disnejlend/,"Автобусний тур «Європейські канікули – Прага, Париж, Берлін» зі Львова",19.7.2026,20.07.2026,,,,
https://www.i-travel.com.ua/evropejskie-kanikuly-praga-drezden-disnejlend/,"Автобусний тур «Європейські канікули – Прага, Париж, Берлін» зі Львова",26.7.2026,27.07.2026,,,,
https://www.i-travel.com.ua/evropejskie-kanikuly-praga-drezden-disnejlend/,"Автобусний тур «Європейські канікули – Прага, Париж, Берлін» зі Львова",2.8.2026,03.08.2026,,,,
https://www.i-travel.com.ua/evropejskie-kanikuly-praga-drezden-disnejlend/,"Автобусний тур «Європейські канікули – Прага, Париж, Берлін» зі Львова",9.8.2026,10.08.2026,,,,
https://www.i-travel.com.ua/evropejskie-kanikuly-praga-drezden-disnejlend/,"Автобусний тур «Європейські канікули – Прага, Париж, Берлін» зі Львова",16.8.2026,17.08.2026,,,,
https://www.i-travel.com.ua/evropejskie-kanikuly-praga-drezden-disnejlend/,"Автобусний тур «Європейські канікули – Прага, Париж, Берлін» зі Львова",23.8.2026,24.08.2026,,,,
https://www.i-travel.com.ua/evropejskie-kanikuly-praga-drezden-disnejlend/,"Автобусний тур «Європейські канікули – Прага, Париж, Берлін» зі Львова",30.8.2026,31.08.2026,,,,
https://www.i-travel.com.ua/evropejskie-kanikuly-praga-drezden-disnejlend/,"Автобусний тур «Європейські канікули – Прага, Париж, Берлін» зі Львова",6.9.2026,07.09.2026,,,,
https://www.i-travel.com.ua/evropejskie-kanikuly-praga-drezden-disnejlend/,"Автобусний тур «Європейські канікули – Прага, Париж, Берлін» зі Львова",13.9.2026,14.09.2026,,,,
https://www.i-travel.com.ua/evropejskie-kanikuly-praga-drezden-disnejlend/,"Автобусний тур «Європейські канікули – Прага, Париж, Берлін» зі Львова",20.9.2026,21.09.2026,,,,
https://www.i-travel.com.ua/evropejskie-kanikuly-praga-drezden-disnejlend/,"Автобусний тур «Європейські канікули – Прага, Париж, Берлін» зі Львова",27.9.2026,28.09.2026,,,,
https://www.i-travel.com.ua/evropejskie-kanikuly-praga-drezden-disnejlend/,"Автобусний тур «Європейські канікули – Прага, Париж, Берлін» зі Львова",4.10.2026,05.10.2026,,,,
https://www.i-travel.com.ua/evropejskie-kanikuly-praga-drezden-disnejlend/,"Автобусний тур «Європейські канікули – Прага, Париж, Берлін» зі Львова",11.10.2026,12.10.2026,,,,
https://www.i-travel.com.ua/evropejskie-kanikuly-praga-drezden-disnejlend/,"Автобусний тур «Європейські канікули – Прага, Париж, Берлін» зі Львова",18.10.2026,19.10.2026,,,,
https://www.i-travel.com.ua/evropejskie-kanikuly-praga-drezden-disnejlend/,"Автобусний тур «Європейські канікули – Прага, Париж, Берлін» зі Львова",25.10.2026,26.10.2026,,,,
https://www.i-travel.com.ua/evropejskie-kanikuly-praga-drezden-disnejlend/,"Автобусний тур «Європейські канікули – Прага, Париж, Берлін» зі Львова",27.10.2026,28.10.2026,,,,
https://www.i-travel.com.ua/evropejskie-kanikuly-praga-drezden-disnejlend/,"Автобусний тур «Європейські канікули – Прага, Париж, Берлін» зі Львова",1.11.2026,02.11.2026,,,,
https://www.i-travel.com.ua/evropejskie-kanikuly-praga-drezden-disnejlend/,"Автобусний тур «Європейські канікули – Прага, Париж, Берлін» зі Львова",8.11.2026,09.11.2026,,,,
https://www.i-travel.com.ua/evropejskie-kanikuly-praga-drezden-disnejlend/,"Автобусний тур «Європейські канікули – Прага, Париж, Берлін» зі Львова",15.11.2026,16.11.2026,,,,
https://www.i-travel.com.ua/evropejskie-kanikuly-praga-drezden-disnejlend/,"Автобусний тур «Європейські канікули – Прага, Париж, Берлін» зі Львова",22.11.2026,23.11.2026,,,,
https://www.i-travel.com.ua/evropejskie-kanikuly-praga-drezden-disnejlend/,"Автобусний тур «Європейські канікули – Прага, Париж, Берлін» зі Львова",29.11.2026,30.11.2026,,,,
https://www.i-travel.com.ua/evropejskie-kanikuly-praga-drezden-disnejlend/,"Автобусний тур «Європейські канікули – Прага, Париж, Берлін» зі Львова",1.12.2026,02.12.2026,,,,
https://www.i-travel.com.ua/evropejskie-kanikuly-praga-drezden-disnejlend/,"Автобусний тур «Європейські канікули – Прага, Париж, Берлін» зі Львова",6.12.2026,07.12.2026,,,,
https://www.i-travel.com.ua/evropejskie-kanikuly-praga-drezden-disnejlend/,"Автобусний тур «Європейські канікули – Прага, Париж, Берлін» зі Львова",8.12.2026,09.12.2026,,,,
https://www.i-travel.com.ua/evropejskie-kanikuly-praga-drezden-disnejlend/,"Автобусний тур «Європейські канікули – Прага, Париж, Берлін» зі Львова",13.12.2026,14.12.2026,,,,
https://www.i-travel.com.ua/evropejskie-kanikuly-praga-drezden-disnejlend/,"Автобусний тур «Європейські канікули – Прага, Париж, Берлін» зі Львова",15.12.2026,16.12.2026,,,,
https://www.i-travel.com.ua/evropejskie-kanikuly-praga-drezden-disnejlend/,"Автобусний тур «Європейські канікули – Прага, Париж, Берлін» зі Львова",20.12.2026,21.12.2026,,,,
https://www.i-travel.com.ua/evropejskie-kanikuly-praga-drezden-disnejlend/,"Автобусний тур «Європейські канікули – Прага, Париж, Берлін» зі Львова",22.12.2026,23.12.2026,,,,
https://www.i-travel.com.ua/evropejskie-kanikuly-praga-drezden-disnejlend/,"Автобусний тур «Європейські канікули – Прага, Париж, Берлін» зі Львова",29.12.2026,30.12.2026,,,,
https://www.i-travel.com.ua/evropejskie-kanikuly-praga-drezden-disnejlend/,"Автобусний тур «Європейські канікули – Прага, Париж, Берлін» зі Львова",11.3.2026,12.03.2026,,,,
https://www.i-travel.com.ua/avtobusnyj-tur-italijska-symfoniya-venetsiya-dolomitovi-alpy-zi-lvova/,Автобусний тур «Італійська симфонія: Венеція + Доломітові Альпи» зі Львова,1.5.2026,02.05.2026,,,,
https://www.i-travel.com.ua/avtobusnyj-tur-italijska-symfoniya-venetsiya-dolomitovi-alpy-zi-lvova/,Автобусний тур «Італійська симфонія: Венеція + Доломітові Альпи» зі Львова,31.10.2026,01.11.2026,,,,
https://www.i-travel.com.ua/avtobusnyj-tur-italijska-symfoniya-venetsiya-dolomitovi-alpy-zi-lvova/,Автобусний тур «Італійська симфонія: Венеція + Доломітові Альпи» зі Львова,30.1.2026,31.01.2026,,,,
https://www.i-travel.com.ua/avtobusnyj-tur-italijska-symfoniya-venetsiya-dolomitovi-alpy-zi-lvova/,Автобусний тур «Італійська симфонія: Венеція + Доломітові Альпи» зі Львова,28.2.2026,01.03.2026,,,,
https://www.i-travel.com.ua/avtobusnyj-tur-italijska-symfoniya-venetsiya-dolomitovi-alpy-zi-lvova/,Автобусний тур «Італійська симфонія: Венеція + Доломітові Альпи» зі Львова,20.3.2026,21.03.2026,,,,
https://www.i-travel.com.ua/avtobusnyj-tur-italijska-symfoniya-venetsiya-dolomitovi-alpy-zi-lvova/,Автобусний тур «Італійська симфонія: Венеція + Доломітові Альпи» зі Львова,28.3.2026,29.03.2026,,,,
https://www.i-travel.com.ua/avtobusnyj-tur-italijska-symfoniya-venetsiya-dolomitovi-alpy-zi-lvova/,Автобусний тур «Італійська симфонія: Венеція + Доломітові Альпи» зі Львова,22.3.2026,23.03.2026,,,,
https://www.i-travel.com.ua/avtobusnyj-tur-italijska-symfoniya-venetsiya-dolomitovi-alpy-zi-lvova/,Автобусний тур «Італійська симфонія: Венеція + Доломітові Альпи» зі Львова,2.5.2026,03.05.2026,,,,
https://www.i-travel.com.ua/avtobusnyj-tur-italijska-symfoniya-venetsiya-dolomitovi-alpy-zi-lvova/,Автобусний тур «Італійська симфонія: Венеція + Доломітові Альпи» зі Львова,28.4.2026,29.04.2026,,,,
https://www.i-travel.com.ua/avtobusnyj-tur-italijska-symfoniya-venetsiya-dolomitovi-alpy-zi-lvova/,Автобусний тур «Італійська симфонія: Венеція + Доломітові Альпи» зі Львова,24.5.2026,25.05.2026,,,,
https://www.i-travel.com.ua/avtobusnyj-tur-italijska-symfoniya-venetsiya-dolomitovi-alpy-zi-lvova/,Автобусний тур «Італійська симфонія: Венеція + Доломітові Альпи» зі Львова,31.5.2026,01.06.2026,,,,
https://www.i-travel.com.ua/avtobusnyj-tur-italijska-symfoniya-venetsiya-dolomitovi-alpy-zi-lvova/,Автобусний тур «Італійська симфонія: Венеція + Доломітові Альпи» зі Львова,7.6.2026,08.06.2026,,,,
https://www.i-travel.com.ua/avtobusnyj-tur-italijska-symfoniya-venetsiya-dolomitovi-alpy-zi-lvova/,Автобусний тур «Італійська симфонія: Венеція + Доломітові Альпи» зі Львова,14.6.2026,15.06.2026,,,,
https://www.i-travel.com.ua/avtobusnyj-tur-italijska-symfoniya-venetsiya-dolomitovi-alpy-zi-lvova/,Автобусний тур «Італійська симфонія: Венеція + Доломітові Альпи» зі Львова,21.6.2026,22.06.2026,,,,
https://www.i-travel.com.ua/avtobusnyj-tur-italijska-symfoniya-venetsiya-dolomitovi-alpy-zi-lvova/,Автобусний тур «Італійська симфонія: Венеція + Доломітові Альпи» зі Львова,28.6.2026,29.06.2026,,,,
https://www.i-travel.com.ua/avtobusnyj-tur-italijska-symfoniya-venetsiya-dolomitovi-alpy-zi-lvova/,Автобусний тур «Італійська симфонія: Венеція + Доломітові Альпи» зі Львова,5.7.2026,06.07.2026,,,,
https://www.i-travel.com.ua/avtobusnyj-tur-italijska-symfoniya-venetsiya-dolomitovi-alpy-zi-lvova/,Автобусний тур «Італійська симфонія: Венеція + Доломітові Альпи» зі Львова,12.7.2026,13.07.2026,,,,
https://www.i-travel.com.ua/avtobusnyj-tur-italijska-symfoniya-venetsiya-dolomitovi-alpy-zi-lvova/,Автобусний тур «Італійська симфонія: Венеція + Доломітові Альпи» зі Львова,19.7.2026,20.07.2026,,,,
https://www.i-travel.com.ua/avtobusnyj-tur-italijska-symfoniya-venetsiya-dolomitovi-alpy-zi-lvova/,Автобусний тур «Італійська симфонія: Венеція + Доломітові Альпи» зі Львова,26.7.2026,27.07.2026,,,,
https://www.i-travel.com.ua/avtobusnyj-tur-italijska-symfoniya-venetsiya-dolomitovi-alpy-zi-lvova/,Автобусний тур «Італійська симфонія: Венеція + Доломітові Альпи» зі Львова,2.8.2026,03.08.2026,,,,
https://www.i-travel.com.ua/avtobusnyj-tur-italijska-symfoniya-venetsiya-dolomitovi-alpy-zi-lvova/,Автобусний тур «Італійська симфонія: Венеція + Доломітові Альпи» зі Львова,9.8.2026,10.08.2026,,,,
https://www.i-travel.com.ua/avtobusnyj-tur-italijska-symfoniya-venetsiya-dolomitovi-alpy-zi-lvova/,Автобусний тур «Італійська симфонія: Венеція + Доломітові Альпи» зі Львова,16.8.2026,17.08.2026,,,,
https://www.i-travel.com.ua/avtobusnyj-tur-italijska-symfoniya-venetsiya-dolomitovi-alpy-zi-lvova/,Автобусний тур «Італійська симфонія: Венеція + Доломітові Альпи» зі Львова,23.8.2026,24.08.2026,,,,
https://www.i-travel.com.ua/avtobusnyj-tur-italijska-symfoniya-venetsiya-dolomitovi-alpy-zi-lvova/,Автобусний тур «Італійська симфонія: Венеція + Доломітові Альпи» зі Львова,30.8.2026,31.08.2026,,,,
https://www.i-travel.com.ua/avtobusnyj-tur-italijska-symfoniya-venetsiya-dolomitovi-alpy-zi-lvova/,Автобусний тур «Італійська симфонія: Венеція + Доломітові Альпи» зі Львова,6.9.2026,07.09.2026,,,,
https://www.i-travel.com.ua/avtobusnyj-tur-italijska-symfoniya-venetsiya-dolomitovi-alpy-zi-lvova/,Автобусний тур «Італійська симфонія: Венеція + Доломітові Альпи» зі Львова,13.9.2026,14.09.2026,,,,
https://www.i-travel.com.ua/avtobusnyj-tur-italijska-symfoniya-venetsiya-dolomitovi-alpy-zi-lvova/,Автобусний тур «Італійська симфонія: Венеція + Доломітові Альпи» зі Львова,20.9.2026,21.09.2026,,,,
https://www.i-travel.com.ua/avtobusnyj-tur-italijska-symfoniya-venetsiya-dolomitovi-alpy-zi-lvova/,Автобусний тур «Італійська симфонія: Венеція + Доломітові Альпи» зі Львова,27.9.2026,28.09.2026,,,,
https://www.i-travel.com.ua/avtobusnyj-tur-italijska-symfoniya-venetsiya-dolomitovi-alpy-zi-lvova/,Автобусний тур «Італійська симфонія: Венеція + Доломітові Альпи» зі Львова,4.10.2026,05.10.2026,,,,
https://www.i-travel.com.ua/avtobusnyj-tur-italijska-symfoniya-venetsiya-dolomitovi-alpy-zi-lvova/,Автобусний тур «Італійська симфонія: Венеція + Доломітові Альпи» зі Львова,11.10.2026,12.10.2026,,,,
https://www.i-travel.com.ua/avtobusnyj-tur-italijska-symfoniya-venetsiya-dolomitovi-alpy-zi-lvova/,Автобусний тур «Італійська симфонія: Венеція + Доломітові Альпи» зі Львова,18.10.2026,19.10.2026,,,,
https://www.i-travel.com.ua/avtobusnyj-tur-italijska-symfoniya-venetsiya-dolomitovi-alpy-zi-lvova/,Автобусний тур «Італійська симфонія: Венеція + Доломітові Альпи» зі Львова,25.10.2026,26.10.2026,,,,
https://www.i-travel.com.ua/avtobusnyj-tur-italijska-symfoniya-venetsiya-dolomitovi-alpy-zi-lvova/,Автобусний тур «Італійська симфонія: Венеція + Доломітові Альпи» зі Львова,1.11.2026,02.11.2026,,,,
https://www.i-travel.com.ua/avtobusnyj-tur-italijska-symfoniya-venetsiya-dolomitovi-alpy-zi-lvova/,Автобусний тур «Італійська симфонія: Венеція + Доломітові Альпи» зі Львова,8.11.2026,09.11.2026,,,,
https://www.i-travel.com.ua/avtobusnyj-tur-italijska-symfoniya-venetsiya-dolomitovi-alpy-zi-lvova/,Автобусний тур «Італійська симфонія: Венеція + Доломітові Альпи» зі Львова,15.11.2026,16.11.2026,,,,
https://www.i-travel.com.ua/avtobusnyj-tur-italijska-symfoniya-venetsiya-dolomitovi-alpy-zi-lvova/,Автобусний тур «Італійська симфонія: Венеція + Доломітові Альпи» зі Львова,22.11.2026,23.11.2026,,,,
https://www.i-travel.com.ua/avtobusnyj-tur-italijska-symfoniya-venetsiya-dolomitovi-alpy-zi-lvova/,Автобусний тур «Італійська симфонія: Венеція + Доломітові Альпи» зі Львова,29.11.2026,30.11.2026,,,,
https://www.i-travel.com.ua/avtobusnyj-tur-italijska-symfoniya-venetsiya-dolomitovi-alpy-zi-lvova/,Автобусний тур «Італійська симфонія: Венеція + Доломітові Альпи» зі Львова,6.12.2026,07.12.2026,,,,
https://www.i-travel.com.ua/avtobusnyj-tur-italijska-symfoniya-venetsiya-dolomitovi-alpy-zi-lvova/,Автобусний тур «Італійська симфонія: Венеція + Доломітові Альпи» зі Львова,13.12.2026,14.12.2026,,,,
https://www.i-travel.com.ua/avtobusnyj-tur-italijska-symfoniya-venetsiya-dolomitovi-alpy-zi-lvova/,Автобусний тур «Італійська симфонія: Венеція + Доломітові Альпи» зі Львова,20.12.2026,21.12.2026,,,,
https://www.i-travel.com.ua/avtobusnyj-tur-italijska-symfoniya-venetsiya-dolomitovi-alpy-zi-lvova/,Автобусний тур «Італійська симфонія: Венеція + Доломітові Альпи» зі Львова,22.12.2026,23.12.2026,,,,
https://www.i-travel.com.ua/avtobusnyj-tur-italijska-symfoniya-venetsiya-dolomitovi-alpy-zi-lvova/,Автобусний тур «Італійська симфонія: Венеція + Доломітові Альпи» зі Львова,29.12.2026,30.12.2026,,,,
https://www.i-travel.com.ua/?p=46306,Автобусний тур «Канікули у Данії: Legoland» зі Львова,1.5.2026,02.05.2026,,,,
https://www.i-travel.com.ua/?p=46306,Автобусний тур «Канікули у Данії: Legoland» зі Львова,31.10.2026,01.11.2026,,,,
https://www.i-travel.com.ua/?p=46306,Автобусний тур «Канікули у Данії: Legoland» зі Львова,30.1.2026,31.01.2026,,,,
https://www.i-travel.com.ua/?p=46306,Автобусний тур «Канікули у Данії: Legoland» зі Львова,28.2.2026,01.03.2026,,,,
https://www.i-travel.com.ua/?p=46306,Автобусний тур «Канікули у Данії: Legoland» зі Львова,20.3.2026,21.03.2026,,,,
https://www.i-travel.com.ua/?p=46306,Автобусний тур «Канікули у Данії: Legoland» зі Львова,28.3.2026,29.03.2026,,,,
https://www.i-travel.com.ua/?p=46306,Автобусний тур «Канікули у Данії: Legoland» зі Львова,22.3.2026,23.03.2026,,,,
https://www.i-travel.com.ua/?p=46306,Автобусний тур «Канікули у Данії: Legoland» зі Львова,2.5.2026,03.05.2026,,,,
https://www.i-travel.com.ua/?p=46306,Автобусний тур «Канікули у Данії: Legoland» зі Львова,28.4.2026,29.04.2026,,,,
https://www.i-travel.com.ua/?p=46306,Автобусний тур «Канікули у Данії: Legoland» зі Львова,24.5.2026,25.05.2026,,,,
https://www.i-travel.com.ua/?p=46306,Автобусний тур «Канікули у Данії: Legoland» зі Львова,7.6.2026,08.06.2026,,,,
https://www.i-travel.com.ua/?p=46306,Автобусний тур «Канікули у Данії: Legoland» зі Львова,21.6.2026,22.06.2026,,,,
https://www.i-travel.com.ua/?p=46306,Автобусний тур «Канікули у Данії: Legoland» зі Львова,5.7.2026,06.07.2026,,,,
https://www.i-travel.com.ua/?p=46306,Автобусний тур «Канікули у Данії: Legoland» зі Львова,19.7.2026,20.07.2026,,,,
https://www.i-travel.com.ua/?p=46306,Автобусний тур «Канікули у Данії: Legoland» зі Львова,2.8.2026,03.08.2026,,,,
https://www.i-travel.com.ua/?p=46306,Автобусний тур «Канікули у Данії: Legoland» зі Львова,16.8.2026,17.08.2026,,,,
https://www.i-travel.com.ua/?p=46306,Автобусний тур «Канікули у Данії: Legoland» зі Львова,30.8.2026,31.08.2026,,,,
https://www.i-travel.com.ua/?p=46306,Автобусний тур «Канікули у Данії: Legoland» зі Львова,13.9.2026,14.09.2026,,,,
https://www.i-travel.com.ua/?p=46306,Автобусний тур «Канікули у Данії: Legoland» зі Львова,27.9.2026,28.09.2026,,,,
https://www.i-travel.com.ua/?p=46306,Автобусний тур «Канікули у Данії: Legoland» зі Львова,11.10.2026,12.10.2026,,,,
https://www.i-travel.com.ua/?p=46306,Автобусний тур «Канікули у Данії: Legoland» зі Львова,25.10.2026,26.10.2026,,,,
https://www.i-travel.com.ua/parizhskaya-mechta/,Автобусний тур «Паризька мрія: 3 дні в Парижі + Нормандія» зі Львова,1.5.2026,07.05.2026,,,,
https://www.i-travel.com.ua/parizhskaya-mechta/,Автобусний тур «Паризька мрія: 3 дні в Парижі + Нормандія» зі Львова,31.10.2026,06.11.2026,,,,
https://www.i-travel.com.ua/parizhskaya-mechta/,Автобусний тур «Паризька мрія: 3 дні в Парижі + Нормандія» зі Львова,30.1.2026,05.02.2026,,,,
https://www.i-travel.com.ua/parizhskaya-mechta/,Автобусний тур «Паризька мрія: 3 дні в Парижі + Нормандія» зі Львова,28.2.2026,06.03.2026,,,,
https://www.i-travel.com.ua/parizhskaya-mechta/,Автобусний тур «Паризька мрія: 3 дні в Парижі + Нормандія» зі Львова,20.3.2026,26.03.2026,,,,
https://www.i-travel.com.ua/parizhskaya-mechta/,Автобусний тур «Паризька мрія: 3 дні в Парижі + Нормандія» зі Львова,28.3.2026,03.04.2026,,,,
https://www.i-travel.com.ua/parizhskaya-mechta/,Автобусний тур «Паризька мрія: 3 дні в Парижі + Нормандія» зі Львова,22.3.2026,28.03.2026,,,,
https://www.i-travel.com.ua/parizhskaya-mechta/,Автобусний тур «Паризька мрія: 3 дні в Парижі + Нормандія» зі Львова,2.5.2026,08.05.2026,,,,
https://www.i-travel.com.ua/parizhskaya-mechta/,Автобусний тур «Паризька мрія: 3 дні в Парижі + Нормандія» зі Львова,28.4.2026,04.05.2026,,,,
https://www.i-travel.com.ua/parizhskaya-mechta/,Автобусний тур «Паризька мрія: 3 дні в Парижі + Нормандія» зі Львова,23.5.2026,29.05.2026,,,,
https://www.i-travel.com.ua/parizhskaya-mechta/,Автобусний тур «Паризька мрія: 3 дні в Парижі + Нормандія» зі Львова,30.5.2026,05.06.2026,,,,
https://www.i-travel.com.ua/parizhskaya-mechta/,Автобусний тур «Паризька мрія: 3 дні в Парижі + Нормандія» зі Львова,6.6.2026,12.06.2026,,,,
https://www.i-travel.com.ua/parizhskaya-mechta/,Автобусний тур «Паризька мрія: 3 дні в Парижі + Нормандія» зі Львова,13.6.2026,19.06.2026,,,,
https://www.i-travel.com.ua/parizhskaya-mechta/,Автобусний тур «Паризька мрія: 3 дні в Парижі + Нормандія» зі Львова,20.6.2026,26.06.2026,,,,
https://www.i-travel.com.ua/parizhskaya-mechta/,Автобусний тур «Паризька мрія: 3 дні в Парижі + Нормандія» зі Львова,27.6.2026,03.07.2026,,,,
https://www.i-travel.com.ua/parizhskaya-mechta/,Автобусний тур «Паризька мрія: 3 дні в Парижі + Нормандія» зі Львова,4.7.2026,10.07.2026,,,,
https://www.i-travel.com.ua/parizhskaya-mechta/,Автобусний тур «Паризька мрія: 3 дні в Парижі + Нормандія» зі Львова,11.7.2026,17.07.2026,,,,
https://www.i-travel.com.ua/parizhskaya-mechta/,Автобусний тур «Паризька мрія: 3 дні в Парижі + Нормандія» зі Львова,18.7.2026,24.07.2026,,,,
https://www.i-travel.com.ua/parizhskaya-mechta/,Автобусний тур «Паризька мрія: 3 дні в Парижі + Нормандія» зі Львова,25.7.2026,31.07.2026,,,,
https://www.i-travel.com.ua/parizhskaya-mechta/,Автобусний тур «Паризька мрія: 3 дні в Парижі + Нормандія» зі Львова,1.8.2026,07.08.2026,,,,
https://www.i-travel.com.ua/parizhskaya-mechta/,Автобусний тур «Паризька мрія: 3 дні в Парижі + Нормандія» зі Львова,8.8.2026,14.08.2026,,,,
https://www.i-travel.com.ua/parizhskaya-mechta/,Автобусний тур «Паризька мрія: 3 дні в Парижі + Нормандія» зі Львова,15.8.2026,21.08.2026,,,,
https://www.i-travel.com.ua/parizhskaya-mechta/,Автобусний тур «Паризька мрія: 3 дні в Парижі + Нормандія» зі Львова,22.8.2026,28.08.2026,,,,
https://www.i-travel.com.ua/parizhskaya-mechta/,Автобусний тур «Паризька мрія: 3 дні в Парижі + Нормандія» зі Львова,29.8.2026,04.09.2026,,,,
https://www.i-travel.com.ua/parizhskaya-mechta/,Автобусний тур «Паризька мрія: 3 дні в Парижі + Нормандія» зі Львова,5.9.2026,11.09.2026,,,,
https://www.i-travel.com.ua/parizhskaya-mechta/,Автобусний тур «Паризька мрія: 3 дні в Парижі + Нормандія» зі Львова,12.9.2026,18.09.2026,,,,
https://www.i-travel.com.ua/parizhskaya-mechta/,Автобусний тур «Паризька мрія: 3 дні в Парижі + Нормандія» зі Львова,19.9.2026,25.09.2026,,,,
https://www.i-travel.com.ua/parizhskaya-mechta/,Автобусний тур «Паризька мрія: 3 дні в Парижі + Нормандія» зі Львова,26.9.2026,02.10.2026,,,,
https://www.i-travel.com.ua/parizhskaya-mechta/,Автобусний тур «Паризька мрія: 3 дні в Парижі + Нормандія» зі Львова,3.10.2026,09.10.2026,,,,
https://www.i-travel.com.ua/parizhskaya-mechta/,Автобусний тур «Паризька мрія: 3 дні в Парижі + Нормандія» зі Львова,10.10.2026,16.10.2026,,,,
https://www.i-travel.com.ua/parizhskaya-mechta/,Автобусний тур «Паризька мрія: 3 дні в Парижі + Нормандія» зі Львова,17.10.2026,23.10.2026,,,,
https://www.i-travel.com.ua/parizhskaya-mechta/,Автобусний тур «Паризька мрія: 3 дні в Парижі + Нормандія» зі Львова,24.10.2026,30.10.2026,,,,
https://www.i-travel.com.ua/parizhskaya-mechta/,Автобусний тур «Паризька мрія: 3 дні в Парижі + Нормандія» зі Львова,7.11.2026,13.11.2026,,,,
https://www.i-travel.com.ua/parizhskaya-mechta/,Автобусний тур «Паризька мрія: 3 дні в Парижі + Нормандія» зі Львова,14.11.2026,20.11.2026,,,,
https://www.i-travel.com.ua/parizhskaya-mechta/,Автобусний тур «Паризька мрія: 3 дні в Парижі + Нормандія» зі Львова,21.11.2026,27.11.2026,,,,
https://www.i-travel.com.ua/parizhskaya-mechta/,Автобусний тур «Паризька мрія: 3 дні в Парижі + Нормандія» зі Львова,28.11.2026,04.12.2026,,,,
https://www.i-travel.com.ua/parizhskaya-mechta/,Автобусний тур «Паризька мрія: 3 дні в Парижі + Нормандія» зі Львова,5.12.2026,11.12.2026,,,,
https://www.i-travel.com.ua/parizhskaya-mechta/,Автобусний тур «Паризька мрія: 3 дні в Парижі + Нормандія» зі Львова,12.12.2026,18.12.2026,,,,
https://www.i-travel.com.ua/parizhskaya-mechta/,Автобусний тур «Паризька мрія: 3 дні в Парижі + Нормандія» зі Львова,19.12.2026,25.12.2026,,,,
https://www.i-travel.com.ua/parizhskaya-mechta/,Автобусний тур «Паризька мрія: 3 дні в Парижі + Нормандія» зі Львова,22.12.2026,28.12.2026,,,,
https://www.i-travel.com.ua/parizhskaya-mechta/,Автобусний тур «Паризька мрія: 3 дні в Парижі + Нормандія» зі Львова,29.12.2026,04.01.2027,,,,
https://www.i-travel.com.ua/avtobusnyj-tur-smak-frantsiyi-paryzh-normandiya-elzas-zi-lvova/,"Автобусний тур «Смак Франції: Париж, Нормандія, Ельзас» зі Львова",1.5.2026,02.05.2026,,,,
https://www.i-travel.com.ua/avtobusnyj-tur-smak-frantsiyi-paryzh-normandiya-elzas-zi-lvova/,"Автобусний тур «Смак Франції: Париж, Нормандія, Ельзас» зі Львова",31.10.2026,01.11.2026,,,,
https://www.i-travel.com.ua/avtobusnyj-tur-smak-frantsiyi-paryzh-normandiya-elzas-zi-lvova/,"Автобусний тур «Смак Франції: Париж, Нормандія, Ельзас» зі Львова",30.1.2026,31.01.2026,,,,
https://www.i-travel.com.ua/avtobusnyj-tur-smak-frantsiyi-paryzh-normandiya-elzas-zi-lvova/,"Автобусний тур «Смак Франції: Париж, Нормандія, Ельзас» зі Львова",28.2.2026,01.03.2026,,,,
https://www.i-travel.com.ua/avtobusnyj-tur-smak-frantsiyi-paryzh-normandiya-elzas-zi-lvova/,"Автобусний тур «Смак Франції: Париж, Нормандія, Ельзас» зі Львова",20.3.2026,21.03.2026,,,,
https://www.i-travel.com.ua/avtobusnyj-tur-smak-frantsiyi-paryzh-normandiya-elzas-zi-lvova/,"Автобусний тур «Смак Франції: Париж, Нормандія, Ельзас» зі Львова",28.3.2026,29.03.2026,,,,
https://www.i-travel.com.ua/avtobusnyj-tur-smak-frantsiyi-paryzh-normandiya-elzas-zi-lvova/,"Автобусний тур «Смак Франції: Париж, Нормандія, Ельзас» зі Львова",22.3.2026,23.03.2026,,,,
https://www.i-travel.com.ua/avtobusnyj-tur-smak-frantsiyi-paryzh-normandiya-elzas-zi-lvova/,"Автобусний тур «Смак Франції: Париж, Нормандія, Ельзас» зі Львова",2.5.2026,03.05.2026,,,,
https://www.i-travel.com.ua/avtobusnyj-tur-smak-frantsiyi-paryzh-normandiya-elzas-zi-lvova/,"Автобусний тур «Смак Франції: Париж, Нормандія, Ельзас» зі Львова",28.4.2026,29.04.2026,,,,
https://www.i-travel.com.ua/avtobusnyj-tur-smak-frantsiyi-paryzh-normandiya-elzas-zi-lvova/,"Автобусний тур «Смак Франції: Париж, Нормандія, Ельзас» зі Львова",30.5.2026,31.05.2026,,,,
https://www.i-travel.com.ua/avtobusnyj-tur-smak-frantsiyi-paryzh-normandiya-elzas-zi-lvova/,"Автобусний тур «Смак Франції: Париж, Нормандія, Ельзас» зі Львова",13.6.2026,14.06.2026,,,,
https://www.i-travel.com.ua/avtobusnyj-tur-smak-frantsiyi-paryzh-normandiya-elzas-zi-lvova/,"Автобусний тур «Смак Франції: Париж, Нормандія, Ельзас» зі Львова",27.6.2026,28.06.2026,,,,
https://www.i-travel.com.ua/avtobusnyj-tur-smak-frantsiyi-paryzh-normandiya-elzas-zi-lvova/,"Автобусний тур «Смак Франції: Париж, Нормандія, Ельзас» зі Львова",11.7.2026,12.07.2026,,,,
https://www.i-travel.com.ua/avtobusnyj-tur-smak-frantsiyi-paryzh-normandiya-elzas-zi-lvova/,"Автобусний тур «Смак Франції: Париж, Нормандія, Ельзас» зі Львова",25.7.2026,26.07.2026,,,,
https://www.i-travel.com.ua/avtobusnyj-tur-smak-frantsiyi-paryzh-normandiya-elzas-zi-lvova/,"Автобусний тур «Смак Франції: Париж, Нормандія, Ельзас» зі Львова",8.8.2026,09.08.2026,,,,
https://www.i-travel.com.ua/avtobusnyj-tur-smak-frantsiyi-paryzh-normandiya-elzas-zi-lvova/,"Автобусний тур «Смак Франції: Париж, Нормандія, Ельзас» зі Львова",22.8.2026,23.08.2026,,,,
https://www.i-travel.com.ua/avtobusnyj-tur-smak-frantsiyi-paryzh-normandiya-elzas-zi-lvova/,"Автобусний тур «Смак Франції: Париж, Нормандія, Ельзас» зі Львова",5.9.2026,06.09.2026,,,,
https://www.i-travel.com.ua/avtobusnyj-tur-smak-frantsiyi-paryzh-normandiya-elzas-zi-lvova/,"Автобусний тур «Смак Франції: Париж, Нормандія, Ельзас» зі Львова",19.9.2026,20.09.2026,,,,
https://www.i-travel.com.ua/avtobusnyj-tur-smak-frantsiyi-paryzh-normandiya-elzas-zi-lvova/,"Автобусний тур «Смак Франції: Париж, Нормандія, Ельзас» зі Львова",3.10.2026,04.10.2026,,,,
https://www.i-travel.com.ua/avtobusnyj-tur-smak-frantsiyi-paryzh-normandiya-elzas-zi-lvova/,"Автобусний тур «Смак Франції: Париж, Нормандія, Ельзас» зі Львова",17.10.2026,18.10.2026,,,,
https://www.i-travel.com.ua/avtobusnyj-tur-smak-frantsiyi-paryzh-normandiya-elzas-zi-lvova/,"Автобусний тур «Смак Франції: Париж, Нормандія, Ельзас» зі Львова",24.10.2026,25.10.2026,,,,
https://www.i-travel.com.ua/avtobusnyj-tur-smak-frantsiyi-paryzh-normandiya-elzas-zi-lvova/,"Автобусний тур «Смак Франції: Париж, Нормандія, Ельзас» зі Львова",14.11.2026,15.11.2026,,,,
https://www.i-travel.com.ua/avtobusnyj-tur-smak-frantsiyi-paryzh-normandiya-elzas-zi-lvova/,"Автобусний тур «Смак Франції: Париж, Нормандія, Ельзас» зі Львова",28.11.2026,29.11.2026,,,,
https://www.i-travel.com.ua/avtobusnyj-tur-smak-frantsiyi-paryzh-normandiya-elzas-zi-lvova/,"Автобусний тур «Смак Франції: Париж, Нормандія, Ельзас» зі Львова",12.12.2026,13.12.2026,,,,
https://www.i-travel.com.ua/avtobusnyj-tur-smak-frantsiyi-paryzh-normandiya-elzas-zi-lvova/,"Автобусний тур «Смак Франції: Париж, Нормандія, Ельзас» зі Львова",26.12.2026,27.12.2026,,,,
https://www.i-travel.com.ua/?p=6934,Автобусний тур МЕГАтур до Чорногорії з Одеси,1.5.2026,02.05.2026,,,,
https://www.i-travel.com.ua/?p=6934,Автобусний тур МЕГАтур до Чорногорії з Одеси,31.10.2026,01.11.2026,,,,
https://www.i-travel.com.ua/?p=6934,Автобусний тур МЕГАтур до Чорногорії з Одеси,30.1.2026,31.01.2026,,,,
https://www.i-travel.com.ua/?p=6934,Автобусний тур МЕГАтур до Чорногорії з Одеси,28.2.2026,01.03.2026,,,,
https://www.i-travel.com.ua/?p=6934,Автобусний тур МЕГАтур до Чорногорії з Одеси,20.3.2026,21.03.2026,,,,
https://www.i-travel.com.ua/?p=6934,Автобусний тур МЕГАтур до Чорногорії з Одеси,28.3.2026,29.03.2026,,,,
https://www.i-travel.com.ua/?p=6934,Автобусний тур МЕГАтур до Чорногорії з Одеси,22.3.2026,23.03.2026,,,,
https://www.i-travel.com.ua/?p=6934,Автобусний тур МЕГАтур до Чорногорії з Одеси,2.5.2026,03.05.2026,,,,
https://www.i-travel.com.ua/?p=6934,Автобусний тур МЕГАтур до Чорногорії з Одеси,28.4.2026,29.04.2026,,,,
https://www.i-travel.com.ua/?p=6934,Автобусний тур МЕГАтур до Чорногорії з Одеси,26.5.2026,27.05.2026,,,,
https://www.i-travel.com.ua/?p=6934,Автобусний тур МЕГАтур до Чорногорії з Одеси,2.6.2026,03.06.2026,,,,
https://www.i-travel.com.ua/?p=6934,Автобусний тур МЕГАтур до Чорногорії з Одеси,9.6.2026,10.06.2026,,,,
https://www.i-travel.com.ua/?p=6934,Автобусний тур МЕГАтур до Чорногорії з Одеси,16.6.2026,17.06.2026,,,,
https://www.i-travel.com.ua/?p=6934,Автобусний тур МЕГАтур до Чорногорії з Одеси,23.6.2026,24.06.2026,,,,
https://www.i-travel.com.ua/?p=6934,Автобусний тур МЕГАтур до Чорногорії з Одеси,30.6.2026,01.07.2026,,,,
https://www.i-travel.com.ua/?p=6934,Автобусний тур МЕГАтур до Чорногорії з Одеси,7.7.2026,08.07.2026,,,,
https://www.i-travel.com.ua/?p=6934,Автобусний тур МЕГАтур до Чорногорії з Одеси,14.7.2026,15.07.2026,,,,
https://www.i-travel.com.ua/?p=6934,Автобусний тур МЕГАтур до Чорногорії з Одеси,21.7.2026,22.07.2026,,,,
https://www.i-travel.com.ua/?p=6934,Автобусний тур МЕГАтур до Чорногорії з Одеси,28.7.2026,29.07.2026,,,,
https://www.i-travel.com.ua/?p=6934,Автобусний тур МЕГАтур до Чорногорії з Одеси,4.8.2026,05.08.2026,,,,
https://www.i-travel.com.ua/?p=6934,Автобусний тур МЕГАтур до Чорногорії з Одеси,11.8.2026,12.08.2026,,,,
https://www.i-travel.com.ua/?p=6934,Автобусний тур МЕГАтур до Чорногорії з Одеси,18.8.2026,19.08.2026,,,,
https://www.i-travel.com.ua/?p=6934,Автобусний тур МЕГАтур до Чорногорії з Одеси,25.8.2026,26.08.2026,,,,
https://www.i-travel.com.ua/?p=6934,Автобусний тур МЕГАтур до Чорногорії з Одеси,1.9.2026,02.09.2026,,,,
https://www.i-travel.com.ua/?p=6934,Автобусний тур МЕГАтур до Чорногорії з Одеси,5.9.2026,06.09.2026,,,,
https://www.i-travel.com.ua/?p=6934,Автобусний тур МЕГАтур до Чорногорії з Одеси,8.9.2026,09.09.2026,,,,
https://www.i-travel.com.ua/?p=6934,Автобусний тур МЕГАтур до Чорногорії з Одеси,15.9.2026,16.09.2026,,,,
https://www.i-travel.com.ua/venetsianskij-karnaval/,Автобусний тур «Джульєтта і гондоли» зі Львова,1.5.2026,02.05.2026,,,,
https://www.i-travel.com.ua/venetsianskij-karnaval/,Автобусний тур «Джульєтта і гондоли» зі Львова,31.10.2026,01.11.2026,,,,
https://www.i-travel.com.ua/venetsianskij-karnaval/,Автобусний тур «Джульєтта і гондоли» зі Львова,30.1.2026,31.01.2026,,,,
https://www.i-travel.com.ua/venetsianskij-karnaval/,Автобусний тур «Джульєтта і гондоли» зі Львова,28.2.2026,01.03.2026,,,,
https://www.i-travel.com.ua/venetsianskij-karnaval/,Автобусний тур «Джульєтта і гондоли» зі Львова,20.3.2026,21.03.2026,,,,
https://www.i-travel.com.ua/venetsianskij-karnaval/,Автобусний тур «Джульєтта і гондоли» зі Львова,28.3.2026,29.03.2026,,,,
https://www.i-travel.com.ua/venetsianskij-karnaval/,Автобусний тур «Джульєтта і гондоли» зі Львова,22.3.2026,23.03.2026,,,,
https://www.i-travel.com.ua/venetsianskij-karnaval/,Автобусний тур «Джульєтта і гондоли» зі Львова,2.5.2026,03.05.2026,,,,
https://www.i-travel.com.ua/venetsianskij-karnaval/,Автобусний тур «Джульєтта і гондоли» зі Львова,28.4.2026,29.04.2026,,,,
https://www.i-travel.com.ua/venetsianskij-karnaval/,Автобусний тур «Джульєтта і гондоли» зі Львова,29.5.2026,30.05.2026,,,,
https://www.i-travel.com.ua/venetsianskij-karnaval/,Автобусний тур «Джульєтта і гондоли» зі Львова,12.6.2026,13.06.2026,,,,
https://www.i-travel.com.ua/venetsianskij-karnaval/,Автобусний тур «Джульєтта і гондоли» зі Львова,26.6.2026,27.06.2026,,,,
https://www.i-travel.com.ua/venetsianskij-karnaval/,Автобусний тур «Джульєтта і гондоли» зі Львова,10.7.2026,11.07.2026,,,,
https://www.i-travel.com.ua/venetsianskij-karnaval/,Автобусний тур «Джульєтта і гондоли» зі Львова,24.7.2026,25.07.2026,,,,
https://www.i-travel.com.ua/venetsianskij-karnaval/,Автобусний тур «Джульєтта і гондоли» зі Львова,7.8.2026,08.08.2026,,,,
https://www.i-travel.com.ua/venetsianskij-karnaval/,Автобусний тур «Джульєтта і гондоли» зі Львова,21.8.2026,22.08.2026,,,,
https://www.i-travel.com.ua/venetsianskij-karnaval/,Автобусний тур «Джульєтта і гондоли» зі Львова,4.9.2026,05.09.2026,,,,
https://www.i-travel.com.ua/venetsianskij-karnaval/,Автобусний тур «Джульєтта і гондоли» зі Львова,18.9.2026,19.09.2026,,,,
https://www.i-travel.com.ua/venetsianskij-karnaval/,Автобусний тур «Джульєтта і гондоли» зі Львова,2.10.2026,03.10.2026,,,,
https://www.i-travel.com.ua/venetsianskij-karnaval/,Автобусний тур «Джульєтта і гондоли» зі Львова,16.10.2026,17.10.2026,,,,
https://www.i-travel.com.ua/venetsianskij-karnaval/,Автобусний тур «Джульєтта і гондоли» зі Львова,23.10.2026,24.10.2026,,,,
https://www.i-travel.com.ua/venetsianskij-karnaval/,Автобусний тур «Джульєтта і гондоли» зі Львова,27.10.2026,28.10.2026,,,,
https://www.i-travel.com.ua/venetsianskij-karnaval/,Автобусний тур «Джульєтта і гондоли» зі Львова,13.11.2026,14.11.2026,,,,
https://www.i-travel.com.ua/venetsianskij-karnaval/,Автобусний тур «Джульєтта і гондоли» зі Львова,27.11.2026,28.11.2026,,,,
https://www.i-travel.com.ua/venetsianskij-karnaval/,Автобусний тур «Джульєтта і гондоли» зі Львова,11.12.2026,12.12.2026,,,,
https://www.i-travel.com.ua/venetsianskij-karnaval/,Автобусний тур «Джульєтта і гондоли» зі Львова,30.12.2026,31.12.2026,,,,
https://www.i-travel.com.ua/avtobusnyj-tur-tysyachi-lajkiv-venetsiya-rym-piza-florentsiya-zi-lvova/,"Автобусний тур «Тисячі лайків: Венеція, Рим, Піза Флоренція» зі Львова",1.5.2026,02.05.2026,,,,
https://www.i-travel.com.ua/avtobusnyj-tur-tysyachi-lajkiv-venetsiya-rym-piza-florentsiya-zi-lvova/,"Автобусний тур «Тисячі лайків: Венеція, Рим, Піза Флоренція» зі Львова",31.10.2026,01.11.2026,,,,
https://www.i-travel.com.ua/avtobusnyj-tur-tysyachi-lajkiv-venetsiya-rym-piza-florentsiya-zi-lvova/,"Автобусний тур «Тисячі лайків: Венеція, Рим, Піза Флоренція» зі Львова",30.1.2026,31.01.2026,,,,
https://www.i-travel.com.ua/avtobusnyj-tur-tysyachi-lajkiv-venetsiya-rym-piza-florentsiya-zi-lvova/,"Автобусний тур «Тисячі лайків: Венеція, Рим, Піза Флоренція» зі Львова",28.2.2026,01.03.2026,,,,
https://www.i-travel.com.ua/avtobusnyj-tur-tysyachi-lajkiv-venetsiya-rym-piza-florentsiya-zi-lvova/,"Автобусний тур «Тисячі лайків: Венеція, Рим, Піза Флоренція» зі Львова",20.3.2026,21.03.2026,,,,
https://www.i-travel.com.ua/avtobusnyj-tur-tysyachi-lajkiv-venetsiya-rym-piza-florentsiya-zi-lvova/,"Автобусний тур «Тисячі лайків: Венеція, Рим, Піза Флоренція» зі Львова",28.3.2026,29.03.2026,,,,
https://www.i-travel.com.ua/avtobusnyj-tur-tysyachi-lajkiv-venetsiya-rym-piza-florentsiya-zi-lvova/,"Автобусний тур «Тисячі лайків: Венеція, Рим, Піза Флоренція» зі Львова",22.3.2026,23.03.2026,,,,
https://www.i-travel.com.ua/avtobusnyj-tur-tysyachi-lajkiv-venetsiya-rym-piza-florentsiya-zi-lvova/,"Автобусний тур «Тисячі лайків: Венеція, Рим, Піза Флоренція» зі Львова",2.5.2026,03.05.2026,,,,
https://www.i-travel.com.ua/avtobusnyj-tur-tysyachi-lajkiv-venetsiya-rym-piza-florentsiya-zi-lvova/,"Автобусний тур «Тисячі лайків: Венеція, Рим, Піза Флоренція» зі Львова",28.4.2026,29.04.2026,,,,
https://www.i-travel.com.ua/avtobusnyj-tur-tysyachi-lajkiv-venetsiya-rym-piza-florentsiya-zi-lvova/,"Автобусний тур «Тисячі лайків: Венеція, Рим, Піза Флоренція» зі Львова",28.5.2026,29.05.2026,,,,
https://www.i-travel.com.ua/avtobusnyj-tur-tysyachi-lajkiv-venetsiya-rym-piza-florentsiya-zi-lvova/,"Автобусний тур «Тисячі лайків: Венеція, Рим, Піза Флоренція» зі Львова",29.5.2026,30.05.2026,,,,
https://www.i-travel.com.ua/avtobusnyj-tur-tysyachi-lajkiv-venetsiya-rym-piza-florentsiya-zi-lvova/,"Автобусний тур «Тисячі лайків: Венеція, Рим, Піза Флоренція» зі Львова",2.6.2026,03.06.2026,,,,
https://www.i-travel.com.ua/avtobusnyj-tur-tysyachi-lajkiv-venetsiya-rym-piza-florentsiya-zi-lvova/,"Автобусний тур «Тисячі лайків: Венеція, Рим, Піза Флоренція» зі Львова",13.6.2026,14.06.2026,,,,
https://www.i-travel.com.ua/avtobusnyj-tur-tysyachi-lajkiv-venetsiya-rym-piza-florentsiya-zi-lvova/,"Автобусний тур «Тисячі лайків: Венеція, Рим, Піза Флоренція» зі Львова",16.6.2026,17.06.2026,,,,
https://www.i-travel.com.ua/avtobusnyj-tur-tysyachi-lajkiv-venetsiya-rym-piza-florentsiya-zi-lvova/,"Автобусний тур «Тисячі лайків: Венеція, Рим, Піза Флоренція» зі Львова",27.6.2026,28.06.2026,,,,
https://www.i-travel.com.ua/avtobusnyj-tur-tysyachi-lajkiv-venetsiya-rym-piza-florentsiya-zi-lvova/,"Автобусний тур «Тисячі лайків: Венеція, Рим, Піза Флоренція» зі Львова",30.6.2026,01.07.2026,,,,
https://www.i-travel.com.ua/avtobusnyj-tur-tysyachi-lajkiv-venetsiya-rym-piza-florentsiya-zi-lvova/,"Автобусний тур «Тисячі лайків: Венеція, Рим, Піза Флоренція» зі Львова",4.7.2026,05.07.2026,,,,
https://www.i-travel.com.ua/avtobusnyj-tur-tysyachi-lajkiv-venetsiya-rym-piza-florentsiya-zi-lvova/,"Автобусний тур «Тисячі лайків: Венеція, Рим, Піза Флоренція» зі Львова",7.7.2026,08.07.2026,,,,
https://www.i-travel.com.ua/avtobusnyj-tur-tysyachi-lajkiv-venetsiya-rym-piza-florentsiya-zi-lvova/,"Автобусний тур «Тисячі лайків: Венеція, Рим, Піза Флоренція» зі Львова",18.7.2026,19.07.2026,,,,
https://www.i-travel.com.ua/avtobusnyj-tur-tysyachi-lajkiv-venetsiya-rym-piza-florentsiya-zi-lvova/,"Автобусний тур «Тисячі лайків: Венеція, Рим, Піза Флоренція» зі Львова",21.7.2026,22.07.2026,,,,
https://www.i-travel.com.ua/avtobusnyj-tur-tysyachi-lajkiv-venetsiya-rym-piza-florentsiya-zi-lvova/,"Автобусний тур «Тисячі лайків: Венеція, Рим, Піза Флоренція» зі Львова",1.8.2026,02.08.2026,,,,
https://www.i-travel.com.ua/avtobusnyj-tur-tysyachi-lajkiv-venetsiya-rym-piza-florentsiya-zi-lvova/,"Автобусний тур «Тисячі лайків: Венеція, Рим, Піза Флоренція» зі Львова",4.8.2026,05.08.2026,,,,
https://www.i-travel.com.ua/avtobusnyj-tur-tysyachi-lajkiv-venetsiya-rym-piza-florentsiya-zi-lvova/,"Автобусний тур «Тисячі лайків: Венеція, Рим, Піза Флоренція» зі Львова",15.8.2026,16.08.2026,,,,
https://www.i-travel.com.ua/avtobusnyj-tur-tysyachi-lajkiv-venetsiya-rym-piza-florentsiya-zi-lvova/,"Автобусний тур «Тисячі лайків: Венеція, Рим, Піза Флоренція» зі Львова",18.8.2026,19.08.2026,,,,
https://www.i-travel.com.ua/avtobusnyj-tur-tysyachi-lajkiv-venetsiya-rym-piza-florentsiya-zi-lvova/,"Автобусний тур «Тисячі лайків: Венеція, Рим, Піза Флоренція» зі Львова",29.8.2026,30.08.2026,,,,
https://www.i-travel.com.ua/avtobusnyj-tur-tysyachi-lajkiv-venetsiya-rym-piza-florentsiya-zi-lvova/,"Автобусний тур «Тисячі лайків: Венеція, Рим, Піза Флоренція» зі Львова",12.9.2026,13.09.2026,,,,
https://www.i-travel.com.ua/avtobusnyj-tur-tysyachi-lajkiv-venetsiya-rym-piza-florentsiya-zi-lvova/,"Автобусний тур «Тисячі лайків: Венеція, Рим, Піза Флоренція» зі Львова",15.9.2026,16.09.2026,,,,
https://www.i-travel.com.ua/avtobusnyj-tur-tysyachi-lajkiv-venetsiya-rym-piza-florentsiya-zi-lvova/,"Автобусний тур «Тисячі лайків: Венеція, Рим, Піза Флоренція» зі Львова",26.9.2026,27.09.2026,,,,
https://www.i-travel.com.ua/avtobusnyj-tur-tysyachi-lajkiv-venetsiya-rym-piza-florentsiya-zi-lvova/,"Автобусний тур «Тисячі лайків: Венеція, Рим, Піза Флоренція» зі Львова",29.9.2026,30.09.2026,,,,
https://www.i-travel.com.ua/avtobusnyj-tur-tysyachi-lajkiv-venetsiya-rym-piza-florentsiya-zi-lvova/,"Автобусний тур «Тисячі лайків: Венеція, Рим, Піза Флоренція» зі Львова",3.10.2026,04.10.2026,,,,
https://www.i-travel.com.ua/avtobusnyj-tur-tysyachi-lajkiv-venetsiya-rym-piza-florentsiya-zi-lvova/,"Автобусний тур «Тисячі лайків: Венеція, Рим, Піза Флоренція» зі Львова",6.10.2026,07.10.2026,,,,
https://www.i-travel.com.ua/avtobusnyj-tur-tysyachi-lajkiv-venetsiya-rym-piza-florentsiya-zi-lvova/,"Автобусний тур «Тисячі лайків: Венеція, Рим, Піза Флоренція» зі Львова",17.10.2026,18.10.2026,,,,
https://www.i-travel.com.ua/avtobusnyj-tur-tysyachi-lajkiv-venetsiya-rym-piza-florentsiya-zi-lvova/,"Автобусний тур «Тисячі лайків: Венеція, Рим, Піза Флоренція» зі Львова",20.10.2026,21.10.2026,,,,
https://www.i-travel.com.ua/avtobusnyj-tur-tysyachi-lajkiv-venetsiya-rym-piza-florentsiya-zi-lvova/,"Автобусний тур «Тисячі лайків: Венеція, Рим, Піза Флоренція» зі Львова",24.10.2026,25.10.2026,,,,
https://www.i-travel.com.ua/avtobusnyj-tur-tysyachi-lajkiv-venetsiya-rym-piza-florentsiya-zi-lvova/,"Автобусний тур «Тисячі лайків: Венеція, Рим, Піза Флоренція» зі Львова",27.10.2026,28.10.2026,,,,
https://www.i-travel.com.ua/avtobusnyj-tur-tysyachi-lajkiv-venetsiya-rym-piza-florentsiya-zi-lvova/,"Автобусний тур «Тисячі лайків: Венеція, Рим, Піза Флоренція» зі Львова",7.11.2026,08.11.2026,,,,
https://www.i-travel.com.ua/avtobusnyj-tur-tysyachi-lajkiv-venetsiya-rym-piza-florentsiya-zi-lvova/,"Автобусний тур «Тисячі лайків: Венеція, Рим, Піза Флоренція» зі Львова",10.11.2026,11.11.2026,,,,
https://www.i-travel.com.ua/avtobusnyj-tur-tysyachi-lajkiv-venetsiya-rym-piza-florentsiya-zi-lvova/,"Автобусний тур «Тисячі лайків: Венеція, Рим, Піза Флоренція» зі Львова",21.11.2026,22.11.2026,,,,
https://www.i-travel.com.ua/avtobusnyj-tur-tysyachi-lajkiv-venetsiya-rym-piza-florentsiya-zi-lvova/,"Автобусний тур «Тисячі лайків: Венеція, Рим, Піза Флоренція» зі Львова",24.11.2026,25.11.2026,,,,
https://www.i-travel.com.ua/avtobusnyj-tur-tysyachi-lajkiv-venetsiya-rym-piza-florentsiya-zi-lvova/,"Автобусний тур «Тисячі лайків: Венеція, Рим, Піза Флоренція» зі Львова",5.12.2026,06.12.2026,,,,
https://www.i-travel.com.ua/avtobusnyj-tur-tysyachi-lajkiv-venetsiya-rym-piza-florentsiya-zi-lvova/,"Автобусний тур «Тисячі лайків: Венеція, Рим, Піза Флоренція» зі Львова",8.12.2026,09.12.2026,,,,
https://www.i-travel.com.ua/avtobusnyj-tur-tysyachi-lajkiv-venetsiya-rym-piza-florentsiya-zi-lvova/,"Автобусний тур «Тисячі лайків: Венеція, Рим, Піза Флоренція» зі Львова",19.12.2026,20.12.2026,,,,
https://www.i-travel.com.ua/avtobusnyj-tur-tysyachi-lajkiv-venetsiya-rym-piza-florentsiya-zi-lvova/,"Автобусний тур «Тисячі лайків: Венеція, Рим, Піза Флоренція» зі Львова",29.12.2026,30.12.2026,,,,
https://www.i-travel.com.ua/?p=45524,На вікенд до двох сестер: Латвія-Литва,1.5.2026,02.05.2026,,,,
https://www.i-travel.com.ua/?p=45524,На вікенд до двох сестер: Латвія-Литва,31.10.2026,01.11.2026,,,,
https://www.i-travel.com.ua/?p=45524,На вікенд до двох сестер: Латвія-Литва,30.1.2026,31.01.2026,,,,
https://www.i-travel.com.ua/?p=45524,На вікенд до двох сестер: Латвія-Литва,28.2.2026,01.03.2026,,,,
https://www.i-travel.com.ua/?p=45524,На вікенд до двох сестер: Латвія-Литва,20.3.2026,21.03.2026,,,,
https://www.i-travel.com.ua/?p=45524,На вікенд до двох сестер: Латвія-Литва,28.3.2026,29.03.2026,,,,
https://www.i-travel.com.ua/?p=45524,На вікенд до двох сестер: Латвія-Литва,22.3.2026,23.03.2026,,,,
https://www.i-travel.com.ua/?p=45524,На вікенд до двох сестер: Латвія-Литва,2.5.2026,03.05.2026,,,,
https://www.i-travel.com.ua/?p=45524,На вікенд до двох сестер: Латвія-Литва,28.4.2026,29.04.2026,,,,
https://www.i-travel.com.ua/?p=45524,На вікенд до двох сестер: Латвія-Литва,10.6.2026,11.06.2026,,,,
https://www.i-travel.com.ua/?p=45524,На вікенд до двох сестер: Латвія-Литва,24.6.2026,25.06.2026,,,,
https://www.i-travel.com.ua/?p=45524,На вікенд до двох сестер: Латвія-Литва,15.7.2026,16.07.2026,,,,
https://www.i-travel.com.ua/?p=45524,На вікенд до двох сестер: Латвія-Литва,12.8.2026,13.08.2026,,,,
https://www.i-travel.com.ua/?p=45524,На вікенд до двох сестер: Латвія-Литва,16.9.2026,17.09.2026,,,,
https://www.i-travel.com.ua/?p=45524,На вікенд до двох сестер: Латвія-Литва,14.10.2026,15.10.2026,,,,
https://www.i-travel.com.ua/?p=45524,На вікенд до двох сестер: Латвія-Литва,21.10.2026,22.10.2026,,,,
https://www.i-travel.com.ua/?p=45524,На вікенд до двох сестер: Латвія-Литва,28.10.2026,29.10.2026,,,,
https://www.i-travel.com.ua/?p=45524,На вікенд до двох сестер: Латвія-Литва,18.11.2026,19.11.2026,,,,
https://www.i-travel.com.ua/?p=45524,На вікенд до двох сестер: Латвія-Литва,23.12.2026,24.12.2026,,,,
https://www.i-travel.com.ua/baltijski-prygody-ryga-tallinn/,Балтійські пригоди: Таллінн – Рига,1.5.2026,02.05.2026,,,,
https://www.i-travel.com.ua/baltijski-prygody-ryga-tallinn/,Балтійські пригоди: Таллінн – Рига,31.10.2026,01.11.2026,,,,
https://www.i-travel.com.ua/baltijski-prygody-ryga-tallinn/,Балтійські пригоди: Таллінн – Рига,30.1.2026,31.01.2026,,,,
https://www.i-travel.com.ua/baltijski-prygody-ryga-tallinn/,Балтійські пригоди: Таллінн – Рига,28.2.2026,01.03.2026,,,,
https://www.i-travel.com.ua/baltijski-prygody-ryga-tallinn/,Балтійські пригоди: Таллінн – Рига,20.3.2026,21.03.2026,,,,
https://www.i-travel.com.ua/baltijski-prygody-ryga-tallinn/,Балтійські пригоди: Таллінн – Рига,28.3.2026,29.03.2026,,,,
https://www.i-travel.com.ua/baltijski-prygody-ryga-tallinn/,Балтійські пригоди: Таллінн – Рига,22.3.2026,23.03.2026,,,,
https://www.i-travel.com.ua/baltijski-prygody-ryga-tallinn/,Балтійські пригоди: Таллінн – Рига,2.5.2026,03.05.2026,,,,
https://www.i-travel.com.ua/baltijski-prygody-ryga-tallinn/,Балтійські пригоди: Таллінн – Рига,28.4.2026,29.04.2026,,,,
https://www.i-travel.com.ua/baltijski-prygody-ryga-tallinn/,Балтійські пригоди: Таллінн – Рига,26.5.2026,27.05.2026,,,,
https://www.i-travel.com.ua/baltijski-prygody-ryga-tallinn/,Балтійські пригоди: Таллінн – Рига,9.6.2026,10.06.2026,,,,
https://www.i-travel.com.ua/baltijski-prygody-ryga-tallinn/,Балтійські пригоди: Таллінн – Рига,23.6.2026,24.06.2026,,,,
https://www.i-travel.com.ua/baltijski-prygody-ryga-tallinn/,Балтійські пригоди: Таллінн – Рига,14.7.2026,15.07.2026,,,,
https://www.i-travel.com.ua/baltijski-prygody-ryga-tallinn/,Балтійські пригоди: Таллінн – Рига,28.7.2026,29.07.2026,,,,
https://www.i-travel.com.ua/baltijski-prygody-ryga-tallinn/,Балтійські пригоди: Таллінн – Рига,11.8.2026,12.08.2026,,,,
https://www.i-travel.com.ua/baltijski-prygody-ryga-tallinn/,Балтійські пригоди: Таллінн – Рига,25.8.2026,26.08.2026,,,,
https://www.i-travel.com.ua/baltijski-prygody-ryga-tallinn/,Балтійські пригоди: Таллінн – Рига,8.9.2026,09.09.2026,,,,
https://www.i-travel.com.ua/baltijski-prygody-ryga-tallinn/,Балтійські пригоди: Таллінн – Рига,22.9.2026,23.09.2026,,,,
https://www.i-travel.com.ua/baltijski-prygody-ryga-tallinn/,Балтійські пригоди: Таллінн – Рига,6.10.2026,07.10.2026,,,,
https://www.i-travel.com.ua/baltijski-prygody-ryga-tallinn/,Балтійські пригоди: Таллінн – Рига,20.10.2026,21.10.2026,,,,
https://www.i-travel.com.ua/baltijski-prygody-ryga-tallinn/,Балтійські пригоди: Таллінн – Рига,27.10.2026,28.10.2026,,,,
https://www.i-travel.com.ua/baltijski-prygody-ryga-tallinn/,Балтійські пригоди: Таллінн – Рига,10.11.2026,11.11.2026,,,,
https://www.i-travel.com.ua/baltijski-prygody-ryga-tallinn/,Балтійські пригоди: Таллінн – Рига,24.11.2026,25.11.2026,,,,
https://www.i-travel.com.ua/baltijski-prygody-ryga-tallinn/,Балтійські пригоди: Таллінн – Рига,15.12.2026,16.12.2026,,,,
https://www.i-travel.com.ua/baltijski-prygody-ryga-tallinn/,Балтійські пригоди: Таллінн – Рига,22.12.2026,23.12.2026,,,,
https://www.i-travel.com.ua/baltijski-prygody-ryga-tallinn/,Балтійські пригоди: Таллінн – Рига,30.12.2026,31.12.2026,,,,
https://www.i-travel.com.ua/?p=45526,"Балтійські Скарби + круїз: Таллін, Стокгольм, Рига",1.5.2026,02.05.2026,,,,
https://www.i-travel.com.ua/?p=45526,"Балтійські Скарби + круїз: Таллін, Стокгольм, Рига",31.10.2026,01.11.2026,,,,
https://www.i-travel.com.ua/?p=45526,"Балтійські Скарби + круїз: Таллін, Стокгольм, Рига",30.1.2026,31.01.2026,,,,
https://www.i-travel.com.ua/?p=45526,"Балтійські Скарби + круїз: Таллін, Стокгольм, Рига",28.2.2026,01.03.2026,,,,
https://www.i-travel.com.ua/?p=45526,"Балтійські Скарби + круїз: Таллін, Стокгольм, Рига",20.3.2026,21.03.2026,,,,
https://www.i-travel.com.ua/?p=45526,"Балтійські Скарби + круїз: Таллін, Стокгольм, Рига",28.3.2026,29.03.2026,,,,
https://www.i-travel.com.ua/?p=45526,"Балтійські Скарби + круїз: Таллін, Стокгольм, Рига",22.3.2026,23.03.2026,,,,
https://www.i-travel.com.ua/?p=45526,"Балтійські Скарби + круїз: Таллін, Стокгольм, Рига",2.5.2026,03.05.2026,,,,
https://www.i-travel.com.ua/?p=45526,"Балтійські Скарби + круїз: Таллін, Стокгольм, Рига",28.4.2026,29.04.2026,,,,
https://www.i-travel.com.ua/?p=45526,"Балтійські Скарби + круїз: Таллін, Стокгольм, Рига",27.5.2026,28.05.2026,,,,
https://www.i-travel.com.ua/?p=45526,"Балтійські Скарби + круїз: Таллін, Стокгольм, Рига",10.6.2026,11.06.2026,,,,
https://www.i-travel.com.ua/?p=45526,"Балтійські Скарби + круїз: Таллін, Стокгольм, Рига",14.6.2026,15.06.2026,,,,
https://www.i-travel.com.ua/?p=45526,"Балтійські Скарби + круїз: Таллін, Стокгольм, Рига",24.6.2026,25.06.2026,,,,
https://www.i-travel.com.ua/?p=45526,"Балтійські Скарби + круїз: Таллін, Стокгольм, Рига",8.7.2026,09.07.2026,,,,
https://www.i-travel.com.ua/?p=45526,"Балтійські Скарби + круїз: Таллін, Стокгольм, Рига",22.7.2026,23.07.2026,,,,
https://www.i-travel.com.ua/?p=45526,"Балтійські Скарби + круїз: Таллін, Стокгольм, Рига",5.8.2026,06.08.2026,,,,
https://www.i-travel.com.ua/?p=45526,"Балтійські Скарби + круїз: Таллін, Стокгольм, Рига",19.8.2026,20.08.2026,,,,
https://www.i-travel.com.ua/?p=45526,"Балтійські Скарби + круїз: Таллін, Стокгольм, Рига",9.9.2026,10.09.2026,,,,
https://www.i-travel.com.ua/?p=45526,"Балтійські Скарби + круїз: Таллін, Стокгольм, Рига",23.9.2026,24.09.2026,,,,
https://www.i-travel.com.ua/?p=45526,"Балтійські Скарби + круїз: Таллін, Стокгольм, Рига",14.10.2026,15.10.2026,,,,
https://www.i-travel.com.ua/?p=45526,"Балтійські Скарби + круїз: Таллін, Стокгольм, Рига",20.10.2026,21.10.2026,,,,
https://www.i-travel.com.ua/?p=45526,"Балтійські Скарби + круїз: Таллін, Стокгольм, Рига",28.10.2026,29.10.2026,,,,
https://www.i-travel.com.ua/?p=45526,"Балтійські Скарби + круїз: Таллін, Стокгольм, Рига",11.11.2026,12.11.2026,,,,
https://www.i-travel.com.ua/?p=45526,"Балтійські Скарби + круїз: Таллін, Стокгольм, Рига",25.11.2026,26.11.2026,,,,
https://www.i-travel.com.ua/?p=45526,"Балтійські Скарби + круїз: Таллін, Стокгольм, Рига",9.12.2026,10.12.2026,,,,
https://www.i-travel.com.ua/?p=45526,"Балтійські Скарби + круїз: Таллін, Стокгольм, Рига",25.12.2026,26.12.2026,,,,
https://www.i-travel.com.ua/istinaya-roskosh/,"Автобусний тур «Європейська розкіш – Ніцца, Монако, Портофіно…» зі Львова",1.5.2026,02.05.2026,,,,
https://www.i-travel.com.ua/istinaya-roskosh/,"Автобусний тур «Європейська розкіш – Ніцца, Монако, Портофіно…» зі Львова",31.10.2026,01.11.2026,,,,
https://www.i-travel.com.ua/istinaya-roskosh/,"Автобусний тур «Європейська розкіш – Ніцца, Монако, Портофіно…» зі Львова",30.1.2026,31.01.2026,,,,
https://www.i-travel.com.ua/istinaya-roskosh/,"Автобусний тур «Європейська розкіш – Ніцца, Монако, Портофіно…» зі Львова",28.2.2026,01.03.2026,,,,
https://www.i-travel.com.ua/istinaya-roskosh/,"Автобусний тур «Європейська розкіш – Ніцца, Монако, Портофіно…» зі Львова",20.3.2026,21.03.2026,,,,
https://www.i-travel.com.ua/istinaya-roskosh/,"Автобусний тур «Європейська розкіш – Ніцца, Монако, Портофіно…» зі Львова",28.3.2026,29.03.2026,,,,
https://www.i-travel.com.ua/istinaya-roskosh/,"Автобусний тур «Європейська розкіш – Ніцца, Монако, Портофіно…» зі Львова",22.3.2026,23.03.2026,,,,
https://www.i-travel.com.ua/istinaya-roskosh/,"Автобусний тур «Європейська розкіш – Ніцца, Монако, Портофіно…» зі Львова",2.5.2026,03.05.2026,,,,
https://www.i-travel.com.ua/istinaya-roskosh/,"Автобусний тур «Європейська розкіш – Ніцца, Монако, Портофіно…» зі Львова",28.4.2026,29.04.2026,,,,
https://www.i-travel.com.ua/istinaya-roskosh/,"Автобусний тур «Європейська розкіш – Ніцца, Монако, Портофіно…» зі Львова",5.4.2025,06.04.2025,,,,
https://www.i-travel.com.ua/istinaya-roskosh/,"Автобусний тур «Європейська розкіш – Ніцца, Монако, Портофіно…» зі Львова",12.3.2026,13.03.2026,,,,
https://www.i-travel.com.ua/?p=30518,Чудовий мікс – Чорногорія+Албанія з відпочинком на морі,1.5.2026,02.05.2026,,,,
https://www.i-travel.com.ua/?p=30518,Чудовий мікс – Чорногорія+Албанія з відпочинком на морі,31.10.2026,01.11.2026,,,,
https://www.i-travel.com.ua/?p=30518,Чудовий мікс – Чорногорія+Албанія з відпочинком на морі,30.1.2026,31.01.2026,,,,
https://www.i-travel.com.ua/?p=30518,Чудовий мікс – Чорногорія+Албанія з відпочинком на морі,28.2.2026,01.03.2026,,,,
https://www.i-travel.com.ua/?p=30518,Чудовий мікс – Чорногорія+Албанія з відпочинком на морі,20.3.2026,21.03.2026,,,,
https://www.i-travel.com.ua/?p=30518,Чудовий мікс – Чорногорія+Албанія з відпочинком на морі,28.3.2026,29.03.2026,,,,
https://www.i-travel.com.ua/?p=30518,Чудовий мікс – Чорногорія+Албанія з відпочинком на морі,22.3.2026,23.03.2026,,,,
https://www.i-travel.com.ua/?p=30518,Чудовий мікс – Чорногорія+Албанія з відпочинком на морі,2.5.2026,03.05.2026,,,,
https://www.i-travel.com.ua/?p=30518,Чудовий мікс – Чорногорія+Албанія з відпочинком на морі,28.4.2026,29.04.2026,,,,
https://www.i-travel.com.ua/?p=30518,Чудовий мікс – Чорногорія+Албанія з відпочинком на морі,27.5.2026,28.05.2026,,,,
https://www.i-travel.com.ua/?p=30518,Чудовий мікс – Чорногорія+Албанія з відпочинком на морі,3.6.2026,04.06.2026,,,,
https://www.i-travel.com.ua/?p=30518,Чудовий мікс – Чорногорія+Албанія з відпочинком на морі,10.6.2026,11.06.2026,,,,
https://www.i-travel.com.ua/?p=30518,Чудовий мікс – Чорногорія+Албанія з відпочинком на морі,17.6.2026,18.06.2026,,,,
https://www.i-travel.com.ua/?p=30518,Чудовий мікс – Чорногорія+Албанія з відпочинком на морі,24.6.2026,25.06.2026,,,,
https://www.i-travel.com.ua/?p=30518,Чудовий мікс – Чорногорія+Албанія з відпочинком на морі,1.7.2026,02.07.2026,,,,
https://www.i-travel.com.ua/?p=30518,Чудовий мікс – Чорногорія+Албанія з відпочинком на морі,8.7.2026,09.07.2026,,,,
https://www.i-travel.com.ua/?p=30518,Чудовий мікс – Чорногорія+Албанія з відпочинком на морі,15.7.2026,16.07.2026,,,,
https://www.i-travel.com.ua/?p=30518,Чудовий мікс – Чорногорія+Албанія з відпочинком на морі,22.7.2026,23.07.2026,,,,
https://www.i-travel.com.ua/?p=30518,Чудовий мікс – Чорногорія+Албанія з відпочинком на морі,29.7.2026,30.07.2026,,,,
https://www.i-travel.com.ua/?p=30518,Чудовий мікс – Чорногорія+Албанія з відпочинком на морі,5.8.2026,06.08.2026,,,,
https://www.i-travel.com.ua/?p=30518,Чудовий мікс – Чорногорія+Албанія з відпочинком на морі,12.8.2026,13.08.2026,,,,
https://www.i-travel.com.ua/?p=30518,Чудовий мікс – Чорногорія+Албанія з відпочинком на морі,19.8.2026,20.08.2026,,,,
https://www.i-travel.com.ua/?p=30518,Чудовий мікс – Чорногорія+Албанія з відпочинком на морі,26.8.2026,27.08.2026,,,,
https://www.i-travel.com.ua/?p=30518,Чудовий мікс – Чорногорія+Албанія з відпочинком на морі,2.9.2026,03.09.2026,,,,
https://www.i-travel.com.ua/?p=30518,Чудовий мікс – Чорногорія+Албанія з відпочинком на морі,9.9.2026,10.09.2026,,,,
https://www.i-travel.com.ua/avtobusnyj-tur-rumunskyj-ekspres-z-odesy/,Автобусний тур Румунський експрес з Одеси,1.5.2026,02.05.2026,,,,
https://www.i-travel.com.ua/avtobusnyj-tur-rumunskyj-ekspres-z-odesy/,Автобусний тур Румунський експрес з Одеси,31.10.2026,01.11.2026,,,,
https://www.i-travel.com.ua/avtobusnyj-tur-rumunskyj-ekspres-z-odesy/,Автобусний тур Румунський експрес з Одеси,30.1.2026,31.01.2026,,,,
https://www.i-travel.com.ua/avtobusnyj-tur-rumunskyj-ekspres-z-odesy/,Автобусний тур Румунський експрес з Одеси,28.2.2026,01.03.2026,,,,
https://www.i-travel.com.ua/avtobusnyj-tur-rumunskyj-ekspres-z-odesy/,Автобусний тур Румунський експрес з Одеси,20.3.2026,21.03.2026,,,,
https://www.i-travel.com.ua/avtobusnyj-tur-rumunskyj-ekspres-z-odesy/,Автобусний тур Румунський експрес з Одеси,28.3.2026,29.03.2026,,,,
https://www.i-travel.com.ua/avtobusnyj-tur-rumunskyj-ekspres-z-odesy/,Автобусний тур Румунський експрес з Одеси,22.3.2026,23.03.2026,,,,
https://www.i-travel.com.ua/avtobusnyj-tur-rumunskyj-ekspres-z-odesy/,Автобусний тур Румунський експрес з Одеси,2.5.2026,03.05.2026,,,,
https://www.i-travel.com.ua/avtobusnyj-tur-rumunskyj-ekspres-z-odesy/,Автобусний тур Румунський експрес з Одеси,28.4.2026,29.04.2026,,,,
https://www.i-travel.com.ua/avtobusnyj-tur-rumunskyj-ekspres-z-odesy/,Автобусний тур Румунський експрес з Одеси,21.5.2026,22.05.2026,,,,
https://www.i-travel.com.ua/avtobusnyj-tur-rumunskyj-ekspres-z-odesy/,Автобусний тур Румунський експрес з Одеси,4.6.2026,05.06.2026,,,,
https://www.i-travel.com.ua/avtobusnyj-tur-rumunskyj-ekspres-z-odesy/,Автобусний тур Румунський експрес з Одеси,18.6.2026,19.06.2026,,,,
https://www.i-travel.com.ua/avtobusnyj-tur-rumunskyj-ekspres-z-odesy/,Автобусний тур Румунський експрес з Одеси,2.7.2026,03.07.2026,,,,
https://www.i-travel.com.ua/avtobusnyj-tur-rumunskyj-ekspres-z-odesy/,Автобусний тур Румунський експрес з Одеси,16.7.2026,17.07.2026,,,,
https://www.i-travel.com.ua/avtobusnyj-tur-rumunskyj-ekspres-z-odesy/,Автобусний тур Румунський експрес з Одеси,30.7.2026,31.07.2026,,,,
https://www.i-travel.com.ua/avtobusnyj-tur-rumunskyj-ekspres-z-odesy/,Автобусний тур Румунський експрес з Одеси,13.8.2026,14.08.2026,,,,
https://www.i-travel.com.ua/avtobusnyj-tur-rumunskyj-ekspres-z-odesy/,Автобусний тур Румунський експрес з Одеси,27.8.2026,28.08.2026,,,,
https://www.i-travel.com.ua/avtobusnyj-tur-rumunskyj-ekspres-z-odesy/,Автобусний тур Румунський експрес з Одеси,10.9.2026,11.09.2026,,,,
https://www.i-travel.com.ua/avtobusnyj-tur-rumunskyj-ekspres-z-odesy/,Автобусний тур Румунський експрес з Одеси,24.9.2026,25.09.2026,,,,
https://www.i-travel.com.ua/avtobusnyj-tur-rumunskyj-ekspres-z-odesy/,Автобусний тур Румунський експрес з Одеси,15.10.2026,16.10.2026,,,,
https://www.i-travel.com.ua/avtobusnyj-tur-rumunskyj-ekspres-z-odesy/,Автобусний тур Румунський експрес з Одеси,20.10.2026,21.10.2026,,,,
https://www.i-travel.com.ua/avtobusnyj-tur-rumunskyj-ekspres-z-odesy/,Автобусний тур Румунський експрес з Одеси,22.10.2026,23.10.2026,,,,
https://www.i-travel.com.ua/avtobusnyj-tur-rumunskyj-ekspres-z-odesy/,Автобусний тур Румунський експрес з Одеси,27.10.2026,28.10.2026,,,,
https://www.i-travel.com.ua/avtobusnyj-tur-rumunskyj-ekspres-z-odesy/,Автобусний тур Румунський експрес з Одеси,29.10.2026,30.10.2026,,,,
https://www.i-travel.com.ua/avtobusnyj-tur-rumunskyj-ekspres-z-odesy/,Автобусний тур Румунський експрес з Одеси,19.11.2026,20.11.2026,,,,
https://www.i-travel.com.ua/avtobusnyj-tur-rumunskyj-ekspres-z-odesy/,Автобусний тур Румунський експрес з Одеси,17.12.2026,18.12.2026,,,,
https://www.i-travel.com.ua/avtobusnyj-tur-rumunskyj-ekspres-z-odesy/,Автобусний тур Румунський експрес з Одеси,24.12.2026,25.12.2026,,,,
https://www.i-travel.com.ua/avtobusnyj-tur-rumunskyj-ekspres-z-odesy/,Автобусний тур Румунський експрес з Одеси,29.12.2026,30.12.2026,,,,
https://www.i-travel.com.ua/avtobusnyj-tur-rumunskyj-ekspres-z-odesy/,Автобусний тур Румунський експрес з Одеси,29.12.2025,30.12.2025,,,,
https://www.i-travel.com.ua/avtobusnyj-tur-yizh-lyuby-podorozhuj-venetsiya-rym-2-dni-piza-florentsiya-zi-lvova/,"Автобусний тур «Їж.Люби.Подорожуй: Любляна, Венеція, Рим 2 дні, Флоренція» зі Львова",1.5.2026,02.05.2026,,,,
https://www.i-travel.com.ua/avtobusnyj-tur-yizh-lyuby-podorozhuj-venetsiya-rym-2-dni-piza-florentsiya-zi-lvova/,"Автобусний тур «Їж.Люби.Подорожуй: Любляна, Венеція, Рим 2 дні, Флоренція» зі Львова",31.10.2026,01.11.2026,,,,
https://www.i-travel.com.ua/avtobusnyj-tur-yizh-lyuby-podorozhuj-venetsiya-rym-2-dni-piza-florentsiya-zi-lvova/,"Автобусний тур «Їж.Люби.Подорожуй: Любляна, Венеція, Рим 2 дні, Флоренція» зі Львова",30.1.2026,31.01.2026,,,,
https://www.i-travel.com.ua/avtobusnyj-tur-yizh-lyuby-podorozhuj-venetsiya-rym-2-dni-piza-florentsiya-zi-lvova/,"Автобусний тур «Їж.Люби.Подорожуй: Любляна, Венеція, Рим 2 дні, Флоренція» зі Львова",28.2.2026,01.03.2026,,,,
https://www.i-travel.com.ua/avtobusnyj-tur-yizh-lyuby-podorozhuj-venetsiya-rym-2-dni-piza-florentsiya-zi-lvova/,"Автобусний тур «Їж.Люби.Подорожуй: Любляна, Венеція, Рим 2 дні, Флоренція» зі Львова",20.3.2026,21.03.2026,,,,
https://www.i-travel.com.ua/avtobusnyj-tur-yizh-lyuby-podorozhuj-venetsiya-rym-2-dni-piza-florentsiya-zi-lvova/,"Автобусний тур «Їж.Люби.Подорожуй: Любляна, Венеція, Рим 2 дні, Флоренція» зі Львова",28.3.2026,29.03.2026,,,,
https://www.i-travel.com.ua/avtobusnyj-tur-yizh-lyuby-podorozhuj-venetsiya-rym-2-dni-piza-florentsiya-zi-lvova/,"Автобусний тур «Їж.Люби.Подорожуй: Любляна, Венеція, Рим 2 дні, Флоренція» зі Львова",22.3.2026,23.03.2026,,,,
https://www.i-travel.com.ua/avtobusnyj-tur-yizh-lyuby-podorozhuj-venetsiya-rym-2-dni-piza-florentsiya-zi-lvova/,"Автобусний тур «Їж.Люби.Подорожуй: Любляна, Венеція, Рим 2 дні, Флоренція» зі Львова",2.5.2026,03.05.2026,,,,
https://www.i-travel.com.ua/avtobusnyj-tur-yizh-lyuby-podorozhuj-venetsiya-rym-2-dni-piza-florentsiya-zi-lvova/,"Автобусний тур «Їж.Люби.Подорожуй: Любляна, Венеція, Рим 2 дні, Флоренція» зі Львова",28.4.2026,29.04.2026,,,,
https://www.i-travel.com.ua/avtobusnyj-tur-yizh-lyuby-podorozhuj-venetsiya-rym-2-dni-piza-florentsiya-zi-lvova/,"Автобусний тур «Їж.Люби.Подорожуй: Любляна, Венеція, Рим 2 дні, Флоренція» зі Львова",29.5.2026,30.05.2026,,,,
https://www.i-travel.com.ua/avtobusnyj-tur-yizh-lyuby-podorozhuj-venetsiya-rym-2-dni-piza-florentsiya-zi-lvova/,"Автобусний тур «Їж.Люби.Подорожуй: Любляна, Венеція, Рим 2 дні, Флоренція» зі Львова",12.6.2026,13.06.2026,,,,
https://www.i-travel.com.ua/avtobusnyj-tur-yizh-lyuby-podorozhuj-venetsiya-rym-2-dni-piza-florentsiya-zi-lvova/,"Автобусний тур «Їж.Люби.Подорожуй: Любляна, Венеція, Рим 2 дні, Флоренція» зі Львова",26.6.2026,27.06.2026,,,,
https://www.i-travel.com.ua/avtobusnyj-tur-yizh-lyuby-podorozhuj-venetsiya-rym-2-dni-piza-florentsiya-zi-lvova/,"Автобусний тур «Їж.Люби.Подорожуй: Любляна, Венеція, Рим 2 дні, Флоренція» зі Львова",10.7.2026,11.07.2026,,,,
https://www.i-travel.com.ua/avtobusnyj-tur-yizh-lyuby-podorozhuj-venetsiya-rym-2-dni-piza-florentsiya-zi-lvova/,"Автобусний тур «Їж.Люби.Подорожуй: Любляна, Венеція, Рим 2 дні, Флоренція» зі Львова",24.7.2026,25.07.2026,,,,
https://www.i-travel.com.ua/avtobusnyj-tur-yizh-lyuby-podorozhuj-venetsiya-rym-2-dni-piza-florentsiya-zi-lvova/,"Автобусний тур «Їж.Люби.Подорожуй: Любляна, Венеція, Рим 2 дні, Флоренція» зі Львова",14.8.2026,15.08.2026,,,,
https://www.i-travel.com.ua/avtobusnyj-tur-yizh-lyuby-podorozhuj-venetsiya-rym-2-dni-piza-florentsiya-zi-lvova/,"Автобусний тур «Їж.Люби.Подорожуй: Любляна, Венеція, Рим 2 дні, Флоренція» зі Львова",25.8.2026,26.08.2026,,,,
https://www.i-travel.com.ua/avtobusnyj-tur-yizh-lyuby-podorozhuj-venetsiya-rym-2-dni-piza-florentsiya-zi-lvova/,"Автобусний тур «Їж.Люби.Подорожуй: Любляна, Венеція, Рим 2 дні, Флоренція» зі Львова",4.9.2026,05.09.2026,,,,
https://www.i-travel.com.ua/avtobusnyj-tur-yizh-lyuby-podorozhuj-venetsiya-rym-2-dni-piza-florentsiya-zi-lvova/,"Автобусний тур «Їж.Люби.Подорожуй: Любляна, Венеція, Рим 2 дні, Флоренція» зі Львова",18.9.2026,19.09.2026,,,,
https://www.i-travel.com.ua/avtobusnyj-tur-yizh-lyuby-podorozhuj-venetsiya-rym-2-dni-piza-florentsiya-zi-lvova/,"Автобусний тур «Їж.Люби.Подорожуй: Любляна, Венеція, Рим 2 дні, Флоренція» зі Львова",2.10.2026,03.10.2026,,,,
https://www.i-travel.com.ua/avtobusnyj-tur-yizh-lyuby-podorozhuj-venetsiya-rym-2-dni-piza-florentsiya-zi-lvova/,"Автобусний тур «Їж.Люби.Подорожуй: Любляна, Венеція, Рим 2 дні, Флоренція» зі Львова",16.10.2026,17.10.2026,,,,
https://www.i-travel.com.ua/avtobusnyj-tur-yizh-lyuby-podorozhuj-venetsiya-rym-2-dni-piza-florentsiya-zi-lvova/,"Автобусний тур «Їж.Люби.Подорожуй: Любляна, Венеція, Рим 2 дні, Флоренція» зі Львова",24.10.2026,25.10.2026,,,,
https://www.i-travel.com.ua/avtobusnyj-tur-yizh-lyuby-podorozhuj-venetsiya-rym-2-dni-piza-florentsiya-zi-lvova/,"Автобусний тур «Їж.Люби.Подорожуй: Любляна, Венеція, Рим 2 дні, Флоренція» зі Львова",6.11.2026,07.11.2026,,,,
https://www.i-travel.com.ua/avtobusnyj-tur-yizh-lyuby-podorozhuj-venetsiya-rym-2-dni-piza-florentsiya-zi-lvova/,"Автобусний тур «Їж.Люби.Подорожуй: Любляна, Венеція, Рим 2 дні, Флоренція» зі Львова",20.11.2026,21.11.2026,,,,
https://www.i-travel.com.ua/avtobusnyj-tur-yizh-lyuby-podorozhuj-venetsiya-rym-2-dni-piza-florentsiya-zi-lvova/,"Автобусний тур «Їж.Люби.Подорожуй: Любляна, Венеція, Рим 2 дні, Флоренція» зі Львова",4.12.2026,05.12.2026,,,,
https://www.i-travel.com.ua/avtobusnyj-tur-yizh-lyuby-podorozhuj-venetsiya-rym-2-dni-piza-florentsiya-zi-lvova/,"Автобусний тур «Їж.Люби.Подорожуй: Любляна, Венеція, Рим 2 дні, Флоренція» зі Львова",18.12.2026,19.12.2026,,,,
https://www.i-travel.com.ua/avtobusnyj-tur-yizh-lyuby-podorozhuj-venetsiya-rym-2-dni-piza-florentsiya-zi-lvova/,"Автобусний тур «Їж.Люби.Подорожуй: Любляна, Венеція, Рим 2 дні, Флоренція» зі Львова",28.12.2026,29.12.2026,,,,
https://www.i-travel.com.ua/?p=47102,Автобусний тур «Релакс у Чехії та Угорщині»,1.5.2026,02.05.2026,,,,
https://www.i-travel.com.ua/?p=47102,Автобусний тур «Релакс у Чехії та Угорщині»,31.10.2026,01.11.2026,,,,
https://www.i-travel.com.ua/?p=47102,Автобусний тур «Релакс у Чехії та Угорщині»,30.1.2026,31.01.2026,,,,
https://www.i-travel.com.ua/?p=47102,Автобусний тур «Релакс у Чехії та Угорщині»,28.2.2026,01.03.2026,,,,
https://www.i-travel.com.ua/?p=47102,Автобусний тур «Релакс у Чехії та Угорщині»,20.3.2026,21.03.2026,,,,
https://www.i-travel.com.ua/?p=47102,Автобусний тур «Релакс у Чехії та Угорщині»,28.3.2026,29.03.2026,,,,
https://www.i-travel.com.ua/?p=47102,Автобусний тур «Релакс у Чехії та Угорщині»,22.3.2026,23.03.2026,,,,
https://www.i-travel.com.ua/?p=47102,Автобусний тур «Релакс у Чехії та Угорщині»,2.5.2026,03.05.2026,,,,
https://www.i-travel.com.ua/?p=47102,Автобусний тур «Релакс у Чехії та Угорщині»,28.4.2026,29.04.2026,,,,
https://www.i-travel.com.ua/?p=47102,Автобусний тур «Релакс у Чехії та Угорщині»,21.5.2026,22.05.2026,,,,
https://www.i-travel.com.ua/?p=47102,Автобусний тур «Релакс у Чехії та Угорщині»,29.5.2026,30.05.2026,,,,
https://www.i-travel.com.ua/?p=47102,Автобусний тур «Релакс у Чехії та Угорщині»,5.6.2026,06.06.2026,,,,
https://www.i-travel.com.ua/?p=47102,Автобусний тур «Релакс у Чехії та Угорщині»,11.6.2026,12.06.2026,,,,
https://www.i-travel.com.ua/?p=47102,Автобусний тур «Релакс у Чехії та Угорщині»,19.6.2026,20.06.2026,,,,
https://www.i-travel.com.ua/?p=47102,Автобусний тур «Релакс у Чехії та Угорщині»,25.6.2026,26.06.2026,,,,
https://www.i-travel.com.ua/?p=47102,Автобусний тур «Релакс у Чехії та Угорщині»,3.7.2026,04.07.2026,,,,
https://www.i-travel.com.ua/?p=47102,Автобусний тур «Релакс у Чехії та Угорщині»,9.7.2026,10.07.2026,,,,
https://www.i-travel.com.ua/?p=47102,Автобусний тур «Релакс у Чехії та Угорщині»,17.7.2026,18.07.2026,,,,
https://www.i-travel.com.ua/?p=47102,Автобусний тур «Релакс у Чехії та Угорщині»,23.7.2026,24.07.2026,,,,
https://www.i-travel.com.ua/?p=47102,Автобусний тур «Релакс у Чехії та Угорщині»,31.7.2026,01.08.2026,,,,
https://www.i-travel.com.ua/?p=47102,Автобусний тур «Релакс у Чехії та Угорщині»,7.8.2026,08.08.2026,,,,
https://www.i-travel.com.ua/?p=47102,Автобусний тур «Релакс у Чехії та Угорщині»,13.8.2026,14.08.2026,,,,
https://www.i-travel.com.ua/?p=47102,Автобусний тур «Релакс у Чехії та Угорщині»,21.8.2026,22.08.2026,,,,
https://www.i-travel.com.ua/?p=47102,Автобусний тур «Релакс у Чехії та Угорщині»,27.8.2026,28.08.2026,,,,
https://www.i-travel.com.ua/?p=47102,Автобусний тур «Релакс у Чехії та Угорщині»,4.9.2026,05.09.2026,,,,
https://www.i-travel.com.ua/?p=47102,Автобусний тур «Релакс у Чехії та Угорщині»,10.9.2026,11.09.2026,,,,
https://www.i-travel.com.ua/?p=47102,Автобусний тур «Релакс у Чехії та Угорщині»,18.9.2026,19.09.2026,,,,
https://www.i-travel.com.ua/?p=47102,Автобусний тур «Релакс у Чехії та Угорщині»,24.9.2026,25.09.2026,,,,
https://www.i-travel.com.ua/?p=47102,Автобусний тур «Релакс у Чехії та Угорщині»,30.9.2026,01.10.2026,,,,
https://www.i-travel.com.ua/?p=47102,Автобусний тур «Релакс у Чехії та Угорщині»,2.10.2026,03.10.2026,,,,
https://www.i-travel.com.ua/?p=47102,Автобусний тур «Релакс у Чехії та Угорщині»,8.10.2026,09.10.2026,,,,
https://www.i-travel.com.ua/?p=47102,Автобусний тур «Релакс у Чехії та Угорщині»,16.10.2026,17.10.2026,,,,
https://www.i-travel.com.ua/?p=47102,Автобусний тур «Релакс у Чехії та Угорщині»,22.10.2026,23.10.2026,,,,
https://www.i-travel.com.ua/?p=47102,Автобусний тур «Релакс у Чехії та Угорщині»,30.10.2026,31.10.2026,,,,
https://www.i-travel.com.ua/?p=47102,Автобусний тур «Релакс у Чехії та Угорщині»,6.11.2026,07.11.2026,,,,
https://www.i-travel.com.ua/?p=47102,Автобусний тур «Релакс у Чехії та Угорщині»,12.11.2026,13.11.2026,,,,
https://www.i-travel.com.ua/?p=47102,Автобусний тур «Релакс у Чехії та Угорщині»,20.11.2026,21.11.2026,,,,
https://www.i-travel.com.ua/?p=47102,Автобусний тур «Релакс у Чехії та Угорщині»,26.11.2026,27.11.2026,,,,
https://www.i-travel.com.ua/?p=47102,Автобусний тур «Релакс у Чехії та Угорщині»,4.12.2026,05.12.2026,,,,
https://www.i-travel.com.ua/?p=47102,Автобусний тур «Релакс у Чехії та Угорщині»,10.12.2026,11.12.2026,,,,
https://www.i-travel.com.ua/?p=47102,Автобусний тур «Релакс у Чехії та Угорщині»,18.12.2026,19.12.2026,,,,
https://www.i-travel.com.ua/?p=47102,Автобусний тур «Релакс у Чехії та Угорщині»,24.12.2026,25.12.2026,,,,
https://www.i-travel.com.ua/?p=17110,Зеленими берегами Корфу з Одеси,1.5.2026,02.05.2026,,,,
https://www.i-travel.com.ua/?p=17110,Зеленими берегами Корфу з Одеси,31.10.2026,01.11.2026,,,,
https://www.i-travel.com.ua/?p=17110,Зеленими берегами Корфу з Одеси,30.1.2026,31.01.2026,,,,
https://www.i-travel.com.ua/?p=17110,Зеленими берегами Корфу з Одеси,28.2.2026,01.03.2026,,,,
https://www.i-travel.com.ua/?p=17110,Зеленими берегами Корфу з Одеси,20.3.2026,21.03.2026,,,,
https://www.i-travel.com.ua/?p=17110,Зеленими берегами Корфу з Одеси,28.3.2026,29.03.2026,,,,
https://www.i-travel.com.ua/?p=17110,Зеленими берегами Корфу з Одеси,22.3.2026,23.03.2026,,,,
https://www.i-travel.com.ua/?p=17110,Зеленими берегами Корфу з Одеси,2.5.2026,03.05.2026,,,,
https://www.i-travel.com.ua/?p=17110,Зеленими берегами Корфу з Одеси,28.4.2026,29.04.2026,,,,
https://www.i-travel.com.ua/?p=17110,Зеленими берегами Корфу з Одеси,5.6.2026,06.06.2026,,,,
https://www.i-travel.com.ua/?p=17110,Зеленими берегами Корфу з Одеси,19.6.2026,20.06.2026,,,,
https://www.i-travel.com.ua/?p=17110,Зеленими берегами Корфу з Одеси,10.7.2026,11.07.2026,,,,
https://www.i-travel.com.ua/?p=17110,Зеленими берегами Корфу з Одеси,24.7.2026,25.07.2026,,,,
https://www.i-travel.com.ua/?p=17110,Зеленими берегами Корфу з Одеси,7.8.2026,08.08.2026,,,,
https://www.i-travel.com.ua/?p=17110,Зеленими берегами Корфу з Одеси,21.8.2026,22.08.2026,,,,
https://www.i-travel.com.ua/?p=17110,Зеленими берегами Корфу з Одеси,4.9.2026,05.09.2026,,,,
https://www.i-travel.com.ua/?p=17110,Зеленими берегами Корфу з Одеси,18.9.2026,19.09.2026,,,,
https://www.i-travel.com.ua/?p=17110,Зеленими берегами Корфу з Одеси,9.10.2026,10.10.2026,,,,
https://www.i-travel.com.ua/?p=17110,Зеленими берегами Корфу з Одеси,27.9.2025,28.09.2025,,,,
https://www.i-travel.com.ua/mistychna-transilvaniya-ta-transfagarash-zi-lvova/,“Містична Трансільванія та Трансфагараш” зі Львова,1.5.2026,02.05.2026,,,,
https://www.i-travel.com.ua/mistychna-transilvaniya-ta-transfagarash-zi-lvova/,“Містична Трансільванія та Трансфагараш” зі Львова,31.10.2026,01.11.2026,,,,
https://www.i-travel.com.ua/mistychna-transilvaniya-ta-transfagarash-zi-lvova/,“Містична Трансільванія та Трансфагараш” зі Львова,30.1.2026,31.01.2026,,,,
https://www.i-travel.com.ua/mistychna-transilvaniya-ta-transfagarash-zi-lvova/,“Містична Трансільванія та Трансфагараш” зі Львова,28.2.2026,01.03.2026,,,,
https://www.i-travel.com.ua/mistychna-transilvaniya-ta-transfagarash-zi-lvova/,“Містична Трансільванія та Трансфагараш” зі Львова,20.3.2026,21.03.2026,,,,
https://www.i-travel.com.ua/mistychna-transilvaniya-ta-transfagarash-zi-lvova/,“Містична Трансільванія та Трансфагараш” зі Львова,28.3.2026,29.03.2026,,,,
https://www.i-travel.com.ua/mistychna-transilvaniya-ta-transfagarash-zi-lvova/,“Містична Трансільванія та Трансфагараш” зі Львова,22.3.2026,23.03.2026,,,,
https://www.i-travel.com.ua/mistychna-transilvaniya-ta-transfagarash-zi-lvova/,“Містична Трансільванія та Трансфагараш” зі Львова,2.5.2026,03.05.2026,,,,
https://www.i-travel.com.ua/mistychna-transilvaniya-ta-transfagarash-zi-lvova/,“Містична Трансільванія та Трансфагараш” зі Львова,28.4.2026,29.04.2026,,,,
https://www.i-travel.com.ua/mistychna-transilvaniya-ta-transfagarash-zi-lvova/,“Містична Трансільванія та Трансфагараш” зі Львова,2.7.2026,03.07.2026,,,,
https://www.i-travel.com.ua/mistychna-transilvaniya-ta-transfagarash-zi-lvova/,“Містична Трансільванія та Трансфагараш” зі Львова,16.7.2026,17.07.2026,,,,
https://www.i-travel.com.ua/mistychna-transilvaniya-ta-transfagarash-zi-lvova/,“Містична Трансільванія та Трансфагараш” зі Львова,13.8.2026,14.08.2026,,,,
https://www.i-travel.com.ua/mistychna-transilvaniya-ta-transfagarash-zi-lvova/,“Містична Трансільванія та Трансфагараш” зі Львова,27.8.2026,28.08.2026,,,,
https://www.i-travel.com.ua/mistychna-transilvaniya-ta-transfagarash-zi-lvova/,“Містична Трансільванія та Трансфагараш” зі Львова,10.9.2026,11.09.2026,,,,
https://www.i-travel.com.ua/mistychna-transilvaniya-ta-transfagarash-zi-lvova/,“Містична Трансільванія та Трансфагараш” зі Львова,24.9.2026,25.09.2026,,,,
https://www.i-travel.com.ua/mistychna-transilvaniya-ta-transfagarash-zi-lvova/,“Містична Трансільванія та Трансфагараш” зі Львова,15.10.2026,16.10.2026,,,,
https://www.i-travel.com.ua/mistychna-transilvaniya-ta-transfagarash-zi-lvova/,“Містична Трансільванія та Трансфагараш” зі Львова,22.10.2026,23.10.2026,,,,
https://www.i-travel.com.ua/mistychna-transilvaniya-ta-transfagarash-zi-lvova/,“Містична Трансільванія та Трансфагараш” зі Львова,29.10.2026,30.10.2026,,,,
https://www.i-travel.com.ua/avtobusnyj-tur-kazky-staroyi-nimechchyny-zi-lvova/,Автобусний тур «Казки старої Німеччини» зі Львова,1.5.2026,02.05.2026,,,,
https://www.i-travel.com.ua/avtobusnyj-tur-kazky-staroyi-nimechchyny-zi-lvova/,Автобусний тур «Казки старої Німеччини» зі Львова,31.10.2026,01.11.2026,,,,
https://www.i-travel.com.ua/avtobusnyj-tur-kazky-staroyi-nimechchyny-zi-lvova/,Автобусний тур «Казки старої Німеччини» зі Львова,30.1.2026,31.01.2026,,,,
https://www.i-travel.com.ua/avtobusnyj-tur-kazky-staroyi-nimechchyny-zi-lvova/,Автобусний тур «Казки старої Німеччини» зі Львова,28.2.2026,01.03.2026,,,,
https://www.i-travel.com.ua/avtobusnyj-tur-kazky-staroyi-nimechchyny-zi-lvova/,Автобусний тур «Казки старої Німеччини» зі Львова,20.3.2026,21.03.2026,,,,
https://www.i-travel.com.ua/avtobusnyj-tur-kazky-staroyi-nimechchyny-zi-lvova/,Автобусний тур «Казки старої Німеччини» зі Львова,28.3.2026,29.03.2026,,,,
https://www.i-travel.com.ua/avtobusnyj-tur-kazky-staroyi-nimechchyny-zi-lvova/,Автобусний тур «Казки старої Німеччини» зі Львова,22.3.2026,23.03.2026,,,,
https://www.i-travel.com.ua/avtobusnyj-tur-kazky-staroyi-nimechchyny-zi-lvova/,Автобусний тур «Казки старої Німеччини» зі Львова,2.5.2026,03.05.2026,,,,
https://www.i-travel.com.ua/avtobusnyj-tur-kazky-staroyi-nimechchyny-zi-lvova/,Автобусний тур «Казки старої Німеччини» зі Львова,28.4.2026,29.04.2026,,,,
https://www.i-travel.com.ua/avtobusnyj-tur-kazky-staroyi-nimechchyny-zi-lvova/,Автобусний тур «Казки старої Німеччини» зі Львова,23.5.2026,24.05.2026,,,,
https://www.i-travel.com.ua/avtobusnyj-tur-kazky-staroyi-nimechchyny-zi-lvova/,Автобусний тур «Казки старої Німеччини» зі Львова,6.6.2026,07.06.2026,,,,
https://www.i-travel.com.ua/avtobusnyj-tur-kazky-staroyi-nimechchyny-zi-lvova/,Автобусний тур «Казки старої Німеччини» зі Львова,20.6.2026,21.06.2026,,,,
https://www.i-travel.com.ua/avtobusnyj-tur-kazky-staroyi-nimechchyny-zi-lvova/,Автобусний тур «Казки старої Німеччини» зі Львова,4.7.2026,05.07.2026,,,,
https://www.i-travel.com.ua/avtobusnyj-tur-kazky-staroyi-nimechchyny-zi-lvova/,Автобусний тур «Казки старої Німеччини» зі Львова,18.7.2026,19.07.2026,,,,
https://www.i-travel.com.ua/avtobusnyj-tur-kazky-staroyi-nimechchyny-zi-lvova/,Автобусний тур «Казки старої Німеччини» зі Львова,1.8.2026,02.08.2026,,,,
https://www.i-travel.com.ua/avtobusnyj-tur-kazky-staroyi-nimechchyny-zi-lvova/,Автобусний тур «Казки старої Німеччини» зі Львова,15.8.2026,16.08.2026,,,,
https://www.i-travel.com.ua/avtobusnyj-tur-kazky-staroyi-nimechchyny-zi-lvova/,Автобусний тур «Казки старої Німеччини» зі Львова,29.8.2026,30.08.2026,,,,
https://www.i-travel.com.ua/avtobusnyj-tur-kazky-staroyi-nimechchyny-zi-lvova/,Автобусний тур «Казки старої Німеччини» зі Львова,12.9.2026,13.09.2026,,,,
https://www.i-travel.com.ua/avtobusnyj-tur-kazky-staroyi-nimechchyny-zi-lvova/,Автобусний тур «Казки старої Німеччини» зі Львова,26.9.2026,27.09.2026,,,,
https://www.i-travel.com.ua/avtobusnyj-tur-kazky-staroyi-nimechchyny-zi-lvova/,Автобусний тур «Казки старої Німеччини» зі Львова,10.10.2026,11.10.2026,,,,
https://www.i-travel.com.ua/avtobusnyj-tur-kazky-staroyi-nimechchyny-zi-lvova/,Автобусний тур «Казки старої Німеччини» зі Львова,24.10.2026,25.10.2026,,,,
https://www.i-travel.com.ua/avtobusnyj-tur-kazky-staroyi-nimechchyny-zi-lvova/,Автобусний тур «Казки старої Німеччини» зі Львова,7.11.2026,08.11.2026,,,,
https://www.i-travel.com.ua/avtobusnyj-tur-kazky-staroyi-nimechchyny-zi-lvova/,Автобусний тур «Казки старої Німеччини» зі Львова,21.11.2026,22.11.2026,,,,
https://www.i-travel.com.ua/avtobusnyj-tur-kazky-staroyi-nimechchyny-zi-lvova/,Автобусний тур «Казки старої Німеччини» зі Львова,5.12.2026,06.12.2026,,,,
https://www.i-travel.com.ua/avtobusnyj-tur-kazky-staroyi-nimechchyny-zi-lvova/,Автобусний тур «Казки старої Німеччини» зі Львова,19.12.2026,20.12.2026,,,,
https://www.i-travel.com.ua/avtobusnyj-tur-lavandove-sertse-frantsiyi-valansol-lazurove-uzberezhzhya-zi-lvovu/,Автобусний тур «Лавандове серце Франції – Валансоль + Лазурове узбережжя» зі Львова,1.5.2026,02.05.2026,,,,
https://www.i-travel.com.ua/avtobusnyj-tur-lavandove-sertse-frantsiyi-valansol-lazurove-uzberezhzhya-zi-lvovu/,Автобусний тур «Лавандове серце Франції – Валансоль + Лазурове узбережжя» зі Львова,31.10.2026,01.11.2026,,,,
https://www.i-travel.com.ua/avtobusnyj-tur-lavandove-sertse-frantsiyi-valansol-lazurove-uzberezhzhya-zi-lvovu/,Автобусний тур «Лавандове серце Франції – Валансоль + Лазурове узбережжя» зі Львова,30.1.2026,31.01.2026,,,,
https://www.i-travel.com.ua/avtobusnyj-tur-lavandove-sertse-frantsiyi-valansol-lazurove-uzberezhzhya-zi-lvovu/,Автобусний тур «Лавандове серце Франції – Валансоль + Лазурове узбережжя» зі Львова,28.2.2026,01.03.2026,,,,
https://www.i-travel.com.ua/avtobusnyj-tur-lavandove-sertse-frantsiyi-valansol-lazurove-uzberezhzhya-zi-lvovu/,Автобусний тур «Лавандове серце Франції – Валансоль + Лазурове узбережжя» зі Львова,20.3.2026,21.03.2026,,,,
https://www.i-travel.com.ua/avtobusnyj-tur-lavandove-sertse-frantsiyi-valansol-lazurove-uzberezhzhya-zi-lvovu/,Автобусний тур «Лавандове серце Франції – Валансоль + Лазурове узбережжя» зі Львова,28.3.2026,29.03.2026,,,,
https://www.i-travel.com.ua/avtobusnyj-tur-lavandove-sertse-frantsiyi-valansol-lazurove-uzberezhzhya-zi-lvovu/,Автобусний тур «Лавандове серце Франції – Валансоль + Лазурове узбережжя» зі Львова,22.3.2026,23.03.2026,,,,
https://www.i-travel.com.ua/avtobusnyj-tur-lavandove-sertse-frantsiyi-valansol-lazurove-uzberezhzhya-zi-lvovu/,Автобусний тур «Лавандове серце Франції – Валансоль + Лазурове узбережжя» зі Львова,2.5.2026,03.05.2026,,,,
https://www.i-travel.com.ua/avtobusnyj-tur-lavandove-sertse-frantsiyi-valansol-lazurove-uzberezhzhya-zi-lvovu/,Автобусний тур «Лавандове серце Франції – Валансоль + Лазурове узбережжя» зі Львова,28.4.2026,29.04.2026,,,,
https://www.i-travel.com.ua/avtobusnyj-tur-lavandove-sertse-frantsiyi-valansol-lazurove-uzberezhzhya-zi-lvovu/,Автобусний тур «Лавандове серце Франції – Валансоль + Лазурове узбережжя» зі Львова,20.6.2026,21.06.2026,,,,
https://www.i-travel.com.ua/avtobusnyj-tur-lavandove-sertse-frantsiyi-valansol-lazurove-uzberezhzhya-zi-lvovu/,Автобусний тур «Лавандове серце Франції – Валансоль + Лазурове узбережжя» зі Львова,27.6.2026,28.06.2026,,,,
https://www.i-travel.com.ua/avtobusnyj-tur-lavandove-sertse-frantsiyi-valansol-lazurove-uzberezhzhya-zi-lvovu/,Автобусний тур «Лавандове серце Франції – Валансоль + Лазурове узбережжя» зі Львова,4.7.2026,05.07.2026,,,,
https://www.i-travel.com.ua/avtobusnyj-tur-lavandove-sertse-frantsiyi-valansol-lazurove-uzberezhzhya-zi-lvovu/,Автобусний тур «Лавандове серце Франції – Валансоль + Лазурове узбережжя» зі Львова,11.7.2026,12.07.2026,,,,
https://www.i-travel.com.ua/avtobusnyj-tur-lavandove-sertse-frantsiyi-valansol-lazurove-uzberezhzhya-zi-lvovu/,Автобусний тур «Лавандове серце Франції – Валансоль + Лазурове узбережжя» зі Львова,18.7.2026,19.07.2026,,,,
https://www.i-travel.com.ua/avtobusnyj-tur-dolomitovi-alpy-mandrivka-sered-velychi-vershyn-zi-lvova/,Автобусний тур «Доломітові Альпи – мандрівка серед величі вершин» зі Львова,1.5.2026,02.05.2026,,,,
https://www.i-travel.com.ua/avtobusnyj-tur-dolomitovi-alpy-mandrivka-sered-velychi-vershyn-zi-lvova/,Автобусний тур «Доломітові Альпи – мандрівка серед величі вершин» зі Львова,31.10.2026,01.11.2026,,,,
https://www.i-travel.com.ua/avtobusnyj-tur-dolomitovi-alpy-mandrivka-sered-velychi-vershyn-zi-lvova/,Автобусний тур «Доломітові Альпи – мандрівка серед величі вершин» зі Львова,30.1.2026,31.01.2026,,,,
https://www.i-travel.com.ua/avtobusnyj-tur-dolomitovi-alpy-mandrivka-sered-velychi-vershyn-zi-lvova/,Автобусний тур «Доломітові Альпи – мандрівка серед величі вершин» зі Львова,28.2.2026,01.03.2026,,,,
https://www.i-travel.com.ua/avtobusnyj-tur-dolomitovi-alpy-mandrivka-sered-velychi-vershyn-zi-lvova/,Автобусний тур «Доломітові Альпи – мандрівка серед величі вершин» зі Львова,20.3.2026,21.03.2026,,,,
https://www.i-travel.com.ua/avtobusnyj-tur-dolomitovi-alpy-mandrivka-sered-velychi-vershyn-zi-lvova/,Автобусний тур «Доломітові Альпи – мандрівка серед величі вершин» зі Львова,28.3.2026,29.03.2026,,,,
https://www.i-travel.com.ua/avtobusnyj-tur-dolomitovi-alpy-mandrivka-sered-velychi-vershyn-zi-lvova/,Автобусний тур «Доломітові Альпи – мандрівка серед величі вершин» зі Львова,22.3.2026,23.03.2026,,,,
https://www.i-travel.com.ua/avtobusnyj-tur-dolomitovi-alpy-mandrivka-sered-velychi-vershyn-zi-lvova/,Автобусний тур «Доломітові Альпи – мандрівка серед величі вершин» зі Львова,2.5.2026,03.05.2026,,,,
https://www.i-travel.com.ua/avtobusnyj-tur-dolomitovi-alpy-mandrivka-sered-velychi-vershyn-zi-lvova/,Автобусний тур «Доломітові Альпи – мандрівка серед величі вершин» зі Львова,28.4.2026,29.04.2026,,,,
https://www.i-travel.com.ua/avtobusnyj-tur-dolomitovi-alpy-mandrivka-sered-velychi-vershyn-zi-lvova/,Автобусний тур «Доломітові Альпи – мандрівка серед величі вершин» зі Львова,23.5.2026,24.05.2026,,,,
https://www.i-travel.com.ua/avtobusnyj-tur-dolomitovi-alpy-mandrivka-sered-velychi-vershyn-zi-lvova/,Автобусний тур «Доломітові Альпи – мандрівка серед величі вершин» зі Львова,30.5.2026,31.05.2026,,,,
https://www.i-travel.com.ua/avtobusnyj-tur-dolomitovi-alpy-mandrivka-sered-velychi-vershyn-zi-lvova/,Автобусний тур «Доломітові Альпи – мандрівка серед величі вершин» зі Львова,6.6.2026,07.06.2026,,,,
https://www.i-travel.com.ua/avtobusnyj-tur-dolomitovi-alpy-mandrivka-sered-velychi-vershyn-zi-lvova/,Автобусний тур «Доломітові Альпи – мандрівка серед величі вершин» зі Львова,13.6.2026,14.06.2026,,,,
https://www.i-travel.com.ua/avtobusnyj-tur-dolomitovi-alpy-mandrivka-sered-velychi-vershyn-zi-lvova/,Автобусний тур «Доломітові Альпи – мандрівка серед величі вершин» зі Львова,20.6.2026,21.06.2026,,,,
https://www.i-travel.com.ua/avtobusnyj-tur-dolomitovi-alpy-mandrivka-sered-velychi-vershyn-zi-lvova/,Автобусний тур «Доломітові Альпи – мандрівка серед величі вершин» зі Львова,27.6.2026,28.06.2026,,,,
https://www.i-travel.com.ua/avtobusnyj-tur-dolomitovi-alpy-mandrivka-sered-velychi-vershyn-zi-lvova/,Автобусний тур «Доломітові Альпи – мандрівка серед величі вершин» зі Львова,4.7.2026,05.07.2026,,,,
https://www.i-travel.com.ua/avtobusnyj-tur-dolomitovi-alpy-mandrivka-sered-velychi-vershyn-zi-lvova/,Автобусний тур «Доломітові Альпи – мандрівка серед величі вершин» зі Львова,11.7.2026,12.07.2026,,,,
https://www.i-travel.com.ua/avtobusnyj-tur-dolomitovi-alpy-mandrivka-sered-velychi-vershyn-zi-lvova/,Автобусний тур «Доломітові Альпи – мандрівка серед величі вершин» зі Львова,18.7.2026,19.07.2026,,,,
https://www.i-travel.com.ua/avtobusnyj-tur-dolomitovi-alpy-mandrivka-sered-velychi-vershyn-zi-lvova/,Автобусний тур «Доломітові Альпи – мандрівка серед величі вершин» зі Львова,25.7.2026,26.07.2026,,,,
https://www.i-travel.com.ua/avtobusnyj-tur-dolomitovi-alpy-mandrivka-sered-velychi-vershyn-zi-lvova/,Автобусний тур «Доломітові Альпи – мандрівка серед величі вершин» зі Львова,1.8.2026,02.08.2026,,,,
https://www.i-travel.com.ua/avtobusnyj-tur-dolomitovi-alpy-mandrivka-sered-velychi-vershyn-zi-lvova/,Автобусний тур «Доломітові Альпи – мандрівка серед величі вершин» зі Львова,8.8.2026,09.08.2026,,,,
https://www.i-travel.com.ua/avtobusnyj-tur-dolomitovi-alpy-mandrivka-sered-velychi-vershyn-zi-lvova/,Автобусний тур «Доломітові Альпи – мандрівка серед величі вершин» зі Львова,15.8.2026,16.08.2026,,,,
https://www.i-travel.com.ua/avtobusnyj-tur-dolomitovi-alpy-mandrivka-sered-velychi-vershyn-zi-lvova/,Автобусний тур «Доломітові Альпи – мандрівка серед величі вершин» зі Львова,22.8.2026,23.08.2026,,,,
https://www.i-travel.com.ua/avtobusnyj-tur-dolomitovi-alpy-mandrivka-sered-velychi-vershyn-zi-lvova/,Автобусний тур «Доломітові Альпи – мандрівка серед величі вершин» зі Львова,29.8.2026,30.08.2026,,,,
https://www.i-travel.com.ua/avtobusnyj-tur-dolomitovi-alpy-mandrivka-sered-velychi-vershyn-zi-lvova/,Автобусний тур «Доломітові Альпи – мандрівка серед величі вершин» зі Львова,5.9.2026,06.09.2026,,,,
https://www.i-travel.com.ua/avtobusnyj-tur-dolomitovi-alpy-mandrivka-sered-velychi-vershyn-zi-lvova/,Автобусний тур «Доломітові Альпи – мандрівка серед величі вершин» зі Львова,12.9.2026,13.09.2026,,,,
https://www.i-travel.com.ua/avtobusnyj-tur-dolomitovi-alpy-mandrivka-sered-velychi-vershyn-zi-lvova/,Автобусний тур «Доломітові Альпи – мандрівка серед величі вершин» зі Львова,19.9.2026,20.09.2026,,,,
https://www.i-travel.com.ua/avtobusnyj-tur-dolomitovi-alpy-mandrivka-sered-velychi-vershyn-zi-lvova/,Автобусний тур «Доломітові Альпи – мандрівка серед величі вершин» зі Львова,26.9.2026,27.09.2026,,,,
https://www.i-travel.com.ua/avtobusnyj-tur-dolomitovi-alpy-mandrivka-sered-velychi-vershyn-zi-lvova/,Автобусний тур «Доломітові Альпи – мандрівка серед величі вершин» зі Львова,3.10.2026,04.10.2026,,,,
https://www.i-travel.com.ua/avtobusnyj-tur-dolomitovi-alpy-mandrivka-sered-velychi-vershyn-zi-lvova/,Автобусний тур «Доломітові Альпи – мандрівка серед величі вершин» зі Львова,10.10.2026,11.10.2026,,,,
https://www.i-travel.com.ua/avtobusnyj-tur-dolomitovi-alpy-mandrivka-sered-velychi-vershyn-zi-lvova/,Автобусний тур «Доломітові Альпи – мандрівка серед величі вершин» зі Львова,17.10.2026,18.10.2026,,,,
https://www.i-travel.com.ua/avtobusnyj-tur-dolomitovi-alpy-mandrivka-sered-velychi-vershyn-zi-lvova/,Автобусний тур «Доломітові Альпи – мандрівка серед величі вершин» зі Львова,24.10.2026,25.10.2026,,,,
https://www.i-travel.com.ua/avtobusnyj-tur-dolomitovi-alpy-mandrivka-sered-velychi-vershyn-zi-lvova/,Автобусний тур «Доломітові Альпи – мандрівка серед величі вершин» зі Львова,7.11.2026,08.11.2026,,,,
https://www.i-travel.com.ua/avtobusnyj-tur-dolomitovi-alpy-mandrivka-sered-velychi-vershyn-zi-lvova/,Автобусний тур «Доломітові Альпи – мандрівка серед величі вершин» зі Львова,14.11.2026,15.11.2026,,,,
https://www.i-travel.com.ua/avtobusnyj-tur-dolomitovi-alpy-mandrivka-sered-velychi-vershyn-zi-lvova/,Автобусний тур «Доломітові Альпи – мандрівка серед величі вершин» зі Львова,21.11.2026,22.11.2026,,,,
https://www.i-travel.com.ua/avtobusnyj-tur-dolomitovi-alpy-mandrivka-sered-velychi-vershyn-zi-lvova/,Автобусний тур «Доломітові Альпи – мандрівка серед величі вершин» зі Львова,28.11.2026,29.11.2026,,,,
https://www.i-travel.com.ua/avtobusnyj-tur-dolomitovi-alpy-mandrivka-sered-velychi-vershyn-zi-lvova/,Автобусний тур «Доломітові Альпи – мандрівка серед величі вершин» зі Львова,5.12.2026,06.12.2026,,,,
https://www.i-travel.com.ua/avtobusnyj-tur-dolomitovi-alpy-mandrivka-sered-velychi-vershyn-zi-lvova/,Автобусний тур «Доломітові Альпи – мандрівка серед величі вершин» зі Львова,12.12.2026,13.12.2026,,,,
https://www.i-travel.com.ua/avtobusnyj-tur-dolomitovi-alpy-mandrivka-sered-velychi-vershyn-zi-lvova/,Автобусний тур «Доломітові Альпи – мандрівка серед величі вершин» зі Львова,22.12.2026,23.12.2026,,,,
https://www.i-travel.com.ua/avtobusnyj-tur-dolomitovi-alpy-mandrivka-sered-velychi-vershyn-zi-lvova/,Автобусний тур «Доломітові Альпи – мандрівка серед величі вершин» зі Львова,29.12.2026,30.12.2026,,,,
https://www.i-travel.com.ua/?p=48600,Автобусний тур до Греції На зустріч до Афродіти з Києва,1.5.2026,02.05.2026,,,,
https://www.i-travel.com.ua/?p=48600,Автобусний тур до Греції На зустріч до Афродіти з Києва,31.10.2026,01.11.2026,,,,
https://www.i-travel.com.ua/?p=48600,Автобусний тур до Греції На зустріч до Афродіти з Києва,30.1.2026,31.01.2026,,,,
https://www.i-travel.com.ua/?p=48600,Автобусний тур до Греції На зустріч до Афродіти з Києва,28.2.2026,01.03.2026,,,,
https://www.i-travel.com.ua/?p=48600,Автобусний тур до Греції На зустріч до Афродіти з Києва,20.3.2026,21.03.2026,,,,
https://www.i-travel.com.ua/?p=48600,Автобусний тур до Греції На зустріч до Афродіти з Києва,28.3.2026,29.03.2026,,,,
https://www.i-travel.com.ua/?p=48600,Автобусний тур до Греції На зустріч до Афродіти з Києва,22.3.2026,23.03.2026,,,,
https://www.i-travel.com.ua/?p=48600,Автобусний тур до Греції На зустріч до Афродіти з Києва,2.5.2026,03.05.2026,,,,
https://www.i-travel.com.ua/?p=48600,Автобусний тур до Греції На зустріч до Афродіти з Києва,28.4.2026,29.04.2026,,,,
https://www.i-travel.com.ua/?p=48600,Автобусний тур до Греції На зустріч до Афродіти з Києва,22.5.2026,23.05.2026,,,,
https://www.i-travel.com.ua/?p=48600,Автобусний тур до Греції На зустріч до Афродіти з Києва,29.5.2026,30.05.2026,,,,
https://www.i-travel.com.ua/?p=48600,Автобусний тур до Греції На зустріч до Афродіти з Києва,2.6.2026,03.06.2026,,,,
https://www.i-travel.com.ua/?p=48600,Автобусний тур до Греції На зустріч до Афродіти з Києва,5.6.2026,06.06.2026,,,,
https://www.i-travel.com.ua/?p=48600,Автобусний тур до Греції На зустріч до Афродіти з Києва,9.6.2026,10.06.2026,,,,
https://www.i-travel.com.ua/?p=48600,Автобусний тур до Греції На зустріч до Афродіти з Києва,12.6.2026,13.06.2026,,,,
https://www.i-travel.com.ua/?p=48600,Автобусний тур до Греції На зустріч до Афродіти з Києва,16.6.2026,17.06.2026,,,,
https://www.i-travel.com.ua/?p=48600,Автобусний тур до Греції На зустріч до Афродіти з Києва,19.6.2026,20.06.2026,,,,
https://www.i-travel.com.ua/?p=48600,Автобусний тур до Греції На зустріч до Афродіти з Києва,23.6.2026,24.06.2026,,,,
https://www.i-travel.com.ua/?p=48600,Автобусний тур до Греції На зустріч до Афродіти з Києва,26.6.2026,27.06.2026,,,,
https://www.i-travel.com.ua/?p=48600,Автобусний тур до Греції На зустріч до Афродіти з Києва,30.6.2026,01.07.2026,,,,
https://www.i-travel.com.ua/?p=48600,Автобусний тур до Греції На зустріч до Афродіти з Києва,3.7.2026,04.07.2026,,,,
https://www.i-travel.com.ua/?p=48600,Автобусний тур до Греції На зустріч до Афродіти з Києва,7.7.2026,08.07.2026,,,,
https://www.i-travel.com.ua/?p=48600,Автобусний тур до Греції На зустріч до Афродіти з Києва,10.7.2026,11.07.2026,,,,
https://www.i-travel.com.ua/?p=48600,Автобусний тур до Греції На зустріч до Афродіти з Києва,14.7.2026,15.07.2026,,,,
https://www.i-travel.com.ua/?p=48600,Автобусний тур до Греції На зустріч до Афродіти з Києва,17.7.2026,18.07.2026,,,,
https://www.i-travel.com.ua/?p=48600,Автобусний тур до Греції На зустріч до Афродіти з Києва,21.7.2026,22.07.2026,,,,
https://www.i-travel.com.ua/?p=48600,Автобусний тур до Греції На зустріч до Афродіти з Києва,24.7.2026,25.07.2026,,,,
https://www.i-travel.com.ua/?p=48600,Автобусний тур до Греції На зустріч до Афродіти з Києва,28.7.2026,29.07.2026,,,,
https://www.i-travel.com.ua/?p=48600,Автобусний тур до Греції На зустріч до Афродіти з Києва,31.7.2026,01.08.2026,,,,
https://www.i-travel.com.ua/?p=48600,Автобусний тур до Греції На зустріч до Афродіти з Києва,4.8.2026,05.08.2026,,,,
https://www.i-travel.com.ua/?p=48600,Автобусний тур до Греції На зустріч до Афродіти з Києва,7.8.2026,08.08.2026,,,,
https://www.i-travel.com.ua/?p=48600,Автобусний тур до Греції На зустріч до Афродіти з Києва,11.8.2026,12.08.2026,,,,
https://www.i-travel.com.ua/?p=48600,Автобусний тур до Греції На зустріч до Афродіти з Києва,14.8.2026,15.08.2026,,,,
https://www.i-travel.com.ua/?p=48600,Автобусний тур до Греції На зустріч до Афродіти з Києва,18.8.2026,19.08.2026,,,,
https://www.i-travel.com.ua/?p=48600,Автобусний тур до Греції На зустріч до Афродіти з Києва,21.8.2026,22.08.2026,,,,
https://www.i-travel.com.ua/?p=48600,Автобусний тур до Греції На зустріч до Афродіти з Києва,25.8.2026,26.08.2026,,,,
https://www.i-travel.com.ua/?p=48600,Автобусний тур до Греції На зустріч до Афродіти з Києва,28.8.2026,29.08.2026,,,,
https://www.i-travel.com.ua/?p=48600,Автобусний тур до Греції На зустріч до Афродіти з Києва,1.9.2026,02.09.2026,,,,
https://www.i-travel.com.ua/?p=48600,Автобусний тур до Греції На зустріч до Афродіти з Києва,4.9.2026,05.09.2026,,,,
https://www.i-travel.com.ua/?p=48600,Автобусний тур до Греції На зустріч до Афродіти з Києва,8.9.2026,09.09.2026,,,,
https://www.i-travel.com.ua/?p=48600,Автобусний тур до Греції На зустріч до Афродіти з Києва,11.9.2026,12.09.2026,,,,
https://www.i-travel.com.ua/?p=48600,Автобусний тур до Греції На зустріч до Афродіти з Києва,15.9.2026,16.09.2026,,,,
https://www.i-travel.com.ua/?p=48600,Автобусний тур до Греції На зустріч до Афродіти з Києва,18.9.2026,19.09.2026,,,,
https://www.i-travel.com.ua/?p=48600,Автобусний тур до Греції На зустріч до Афродіти з Києва,22.9.2026,23.09.2026,,,,
https://www.i-travel.com.ua/?p=48600,Автобусний тур до Греції На зустріч до Афродіти з Києва,25.9.2026,26.09.2026,,,,
https://www.i-travel.com.ua/?p=48600,Автобусний тур до Греції На зустріч до Афродіти з Києва,29.9.2026,30.09.2026,,,,
https://www.i-travel.com.ua/?p=48600,Автобусний тур до Греції На зустріч до Афродіти з Києва,2.10.2026,03.10.2026,,,,
https://www.i-travel.com.ua/?p=48600,Автобусний тур до Греції На зустріч до Афродіти з Києва,9.10.2026,10.10.2026,,,,
https://www.i-travel.com.ua/?p=48729,“Халкідіки. Ідеальна грецька відпустка” з Києва,1.5.2026,02.05.2026,,,,
https://www.i-travel.com.ua/?p=48729,“Халкідіки. Ідеальна грецька відпустка” з Києва,31.10.2026,01.11.2026,,,,
https://www.i-travel.com.ua/?p=48729,“Халкідіки. Ідеальна грецька відпустка” з Києва,30.1.2026,31.01.2026,,,,
https://www.i-travel.com.ua/?p=48729,“Халкідіки. Ідеальна грецька відпустка” з Києва,28.2.2026,01.03.2026,,,,
https://www.i-travel.com.ua/?p=48729,“Халкідіки. Ідеальна грецька відпустка” з Києва,20.3.2026,21.03.2026,,,,
https://www.i-travel.com.ua/?p=48729,“Халкідіки. Ідеальна грецька відпустка” з Києва,28.3.2026,29.03.2026,,,,
https://www.i-travel.com.ua/?p=48729,“Халкідіки. Ідеальна грецька відпустка” з Києва,22.3.2026,23.03.2026,,,,
https://www.i-travel.com.ua/?p=48729,“Халкідіки. Ідеальна грецька відпустка” з Києва,2.5.2026,03.05.2026,,,,
https://www.i-travel.com.ua/?p=48729,“Халкідіки. Ідеальна грецька відпустка” з Києва,28.4.2026,29.04.2026,,,,
https://www.i-travel.com.ua/?p=48729,“Халкідіки. Ідеальна грецька відпустка” з Києва,22.5.2026,23.05.2026,,,,
https://www.i-travel.com.ua/?p=48729,“Халкідіки. Ідеальна грецька відпустка” з Києва,29.5.2026,30.05.2026,,,,
https://www.i-travel.com.ua/?p=48729,“Халкідіки. Ідеальна грецька відпустка” з Києва,2.6.2026,03.06.2026,,,,
https://www.i-travel.com.ua/?p=48729,“Халкідіки. Ідеальна грецька відпустка” з Києва,5.6.2026,06.06.2026,,,,
https://www.i-travel.com.ua/?p=48729,“Халкідіки. Ідеальна грецька відпустка” з Києва,9.6.2026,10.06.2026,,,,
https://www.i-travel.com.ua/?p=48729,“Халкідіки. Ідеальна грецька відпустка” з Києва,12.6.2026,13.06.2026,,,,
https://www.i-travel.com.ua/?p=48729,“Халкідіки. Ідеальна грецька відпустка” з Києва,16.6.2026,17.06.2026,,,,
https://www.i-travel.com.ua/?p=48729,“Халкідіки. Ідеальна грецька відпустка” з Києва,19.6.2026,20.06.2026,,,,
https://www.i-travel.com.ua/?p=48729,“Халкідіки. Ідеальна грецька відпустка” з Києва,23.6.2026,24.06.2026,,,,
https://www.i-travel.com.ua/?p=48729,“Халкідіки. Ідеальна грецька відпустка” з Києва,26.6.2026,27.06.2026,,,,
https://www.i-travel.com.ua/?p=48729,“Халкідіки. Ідеальна грецька відпустка” з Києва,30.6.2026,01.07.2026,,,,
https://www.i-travel.com.ua/?p=48729,“Халкідіки. Ідеальна грецька відпустка” з Києва,3.7.2026,04.07.2026,,,,
https://www.i-travel.com.ua/?p=48729,“Халкідіки. Ідеальна грецька відпустка” з Києва,7.7.2026,08.07.2026,,,,
https://www.i-travel.com.ua/?p=48729,“Халкідіки. Ідеальна грецька відпустка” з Києва,10.7.2026,11.07.2026,,,,
https://www.i-travel.com.ua/?p=48729,“Халкідіки. Ідеальна грецька відпустка” з Києва,14.7.2026,15.07.2026,,,,
https://www.i-travel.com.ua/?p=48729,“Халкідіки. Ідеальна грецька відпустка” з Києва,17.7.2026,18.07.2026,,,,
https://www.i-travel.com.ua/?p=48729,“Халкідіки. Ідеальна грецька відпустка” з Києва,21.7.2026,22.07.2026,,,,
https://www.i-travel.com.ua/?p=48729,“Халкідіки. Ідеальна грецька відпустка” з Києва,24.7.2026,25.07.2026,,,,
https://www.i-travel.com.ua/?p=48729,“Халкідіки. Ідеальна грецька відпустка” з Києва,28.7.2026,29.07.2026,,,,
https://www.i-travel.com.ua/?p=48729,“Халкідіки. Ідеальна грецька відпустка” з Києва,31.7.2026,01.08.2026,,,,
https://www.i-travel.com.ua/?p=48729,“Халкідіки. Ідеальна грецька відпустка” з Києва,4.8.2026,05.08.2026,,,,
https://www.i-travel.com.ua/?p=48729,“Халкідіки. Ідеальна грецька відпустка” з Києва,7.8.2026,08.08.2026,,,,
https://www.i-travel.com.ua/?p=48729,“Халкідіки. Ідеальна грецька відпустка” з Києва,11.8.2026,12.08.2026,,,,
https://www.i-travel.com.ua/?p=48729,“Халкідіки. Ідеальна грецька відпустка” з Києва,14.8.2026,15.08.2026,,,,
https://www.i-travel.com.ua/?p=48729,“Халкідіки. Ідеальна грецька відпустка” з Києва,18.8.2026,19.08.2026,,,,
https://www.i-travel.com.ua/?p=48729,“Халкідіки. Ідеальна грецька відпустка” з Києва,21.8.2026,22.08.2026,,,,
https://www.i-travel.com.ua/?p=48729,“Халкідіки. Ідеальна грецька відпустка” з Києва,25.8.2026,26.08.2026,,,,
https://www.i-travel.com.ua/?p=48729,“Халкідіки. Ідеальна грецька відпустка” з Києва,28.8.2026,29.08.2026,,,,
https://www.i-travel.com.ua/?p=48729,“Халкідіки. Ідеальна грецька відпустка” з Києва,1.9.2026,02.09.2026,,,,
https://www.i-travel.com.ua/?p=48729,“Халкідіки. Ідеальна грецька відпустка” з Києва,4.9.2026,05.09.2026,,,,
https://www.i-travel.com.ua/?p=48729,“Халкідіки. Ідеальна грецька відпустка” з Києва,8.9.2026,09.09.2026,,,,
https://www.i-travel.com.ua/?p=48729,“Халкідіки. Ідеальна грецька відпустка” з Києва,11.9.2026,12.09.2026,,,,
https://www.i-travel.com.ua/?p=48729,“Халкідіки. Ідеальна грецька відпустка” з Києва,15.9.2026,16.09.2026,,,,
https://www.i-travel.com.ua/?p=48729,“Халкідіки. Ідеальна грецька відпустка” з Києва,18.9.2026,19.09.2026,,,,
https://www.i-travel.com.ua/?p=48729,“Халкідіки. Ідеальна грецька відпустка” з Києва,22.9.2026,23.09.2026,,,,
https://www.i-travel.com.ua/?p=48729,“Халкідіки. Ідеальна грецька відпустка” з Києва,25.9.2026,26.09.2026,,,,
https://www.i-travel.com.ua/?p=48729,“Халкідіки. Ідеальна грецька відпустка” з Києва,29.9.2026,30.09.2026,,,,
https://www.i-travel.com.ua/?p=48729,“Халкідіки. Ідеальна грецька відпустка” з Києва,2.10.2026,03.10.2026,,,,
https://www.i-travel.com.ua/?p=48729,“Халкідіки. Ідеальна грецька відпустка” з Києва,9.10.2026,10.10.2026,,,,
https://www.i-travel.com.ua/?p=48729,“Халкідіки. Ідеальна грецька відпустка” з Києва,22.8.2025,23.08.2025,,,,