ОСНОВНИЙ НАПРЯМОК,ЗУПИНКА,НОРМАЛІЗОВАНА ЗУПИНКА,ТИП ЗУПИНКИ,ЗАГАЛЬНА К-СТЬ ВИКОРИСТАНЬ ЗУПИНКИ,К-СТЬ ВИКОРИСТАНЬ ЗУПИНКИ EUROTRIPS,К-СТЬ ВИКОРИСТАНЬ ЗУПИНКИ КОНКУРЕНТАМИ,global_add_score,global_trim_score,dir_add_score,dir_trim_score,recommendation,priority,note
Польща,Львів,львів,CITY,15,10,5,"0,5042565542","0,1799484667","0,1512769663","0,3873178733",TRIM,MEDIUM,Прибрати або ослабити
Італія,Венеція,венеція,CITY,76,9,67,"0,5434782331","0,1889475095","0,582780312","0,2066842528",ADD,HIGH,Додати в маршрут
Італія,Львів,львів,CITY,62,9,53,"0,5042565542","0,1799484667","0,5415995469","0,20398454",ADD,HIGH,Додати в маршрут
Угорщина,Львів,львів,CITY,13,7,6,"0,5042565542","0,1799484667","0,1512769663","0,2462922323",TRIM,LOW,Прибрати або ослабити
Польща,Краків,краків,CITY,16,6,10,"0,6594794274","0,167198425","0,3353438282","0,2001595275",ADD,MEDIUM,Додати в маршрут
Італія,Верона,верона,CITY,31,5,26,"0,4539755457","0,1977686404","0,5087733089","0,2093305921",ADD,HIGH,Додати в маршрут
Угорщина,Будапешт,будапешт,CITY,13,5,8,"0,5712832273","0,1862342552","0,2983080451","0,2058702766",ADD,MEDIUM,Додати в маршрут
Італія,Будапешт,будапешт,CITY,63,4,59,"0,5712832273","0,1862342552","0,6515436984","0,2058702766",ADD,HIGH,Додати в маршрут
Австрія,Львів,львів,CITY,13,4,9,"0,5042565542","0,1799484667","0,3628154278","0,20398454",ADD,MEDIUM,Додати в маршрут
Польща,Закопане,закопане,CITY,8,4,4,"0,2663234354","0,1723129282","0,07989703063","0,2016938785",TRIM,LOW,Прибрати або ослабити
Італія,Бурано,бурано,CITY,7,4,3,"0,08515037576","0,2565162909","0,02554511273","0,3055263158",TRIM,MEDIUM,Прибрати або ослабити
Польща,Прага,прага,CITY,5,4,1,"0,6411578719","0,1655494452","0,1923473616","0,5296648336",TRIM,HIGH,Прибрати або ослабити
Австрія,Відень,відень,CITY,26,3,23,"0,5916002364","0,175937077","0,600556994","0,2027811231",ADD,HIGH,Додати в маршрут
Австрія,Будапешт,будапешт,CITY,23,3,20,"0,5712832273","0,1862342552","0,5779067073","0,2058702766",ADD,HIGH,Додати в маршрут
Італія,Мілан,мілан,CITY,21,3,18,"0,5922410541","0,1736680369","0,5705294591","0,2021004111",ADD,HIGH,Додати в маршрут
Румунія,Брашов,брашов,CITY,13,3,10,"0,4101050879","0,1879718352","0,4191853725","0,2063915506",ADD,MEDIUM,Додати в маршрут
Польща,Дрезден,дрезден,CITY,4,3,1,"0,6325487889","0,1732204418","0,1897646367","0,4769661325",TRIM,MEDIUM,Прибрати або ослабити
Угорщина,Верона,верона,CITY,4,3,1,"0,4539755457","0,1977686404","0,1361926637","0,4843305921",TRIM,MEDIUM,Прибрати або ослабити
Італія,Рим,рим,CITY,32,2,30,"0,5910951521","0,181047705","0,6585785456","0,2043143115",ADD,HIGH,Додати в маршрут
Італія,Озеро Гарда,озеро гарда,OTHER,15,2,13,"0,5938593574","0,04114064258","0,7314911406","0,01234219277",ADD,HIGH,Додати в маршрут
Австрія,Прага,прага,CITY,14,2,12,"0,6411578719","0,1655494452","0,5852045044","0,1996648336",ADD,HIGH,Додати в маршрут
Румунія,Бухарест,бухарест,CITY,11,2,9,"0,5367880186","0,1782119814","0,5110364056","0,2034635944",ADD,HIGH,Додати в маршрут
Греція,Львів,львів,CITY,10,2,8,"0,5042565542","0,1799484667","0,4812769663","0,20398454",ADD,MEDIUM,Додати в маршрут
Австрія,Зальцбург,зальцбург,CITY,9,2,7,"0,6542090454","0,1559260897","0,5018182692","0,1967778269",ADD,HIGH,Додати в маршрут
Румунія,Львів,львів,CITY,8,2,6,"0,5042565542","0,1799484667","0,4262769663","0,20398454",ADD,MEDIUM,Додати в маршрут
Австрія,Гальштат,гальштат,CITY,6,2,4,"0,5115390882","0,1788455272","0,3367950598","0,2036536582",ADD,MEDIUM,Додати в маршрут
Італія,Доломітові Альпи,доломітові альпи,OTHER,5,2,3,"0,3480666473","0,04693335265","0,3644199942","0,0140800058",ADD,MEDIUM,Додати в маршрут
Італія,Лідо Ді Єзоло,лідо ді єзоло,CITY,5,2,3,"0,04426290244","0,2307370976","0,1232788707","0,2192211293",TRIM,LOW,Прибрати або ослабити
Угорщина,Мукачево,мукачево,CITY,5,2,3,"0,5268480045","0,1981519955","0,2680544014","0,2094455986",ADD,MEDIUM,Додати в маршрут
Румунія,Трансильванія,трансильванія,OTHER,4,2,2,"0,2633922288","0,0116077712","0,2290176686","0,00348233136",ADD,LOW,Додати в маршрут
Угорщина,Відень,відень,CITY,4,2,2,"0,5916002364","0,175937077","0,1774800709","0,2027811231",TRIM,LOW,Прибрати або ослабити
Польща,Вроцлав,вроцлав,CITY,3,2,1,"0,6732765614","0,1642234386","0,2019829684","0,3826003649",TRIM,MEDIUM,Прибрати або ослабити
Угорщина,Венеція,венеція,CITY,3,2,1,"0,5434782331","0,1889475095","0,1630434699","0,3900175862",TRIM,MEDIUM,Прибрати або ослабити
Угорщина,Ніцца,ніцца,CITY,3,2,1,"0,5873331363","0,1929300216","0,1761999409","0,3912123398",TRIM,MEDIUM,Прибрати або ослабити
Греція,Київ,київ,CITY,2,2,0,"0,0576852813","0,2173147187","0,01730558439","0,7651944156",TRIM,HIGH,Прибрати або ослабити
Греція,Халкідіки,халкідіки,CITY,2,2,0,"0,02789089489","0,8471091051","0,008367268466","0,9541327315",TRIM,HIGH,Прибрати або ослабити
Польща,Амстердам,амстердам,CITY,2,2,0,"0,6468509075","0,1696125071","0,1940552723","0,7508837521",TRIM,HIGH,Прибрати або ослабити
Польща,Польща,польща,COUNTRY,2,2,0,"0,07484411361","0,6501558864","0,02245323408","0,7450467659",TRIM,HIGH,Прибрати або ослабити
Румунія,Замок Дракули,замок дракули,OTHER,2,2,0,"0,2164041246","0,6585958754","0,2149212374","0,7475787626",TRIM,HIGH,Прибрати або ослабити
Румунія,Замок Кантакузіно,замок кантакузіно,OTHER,2,2,0,"0,2164041246","0,6585958754","0,2149212374","0,7475787626",TRIM,HIGH,Прибрати або ослабити
Угорщина,Озеро Гарда,озеро гарда,OTHER,2,2,0,"0,5938593574","0,04114064258","0,3281578072","0,5623421928",TRIM,HIGH,Прибрати або ослабити
Італія,Егер,егер,CITY,33,1,32,"0,6563490578","0,1862185098","0,713571384","0,2058655529",ADD,HIGH,Додати в маршрут
Італія,Флоренція,флоренція,CITY,30,1,29,"0,6532473284","0,1842526716","0,7093075319","0,2052758015",ADD,HIGH,Додати в маршрут
Чехія,Прага,прага,CITY,16,1,15,"0,6411578719","0,1655494452","0,6735973616","0,1996648336",ADD,HIGH,Додати в маршрут
Італія,Неаполь,неаполь,CITY,15,1,14,"0,6223667589","0,1726332411","0,6633766943","0,2017899723",ADD,HIGH,Додати в маршрут
Чехія,Львів,львів,CITY,11,1,10,"0,5042565542","0,1799484667","0,6012769663","0,20398454",ADD,HIGH,Додати в маршрут
Італія,Монако,монако,COUNTRY,8,1,7,"0,6164725976","0,03995597381","0,5974417793","0,01198679214",ADD,HIGH,Додати в маршрут
Італія,Ніцца,ніцца,CITY,8,1,7,"0,5873331363","0,1929300216","0,5886999409","0,2078790065",ADD,HIGH,Додати в маршрут
Італія,Помпеї,помпеї,CITY,8,1,7,"0,54894183","0,17605817","0,577182549","0,202817451",ADD,HIGH,Додати в маршрут
Італія,Озеро Комо,озеро комо,OTHER,7,1,6,"0,7667497825","0,01594252521","0,7728820776","0,004782757563",ADD,HIGH,Додати в маршрут
Італія,Амальфі,амальфі,CITY,6,1,5,"0,5012396567","0,1737603433","0,5170385637","0,202128103",ADD,HIGH,Додати в маршрут
Румунія,Чернівці,чернівці,CITY,5,1,4,"0,4579298169","0,1770701831","0,4673789451","0,2031210549",ADD,MEDIUM,Додати в маршрут
Австрія,Люцерн,люцерн,CITY,3,1,2,"0,6924600443","0,1501075232","0,3910713466","0,195032257",ADD,MEDIUM,Додати в маршрут
Австрія,Мукачево,мукачево,CITY,3,1,2,"0,5268480045","0,1981519955","0,3413877347","0,2094455986",ADD,MEDIUM,Додати в маршрут
Литва,Вільнюс,вільнюс,CITY,3,1,2,"0,4570964837","0,1779035163","0,3204622784","0,2033710549",ADD,MEDIUM,Додати в маршрут
Литва,Рига,рига,CITY,3,1,2,"0,4936030151","0,1967816003","0,3314142379","0,2090344801",ADD,MEDIUM,Додати в маршрут
Польща,Будапешт,будапешт,CITY,3,1,2,"0,5712832273","0,1862342552","0,3547183015","0,2058702766",ADD,MEDIUM,Додати в маршрут
Угорщина,Егер,егер,CITY,3,1,2,"0,6563490578","0,1862185098","0,3802380507","0,2058655529",ADD,MEDIUM,Додати в маршрут
Чехія,Відень,відень,CITY,3,1,2,"0,5916002364","0,175937077","0,3608134043","0,2027811231",ADD,MEDIUM,Додати в маршрут
Італія,Гардаленд,гардаленд,OTHER,2,1,1,"0,2079821563","0,06701784371","0,2123946469","0,02010535311",ADD,LOW,Додати в маршрут
Польща,Гданськ,гданськ,CITY,2,1,1,"0,5542810363","0,1873856303","0,1662843109","0,2062156891",TRIM,LOW,Прибрати або ослабити
Польща,Копенгаген,копенгаген,CITY,2,1,1,"0,5690221544","0,1859778456","0,1707066463","0,2057933537",TRIM,LOW,Прибрати або ослабити
Польща,Осло,осло,CITY,2,1,1,"0,5369924516","0,1880075484","0,1610977355","0,2064022645",TRIM,LOW,Прибрати або ослабити
Польща,Рига,рига,CITY,2,1,1,"0,4936030151","0,1967816003","0,1480809045","0,2090344801",TRIM,LOW,Прибрати або ослабити
Польща,Стокгольм,стокгольм,CITY,2,1,1,"0,4960527364","0,194331879","0,1488158209","0,2082995637",TRIM,LOW,Прибрати або ослабити
Угорщина,Любляна,любляна,CITY,2,1,1,"0,6432988906","0,1685432147","0,1929896672","0,2005629644",TRIM,LOW,Прибрати або ослабити
Угорщина,Монако,монако,COUNTRY,2,1,1,"0,6164725976","0,03995597381","0,1849417793","0,01198679214",ADD,LOW,Додати в маршрут
Італія,Барселона,барселона,CITY,1,1,0,"0,6298813035","0,190573242","0,188964391","0,7571719726",TRIM,HIGH,Прибрати або ослабити
Італія,Озеро Браєс,озеро браєс,OTHER,1,1,0,"0,2099247768","0,6650752232","0,212977433","0,749522567",TRIM,HIGH,Прибрати або ослабити
Італія,Острів,острів,OTHER,1,1,0,"0,2157205074","0,6592794926","0,2147161522","0,7477838478",TRIM,HIGH,Прибрати або ослабити
Італія,Острів Капрі,острів капрі,OTHER,1,1,0,"0,2157205074","0,6592794926","0,2147161522","0,7477838478",TRIM,HIGH,Прибрати або ослабити
Італія,Песк Єра Дель Гарда,песк єра дель гарда,CITY,1,1,0,"0,0432857393","0,8317142607","0,01298572179","0,9495142782",TRIM,HIGH,Прибрати або ослабити
Італія,Порт Авентура,порт авентура,CITY,1,1,0,"0,0432857393","0,8317142607","0,01298572179","0,9495142782",TRIM,HIGH,Прибрати або ослабити
Італія,Словенія,словенія,COUNTRY,1,1,0,"0,1264627814","0,6","0,03793883442","0,73",TRIM,HIGH,Прибрати або ослабити
Австрія,Берн,берн,CITY,1,1,0,"0,6739573556","0,15","0,2021872067","0,745",TRIM,HIGH,Прибрати або ослабити
Австрія,Гріндельвальд,гріндельвальд,CITY,1,1,0,"0,1056565915","0,7693434085","0,03169697746","0,9308030225",TRIM,HIGH,Прибрати або ослабити
Австрія,Польща,польща,COUNTRY,1,1,0,"0,07484411361","0,6501558864","0,02245323408","0,7450467659",TRIM,HIGH,Прибрати або ослабити
Австрія,Рейнський Водоспад,рейнський водоспад,OTHER,1,1,0,"0,7721091769","0,002890823119","0,3816327531","0,5508672469",TRIM,HIGH,Прибрати або ослабити
Австрія,Стрий,стрий,CITY,1,1,0,"0,05589093446","0,2191090655","0,01676728034","0,7657327197",TRIM,HIGH,Прибрати або ослабити
Австрія,Цюріх,цюріх,CITY,1,1,0,"0,6448420222","0,15","0,1934526067","0,745",TRIM,HIGH,Прибрати або ослабити
Австрія,Інтерлакен,інтерлакен,CITY,1,1,0,"0,6795161792","0,15","0,2038548538","0,745",TRIM,HIGH,Прибрати або ослабити
Литва,Каунас,каунас,CITY,1,1,0,"0,1020350077","0,1729649923","0,03061050231","0,7518894977",TRIM,HIGH,Прибрати або ослабити
Литва,Львів,львів,CITY,1,1,0,"0,5042565542","0,1799484667","0,1512769663","0,75398454",TRIM,HIGH,Прибрати або ослабити
Литва,Стокгольм,стокгольм,CITY,1,1,0,"0,4960527364","0,194331879","0,1488158209","0,7582995637",TRIM,HIGH,Прибрати або ослабити
Литва,Таллінн,таллінн,CITY,1,1,0,"0,5507568146","0,1742431854","0,1652270444","0,7522729556",TRIM,HIGH,Прибрати або ослабити
Польща,Антверпен,антверпен,CITY,1,1,0,"0,2999639407","0,1750360593","0,0899891822","0,7525108178",TRIM,HIGH,Прибрати або ослабити
Польща,Берген,берген,CITY,1,1,0,"0,2721652078","0,2028347922","0,08164956233","0,7608504377",TRIM,HIGH,Прибрати або ослабити
Польща,Берлін,берлін,CITY,1,1,0,"0,6853183385","0,1678634797","0,2055955016","0,7503590439",TRIM,HIGH,Прибрати або ослабити
Польща,Братислава,братислава,CITY,1,1,0,"0,1384866967","0,75","0,041546009","0,925",TRIM,HIGH,Прибрати або ослабити
Польща,Брюгге,брюгге,CITY,1,1,0,"0,5991622674","0,1558377326","0,1797486802","0,7467513198",TRIM,HIGH,Прибрати або ослабити
Польща,Брюссель,брюссель,CITY,1,1,0,"0,6695736095","0,1574263905","0,2008720829","0,7472279171",TRIM,HIGH,Прибрати або ослабити
Польща,Волендам,волендам,CITY,1,1,0,"0,6139482449","0,1687440628","0,1841844735","0,7506232188",TRIM,HIGH,Прибрати або ослабити
Польща,Гаага,гаага,CITY,1,1,0,"0,6343663843","0,177475721","0,1903099153","0,7532427163",TRIM,HIGH,Прибрати або ослабити
Польща,Заансе Сханс,заансе сханс,CITY,1,1,0,"0,6526086379","0,1678459076","0,1957825914","0,7503537723",TRIM,HIGH,Прибрати або ослабити
Польща,Мальме,мальме,CITY,1,1,0,"0,4465710888","0,1884289112","0,1339713266","0,7565286734",TRIM,HIGH,Прибрати або ослабити
Польща,Мон Сен Мішель,мон сен мішель,CITY,1,1,0,"0,4792154452","0,1557845548","0,1437646336","0,7467353664",TRIM,HIGH,Прибрати або ослабити
Польща,Морське Око,морське око,OTHER,1,1,0,"0,2399560117","0,6350439883","0,2219868035","0,7405131965",TRIM,HIGH,Прибрати або ослабити
Польща,Нормандія,нормандія,OTHER,1,1,0,"0,7031564432","0,02184355681","0,360946933","0,556553067",TRIM,HIGH,Прибрати або ослабити
Польща,Париж,париж,CITY,1,1,0,"0,6774769481","0,1627404432","0,2032430844","0,748822133",TRIM,HIGH,Прибрати або ослабити
Польща,Руан,руан,CITY,1,1,0,"0,6759917981","0,1590082019","0,2027975394","0,7477024606",TRIM,HIGH,Прибрати або ослабити
Польща,Саксонська Швейцарія,саксонська швейцарія,OTHER,1,1,0,"0,6910877737","0,01248365484","0,3573263321","0,5537450965",TRIM,HIGH,Прибрати або ослабити
Польща,Сен Мало,сен мало,CITY,1,1,0,"0,4804770406","0,1545229594","0,1441431122","0,7463568878",TRIM,HIGH,Прибрати або ослабити
Польща,Сентендре,сентендре,CITY,1,1,0,"0,5682681369","0,1867318631","0,1704804411","0,7560195589",TRIM,HIGH,Прибрати або ослабити
Польща,Флом,флом,CITY,1,1,0,"0,526638422","0,1769330066","0,1579915266","0,753079902",TRIM,HIGH,Прибрати або ослабити
Польща,Чехія,чехія,COUNTRY,1,1,0,"0,05179782163","0,6732021784","0,01553934649","0,7519606535",TRIM,HIGH,Прибрати або ослабити
Польща,Язик Троля,язик троля,CITY,1,1,0,0,"0,8761965581",0,"0,9628589674",TRIM,HIGH,Прибрати або ослабити
Румунія,Трансфагараш,трансфагараш,OTHER,1,1,0,"0,197098327","0,677901673","0,2091294981","0,7533705019",TRIM,HIGH,Прибрати або ослабити
Словенія,Будапешт,будапешт,CITY,1,1,0,"0,5712832273","0,1862342552","0,1713849682","0,7558702766",TRIM,HIGH,Прибрати або ослабити
Словенія,Бурано,бурано,CITY,1,1,0,"0,08515037576","0,2565162909","0,02554511273","0,7769548873",TRIM,HIGH,Прибрати або ослабити
Словенія,Венеція,венеція,CITY,1,1,0,"0,5434782331","0,1889475095","0,1630434699","0,7566842528",TRIM,HIGH,Прибрати або ослабити
Словенія,Львів,львів,CITY,1,1,0,"0,5042565542","0,1799484667","0,1512769663","0,75398454",TRIM,HIGH,Прибрати або ослабити
Словенія,Словенія,словенія,COUNTRY,1,1,0,"0,1264627814","0,6","0,03793883442","0,73",TRIM,HIGH,Прибрати або ослабити
Туреччина,Львів,львів,CITY,1,1,0,"0,5042565542","0,1799484667","0,1512769663","0,75398454",TRIM,HIGH,Прибрати або ослабити
Туреччина,Стамбул,стамбул,CITY,1,1,0,"0,5000315276","0,1749684724","0,1500094583","0,7524905417",TRIM,HIGH,Прибрати або ослабити
Угорщина,Адріатичне Узбережжя,адріатичне узбережжя,OTHER,1,1,0,"0,5527311438","0,0822688562","0,3158193431","0,5746806569",TRIM,HIGH,Прибрати або ослабити
Угорщина,Бечичі,бечичі,CITY,1,1,0,"0,009935654398","0,8650643456","0,002980696319","0,9595193037",TRIM,HIGH,Прибрати або ослабити
Угорщина,Канни,канни,CITY,1,1,0,"0,5861099158","0,1965823919","0,1758329747","0,7589747176",TRIM,HIGH,Прибрати або ослабити
Угорщина,Коста Брава,коста брава,OTHER,1,1,0,"0,15","0,744158324","0,195","0,7732474972",TRIM,HIGH,Прибрати або ослабити
Угорщина,Лігурійське Узбережжя,лігурійське узбережжя,OTHER,1,1,0,"0,21263306","0,06236693996","0,213789918","0,568710082",TRIM,HIGH,Прибрати або ослабити
Угорщина,Лідо Ді Єзоло,лідо ді єзоло,CITY,1,1,0,"0,04426290244","0,2307370976","0,01327887073","0,7692211293",TRIM,HIGH,Прибрати або ослабити
Угорщина,Озеро Блед,озеро блед,OTHER,1,1,0,"0,6059491063","0,02905089371","0,3317847319","0,5587152681",TRIM,HIGH,Прибрати або ослабити
Угорщина,Озеро Браєс,озеро браєс,OTHER,1,1,0,"0,2099247768","0,6650752232","0,212977433","0,749522567",TRIM,HIGH,Прибрати або ослабити
Угорщина,Портофіно,портофіно,CITY,1,1,0,"0,5796104472","0,1753895528","0,1738831341","0,7526168659",TRIM,HIGH,Прибрати або ослабити
Угорщина,Рим,рим,CITY,1,1,0,"0,5910951521","0,181047705","0,1773285456","0,7543143115",TRIM,HIGH,Прибрати або ослабити
Угорщина,Сен Тропе,сен тропе,CITY,1,1,0,"0,04164579255","0,8333542075","0,01249373777","0,9500062622",TRIM,HIGH,Прибрати або ослабити
Угорщина,Стрий,стрий,CITY,1,1,0,"0,05589093446","0,2191090655","0,01676728034","0,7657327197",TRIM,HIGH,Прибрати або ослабити
Чехія,Нормандія,нормандія,OTHER,1,1,0,"0,7031564432","0,02184355681","0,360946933","0,556553067",TRIM,HIGH,Прибрати або ослабити
Чехія,Париж,париж,CITY,1,1,0,"0,6774769481","0,1627404432","0,2032430844","0,748822133",TRIM,HIGH,Прибрати або ослабити
Чехія,Польща,польща,COUNTRY,1,1,0,"0,07484411361","0,6501558864","0,02245323408","0,7450467659",TRIM,HIGH,Прибрати або ослабити
Франція,Париж,париж,CITY,54,0,54,"0,6774769481","0,1627404432","0,7532430844","0,198822133",ADD,HIGH,Додати в маршрут
Франція,Прага,прага,CITY,43,0,43,"0,6411578719","0,1655494452","0,7423473616","0,1996648336",ADD,HIGH,Додати в маршрут
Франція,Краків,краків,CITY,33,0,33,"0,6594794274","0,167198425","0,7478438282","0,2001595275",ADD,HIGH,Додати в маршрут
Франція,Львів,львів,CITY,33,0,33,"0,5042565542","0,1799484667","0,7012769663","0,20398454",ADD,HIGH,Додати в маршрут
Нідерланди,Амстердам,амстердам,CITY,28,0,28,"0,6468509075","0,1696125071","0,7440552723","0,2008837521",ADD,HIGH,Додати в маршрут
Італія,Ватикан,ватикан,COUNTRY,25,0,25,"0,6994200489","0,02557995111","0,7598260147","0,007673985333",ADD,HIGH,Додати в маршрут
Франція,Вроцлав,вроцлав,CITY,25,0,25,"0,6732765614","0,1642234386","0,7519829684","0,1992670316",ADD,HIGH,Додати в маршрут
Франція,Руан,руан,CITY,25,0,25,"0,6759917981","0,1590082019","0,7527975394","0,1977024606",ADD,HIGH,Додати в маршрут
Швейцарія,Люцерн,люцерн,CITY,25,0,25,"0,6924600443","0,1501075232","0,7577380133","0,195032257",ADD,HIGH,Додати в маршрут
Італія,Піза,піза,CITY,23,0,23,"0,6982850448","0,1767149552","0,7594855134","0,2030144866",ADD,HIGH,Додати в маршрут
Нідерланди,Берлін,берлін,CITY,20,0,20,"0,6853183385","0,1678634797","0,7555955016","0,2003590439",ADD,HIGH,Додати в маршрут
Нідерланди,Заансе Сханс,заансе сханс,CITY,20,0,20,"0,6526086379","0,1678459076","0,7457825914","0,2003537723",ADD,HIGH,Додати в маршрут
Франція,Берлін,берлін,CITY,20,0,20,"0,6853183385","0,1678634797","0,7555955016","0,2003590439",ADD,HIGH,Додати в маршрут
Іспанія,Ніцца,ніцца,CITY,19,0,19,"0,5873331363","0,1929300216","0,7261999409","0,2078790065",ADD,HIGH,Додати в маршрут
Франція,Етрета,етрета,CITY,19,0,19,"0,7252774413","0,15","0,7675832324","0,195",ADD,HIGH,Додати в маршрут
Іспанія,Монако,монако,COUNTRY,18,0,18,"0,6164725976","0,03995597381","0,7349417793","0,01198679214",ADD,HIGH,Додати в маршрут
Австрія,Краків,краків,CITY,18,0,18,"0,6594794274","0,167198425","0,7478438282","0,2001595275",ADD,HIGH,Додати в маршрут
Нідерланди,Краків,краків,CITY,18,0,18,"0,6594794274","0,167198425","0,7478438282","0,2001595275",ADD,HIGH,Додати в маршрут
Нідерланди,Прага,прага,CITY,18,0,18,"0,6411578719","0,1655494452","0,7423473616","0,1996648336",ADD,HIGH,Додати в маршрут
Франція,Версаль,версаль,CITY,18,0,18,"0,7188799665","0,1561200335","0,7656639899","0,1968360101",ADD,HIGH,Додати в маршрут
Франція,Нюрнберг,нюрнберг,CITY,18,0,18,"0,7153662193","0,1596337807","0,7646098658","0,1978901342",ADD,HIGH,Додати в маршрут
Швейцарія,Краків,краків,CITY,18,0,18,"0,6594794274","0,167198425","0,7478438282","0,2001595275",ADD,HIGH,Додати в маршрут
Іспанія,Барселона,барселона,CITY,17,0,17,"0,6298813035","0,190573242","0,738964391","0,2071719726",ADD,HIGH,Додати в маршрут
Італія,Трієст,трієст,CITY,17,0,17,"0,6960201722","0,1789798278","0,7588060516","0,2036939484",ADD,HIGH,Додати в маршрут
Нідерланди,Вроцлав,вроцлав,CITY,17,0,17,"0,6732765614","0,1642234386","0,7519829684","0,1992670316",ADD,HIGH,Додати в маршрут
Франція,Довіль,довіль,CITY,17,0,17,"0,7167575655","0,1582424345","0,7650272696","0,1974727304",ADD,HIGH,Додати в маршрут
Франція,Трувіль Сюр Мер,трувіль сюр мер,CITY,17,0,17,"0,7156205978","0,1593794022","0,7646861793","0,1978138207",ADD,HIGH,Додати в маршрут
Греція,Салоніки,салоніки,CITY,16,0,16,"0,6600824279","0,2149175721","0,7480247284","0,2144752716",ADD,HIGH,Додати в маршрут
Нідерланди,Делфт,делфт,CITY,16,0,16,"0,6996477161","0,1753522839","0,7598943148","0,2026056852",ADD,HIGH,Додати в маршрут
Франція,Діснейленд,діснейленд,OTHER,16,0,16,"0,8661144854","0,008885514561","0,9598343456","0,002665654368",ADD,HIGH,Додати в маршрут
Нідерланди,Брюссель,брюссель,CITY,15,0,15,"0,6695736095","0,1574263905","0,7508720829","0,1972279171",ADD,HIGH,Додати в маршрут
Нідерланди,Гаага,гаага,CITY,15,0,15,"0,6343663843","0,177475721","0,7403099153","0,2032427163",ADD,HIGH,Додати в маршрут
Нідерланди,Львів,львів,CITY,15,0,15,"0,5042565542","0,1799484667","0,7012769663","0,20398454",ADD,HIGH,Додати в маршрут
Франція,Дрезден,дрезден,CITY,15,0,15,"0,6325487889","0,1732204418","0,7397646367","0,2019661325",ADD,HIGH,Додати в маршрут
Швейцарія,Львів,львів,CITY,15,0,15,"0,5042565542","0,1799484667","0,7012769663","0,20398454",ADD,HIGH,Додати в маршрут
Швейцарія,Інтерлакен,інтерлакен,CITY,15,0,15,"0,6795161792","0,15","0,7538548538","0,195",ADD,HIGH,Додати в маршрут
Італія,Краків,краків,CITY,14,0,14,"0,6594794274","0,167198425","0,7478438282","0,2001595275",ADD,HIGH,Додати в маршрут
Франція,Страсбург,страсбург,CITY,14,0,14,"0,7276769803","0,15","0,7683030941","0,195",ADD,HIGH,Додати в маршрут
Швейцарія,Берн,берн,CITY,14,0,14,"0,6739573556","0,15","0,7521872067","0,195",ADD,HIGH,Додати в маршрут
Швейцарія,Цюрих,цюрих,CITY,14,0,14,"0,7205323991","0,154467601","0,7661597197","0,1963402803",ADD,HIGH,Додати в маршрут
Австрія,Егер,егер,CITY,13,0,13,"0,6563490578","0,1862185098","0,7469047173","0,2058655529",ADD,HIGH,Додати в маршрут
Франція,Кольмар,кольмар,CITY,13,0,13,"0,7303906009","0,15","0,7691171803","0,195",ADD,HIGH,Додати в маршрут
Швейцарія,Зальцбург,зальцбург,CITY,13,0,13,"0,6542090454","0,1559260897","0,7462627136","0,1967778269",ADD,HIGH,Додати в маршрут
Іспанія,Венеція,венеція,CITY,12,0,12,"0,5434782331","0,1889475095","0,7130434699","0,2066842528",ADD,HIGH,Додати в маршрут
Іспанія,Львів,львів,CITY,12,0,12,"0,5042565542","0,1799484667","0,7012769663","0,20398454",ADD,HIGH,Додати в маршрут
Нідерланди,Волендам,волендам,CITY,12,0,12,"0,6139482449","0,1687440628","0,7341844735","0,2006232188",ADD,HIGH,Додати в маршрут
Німеччина,Краків,краків,CITY,12,0,12,"0,6594794274","0,167198425","0,7478438282","0,2001595275",ADD,HIGH,Додати в маршрут
Франція,Брно,брно,CITY,12,0,12,"0,7158671213","0,1591328787","0,7647601364","0,1977398636",ADD,HIGH,Додати в маршрут
Франція,Будапешт,будапешт,CITY,12,0,12,"0,5712832273","0,1862342552","0,7213849682","0,2058702766",ADD,HIGH,Додати в маршрут
Франція,Нормандія,нормандія,OTHER,12,0,12,"0,7031564432","0,02184355681","0,910946933","0,006553067044",ADD,HIGH,Додати в маршрут
Чехія,Дрезден,дрезден,CITY,12,0,12,"0,6325487889","0,1732204418","0,7397646367","0,2019661325",ADD,HIGH,Додати в маршрут
Чехія,Краків,краків,CITY,12,0,12,"0,6594794274","0,167198425","0,7478438282","0,2001595275",ADD,HIGH,Додати в маршрут
Італія,Сан Марино,сан марино,COUNTRY,11,0,11,"0,6747404088","0,0502595912","0,7524221226","0,01507787736",ADD,HIGH,Додати в маршрут
Німеччина,Берлін,берлін,CITY,11,0,11,"0,6853183385","0,1678634797","0,7555955016","0,2003590439",ADD,HIGH,Додати в маршрут
Швейцарія,Зальцкаммергут,зальцкаммергут,CITY,11,0,11,"0,7213647045","0,1536352955","0,7664094114","0,1960905886",ADD,HIGH,Додати в маршрут
Швейцарія,Прага,прага,CITY,11,0,11,"0,6411578719","0,1655494452","0,7423473616","0,1996648336",ADD,HIGH,Додати в маршрут
Іспанія,Будапешт,будапешт,CITY,10,0,10,"0,5712832273","0,1862342552","0,7213849682","0,2058702766",ADD,HIGH,Додати в маршрут
Італія,Генуя,генуя,CITY,10,0,10,"0,7016067816","0,1733932184","0,7604820345","0,2020179655",ADD,HIGH,Додати в маршрут
Греція,Діон,діон,CITY,10,0,10,"0,6532451306","0,2217548694","0,7459735392","0,2165264608",ADD,HIGH,Додати в маршрут
Греція,Метеори,метеори,CITY,10,0,10,"0,6635360415","0,2114639585","0,7490608124","0,2134391876",ADD,HIGH,Додати в маршрут
Чорногорія,Котор,котор,CITY,10,0,10,"0,6577368806","0,2172631194","0,7473210642","0,2151789358",ADD,HIGH,Додати в маршрут
Швейцарія,Цюріх,цюріх,CITY,10,0,10,"0,6448420222","0,15","0,7434526067","0,195",ADD,HIGH,Додати в маршрут
Італія,Відень,відень,CITY,9,0,9,"0,5916002364","0,175937077","0,7274800709","0,2027811231",ADD,HIGH,Додати в маршрут
Італія,Любляна,любляна,CITY,9,0,9,"0,6432988906","0,1685432147","0,7429896672","0,2005629644",ADD,HIGH,Додати в маршрут
Нідерланди,Дрезден,дрезден,CITY,9,0,9,"0,6325487889","0,1732204418","0,7397646367","0,2019661325",ADD,HIGH,Додати в маршрут
Німеччина,Прага,прага,CITY,9,0,9,"0,6411578719","0,1655494452","0,7423473616","0,1996648336",ADD,HIGH,Додати в маршрут
Франція,Люксембург,люксембург,COUNTRY,9,0,9,"0,730573456",0,"0,7691720368",0,ADD,HIGH,Додати в маршрут
Чорногорія,Будва,будва,CITY,9,0,9,"0,6596347313","0,2153652687","0,7478904194","0,2146095806",ADD,HIGH,Додати в маршрут
Італія,Болонья,болонья,CITY,8,0,8,"0,6695801402","0,2054198598","0,7508740421","0,2116259579",ADD,HIGH,Додати в маршрут
Італія,Тренто,тренто,CITY,8,0,8,"0,6992756771","0,1757243229","0,7597827031","0,2027172969",ADD,HIGH,Додати в маршрут
Греція,Олімп,олімп,CITY,8,0,8,"0,6489256671","0,2260743329","0,7446777001","0,2178222999",ADD,HIGH,Додати в маршрут
Нідерланди,Париж,париж,CITY,8,0,8,"0,6774769481","0,1627404432","0,7532430844","0,198822133",ADD,HIGH,Додати в маршрут
Німеччина,Дрезден,дрезден,CITY,8,0,8,"0,6325487889","0,1732204418","0,7397646367","0,2019661325",ADD,HIGH,Додати в маршрут
Швейцарія,Відень,відень,CITY,8,0,8,"0,5916002364","0,175937077","0,7274800709","0,2027811231",ADD,HIGH,Додати в маршрут
Іспанія,Егер,егер,CITY,7,0,7,"0,6563490578","0,1862185098","0,7469047173","0,2058655529",ADD,HIGH,Додати в маршрут
Іспанія,Мілан,мілан,CITY,7,0,7,"0,5922410541","0,1736680369","0,7276723162","0,2021004111",ADD,HIGH,Додати в маршрут
Італія,Бергамо,бергамо,CITY,7,0,7,"0,719112614","0,155887386","0,7657337842","0,1967662158",ADD,HIGH,Додати в маршрут
Італія,Егерсалок,егерсалок,CITY,7,0,7,"0,6983955896","0,1766044104","0,7595186769","0,2029813231",ADD,HIGH,Додати в маршрут
Італія,Капрі,капрі,CITY,7,0,7,"0,7036877332","0,1713122668","0,76110632","0,20139368",ADD,HIGH,Додати в маршрут
Італія,Перуджа,перуджа,CITY,7,0,7,"0,6979030656","0,1770969344","0,7593709197","0,2031290803",ADD,HIGH,Додати в маршрут
Італія,Портофіно,портофіно,CITY,7,0,7,"0,5796104472","0,1753895528","0,7238831341","0,2026168659",ADD,HIGH,Додати в маршрут
Греція,Афіни,афіни,CITY,7,0,7,"0,6611721551","0,2138278449","0,7483516465","0,2141483535",ADD,HIGH,Додати в маршрут
Греція,Вергіна,вергіна,CITY,7,0,7,"0,6507273516","0,2242726484","0,7452182055","0,2172817945",ADD,HIGH,Додати в маршрут
Греція,Лутра Арідея,лутра арідея,CITY,7,0,7,"0,6570869742","0,2179130258","0,7471260923","0,2153739077",ADD,HIGH,Додати в маршрут
Нідерланди,Роттердам,роттердам,CITY,7,0,7,"0,6929584417","0,1820415583","0,7578875325","0,2046124675",ADD,HIGH,Додати в маршрут
Німеччина,Вроцлав,вроцлав,CITY,7,0,7,"0,6732765614","0,1642234386","0,7519829684","0,1992670316",ADD,HIGH,Додати в маршрут
Німеччина,Львів,львів,CITY,7,0,7,"0,5042565542","0,1799484667","0,7012769663","0,20398454",ADD,HIGH,Додати в маршрут
Франція,Бамберг,бамберг,CITY,7,0,7,"0,7208915053","0,1541084947","0,7662674516","0,1962325484",ADD,HIGH,Додати в маршрут
Франція,Варшава,варшава,CITY,7,0,7,"0,7141328693","0,1608671307","0,7642398608","0,1982601392",ADD,HIGH,Додати в маршрут
Франція,Венеція,венеція,CITY,7,0,7,"0,5434782331","0,1889475095","0,7130434699","0,2066842528",ADD,HIGH,Додати в маршрут
Франція,Відень,відень,CITY,7,0,7,"0,5916002364","0,175937077","0,7274800709","0,2027811231",ADD,HIGH,Додати в маршрут
Франція,Онфлер,онфлер,CITY,7,0,7,"0,7002140253","0,1747859747","0,7600642076","0,2024357924",ADD,HIGH,Додати в маршрут
Хорватія,Будапешт,будапешт,CITY,7,0,7,"0,5712832273","0,1862342552","0,7213849682","0,2058702766",ADD,HIGH,Додати в маршрут
Чорногорія,Львів,львів,CITY,7,0,7,"0,5042565542","0,1799484667","0,7012769663","0,20398454",ADD,HIGH,Додати в маршрут
Чорногорія,Тірана,тірана,CITY,7,0,7,"0,6439744584","0,2310255416","0,7431923375","0,2193076625",ADD,HIGH,Додати в маршрут
Швейцарія,Брно,брно,CITY,7,0,7,"0,7158671213","0,1591328787","0,7647601364","0,1977398636",ADD,HIGH,Додати в маршрут
Швейцарія,Рейнський Водоспад,рейнський водоспад,OTHER,7,0,7,"0,7721091769","0,002890823119","0,9316327531","0,0008672469356",ADD,HIGH,Додати в маршрут
Іспанія,Фігерас,фігерас,CITY,6,0,6,"0,6860929607","0,1889070393","0,7558278882","0,2066721118",ADD,HIGH,Додати в маршрут
Італія,Падуя,падуя,CITY,6,0,6,"0,6945412871","0,1804587129","0,7583623861","0,2041376139",ADD,HIGH,Додати в маршрут
Італія,Ріміні,ріміні,CITY,6,0,6,"0,6704287024","0,2045712976","0,7511286107","0,2113713893",ADD,HIGH,Додати в маршрут
Австрія,Мюнхен,мюнхен,CITY,6,0,6,"0,7063148635","0,1686851365","0,761894459","0,200605541",ADD,HIGH,Додати в маршрут
Албанія,Скоп Є,скоп є,CITY,6,0,6,"0,6964190646","0,1785809354","0,7589257194","0,2035742806",ADD,HIGH,Додати в маршрут
Греція,Одеса,одеса,CITY,6,0,6,"0,6905396262","0,1844603738","0,7571618878","0,2053381122",ADD,HIGH,Додати в маршрут
Норвегія,Варшава,варшава,CITY,6,0,6,"0,7141328693","0,1608671307","0,7642398608","0,1982601392",ADD,HIGH,Додати в маршрут
Норвегія,Гданськ,гданськ,CITY,6,0,6,"0,5542810363","0,1873856303","0,7162843109","0,2062156891",ADD,HIGH,Додати в маршрут
Норвегія,Копенгаген,копенгаген,CITY,6,0,6,"0,5690221544","0,1859778456","0,7207066463","0,2057933537",ADD,HIGH,Додати в маршрут
Норвегія,Флом,флом,CITY,6,0,6,"0,526638422","0,1769330066","0,7079915266","0,203079902",ADD,HIGH,Додати в маршрут
Нідерланди,Варшава,варшава,CITY,6,0,6,"0,7141328693","0,1608671307","0,7642398608","0,1982601392",ADD,HIGH,Додати в маршрут
Німеччина,Потсдам,потсдам,CITY,6,0,6,"0,6873265728","0,1876734272","0,7561979718","0,2063020282",ADD,HIGH,Додати в маршрут
Румунія,Бран,бран,CITY,6,0,6,"0,7133743901","0,1616256099","0,764012317","0,198487683",ADD,HIGH,Додати в маршрут
Румунія,Сіная,сіная,CITY,6,0,6,"0,7133743901","0,1616256099","0,764012317","0,198487683",ADD,HIGH,Додати в маршрут
Франція,Амстердам,амстердам,CITY,6,0,6,"0,6468509075","0,1696125071","0,7440552723","0,2008837521",ADD,HIGH,Додати в маршрут
Франція,Егер,егер,CITY,6,0,6,"0,6563490578","0,1862185098","0,7469047173","0,2058655529",ADD,HIGH,Додати в маршрут
Франція,Мюнхен,мюнхен,CITY,6,0,6,"0,7063148635","0,1686851365","0,761894459","0,200605541",ADD,HIGH,Додати в маршрут
Франція,Ніцца,ніцца,CITY,6,0,6,"0,5873331363","0,1929300216","0,7261999409","0,2078790065",ADD,HIGH,Додати в маршрут
Чехія,Карлові Вари,карлові вари,CITY,6,0,6,"0,7137277542","0,1612722458","0,7641183262","0,1983816738",ADD,HIGH,Додати в маршрут
Чорногорія,Дубровник,дубровник,CITY,6,0,6,"0,6536233771","0,2213766229","0,7460870131","0,2164129869",ADD,HIGH,Додати в маршрут
Чорногорія,Круя,круя,CITY,6,0,6,"0,6483150798","0,2266849202","0,744494524","0,218005476",ADD,HIGH,Додати в маршрут
Чорногорія,Мукачево,мукачево,CITY,6,0,6,"0,5268480045","0,1981519955","0,7080544014","0,2094455986",ADD,HIGH,Додати в маршрут
Швейцарія,Женева,женева,CITY,6,0,6,"0,7365064402","0,15","0,7709519321","0,195",ADD,HIGH,Додати в маршрут
Швейцарія,Мюнхен,мюнхен,CITY,6,0,6,"0,7063148635","0,1686851365","0,761894459","0,200605541",ADD,HIGH,Додати в маршрут
Іспанія,Відень,відень,CITY,5,0,5,"0,5916002364","0,175937077","0,7274800709","0,2027811231",ADD,HIGH,Додати в маршрут
Іспанія,Жирона,жирона,CITY,5,0,5,"0,6870648744","0,1879351256","0,7561194623","0,2063805377",ADD,HIGH,Додати в маршрут
Іспанія,Любляна,любляна,CITY,5,0,5,"0,6432988906","0,1685432147","0,7429896672","0,2005629644",ADD,HIGH,Додати в маршрут
Італія,Гальштат,гальштат,CITY,5,0,5,"0,5115390882","0,1788455272","0,7034617264","0,2036536582",ADD,HIGH,Додати в маршрут
Італія,Зальцбург,зальцбург,CITY,5,0,5,"0,6542090454","0,1559260897","0,7462627136","0,1967778269",ADD,HIGH,Додати в маршрут
Італія,Сорренто,сорренто,CITY,5,0,5,"0,6969042799","0,1780957201","0,759071284","0,203428716",ADD,HIGH,Додати в маршрут
Італія,Сієна,сієна,CITY,5,0,5,"0,7163941174","0,1586058826","0,7649182352","0,1975817648",ADD,HIGH,Додати в маршрут
Італія,Тіволі,тіволі,CITY,5,0,5,"0,7078346668","0,1671653332","0,7623504001","0,2001495999",ADD,HIGH,Додати в маршрут
Албанія,Охрид,охрид,CITY,5,0,5,"0,6799589273","0,1950410727","0,7539876782","0,2085123218",ADD,HIGH,Додати в маршрут
Норвегія,Гетеборг,гетеборг,CITY,5,0,5,"0,717588414","0,157411586","0,7652765242","0,1972234758",ADD,HIGH,Додати в маршрут
Норвегія,Осло,осло,CITY,5,0,5,"0,5369924516","0,1880075484","0,7110977355","0,2064022645",ADD,HIGH,Додати в маршрут
Нідерланди,Брно,брно,CITY,5,0,5,"0,7158671213","0,1591328787","0,7647601364","0,1977398636",ADD,HIGH,Додати в маршрут
Нідерланди,Брюгге,брюгге,CITY,5,0,5,"0,5991622674","0,1558377326","0,7297486802","0,1967513198",ADD,HIGH,Додати в маршрут
Румунія,Одеса,одеса,CITY,5,0,5,"0,6905396262","0,1844603738","0,7571618878","0,2053381122",ADD,HIGH,Додати в маршрут
Угорщина,Сентендре,сентендре,CITY,5,0,5,"0,5682681369","0,1867318631","0,7204804411","0,2060195589",ADD,HIGH,Додати в маршрут
Франція,Брюссель,брюссель,CITY,5,0,5,"0,6695736095","0,1574263905","0,7508720829","0,1972279171",ADD,HIGH,Додати в маршрут
Франція,Зальцбург,зальцбург,CITY,5,0,5,"0,6542090454","0,1559260897","0,7462627136","0,1967778269",ADD,HIGH,Додати в маршрут
Франція,Люцерн,люцерн,CITY,5,0,5,"0,6924600443","0,1501075232","0,7577380133","0,195032257",ADD,HIGH,Додати в маршрут
Франція,Монако,монако,COUNTRY,5,0,5,"0,6164725976","0,03995597381","0,7349417793","0,01198679214",ADD,HIGH,Додати в маршрут
Франція,Франкфурт На Майні,франкфурт на майні,CITY,5,0,5,"0,7346594069","0,15","0,7703978221","0,195",ADD,HIGH,Додати в маршрут
Хорватія,Егер,егер,CITY,5,0,5,"0,6563490578","0,1862185098","0,7469047173","0,2058655529",ADD,HIGH,Додати в маршрут
Чехія,Чеський Крумлов,чеський крумлов,CITY,5,0,5,"0,709870485","0,165129515","0,7629611455","0,1995388545",ADD,HIGH,Додати в маршрут
Чорногорія,Острог,острог,CITY,5,0,5,"0,6732611631","0,2017388369","0,7519783489","0,2105216511",ADD,HIGH,Додати в маршрут
Чорногорія,Скадарське Озеро,скадарське озеро,OTHER,5,0,5,"0,8232611631","0,05173883692","0,9469783489","0,01552165107",ADD,HIGH,Додати в маршрут
Швейцарія,Вадуц,вадуц,CITY,5,0,5,"0,7236856148","0,1513143852","0,7671056844","0,1953943156",ADD,HIGH,Додати в маршрут
Швейцарія,Монблан,монблан,OTHER,5,0,5,"0,8936001208",0,"0,9680800363",0,ADD,HIGH,Додати в маршрут
Швейцарія,Страсбург,страсбург,CITY,5,0,5,"0,7276769803","0,15","0,7683030941","0,195",ADD,HIGH,Додати в маршрут
Іспанія,Андорра,андорра,COUNTRY,4,0,4,"0,6822953864","0,04270461363","0,7546886159","0,01281138409",ADD,HIGH,Додати в маршрут
Іспанія,Берн,берн,CITY,4,0,4,"0,6739573556","0,15","0,7521872067","0,195",ADD,HIGH,Додати в маршрут
Іспанія,Зальцбург,зальцбург,CITY,4,0,4,"0,6542090454","0,1559260897","0,7462627136","0,1967778269",ADD,HIGH,Додати в маршрут
Іспанія,Зальцкаммергут,зальцкаммергут,CITY,4,0,4,"0,7213647045","0,1536352955","0,7664094114","0,1960905886",ADD,HIGH,Додати в маршрут
Іспанія,Канни,канни,CITY,4,0,4,"0,5861099158","0,1965823919","0,7258329747","0,2089747176",ADD,HIGH,Додати в маршрут
Іспанія,Краків,краків,CITY,4,0,4,"0,6594794274","0,167198425","0,7478438282","0,2001595275",ADD,HIGH,Додати в маршрут
Іспанія,Льорет Де Мар,льорет де мар,CITY,4,0,4,"0,6509508476","0,2240491524","0,7452852543","0,2172147457",ADD,HIGH,Додати в маршрут
Іспанія,Ліньяно,ліньяно,CITY,4,0,4,"0,69167234","0,18332766","0,757501702","0,204998298",ADD,HIGH,Додати в маршрут
Іспанія,Монсеррат,монсеррат,CITY,4,0,4,"0,7008497374","0,1741502626","0,7602549212","0,2022450788",ADD,HIGH,Додати в маршрут
Іспанія,Нюрнберг,нюрнберг,CITY,4,0,4,"0,7153662193","0,1596337807","0,7646098658","0,1978901342",ADD,HIGH,Додати в маршрут
Іспанія,Узбережжя Іспанії,узбережжя іспанії,OTHER,4,0,4,"0,8552022064","0,01979779356","0,9565606619","0,005939338067",ADD,HIGH,Додати в маршрут
Іспанія,Інтерлакен,інтерлакен,CITY,4,0,4,"0,6795161792","0,15","0,7538548538","0,195",ADD,HIGH,Додати в маршрут
Італія,Адріатичне Узбережжя,адріатичне узбережжя,OTHER,4,0,4,"0,5527311438","0,0822688562","0,8658193431","0,02468065686",ADD,HIGH,Додати в маршрут
Італія,Блед,блед,CITY,4,0,4,"0,706314627","0,168685373","0,7618943881","0,2006056119",ADD,HIGH,Додати в маршрут
Італія,Больцано,больцано,CITY,4,0,4,"0,7007780282","0,1742219718","0,7602334085","0,2022665915",ADD,HIGH,Додати в маршрут
Італія,Грац,грац,CITY,4,0,4,"0,715862245","0,159137755","0,7647586735","0,1977413265",ADD,HIGH,Додати в маршрут
Італія,Канни,канни,CITY,4,0,4,"0,5861099158","0,1965823919","0,7258329747","0,2089747176",ADD,HIGH,Додати в маршрут
Італія,Ліньяно,ліньяно,CITY,4,0,4,"0,69167234","0,18332766","0,757501702","0,204998298",ADD,HIGH,Додати в маршрут
Італія,Равенна,равенна,CITY,4,0,4,"0,6725812907","0,2024187093","0,7517743872","0,2107256128",ADD,HIGH,Додати в маршрут
Італія,Сабб Ядоро,сабб ядоро,CITY,4,0,4,"0,6910742566","0,1839257434","0,757322277","0,205177723",ADD,HIGH,Додати в маршрут
Австрія,Егерсалок,егерсалок,CITY,4,0,4,"0,6983955896","0,1766044104","0,7595186769","0,2029813231",ADD,HIGH,Додати в маршрут
Австрія,Зальцкаммергут,зальцкаммергут,CITY,4,0,4,"0,7213647045","0,1536352955","0,7664094114","0,1960905886",ADD,HIGH,Додати в маршрут
Австрія,Сентендре,сентендре,CITY,4,0,4,"0,5682681369","0,1867318631","0,7204804411","0,2060195589",ADD,HIGH,Додати в маршрут
Австрія,Фюссен,фюссен,CITY,4,0,4,"0,6880080286","0,1869919714","0,7564024086","0,2060975914",ADD,HIGH,Додати в маршрут
Албанія,Вльора,вльора,CITY,4,0,4,"0,683733212","0,1912667881","0,7551199636","0,2073800364",ADD,HIGH,Додати в маршрут
Албанія,Одеса,одеса,CITY,4,0,4,"0,6905396262","0,1844603738","0,7571618878","0,2053381122",ADD,HIGH,Додати в маршрут
Бельгія,Брюссель,брюссель,CITY,4,0,4,"0,6695736095","0,1574263905","0,7508720829","0,1972279171",ADD,HIGH,Додати в маршрут
Греція,Едеса,едеса,CITY,4,0,4,"0,6286314913","0,2463685087","0,7385894474","0,2239105526",ADD,HIGH,Додати в маршрут
Греція,Каллітея,каллітея,CITY,4,0,4,"0,6292431495","0,2457568505","0,7387729449","0,2237270551",ADD,HIGH,Додати в маршрут
Греція,О Скіафос,о скіафос,CITY,4,0,4,"0,6439861713","0,2310138288","0,7431958514","0,2193041486",ADD,HIGH,Додати в маршрут
Греція,Олімпійська Рів Єра,олімпійська рів єра,OTHER,4,0,4,"0,7939861713","0,08101382875","0,9381958514","0,02430414863",ADD,HIGH,Додати в маршрут
Нідерланди,Ганновер,ганновер,CITY,4,0,4,"0,6978018245","0,1771981755","0,7593405474","0,2031594527",ADD,HIGH,Додати в маршрут
Нідерланди,Люксембург,люксембург,COUNTRY,4,0,4,"0,730573456",0,"0,7691720368",0,ADD,HIGH,Додати в маршрут
Нідерланди,Парк Кекенхоф,парк кекенхоф,OTHER,4,0,4,"0,8482322688","0,02676773122","0,9544696806","0,008030319366",ADD,HIGH,Додати в маршрут
Нідерланди,Утрехт,утрехт,CITY,4,0,4,"0,6860056064","0,1889943936","0,7558016819","0,2066983181",ADD,HIGH,Додати в маршрут
Франція,Верона,верона,CITY,4,0,4,"0,4539755457","0,1977686404","0,6861926637","0,2093305921",ADD,HIGH,Додати в маршрут
Франція,Вюрцбург,вюрцбург,CITY,4,0,4,"0,7426251371","0,15","0,7727875411","0,195",ADD,HIGH,Додати в маршрут
Франція,Гейдельберг,гейдельберг,CITY,4,0,4,"0,7414645234","0,15","0,772439357","0,195",ADD,HIGH,Додати в маршрут
Франція,Ерфурт,ерфурт,CITY,4,0,4,"0,7244029789","0,1505970211","0,7673208937","0,1951791063",ADD,HIGH,Додати в маршрут
Франція,Сен,сен,CITY,4,0,4,"0,6835798729","0,1914201271","0,7550739619","0,2074260381",ADD,HIGH,Додати в маршрут
Франція,Цюрих,цюрих,CITY,4,0,4,"0,7205323991","0,154467601","0,7661597197","0,1963402803",ADD,HIGH,Додати в маршрут
Хорватія,Дубровник,дубровник,CITY,4,0,4,"0,6536233771","0,2213766229","0,7460870131","0,2164129869",ADD,HIGH,Додати в маршрут
Хорватія,Загреб,загреб,CITY,4,0,4,"0,6827535929","0,1922464071","0,7548260779","0,2076739221",ADD,HIGH,Додати в маршрут
Хорватія,Спліт,спліт,CITY,4,0,4,"0,6370427131","0,2379572869","0,7411128139","0,2213871861",ADD,HIGH,Додати в маршрут
Чорногорія,Белград,белград,CITY,4,0,4,"0,6894243621","0,1855756379","0,7568273086","0,2056726914",ADD,HIGH,Додати в маршрут
Чорногорія,Будванська Рів Єра,будванська рів єра,OTHER,4,0,4,"0,8168685262","0,05813147385","0,9450605578","0,01743944216",ADD,HIGH,Додати в маршрут
Чорногорія,Дубровнік,дубровнік,CITY,4,0,4,"0,6668685262","0,2081314739","0,7500605578","0,2124394422",ADD,HIGH,Додати в маршрут
Чорногорія,Пераст,пераст,CITY,4,0,4,"0,6369124688","0,2380875312","0,7410737406","0,2214262594",ADD,HIGH,Додати в маршрут
Чорногорія,Ульцинь,ульцинь,CITY,4,0,4,"0,6331099434","0,2418900566","0,739932983","0,222567017",ADD,HIGH,Додати в маршрут
Чорногорія,Цетинє,цетинє,CITY,4,0,4,"0,6501678028","0,2248321972","0,7450503408","0,2174496592",ADD,HIGH,Додати в маршрут
Чорногорія,Цетіньє,цетіньє,CITY,4,0,4,"0,6814322082","0,1935677918","0,7544296625","0,2080703375",ADD,HIGH,Додати в маршрут
Швейцарія,Будапешт,будапешт,CITY,4,0,4,"0,5712832273","0,1862342552","0,7213849682","0,2058702766",ADD,HIGH,Додати в маршрут
Швейцарія,Кольмар,кольмар,CITY,4,0,4,"0,7303906009","0,15","0,7691171803","0,195",ADD,HIGH,Додати в маршрут
Швейцарія,Нюрнберг,нюрнберг,CITY,4,0,4,"0,7153662193","0,1596337807","0,7646098658","0,1978901342",ADD,HIGH,Додати в маршрут
Швеція,Рига,рига,CITY,4,0,4,"0,4936030151","0,1967816003","0,6980809045","0,2090344801",ADD,HIGH,Додати в маршрут
Швеція,Стокгольм,стокгольм,CITY,4,0,4,"0,4960527364","0,194331879","0,6988158209","0,2082995637",ADD,HIGH,Додати в маршрут
Іспанія,Бамберг,бамберг,CITY,3,0,3,"0,7208915053","0,1541084947","0,7662674516","0,1962325484",ADD,HIGH,Додати в маршрут
Іспанія,Блед,блед,CITY,3,0,3,"0,706314627","0,168685373","0,7618943881","0,2006056119",ADD,HIGH,Додати в маршрут
Іспанія,Генуя,генуя,CITY,3,0,3,"0,7016067816","0,1733932184","0,7604820345","0,2020179655",ADD,HIGH,Додати в маршрут
Іспанія,Езоло,езоло,CITY,3,0,3,"0,6594452406","0,2155547594","0,7478335722","0,2146664278",ADD,HIGH,Додати в маршрут
Іспанія,Женева,женева,CITY,3,0,3,"0,7365064402","0,15","0,7709519321","0,195",ADD,HIGH,Додати в маршрут
Іспанія,Ллорет Де Мар,ллорет де мар,CITY,3,0,3,"0,7065063689","0,1684936311","0,7619519107","0,2005480893",ADD,HIGH,Додати в маршрут
Іспанія,Люцерн,люцерн,CITY,3,0,3,"0,6924600443","0,1501075232","0,7577380133","0,195032257",ADD,HIGH,Додати в маршрут
Іспанія,Лідо,лідо,CITY,3,0,3,"0,6594452406","0,2155547594","0,7478335722","0,2146664278",ADD,HIGH,Додати в маршрут
Іспанія,Мюнхен,мюнхен,CITY,3,0,3,"0,7063148635","0,1686851365","0,761894459","0,200605541",ADD,HIGH,Додати в маршрут
Іспанія,Озеро Комо,озеро комо,OTHER,3,0,3,"0,7667497825","0,01594252521","0,9300249347","0,004782757563",ADD,HIGH,Додати в маршрут
Італія,Бад Ішль,бад ішль,CITY,3,0,3,"0,6807270082","0,1942729918","0,7542181025","0,2082818975",ADD,HIGH,Додати в маршрут
Італія,Гаета,гаета,CITY,3,0,3,"0,692237752","0,182762248","0,7576713256","0,2048286744",ADD,HIGH,Додати в маршрут
Італія,Зальцкаммергут,зальцкаммергут,CITY,3,0,3,"0,7213647045","0,1536352955","0,7664094114","0,1960905886",ADD,HIGH,Додати в маршрут
Італія,Комо,комо,CITY,3,0,3,"0,6729906174","0,2020093826","0,7518971852","0,2106028148",ADD,HIGH,Додати в маршрут
Італія,Лугано,лугано,CITY,3,0,3,"0,7288072428","0,15","0,7686421728","0,195",ADD,HIGH,Додати в маршрут
Італія,Мукачево,мукачево,CITY,3,0,3,"0,5268480045","0,1981519955","0,7080544014","0,2094455986",ADD,HIGH,Додати в маршрут
Італія,Позітано,позітано,CITY,3,0,3,"0,699614767","0,175385233","0,7598844301","0,2026155699",ADD,HIGH,Додати в маршрут
Італія,Сан Джіміньяно,сан джіміньяно,CITY,3,0,3,"0,7003449942","0,1746550058","0,7601034983","0,2023965017",ADD,HIGH,Додати в маршрут
Австрія,Больцано,больцано,CITY,3,0,3,"0,7007780282","0,1742219718","0,7602334085","0,2022665915",ADD,HIGH,Додати в маршрут
Австрія,Мішкольц,мішкольц,CITY,3,0,3,"0,693688074","0,181311926","0,7581064222","0,2043935778",ADD,HIGH,Додати в маршрут
Австрія,Тренто,тренто,CITY,3,0,3,"0,6992756771","0,1757243229","0,7597827031","0,2027172969",ADD,HIGH,Додати в маршрут
Албанія,Бухарест,бухарест,CITY,3,0,3,"0,5367880186","0,1782119814","0,7110364056","0,2034635944",ADD,HIGH,Додати в маршрут
Бельгія,Амстердам,амстердам,CITY,3,0,3,"0,6468509075","0,1696125071","0,7440552723","0,2008837521",ADD,HIGH,Додати в маршрут
Бельгія,Краків,краків,CITY,3,0,3,"0,6594794274","0,167198425","0,7478438282","0,2001595275",ADD,HIGH,Додати в маршрут
Греція,Епідавр,епідавр,CITY,3,0,3,"0,6729972593","0,2020027407","0,7518991778","0,2106008222",ADD,HIGH,Додати в маршрут
Греція,Мікени,мікени,CITY,3,0,3,"0,6729972593","0,2020027407","0,7518991778","0,2106008222",ADD,HIGH,Додати в маршрут
Греція,Нафпліон,нафпліон,CITY,3,0,3,"0,6729972593","0,2020027407","0,7518991778","0,2106008222",ADD,HIGH,Додати в маршрут
Греція,Пефкохорі,пефкохорі,CITY,3,0,3,"0,6268862408","0,2481137592","0,7380658722","0,2244341278",ADD,HIGH,Додати в маршрут
Греція,Скоп Є,скоп є,CITY,3,0,3,"0,6964190646","0,1785809354","0,7589257194","0,2035742806",ADD,HIGH,Додати в маршрут
Греція,Халкідікі,халкідікі,CITY,3,0,3,"0,6268862408","0,2481137592","0,7380658722","0,2244341278",ADD,HIGH,Додати в маршрут
Нідерланди,Версаль,версаль,CITY,3,0,3,"0,7188799665","0,1561200335","0,7656639899","0,1968360101",ADD,HIGH,Додати в маршрут
Нідерланди,Гент,гент,CITY,3,0,3,"0,7297501855","0,15","0,7689250556","0,195",ADD,HIGH,Додати в маршрут
Нідерланди,Кельн,кельн,CITY,3,0,3,"0,7212172969","0,1537827031","0,7663651891","0,1961348109",ADD,HIGH,Додати в маршрут
Нідерланди,Лейден,лейден,CITY,3,0,3,"0,6914614584","0,1835385416","0,7574384375","0,2050615625",ADD,HIGH,Додати в маршрут
Нідерланди,Парк Ефтелінг,парк ефтелінг,OTHER,3,0,3,"0,8587278795","0,01627212055","0,9576183638","0,004881636165",ADD,HIGH,Додати в маршрут
Німеччина,Варшава,варшава,CITY,3,0,3,"0,7141328693","0,1608671307","0,7642398608","0,1982601392",ADD,HIGH,Додати в маршрут
Німеччина,Відень,відень,CITY,3,0,3,"0,5916002364","0,175937077","0,7274800709","0,2027811231",ADD,HIGH,Додати в маршрут
Німеччина,Майсен,майсен,CITY,3,0,3,"0,7144158367","0,1605841633","0,764324751","0,198175249",ADD,HIGH,Додати в маршрут
Польща,Величка,величка,CITY,3,0,3,"0,7060084269","0,1689915731","0,7618025281","0,2006974719",ADD,HIGH,Додати в маршрут
Португалія,Мадрид,мадрид,CITY,3,0,3,"0,7221865917","0,1528134084","0,7666559775","0,1958440225",ADD,HIGH,Додати в маршрут
Португалія,Обідуш,обідуш,CITY,3,0,3,"0,7221865917","0,1528134084","0,7666559775","0,1958440225",ADD,HIGH,Додати в маршрут
Португалія,Порту,порту,CITY,3,0,3,"0,7221865917","0,1528134084","0,7666559775","0,1958440225",ADD,HIGH,Додати в маршрут
Португалія,Сінтра,сінтра,CITY,3,0,3,"0,7221865917","0,1528134084","0,7666559775","0,1958440225",ADD,HIGH,Додати в маршрут
Португалія,Толедо,толедо,CITY,3,0,3,"0,7221865917","0,1528134084","0,7666559775","0,1958440225",ADD,HIGH,Додати в маршрут
Румунія,Буштені,буштені,CITY,3,0,3,"0,7135828912","0,1614171089","0,7640748673","0,1984251327",ADD,HIGH,Додати в маршрут
Румунія,Пояна Брашов,пояна брашов,CITY,3,0,3,"0,6884828283","0,1865171717","0,7565448485","0,2059551515",ADD,HIGH,Додати в маршрут
Румунія,Ришнов,ришнов,CITY,3,0,3,"0,7404124203","0,15","0,7721237261","0,195",ADD,HIGH,Додати в маршрут
Румунія,Сібіу,сібіу,CITY,3,0,3,"0,7161134519","0,1588865481","0,7648340356","0,1976659644",ADD,HIGH,Додати в маршрут
Румунія,Сігішоара,сігішоара,CITY,3,0,3,"0,740694808","0,15","0,7722084424","0,195",ADD,HIGH,Додати в маршрут
Угорщина,Тапольце,тапольце,CITY,3,0,3,"0,7212810179","0,1537189821","0,7663843054","0,1961156946",ADD,HIGH,Додати в маршрут
Угорщина,Токай,токай,CITY,3,0,3,"0,7178835999","0,1571164001","0,76536508","0,19713492",ADD,HIGH,Додати в маршрут
Франція,Сен,cен,CITY,3,0,3,"0,7464927005","0,15","0,7739478102","0,195",ADD,HIGH,Додати в маршрут
Франція,Ванс,ванс,CITY,3,0,3,"0,6827020297","0,1922979703","0,7548106089","0,2076893911",ADD,HIGH,Додати в маршрут
Франція,Долина Луари,долина луари,OTHER,3,0,3,"0,8933669072",0,"0,9680100721",0,ADD,HIGH,Додати в маршрут
Франція,Зальцкаммергут,зальцкаммергут,CITY,3,0,3,"0,7213647045","0,1536352955","0,7664094114","0,1960905886",ADD,HIGH,Додати в маршрут
Франція,Кан,кан,CITY,3,0,3,"0,7464927005","0,15","0,7739478102","0,195",ADD,HIGH,Додати в маршрут
Франція,Канни,канни,CITY,3,0,3,"0,5861099158","0,1965823919","0,7258329747","0,2089747176",ADD,HIGH,Додати в маршрут
Франція,Карло,карло,CITY,3,0,3,"0,6863454211","0,1886545789","0,7559036263","0,2065963737",ADD,HIGH,Додати в маршрут
Франція,Кельн,кельн,CITY,3,0,3,"0,7212172969","0,1537827031","0,7663651891","0,1961348109",ADD,HIGH,Додати в маршрут
Франція,Лувр,лувр,OTHER,3,0,3,"0,8548083793","0,02019162068","0,9564425138","0,006057486205",ADD,HIGH,Додати в маршрут
Франція,Майсен,майсен,CITY,3,0,3,"0,7144158367","0,1605841633","0,764324751","0,198175249",ADD,HIGH,Додати в маршрут
Франція,Мон,мон,CITY,3,0,3,"0,7464927005","0,15","0,7739478102","0,195",ADD,HIGH,Додати в маршрут
Франція,Мон Сен Мішель,мон сен мішель,CITY,3,0,3,"0,4792154452","0,1557845548","0,6937646336","0,1967353664",ADD,HIGH,Додати в маршрут
Франція,Монте,монте,CITY,3,0,3,"0,6863454211","0,1886545789","0,7559036263","0,2065963737",ADD,HIGH,Додати в маршрут
Франція,Мілан,мілан,CITY,3,0,3,"0,5922410541","0,1736680369","0,7276723162","0,2021004111",ADD,HIGH,Додати в маршрут
Франція,Мішель,мішель,CITY,3,0,3,"0,7464927005","0,15","0,7739478102","0,195",ADD,HIGH,Додати в маршрут
Франція,Парк Діснейленд,парк діснейленд,OTHER,3,0,3,"0,8506075916","0,02439240843","0,9551822775","0,00731772253",ADD,HIGH,Додати в маршрут
Франція,Поль,поль,CITY,3,0,3,"0,6827020297","0,1922979703","0,7548106089","0,2076893911",ADD,HIGH,Додати в маршрут
Франція,Сен Мало,сен мало,CITY,3,0,3,"0,4804770406","0,1545229594","0,6941431122","0,1963568878",ADD,HIGH,Додати в маршрут
Франція,Турс,турс,CITY,3,0,3,"0,7464927005","0,15","0,7739478102","0,195",ADD,HIGH,Додати в маршрут
Хорватія,Будва,будва,CITY,3,0,3,"0,6596347313","0,2153652687","0,7478904194","0,2146095806",ADD,HIGH,Додати в маршрут
Хорватія,Котор,котор,CITY,3,0,3,"0,6577368806","0,2172631194","0,7473210642","0,2151789358",ADD,HIGH,Додати в маршрут
Хорватія,О Крк,о крк,CITY,3,0,3,"0,648746513","0,226253487","0,7446239539","0,2178760461",ADD,HIGH,Додати в маршрут
Хорватія,Цетинє,цетинє,CITY,3,0,3,"0,6501678028","0,2248321972","0,7450503408","0,2174496592",ADD,HIGH,Додати в маршрут
Чехія,Брно,брно,CITY,3,0,3,"0,7158671213","0,1591328787","0,7647601364","0,1977398636",ADD,HIGH,Додати в маршрут
Чехія,Кутна Гора,кутна гора,CITY,3,0,3,"0,7205115356","0,1544884644","0,7661534607","0,1963465393",ADD,HIGH,Додати в маршрут
Чорногорія,Каньйони Річок Тара І Морача,каньйони річок тара і морача,OTHER,3,0,3,"0,8116746961","0,06332530394","0,9435024088","0,01899759118",ADD,HIGH,Додати в маршрут
Чорногорія,Негуши,негуши,CITY,3,0,3,"0,6616746961","0,2133253039","0,7485024088","0,2139975912",ADD,HIGH,Додати в маршрут
Чорногорія,Петровац На Мору,петровац на мору,CITY,3,0,3,"0,6336863002","0,2413136999","0,74010589","0,22239411",ADD,HIGH,Додати в маршрут
Чорногорія,Шкодер,шкодер,CITY,3,0,3,"0,6728317266","0,2021682734","0,751849518","0,210650482",ADD,HIGH,Додати в маршрут
Швейцарія,Ансі,ансі,CITY,3,0,3,"0,7446616723","0,15","0,7733985017","0,195",ADD,HIGH,Додати в маршрут
Швейцарія,Бамберг,бамберг,CITY,3,0,3,"0,7208915053","0,1541084947","0,7662674516","0,1962325484",ADD,HIGH,Додати в маршрут
Швейцарія,Вроцлав,вроцлав,CITY,3,0,3,"0,6732765614","0,1642234386","0,7519829684","0,1992670316",ADD,HIGH,Додати в маршрут
Швейцарія,Лугано,лугано,CITY,3,0,3,"0,7288072428","0,15","0,7686421728","0,195",ADD,HIGH,Додати в маршрут
Швейцарія,Інсбрук,інсбрук,CITY,3,0,3,"0,7108313309","0,1641686691","0,7632493993","0,1992506007",ADD,HIGH,Додати в маршрут
Швеція,Таллінн,таллінн,CITY,3,0,3,"0,5507568146","0,1742431854","0,7152270444","0,2022729556",ADD,HIGH,Додати в маршрут
Іспанія,Андора,андора,CITY,2,0,2,"0,7081659371","0,1668340629","0,7624497811","0,2000502189",ADD,HIGH,Додати в маршрут
Іспанія,Верона,верона,CITY,2,0,2,"0,4539755457","0,1977686404","0,6861926637","0,2093305921",ADD,HIGH,Додати в маршрут
Іспанія,Вроцлав,вроцлав,CITY,2,0,2,"0,6732765614","0,1642234386","0,7519829684","0,1992670316",ADD,HIGH,Додати в маршрут
Іспанія,Гора Монсеррат,гора монсеррат,OTHER,2,0,2,"0,8696742239","0,00532577615","0,9609022672","0,001597732845",ADD,HIGH,Додати в маршрут
Іспанія,Егерсалок,егерсалок,CITY,2,0,2,"0,6983955896","0,1766044104","0,7595186769","0,2029813231",ADD,HIGH,Додати в маршрут
Іспанія,Кадакес,кадакес,CITY,2,0,2,"0,6993473087","0,1756526913","0,7598041926","0,2026958074",ADD,HIGH,Додати в маршрут
Іспанія,Карло,карло,CITY,2,0,2,"0,6863454211","0,1886545789","0,7559036263","0,2065963737",ADD,HIGH,Додати в маршрут
Іспанія,Лазурне Узбережжя,лазурне узбережжя,OTHER,2,0,2,"0,867424228","0,007575772013","0,9602272684","0,002272731604",ADD,HIGH,Додати в маршрут
Іспанія,Марсель,марсель,CITY,2,0,2,"0,6570074193","0,2179925807","0,7471022258","0,2153977742",ADD,HIGH,Додати в маршрут
Іспанія,Монте,монте,CITY,2,0,2,"0,6863454211","0,1886545789","0,7559036263","0,2065963737",ADD,HIGH,Додати в маршрут
Іспанія,Монте Карло,монте карло,CITY,2,0,2,"0,7081659371","0,1668340629","0,7624497811","0,2000502189",ADD,HIGH,Додати в маршрут
Іспанія,Мукачево,мукачево,CITY,2,0,2,"0,5268480045","0,1981519955","0,7080544014","0,2094455986",ADD,HIGH,Додати в маршрут
Іспанія,Прага,прага,CITY,2,0,2,"0,6411578719","0,1655494452","0,7423473616","0,1996648336",ADD,HIGH,Додати в маршрут
Іспанія,Рейнський Водоспад,рейнський водоспад,OTHER,2,0,2,"0,7721091769","0,002890823119","0,9316327531","0,0008672469356",ADD,HIGH,Додати в маршрут
Іспанія,Сабб Ядоро,сабб ядоро,CITY,2,0,2,"0,6910742566","0,1839257434","0,757322277","0,205177723",ADD,HIGH,Додати в маршрут
Іспанія,Тосса,тосса,CITY,2,0,2,"0,6993473087","0,1756526913","0,7598041926","0,2026958074",ADD,HIGH,Додати в маршрут
Іспанія,Трієст,трієст,CITY,2,0,2,"0,6960201722","0,1789798278","0,7588060516","0,2036939484",ADD,HIGH,Додати в маршрут
Італія,Ассізі,ассізі,CITY,2,0,2,"0,6961685647","0,1788314353","0,7588505694","0,2036494306",ADD,HIGH,Додати в маршрут
Італія,Барі,барі,CITY,2,0,2,"0,706836995","0,168163005","0,7620510985","0,2004489015",ADD,HIGH,Додати в маршрут
Італія,Дель,дель,CITY,2,0,2,"0,692798738","0,182201262","0,7578396214","0,2046603786",ADD,HIGH,Додати в маршрут
Італія,Джиміньяно,джиміньяно,CITY,2,0,2,"0,7199514378","0,1550485622","0,7659854313","0,1965145687",ADD,HIGH,Додати в маршрут
Італія,Езоло,езоло,CITY,2,0,2,"0,6594452406","0,2155547594","0,7478335722","0,2146664278",ADD,HIGH,Додати в маршрут
Італія,Клагенфурт,клагенфурт,CITY,2,0,2,"0,7164085324","0,1585914676","0,7649225597","0,1975774403",ADD,HIGH,Додати в маршрут
Італія,Лукка,лукка,CITY,2,0,2,"0,7067814744","0,1682185256","0,7620344423","0,2004655577",ADD,HIGH,Додати в маршрут
Італія,Лідо,лідо,CITY,2,0,2,"0,6594452406","0,2155547594","0,7478335722","0,2146664278",ADD,HIGH,Додати в маршрут
Італія,Матера,матера,CITY,2,0,2,"0,706836995","0,168163005","0,7620510985","0,2004489015",ADD,HIGH,Додати в маршрут
Італія,Милан,милан,CITY,2,0,2,"0,6807802709","0,1942197291","0,7542340813","0,2082659187",ADD,HIGH,Додати в маршрут
Італія,Мурано Бурано,мурано бурано,CITY,2,0,2,"0,6340618633","0,2409381367","0,740218559","0,222281441",ADD,HIGH,Додати в маршрут
Італія,О Мурано,о мурано,CITY,2,0,2,"0,7433463344","0,15","0,7730039003","0,195",ADD,HIGH,Додати в маршрут
Італія,Оз Мольвено,оз мольвено,CITY,2,0,2,"0,6854896249","0,1895103751","0,7556468875","0,2068531125",ADD,HIGH,Додати в маршрут
Італія,Оз Мізуріна,оз мізуріна,CITY,2,0,2,"0,6854896249","0,1895103751","0,7556468875","0,2068531125",ADD,HIGH,Додати в маршрут
Італія,Озеро Блед,озеро блед,OTHER,2,0,2,"0,6059491063","0,02905089371","0,8817847319","0,008715268113",ADD,HIGH,Додати в маршрут
Італія,Озеро Мольвено,озеро мольвено,OTHER,2,0,2,"0,8588278647","0,01617213534","0,9576483594","0,004851640601",ADD,HIGH,Додати в маршрут
Італія,Орвієто,орвієто,CITY,2,0,2,"0,7138676773","0,1611323227","0,7641603032","0,1983396968",ADD,HIGH,Додати в маршрут
Італія,Париж,париж,CITY,2,0,2,"0,6774769481","0,1627404432","0,7532430844","0,198822133",ADD,HIGH,Додати в маршрут
Італія,Пиза,пиза,CITY,2,0,2,"0,6872189387","0,1877810613","0,7561656816","0,2063343184",ADD,HIGH,Додати в маршрут
Італія,Прага,прага,CITY,2,0,2,"0,6411578719","0,1655494452","0,7423473616","0,1996648336",ADD,HIGH,Додати в маршрут
Італія,Салерно,салерно,CITY,2,0,2,"0,7066093161","0,1683906839","0,7619827948","0,2005172052",ADD,HIGH,Додати в маршрут
Італія,Стрий,стрий,CITY,2,0,2,"0,05589093446","0,2191090655","0,5667672803","0,2157327197",ADD,HIGH,Додати в маршрут
Італія,Турін,турін,CITY,2,0,2,"0,7119827746","0,1630172254","0,7635948324","0,1989051676",ADD,HIGH,Додати в маршрут
Італія,Ужгород,ужгород,CITY,2,0,2,"0,6524246776","0,2225753224","0,7457274033","0,2167725967",ADD,HIGH,Додати в маршрут
Італія,Феррара,феррара,CITY,2,0,2,"0,6931870462","0,1818129538","0,7579561138","0,2045438862",ADD,HIGH,Додати в маршрут
Італія,Флоренция,флоренция,CITY,2,0,2,"0,6872189387","0,1877810613","0,7561656816","0,2063343184",ADD,HIGH,Додати в маршрут
Австрія,Цюрих,цюрих,CITY,2,0,2,"0,7205323991","0,154467601","0,7661597197","0,1963402803",ADD,HIGH,Додати в маршрут
Австрія,Інсбрук,інсбрук,CITY,2,0,2,"0,7108313309","0,1641686691","0,7632493993","0,1992506007",ADD,HIGH,Додати в маршрут
Албанія,Велико Тирново,велико тирново,CITY,2,0,2,"0,7240800739","0,1509199261","0,7672240222","0,1952759778",ADD,HIGH,Додати в маршрут
Албанія,Гірокастра,гірокастра,CITY,2,0,2,"0,6335139334","0,2414860666","0,74005418","0,22244582",ADD,HIGH,Додати в маршрут
Албанія,Ксаміл,ксаміл,CITY,2,0,2,"0,6335139334","0,2414860666","0,74005418","0,22244582",ADD,HIGH,Додати в маршрут
Албанія,Ксаміль Саранда,ксаміль саранда,CITY,2,0,2,"0,6541262408","0,2208737592","0,7462378722","0,2162621278",ADD,HIGH,Додати в маршрут
Албанія,Львів,львів,CITY,2,0,2,"0,5042565542","0,1799484667","0,7012769663","0,20398454",ADD,HIGH,Додати в маршрут
Албанія,Салоніки,салоніки,CITY,2,0,2,"0,6600824279","0,2149175721","0,7480247284","0,2144752716",ADD,HIGH,Додати в маршрут
Албанія,Саранда,саранда,CITY,2,0,2,"0,678159569","0,196840431","0,7534478707","0,2090521293",ADD,HIGH,Додати в маршрут
Бельгія,Антверпен,антверпен,CITY,2,0,2,"0,2999639407","0,1750360593","0,6399891822","0,2025108178",ADD,HIGH,Додати в маршрут
Бельгія,Берлін,берлін,CITY,2,0,2,"0,6853183385","0,1678634797","0,7555955016","0,2003590439",ADD,HIGH,Додати в маршрут
Бельгія,Брюгге,брюгге,CITY,2,0,2,"0,5991622674","0,1558377326","0,7297486802","0,1967513198",ADD,HIGH,Додати в маршрут
Бельгія,Вроцлав,вроцлав,CITY,2,0,2,"0,6732765614","0,1642234386","0,7519829684","0,1992670316",ADD,HIGH,Додати в маршрут
Бельгія,Гент,гент,CITY,2,0,2,"0,7297501855","0,15","0,7689250556","0,195",ADD,HIGH,Додати в маршрут
Бельгія,Львів,львів,CITY,2,0,2,"0,5042565542","0,1799484667","0,7012769663","0,20398454",ADD,HIGH,Додати в маршрут
Бельгія,Люксембург,люксембург,COUNTRY,2,0,2,"0,730573456",0,"0,7691720368",0,ADD,HIGH,Додати в маршрут
Греція,Акрополь,акрополь,CITY,2,0,2,"0,659364553","0,2156354471","0,7478093659","0,2146906341",ADD,HIGH,Додати в маршрут
Греція,Арідея,арідея,CITY,2,0,2,"0,6372724047","0,2377275953","0,7411817214","0,2213182786",ADD,HIGH,Додати в маршрут
Греція,Варна,варна,CITY,2,0,2,"0,7282665503","0,15","0,7684799651","0,195",ADD,HIGH,Додати в маршрут
Греція,Гора Олімп,гора олімп,OTHER,2,0,2,"0,8205229844","0,05447701561","0,9461568953","0,01634310468",ADD,HIGH,Додати в маршрут
Греція,Мис Суніон,мис суніон,CITY,2,0,2,"0,6793811464","0,1956188537","0,7538143439","0,2086856561",ADD,HIGH,Додати в маршрут
Греція,Несебр,несебр,CITY,2,0,2,"0,7282665503","0,15","0,7684799651","0,195",ADD,HIGH,Додати в маршрут
Греція,Пелопоннес,пелопоннес,CITY,2,0,2,"0,6803470506","0,1946529494","0,7541041152","0,2083958848",ADD,HIGH,Додати в маршрут
Греція,Стамбул,стамбул,CITY,2,0,2,"0,5000315276","0,1749684724","0,7000094583","0,2024905417",ADD,HIGH,Додати в маршрут
Естонія,Рига,рига,CITY,2,0,2,"0,4936030151","0,1967816003","0,6980809045","0,2090344801",ADD,HIGH,Додати в маршрут
Естонія,Стокгольм,стокгольм,CITY,2,0,2,"0,4960527364","0,194331879","0,6988158209","0,2082995637",ADD,HIGH,Додати в маршрут
Естонія,Таллінн,таллінн,CITY,2,0,2,"0,5507568146","0,1742431854","0,7152270444","0,2022729556",ADD,HIGH,Додати в маршрут
Естонія,Юрмала,юрмала,CITY,2,0,2,"0,6968527591","0,1781472409","0,7590558277","0,2034441723",ADD,HIGH,Додати в маршрут
Литва,Юрмала,юрмала,CITY,2,0,2,"0,6968527591","0,1781472409","0,7590558277","0,2034441723",ADD,HIGH,Додати в маршрут
Молдова,Одеса,одеса,CITY,2,0,2,"0,6905396262","0,1844603738","0,7571618878","0,2053381122",ADD,HIGH,Додати в маршрут
Норвегія,Берген,берген,CITY,2,0,2,"0,2721652078","0,2028347922","0,6316495623","0,2108504377",ADD,HIGH,Додати в маршрут
Норвегія,Львів,львів,CITY,2,0,2,"0,5042565542","0,1799484667","0,7012769663","0,20398454",ADD,HIGH,Додати в маршрут
Норвегія,Мальме,мальме,CITY,2,0,2,"0,4465710888","0,1884289112","0,6839713266","0,2065286734",ADD,HIGH,Додати в маршрут
Норвегія,Стокгольм,стокгольм,CITY,2,0,2,"0,4960527364","0,194331879","0,6988158209","0,2082995637",ADD,HIGH,Додати в маршрут
Норвегія,Торунь,торунь,CITY,2,0,2,"0,7088460907","0,1661539093","0,7626538272","0,1998461728",ADD,HIGH,Додати в маршрут
Нідерланди,Гітгорн,гітгорн,CITY,2,0,2,"0,7078971655","0,1671028345","0,7623691497","0,2001308503",ADD,HIGH,Додати в маршрут
Нідерланди,Гітхорн,гітхорн,CITY,2,0,2,"0,7099898172","0,1650101828","0,7629969452","0,1995030548",ADD,HIGH,Додати в маршрут
Нідерланди,Дефанс,дефанс,CITY,2,0,2,"0,7207223328","0,1542776672","0,7662166999","0,1962833001",ADD,HIGH,Додати в маршрут
Нідерланди,Довіль,довіль,CITY,2,0,2,"0,7167575655","0,1582424345","0,7650272696","0,1974727304",ADD,HIGH,Додати в маршрут
Нідерланди,Етрета,етрета,CITY,2,0,2,"0,7252774413","0,15","0,7675832324","0,195",ADD,HIGH,Додати в маршрут
Нідерланди,Зандам,зандам,CITY,2,0,2,"0,682644245","0,192355755","0,7547932735","0,2077067265",ADD,HIGH,Додати в маршрут
Нідерланди,Руан,руан,CITY,2,0,2,"0,6759917981","0,1590082019","0,7527975394","0,1977024606",ADD,HIGH,Додати в маршрут
Нідерланди,Схевенінген,схевенінген,CITY,2,0,2,"0,7099898172","0,1650101828","0,7629969452","0,1995030548",ADD,HIGH,Додати в маршрут
Нідерланди,Тарнув,тарнув,CITY,2,0,2,"0,70268532","0,17231468","0,760805596","0,201694404",ADD,HIGH,Додати в маршрут
Нідерланди,Трувіль Сюр Мер,трувіль сюр мер,CITY,2,0,2,"0,7156205978","0,1593794022","0,7646861793","0,1978138207",ADD,HIGH,Додати в маршрут
Нідерланди,Франкфурт На Майні,франкфурт на майні,CITY,2,0,2,"0,7346594069","0,15","0,7703978221","0,195",ADD,HIGH,Додати в маршрут
Німеччина,Амстердам,амстердам,CITY,2,0,2,"0,6468509075","0,1696125071","0,7440552723","0,2008837521",ADD,HIGH,Додати в маршрут
Німеччина,Будапешт,будапешт,CITY,2,0,2,"0,5712832273","0,1862342552","0,7213849682","0,2058702766",ADD,HIGH,Додати в маршрут
Німеччина,Величка,величка,CITY,2,0,2,"0,7060084269","0,1689915731","0,7618025281","0,2006974719",ADD,HIGH,Додати в маршрут
Німеччина,Кольмар,кольмар,CITY,2,0,2,"0,7303906009","0,15","0,7691171803","0,195",ADD,HIGH,Додати в маршрут
Німеччина,Мюнхен,мюнхен,CITY,2,0,2,"0,7063148635","0,1686851365","0,761894459","0,200605541",ADD,HIGH,Додати в маршрут
Німеччина,Страсбург,страсбург,CITY,2,0,2,"0,7276769803","0,15","0,7683030941","0,195",ADD,HIGH,Додати в маршрут
Польща,Відень,відень,CITY,2,0,2,"0,5916002364","0,175937077","0,7274800709","0,2027811231",ADD,HIGH,Додати в маршрут
Польща,Егер,егер,CITY,2,0,2,"0,6563490578","0,1862185098","0,7469047173","0,2058655529",ADD,HIGH,Додати в маршрут
Польща,"Парк Розваг ""еnеrgу Lаnd""","парк розваг ""energy land""",OTHER,2,0,2,"0,8537697739","0,02123022614","0,9561309322","0,006369067841",ADD,HIGH,Додати в маршрут
Португалія,Алкобаса,алкобаса,CITY,2,0,2,"0,7140999121","0,160900088","0,7642299736","0,1982700264",ADD,HIGH,Додати в маршрут
Португалія,Барселона,барселона,CITY,2,0,2,"0,6298813035","0,190573242","0,738964391","0,2071719726",ADD,HIGH,Додати в маршрут
Португалія,Баталья,баталья,CITY,2,0,2,"0,7061130006","0,1688869994","0,7618339002","0,2006660998",ADD,HIGH,Додати в маршрут
Португалія,Вроцлав,вроцлав,CITY,2,0,2,"0,6732765614","0,1642234386","0,7519829684","0,1992670316",ADD,HIGH,Додати в маршрут
Португалія,Женева,женева,CITY,2,0,2,"0,7365064402","0,15","0,7709519321","0,195",ADD,HIGH,Додати в маршрут
Португалія,Львів,львів,CITY,2,0,2,"0,5042565542","0,1799484667","0,7012769663","0,20398454",ADD,HIGH,Додати в маршрут
Португалія,Лісабон,лісабон,CITY,2,0,2,"0,7140999121","0,160900088","0,7642299736","0,1982700264",ADD,HIGH,Додати в маршрут
Португалія,Фатіма,фатіма,CITY,2,0,2,"0,7140999121","0,160900088","0,7642299736","0,1982700264",ADD,HIGH,Додати в маршрут
Румунія,Алба Юлія,алба юлія,CITY,2,0,2,"0,6946082046","0,1803917954","0,7583824614","0,2041175386",ADD,HIGH,Додати в маршрут
Румунія,Бая,бая,CITY,2,0,2,"0,7183943283","0,1566056717","0,7655182985","0,1969817015",ADD,HIGH,Додати в маршрут
Румунія,Буштень,буштень,CITY,2,0,2,"0,654249325","0,220750675","0,7462747975","0,2162252025",ADD,HIGH,Додати в маршрут
Румунія,Маре,маре,CITY,2,0,2,"0,7183943283","0,1566056717","0,7655182985","0,1969817015",ADD,HIGH,Додати в маршрут
Румунія,Мукачево,мукачево,CITY,2,0,2,"0,5268480045","0,1981519955","0,7080544014","0,2094455986",ADD,HIGH,Додати в маршрут
Румунія,Онешті,онешті,CITY,2,0,2,"0,7019173997","0,1730826003","0,7605752199","0,2019247801",ADD,HIGH,Додати в маршрут
Румунія,Тернопіль,тернопіль,CITY,2,0,2,"0,7019173997","0,1730826003","0,7605752199","0,2019247801",ADD,HIGH,Додати в маршрут
Румунія,Хунедоара,хунедоара,CITY,2,0,2,"0,7183943283","0,1566056717","0,7655182985","0,1969817015",ADD,HIGH,Додати в маршрут
Румунія,Юлія,юлія,CITY,2,0,2,"0,7462771993","0,15","0,7738831598","0,195",ADD,HIGH,Додати в маршрут
Румунія,Ізмаїл,ізмаїл,CITY,2,0,2,"0,6637558347","0,2112441653","0,7491267504","0,2133732496",ADD,HIGH,Додати в маршрут
Угорщина,Мішкольц,мішкольц,CITY,2,0,2,"0,693688074","0,181311926","0,7581064222","0,2043935778",ADD,HIGH,Додати в маршрут
Франція,Аахен,аахен,CITY,2,0,2,"0,7248074083","0,1501925917","0,7674422225","0,1950577775",ADD,HIGH,Додати в маршрут
Франція,Брюгге,брюгге,CITY,2,0,2,"0,5991622674","0,1558377326","0,7297486802","0,1967513198",ADD,HIGH,Додати в маршрут
Франція,Ватикан,ватикан,COUNTRY,2,0,2,"0,6994200489","0,02557995111","0,7598260147","0,007673985333",ADD,HIGH,Додати в маршрут
Франція,Гент,гент,CITY,2,0,2,"0,7297501855","0,15","0,7689250556","0,195",ADD,HIGH,Додати в маршрут
Франція,Генуя,генуя,CITY,2,0,2,"0,7016067816","0,1733932184","0,7604820345","0,2020179655",ADD,HIGH,Додати в маршрут
Франція,Діжон,діжон,CITY,2,0,2,"0,7526236661","0,15","0,7757870998","0,195",ADD,HIGH,Додати в маршрут
Франція,Егерсалок,егерсалок,CITY,2,0,2,"0,6983955896","0,1766044104","0,7595186769","0,2029813231",ADD,HIGH,Додати в маршрут
Франція,Замки Луари,замки луари,OTHER,2,0,2,"0,886572794",0,"0,9659718382",0,ADD,HIGH,Додати в маршрут
Франція,Катовіце,катовіце,CITY,2,0,2,"0,6927618752","0,1822381248","0,7578285626","0,2046714374",ADD,HIGH,Додати в маршрут
Франція,Орлеан,орлеан,CITY,2,0,2,"0,7180744641","0,1569255359","0,7654223392","0,1970776608",ADD,HIGH,Додати в маршрут
Франція,Перемишль,перемишль,CITY,2,0,2,"0,7018952078","0,1731047922","0,7605685623","0,2019314377",ADD,HIGH,Додати в маршрут
Франція,Піза,піза,CITY,2,0,2,"0,6982850448","0,1767149552","0,7594855134","0,2030144866",ADD,HIGH,Додати в маршрут
Франція,Рим,рим,CITY,2,0,2,"0,5910951521","0,181047705","0,7273285456","0,2043143115",ADD,HIGH,Додати в маршрут
Франція,Ротенбург,ротенбург,CITY,2,0,2,"0,7305577921","0,15","0,7691673376","0,195",ADD,HIGH,Додати в маршрут
Франція,Руст,руст,CITY,2,0,2,"0,7215134122","0,1534865878","0,7664540237","0,1960459763",ADD,HIGH,Додати в маршрут
Франція,Саарбрюккен,саарбрюккен,CITY,2,0,2,"0,6830885535","0,1919114465","0,7549265661","0,207573434",ADD,HIGH,Додати в маршрут
Франція,Трир,трир,CITY,2,0,2,"0,722908421","0,152091579","0,7668725263","0,1956274737",ADD,HIGH,Додати в маршрут
Франція,Трієст,трієст,CITY,2,0,2,"0,6960201722","0,1789798278","0,7588060516","0,2036939484",ADD,HIGH,Додати в маршрут
Франція,Флоренція,флоренція,CITY,2,0,2,"0,6532473284","0,1842526716","0,7459741985","0,2052758015",ADD,HIGH,Додати в маршрут
Франція,Франкфурт,франкфурт,CITY,2,0,2,"0,7341188286","0,15","0,7702356486","0,195",ADD,HIGH,Додати в маршрут
Франція,Цюріх,цюріх,CITY,2,0,2,"0,6448420222","0,15","0,7434526067","0,195",ADD,HIGH,Додати в маршрут
Фінляндія,Варшава,варшава,CITY,2,0,2,"0,7141328693","0,1608671307","0,7642398608","0,1982601392",ADD,HIGH,Додати в маршрут
Фінляндія,Львів,львів,CITY,2,0,2,"0,5042565542","0,1799484667","0,7012769663","0,20398454",ADD,HIGH,Додати в маршрут
Хорватія,Егерсалок,егерсалок,CITY,2,0,2,"0,6983955896","0,1766044104","0,7595186769","0,2029813231",ADD,HIGH,Додати в маршрут
Хорватія,О Брач,о брач,CITY,2,0,2,"0,6292289118","0,2457710882","0,7387686735","0,2237313265",ADD,HIGH,Додати в маршрут
Хорватія,О Хвар,о хвар,CITY,2,0,2,"0,6292289118","0,2457710882","0,7387686735","0,2237313265",ADD,HIGH,Додати в маршрут
Хорватія,Оміш,оміш,CITY,2,0,2,"0,6448565143","0,2301434857","0,7434569543","0,2190430457",ADD,HIGH,Додати в маршрут
Хорватія,Трогір,трогір,CITY,2,0,2,"0,6448565143","0,2301434857","0,7434569543","0,2190430457",ADD,HIGH,Додати в маршрут
Хорватія,Єлса,єлса,CITY,2,0,2,"0,6292289118","0,2457710882","0,7387686735","0,2237313265",ADD,HIGH,Додати в маршрут
Чехія,Будапешт,будапешт,CITY,2,0,2,"0,5712832273","0,1862342552","0,7213849682","0,2058702766",ADD,HIGH,Додати в маршрут
Чехія,Закопане,закопане,CITY,2,0,2,"0,2663234354","0,1723129282","0,6298970306","0,2016938785",ADD,HIGH,Додати в маршрут
Чехія,Катовіце,катовіце,CITY,2,0,2,"0,6927618752","0,1822381248","0,7578285626","0,2046714374",ADD,HIGH,Додати в маршрут
Чехія,Перемишль,перемишль,CITY,2,0,2,"0,7018952078","0,1731047922","0,7605685623","0,2019314377",ADD,HIGH,Додати в маршрут
Чехія,Тарнув,тарнув,CITY,2,0,2,"0,70268532","0,17231468","0,760805596","0,201694404",ADD,HIGH,Додати в маршрут
Чехія,Ярослав,ярослав,CITY,2,0,2,"0,6992107563","0,1757892437","0,7597632269","0,2027367731",ADD,HIGH,Додати в маршрут
Чорногорія,Будапешт,будапешт,CITY,2,0,2,"0,5712832273","0,1862342552","0,7213849682","0,2058702766",ADD,HIGH,Додати в маршрут
Чорногорія,Каньони Річки Тараі Морача,каньони річки тараі морача,CITY,2,0,2,"0,6906408636","0,1843591364","0,7571922591","0,2053077409",ADD,HIGH,Додати в маршрут
Чорногорія,Ловчен,ловчен,CITY,2,0,2,"0,6722235528","0,2027764472","0,7516670658","0,2108329342",ADD,HIGH,Додати в маршрут
Чорногорія,Макарська,макарська,CITY,2,0,2,"0,6906408636","0,1843591364","0,7571922591","0,2053077409",ADD,HIGH,Додати в маршрут
Чорногорія,Негуші,негуші,CITY,2,0,2,"0,6906408636","0,1843591364","0,7571922591","0,2053077409",ADD,HIGH,Додати в маршрут
Чорногорія,Плітвіцкі Озера,плітвіцкі озера,OTHER,2,0,2,"0,8406408636","0,03435913638","0,9521922591","0,01030774091",ADD,HIGH,Додати в маршрут
Чорногорія,Тирана,тирана,CITY,2,0,2,"0,6778014325","0,1971985675","0,7533404298","0,2091595703",ADD,HIGH,Додати в маршрут
Швейцарія,Аннесі,аннесі,CITY,2,0,2,"0,7564558998","0,15","0,7769367699","0,195",ADD,HIGH,Додати в маршрут
Швейцарія,Бернский Оберланд,бернский оберланд,CITY,2,0,2,"0,7180956998","0,1569043002","0,7654287099","0,1970712901",ADD,HIGH,Додати в маршрут
Швейцарія,Егер,егер,CITY,2,0,2,"0,6563490578","0,1862185098","0,7469047173","0,2058655529",ADD,HIGH,Додати в маршрут
Швейцарія,Замок Нойшванштайн,замок нойшванштайн,OTHER,2,0,2,"0,8749509712","0,00004902876875","0,9624852914","0,00001470863063",ADD,HIGH,Додати в маршрут
Швейцарія,Монтре,монтре,CITY,2,0,2,"0,7270276273","0,15","0,7681082882","0,195",ADD,HIGH,Додати в маршрут
Швейцарія,Саксонська Швейцарія,саксонська швейцарія,OTHER,2,0,2,"0,6910877737","0,01248365484","0,9073263321","0,003745096453",ADD,HIGH,Додати в маршрут
Швейцарія,Ґріндельвальд,ґріндельвальд,CITY,2,0,2,"0,7548224561","0,15","0,7764467368","0,195",ADD,HIGH,Додати в маршрут
Швеція,Варшава,варшава,CITY,2,0,2,"0,7141328693","0,1608671307","0,7642398608","0,1982601392",ADD,HIGH,Додати в маршрут
Швеція,Юрмала,юрмала,CITY,2,0,2,"0,6968527591","0,1781472409","0,7590558277","0,2034441723",ADD,HIGH,Додати в маршрут
Іспанія,Авіньйон,авіньйон,CITY,1,0,1,"0,6900079281","0,1849920719","0,7570023784","0,2054976216",ADD,HIGH,Додати в маршрут
Іспанія,Авіньон,авіньон,CITY,1,0,1,"0,7327115467","0,15","0,769813464","0,195",ADD,HIGH,Додати в маршрут
Іспанія,Безалу,безалу,CITY,1,0,1,"0,7086866892","0,1663133108","0,7626060068","0,1998939932",ADD,HIGH,Додати в маршрут
Іспанія,Бергамо,бергамо,CITY,1,0,1,"0,719112614","0,155887386","0,7657337842","0,1967662158",ADD,HIGH,Додати в маршрут
Іспанія,Брно,брно,CITY,1,0,1,"0,7158671213","0,1591328787","0,7647601364","0,1977398636",ADD,HIGH,Додати в маршрут
Іспанія,Велья,велья,CITY,1,0,1,"0,7086866892","0,1663133108","0,7626060068","0,1998939932",ADD,HIGH,Додати в маршрут
Іспанія,Відпочинок На Узбережжі Іспанії,відпочинок на узбережжі іспанії,OTHER,1,0,1,"0,8521369093","0,02286309075","0,9556410728","0,006858927225",ADD,HIGH,Додати в маршрут
Іспанія,Гейдельберг,гейдельберг,CITY,1,0,1,"0,7414645234","0,15","0,772439357","0,195",ADD,HIGH,Додати в маршрут
Іспанія,Гора Пілатус,гора пілатус,OTHER,1,0,1,"0,8521369093","0,02286309075","0,9556410728","0,006858927225",ADD,HIGH,Додати в маршрут
Іспанія,Грац,грац,CITY,1,0,1,"0,715862245","0,159137755","0,7647586735","0,1977413265",ADD,HIGH,Додати в маршрут
Іспанія,Долина Красунь,долина красунь,OTHER,1,0,1,"0,8593451587","0,01565484128","0,9578035476","0,004696452383",ADD,HIGH,Додати в маршрут
Іспанія,Ез,ез,CITY,1,0,1,"0,7086866892","0,1663133108","0,7626060068","0,1998939932",ADD,HIGH,Додати в маршрут
Іспанія,Емпуріябрава,емпуріябрава,CITY,1,0,1,"0,7068962625","0,1681037375","0,7620688788","0,2004311212",ADD,HIGH,Додати в маршрут
Іспанія,Замок Нойшванштайн,замок нойшванштайн,OTHER,1,0,1,"0,8749509712","0,00004902876875","0,9624852914","0,00001470863063",ADD,HIGH,Додати в маршрут
Іспанія,Интерлакен,интерлакен,CITY,1,0,1,"0,6695830522","0,2054169478","0,7508749157","0,2116250843",ADD,HIGH,Додати в маршрут
Іспанія,Ла,ла,CITY,1,0,1,"0,7086866892","0,1663133108","0,7626060068","0,1998939932",ADD,HIGH,Додати в маршрут
Іспанія,Лугано,лугано,CITY,1,0,1,"0,7288072428","0,15","0,7686421728","0,195",ADD,HIGH,Додати в маршрут
Іспанія,Лігурійське Узбережжя,лігурійське узбережжя,OTHER,1,0,1,"0,21263306","0,06236693996","0,763789918","0,01871008199",ADD,HIGH,Додати в маршрут
Іспанія,Лідо Ді Езоло,лідо ді езоло,CITY,1,0,1,"0,7101649498","0,1648350502","0,7630494849","0,1994505151",ADD,HIGH,Додати в маршрут
Іспанія,Ліон,ліон,CITY,1,0,1,"0,7080196716","0,1669803285","0,7624059015","0,2000940985",ADD,HIGH,Додати в маршрут
Іспанія,Модена,модена,CITY,1,0,1,"0,693114937","0,181885063","0,7579344811","0,2045655189",ADD,HIGH,Додати в маршрут
Іспанія,Монблан,монблан,OTHER,1,0,1,"0,8936001208",0,"0,9680800363",0,ADD,HIGH,Додати в маршрут
Іспанія,Монпельє,монпельє,CITY,1,0,1,"0,6836203275","0,1913796725","0,7550860983","0,2074139017",ADD,HIGH,Додати в маршрут
Іспанія,Музей Далі,музей далі,CITY,1,0,1,"0,7046031726","0,1703968274","0,7613809518","0,2011190482",ADD,HIGH,Додати в маршрут
Іспанія,Озеро Блед,озеро блед,OTHER,1,0,1,"0,6059491063","0,02905089371","0,8817847319","0,008715268113",ADD,HIGH,Додати в маршрут
Іспанія,Озеро Гарда,озеро гарда,OTHER,1,0,1,"0,5938593574","0,04114064258","0,8781578072","0,01234219277",ADD,HIGH,Додати в маршрут
Іспанія,Палафольс,палафольс,CITY,1,0,1,"0,7086866892","0,1663133108","0,7626060068","0,1998939932",ADD,HIGH,Додати в маршрут
Іспанія,Портофіно,портофіно,CITY,1,0,1,"0,5796104472","0,1753895528","0,7238831341","0,2026168659",ADD,HIGH,Додати в маршрут
Іспанія,Ротенбург,ротенбург,CITY,1,0,1,"0,7305577921","0,15","0,7691673376","0,195",ADD,HIGH,Додати в маршрут
Іспанія,Салоу,салоу,CITY,1,0,1,"0,7086866892","0,1663133108","0,7626060068","0,1998939932",ADD,HIGH,Додати в маршрут
Іспанія,Санремо,санремо,CITY,1,0,1,"0,6646127964","0,2103872036","0,7493838389","0,2131161611",ADD,HIGH,Додати в маршрут
Іспанія,Страсбург,страсбург,CITY,1,0,1,"0,7276769803","0,15","0,7683030941","0,195",ADD,HIGH,Додати в маршрут
Іспанія,Таубері,таубері,CITY,1,0,1,"0,7268159849","0,15","0,7680447955","0,195",ADD,HIGH,Додати в маршрут
Іспанія,Турин,турин,CITY,1,0,1,"0,7094475897","0,1655524104","0,7628342769","0,1996657231",ADD,HIGH,Додати в маршрут
Іспанія,Узбережжя Соsта Вrаvа,узбережжя costa brava,OTHER,1,0,1,"0,8586866892","0,01631331078","0,9576060068","0,004893993233",ADD,HIGH,Додати в маршрут
Іспанія,Цюрих,цюрих,CITY,1,0,1,"0,7205323991","0,154467601","0,7661597197","0,1963402803",ADD,HIGH,Додати в маршрут
Іспанія,Цюріх,цюріх,CITY,1,0,1,"0,6448420222","0,15","0,7434526067","0,195",ADD,HIGH,Додати в маршрут
Іспанія,Швейцарська Рів Єра,швейцарська рів єра,OTHER,1,0,1,"0,8843592559",0,"0,9653077768",0,ADD,HIGH,Додати в маршрут
Італія,Альберобелло,альберобелло,CITY,1,0,1,"0,6995231132","0,1754768869","0,7598569339","0,2026430661",ADD,HIGH,Додати в маршрут
Італія,Амальфітанське Узбережжя,амальфітанське узбережжя,OTHER,1,0,1,"0,8356256689","0,0393743311","0,9506877007","0,01181229933",ADD,HIGH,Додати в маршрут
Італія,Антиб,антиб,CITY,1,0,1,"0,6870594534","0,1879405466","0,756117836","0,206382164",ADD,HIGH,Додати в маршрут
Італія,Ареццо,ареццо,CITY,1,0,1,"0,720057799","0,154942201","0,7660173397","0,1964826603",ADD,HIGH,Додати в маршрут
Італія,Бенедетто,бенедетто,CITY,1,0,1,"0,6995231132","0,1754768869","0,7598569339","0,2026430661",ADD,HIGH,Додати в маршрут
Італія,Берн,берн,CITY,1,0,1,"0,6739573556","0,15","0,7521872067","0,195",ADD,HIGH,Додати в маршрут
Італія,Брешія,брешія,CITY,1,0,1,"0,7244424361","0,150557564","0,7673327308","0,1951672692",ADD,HIGH,Додати в маршрут
Італія,Брйс*,брйс*,CITY,1,0,1,"0,6891411992","0,1858588009","0,7567423597","0,2057576403",ADD,HIGH,Додати в маршрут
Італія,Брно,брно,CITY,1,0,1,"0,7158671213","0,1591328787","0,7647601364","0,1977398636",ADD,HIGH,Додати в маршрут
Італія,В Яреджо,в яреджо,CITY,1,0,1,"0,7196113239","0,1553886762","0,7658833972","0,1966166028",ADD,HIGH,Додати в маршрут
Італія,Верона*,верона*,CITY,1,0,1,"0,6891411992","0,1858588009","0,7567423597","0,2057576403",ADD,HIGH,Додати в маршрут
Італія,Версаль,версаль,CITY,1,0,1,"0,7188799665","0,1561200335","0,7656639899","0,1968360101",ADD,HIGH,Додати в маршрут
Італія,Вольтерра,вольтерра,CITY,1,0,1,"0,720057799","0,154942201","0,7660173397","0,1964826603",ADD,HIGH,Додати в маршрут
Італія,Вроцлав,вроцлав,CITY,1,0,1,"0,6732765614","0,1642234386","0,7519829684","0,1992670316",ADD,HIGH,Додати в маршрут
Італія,Віченца,віченца,CITY,1,0,1,"0,7244424361","0,150557564","0,7673327308","0,1951672692",ADD,HIGH,Додати в маршрут
Італія,Гарда,гарда,CITY,1,0,1,"0,6860743629","0,1889256371","0,7558223089","0,2066776911",ADD,HIGH,Додати в маршрут
Італія,Гарда*,гарда*,CITY,1,0,1,"0,6891411992","0,1858588009","0,7567423597","0,2057576403",ADD,HIGH,Додати в маршрут
Італія,Гора Паганелла,гора паганелла,OTHER,1,0,1,"0,8478106528","0,0271893472","0,9543431958","0,00815680416",ADD,HIGH,Додати в маршрут
Італія,Гравіна,гравіна,CITY,1,0,1,"0,7141508769","0,1608491232","0,7642452631","0,1982547369",ADD,HIGH,Додати в маршрут
Італія,Дольчеаква,дольчеаква,CITY,1,0,1,"0,6712017749","0,2037982252","0,7513605325","0,2111394675",ADD,HIGH,Додати в маршрут
Італія,Дрезден,дрезден,CITY,1,0,1,"0,6325487889","0,1732204418","0,7397646367","0,2019661325",ADD,HIGH,Додати в маршрут
Італія,Діснейденд,діснейденд,OTHER,1,0,1,"0,8506221639","0,02437783608","0,9551866492","0,007313350823",ADD,HIGH,Додати в маршрут
Італія,Діснейленд,діснейленд,OTHER,1,0,1,"0,8661144854","0,008885514561","0,9598343456","0,002665654368",ADD,HIGH,Додати в маршрут
Італія,Егералок,егералок,CITY,1,0,1,"0,7198450765","0,1551549235","0,765953523","0,196546477",ADD,HIGH,Додати в маршрут
Італія,Замок Мірамаре,замок мірамаре,OTHER,1,0,1,"0,8495231132","0,02547688685","0,9548569339","0,007643066055",ADD,HIGH,Додати в маршрут
Італія,Карло,карло,CITY,1,0,1,"0,6863454211","0,1886545789","0,7559036263","0,2065963737",ADD,HIGH,Додати в маршрут
Італія,Катанія,катанія,CITY,1,0,1,"0,6781862526","0,1968137474","0,7534558758","0,2090441242",ADD,HIGH,Додати в маршрут
Італія,Кортона,кортона,CITY,1,0,1,"0,720057799","0,154942201","0,7660173397","0,1964826603",ADD,HIGH,Додати в маршрут
Італія,Курорт Ріміні,курорт ріміні,CITY,1,0,1,"0,6845268392","0,1904731608","0,7553580518","0,2071419482",ADD,HIGH,Додати в маршрут
Італія,Львів Будапешт Венеція Мілан Бергамо Верона Львів,львів будапешт венеція мілан бергамо верона львів,CITY,1,0,1,"0,6548688392","0,2201311608","0,7464606518","0,2160393482",ADD,HIGH,Додати в маршрут
Італія,Львів Будапешт Венеція Рим Флоренція Піза Ужгорож Львів,львів будапешт венеція рим флоренція піза ужгорож львів,CITY,1,0,1,"0,639398715","0,235601285","0,7418196145","0,2206803855",ADD,HIGH,Додати в маршрут
Італія,Люцерн,люцерн,CITY,1,0,1,"0,6924600443","0,1501075232","0,7577380133","0,195032257",ADD,HIGH,Додати в маршрут
Італія,Лідо Ді Езоло,лідо ді езоло,CITY,1,0,1,"0,7101649498","0,1648350502","0,7630494849","0,1994505151",ADD,HIGH,Додати в маршрут
Італія,Маргеріта,маргеріта,CITY,1,0,1,"0,6712017749","0,2037982252","0,7513605325","0,2111394675",ADD,HIGH,Додати в маршрут
Італія,Марібор,марібор,CITY,1,0,1,"0,7157267271","0,1592732729","0,7647180181","0,1977819819",ADD,HIGH,Додати в маршрут
Італія,Монреале,монреале,CITY,1,0,1,"0,6781862526","0,1968137474","0,7534558758","0,2090441242",ADD,HIGH,Додати в маршрут
Італія,Монте,монте,CITY,1,0,1,"0,6863454211","0,1886545789","0,7559036263","0,2065963737",ADD,HIGH,Додати в маршрут
Італія,Монтепульчано,монтепульчано,CITY,1,0,1,"0,7136955191","0,161304481","0,7641086557","0,1983913443",ADD,HIGH,Додати в маршрут
Італія,Мурано,мурано,CITY,1,0,1,"0,6637626451","0,2112373549","0,7491287935","0,2133712065",ADD,HIGH,Додати в маршрут
Італія,Мініато,мініато,CITY,1,0,1,"0,720057799","0,154942201","0,7660173397","0,1964826603",ADD,HIGH,Додати в маршрут
Італія,Мірамаре,мірамаре,CITY,1,0,1,"0,7475891742","0,15","0,7742767523","0,195",ADD,HIGH,Додати в маршрут
Італія,Надьканіжа,надьканіжа,CITY,1,0,1,"0,7157267271","0,1592732729","0,7647180181","0,1977819819",ADD,HIGH,Додати в маршрут
Італія,Нормандія,нормандія,OTHER,1,0,1,"0,7031564432","0,02184355681","0,910946933","0,006553067044",ADD,HIGH,Додати в маршрут
Італія,О Капрі,о капрі,CITY,1,0,1,"0,7141508769","0,1608491232","0,7642452631","0,1982547369",ADD,HIGH,Додати в маршрут
Італія,О Комо,о комо,CITY,1,0,1,"0,7475891742","0,15","0,7742767523","0,195",ADD,HIGH,Додати в маршрут
Італія,О Сицилія,о сицилія,CITY,1,0,1,"0,6781862526","0,1968137474","0,7534558758","0,2090441242",ADD,HIGH,Додати в маршрут
Італія,Оз Браес,оз браес,CITY,1,0,1,"0,684904887","0,1900951131","0,7554714661","0,2070285339",ADD,HIGH,Додати в маршрут
Італія,Оз Браєс,оз браєс,CITY,1,0,1,"0,6860743629","0,1889256371","0,7558223089","0,2066776911",ADD,HIGH,Додати в маршрут
Італія,Озеро Браес,озеро браес,OTHER,1,0,1,"0,866506719","0,008493281025","0,9599520157","0,002547984308",ADD,HIGH,Додати в маршрут
Італія,Озеро Маджоре,озеро маджоре,OTHER,1,0,1,"0,8495231132","0,02547688685","0,9548569339","0,007643066055",ADD,HIGH,Додати в маршрут
Італія,Озеро Мізуріна,озеро мізуріна,OTHER,1,0,1,"0,866506719","0,008493281025","0,9599520157","0,002547984308",ADD,HIGH,Додати в маршрут
Італія,Орлеан,орлеан,CITY,1,0,1,"0,7180744641","0,1569255359","0,7654223392","0,1970776608",ADD,HIGH,Додати в маршрут
Італія,П Єнца,п єнца,CITY,1,0,1,"0,720057799","0,154942201","0,7660173397","0,1964826603",ADD,HIGH,Додати в маршрут
Італія,Падуя*,падуя*,CITY,1,0,1,"0,6891411992","0,1858588009","0,7567423597","0,2057576403",ADD,HIGH,Додати в маршрут
Італія,Палермо,палермо,CITY,1,0,1,"0,6781862526","0,1968137474","0,7534558758","0,2090441242",ADD,HIGH,Додати в маршрут
Італія,Парк Розваг Гардаленд,парк розваг гардаленд,OTHER,1,0,1,"0,8718993397","0,003100660325","0,9615698019","0,0009301980975",ADD,HIGH,Додати в маршрут
Італія,Парма,парма,CITY,1,0,1,"0,7244424361","0,150557564","0,7673327308","0,1951672692",ADD,HIGH,Додати в маршрут
Італія,Порторож,порторож,CITY,1,0,1,"0,6781862526","0,1968137474","0,7534558758","0,2090441242",ADD,HIGH,Додати в маршрут
Італія,Прованс,прованс,CITY,1,0,1,"0,7157267271","0,1592732729","0,7647180181","0,1977819819",ADD,HIGH,Додати в маршрут
Італія,Пулья,пулья,CITY,1,0,1,"0,7141508769","0,1608491232","0,7642452631","0,1982547369",ADD,HIGH,Додати в маршрут
Італія,Піран,піран,CITY,1,0,1,"0,6781862526","0,1968137474","0,7534558758","0,2090441242",ADD,HIGH,Додати в маршрут
Італія,Рейнський Водоспад,рейнський водоспад,OTHER,1,0,1,"0,7721091769","0,002890823119","0,9316327531","0,0008672469356",ADD,HIGH,Додати в маршрут
Італія,Ремо,ремо,CITY,1,0,1,"0,6898549924","0,1851450077","0,7569564977","0,2055435023",ADD,HIGH,Додати в маршрут
Італія,Рів Єра Ді Уліссе,рів єра ді уліссe,OTHER,1,0,1,"0,8356256689","0,0393743311","0,9506877007","0,01181229933",ADD,HIGH,Додати в маршрут
Італія,Ріва,ріва,CITY,1,0,1,"0,6860743629","0,1889256371","0,7558223089","0,2066776911",ADD,HIGH,Додати в маршрут
Італія,Сан Джиміньяно,сан джиміньяно,CITY,1,0,1,"0,6845268392","0,1904731608","0,7553580518","0,2071419482",ADD,HIGH,Додати в маршрут
Італія,Санд Дона Ді П Яве,санд дона ді п яве,CITY,1,0,1,"0,6393198052","0,2356801948","0,7417959416","0,2207040584",ADD,HIGH,Додати в маршрут
Італія,Санта,санта,CITY,1,0,1,"0,6712017749","0,2037982252","0,7513605325","0,2111394675",ADD,HIGH,Додати в маршрут
Італія,Санта Маргарита,санта маргарита,CITY,1,0,1,"0,7244424361","0,150557564","0,7673327308","0,1951672692",ADD,HIGH,Додати в маршрут
Італія,Санта Маргаріта,санта маргаріта,CITY,1,0,1,"0,6995231132","0,1754768869","0,7598569339","0,2026430661",ADD,HIGH,Додати в маршрут
Італія,Санта Маргеріта,санта маргеріта,CITY,1,0,1,"0,7475891742","0,15","0,7742767523","0,195",ADD,HIGH,Додати в маршрут
Італія,Сперлонга,сперлонга,CITY,1,0,1,"0,6856256689","0,1893743311","0,7556877007","0,2068122993",ADD,HIGH,Додати в маршрут
Італія,Сіракузи,сіракузи,CITY,1,0,1,"0,6781862526","0,1968137474","0,7534558758","0,2090441242",ADD,HIGH,Додати в маршрут
Італія,Таорміна,таорміна,CITY,1,0,1,"0,6781862526","0,1968137474","0,7534558758","0,2090441242",ADD,HIGH,Додати в маршрут
Італія,Террачіна,террачіна,CITY,1,0,1,"0,6856256689","0,1893743311","0,7556877007","0,2068122993",ADD,HIGH,Додати в маршрут
Італія,Токай,токай,CITY,1,0,1,"0,7178835999","0,1571164001","0,76536508","0,19713492",ADD,HIGH,Додати в маршрут
Італія,Тоскана,тоскана,CITY,1,0,1,"0,7449824868","0,15","0,773494746","0,195",ADD,HIGH,Додати в маршрут
Італія,Тревізо,тревізо,CITY,1,0,1,"0,7244424361","0,150557564","0,7673327308","0,1951672692",ADD,HIGH,Додати в маршрут
Італія,Тронто,тронто,CITY,1,0,1,"0,6995231132","0,1754768869","0,7598569339","0,2026430661",ADD,HIGH,Додати в маршрут
Італія,Тірренське Узбережжя,тірренське узбережжя,OTHER,1,0,1,"0,7730790097","0,1019209903","0,9319237029","0,03057629709",ADD,HIGH,Додати в маршрут
Італія,Узбережжя Лігурійського Моря,узбережжя лігурійського моря,OTHER,1,0,1,"0,8212017749","0,05379822515","0,9463605325","0,01613946755",ADD,HIGH,Додати в маршрут
Італія,Ферарра,ферарра,CITY,1,0,1,"0,6995231132","0,1754768869","0,7598569339","0,2026430661",ADD,HIGH,Додати в маршрут
Італія,Цюрих,цюрих,CITY,1,0,1,"0,7205323991","0,154467601","0,7661597197","0,1963402803",ADD,HIGH,Додати в маршрут
Італія,Чоп,чоп,CITY,1,0,1,"0,7058213369","0,1691786631","0,7617464011","0,2007535989",ADD,HIGH,Додати в маршрут
Італія,Чівіта Ді Баньйореджо,чівіта ді баньйореджо,CITY,1,0,1,"0,7140398356","0,1609601644","0,7642119507","0,1982880493",ADD,HIGH,Додати в маршрут
Італія,Чівіта Ді Баньореджо,чівіта ді баньореджо,CITY,1,0,1,"0,7136955191","0,161304481","0,7641086557","0,1983913443",ADD,HIGH,Додати в маршрут
Італія,Чінкве Терре,чінкве терре,CITY,1,0,1,"0,6712017749","0,2037982252","0,7513605325","0,2111394675",ADD,HIGH,Додати в маршрут
Італія,Ін,ін,CITY,1,0,1,"0,7141508769","0,1608491232","0,7642452631","0,1982547369",ADD,HIGH,Додати в маршрут
Італія,Інсбрук,інсбрук,CITY,1,0,1,"0,7108313309","0,1641686691","0,7632493993","0,1992506007",ADD,HIGH,Додати в маршрут
Італія,Інтерлакен,інтерлакен,CITY,1,0,1,"0,6795161792","0,15","0,7538548538","0,195",ADD,HIGH,Додати в маршрут
Австрія,Амбуаз,амбуаз,CITY,1,0,1,"0,6497470186","0,2252529814","0,7449241056","0,2175758944",ADD,HIGH,Додати в маршрут
Австрія,Бамберг,бамберг,CITY,1,0,1,"0,7208915053","0,1541084947","0,7662674516","0,1962325484",ADD,HIGH,Додати в маршрут
Австрія,Берлін,берлін,CITY,1,0,1,"0,6853183385","0,1678634797","0,7555955016","0,2003590439",ADD,HIGH,Додати в маршрут
Австрія,Веве,веве,CITY,1,0,1,"0,669499748","0,205500252","0,7508499244","0,2116500756",ADD,HIGH,Додати в маршрут
Австрія,Венеція,венеція,CITY,1,0,1,"0,5434782331","0,1889475095","0,7130434699","0,2066842528",ADD,HIGH,Додати в маршрут
Австрія,Вроцлав,вроцлав,CITY,1,0,1,"0,6732765614","0,1642234386","0,7519829684","0,1992670316",ADD,HIGH,Додати в маршрут
Австрія,Вышеград,вышеград,CITY,1,0,1,"0,6660872864","0,2089127136","0,7498261859","0,2126738141",ADD,HIGH,Додати в маршрут
Австрія,Довиль,довиль,CITY,1,0,1,"0,6920434663","0,1829565338","0,7576130399","0,2048869601",ADD,HIGH,Додати в маршрут
Австрія,Долина Красунь,долина красунь,OTHER,1,0,1,"0,8593451587","0,01565484128","0,9578035476","0,004696452383",ADD,HIGH,Додати в маршрут
Австрія,Дрезден,дрезден,CITY,1,0,1,"0,6325487889","0,1732204418","0,7397646367","0,2019661325",ADD,HIGH,Додати в маршрут
Австрія,Катовіце,катовіце,CITY,1,0,1,"0,6927618752","0,1822381248","0,7578285626","0,2046714374",ADD,HIGH,Додати в маршрут
Австрія,Кежмарок,кежмарок,CITY,1,0,1,"0,7107983649","0,1642016351","0,7632395095","0,1992604905",ADD,HIGH,Додати в маршрут
Австрія,Кошице,кошице,CITY,1,0,1,"0,7107983649","0,1642016351","0,7632395095","0,1992604905",ADD,HIGH,Додати в маршрут
Австрія,Куфштайн,куфштайн,CITY,1,0,1,"0,7057052823","0,1692947177","0,7617115847","0,2007884153",ADD,HIGH,Додати в маршрут
Австрія,Лозанна,лозанна,CITY,1,0,1,"0,707894615","0,167105385","0,7623683845","0,2001316155",ADD,HIGH,Додати в маршрут
Австрія,Львів Ужгород Будапешт Відень Будапешт Ужгород Львів,львів ужгород будапешт відень будапешт ужгород львів,CITY,1,0,1,"0,6679500679","0,2070499321","0,7503850204","0,2121149796",ADD,HIGH,Додати в маршрут
Австрія,Львів Ужгород Відень Будапешт Львів,львів ужгород відень будапешт львів,CITY,1,0,1,"0,6556897923","0,2193102077","0,7467069377","0,2157930623",ADD,HIGH,Додати в маршрут
Австрія,Львів Ужгород Відень Зальцкаммергут Мельк Будапешт Ужгород Львів,львів ужгород відень зальцкаммергут мельк будапешт ужгород львів,CITY,1,0,1,"0,6482650862","0,2267349138","0,7444795259","0,2180204741",ADD,HIGH,Додати в маршрут
Австрія,Львів Ужгород Прага Брно Відень Будапешт,львів ужгород прага брно відень будапешт,CITY,1,0,1,"0,6425349507","0,2324650494","0,7427604852","0,2197395148",ADD,HIGH,Додати в маршрут
Австрія,Любляна,любляна,CITY,1,0,1,"0,6432988906","0,1685432147","0,7429896672","0,2005629644",ADD,HIGH,Додати в маршрут
Австрія,Лінц,лінц,CITY,1,0,1,"0,7057052823","0,1692947177","0,7617115847","0,2007884153",ADD,HIGH,Додати в маршрут
Австрія,Монтре,монтре,CITY,1,0,1,"0,7270276273","0,15","0,7681082882","0,195",ADD,HIGH,Додати в маршрут
Австрія,Нюрнберг,нюрнберг,CITY,1,0,1,"0,7153662193","0,1596337807","0,7646098658","0,1978901342",ADD,HIGH,Додати в маршрут
Австрія,Онфлер,онфлер,CITY,1,0,1,"0,7002140253","0,1747859747","0,7600642076","0,2024357924",ADD,HIGH,Додати в маршрут
Австрія,Париж,париж,CITY,1,0,1,"0,6774769481","0,1627404432","0,7532430844","0,198822133",ADD,HIGH,Додати в маршрут
Австрія,Попрад,попрад,CITY,1,0,1,"0,7107983649","0,1642016351","0,7632395095","0,1992604905",ADD,HIGH,Додати в маршрут
Австрія,Потсдам,потсдам,CITY,1,0,1,"0,6873265728","0,1876734272","0,7561979718","0,2063020282",ADD,HIGH,Додати в маршрут
Австрія,Руан,руан,CITY,1,0,1,"0,6759917981","0,1590082019","0,7527975394","0,1977024606",ADD,HIGH,Додати в маршрут
Австрія,Руст,руст,CITY,1,0,1,"0,7215134122","0,1534865878","0,7664540237","0,1960459763",ADD,HIGH,Додати в маршрут
Австрія,Тапольца,тапольца,CITY,1,0,1,"0,7011325097","0,1738674903","0,7603397529","0,2021602471",ADD,HIGH,Додати в маршрут
Австрія,Тарнув,тарнув,CITY,1,0,1,"0,70268532","0,17231468","0,760805596","0,201694404",ADD,HIGH,Додати в маршрут
Австрія,Токай,токай,CITY,1,0,1,"0,7178835999","0,1571164001","0,76536508","0,19713492",ADD,HIGH,Додати в маршрут
Австрія,Трентіно,трентіно,CITY,1,0,1,"0,6929383275","0,1820616725","0,7578814983","0,2046185018",ADD,HIGH,Додати в маршрут
Австрія,Трувиль,трувиль,CITY,1,0,1,"0,6920434663","0,1829565338","0,7576130399","0,2048869601",ADD,HIGH,Додати в маршрут
Австрія,Чешський,чешський,CITY,1,0,1,"0,6729375491","0,2020624509","0,7518812647","0,2106187353",ADD,HIGH,Додати в маршрут
Австрія,Чоп,чоп,CITY,1,0,1,"0,7058213369","0,1691786631","0,7617464011","0,2007535989",ADD,HIGH,Додати в маршрут
Австрія,Шамбор,шамбор,CITY,1,0,1,"0,6497470186","0,2252529814","0,7449241056","0,2175758944",ADD,HIGH,Додати в маршрут
Австрія,Штернберк,штернберк,CITY,1,0,1,"0,6729375491","0,2020624509","0,7518812647","0,2106187353",ADD,HIGH,Додати в маршрут
Австрія,Ярослав,ярослав,CITY,1,0,1,"0,6992107563","0,1757892437","0,7597632269","0,2027367731",ADD,HIGH,Додати в маршрут
Албанія,Берат,берат,CITY,1,0,1,"0,6343318056","0,2406681944","0,7402995417","0,2222004583",ADD,HIGH,Додати в маршрут
Албанія,Бутрінті,бутрінті,CITY,1,0,1,"0,6326960612","0,2423039388","0,7398088184","0,2226911816",ADD,HIGH,Додати в маршрут
Албанія,Варна,варна,CITY,1,0,1,"0,7282665503","0,15","0,7684799651","0,195",ADD,HIGH,Додати в маршрут
Албанія,Керкіра,керкіра,CITY,1,0,1,"0,6326960612","0,2423039388","0,7398088184","0,2226911816",ADD,HIGH,Додати в маршрут
Албанія,Корфу,корфу,CITY,1,0,1,"0,7236230769","0,1513769232","0,7670869231","0,1954130769",ADD,HIGH,Додати в маршрут
Албанія,Ксаміль,ксаміль,CITY,1,0,1,"0,7236230769","0,1513769232","0,7670869231","0,1954130769",ADD,HIGH,Додати в маршрут
Албанія,Метеори,метеори,CITY,1,0,1,"0,6635360415","0,2114639585","0,7490608124","0,2134391876",ADD,HIGH,Додати в маршрут
Албанія,Мукачево,мукачево,CITY,1,0,1,"0,5268480045","0,1981519955","0,7080544014","0,2094455986",ADD,HIGH,Додати в маршрут
Албанія,Несебр,несебр,CITY,1,0,1,"0,7282665503","0,15","0,7684799651","0,195",ADD,HIGH,Додати в маршрут
Албанія,Парга,парга,CITY,1,0,1,"0,6326960612","0,2423039388","0,7398088184","0,2226911816",ADD,HIGH,Додати в маршрут
Албанія,Русе,русе,CITY,1,0,1,"0,7264507172","0,15","0,7679352152","0,195",ADD,HIGH,Додати в маршрут
Албанія,Санданскі,санданскі,CITY,1,0,1,"0,6926564942","0,1823435059","0,7577969482","0,2047030518",ADD,HIGH,Додати в маршрут
Албанія,Софія,софія,CITY,1,0,1,"0,7015656408","0,1734343592","0,7604696922","0,2020303078",ADD,HIGH,Додати в маршрут
Албанія,Стамбул,стамбул,CITY,1,0,1,"0,5000315276","0,1749684724","0,7000094583","0,2024905417",ADD,HIGH,Додати в маршрут
Албанія,Тірана,тірана,CITY,1,0,1,"0,6439744584","0,2310255416","0,7431923375","0,2193076625",ADD,HIGH,Додати в маршрут
Албанія,Ігуменіца,ігуменіца,CITY,1,0,1,"0,7236230769","0,1513769232","0,7670869231","0,1954130769",ADD,HIGH,Додати в маршрут
Бельгія,Аахен,аахен,CITY,1,0,1,"0,7248074083","0,1501925917","0,7674422225","0,1950577775",ADD,HIGH,Додати в маршрут
Бельгія,Гаага,гаага,CITY,1,0,1,"0,6343663843","0,177475721","0,7403099153","0,2032427163",ADD,HIGH,Додати в маршрут
Бельгія,Делфт,делфт,CITY,1,0,1,"0,6996477161","0,1753522839","0,7598943148","0,2026056852",ADD,HIGH,Додати в маршрут
Бельгія,Дрезден,дрезден,CITY,1,0,1,"0,6325487889","0,1732204418","0,7397646367","0,2019661325",ADD,HIGH,Додати в маршрут
Бельгія,Ерфурт,ерфурт,CITY,1,0,1,"0,7244029789","0,1505970211","0,7673208937","0,1951791063",ADD,HIGH,Додати в маршрут
Бельгія,Замок Вартбург,замок вартбург,OTHER,1,0,1,"0,8839017111",0,"0,9651705133",0,ADD,HIGH,Додати в маршрут
Бельгія,Кекенхоф,кекенхоф,CITY,1,0,1,"0,6959868268","0,1790131732","0,7587960481","0,203703952",ADD,HIGH,Додати в маршрут
Бельгія,Кельн,кельн,CITY,1,0,1,"0,7212172969","0,1537827031","0,7663651891","0,1961348109",ADD,HIGH,Додати в маршрут
Бельгія,Левен,левен,CITY,1,0,1,"0,7339017111","0,15","0,7701705133","0,195",ADD,HIGH,Додати в маршрут
Бельгія,Мехелен,мехелен,CITY,1,0,1,"0,7339017111","0,15","0,7701705133","0,195",ADD,HIGH,Додати в маршрут
Бельгія,Париж,париж,CITY,1,0,1,"0,6774769481","0,1627404432","0,7532430844","0,198822133",ADD,HIGH,Додати в маршрут
Бельгія,Прага,прага,CITY,1,0,1,"0,6411578719","0,1655494452","0,7423473616","0,1996648336",ADD,HIGH,Додати в маршрут
Бельгія,Роттердам,роттердам,CITY,1,0,1,"0,6929584417","0,1820415583","0,7578875325","0,2046124675",ADD,HIGH,Додати в маршрут
Бельгія,Трир,трир,CITY,1,0,1,"0,722908421","0,152091579","0,7668725263","0,1956274737",ADD,HIGH,Додати в маршрут
Бельгія,Трір,трір,CITY,1,0,1,"0,7346725913","0,15","0,7704017774","0,195",ADD,HIGH,Додати в маршрут
Болгарія,Белград,белград,CITY,1,0,1,"0,6894243621","0,1855756379","0,7568273086","0,2056726914",ADD,HIGH,Додати в маршрут
Болгарія,Велико Тирново,велико тирново,CITY,1,0,1,"0,7240800739","0,1509199261","0,7672240222","0,1952759778",ADD,HIGH,Додати в маршрут
Болгарія,Жабляк,жабляк,CITY,1,0,1,"0,6521225703","0,2228774298","0,7456367711","0,2168632289",ADD,HIGH,Додати в маршрут
Болгарія,Котор,котор,CITY,1,0,1,"0,6577368806","0,2172631194","0,7473210642","0,2151789358",ADD,HIGH,Додати в маршрут
Болгарія,Круя,круя,CITY,1,0,1,"0,6483150798","0,2266849202","0,744494524","0,218005476",ADD,HIGH,Додати в маршрут
Болгарія,Львів,львів,CITY,1,0,1,"0,5042565542","0,1799484667","0,7012769663","0,20398454",ADD,HIGH,Додати в маршрут
Болгарія,Охрид,охрид,CITY,1,0,1,"0,6799589273","0,1950410727","0,7539876782","0,2085123218",ADD,HIGH,Додати в маршрут
Болгарія,Пераст,пераст,CITY,1,0,1,"0,6369124688","0,2380875312","0,7410737406","0,2214262594",ADD,HIGH,Додати в маршрут
Болгарія,Пловдив,пловдив,CITY,1,0,1,"0,7301587092","0,15","0,7690476128","0,195",ADD,HIGH,Додати в маршрут
Болгарія,Подгориця,подгориця,CITY,1,0,1,"0,6521225703","0,2228774298","0,7456367711","0,2168632289",ADD,HIGH,Додати в маршрут
Болгарія,Русе,русе,CITY,1,0,1,"0,7264507172","0,15","0,7679352152","0,195",ADD,HIGH,Додати в маршрут
Болгарія,Свети Наум,свети наум,CITY,1,0,1,"0,6521225703","0,2228774298","0,7456367711","0,2168632289",ADD,HIGH,Додати в маршрут
Болгарія,Скоп Е,скоп е,CITY,1,0,1,"0,6521225703","0,2228774298","0,7456367711","0,2168632289",ADD,HIGH,Додати в маршрут
Болгарія,Скоп Є,скоп є,CITY,1,0,1,"0,6964190646","0,1785809354","0,7589257194","0,2035742806",ADD,HIGH,Додати в маршрут
Болгарія,Софія,софія,CITY,1,0,1,"0,7015656408","0,1734343592","0,7604696922","0,2020303078",ADD,HIGH,Додати в маршрут
Болгарія,Стамбул,стамбул,CITY,1,0,1,"0,5000315276","0,1749684724","0,7000094583","0,2024905417",ADD,HIGH,Додати в маршрут
Болгарія,Тиват,тиват,CITY,1,0,1,"0,6521225703","0,2228774298","0,7456367711","0,2168632289",ADD,HIGH,Додати в маршрут
Болгарія,Тирана,тирана,CITY,1,0,1,"0,6778014325","0,1971985675","0,7533404298","0,2091595703",ADD,HIGH,Додати в маршрут
Греція,Арголіда,арголіда,CITY,1,0,1,"0,700363644","0,174636356","0,7601090932","0,2023909068",ADD,HIGH,Додати в маршрут
Греція,Афітос,афітос,CITY,1,0,1,"0,6363138758","0,2386861242","0,7408941627","0,2216058373",ADD,HIGH,Додати в маршрут
Греція,Бухарест,бухарест,CITY,1,0,1,"0,5367880186","0,1782119814","0,7110364056","0,2034635944",ADD,HIGH,Додати в маршрут
Греція,Велико Тирново,велико тирново,CITY,1,0,1,"0,7240800739","0,1509199261","0,7672240222","0,1952759778",ADD,HIGH,Додати в маршрут
Греція,Вергина,вергина,CITY,1,0,1,"0,682748292","0,192251708","0,7548244876","0,2076755124",ADD,HIGH,Додати в маршрут
Греція,Дельфи,дельфи,CITY,1,0,1,"0,700363644","0,174636356","0,7601090932","0,2023909068",ADD,HIGH,Додати в маршрут
Греція,Едесса,едесса,CITY,1,0,1,"0,6363138758","0,2386861242","0,7408941627","0,2216058373",ADD,HIGH,Додати в маршрут
Греція,Кавала,кавала,CITY,1,0,1,"0,7356062085","0,15","0,7706818626","0,195",ADD,HIGH,Додати в маршрут
Греція,Каламбака,каламбака,CITY,1,0,1,"0,6338672429","0,2411327571","0,7401601729","0,2223398271",ADD,HIGH,Додати в маршрут
Греція,Каньйон Матка,каньйон матка,OTHER,1,0,1,"0,832748292","0,04225170803","0,9498244876","0,01267551241",ADD,HIGH,Додати в маршрут
Греція,Катеріні,катеріні,CITY,1,0,1,"0,6306484718","0,2443515282","0,7391945415","0,2233054585",ADD,HIGH,Додати в маршрут
Греція,Лутра,лутра,CITY,1,0,1,"0,6382309335","0,2367690665","0,7414692801","0,2210307199",ADD,HIGH,Додати в маршрут
Греція,Метеори*,метеори*,CITY,1,0,1,"0,6306484718","0,2443515282","0,7391945415","0,2233054585",ADD,HIGH,Додати в маршрут
Греція,Неа,неа,CITY,1,0,1,"0,6363138758","0,2386861242","0,7408941627","0,2216058373",ADD,HIGH,Додати в маршрут
Греція,О Скіатос*,о скіатос*,CITY,1,0,1,"0,6306484718","0,2443515282","0,7391945415","0,2233054585",ADD,HIGH,Додати в маршрут
Греція,Озеро Вуліагмені,озеро вуліагмені,OTHER,1,0,1,"0,850363644","0,02463635603","0,9551090932","0,007390906808",ADD,HIGH,Додати в маршрут
Греція,Охрид,охрид,CITY,1,0,1,"0,6799589273","0,1950410727","0,7539876782","0,2085123218",ADD,HIGH,Додати в маршрут
Греція,Охридське Озеро,охридське озеро,OTHER,1,0,1,"0,832748292","0,04225170803","0,9498244876","0,01267551241",ADD,HIGH,Додати в маршрут
Греція,Паралія,паралія,CITY,1,0,1,"0,6306484718","0,2443515282","0,7391945415","0,2233054585",ADD,HIGH,Додати в маршрут
Греція,Потідея,потідея,CITY,1,0,1,"0,6363138758","0,2386861242","0,7408941627","0,2216058373",ADD,HIGH,Додати в маршрут
Греція,Пієрія,пієрія,CITY,1,0,1,"0,6338672429","0,2411327571","0,7401601729","0,2223398271",ADD,HIGH,Додати в маршрут
Греція,Русе,русе,CITY,1,0,1,"0,7264507172","0,15","0,7679352152","0,195",ADD,HIGH,Додати в маршрут
Греція,Салоніки*,салоніки*,CITY,1,0,1,"0,6306484718","0,2443515282","0,7391945415","0,2233054585",ADD,HIGH,Додати в маршрут
Греція,Санданскі,санданскі,CITY,1,0,1,"0,6926564942","0,1823435059","0,7577969482","0,2047030518",ADD,HIGH,Додати в маршрут
Греція,Святі Метеори,святі метеори,CITY,1,0,1,"0,682748292","0,192251708","0,7548244876","0,2076755124",ADD,HIGH,Додати в маршрут
Греція,Скіафос,скіафос,CITY,1,0,1,"0,6408852605","0,2341147395","0,7422655782","0,2202344218",ADD,HIGH,Додати в маршрут
Греція,Софія,софія,CITY,1,0,1,"0,7015656408","0,1734343592","0,7604696922","0,2020303078",ADD,HIGH,Додати в маршрут
Греція,Узбережжя Егейського Моря,узбережжя егейського моря,OTHER,1,0,1,"0,7908852605","0,08411473948","0,9372655782","0,02523442184",ADD,HIGH,Додати в маршрут
Данія,Гданськ,гданськ,CITY,1,0,1,"0,5542810363","0,1873856303","0,7162843109","0,2062156891",ADD,HIGH,Додати в маршрут
Данія,Гетеборг,гетеборг,CITY,1,0,1,"0,717588414","0,157411586","0,7652765242","0,1972234758",ADD,HIGH,Додати в маршрут
Данія,Замки Данії,замки данії,OTHER,1,0,1,"0,8881743738",0,"0,9664523121",0,ADD,HIGH,Додати в маршрут
Данія,Копенгаген,копенгаген,CITY,1,0,1,"0,5690221544","0,1859778456","0,7207066463","0,2057933537",ADD,HIGH,Додати в маршрут
Данія,Львів,львів,CITY,1,0,1,"0,5042565542","0,1799484667","0,7012769663","0,20398454",ADD,HIGH,Додати в маршрут
Данія,Мальме,мальме,CITY,1,0,1,"0,4465710888","0,1884289112","0,6839713266","0,2065286734",ADD,HIGH,Додати в маршрут
Данія,Осло,осло,CITY,1,0,1,"0,5369924516","0,1880075484","0,7110977355","0,2064022645",ADD,HIGH,Додати в маршрут
Данія,Стокгольм,стокгольм,CITY,1,0,1,"0,4960527364","0,194331879","0,6988158209","0,2082995637",ADD,HIGH,Додати в маршрут
Естонія,Вільнюс,вільнюс,CITY,1,0,1,"0,4570964837","0,1779035163","0,6871289451","0,2033710549",ADD,HIGH,Додати в маршрут
Естонія,Гельсінкі,гельсінкі,CITY,1,0,1,"0,7062164499","0,1687835501","0,761864935","0,200635065",ADD,HIGH,Додати в маршрут
Естонія,Каунас,каунас,CITY,1,0,1,"0,1020350077","0,1729649923","0,5806105023","0,2018894977",ADD,HIGH,Додати в маршрут
Естонія,Львів,львів,CITY,1,0,1,"0,5042565542","0,1799484667","0,7012769663","0,20398454",ADD,HIGH,Додати в маршрут
Естонія,Львів Таллінн Стокгольм Рига Львів,львів таллінн стокгольм рига львів,CITY,1,0,1,"0,6409956133","0,2340043867","0,742298684","0,220201316",ADD,HIGH,Додати в маршрут
Естонія,Люблін,люблін,CITY,1,0,1,"0,691104358","0,183895642","0,7573313074","0,2051686926",ADD,HIGH,Додати в маршрут
Литва,Таллін,таллін,CITY,1,0,1,"0,6855876481","0,1894123519","0,7556762944","0,2068237056",ADD,HIGH,Додати в маршрут
Молдова,Кишинів,кишинів,CITY,1,0,1,"0,7243564073","0,1506435927","0,7673069222","0,1951930778",ADD,HIGH,Додати в маршрут
Молдова,Стамбул,стамбул,CITY,1,0,1,"0,5000315276","0,1749684724","0,7000094583","0,2024905417",ADD,HIGH,Додати в маршрут
Молдова,Хинчешти,хинчешти,CITY,1,0,1,"0,7243564073","0,1506435927","0,7673069222","0,1951930778",ADD,HIGH,Додати в маршрут
Молдова,Ясси,ясси,CITY,1,0,1,"0,7243564073","0,1506435927","0,7673069222","0,1951930778",ADD,HIGH,Додати в маршрут
Молдова,Ізмаїл,ізмаїл,CITY,1,0,1,"0,6637558347","0,2112441653","0,7491267504","0,2133732496",ADD,HIGH,Додати в маршрут
Норвегія,Дворец Фредериксборг Замок Кронборг,дворец фредериксборг замок кронборг,OTHER,1,0,1,"0,8515956968","0,02340430323","0,955478709","0,007021290968",ADD,HIGH,Додати в маршрут
Норвегія,Рига,рига,CITY,1,0,1,"0,4936030151","0,1967816003","0,6980809045","0,2090344801",ADD,HIGH,Додати в маршрут
Норвегія,Сопот,сопот,CITY,1,0,1,"0,7251217659","0,15","0,7675365298","0,195",ADD,HIGH,Додати в маршрут
Норвегія,Таллінн,таллінн,CITY,1,0,1,"0,5507568146","0,1742431854","0,7152270444","0,2022729556",ADD,HIGH,Додати в маршрут
Норвегія,Юрмала,юрмала,CITY,1,0,1,"0,6968527591","0,1781472409","0,7590558277","0,2034441723",ADD,HIGH,Додати в маршрут
Нідерланди,Аахен,аахен,CITY,1,0,1,"0,7248074083","0,1501925917","0,7674422225","0,1950577775",ADD,HIGH,Додати в маршрут
Нідерланди,Айзенах,айзенах,CITY,1,0,1,"0,7326667363","0,15","0,7698000209","0,195",ADD,HIGH,Додати в маршрут
Нідерланди,Бергамо,бергамо,CITY,1,0,1,"0,719112614","0,155887386","0,7657337842","0,1967662158",ADD,HIGH,Додати в маршрут
Нідерланди,Бон,бон,CITY,1,0,1,"0,732881819","0,15","0,7698645457","0,195",ADD,HIGH,Додати в маршрут
Нідерланди,Брюль,брюль,CITY,1,0,1,"0,7124891635","0,1625108365","0,7637467491","0,198753251",ADD,HIGH,Додати в маршрут
Нідерланди,Будапешт,будапешт,CITY,1,0,1,"0,5712832273","0,1862342552","0,7213849682","0,2058702766",ADD,HIGH,Додати в маршрут
Нідерланди,Бурано,бурано,CITY,1,0,1,"0,08515037576","0,2565162909","0,5755451127","0,2269548873",ADD,HIGH,Додати в маршрут
Нідерланди,Варшава Е,варшава e,CITY,1,0,1,"0,710787258","0,164212742","0,7632361774","0,1992638226",ADD,HIGH,Додати в маршрут
Нідерланди,Венеція,венеція,CITY,1,0,1,"0,5434782331","0,1889475095","0,7130434699","0,2066842528",ADD,HIGH,Додати в маршрут
Нідерланди,Гамельн,гамельн,CITY,1,0,1,"0,7054225401","0,1695774599","0,761626762","0,200873238",ADD,HIGH,Додати в маршрут
Нідерланди,Гарц,гарц,CITY,1,0,1,"0,7185720464","0,1564279536","0,7655716139","0,1969283861",ADD,HIGH,Додати в маршрут
Нідерланди,Діснейленд,діснейленд,OTHER,1,0,1,"0,8661144854","0,008885514561","0,9598343456","0,002665654368",ADD,HIGH,Додати в маршрут
Нідерланди,Ерфурт,ерфурт,CITY,1,0,1,"0,7244029789","0,1505970211","0,7673208937","0,1951791063",ADD,HIGH,Додати в маршрут
Нідерланди,Кведлінбург,кведлінбург,CITY,1,0,1,"0,7185720464","0,1564279536","0,7655716139","0,1969283861",ADD,HIGH,Додати в маршрут
Нідерланди,Кекенхоф,кекенхоф,CITY,1,0,1,"0,6959868268","0,1790131732","0,7587960481","0,203703952",ADD,HIGH,Додати в маршрут
Нідерланди,Койкенхоф,койкенхоф,CITY,1,0,1,"0,7042930292","0,1707069708","0,7612879088","0,2012120912",ADD,HIGH,Додати в маршрут
Нідерланди,Кольмар,кольмар,CITY,1,0,1,"0,7303906009","0,15","0,7691171803","0,195",ADD,HIGH,Додати в маршрут
Нідерланди,Маастріхт,маастріхт,CITY,1,0,1,"0,7073129282","0,1676870718","0,7621938785","0,2003061215",ADD,HIGH,Додати в маршрут
Нідерланди,Мец,мец,CITY,1,0,1,"0,7453339016","0,15","0,7736001705","0,195",ADD,HIGH,Додати в маршрут
Нідерланди,Мурано,мурано,CITY,1,0,1,"0,6637626451","0,2112373549","0,7491287935","0,2133712065",ADD,HIGH,Додати в маршрут
Нідерланди,Мілан,мілан,CITY,1,0,1,"0,5922410541","0,1736680369","0,7276723162","0,2021004111",ADD,HIGH,Додати в маршрут
Нідерланди,Нормандія,нормандія,OTHER,1,0,1,"0,7031564432","0,02184355681","0,910946933","0,006553067044",ADD,HIGH,Додати в маршрут
Нідерланди,Нюрнберг,нюрнберг,CITY,1,0,1,"0,7153662193","0,1596337807","0,7646098658","0,1978901342",ADD,HIGH,Додати в маршрут
Нідерланди,Озеро Комо,озеро комо,OTHER,1,0,1,"0,7667497825","0,01594252521","0,9300249347","0,004782757563",ADD,HIGH,Додати в маршрут
Нідерланди,Парк Мадуродам,парк мадуродам,OTHER,1,0,1,"0,8685720464","0,006427953575","0,9605716139","0,001928386073",ADD,HIGH,Додати в маршрут
Нідерланди,Потсдам,потсдам,CITY,1,0,1,"0,6873265728","0,1876734272","0,7561979718","0,2063020282",ADD,HIGH,Додати в маршрут
Нідерланди,Ротердам,ротердам,CITY,1,0,1,"0,6965703172","0,1784296828","0,7589710952","0,2035289048",ADD,HIGH,Додати в маршрут
Нідерланди,Саксонська Швейцарія,саксонська швейцарія,OTHER,1,0,1,"0,6910877737","0,01248365484","0,9073263321","0,003745096453",ADD,HIGH,Додати в маршрут
Нідерланди,Саксонську Швейцарію,саксонську швейцарію,OTHER,1,0,1,"0,8836393269",0,"0,9650917981",0,ADD,HIGH,Додати в маршрут
Нідерланди,Страсбург,страсбург,CITY,1,0,1,"0,7276769803","0,15","0,7683030941","0,195",ADD,HIGH,Додати в маршрут
Нідерланди,Схевіненген,схевіненген,CITY,1,0,1,"0,6965703172","0,1784296828","0,7589710952","0,2035289048",ADD,HIGH,Додати в маршрут
Нідерланди,Трір,трір,CITY,1,0,1,"0,7346725913","0,15","0,7704017774","0,195",ADD,HIGH,Додати в маршрут
Німеччина,Tropical Islands Resort,tropical islands resort,OTHER,1,0,1,"0,7970191988","0,0779808012","0,9391057596","0,02339424036",ADD,HIGH,Додати в маршрут
Німеччина,Аквапарк Тrорісаl Іslаnd,аквапарк tropical island,OTHER,1,0,1,"0,7925652569","0,08243474308","0,9377695771","0,02473042292",ADD,HIGH,Додати в маршрут
Німеччина,Бамберг,бамберг,CITY,1,0,1,"0,7208915053","0,1541084947","0,7662674516","0,1962325484",ADD,HIGH,Додати в маршрут
Німеччина,Брно,брно,CITY,1,0,1,"0,7158671213","0,1591328787","0,7647601364","0,1977398636",ADD,HIGH,Додати в маршрут
Німеччина,Біллунд,біллунд,CITY,1,0,1,"0,6956439956","0,1793560044","0,7586931987","0,2038068013",ADD,HIGH,Додати в маршрут
Німеччина,Гаага,гаага,CITY,1,0,1,"0,6343663843","0,177475721","0,7403099153","0,2032427163",ADD,HIGH,Додати в маршрут
Німеччина,Гамбург,гамбург,CITY,1,0,1,"0,6986681063","0,1763318937","0,7596004319","0,2028995681",ADD,HIGH,Додати в маршрут
Німеччина,Ганновер,ганновер,CITY,1,0,1,"0,6978018245","0,1771981755","0,7593405474","0,2031594527",ADD,HIGH,Додати в маршрут
Німеччина,Делфт,делфт,CITY,1,0,1,"0,6996477161","0,1753522839","0,7598943148","0,2026056852",ADD,HIGH,Додати в маршрут
Німеччина,Дюссельдорф,дюссельдорф,CITY,1,0,1,"0,6909069903","0,1840930097","0,7572720971","0,2052279029",ADD,HIGH,Додати в маршрут
Німеччина,Егер,егер,CITY,1,0,1,"0,6563490578","0,1862185098","0,7469047173","0,2058655529",ADD,HIGH,Додати в маршрут
Німеччина,Замок Нойшванштайн,замок нойшванштайн,OTHER,1,0,1,"0,8749509712","0,00004902876875","0,9624852914","0,00001470863063",ADD,HIGH,Додати в маршрут
Німеччина,Кекенхоф,кекенхоф,CITY,1,0,1,"0,6959868268","0,1790131732","0,7587960481","0,203703952",ADD,HIGH,Додати в маршрут
Німеччина,Кельн,кельн,CITY,1,0,1,"0,7212172969","0,1537827031","0,7663651891","0,1961348109",ADD,HIGH,Додати в маршрут
Німеччина,Лейден,лейден,CITY,1,0,1,"0,6914614584","0,1835385416","0,7574384375","0,2050615625",ADD,HIGH,Додати в маршрут
Німеччина,Львів Краків Берлін Амстердам Заансе Сханс Волендам Прага Брно Львів,львів краків берлін амстердам заансе сханс волендам прага брно львів,CITY,1,0,1,"0,649932211","0,225067789","0,7449796633","0,2175203367",ADD,HIGH,Додати в маршрут
Німеччина,Люксембург,люксембург,COUNTRY,1,0,1,"0,730573456",0,"0,7691720368",0,ADD,HIGH,Додати в маршрут
Німеччина,Нюрнберг,нюрнберг,CITY,1,0,1,"0,7153662193","0,1596337807","0,7646098658","0,1978901342",ADD,HIGH,Додати в маршрут
Німеччина,Роттердам,роттердам,CITY,1,0,1,"0,6929584417","0,1820415583","0,7578875325","0,2046124675",ADD,HIGH,Додати в маршрут
Німеччина,Саксонська Швейцарія,саксонська швейцарія,OTHER,1,0,1,"0,6910877737","0,01248365484","0,9073263321","0,003745096453",ADD,HIGH,Додати в маршрут
Німеччина,Трир,трир,CITY,1,0,1,"0,722908421","0,152091579","0,7668725263","0,1956274737",ADD,HIGH,Додати в маршрут
Німеччина,Целле,целле,CITY,1,0,1,"0,6956439956","0,1793560044","0,7586931987","0,2038068013",ADD,HIGH,Додати в маршрут
Німеччина,Чеський Крумлов,чеський крумлов,CITY,1,0,1,"0,709870485","0,165129515","0,7629611455","0,1995388545",ADD,HIGH,Додати в маршрут
Польща,Варшава,варшава,CITY,1,0,1,"0,7141328693","0,1608671307","0,7642398608","0,1982601392",ADD,HIGH,Додати в маршрут
Польща,Велічка,велічка,CITY,1,0,1,"0,7067336229","0,1682663771","0,7620200869","0,2004799131",ADD,HIGH,Додати в маршрут
Польща,Гдиня,гдиня,CITY,1,0,1,"0,6","0,3111140009","0,73","0,2433342003",ADD,HIGH,Додати в маршрут
Польща,Егерсалок,егерсалок,CITY,1,0,1,"0,6983955896","0,1766044104","0,7595186769","0,2029813231",ADD,HIGH,Додати в маршрут
Польща,Енерджіландія,енерджіландія,CITY,1,0,1,"0,6722168188","0,2027831812","0,7516650456","0,2108349544",ADD,HIGH,Додати в маршрут
Польща,Карлскруна,карлскруна,CITY,1,0,1,"0,6","0,3111140009","0,73","0,2433342003",ADD,HIGH,Додати в маршрут
Польща,Львів Вроцлав Берлін Амстердам Прага Краків Львів,львів вроцлав берлін амстердам прага краків львів,CITY,1,0,1,"0,6470142847","0,2279857154","0,7441042854","0,2183957146",ADD,HIGH,Додати в маршрут
Польща,Львів Вроцлав Берлін Париж Діснейленд Прага Краків Львів,львів вроцлав берлін париж діснейленд прага краків львів,OTHER,1,0,1,"0,8109251215","0,06407487855","0,9432775364","0,01922246357",ADD,HIGH,Додати в маршрут
Польща,Львів Вроцлав Дрезден Париж Довіль Трювіль Прага Краків Львів,львів вроцлав дрезден париж довіль трювіль прага краків львів,CITY,1,0,1,"0,6488090552","0,2261909449","0,7446427165","0,2178572835",ADD,HIGH,Додати в маршрут
Польща,Львів Краків Нюрнберг Бамберг Париж Трювіль Діснейленд Страсбург Кольмар Зальцбург Зальцкаммергут Егер Львів,львів краків нюрнберг бамберг париж трювіль діснейленд страсбург кольмар зальцбург зальцкаммергут егер львів,OTHER,1,0,1,"0,7974497029","0,0775502971","0,9392349109","0,02326508913",ADD,HIGH,Додати в маршрут
Польща,Львів Краків Прага Відень Будапешт Львів,львів краків прага відень будапешт львів,CITY,1,0,1,"0,697481216","0,177518784","0,7592443648","0,2032556352",ADD,HIGH,Додати в маршрут
Польща,Львів Краків Прага Дрезден Львів,львів краків прага дрезден львів,CITY,1,0,1,"0,6448746913","0,2301253087","0,7434624074","0,2190375926",ADD,HIGH,Додати в маршрут
Польща,Львів Люблін Таллін Стокгольм Рига Юрмала Львів,львів люблін таллін стокгольм рига юрмала львів,CITY,1,0,1,"0,6787043791","0,1962956209","0,7536113137","0,2088886863",ADD,HIGH,Додати в маршрут
Польща,Майсен,майсен,CITY,1,0,1,"0,7144158367","0,1605841633","0,764324751","0,198175249",ADD,HIGH,Додати в маршрут
Польща,Освенцим,освенцим,CITY,1,0,1,"0,7013876028","0,1736123973","0,7604162808","0,2020837192",ADD,HIGH,Додати в маршрут
Польща,Согнефьорд,согнефьорд,CITY,1,0,1,"0,6","0,3111140009","0,73","0,2433342003",ADD,HIGH,Додати в маршрут
Польща,Флам,флам,CITY,1,0,1,"0,6","0,3111140009","0,73","0,2433342003",ADD,HIGH,Додати в маршрут
Португалія,Андорра,андорра,COUNTRY,1,0,1,"0,6822953864","0,04270461363","0,7546886159","0,01281138409",ADD,HIGH,Додати в маршрут
Португалія,Аннесі,аннесі,CITY,1,0,1,"0,7564558998","0,15","0,7769367699","0,195",ADD,HIGH,Додати в маршрут
Португалія,Ансі,ансі,CITY,1,0,1,"0,7446616723","0,15","0,7733985017","0,195",ADD,HIGH,Додати в маршрут
Португалія,Аркашон,аркашон,CITY,1,0,1,"0,7383599509","0,15","0,7715079853","0,195",ADD,HIGH,Додати в маршрут
Португалія,Берн,берн,CITY,1,0,1,"0,6739573556","0,15","0,7521872067","0,195",ADD,HIGH,Додати в маршрут
Португалія,Бордо,бордо,CITY,1,0,1,"0,7360580827","0,15","0,7708174248","0,195",ADD,HIGH,Додати в маршрут
Португалія,Брно,брно,CITY,1,0,1,"0,7158671213","0,1591328787","0,7647601364","0,1977398636",ADD,HIGH,Додати в маршрут
Португалія,Більбао,більбао,CITY,1,0,1,"0,7543337738","0,15","0,7763001321","0,195",ADD,HIGH,Додати в маршрут
Португалія,Верона,верона,CITY,1,0,1,"0,4539755457","0,1977686404","0,6861926637","0,2093305921",ADD,HIGH,Додати в маршрут
Португалія,Гайдельберґ,гайдельберґ,CITY,1,0,1,"0,7543337738","0,15","0,7763001321","0,195",ADD,HIGH,Додати в маршрут
Португалія,Довіль,довіль,CITY,1,0,1,"0,7167575655","0,1582424345","0,7650272696","0,1974727304",ADD,HIGH,Додати в маршрут
Португалія,Евора,евора,CITY,1,0,1,"0,7543337738","0,15","0,7763001321","0,195",ADD,HIGH,Додати в маршрут
Португалія,Егер,егер,CITY,1,0,1,"0,6563490578","0,1862185098","0,7469047173","0,2058655529",ADD,HIGH,Додати в маршрут
Португалія,Ерфурт,ерфурт,CITY,1,0,1,"0,7244029789","0,1505970211","0,7673208937","0,1951791063",ADD,HIGH,Додати в маршрут
Португалія,Канни,канни,CITY,1,0,1,"0,5861099158","0,1965823919","0,7258329747","0,2089747176",ADD,HIGH,Додати в маршрут
Португалія,Каркассонн,каркассонн,CITY,1,0,1,"0,7543337738","0,15","0,7763001321","0,195",ADD,HIGH,Додати в маршрут
Португалія,Компостела,компостела,CITY,1,0,1,"0,7543337738","0,15","0,7763001321","0,195",ADD,HIGH,Додати в маршрут
Португалія,Коїмбра,коїмбра,CITY,1,0,1,"0,7543337738","0,15","0,7763001321","0,195",ADD,HIGH,Додати в маршрут
Португалія,Лурд,лурд,CITY,1,0,1,"0,7543337738","0,15","0,7763001321","0,195",ADD,HIGH,Додати в маршрут
Португалія,Любляна,любляна,CITY,1,0,1,"0,6432988906","0,1685432147","0,7429896672","0,2005629644",ADD,HIGH,Додати в маршрут
Португалія,Ліссабон,ліссабон,CITY,1,0,1,"0,7383599509","0,15","0,7715079853","0,195",ADD,HIGH,Додати в маршрут
Португалія,Мон Сен Мішель,мон сен мішель,CITY,1,0,1,"0,4792154452","0,1557845548","0,6937646336","0,1967353664",ADD,HIGH,Додати в маршрут
Португалія,Монако,монако,COUNTRY,1,0,1,"0,6164725976","0,03995597381","0,7349417793","0,01198679214",ADD,HIGH,Додати в маршрут
Португалія,Монсеррат,монсеррат,CITY,1,0,1,"0,7008497374","0,1741502626","0,7602549212","0,2022450788",ADD,HIGH,Додати в маршрут
Португалія,Монтре,монтре,CITY,1,0,1,"0,7270276273","0,15","0,7681082882","0,195",ADD,HIGH,Додати в маршрут
Португалія,Назаре,назаре,CITY,1,0,1,"0,7383599509","0,15","0,7715079853","0,195",ADD,HIGH,Додати в маршрут
Португалія,Нарбонн,нарбонн,CITY,1,0,1,"0,7543337738","0,15","0,7763001321","0,195",ADD,HIGH,Додати в маршрут
Португалія,Ніцца,ніцца,CITY,1,0,1,"0,5873331363","0,1929300216","0,7261999409","0,2078790065",ADD,HIGH,Додати в маршрут
Португалія,Озеро Блед,озеро блед,OTHER,1,0,1,"0,6059491063","0,02905089371","0,8817847319","0,008715268113",ADD,HIGH,Додати в маршрут
Португалія,Озеро Гарда,озеро гарда,OTHER,1,0,1,"0,5938593574","0,04114064258","0,8781578072","0,01234219277",ADD,HIGH,Додати в маршрут
Португалія,Онфлер,онфлер,CITY,1,0,1,"0,7002140253","0,1747859747","0,7600642076","0,2024357924",ADD,HIGH,Додати в маршрут
Португалія,Прага,прага,CITY,1,0,1,"0,6411578719","0,1655494452","0,7423473616","0,1996648336",ADD,HIGH,Додати в маршрут
Португалія,Ротенбург,ротенбург,CITY,1,0,1,"0,7305577921","0,15","0,7691673376","0,195",ADD,HIGH,Додати в маршрут
Португалія,Руан,руан,CITY,1,0,1,"0,6759917981","0,1590082019","0,7527975394","0,1977024606",ADD,HIGH,Додати в маршрут
Португалія,Сантьяго,сантьяго,CITY,1,0,1,"0,7543337738","0,15","0,7763001321","0,195",ADD,HIGH,Додати в маршрут
Португалія,Себастьян,себастьян,CITY,1,0,1,"0,7543337738","0,15","0,7763001321","0,195",ADD,HIGH,Додати в маршрут
Португалія,Сен Мало,сен мало,CITY,1,0,1,"0,4804770406","0,1545229594","0,6941431122","0,1963568878",ADD,HIGH,Додати в маршрут
Португалія,Страсбург,страсбург,CITY,1,0,1,"0,7276769803","0,15","0,7683030941","0,195",ADD,HIGH,Додати в маршрут
Португалія,Таубері,таубері,CITY,1,0,1,"0,7268159849","0,15","0,7680447955","0,195",ADD,HIGH,Додати в маршрут
Португалія,Трувіль,трувіль,CITY,1,0,1,"0,7383599509","0,15","0,7715079853","0,195",ADD,HIGH,Додати в маршрут
Португалія,Цюрих,цюрих,CITY,1,0,1,"0,7205323991","0,154467601","0,7661597197","0,1963402803",ADD,HIGH,Додати в маршрут
Португалія,Інтерлакен,інтерлакен,CITY,1,0,1,"0,6795161792","0,15","0,7538548538","0,195",ADD,HIGH,Додати в маршрут
Північна Македонія,Львів Мукачево Скоп Є Каньйон Матка Охрид Мукачево Львів,львів мукачево скоп є каньйон матка охрид мукачево львів,OTHER,1,0,1,"0,8111931818","0,06380681818","0,9433579545","0,01914204545",ADD,HIGH,Додати в маршрут
Румунія,Алба,алба,CITY,1,0,1,"0,7591239466","0,15","0,777737184","0,195",ADD,HIGH,Додати в маршрут
Румунія,Альба,альба,CITY,1,0,1,"0,733430452","0,15","0,7700291356","0,195",ADD,HIGH,Додати в маршрут
Румунія,Б Єртан,б єртан,CITY,1,0,1,"0,7591239466","0,15","0,777737184","0,195",ADD,HIGH,Додати в маршрут
Румунія,Бейле Фелікс,бейле фелікс,CITY,1,0,1,"0,733430452","0,15","0,7700291356","0,195",ADD,HIGH,Додати в маршрут
Румунія,Бузеу,бузеу,CITY,1,0,1,"0,7004765949","0,1745234052","0,7601429785","0,2023570215",ADD,HIGH,Додати в маршрут
Румунія,Клуж,клуж,CITY,1,0,1,"0,733430452","0,15","0,7700291356","0,195",ADD,HIGH,Додати в маршрут
Румунія,Львів Мукачево Турда Сігішоара Брашов Мукачево Львів,львів мукачево турда сігішоара брашов мукачево львів,CITY,1,0,1,"0,6516666667","0,2233333333","0,7455","0,217",ADD,HIGH,Додати в маршрут
Румунія,Львів Чернівці Брашов Бухарест Чернівці Львів,львів чернівці брашов бухарест чернівці львів,CITY,1,0,1,"0,6791136854","0,1958863147","0,7537341056","0,2087658944",ADD,HIGH,Додати в маршрут
Румунія,Львів Чернівці Брашов Сігішоара Чернівці Львів,львів чернівці брашов сігішоара чернівці львів,CITY,1,0,1,"0,6759375","0,1990625","0,75278125","0,20971875",ADD,HIGH,Додати в маршрут
Румунія,Напока,напока,CITY,1,0,1,"0,733430452","0,15","0,7700291356","0,195",ADD,HIGH,Додати в маршрут
Румунія,Орадя,орадя,CITY,1,0,1,"0,733430452","0,15","0,7700291356","0,195",ADD,HIGH,Додати в маршрут
Румунія,Пояна,пояна,CITY,1,0,1,"0,7591239466","0,15","0,777737184","0,195",ADD,HIGH,Додати в маршрут
Румунія,Трансфегераш,трансфегераш,CITY,1,0,1,"0,7591239466","0,15","0,777737184","0,195",ADD,HIGH,Додати в маршрут
Румунія,Турда,турда,CITY,1,0,1,"0,733430452","0,15","0,7700291356","0,195",ADD,HIGH,Додати в маршрут
Румунія,Франківськ,франківськ,CITY,1,0,1,"0,6791136854","0,1958863147","0,7537341056","0,2087658944",ADD,HIGH,Додати в маршрут
Румунія,Івано,івано,CITY,1,0,1,"0,6791136854","0,1958863147","0,7537341056","0,2087658944",ADD,HIGH,Додати в маршрут
Словаччина,Буковина Татранська,буковина татранська,CITY,1,0,1,"0,7197303922","0,1552696079","0,7659191176","0,1965808824",ADD,HIGH,Додати в маршрут
Словаччина,Закопане,закопане,CITY,1,0,1,"0,2663234354","0,1723129282","0,6298970306","0,2016938785",ADD,HIGH,Додати в маршрут
Словаччина,Кежмарок,кежмарок,CITY,1,0,1,"0,7107983649","0,1642016351","0,7632395095","0,1992604905",ADD,HIGH,Додати в маршрут
Словаччина,Кошице,кошице,CITY,1,0,1,"0,7107983649","0,1642016351","0,7632395095","0,1992604905",ADD,HIGH,Додати в маршрут
Словаччина,Львів,львів,CITY,1,0,1,"0,5042565542","0,1799484667","0,7012769663","0,20398454",ADD,HIGH,Додати в маршрут
Словаччина,Попрад,попрад,CITY,1,0,1,"0,7107983649","0,1642016351","0,7632395095","0,1992604905",ADD,HIGH,Додати в маршрут
Словаччина,Прешов,прешов,CITY,1,0,1,"0,7197303922","0,1552696079","0,7659191176","0,1965808824",ADD,HIGH,Додати в маршрут
Словаччина,Татранська Ломниця,татранська ломниця,CITY,1,0,1,"0,7197303922","0,1552696079","0,7659191176","0,1965808824",ADD,HIGH,Додати в маршрут
Словаччина,Ясна,ясна,CITY,1,0,1,"0,7197303922","0,1552696079","0,7659191176","0,1965808824",ADD,HIGH,Додати в маршрут
Угорщина,Барселона,барселона,CITY,1,0,1,"0,6298813035","0,190573242","0,738964391","0,2071719726",ADD,HIGH,Додати в маршрут
Угорщина,Блед,блед,CITY,1,0,1,"0,706314627","0,168685373","0,7618943881","0,2006056119",ADD,HIGH,Додати в маршрут
Угорщина,Больцано,больцано,CITY,1,0,1,"0,7007780282","0,1742219718","0,7602334085","0,2022665915",ADD,HIGH,Додати в маршрут
Угорщина,Вишеград,вишеград,CITY,1,0,1,"0,7321222277","0,15","0,7696366683","0,195",ADD,HIGH,Додати в маршрут
Угорщина,Відень Оз Балатон,відень оз балатон,CITY,1,0,1,"0,7321222277","0,15","0,7696366683","0,195",ADD,HIGH,Додати в маршрут
Угорщина,Відень Оз Балатон Хевіз,відень оз балатон хевіз,CITY,1,0,1,"0,6168533179","0,2581466821","0,7350559954","0,2274440046",ADD,HIGH,Додати в маршрут
Угорщина,Долина Красунь,долина красунь,OTHER,1,0,1,"0,8593451587","0,01565484128","0,9578035476","0,004696452383",ADD,HIGH,Додати в маршрут
Угорщина,Егерсалок,егерсалок,CITY,1,0,1,"0,6983955896","0,1766044104","0,7595186769","0,2029813231",ADD,HIGH,Додати в маршрут
Угорщина,Естергом,естергом,CITY,1,0,1,"0,6957663308","0,1792336692","0,7587298992","0,2037701008",ADD,HIGH,Додати в маршрут
Угорщина,Зальцбург,зальцбург,CITY,1,0,1,"0,6542090454","0,1559260897","0,7462627136","0,1967778269",ADD,HIGH,Додати в маршрут
Угорщина,Зальцкаммергут,зальцкаммергут,CITY,1,0,1,"0,7213647045","0,1536352955","0,7664094114","0,1960905886",ADD,HIGH,Додати в маршрут
Угорщина,Київ,київ,CITY,1,0,1,"0,0576852813","0,2173147187","0,5673055844","0,2151944156",ADD,HIGH,Додати в маршрут
Угорщина,Краків,краків,CITY,1,0,1,"0,6594794274","0,167198425","0,7478438282","0,2001595275",ADD,HIGH,Додати в маршрут
Угорщина,Львів Будапешт Венеція Лідо Ді Єзоло Верона Падуя Любляна Блед Львів,львів будапешт венеція лідо ді єзоло верона падуя любляна блед львів,CITY,1,0,1,"0,64992382","0,22507618","0,744977146","0,217522854",ADD,HIGH,Додати в маршрут
Угорщина,Львів Будапешт Венеція Мілан Рим Неаполь Флоренція Піза Львів,львів будапешт венеція мілан рим неаполь флоренція піза львів,CITY,1,0,1,"0,651390915","0,223609085","0,7454172745","0,2170827255",ADD,HIGH,Додати в маршрут
Угорщина,Львів Будапешт Венеція Рим Флоренція Піза Егер Львів,львів будапешт венеція рим флоренція піза егер львів,CITY,1,0,1,"0,7081833226","0,1668166774","0,7624549968","0,2000450032",ADD,HIGH,Додати в маршрут
Угорщина,Львів Будапешт Зальцбург Зальцкаммергут Відень Ужгород Львів,львів будапешт зальцбург зальцкаммергут відень ужгород львів,CITY,1,0,1,"0,6695466256","0,2054533745","0,7508639877","0,2116360123",ADD,HIGH,Додати в маршрут
Угорщина,Львів Венеція Мілан Цюріх Зальцбург Зальцкаммергут Львів,львів венеція мілан цюріх зальцбург зальцкаммергут львів,CITY,1,0,1,"0,6867827597","0,1882172403","0,7560348279","0,2064651721",ADD,HIGH,Додати в маршрут
Угорщина,Львів Ужгород Будапешт Сентендре Егер Львів,львів ужгород будапешт сентендре егер львів,CITY,1,0,1,"0,6417456982","0,2332543018","0,7425237095","0,2199762905",ADD,HIGH,Додати в маршрут
Угорщина,Львів Ужгород Мішкольц Тапольца Токай Кошице Попрад Ужгород Львів,львів ужгород мішкольц тапольца токай кошице попрад ужгород львів,CITY,1,0,1,"0,6206122158","0,2543877842","0,7361836647","0,2263163353",ADD,HIGH,Додати в маршрут
Угорщина,Мишкольц,мишкольц,CITY,1,0,1,"0,7321222277","0,15","0,7696366683","0,195",ADD,HIGH,Додати в маршрут
Угорщина,Ньїредьгаза,ньїредьгаза,CITY,1,0,1,"0,6957663308","0,1792336692","0,7587298992","0,2037701008",ADD,HIGH,Додати в маршрут
Угорщина,Оз Балатон Хевіз Відень,оз балатон хевіз відень,CITY,1,0,1,"0,6843253905","0,1906746096","0,7552976171","0,2072023829",ADD,HIGH,Додати в маршрут
Угорщина,Прага,прага,CITY,1,0,1,"0,6411578719","0,1655494452","0,7423473616","0,1996648336",ADD,HIGH,Додати в маршрут
Угорщина,Тренто,тренто,CITY,1,0,1,"0,6992756771","0,1757243229","0,7597827031","0,2027172969",ADD,HIGH,Додати в маршрут
Угорщина,Ужгород,ужгород,CITY,1,0,1,"0,6524246776","0,2225753224","0,7457274033","0,2167725967",ADD,HIGH,Додати в маршрут
Угорщина,Інсбрук,інсбрук,CITY,1,0,1,"0,7108313309","0,1641686691","0,7632493993","0,1992506007",ADD,HIGH,Додати в маршрут
Франція,Айзенах,айзенах,CITY,1,0,1,"0,7326667363","0,15","0,7698000209","0,195",ADD,HIGH,Додати в маршрут
Франція,Ам,ам,CITY,1,0,1,"0,7487713675","0,15","0,7746314103","0,195",ADD,HIGH,Додати в маршрут
Франція,Антіб,антіб,CITY,1,0,1,"0,7068873886","0,1681126114","0,7620662166","0,2004337834",ADD,HIGH,Додати в маршрут
Франція,Барселона,барселона,CITY,1,0,1,"0,6298813035","0,190573242","0,738964391","0,2071719726",ADD,HIGH,Додати в маршрут
Франція,Бергамо,бергамо,CITY,1,0,1,"0,719112614","0,155887386","0,7657337842","0,1967662158",ADD,HIGH,Додати в маршрут
Франція,Бордо,бордо,CITY,1,0,1,"0,7360580827","0,15","0,7708174248","0,195",ADD,HIGH,Додати в маршрут
Франція,Валансоль,валансоль,CITY,1,0,1,"0,6862134024","0,1887865976","0,7558640207","0,2066359793",ADD,HIGH,Додати в маршрут
Франція,Гаага,гаага,CITY,1,0,1,"0,6343663843","0,177475721","0,7403099153","0,2032427163",ADD,HIGH,Додати в маршрут
Франція,Гайдельберг,гайдельберг,CITY,1,0,1,"0,7428541449","0,15","0,7728562435","0,195",ADD,HIGH,Додати в маршрут
Франція,Гальштат,гальштат,CITY,1,0,1,"0,5115390882","0,1788455272","0,7034617264","0,2036536582",ADD,HIGH,Додати в маршрут
Франція,Гранвіль,гранвіль,CITY,1,0,1,"0,7518329982","0,15","0,7755498994","0,195",ADD,HIGH,Додати в маршрут
Франція,Грац,грац,CITY,1,0,1,"0,715862245","0,159137755","0,7647586735","0,1977413265",ADD,HIGH,Додати в маршрут
Франція,Делфт,делфт,CITY,1,0,1,"0,6996477161","0,1753522839","0,7598943148","0,2026056852",ADD,HIGH,Додати в маршрут
Франція,Довиль,довиль,CITY,1,0,1,"0,6920434663","0,1829565338","0,7576130399","0,2048869601",ADD,HIGH,Додати в маршрут
Франція,Дольчеаккуа,дольчеаккуа,CITY,1,0,1,"0,6866348477","0,1883651524","0,7559904543","0,2065095457",ADD,HIGH,Додати в маршрут
Франція,Дінан,дінан,CITY,1,0,1,"0,7534143341","0,15","0,7760243002","0,195",ADD,HIGH,Додати в маршрут
Франція,Женева,женева,CITY,1,0,1,"0,7365064402","0,15","0,7709519321","0,195",ADD,HIGH,Додати в маршрут
Франція,Заансе Сханс,заансе сханс,CITY,1,0,1,"0,6526086379","0,1678459076","0,7457825914","0,2003537723",ADD,HIGH,Додати в маршрут
Франція,Замок Нойшвайнштайн,замок нойшвайнштайн,OTHER,1,0,1,"0,8792348462",0,"0,9637704539",0,ADD,HIGH,Додати в маршрут
Франція,Канкаль,канкаль,CITY,1,0,1,"0,7428541449","0,15","0,7728562435","0,195",ADD,HIGH,Додати в маршрут
Франція,Круа,круа,CITY,1,0,1,"0,6862134024","0,1887865976","0,7558640207","0,2066359793",ADD,HIGH,Додати в маршрут
Франція,Кутна Гора,кутна гора,CITY,1,0,1,"0,7205115356","0,1544884644","0,7661534607","0,1963465393",ADD,HIGH,Додати в маршрут
Франція,Лазурний Берег,лазурний берег,OTHER,1,0,1,"0,8345932586","0,0404067414","0,9503779776","0,01212202242",ADD,HIGH,Додати в маршрут
Франція,Люблін,люблін,CITY,1,0,1,"0,691104358","0,183895642","0,7573313074","0,2051686926",ADD,HIGH,Додати в маршрут
Франція,Лілль,лілль,CITY,1,0,1,"0,7534143341","0,15","0,7760243002","0,195",ADD,HIGH,Додати в маршрут
Франція,Марі,марі,CITY,1,0,1,"0,6545838529","0,2204161472","0,7463751559","0,2161248441",ADD,HIGH,Додати в маршрут
Франція,Ментон,ментон,CITY,1,0,1,"0,6866348477","0,1883651524","0,7559904543","0,2065095457",ADD,HIGH,Додати в маршрут
Франція,Мец,мец,CITY,1,0,1,"0,7453339016","0,15","0,7736001705","0,195",ADD,HIGH,Додати в маршрут
Франція,Мукачево,мукачево,CITY,1,0,1,"0,5268480045","0,1981519955","0,7080544014","0,2094455986",ADD,HIGH,Додати в маршрут
Франція,Мустьє,мустьє,CITY,1,0,1,"0,6545838529","0,2204161472","0,7463751559","0,2161248441",ADD,HIGH,Додати в маршрут
Франція,Нормандія Діснейленд,нормандія діснейленд,OTHER,1,0,1,"0,8917215557",0,"0,9675164667",0,ADD,HIGH,Додати в маршрут
Франція,Озеро Гарда,озеро гарда,OTHER,1,0,1,"0,5938593574","0,04114064258","0,8781578072","0,01234219277",ADD,HIGH,Додати в маршрут
Франція,Озеро Комо,озеро комо,OTHER,1,0,1,"0,7667497825","0,01594252521","0,9300249347","0,004782757563",ADD,HIGH,Додати в маршрут
Франція,Озеро Лак,озеро лак,OTHER,1,0,1,"0,8362134024","0,03878659758","0,9508640207","0,01163597927",ADD,HIGH,Додати в маршрут
Франція,Портофіно,портофіно,CITY,1,0,1,"0,5796104472","0,1753895528","0,7238831341","0,2026168659",ADD,HIGH,Додати в маршрут
Франція,Потсдам,потсдам,CITY,1,0,1,"0,6873265728","0,1876734272","0,7561979718","0,2063020282",ADD,HIGH,Додати в маршрут
Франція,Райн,райн,CITY,1,0,1,"0,7487713675","0,15","0,7746314103","0,195",ADD,HIGH,Додати в маршрут
Франція,Реймс,реймс,CITY,1,0,1,"0,7518329982","0,15","0,7755498994","0,195",ADD,HIGH,Додати в маршрут
Франція,Рейнський Водоспад,рейнський водоспад,OTHER,1,0,1,"0,7721091769","0,002890823119","0,9316327531","0,0008672469356",ADD,HIGH,Додати в маршрут
Франція,Саксонська Швейцарія,саксонська швейцарія,OTHER,1,0,1,"0,6910877737","0,01248365484","0,9073263321","0,003745096453",ADD,HIGH,Додати в маршрут
Франція,Санремо,санремо,CITY,1,0,1,"0,6646127964","0,2103872036","0,7493838389","0,2131161611",ADD,HIGH,Додати в маршрут
Франція,Сент,сент,CITY,1,0,1,"0,6545838529","0,2204161472","0,7463751559","0,2161248441",ADD,HIGH,Додати в маршрут
Франція,Скелі Етрета,скелі етрета,CITY,1,0,1,"0,7428541449","0,15","0,7728562435","0,195",ADD,HIGH,Додати в маршрут
Франція,Таубері,таубері,CITY,1,0,1,"0,7268159849","0,15","0,7680447955","0,195",ADD,HIGH,Додати в маршрут
Франція,Тропе,тропе,CITY,1,0,1,"0,7068873886","0,1681126114","0,7620662166","0,2004337834",ADD,HIGH,Додати в маршрут
Франція,Трувиль,трувиль,CITY,1,0,1,"0,6920434663","0,1829565338","0,7576130399","0,2048869601",ADD,HIGH,Додати в маршрут
Франція,Фонтенбло,фонтенбло,CITY,1,0,1,"0,7455250209","0,15","0,7736575063","0,195",ADD,HIGH,Додати в маршрут
Франція,Чоп,чоп,CITY,1,0,1,"0,7058213369","0,1691786631","0,7617464011","0,2007535989",ADD,HIGH,Додати в маршрут
Франція,Штайн,штайн,CITY,1,0,1,"0,7487713675","0,15","0,7746314103","0,195",ADD,HIGH,Додати в маршрут
Фінляндія,Гельсінкі,гельсінкі,CITY,1,0,1,"0,7062164499","0,1687835501","0,761864935","0,200635065",ADD,HIGH,Додати в маршрут
Фінляндія,Парк Томтеленд,парк томтеленд,OTHER,1,0,1,"0,8379534205","0,03704657948","0,9513860262","0,01111397384",ADD,HIGH,Додати в маршрут
Фінляндія,Рига,рига,CITY,1,0,1,"0,4936030151","0,1967816003","0,6980809045","0,2090344801",ADD,HIGH,Додати в маршрут
Фінляндія,Рованіем,рованіем,CITY,1,0,1,"0,6879534205","0,1870465795","0,7563860262","0,2061139738",ADD,HIGH,Додати в маршрут
Фінляндія,Рованіемі,рованіемі,CITY,1,0,1,"0,7154485429","0,1595514571","0,7646345629","0,1978654371",ADD,HIGH,Додати в маршрут
Фінляндія,Санта Парк,санта парк,OTHER,1,0,1,"0,8379534205","0,03704657948","0,9513860262","0,01111397384",ADD,HIGH,Додати в маршрут
Фінляндія,Стокгольм,стокгольм,CITY,1,0,1,"0,4960527364","0,194331879","0,6988158209","0,2082995637",ADD,HIGH,Додати в маршрут
Фінляндія,Таллін,таллін,CITY,1,0,1,"0,6855876481","0,1894123519","0,7556762944","0,2068237056",ADD,HIGH,Додати в маршрут
Фінляндія,Таллінн,таллінн,CITY,1,0,1,"0,5507568146","0,1742431854","0,7152270444","0,2022729556",ADD,HIGH,Додати в маршрут
Фінляндія,Хельсінки,хельсінки,CITY,1,0,1,"0,6879534205","0,1870465795","0,7563860262","0,2061139738",ADD,HIGH,Додати в маршрут
Хорватія,Благай,благай,CITY,1,0,1,"0,7063028182","0,1686971818","0,7618908455","0,2006091545",ADD,HIGH,Додати в маршрут
Хорватія,Брела,брела,CITY,1,0,1,"0,6840925217","0,1909074784","0,7552277565","0,2072722435",ADD,HIGH,Додати в маршрут
Хорватія,Водіце,водіце,CITY,1,0,1,"0,605620507","0,269379493","0,7316861521","0,2308138479",ADD,HIGH,Додати в маршрут
Хорватія,Львів,львів,CITY,1,0,1,"0,5042565542","0,1799484667","0,7012769663","0,20398454",ADD,HIGH,Додати в маршрут
Хорватія,Любляна,любляна,CITY,1,0,1,"0,6432988906","0,1685432147","0,7429896672","0,2005629644",ADD,HIGH,Додати в маршрут
Хорватія,Меджугор Є,меджугор є,CITY,1,0,1,"0,7063028182","0,1686971818","0,7618908455","0,2006091545",ADD,HIGH,Додати в маршрут
Хорватія,Мостар,мостар,CITY,1,0,1,"0,7063028182","0,1686971818","0,7618908455","0,2006091545",ADD,HIGH,Додати в маршрут
Хорватія,Новий,новий,CITY,1,0,1,"0,7063028182","0,1686971818","0,7618908455","0,2006091545",ADD,HIGH,Додати в маршрут
Хорватія,Острови Далмації,острови далмації,CITY,1,0,1,"0,6475141179","0,2274858821","0,7442542354","0,2182457646",ADD,HIGH,Додати в маршрут
Хорватія,Охрид,охрид,CITY,1,0,1,"0,6799589273","0,1950410727","0,7539876782","0,2085123218",ADD,HIGH,Додати в маршрут
Хорватія,Свєті,свєті,CITY,1,0,1,"0,6298601897","0,2451398103","0,7389580569","0,2235419431",ADD,HIGH,Додати в маршрут
Хорватія,Скоп Є,скоп є,CITY,1,0,1,"0,6964190646","0,1785809354","0,7589257194","0,2035742806",ADD,HIGH,Додати в маршрут
Хорватія,Стефан,стефан,CITY,1,0,1,"0,6298601897","0,2451398103","0,7389580569","0,2235419431",ADD,HIGH,Додати в маршрут
Хорватія,Стон,стон,CITY,1,0,1,"0,6475141179","0,2274858821","0,7442542354","0,2182457646",ADD,HIGH,Додати в маршрут
Хорватія,Тімішоара,тімішоара,CITY,1,0,1,"0,7063028182","0,1686971818","0,7618908455","0,2006091545",ADD,HIGH,Додати в маршрут
Хорватія,Херцег,херцег,CITY,1,0,1,"0,7063028182","0,1686971818","0,7618908455","0,2006091545",ADD,HIGH,Додати в маршрут
Хорватія,Шкодер,шкодер,CITY,1,0,1,"0,6728317266","0,2021682734","0,751849518","0,210650482",ADD,HIGH,Додати в маршрут
Хорватія,Ів Пелешац,ів пелешац,CITY,1,0,1,"0,6475141179","0,2274858821","0,7442542354","0,2182457646",ADD,HIGH,Додати в маршрут
Чехія,Величка,величка,CITY,1,0,1,"0,7060084269","0,1689915731","0,7618025281","0,2006974719",ADD,HIGH,Додати в маршрут
Чехія,Велічка,велічка,CITY,1,0,1,"0,7067336229","0,1682663771","0,7620200869","0,2004799131",ADD,HIGH,Додати в маршрут
Чехія,Егер,егер,CITY,1,0,1,"0,6563490578","0,1862185098","0,7469047173","0,2058655529",ADD,HIGH,Додати в маршрут
Чехія,Київ,київ,CITY,1,0,1,"0,0576852813","0,2173147187","0,5673055844","0,2151944156",ADD,HIGH,Додати в маршрут
Чехія,Майсен,майсен,CITY,1,0,1,"0,7144158367","0,1605841633","0,764324751","0,198175249",ADD,HIGH,Додати в маршрут
Чехія,Моравський Крас,моравський крас,CITY,1,0,1,"0,7370331092","0,15","0,7711099327","0,195",ADD,HIGH,Додати в маршрут
Чехія,Мюнхен,мюнхен,CITY,1,0,1,"0,7063148635","0,1686851365","0,761894459","0,200605541",ADD,HIGH,Додати в маршрут
Чехія,Оломоуць,оломоуць,CITY,1,0,1,"0,7150254435","0,1599745566","0,764507633","0,197992367",ADD,HIGH,Додати в маршрут
Чехія,Освенцим,освенцим,CITY,1,0,1,"0,7013876028","0,1736123973","0,7604162808","0,2020837192",ADD,HIGH,Додати в маршрут
Чехія,Парк Розваг Еnеrgу Lаnd,парк розваг energy land,OTHER,1,0,1,"0,8543514518","0,02064854818","0,9563054355","0,006194564453",ADD,HIGH,Додати в маршрут
Чехія,Саксонська Швейцарія,саксонська швейцарія,OTHER,1,0,1,"0,6910877737","0,01248365484","0,9073263321","0,003745096453",ADD,HIGH,Додати в маршрут
Чехія,Турнов,турнов,CITY,1,0,1,"0,7201822221","0,1548177779","0,7660546666","0,1964453334",ADD,HIGH,Додати в маршрут
Чехія,Ульм,ульм,CITY,1,0,1,"0,7150254435","0,1599745566","0,764507633","0,197992367",ADD,HIGH,Додати в маршрут
Чехія,Чеське Будейовице,чеське будейовице,CITY,1,0,1,"0,7150254435","0,1599745566","0,764507633","0,197992367",ADD,HIGH,Додати в маршрут
Чехія,Чоп,чоп,CITY,1,0,1,"0,7058213369","0,1691786631","0,7617464011","0,2007535989",ADD,HIGH,Додати в маршрут
Чорногорія,Будванська Рив Єра,будванська рив єра,CITY,1,0,1,"0,6405769827","0,2344230174","0,7421730948","0,2203269052",ADD,HIGH,Додати в маршрут
Чорногорія,Будванськая Рів Єра,будванськая рів єра,OTHER,1,0,1,"0,8469680512","0,02803194883","0,9540904154","0,008409584648",ADD,HIGH,Додати в маршрут
Чорногорія,Свєті,свєті,CITY,1,0,1,"0,6298601897","0,2451398103","0,7389580569","0,2235419431",ADD,HIGH,Додати в маршрут
Чорногорія,Скадарске Озеро,скадарске озеро,OTHER,1,0,1,"0,788713323","0,086286677","0,9366139969","0,0258860031",ADD,HIGH,Додати в маршрут
Чорногорія,Стефан,стефан,CITY,1,0,1,"0,6298601897","0,2451398103","0,7389580569","0,2235419431",ADD,HIGH,Додати в маршрут
Чорногорія,Цетиньє,цетиньє,CITY,1,0,1,"0,6405769827","0,2344230174","0,7421730948","0,2203269052",ADD,HIGH,Додати в маршрут
Швейцарія,Беллінцона,беллінцона,CITY,1,0,1,"0,736006965","0,15","0,7708020895","0,195",ADD,HIGH,Додати в маршрут
Швейцарія,Бернський Оберланд,бернський оберланд,CITY,1,0,1,"0,724517434","0,150482566","0,7673552302","0,1951447698",ADD,HIGH,Додати в маршрут
Швейцарія,Бохня,бохня,CITY,1,0,1,"0,7181330892","0,1568669108","0,7654399268","0,1970600732",ADD,HIGH,Додати в маршрут
Швейцарія,Брієнц,брієнц,CITY,1,0,1,"0,7485723148","0,15","0,7745716944","0,195",ADD,HIGH,Додати в маршрут
Швейцарія,Верона,верона,CITY,1,0,1,"0,4539755457","0,1977686404","0,6861926637","0,2093305921",ADD,HIGH,Додати в маршрут
Швейцарія,Версаль,версаль,CITY,1,0,1,"0,7188799665","0,1561200335","0,7656639899","0,1968360101",ADD,HIGH,Додати в маршрут
Швейцарія,Вольфганг,вольфганг,CITY,1,0,1,"0,7539613282","0,15","0,7761883985","0,195",ADD,HIGH,Додати в маршрут
Швейцарія,Вюрцбург,вюрцбург,CITY,1,0,1,"0,7426251371","0,15","0,7727875411","0,195",ADD,HIGH,Додати в маршрут
Швейцарія,Гальштат,гальштат,CITY,1,0,1,"0,5115390882","0,1788455272","0,7034617264","0,2036536582",ADD,HIGH,Додати в маршрут
Швейцарія,Грац,грац,CITY,1,0,1,"0,715862245","0,159137755","0,7647586735","0,1977413265",ADD,HIGH,Додати в маршрут
Швейцарія,Гребля Верзаска,гребля верзаска,CITY,1,0,1,"0,736006965","0,15","0,7708020895","0,195",ADD,HIGH,Додати в маршрут
Швейцарія,Грюйєр,грюйєр,CITY,1,0,1,"0,736006965","0,15","0,7708020895","0,195",ADD,HIGH,Додати в маршрут
Швейцарія,Грюєр,грюєр,CITY,1,0,1,"0,7539613282","0,15","0,7761883985","0,195",ADD,HIGH,Додати в маршрут
Швейцарія,Доломитові Альпи,доломитові альпи,OTHER,1,0,1,"0,8987977239",0,"0,9696393172",0,ADD,HIGH,Додати в маршрут
Швейцарія,Дрезден,дрезден,CITY,1,0,1,"0,6325487889","0,1732204418","0,7397646367","0,2019661325",ADD,HIGH,Додати в маршрут
Швейцарія,Діснейленд,діснейленд,OTHER,1,0,1,"0,8661144854","0,008885514561","0,9598343456","0,002665654368",ADD,HIGH,Додати в маршрут
Швейцарія,Зальцбург Гальштат,зальцбург гальштат,CITY,1,0,1,"0,7473027204","0,15","0,7741908161","0,195",ADD,HIGH,Додати в маршрут
Швейцарія,Замок Нойшвайнштайн,замок нойшвайнштайн,OTHER,1,0,1,"0,8792348462",0,"0,9637704539",0,ADD,HIGH,Додати в маршрут
Швейцарія,Кани,кани,CITY,1,0,1,"0,7085082099","0,1664917902","0,762552463","0,199947537",ADD,HIGH,Додати в маршрут
Швейцарія,Клагенфурт,клагенфурт,CITY,1,0,1,"0,7164085324","0,1585914676","0,7649225597","0,1975774403",ADD,HIGH,Додати в маршрут
Швейцарія,Лозанна,лозанна,CITY,1,0,1,"0,707894615","0,167105385","0,7623683845","0,2001316155",ADD,HIGH,Додати в маршрут
Швейцарія,Ліхтейнштейн,ліхтейнштейн,CITY,1,0,1,"0,736006965","0,15","0,7708020895","0,195",ADD,HIGH,Додати в маршрут
Швейцарія,Ліхтенштейн,ліхтенштейн,COUNTRY,1,0,1,"0,735309743",0,"0,7705929229",0,ADD,HIGH,Додати в маршрут
Швейцарія,Монако,монако,COUNTRY,1,0,1,"0,6164725976","0,03995597381","0,7349417793","0,01198679214",ADD,HIGH,Додати в маршрут
Швейцарія,Мукачево,мукачево,CITY,1,0,1,"0,5268480045","0,1981519955","0,7080544014","0,2094455986",ADD,HIGH,Додати в маршрут
Швейцарія,Мулюз,мулюз,CITY,1,0,1,"0,7480452918","0,15","0,7744135875","0,195",ADD,HIGH,Додати в маршрут
Швейцарія,Мілан,мілан,CITY,1,0,1,"0,5922410541","0,1736680369","0,7276723162","0,2021004111",ADD,HIGH,Додати в маршрут
Швейцарія,Нойшванштайн,нойшванштайн,CITY,1,0,1,"0,7532926969","0,15","0,7759878091","0,195",ADD,HIGH,Додати в маршрут
Швейцарія,Ніцца,ніцца,CITY,1,0,1,"0,5873331363","0,1929300216","0,7261999409","0,2078790065",ADD,HIGH,Додати в маршрут
Швейцарія,О Майнау,о майнау,CITY,1,0,1,"0,7473027204","0,15","0,7741908161","0,195",ADD,HIGH,Додати в маршрут
Швейцарія,Озеро Комо,озеро комо,OTHER,1,0,1,"0,7667497825","0,01594252521","0,9300249347","0,004782757563",ADD,HIGH,Додати в маршрут
Швейцарія,Орлине Гніздо,орлине гніздо,CITY,1,0,1,"0,7455788855","0,15","0,7736736656","0,195",ADD,HIGH,Додати в маршрут
Швейцарія,Париж,париж,CITY,1,0,1,"0,6774769481","0,1627404432","0,7532430844","0,198822133",ADD,HIGH,Додати в маршрут
Швейцарія,Ремо,ремо,CITY,1,0,1,"0,6898549924","0,1851450077","0,7569564977","0,2055435023",ADD,HIGH,Додати в маршрут
Швейцарія,Ротенбург,ротенбург,CITY,1,0,1,"0,7305577921","0,15","0,7691673376","0,195",ADD,HIGH,Додати в маршрут
Швейцарія,Санкт,санкт,CITY,1,0,1,"0,7539613282","0,15","0,7761883985","0,195",ADD,HIGH,Додати в маршрут
Швейцарія,Таубері,таубері,CITY,1,0,1,"0,7268159849","0,15","0,7680447955","0,195",ADD,HIGH,Додати в маршрут
Швейцарія,Чоп,чоп,CITY,1,0,1,"0,7058213369","0,1691786631","0,7617464011","0,2007535989",ADD,HIGH,Додати в маршрут
Швейцарія,Шамбері,шамбері,CITY,1,0,1,"0,7532926969","0,15","0,7759878091","0,195",ADD,HIGH,Додати в маршрут
Швейцарія,Швейцарська Рів Єра,швейцарська рів єра,OTHER,1,0,1,"0,8843592559",0,"0,9653077768",0,ADD,HIGH,Додати в маршрут
Швейцарія,Ім,ім,CITY,1,0,1,"0,7539613282","0,15","0,7761883985","0,195",ADD,HIGH,Додати в маршрут
Швеція,Бремен,бремен,CITY,1,0,1,"0,701692217","0,173307783","0,7605076651","0,2019923349",ADD,HIGH,Додати в маршрут
Швеція,Вроцлав,вроцлав,CITY,1,0,1,"0,6732765614","0,1642234386","0,7519829684","0,1992670316",ADD,HIGH,Додати в маршрут
Швеція,Вільнюс,вільнюс,CITY,1,0,1,"0,4570964837","0,1779035163","0,6871289451","0,2033710549",ADD,HIGH,Додати в маршрут
Швеція,Гамбург,гамбург,CITY,1,0,1,"0,6986681063","0,1763318937","0,7596004319","0,2028995681",ADD,HIGH,Додати в маршрут
Швеція,Копенгаген,копенгаген,CITY,1,0,1,"0,5690221544","0,1859778456","0,7207066463","0,2057933537",ADD,HIGH,Додати в маршрут
Швеція,Львів Таллін Гельсінкі Стокгольм Рига Львів,львів таллін гельсінкі стокгольм рига львів,CITY,1,0,1,"0,6505336022","0,2244663979","0,7451600806","0,2173399194",ADD,HIGH,Додати в маршрут
Швеція,Любек,любек,CITY,1,0,1,"0,701692217","0,173307783","0,7605076651","0,2019923349",ADD,HIGH,Додати в маршрут
Швеція,Мальме,мальме,CITY,1,0,1,"0,4465710888","0,1884289112","0,6839713266","0,2065286734",ADD,HIGH,Додати в маршрут
Швеція,Таллін,таллін,CITY,1,0,1,"0,6855876481","0,1894123519","0,7556762944","0,2068237056",ADD,HIGH,Додати в маршрут