URL туру,Назва туру,День №,Місто / Локація,Факультативи (назва + ціна),Опис дня,Симв.
https://www.accordtour.com/tours/7495,"Три щасливих смайлика: Амстердам, Париж, Рим + Лазурове узбережжя!",1,Львів – Варшава,и бажанні групи і наявності часу. Таємниці загадкової Варшави: 18€,"Збір на Львівському залізничному вокзалі. Перетин кордону. При бажанні групи і наявності часу. Таємниці загадкової Варшави ( Дорослий: 18€ / Діти: 13€ ) Романтичне, чарівне і таємниче Старе місто Варшави запрошує в гості. Тут важко позбутися відчуття, що блукаєш десь в казці або по величезній декорації з затишними різнокольоровими будинками. Ми побачимо одну з найкрасивіших будівель, яку часто зображують на листівках Варшави. Польська кухня (дод. оплата) Можливість спробувати місцеву кухню. Вона славиться відмінним журеком, бігосом і голонкою. Польські господині чудово вміють готувати торти і ",600
https://www.accordtour.com/tours/7495,"Три щасливих смайлика: Амстердам, Париж, Рим + Лазурове узбережжя!",2,Берлін,му... У вільний час є можливість відвідати: Берлін крізь часи: 26€,"Сніданок. Виселення з готелю. Переїзд по території Німеччини Оглядова екскурсія. Екскурсія Відвертість Берліну (входить у вартість туру) Пішохідна екскурсія по одному із найдивовижніших і найяскравіших міст на землі, де сучасність і традиції доповнюють одне одного дуже гармонійно, що найкрасивіші і таємничі куточки відкриті для нас. Кожен, хто приїжджає до Берліна, так чи інакше, потрапляє під магічну чарівливість цього міста, його живого і невимушеного шарму... У вільний час є можливість відвідати: Берлін крізь часи ( Дорослий: 26€ / Діти до 12 років: 18€ ) Автобусна екскурсія з фотопаузами. ",600
https://www.accordtour.com/tours/7495,"Три щасливих смайлика: Амстердам, Париж, Рим + Лазурове узбережжя!",3,Амстердам – Кекенгоф – Заансе Сханс – Волендам,,"Ранкове прибуття в Амстердам. Млини і фламандські живописці, консервативна Гаага і вирощування тюльпанів, голландський сир і ліберальний Амстердам. Все це Нідерланди - незабутня країна, де є відпочинок і розваги на будь-який смак .... Екскурсія Скарби минулого і теперішнього Амстердаму (входить у вартість туру) Старі ""вигнуті"" будівлі, бруківка, незліченні канали, набережні, які є на 3 метри нижче рівня моря, чудові парки і плаваючі квіткові ринки створюють особливу атмосферу. Площа Дам і Королівський палац, Райксмузеум і знаменитий Будинок Рембрандта, єврейський квартал і діамантова фабрика, ",600
https://www.accordtour.com/tours/7495,"Три щасливих смайлика: Амстердам, Париж, Рим + Лазурове узбережжя!",4,Брюссель – Париж – Лувр – ріка Сена,столицю Королівства Бельгії - Брюссель Королівський Брюссель: 26€,"Сніданок. Запрошуємо відвідати чарівне і романтичне місто на семи пагорбах, збудоване в формі серця, столицю Королівства Бельгії - Брюссель Королівський Брюссель ( Дорослий: 26€ / Діти до 16 років: 21€ ) Під час екскурсії ми побачимо одну з найяскравіших пам'яток готичної архітектури і живопису країни – прогуляємося через Брюссельський парк, королівську площу, скверик ду Саблон, (скверик 48 ремесел!!!), а також королівський палац, офіційну резиденцію бельгійського монарха. На завершення зануримося в історію минулого та сучасного відомого Палацу Правосуддя, який є самою грандіозною будівлею в Є",600
https://www.accordtour.com/tours/7495,"Три щасливих смайлика: Амстердам, Париж, Рим + Лазурове узбережжя!",5,Нормандія – Діснейленд – Версаль – Монпарнас – Париж,час в Парижі. Є можливість відвідати на вибір: Все про Париж: 30€,"Сніданок. Вільний час в Парижі. Є можливість відвідати на вибір: Все про Париж ( Дорослий: 30€ / Діти до 16 років: 21€ , до 6 років: 0€ ) Автобусна екскурсія по Парижу з фотопаузами. Нас очікують: площа Конкорд, Великі та Малі палаци, будинок Інвалідів, величний Лувр, один з найкрасивіших театрів світу – Гранд Опера, церква Мадлен, парк Пале Рояль. Фотопауза на Марсовому полі - Ейфелева вежа тут як на долоні. Побачивши всю цю красу, розуміємо, що Париж – казкова скриня шедеврів, які віками створювались найвідомішими в світі архітекторами, художниками і скульпторами... і це прекрасно!!! Вежа Мо",600
https://www.accordtour.com/tours/7495,"Три щасливих смайлика: Амстердам, Париж, Рим + Лазурове узбережжя!",6,Відпочинок на лазурному березі – Ніцца – Монако,,"Зупинка на сніданок (опл. додатково). Ах, це Лазурове Узбережжя - синонім блиску, краси і нескінченого задоволення... Вільний час. Парфумерна фабрика Фрагонар (входить у вартість туру) Ми прибудемо в середньовічний Ез . Французьке містечко, що сидить на вершині скелі над півостровом Сен-Жан-Кап-Ферра - справжня перлина французького Лазурного узбережжя. Невеликий, але нескінченно затишний, з вузькими вуличками і великою кількістю квітів. З високогір'я відкриваються приголомшливі види на Лазурне узбережжя. Відвідування парфумерної фабрики Фрагонар. Нам розкажуть про історію створення ароматів і ",600
https://www.accordtour.com/tours/7495,"Три щасливих смайлика: Амстердам, Париж, Рим + Лазурове узбережжя!",7,Флоренція – Піза – Рим,,"Сніданок. Переїзд в «квітуче» місто Флоренцію. УВАГА!!! ПЕРЕСУВАННЯ ГРОМАДСЬКИМ ТРАНСПОРТОМ !!! (Квиток оплачується самостійно). Оглядова екскурсія. Екскурсія Місто італійського шарму – Флоренція (входить у вартість туру) Це місто великих майстрів, символ епохи Відродження, де жили і творили справжні генії – Мікеланджело, Челліні, Джотто. Ми побачимо геніальні шедеври архітектури – Площа Синьорії, головний флорентійський собор Санта Марія-дель-Фьорі, дзвіницю Джотто, Базиліку Санта-Кроче, усипальню великих людей Італії, старий міст Понте Веккьо із численними золотими крамничками. У вільний час",600
https://www.accordtour.com/tours/7495,"Три щасливих смайлика: Амстердам, Париж, Рим + Лазурове узбережжя!",8,Рим – Ватикан – Колізей Рим,,"Сніданок. Пересування на громадському транспорті (квитки на транспорт оплачуються додатково). Екскурсія Натхнення і захват – місто Рим! (входить у вартість туру) Нас чекає справжнє велич шедеврів архітектури, що дійшли до нас крізь глибину століть... Зовнішній огляд Колізею, Пантеону, Римського форуму, замку Святого Ангела, фонтану Треві, арки Констянтина і Капітолія – від пишноти і краси захоплює дух... І розуміємо, що Рим не таке місто, як всі інші. У нього є своя чарівність, яку важко визначити і яке належить тільки йому одному – ""Вічному Місту""... У вільний час пропонуємо відвідати на вибі",600
https://www.accordtour.com/tours/7495,"Три щасливих смайлика: Амстердам, Париж, Рим + Лазурове узбережжя!",9,Венеція – Острови Мурано та Бурано – Верона,огулянку по каналам на гондолі Таємниці венеціанських каналів: 26€,"Сніданок. Переїзд в найдивовижніше і знамените місто в світі - Королеву Адріатики - Венецію (громадський транспорт - 26€/21Є). Екскурсія Заручена з морем – Венеція! (входить у вартість туру) Серце Венеції – площа Сан-Марко, мереживний палац Дожів, церква Сан-Марко, вузькі вулички, безліч містків і каналів, прекрасні собори і розкішні кам'яні палаци – химерний і таємничий світ міста на воді! Венеція – вона підкорює з першого погляду... Додатково рекомендуємо здійснити прогулянку по каналам на гондолі Таємниці венеціанських каналів ( Дорослий: 26€ / Діти: 21€ ) здійснити прогулянку по каналам на",600
https://www.accordtour.com/tours/7495,"Три щасливих смайлика: Амстердам, Париж, Рим + Лазурове узбережжя!",10,Будапешт – Егер – Купальні Сечені – Чоп – Львів,ата) Заряд бадьорості та енергії на цілий день! Таємнича Буда: 18€; Королівський Палац! Ранкова прогулянка на кораблику по Дунаю: 30€,"Приїзд в Будапешт. У вільний час пропонуємо відвідати на вибір: Для всіх бажаючих рекомендуємо Термальні купальні графа Сечені (дод. оплата) Заряд бадьорості та енергії на цілий день! Таємнича Буда ( Дорослий: 18€ / Діти: 13€ ) Це одне із найромантичніших і старовинних куточків Будапешту... Ніби маленьке середньовічне місто з мальовничими вуличками і стародавніми будівлями... Будайська фортеця, Рибацький бастіон, Будайський Лабіринт, собор св. Матяша, пам'ятник Святій Трійці і... і сам Королівський Палац! Ранкова прогулянка на кораблику по Дунаю ( Дорослий: 30€ / Діти: 26€ ) Під час, якої ми з",600
https://www.accordtour.com/tours/636313,Мільйон посмішок... або 4 дні в Амстердамі!,1,Львів – Варшава – Лодзь – Познань,При бажанні групи і наявності часу. Варшава – місто королів: 18€,"Збір на Львівському залізничному вокзалі. Відправлення в тур. (Місце відправки: залізничний вокзал м.Львів, площа Двірцева 1) Перетин кордону. При бажанні групи і наявності часу. Варшава – місто королів ( Дорослий: 18€ / Діти: 16€ ) Чудові вулиці утворюють Королівський тракт, на сторонах якого розташовані церкви, палаци, галереї, музеї, а також одразу три королівські резиденції! Вся ця краса відбивається в річці Вісла, над якою височить символ польської столиці – Варшавська Сирена. Королівські Лазенки – Серце Варшави, найкрасивіший і найдоглянутіший парк у місті. Історія Лазенок починається з ",600
https://www.accordtour.com/tours/636313,Мільйон посмішок... або 4 дні в Амстердамі!,2,Берлін,"ях і проспектах, зможемо побачити справжнє. Берлін крізь часи: 30€","Сніданок. Переїзд в Німеччину. Екскурсія Берлін – подорож в машині часу (входить у вартість туру) Невеличка екскурсія по місту з урахуванням сприйняття маленьких мандрівників. Дітей вражає яскраве і незвичне, тому наш екскурсовод покаже найцікавіші памятники і розкаже про них. Нам може здатися, що ми переміщуємося в машині часу, тут можна потрапити в майбутнє і опинитися в минулому, а прогулюючись по шикарних вулицях і проспектах, зможемо побачити справжнє. Берлін крізь часи ( Дорослий: 30€ / Діти до 16 років: 25€ , до 6 років: 0€ ) Автобусна екскурсія з фото паузами. Запрошуємо перегорнути ст",600
https://www.accordtour.com/tours/636313,Мільйон посмішок... або 4 дні в Амстердамі!,3,Амстердам – Заансе Сханс – Волендам,,"Сніданок. Переїзд в Амстердам Оглядова екскурсія. Екскурсія Амстердам – скарби минулого і теперішнього (входить у вартість туру) Cтарі ""вигнуті"" будівлі, бруківка, незліченні канали, набережні, які на 3 метри нижче рівня моря, чудові парки і плаваючі квіткові ринки створюють особливу атмосферу. Площа Дам і Королівський палац, Райксмузеум і знаменитий Будинок Рембрандта, єврейський квартал і діамантова фабрика, спадкоємиця ювелірних традицій – вся ця краса подвоєна дзеркалом води, чарівним відображенням якого можна милуватися вічно! У вільний час рекомендуємо відвідати: Тиха Голандія: Заанс Сха",600
https://www.accordtour.com/tours/636313,Мільйон посмішок... або 4 дні в Амстердамі!,4,Амстердам – Гаага – Делфт – Роттердам,й ми запрошуємо Вас!!! По перлинках Голландії: Гаага та Делфт: 38€,"Сніданок. Вільний час в Амстердамі. Для всіх бажаючих пропонуємо відвідати: Королівський парк квітів Кекенхоф (Трансфер: 18€ + вх. квиток Дорослий: 22€ / Діти до 16 років: 15€ ) Відвідування Королівського парку квітів Кекенхоф – найпопулярніше місце в Нідерландах! Тут завжди пахне весною і завмирає подих від краси, якої більше не можна побачити ніде! Кекенхоф – це урочисте свято, на який ми запрошуємо Вас!!! По перлинках Голландії: Гаага та Делфт ( Дорослий: 38€ / Діти: 30€ ) Спочатку відвідаємо ""Місто принців – Делфт"": палацові комплекси, величні будівлі, храми вздовж каналів і, звичайно, рез",600
https://www.accordtour.com/tours/636313,Мільйон посмішок... або 4 дні в Амстердамі!,5,Амстердам – Гітхорн – Брюгге – Брюссель,бажаючих пропонуємо відвідати: Голландська Венеція – Гітхорн: 48€,"Сніданок. Вільний час в Амстердамі. Для всіх бажаючих пропонуємо відвідати: Голландська Венеція – Гітхорн ( Дорослий: 48€ / Діти: 38€ ) Цікаво, якби рай на Землі був можливий, яким би він був? Обов'язковими складовими, напевно, були б: чисте повітря, зелена трава, дзюрчання води і, можливо, ""пряникові"" будиночки. Хммм. У такому випадку його аналогом можна назвати голландське селище Гітхорн. Гітхорн розташувався на водних каналах, загальною протяжністю близько 7,5 км. Заснували селище в 1230 році. Для пересування використовують велосипедну доріжку і численні водні канали. А милі човники є основ",600
https://www.accordtour.com/tours/636313,Мільйон посмішок... або 4 дні в Амстердамі!,6,Амстердам – Лейден,стердамі. Для всіх бажаючих пропонуємо відвідати: Рейксмузеум: 18€; х Голландії. Казкові Нідерланди- замок Де Хаар і місто Утрехт: 33€,"Сніданок. Вільний час в Амстердамі. Для всіх бажаючих пропонуємо відвідати: Рейксмузеум ( Дорослий: 18€ / Діти: 18€ + вх. квиток) Музей образотворчих мистецтв в Амстердамі (18&euro; + вх. квиток) Нас чекає хронологічне подорож по Голландії крізь століття. Родзинка програми – Майстри 17-го століття: Рембрандт, Франс Халс, Вермеер, Ян Стейн і цілий ряд Малих Голландії. Казкові Нідерланди- замок Де Хаар і місто Утрехт ( Дорослий: 33€ / Діти: 23€ + вх. квиток) Шедевр Середньовіччя в серці Нідерландів - замок де Хаар (зовнішній огляд)! Захоплення ось що почуваєш, потрапивши сюди... Казковий замок з",600
https://www.accordtour.com/tours/636313,Мільйон посмішок... або 4 дні в Амстердамі!,7,Аахен – Кельн,,"Сніданок. Переїзд по Німеччині. Екскурсія Кельн – золото Рейну (входить у вартість туру) Місто, породжене римлянами, усиновлене французами і виховане Пруськими королями – Кельн . Велич, витонченість і ажурність спрямованих увись форм – Кельнський собор – найбільший собор Німеччини і один з найбільших соборів в Європі, шедевр готики, який зберігає велику християнську святиню – мощі трьох святих волхвів. А далі: Старе місто, Кельнська Ратуша, єврейський квартал, Будинок Фаріни - батьківщина одеколону, кельнська набережна... Про Кельн можна довго розповідати, але головне – його треба відчути! У в",600
https://www.accordtour.com/tours/636313,Мільйон посмішок... або 4 дні в Амстердамі!,8,Вроцлав – Львів,,"Сніданок. Виселення з готелю. Переїзд по території Польщі При наявності часу рекомендуємо відвідати Вроцлав-легендарну колиску Польщі. Екскурсія Місто гномів - Вроцлав (входить у вартість туру) Рекомендуємо екскурсію по місту 12 островів і більше 100 мостів - легендарну колиску Польщі! Старе Місто є одним з найкрасивіших в Польщі, чарівна Ратуша зі старовинним сонячним годинником, а площа вроцлавського ринку займає друге за величиною місце, після Краківського. Для більшості це місто чудес, де кожен знайде частинку своєї мрії. Перетин кордону. Повернення в Україну. Час прибуття до Львова після ",600
https://www.accordtour.com/tours/808888,"Вояж в Париж Нормандія, Замки Луари + Люксембург",1,Львів – Варшава,При бажанні групи і наявності часу. Варшава – місто королів: 18€,"Відправлення в тур з залізничного вокзалу Львова. (площа Двірцева 1). Перетин кордонів. Переїзд по Польщі. При бажанні групи і наявності часу. Варшава – місто королів ( Дорослий: 18€ / Діти до 16 років: 13€ , до 6 років: 0€ ) Вечірня екскурсія по місту королівських резиденцій, місту музики Шопена, місту, в якому панує неповторна і унікальна атмосфера. Вся краса відбивається в ріці Вісла, над якою височить символ польської столиці – Варшавська Сирена. Польська кухня (дод. оплата) Можливість спробувати місцеву кухню. Вона славиться відмінним журеком, бігосом і голонкою. Польські господині чудово",600
https://www.accordtour.com/tours/808888,"Вояж в Париж Нормандія, Замки Луари + Люксембург",2,Берлін,учасне. Вільний час або екскурсії на вибір: Берлін крізь часи: 30€,"Сніданок. Переїзд в Німеччину. Екскурсія Велич могутнього Берліну (входить у вартість туру) Берлін – величезний мегаполіс. Нам здасться, що ми подорожуємо у машині часу, бо тут можна потрапити в майбутнє і опинитись в минулому, а прогулюючись розкішними вулицями і проспектами, ми зможемо побачити сучасне. Вільний час або екскурсії на вибір: Берлін крізь часи ( Дорослий: 30€ / Діти до 16 років: 25€ , до 6 років: 0€ ) Автобусна екскурсія з фото паузами. Запрошуємо перегорнути сторінку історії і побачити Берлін таким, який він є зараз: могутній Рейхстаг, величний Берлінський собор, колона Перемог",600
https://www.accordtour.com/tours/808888,"Вояж в Париж Нормандія, Замки Луари + Люксембург",3,Париж – Фрагонар – Ейфелева вежа – ріка Сена,,"Сніданок. Переїзд у Францію. І ось Вона... Довгоочікувана Франція – країна вишуканих вин, високої моди, дорогих парфумів і безлічі таємниць... Екскурсія Магія Парижа! (входить у вартість туру) Пішохідна екскурсія. Париж стає рідним з першого погляду, з першого кроку його витертою бруківкою. Паризькі прогулянки заводять у минуле, в пам'ять серця, у потаємні куточки душі. Франсуаза Саган, Коко Шанель, Джо Дассен, Бріджит Бардо.... Музей парфумів Fragonard (входить у вартість туру) Музей парфумів Fragonard — де аромати розповідають історії. Зазирнемо у світ спокуси, шлейфів і секретів французької",600
https://www.accordtour.com/tours/808888,"Вояж в Париж Нормандія, Замки Луари + Люксембург",4,Париж – Нотр-Дам де парі (Собор Паризької Богоматері) – Фонтенбло,льний час або екскурсії на вибір: Лувр – енциклопедія століть: 38€,"Сніданок. Екскурсія Серце Парижа: Латинський квартал, острів Сіте та Нотр-Дам (входить у вартість туру) Латинський квартал — богемна душа Парижа. Старовинні вулички, Сорбонна, аромат круасанів і книжки на кожному кроці. Тут хочеться гуляти без карти, зупинятись на каву й закохуватись у Париж знову. Вільний час або екскурсії на вибір: Лувр – енциклопедія століть ( Дорослий: 38€ / Діти до 16 років: 30€ , до 6 років: 0€ + вх. квиток) Світ Мистецтва – світ геніїв, які залишили в дар людству великі шедеври. Зачинено у вівторок та в святкові дні. Екскурсія можлива за наявності квитків на офіційному ",600
https://www.accordtour.com/tours/808888,"Вояж в Париж Нормандія, Замки Луари + Люксембург",5,Париж – Діснейленд – Долина Луари – Мон-Сен-Мішель – Нормандія,"а з екскурсій на вибір: Яскрава Нормандія: скелі Етрета, Руан: 68€; р незабутнього французького дня. Гордість Франції Замки Луари: 88€","Сніданок. Вільний день у Парижі. Одна з екскурсій на вибір: Яскрава Нормандія: скелі Етрета, Руан ( Дорослий: 68€ / Діти до 16 років: 50€ , до 6 років: 0€ ) Нормандія- це пейзажі, які хочеться зберегти назавжди. Скелі Етрета — мов картина, яку створила сама природа, і яку міг би підписати Моне. Аромати моря, сидру й свіжих морепродуктів у Трувілі — як спогад, що смакує щастям. Руан відкриє легенди Жанни д&rsquo;Арк, готичну велич і чар незабутнього французького дня. Гордість Франції Замки Луари ( Дорослий: 88€ / Діти до 16 років: 68€ + вх. квиток) Серце Франції - долина казкової річки Луар и, ",600
https://www.accordtour.com/tours/808888,"Вояж в Париж Нормандія, Замки Луари + Люксембург",6,Париж – Версаль – парк Астерікс – Квартал Маре – Монмартр,ний час або екскурсії на вибір: Париж для закоханих… Монмартр: 25€; вина і в кожному подиху натхнення. Версаль. Банти і діаманти.: 38€,"Сніданок. Вільний час або екскурсії на вибір: Париж для закоханих… Монмартр ( Дорослий: 25€ / Діти до 16 років: 16€ ) Монмартр — серце творчого Парижа, де народжувалося мистецтво і жила магія. Пагорб із краєвидом, що зупиняє час: Сакре-Кер, &laquo;Рожевий дім&raquo;, легенди Мулен Руж та атмосфера фільму &laquo;Амелі&raquo;. Тут Париж — на мольбертах, у келиху вина і в кожному подиху натхнення. Версаль. Банти і діаманти. ( Дорослий: 38€ / Діти до 16 років: 30€ , до 6 років: 0€ + вх. квиток) Королівська резиденція – Версаль. Запрошуємо на свято пишноти, у царство балів, аудієнцій, бенкетів і те",600
https://www.accordtour.com/tours/808888,"Вояж в Париж Нормандія, Замки Луари + Люксембург",7,Люксембург – Нюрнберг,Сніданок. За бажанням групи. Маленька казка – Люксембург: 38€,"Сніданок. За бажанням групи. Маленька казка – Люксембург ( Дорослий: 38€ / Діти до 16 років: 30€ ) Крихітні вимощені вулички, величезні мости, сади, парки і герцогський палац.Запрошуємо на екскурсію в крихітне герцогство Люксембург. Кожен з дитинства мріє побувати в казці і відчути себе героєм неймовірних пригод ... У світі багато казкових країн, а наш шлях лежить в одну з них -В Зеленому Серці Європи серед гір, оточений кручами, розтошувалося затишне містечко із однойменною назвою. Ми побачимо капелу Сен-Кірен, готичну церкву Сен-Мішель, ренесансний Палац юстиції, бароковий собор Нотр-Дам ...",600
https://www.accordtour.com/tours/808888,"Вояж в Париж Нормандія, Замки Луари + Люксембург",8,Прага – Брно – Львів,жання! Одна з екскурсій на вибір: Таємниці королів – Градчани: 18€,"Сніданок. Екскурсія Зустріч з Прагою (входить у вартість туру) У лабіринтах маленьких вуличок ви поринете в таємничу атмосферу Старого міста. Староміська площа та Астрономічний годинник з небесною механікою на ратуші, Карлова вулиця... І Карлів міст! Потрібно тут зупинитися для того, щоб загадати бажання! Одна з екскурсій на вибір: Таємниці королів – Градчани ( Дорослий: 18€ / Діти до 16 років: 13€ , до 6 років: 0€ ) Дізнатися про життя королів і придворних, про палацові інтриги і змови, злочини і покарання, які відбувалися з найсвітліших спонукань – в ім'я віри і держави. Вас чекає Градчанськ",600
https://www.accordtour.com/tours/2819,"Париж, квіти..... і Компліменти! Амстердам, Брюссель, Париж, Люксембург, Кельн",1,Львів – Варшава – Лодзь – Познань,ий час пропонуємо автобусну екскурсію Варшава – місто королів: 18€,"Збір групи. Відправлення в тур з залізничного вокзалу Львова. (площа Двірцева 1). Переїзд до Польщі, в столицю - Варшаву. Пішохідна екскурсія Екскурсія Таємниці загадкової Варшави (входить у вартість туру) Романтичне, чарівне і таємниче Старе місто Варшави запрошує в гості. Тут важко позбутися відчуття, що блукаєш десь в казці, або по величезній декорації із затишними різнокольоровими будинками. Ми побачимо одну із найкрасивіших будівель, яку часто зображують на листівках Варшави. У вільний час пропонуємо автобусну екскурсію Варшава – місто королів ( Дорослий: 18€ / Діти: 16€ ) Чудові вулиці у",600
https://www.accordtour.com/tours/2819,"Париж, квіти..... і Компліменти! Амстердам, Брюссель, Париж, Люксембург, Кельн",2,Берлін – Потсдам,ьний час рекомендуємо відвідати: Таємничими куточками Берліну: 18€,"Сніданок. Виселення з готелю. Переїзд по території Німеччини Пішохідна екскурсія Екскурсія Відвертість Берліну (входить у вартість туру) Пішохідна екскурсія по одному із найдивовижніших і найяскравіших міст на землі, де сучасність і традиції доповнюють одне одного дуже гармонійно, що найкрасивіші і таємничі куточки відкриті для нас. Кожен, хто приїжджає до Берліна, так чи інакше, потрапляє під магічну чарівливість цього міста, його живого і невимушеного шарму... У вільний час рекомендуємо відвідати: Таємничими куточками Берліну ( Дорослий: 18€ / Діти: 13€ ) Пропонуємо поглянути у зовсім нетипо",600
https://www.accordtour.com/tours/2819,"Париж, квіти..... і Компліменти! Амстердам, Брюссель, Париж, Люксембург, Кельн",3,Амстердам – Заансе Сханс – Волендам,,"Сніданок. Виселення з готелю. Приїзд в столицю - Амстердам - коштовний камінь в короні голландських королів! Оглядова екскурсія по місту Екскурсія Амстердам – скарби минулого і теперішнього (входить у вартість туру) Cтарі ""вигнуті"" будівлі, бруківка, незліченні канали, набережні, які на 3 метри нижче рівня моря, чудові парки і плаваючі квіткові ринки створюють особливу атмосферу. Площа Дам і Королівський палац, Райксмузеум і знаменитий Будинок Рембрандта, єврейський квартал і діамантова фабрика, спадкоємиця ювелірних традицій – вся ця краса подвоєна дзеркалом води, чарівним відображенням якого",600
https://www.accordtour.com/tours/2819,"Париж, квіти..... і Компліменти! Амстердам, Брюссель, Париж, Люксембург, Кельн",4,Гаага – Делфт – Кекенгоф – Амстердам – Гітхорн,д з березня до травня) По перлинках Голландії: Гаага та Делфт: 38€,"Сніданок. Вільний час в Амстердамі. Для всіх бажаючих пропонуємо відвідати: Королівський Парк квітів – Keukenhof (Трансфер: 18€ + вх. квиток Дорослий: 20€ / Діти до 16 років: 10€ ) Пропонуємо відвідати парк квіткової розкоші – ""Кекенхоф"" – одне з найкрасивіших місць на планеті. Навряд чи можна словами передати всю красу, яка відкривається: алеї старих розлогих лип, струмки і мальовничі ставки, дзюрчання фонтанів, безперервний спів птахів і, звичайно, квіти!!! (в програмі туру в період з березня до травня) По перлинках Голландії: Гаага та Делфт ( Дорослий: 38€ / Діти: 30€ ) Спочатку відвідаємо ",600
https://www.accordtour.com/tours/2819,"Париж, квіти..... і Компліменти! Амстердам, Брюссель, Париж, Люксембург, Кельн",5,Брюссель – Гент – Брюгге – Левен,можливість відвідати: Королівський музей витончених мистецтв: 30€,"Сніданок. Екскурсія Брюссель – серце Європи (входить у вартість туру) Брюссель вражає дивовижним поєднанням сучасного ритму життя та глибокої історії — тут середньовічні будинки й готичні собори гармонійно сусідять зі скляними хмарочосами та елегантними палацами. А ще це місто легендарного бельгійського пива, ароматного шоколаду та хрумких вафель, без яких неможливо уявити справжній смак Брюсселя. У вільний час є можливість відвідати: Королівський музей витончених мистецтв ( Дорослий: 30€ / Діти: 16€ ) Головний музей країни - Королівський музей витончених мистецтв у Брюсселі має найбагатшу кол",600
https://www.accordtour.com/tours/2819,"Париж, квіти..... і Компліменти! Амстердам, Брюссель, Париж, Люксембург, Кельн",6,Париж – Монмартр – Нотр-Дам де парі (Собор Паризької Богоматері) – ріка Сена,,"Сніданок. Місто - безмежного захоплення - Париж, місто, про яке неможливо забути... лише раз його відвідавши... Екскурсія Магія Парижа! (входить у вартість туру) Париж — місто, в яке закохуєшся з першого кроку. Бруківка, що зберігає сліди історії, балкони з кованими перилами, аромат кави й французьких духів у повітрі&hellip; Тут оживають сторінки книг і сцени з фільмів: Шанель, Саган, Джо Дассен, Бардо — дух Парижа в усьому. Прогулянка його вулицями — це прогулянка серцем. Музей парфумів Fragonard (входить у вартість туру) Музей парфумів Fragonard — де аромати розповідають історії. Зазирнемо у",600
https://www.accordtour.com/tours/2819,"Париж, квіти..... і Компліменти! Амстердам, Брюссель, Париж, Люксембург, Кельн",7,Париж – Етрета – Нормандія – замок Во-ле-Віконт – Версаль – Діснейленд,"сть відвідати на вибір: Яскрава Нормандія: скелі Етрета, Руан: 68€","Сніданок. Є можливість відвідати на вибір: Яскрава Нормандія: скелі Етрета, Руан ( Дорослий: 68€ / Діти до 16 років: 50€ , до 6 років: 0€ ) Нормандія- це пейзажі, які хочеться зберегти назавжди. Скелі Етрета — мов картина, яку створила сама природа, і яку міг би підписати Моне. Аромати моря, сидру й свіжих морепродуктів у Трувілі — як спогад, що смакує щастям. Руан відкриє легенди Жанни д&rsquo;Арк, готичну велич і чар незабутнього французького дня. 25.04.26 - 08.05.26 Чарівний світ - країна Діснейленд: 1 парк (Трансфер: 26€ + вх. квиток Дорослий: 120€ / Діти до 11 років: 115€ ) Чарівний світ ",600
https://www.accordtour.com/tours/2819,"Париж, квіти..... і Компліменти! Амстердам, Брюссель, Париж, Люксембург, Кельн",8,Париж – Люксембург,льний час. Для бажаючих рекомендуємо відвідати: Все про Париж: 30€,"Сніданок. Вільний час. Для бажаючих рекомендуємо відвідати: Все про Париж ( Дорослий: 30€ / Діти до 16 років: 21€ , до 6 років: 0€ ) Автобусна екскурсія по Парижу з фотопаузами. Нас очікують: площа Конкорд, Великі та Малі палаци, будинок Інвалідів, величний Лувр, один з найкрасивіших театрів світу – Гранд Опера, церква Мадлен, парк Пале Рояль. Фотопауза на Марсовому полі - Ейфелева вежа тут як на долоні. Побачивши всю цю красу, розуміємо, що Париж – казкова скриня шедеврів, які віками створювались найвідомішими в світі архітекторами, художниками і скульпторами... і це прекрасно!!! Вежа Монпарн",600
https://www.accordtour.com/tours/2819,"Париж, квіти..... і Компліменти! Амстердам, Брюссель, Париж, Люксембург, Кельн",9,Кельн – Аахен – замки Рейна,,"Сніданок. Виселення з готелю. Переїзд в місто породжене римлянами, усиновлений французами і виховане польськими королями - місто Кельн. Оглядова екскурсія. Екскурсія Кельн – золото Рейну (входить у вартість туру) Місто, породжене римлянами, усиновлене французами і виховане Пруськими королями – Кельн . Велич, витонченість і ажурність спрямованих увись форм – Кельнський собор – найбільший собор Німеччини і один з найбільших соборів в Європі, шедевр готики, який зберігає велику християнську святиню – мощі трьох святих волхвів. А далі: Старе місто, Кельнська Ратуша, єврейський квартал, Будинок Фар",600
https://www.accordtour.com/tours/2819,"Париж, квіти..... і Компліменти! Амстердам, Брюссель, Париж, Люксембург, Кельн",10,Вроцлав – Львів,жен знайде частинку своєї мрії. Середньовічна корчма Вроцлава: 26€,"Сніданок. Переїзд по території Польщі При наявності часу рекомендуємо відвідати Вроцлав-легендарну колиску Польщі. Екскурсія Місто гномів - Вроцлав (входить у вартість туру) Рекомендуємо екскурсію по місту 12 островів і більше 100 мостів - легендарну колиску Польщі! Старе Місто є одним з найкрасивіших в Польщі, чарівна Ратуша зі старовинним сонячним годинником, а площа вроцлавського ринку займає друге за величиною місце, після Краківського. Для більшості це місто чудес, де кожен знайде частинку своєї мрії. Середньовічна корчма Вроцлава ( Дорослий: 26€ / Діти: 21€ ) Ми повністю зануримося в тає",600
https://www.accordtour.com/tours/8373,Три дні в Парижі + Діснейленд,1,Львів – Люблін – Варшава,вропі! При бажанні групи і наявності часу. Старовинний Люблін: 18€,"Відправлення в тур Старт нашої подорожі — зі Львова, а саме з площі Двірцевої (ориєнтир -залізничний вокзал). Звідси починається пригода, яку ви точно запам&rsquo;ятаєте: нові місця, сотні фото й море вражень. Переїзд територією України, перетин кордону — і ми вже в Європі! При бажанні групи і наявності часу. Старовинний Люблін ( Дорослий: 18€ / Діти до 16 років: 13€ , до 6 років: 0€ ) Перше місто для знайомства - Люблін . Екскурсія по одному з відомих міст Польщі. Серце Любліна - Старе Місто з його багатовіковими кам'яницями, вузенькими вуличками, архітектурними пам'ятками: Краківська брама, ",600
https://www.accordtour.com/tours/8373,Три дні в Парижі + Діснейленд,2,Берлін – Потсдам,учасне. Вільний час або екскурсії на вибір: Берлін крізь часи: 30€,"Сніданок. Прибуття в Берлін. Екскурсія Велич могутнього Берліну (входить у вартість туру) Берлін – величезний мегаполіс. Нам здасться, що ми подорожуємо у машині часу, бо тут можна потрапити в майбутнє і опинитись в минулому, а прогулюючись розкішними вулицями і проспектами, ми зможемо побачити сучасне. Вільний час або екскурсії на вибір: Берлін крізь часи ( Дорослий: 30€ / Діти до 16 років: 25€ , до 6 років: 0€ ) Автобусна екскурсія з фото паузами. Запрошуємо перегорнути сторінку історії і побачити Берлін таким, який він є зараз: могутній Рейхстаг, величний Берлінський собор, колона Перемоги,",600
https://www.accordtour.com/tours/8373,Три дні в Парижі + Діснейленд,3,Париж – Лувр – Фрагонар – ріка Сена – Ейфелева вежа – Дефанс – Монмартр,,"Переїзд у Францію. Екскурсія Магія Парижа! (входить у вартість туру) Пішохідна екскурсія. Париж стає рідним з першого погляду, з першого кроку його витертою бруківкою. Паризькі прогулянки заводять у минуле, в пам'ять серця, у потаємні куточки душі. Франсуаза Саган, Коко Шанель, Джо Дассен, Бріджит Бардо.... Музей парфумів Fragonard (входить у вартість туру) Музей парфумів Fragonard — де аромати розповідають історії. Зазирнемо у світ спокуси, шлейфів і секретів французької парфумерії. Парфуми — це памʼять, яка завжди з тобою. Вільний час в Парижі. Рекомендуємо відвідати: Серце Парижа: Латинськи",600
https://www.accordtour.com/tours/8373,Три дні в Парижі + Діснейленд,4,Париж – Версаль – Нормандія – Етрета – Руан – Довіль – замок Во-ле-Віконт,"ії і програми на вибір: Яскрава Нормандія: скелі Етрета, Руан: 68€; чар незабутнього французького дня. Версаль. Банти і діаманти.: 38€","Сніданок. Вільний час. Рекомендуємо відвідати екскурсії і програми на вибір: Яскрава Нормандія: скелі Етрета, Руан ( Дорослий: 68€ / Діти до 16 років: 50€ , до 6 років: 0€ ) Нормандія- це пейзажі, які хочеться зберегти назавжди. Скелі Етрета — мов картина, яку створила сама природа, і яку міг би підписати Моне. Аромати моря, сидру й свіжих морепродуктів у Трувілі — як спогад, що смакує щастям. Руан відкриє легенди Жанни д&rsquo;Арк, готичну велич і чар незабутнього французького дня. Версаль. Банти і діаманти. ( Дорослий: 38€ / Діти до 16 років: 30€ , до 6 років: 0€ + вх. квиток) Королівська ре",600
https://www.accordtour.com/tours/8373,Три дні в Парижі + Діснейленд,5,Париж – Діснейленд – Монпарнас – Квартал Маре,Вільний час. Є можливість відвідати на вибір: Все про Париж: 30€,"Сніданок. Виселення з готелю. Вільний час. Є можливість відвідати на вибір: Все про Париж ( Дорослий: 30€ / Діти до 16 років: 21€ , до 6 років: 0€ ) Автобусна екскурсія по Парижу з фотопаузами. Нас очікують: площа Конкорд, Великі та Малі палаци, будинок Інвалідів, величний Лувр, один з найкрасивіших театрів світу – Гранд Опера, церква Мадлен, парк Пале Рояль. Фотопауза на Марсовому полі - Ейфелева вежа тут як на долоні. Побачивши всю цю красу, розуміємо, що Париж – казкова скриня шедеврів, які віками створювались найвідомішими в світі архітекторами, художниками і скульпторами... і це прекрасно",600
https://www.accordtour.com/tours/8373,Три дні в Парижі + Діснейленд,6,Люксембург – Нюрнберг – Прага,бажанні групи ранкова екскурсія: Маленька казка – Люксембург: 38€,"Переїзд по Німеччині. При бажанні групи ранкова екскурсія: Маленька казка – Люксембург ( Дорослий: 38€ / Діти до 16 років: 30€ ) Крихітні вимощені вулички, величезні мости, сади, парки і герцогський палац.Запрошуємо на екскурсію в крихітне герцогство Люксембург. Кожен з дитинства мріє побувати в казці і відчути себе героєм неймовірних пригод ... У світі багато казкових країн, а наш шлях лежить в одну з них -В Зеленому Серці Європи серед гір, оточений кручами, розтошувалося затишне містечко із однойменною назвою. Ми побачимо капелу Сен-Кірен, готичну церкву Сен-Мішель, ренесансний Палац юстиції",600
https://www.accordtour.com/tours/8373,Три дні в Парижі + Діснейленд,7,Прага – Брно – Львів,и бажанні групи і наявності часу. Таємниці королів – Градчани: 18€; кож неймовірний собор Віта. Прогулянка на кораблику по Влтаві: 38€,"Сніданок. При бажанні групи і наявності часу. Таємниці королів – Градчани ( Дорослий: 18€ / Діти до 16 років: 13€ , до 6 років: 0€ ) Дізнатися про життя королів і придворних, про палацові інтриги і змови, злочини і покарання, які відбувалися з найсвітліших спонукань – в ім'я віри і держави. Вас чекає Градчанська площа, Шварценбергский палац і варта в Празькому граді. А також неймовірний собор Віта. Прогулянка на кораблику по Влтаві ( Дорослий: 38€ / Діти до 16 років: 34€ , до 6 років: 15€ ) Аперитиви, шведський стіл в супроводі цікавих розповідей... Ось вони незабутні миті в житті... Душа Мора",600
https://www.accordtour.com/tours/8490,Амурні пригоди в Амстердамі і Парижі!!!,1,Львів – Вроцлав,відати Вроцлав! Рекомендуємо відвідати Місто гномів - Вроцлав: 18€,"Відправлення в тур. (Місце відправки: залізничний вокзал м.Львів, площа Двірцева 1) Перетин кордону. При швидкому проходженні кордону можливість відвідати Вроцлав! Рекомендуємо відвідати Місто гномів - Вроцлав ( Дорослий: 18€ / Діти: 13€ ) Рекомендуємо екскурсію по місту 12 островів і більше 100 мостів - легендарну колиску Польщі! Старе Місто є одним з найкрасивіших в Польщі, чарівна Ратуша зі старовинним сонячним годинником, а площа вроцлавського ринку займає друге за величиною місце, після Краківського. Для більшості це місто чудес, де кожен знайде частинку своєї мрії. Середньовічна корчма В",600
https://www.accordtour.com/tours/8490,Амурні пригоди в Амстердамі і Парижі!!!,2,Берлін,вільний час пропонуємо відвідати на вибір: Берлін крізь часи: 26€,"Сніданок. Переїзд в столицю Німеччини. Пішохідна екскурсія Екскурсія Відвертість Берліну (входить у вартість туру) Пішохідна екскурсія по одному із найдивовижніших і найяскравіших міст на землі, де сучасність і традиції доповнюють одне одного дуже гармонійно, що найкрасивіші і таємничі куточки відкриті для нас. Кожен, хто приїжджає до Берліна, так чи інакше, потрапляє під магічну чарівливість цього міста, його живого і невимушеного шарму... У вільний час пропонуємо відвідати на вибір: Берлін крізь часи ( Дорослий: 26€ / Діти до 12 років: 18€ ) Автобусна екскурсія з фотопаузами. Запрошуємо пере",600
https://www.accordtour.com/tours/8490,Амурні пригоди в Амстердамі і Парижі!!!,3,Амстердам – Волендам – Заансе Сханс – Кекенгоф,,"Сніданок. Приїзд в столицю - Амстердам - коштовний камінь в короні голландських королів! Екскурсія Амстердам – скарби минулого і теперішнього (входить у вартість туру) Cтарі ""вигнуті"" будівлі, бруківка, незліченні канали, набережні, які на 3 метри нижче рівня моря, чудові парки і плаваючі квіткові ринки створюють особливу атмосферу. Площа Дам і Королівський палац, Райксмузеум і знаменитий Будинок Рембрандта, єврейський квартал і діамантова фабрика, спадкоємиця ювелірних традицій – вся ця краса подвоєна дзеркалом води, чарівним відображенням якого можна милуватися вічно! Рекомендуємо відвідати ",600
https://www.accordtour.com/tours/8490,Амурні пригоди в Амстердамі і Парижі!!!,4,Брюссель – Париж – Лувр – Фрагонар – Монмартр – Нотр-Дам де парі (Собор Паризької Богоматері),"удоване в формі серця, столиця Королівства Бельгії - Брюссель: 26€","Сніданок. Виселення з готелю. По дорозі, при наявності часу, запрошуємо відвідати чарівний та романтичний Місто на семи пагорбах, збудоване в формі серця, столиця Королівства Бельгії - Брюссель ( Дорослий: 26€ / Діти: 21€ ) Симфонія тріумфуючого блиску панує в районі Європарламенту з просторими парками і вулицями, на площі біля королівського палацу, в міській Ратуші, а також на найкрасивішій площі Європи - Гранд Платс. Вдень площа нагадує театр квіткового ринку, а ввечері - п'єсу гарного кохання і захоплення! Переїзд в місто - безмежного захоплення - Париж, місто, про яке неможливо забути ... ",600
https://www.accordtour.com/tours/8490,Амурні пригоди в Амстердамі і Парижі!!!,5,Париж – Версаль – Квартал Маре – Монпарнас – Діснейленд,час в Парижі. Є можливість відвідати на вибір: Все про Париж: 30€,"Сніданок. Виселення з готелю. Вільний час в Парижі. Є можливість відвідати на вибір: Все про Париж ( Дорослий: 30€ / Діти до 16 років: 21€ , до 6 років: 0€ ) Автобусна екскурсія по Парижу з фотопаузами. Нас очікують: площа Конкорд, Великі та Малі палаци, будинок Інвалідів, величний Лувр, один з найкрасивіших театрів світу – Гранд Опера, церква Мадлен, парк Пале Рояль. Фотопауза на Марсовому полі - Ейфелева вежа тут як на долоні. Побачивши всю цю красу, розуміємо, що Париж – казкова скриня шедеврів, які віками створювались найвідомішими в світі архітекторами, художниками і скульпторами... і це ",600
https://www.accordtour.com/tours/8490,Амурні пригоди в Амстердамі і Парижі!!!,6,Франкфурт-на-Майні – Прага – Градчани – Влтава,ранкова екскурсія: Європейський Нью-Йорк – Франкфурт-на-Майні: 18€,"Сніданок. При бажанні групи ранкова екскурсія: Європейський Нью-Йорк – Франкфурт-на-Майні ( Дорослий: 18€ / Діти: 13€ ) Під час екскурсії ми побачимо поєднання сучасних традицій і справжньої німецької старовини. Банківський центр міста (район Манхеттен) рясніє Хмарочосами в кращих американских традіціях, тут життя вирує и кипить. У той же самий час вузькі вулички старого міста, фахверкові будинки і аромат місцевого яблучного вина змушує забути про Міську метушню,насолоджуйтесь атмосферою старої Німеччини. Переїзд в Прагу. Пішохідна екскурсія Екскурсія Прага – місто легенд (входить у вартість т",600
https://www.accordtour.com/tours/8490,Амурні пригоди в Амстердамі і Парижі!!!,7,Кутна Гора – Брно – Краків – Львів,Сніданок. Одна з екскурсій на вибір: Срібне місто Кутна Гора: 18€; ні перші празькі срібні гроші. Душа Моравії - старовинне Брно: 18€,"Сніданок. Одна з екскурсій на вибір: Срібне місто Кутна Гора ( Дорослий: 18€ / Діти: 13€ ) Це старовинне містечко срібних рудокопів із затишними маленькими будиночками, кам'яною бруківкою та магазинчиками скла. Тут знаходиться королівський Монетний двір, де були викарбувані перші празькі срібні гроші. Душа Моравії - старовинне Брно ( Дорослий: 18€ / Діти до 16 років: 13€ , до 6 років: 0€ ) Це прекрасне чеське містечко храмів і монастирів, воно не схоже на інші чеські міста і тому дуже цікаве. Тут особливі люди, особливі характери, манера одягатись; та й діалект інший: моравський. Місто багате ",600
https://www.accordtour.com/tours/8045,Амстердам та Париж... запалив та привабив...,1,Львів – Вроцлав,цлав! Рекомендуємо екскурсію Вроцлав – священна квітка Європи: 18€,"Відправлення в тур. (Місце відправки: залізничний вокзал м.Львів, площа Двірцева 1) Перетин кордону. Переїзд по території Польщі При швидкому проходженні кордону можливість відвідати Вроцлав! Рекомендуємо екскурсію Вроцлав – священна квітка Європи ( Дорослий: 18€ / Діти до 16 років: 15€ , до 5 років: 0€ ) Вроцлав — зелене серце Польщі з казковою атмосферою. Старе місто вражає барвистими фасадами, романтичними мостами й легендами про гномів, що живуть просто на вулицях. Ринкова площа — одна з найбільших у країні, а готична ратуша зі старовинним сонячним годинником стала її перлиною. Це місто, я",600
https://www.accordtour.com/tours/8045,Амстердам та Париж... запалив та привабив...,2,Берлін – музей Пергамон,му... У вільний час рекомендуємо відвідати: Берлін крізь часи: 26€,"Сніданок. Переїзд в столицю Німеччини. Орієнтовно о 11:00 оглядова екскурсія. Екскурсія Відвертість Берліну (входить у вартість туру) Пішохідна екскурсія по одному із найдивовижніших і найяскравіших міст на землі, де сучасність і традиції доповнюють одне одного дуже гармонійно, що найкрасивіші і таємничі куточки відкриті для нас. Кожен, хто приїжджає до Берліна, так чи інакше, потрапляє під магічну чарівливість цього міста, його живого і невимушеного шарму... У вільний час рекомендуємо відвідати: Берлін крізь часи ( Дорослий: 26€ / Діти до 12 років: 18€ ) Автобусна екскурсія з фотопаузами. Зап",600
https://www.accordtour.com/tours/8045,Амстердам та Париж... запалив та привабив...,3,Волендам – Заансе Сханс – Амстердам – Кекенгоф,,"Приїзд в столицю - Амстердам - коштовний камінь в короні голландських королів! Екскурсія Амстердам – скарби минулого і теперішнього (входить у вартість туру) Cтарі ""вигнуті"" будівлі, бруківка, незліченні канали, набережні, які на 3 метри нижче рівня моря, чудові парки і плаваючі квіткові ринки створюють особливу атмосферу. Площа Дам і Королівський палац, Райксмузеум і знаменитий Будинок Рембрандта, єврейський квартал і діамантова фабрика, спадкоємиця ювелірних традицій – вся ця краса подвоєна дзеркалом води, чарівним відображенням якого можна милуватися вічно! Усім бажаючим рекомендуємо відвід",600
https://www.accordtour.com/tours/8045,Амстердам та Париж... запалив та привабив...,4,Брюссель – Париж – ріка Сена – Фрагонар – Лувр – Монмартр,к. При бажанні групи ранкова екскурсія: Королівський Брюссель: 26€,"Сніданок. При бажанні групи ранкова екскурсія: Королівський Брюссель ( Дорослий: 26€ / Діти до 16 років: 21€ ) Під час екскурсії ми побачимо одну з найяскравіших пам'яток готичної архітектури і живопису країни – прогуляємося через Брюссельський парк, королівську площу, скверик ду Саблон, (скверик 48 ремесел!!!), а також королівський палац, офіційну резиденцію бельгійського монарха. На завершення зануримося в історію минулого та сучасного відомого Палацу Правосуддя, який є самою грандіозною будівлею в Європі, і отримаємо задоволення неперевершеною панорамою Брюсселя. Переїзд в місто - безмежног",600
https://www.accordtour.com/tours/8045,Амстердам та Париж... запалив та привабив...,5,Діснейленд – Нормандія – Етрета – Париж – Версаль – Квартал Маре,і. За бажанням пропонуємо відвідати екскурсії : Все про Париж: 30€,"Сніданок. Вільний день в Парижі. За бажанням пропонуємо відвідати екскурсії : Все про Париж ( Дорослий: 30€ / Діти: 21€ ) Автобусна екскурсія з фотопаузами. Париж – місто всіх часів і народів. Париж зберіг прикмети і далекого минулого і романтику теперішнього часу. Тут є все і для всіх. Для театралів, меломанів, цінителів живопису, для гурманів, любителів розваг і ділових людей. Нас очікують: Люксембурзькі сади, Великі та Малі палаци, будинок Інвалідів, Марсове поле з кращим видом на Ейфелеву вежу. Побачивши всю цю красу, розуміємо, що Париж – казкова скриня шедеврів... і це прекрасно!!! Вежа ",600
https://www.accordtour.com/tours/8045,Амстердам та Париж... запалив та привабив...,6,Прага – Нюрнберг – Градчани,жанні групи ранкова екскурсія: Імператорське місто - Нюрнберг: 21€,"При бажанні групи ранкова екскурсія: Імператорське місто - Нюрнберг ( Дорослий: 21€ / Діти: 16€ ) Міська ратуша, Імператорський замок, ринкова площа, церква Богоматері з годинником ""Менляйнлауфен"", будинок-музей Дюрера, собори св. Себальда і св. Лоренцо ... А ще місто красується пишними готичними церквами, чудовими фонтанами,місто також знамените як європейська столиця іграшок, пряників, єдиного в Німеччині червоного пива і відомих &laquo;братвурст&raquo; - нюрнберзьких сосисок, смаком яких Ви можете насолодиться у вільний час ... Приїзд в Прагу. Пішохідна екскурсія Екскурсія Прага – місто лег",600
https://www.accordtour.com/tours/8045,Амстердам та Париж... запалив та привабив...,7,Львів – Брно – Краків,ності часу. Одна з екскурсій на вибір: Брно - столиця Моравії: 18€; гендами та історичними пам'ятками. Краків...Королівський шлях: 18€,"Сніданок. Виселення з готелю. При бажанні групи і наявності часу. Одна з екскурсій на вибір: Брно - столиця Моравії ( Дорослий: 18€ / Діти до 16 років: 18€ ) Це прекрасне чеське містечко храмів і монастирів, воно не схоже на інші чеські міста і тому дуже цікаве. Тут особливі люди, особливі характери, манера одягатись та й діалект інший - моравський... Це місто багате легендами та історичними пам'ятками. Краків...Королівський шлях ( Дорослий: 18€ / Діти до 16 років: 13€ ) Краків-місто – вражаюче, красиве і загадкове. Місто художників і музикантів, зі своїми легендами і, звичайно ж, милими польс",600
https://www.accordtour.com/tours/7805,"Яскравий Бенілюкс: Нідерланди, Бельгія та Люксембург!",1,Львів – Краків,наявності часу пропонуємо відвідати Краків. Королівський шлях: 18€,"Відправлення в тур. (Місце відправки: залізничний вокзал м.Львів, площа Двірцева 1). Перетин кордону. Переїзд по території Польщі По дорозі при наявності часу пропонуємо відвідати Краків. Королівський шлях ( Дорослий: 18€ / Діти: 13€ ) Шлях, по якому протягом багатьох сторіч проїжджали польські королі: місце де переплітаються легенди... Найстаріша частина міста – Ринкова площа, один із найстаріших університетів Європи – Ягелонський університет, середньовічний центр торгівлі – торгові ряди, де Ви можете придбати сувеніри на згадку про проведені тут хвилини... Всім любителям пива рекомендуємо ек",600
https://www.accordtour.com/tours/7805,"Яскравий Бенілюкс: Нідерланди, Бельгія та Люксембург!",2,Берлін,о шарму... Є можливість відвідати на вибір: Берлін крізь часи: 26€,"Сніданок. Переїзд в столицю Німеччини. Екскурсія Відвертість Берліну (входить у вартість туру) Пішохідна екскурсія по одному із найдивовижніших і найяскравіших міст на землі, де сучасність і традиції доповнюють одне одного дуже гармонійно, що найкрасивіші і таємничі куточки відкриті для нас. Кожен, хто приїжджає до Берліна, так чи інакше, потрапляє під магічну чарівливість цього міста, його живого і невимушеного шарму... Є можливість відвідати на вибір: Берлін крізь часи ( Дорослий: 26€ / Діти до 12 років: 18€ ) Автобусна екскурсія з фотопаузами. Запрошуємо перегорнути сторінку історії і побач",600
https://www.accordtour.com/tours/7805,"Яскравий Бенілюкс: Нідерланди, Бельгія та Люксембург!",3,Амстердам – Заансе Сханс – Волендам,,"Сніданок. Переїзд в Амстердам Екскурсія Амстердам – скарби минулого і теперішнього (входить у вартість туру) Cтарі ""вигнуті"" будівлі, бруківка, незліченні канали, набережні, які на 3 метри нижче рівня моря, чудові парки і плаваючі квіткові ринки створюють особливу атмосферу. Площа Дам і Королівський палац, Райксмузеум і знаменитий Будинок Рембрандта, єврейський квартал і діамантова фабрика, спадкоємиця ювелірних традицій – вся ця краса подвоєна дзеркалом води, чарівним відображенням якого можна милуватися вічно! У вільний час рекомендуємо відвідати: Тиха Голандія: Заанс Сханс, Волендам ( Дорос",600
https://www.accordtour.com/tours/7805,"Яскравий Бенілюкс: Нідерланди, Бельгія та Люксембург!",4,Амстердам – Гаага – Делфт – Антверпен – Кекенгоф – Брюссель,березня по 10 травня. Королівський Парк квітів – Keukenhof: 18€; д з березня до травня) По перлинках Голландії: Гаага та Делфт: 38€,"Сніданок. У вільний час рекомендуємо відвідати: 2026 рік. Парк квітів Keukenhof з 19 березня по 10 травня. Королівський Парк квітів – Keukenhof ( Дорослий: 18€ / Діти до 16 років: 18€ + вх. квиток) Пропонуємо відвідати парк квіткової розкоші – ""Кекенхоф"" – одне з найкрасивіших місць на планеті. Навряд чи можна словами передати всю красу, яка відкривається: алеї старих розлогих лип, струмки і мальовничі ставки, дзюрчання фонтанів, безперервний спів птахів і, звичайно, квіти!!! (в програмі туру в період з березня до травня) По перлинках Голландії: Гаага та Делфт ( Дорослий: 38€ / Діти: 30€ ) Спо",600
https://www.accordtour.com/tours/7805,"Яскравий Бенілюкс: Нідерланди, Бельгія та Люксембург!",5,Брюссель – Брюгге – Гент – Левен – Мехелен,ємо автобусну екскурсію Фландрія у всій красі: Гент та Брюгге: 48€,"Сніданок. Екскурсія Історія краси – Брюссель (входить у вартість туру) Історія, яка творилася століттями. Симфонія тріумфуючого блиску панує в районі Європарламенту з просторими парками і вулицями, а також найгарнішою площою Європи – Гранд Платс. Вдень площа нагадує театр квіткового ринку, а ввечері – п'єсу гарного кохання і захоплення! Ми зможемо відчути добродушний і веселий характер бельгійців, недаремно одним із символів цього міста є знаменита бронзова скульптура – фонтан ""Манекен Піс""... У вільний час пропонуємо автобусну екскурсію Фландрія у всій красі: Гент та Брюгге ( Дорослий: 48€ / ",600
https://www.accordtour.com/tours/7805,"Яскравий Бенілюкс: Нідерланди, Бельгія та Люксембург!",6,Люксембург – Трір,,"Сніданок. Нас чекає невелика, але напрочуд гарна країна: скелі і ліси, барвисті міста, мальовничі села і романтичні замки - все це Велике герцогство Люксембург! Екскурсія Маленька казка – Люксембург (входить у вартість туру) звивисті середньовічні вулички приведуть до скельної капели Сен-Кірен, готичного собору Сен-Мішель, розкішної торгової вулиці Гранд Рю, герцогського палацу і кафедрального собору Нотр-Дам , в якому зберігається ікона Богоматері покровительки міста. А з оглядового майданчика на краю скелі, яку називають ""Балкон Європи"" , перед нами відкриється захоплюючий дух пейзаж: вкриті",600
https://www.accordtour.com/tours/7805,"Яскравий Бенілюкс: Нідерланди, Бельгія та Люксембург!",7,Вроцлав – Львів,ати Вроцлав-легендарну колиску Польщі. Місто гномів – Вроцлав: 18€,"Ранній сніданок При наявності часу рекомендуємо відвідати Вроцлав-легендарну колиску Польщі. Місто гномів – Вроцлав ( Дорослий: 18€ / Діти: 13€ ) Вроцлав – легендарна колиска Польщі! Старе Місто є одним з найкрасивіших в Польщі, чарівна Ратуша зі старовинним сонячним годинником, а площа вроцлавського ринку займає друге за величиною місце, після Краківського. Для більшості це місто чудес, де кожен знайде частинку своєї мрії. Повернення в Україну. Перетин кордону. Прибуття до Львова після опівночі (залежить від проходження кордону). Місце прибуття до Львова - залізничний вокзал. До нових зустріч",600
https://www.accordtour.com/tours/6987,"Французький Каприз 4 дні в Парижі + Нормандія, долина Луари, Мон-Сен-Мішель!",1,Львів – Вроцлав,,"Збір на Львівському залізничному вокзалі. Відправлення в тур. (Місце відправки: залізничний вокзал м.Львів, площа Двірцева 1). Перетин кордону. Переїзд по території Польщі Екскурсія Священна квітка Європи - місто Вроцлав. (входить у вартість туру) В важається одним з найзеленіших міст Польщі, яке вирізняється прекрасною архітектурою і мальовничими куточками. Старе Місто є одним із найкрасивіших в Польщі, чарівна Ратуша зі старовинним сонячним годинником, а площа вроцлавського ринку займає друге за величиною місце, після Краківського. Для більшості це місто чудес, де кожен знайде частинку своєї",600
https://www.accordtour.com/tours/6987,"Французький Каприз 4 дні в Парижі + Нормандія, долина Луари, Мон-Сен-Мішель!",2,Вюрцбург – Ротенбург-на-Таубері – Франкфурт-на-Майні,ємо відвідати: Серце Романтичного шляху Німеччини - Ротенбург: 38€,"Сніданок. Сьогодні ми відвідаємо старовинний Вюрцбург - батьківщину франконського вина. Екскурсія Перлинка Романтичної дороги замків - Вюрцбург (входить у вартість туру) Вузенькі вулички з гостроверхими будиночками приведуть нас від міської Ратуші і собору Св. Климента до резиденції Вюрцберзьких єпископів, яка за своєю красою не поступається Шенбруну і Версалю. Скрізь панує атмосфера гармонії та спокою... У вільний час рекомендуємо відвідати: Серце Романтичного шляху Німеччини - Ротенбург ( Дорослий: 38€ / Діти: 30€ ) Неймовірно гарне та затишне місто, як з казок братів Грімм. Могутні середньо",600
https://www.accordtour.com/tours/6987,"Французький Каприз 4 дні в Парижі + Нормандія, долина Луари, Мон-Сен-Мішель!",3,Франкфурт-на-Майні – Париж – Фрагонар,ранкова екскурсія: Європейський Нью-Йорк – Франкфурт-на-Майні: 18€,"Сніданок. При бажанні групи ранкова екскурсія: Європейський Нью-Йорк – Франкфурт-на-Майні ( Дорослий: 18€ / Діти: 13€ ) Під час екскурсії ми побачимо поєднання сучасних традицій і справжньої німецької старовини. Банківський центр міста (район Манхеттен) рясніє Хмарочосами в кращих американских традіціях, тут життя вирує и кипить. У той же самий час вузькі вулички старого міста, фахверкові будинки і аромат місцевого яблучного вина змушує забути про Міську метушню,насолоджуйтесь атмосферою старої Німеччини. Переїзд в місто - безмежного захоплення - Париж, місто, про яке неможливо забути ... лише",600
https://www.accordtour.com/tours/6987,"Французький Каприз 4 дні в Парижі + Нормандія, долина Луари, Мон-Сен-Мішель!",4,Нормандія – Париж – парк Астерікс – Шампань – Етрета – Руан,,"Сніданок. Екскурсія Квартал Маре. Таємниці королів і не тільки... (входить у вартість туру) Від тамплієрів до Віктора Гюго. Прогулюючись по вуличках і затишним двориках кварталу, ми побачимо замок королеви Марго, улюблене місце дуелей дворян ХVII століття, найстаріший будинок в Парижі, що належав алхімікові Ніколя Фламелю, найдавніші підвали міста, резиденції графа Каліостро. Палац Сюллі, Площа Вогезів, Собор Сен Поль, Генрих 4, Катерина Медичі, Людовіки 13 та 14. місця, пов'язані з легендарними персонажами, чиї долі і слава нерозривно переплелися з долею кварталу Маре. Вільний час в Парижі. Є",600
https://www.accordtour.com/tours/6987,"Французький Каприз 4 дні в Парижі + Нормандія, долина Луари, Мон-Сен-Мішель!",5,Долина Луари – Мон-Сен-Мішель – Париж – Діснейленд,,"Сніданок. Вільний час в Парижі. Рекомендуємо відвідати на вибір: Країна Діснейленд (Трансфер: 26€ + вх. квиток Дорослий: 110€ / Діти до 11 років: 105€ ) Відвідання країни чудес – Діснейленд. Чарівний світ Діснея відкриває перед нами свої двері і, переступивши його поріг – ми стаємо героями дивовижних пригод. Це світ дітей та дорослих – країна фантазій, країна відкриттів і першовідкривачів. Всі мрійники зможуть вирушити у захоплюючу мандрівку на машині часу і здійснити політ до зірок... і ще багато-багато атракціонів і розважальних програм чекають нас в Діснейленді. Допомагаємо придбати квитки.",600
https://www.accordtour.com/tours/6987,"Французький Каприз 4 дні в Парижі + Нормандія, долина Луари, Мон-Сен-Мішель!",6,Версаль – Париж – Монпарнас – замок Во-ле-Віконт – Лувр,,"Сніданок. Виселення з готелю. Екскурсія Магічне серце Парижа - Нотр Дам і Латинський квартал. (входить у вартість туру) Нас чекає захоплююча подорож по наймальовничіших місцях Парижа. Екскурсія розпочнеться від знаменитого Собору Паризької Богоматері, свідка легендарних подій французької історії. Далі ми прогуляємося по самому дивовижному куточку Парижа - кварталу Маре. Вузькі вулиці, майже незаймані століттями, допоможуть нам здійснити подорож у часі, де нас чекають замок королеви Марго, площа Шатле і вежа Санжак. Закінчимо нашу екскурсію на площі всіх закоханих, можна сказати головній площі ",600
https://www.accordtour.com/tours/6987,"Французький Каприз 4 дні в Парижі + Нормандія, долина Луари, Мон-Сен-Мішель!",7,Гайдельберг – Нюрнберг – Прага,данок. При бажанні групи ранкова екскурсія: Місто Хайдельберг: 26€,"Сніданок. При бажанні групи ранкова екскурсія: Місто Хайдельберг ( Дорослий: 26€ / Діти до 12 років: 26€ ) Напівзруйнований замок-привид на горі, блакитна вода Неккара, старовинний міст, вузькі вулички старого міста, найстаріший університет країни, Вежа Відьом і головна пішохідна вулиця з безліччю чарівних магазинчиків і лавок - додає місту особливу чарівність. Після екскурсії ми отримаємо задоволення панорамними видами на місто з Філософської стежки, а також побачимо Хайдельбергский замок - один з найкрасивіших і романтичних в Німеччині. Переїзд по території Німеччини За бажанням групи. Казко",600
https://www.accordtour.com/tours/6987,"Французький Каприз 4 дні в Парижі + Нормандія, долина Луари, Мон-Сен-Мішель!",8,Прага – Брно – Львів,з готелю. Одна з екскурсій на вибір: Королівські Градчани...: 18€; ого граду – резиденції чеських князів. Брно - столиця Моравії: 18€,"Сніданок. Виселення з готелю. Одна з екскурсій на вибір: Королівські Градчани... ( Дорослий: 18€ / Діти до 16 років: 13€ ) Градчанська площа, Шварценбергский палац і зміна варти в Празького граду – резиденції чеських князів. Брно - столиця Моравії ( Дорослий: 18€ / Діти до 16 років: 18€ ) Це прекрасне чеське містечко храмів і монастирів, воно не схоже на інші чеські міста і тому дуже цікаве. Тут особливі люди, особливі характери, манера одягатись та й діалект інший - моравський... Це місто багате легендами та історичними пам'ятками. Переїзд по території Польщі Королівський шлях Краків ( Доросл",600
https://www.accordtour.com/tours/6228,"Вітаю, милий Амстердам!",1,Львів – Краків,,"Прибуття у Львів. Збір на залізничному вокзалі Львова. Відправлення в тур. Відправлення в тур. (Місце відправки: залізничний вокзал м.Львів, площа Двірцева 1). Перетин кордону. Переїзд до Кракова. Пропонуємо екскурсію Екскурсія Краків -королівський шлях (входить у вартість туру) Шлях, по якому протягом багатьох сторіч проїжджали польські королі: місце де переплітаються легенди... Найстаріша частина міста - Ринкова площа, один із найстаріших університетів Європи - Ягелонський університет, середньовічний центр торгівлі - торгові ряди, де Ви можете придбати сувеніри на згадку про проведені тут хв",600
https://www.accordtour.com/tours/6228,"Вітаю, милий Амстердам!",2,Берлін – Ганновер,сть відвідати на вибір: Автобусна екскурсія Берлін крізь часи: 26€,"Сніданок. Виселення з готелю. Переїзд в Берлін Оглядова екскурсія. Екскурсія Відвертість Берліну (входить у вартість туру) Пішохідна екскурсія по одному із найдивовижніших і найяскравіших міст на землі, де сучасність і традиції доповнюють одне одного дуже гармонійно, що найкрасивіші і таємничі куточки відкриті для нас. Кожен, хто приїжджає до Берліна, так чи інакше, потрапляє під магічну чарівливість цього міста, його живого і невимушеного шарму... Є можливість відвідати на вибір: Автобусна екскурсія Берлін крізь часи ( Дорослий: 26€ / Діти до 12 років: 18€ ) Автобусна екскурсія з фотопаузами.",600
https://www.accordtour.com/tours/6228,"Вітаю, милий Амстердам!",3,Амстердам – Волендам – Заансе Сханс,,"Сніданок. Приїзд в столицю - Амстердам - коштовний камінь в короні голландських королів! Екскурсія Амстердам – скарби минулого і теперішнього (входить у вартість туру) Cтарі ""вигнуті"" будівлі, бруківка, незліченні канали, набережні, які на 3 метри нижче рівня моря, чудові парки і плаваючі квіткові ринки створюють особливу атмосферу. Площа Дам і Королівський палац, Райксмузеум і знаменитий Будинок Рембрандта, єврейський квартал і діамантова фабрика, спадкоємиця ювелірних традицій – вся ця краса подвоєна дзеркалом води, чарівним відображенням якого можна милуватися вічно! Пропонуємо відвідати: Л",600
https://www.accordtour.com/tours/6228,"Вітаю, милий Амстердам!",4,Амстердам – парк Ефтелінг – Гаага – Делфт – Кекенгоф,ість відвідати на вибір: Королівський Парк квітів – Keukenhof: 18€; у в період з березня до травня) Голландська Венеція – Гітхорн: 48€,"Сніданок. Вільний час. Є можливість відвідати на вибір: Королівський Парк квітів – Keukenhof ( Дорослий: 18€ / Діти до 16 років: 18€ + вх. квиток) Пропонуємо відвідати парк квіткової розкоші – ""Кекенхоф"" – одне з найкрасивіших місць на планеті. Навряд чи можна словами передати всю красу, яка відкривається: алеї старих розлогих лип, струмки і мальовничі ставки, дзюрчання фонтанів, безперервний спів птахів і, звичайно, квіти!!! (в програмі туру в період з березня до травня) Голландська Венеція – Гітхорн ( Дорослий: 48€ / Діти: 38€ ) Цікаво, якби рай на Землі був можливий, яким би він був? Обов'я",600
https://www.accordtour.com/tours/6228,"Вітаю, милий Амстердам!",5,Амстердам – Утрехт – Брюссель – Антверпен – Ганновер,телю. Пропонуємо відвідати екскурсії на вибір: Квіткова казка: 30€,"Сніданок. Виселення з готелю. Пропонуємо відвідати екскурсії на вибір: Квіткова казка ( Дорослий: 30€ / Діти: 18€ ) Свою подорож ми почнемо з чудесного містечка Алсмеер, який славиться найбільшим в світі квітковим аукціоном. Аукціон продає квіти і рослини, які відправляються на літаках в усі точки земної кулі. Ми запрошуємо відвідати один з найдавніших міст Нідерландів. Далі, ми попрямуємо в головне місто Північної Голландії - квітковий Хаарлем, відомий як ""столиця тюльпанів"" і батьківщина знаменитого живописця Франса Халса. У місті збереглося безліч середньовічних будівель - готичних церков і",600
https://www.accordtour.com/tours/6228,"Вітаю, милий Амстердам!",6,Кведлінбург – Гослар,,"Сніданок. Виселення з готелю. Перлина Харца - Гослар (входить у вартість туру) Старовинне місто з середньовічним замком, резиденцією кайзера. Гуляючи по його вулицях, важко позбутися відчуття, що блукаєш десь в казці або, принаймні, по величезній декорації з затишними фахверковими будинками, віковою бруківкою, загадковими погребами... Місце чарівне, стільки краси, зібраної в одному місці дуже дивує. Старовинні вікна широко розкритими очима здивовано дивляться на сучасний світ. І запрошують нас в загадки часу й людських доль... Прогулянка з супроводжуючим. Є можливість відвідати на вибір: Загад",600
https://www.accordtour.com/tours/6228,"Вітаю, милий Амстердам!",7,Вроцлав – Львів,При бажанні групи ранкова екскурсія: Місто гномів - Вроцлав!: 18€,"Сніданок. Виселення з готелю. При бажанні групи ранкова екскурсія: Місто гномів - Вроцлав! ( Дорослий: 18€ / Діти: 13€ ) Екскурсія по місту 12 островів і більше 100 мостів! Старе місто є одним з найкрасивіших в Польщі, чарівна Ратуша зі старовинним сонячним годинником, а площа вроцлавського ринку займає друге за величиною місце, після Краківського. Для більшості це місто чудес, де кожен знайде частинку своєї мрії. Переїзд по території Польщі. Повернення в Україну. Перетин кордону. Пізнє прибуття у Львів. Після 01.00 Залежить від перетину кордонів. До нових зустрічей! <div class=""",586
https://www.accordtour.com/tours/6253,"Бонжур Лямур або 3 дні в Парижі! ...Париж, Діснейленд та Люксембург...",1,Львів – Вроцлав,ереїзд по Польщі. Пропонуємо екскурсію Місто гномів – Вроцлав: 18€; жен знайде частинку своєї мрії. Середньовічна корчма Вроцлава: 26€,"Збір на Львівському залізничному вокзалі. Відправлення в тур. (Місце відправки: залізничний вокзал м.Львів, площа Двірцева 1). Перетин кордонів. Переїзд по Польщі. Пропонуємо екскурсію Місто гномів – Вроцлав ( Дорослий: 18€ / Діти: 13€ ) Вроцлав – легендарна колиска Польщі! Старе Місто є одним з найкрасивіших в Польщі, чарівна Ратуша зі старовинним сонячним годинником, а площа вроцлавського ринку займає друге за величиною місце, після Краківського. Для більшості це місто чудес, де кожен знайде частинку своєї мрії. Середньовічна корчма Вроцлава ( Дорослий: 26€ / Діти: 21€ ) Ми повністю зануримо",600
https://www.accordtour.com/tours/6253,"Бонжур Лямур або 3 дні в Парижі! ...Париж, Діснейленд та Люксембург...",2,Вюрцбург – Бамберг – Франкфурт-на-Майні,єю красою баварське містечко Бамберг – місто на семи пагорбах: 38€,"Сніданок. Переїзд по території Німеччини Сьогодні ми відвідаємо старовинний Вюрцбург - батьківщину франконського вина. Екскурсія Перлинка Романтичної дороги замків - Вюрцбург (входить у вартість туру) Вузенькі вулички з гостроверхими будиночками приведуть нас від міської Ратуші і собору Св. Климента до резиденції Вюрцберзьких єпископів, яка за своєю красою не поступається Шенбруну і Версалю. Скрізь панує атмосфера гармонії та спокою... У вільний час рекомендуємо відвідати витончене за своєю красою баварське містечко Бамберг – місто на семи пагорбах ( Дорослий: 38€ / Діти: 30€ ) Місто, наче з к",600
https://www.accordtour.com/tours/6253,"Бонжур Лямур або 3 дні в Парижі! ...Париж, Діснейленд та Люксембург...",3,Париж – Монпарнас – ріка Сена – Ейфелева вежа,,"Сніданок. Переїзд в місто - безмежного захоплення - Париж, місто, про яке неможливо забути ... лише раз його відвідавши ... Пішохідна екскурсія Екскурсія Магія Парижа! (входить у вартість туру) Париж — місто, в яке закохуєшся з першого кроку. Бруківка, що зберігає сліди історії, балкони з кованими перилами, аромат кави й французьких духів у повітрі&hellip; Тут оживають сторінки книг і сцени з фільмів: Шанель, Саган, Джо Дассен, Бардо — дух Парижа в усьому. Прогулянка його вулицями — це прогулянка серцем. Музей парфумів Fragonard (входить у вартість туру) Музей парфумів Fragonard — де аромати р",600
https://www.accordtour.com/tours/6253,"Бонжур Лямур або 3 дні в Парижі! ...Париж, Діснейленд та Люксембург...",4,Долина Луари – Нормандія – Париж – Фонтенбло – Лувр,"сть відвідати на вибір: Яскрава Нормандія: скелі Етрета, Руан: 68€","Сніданок. Вільний час в Парижі. Є можливість відвідати на вибір: Яскрава Нормандія: скелі Етрета, Руан ( Дорослий: 68€ / Діти до 16 років: 50€ , до 6 років: 0€ ) Нормандія- це пейзажі, які хочеться зберегти назавжди. Скелі Етрета — мов картина, яку створила сама природа, і яку міг би підписати Моне. Аромати моря, сидру й свіжих морепродуктів у Трувілі — як спогад, що смакує щастям. Руан відкриє легенди Жанни д&rsquo;Арк, готичну велич і чар незабутнього французького дня. Чарівний світ - Діснейленд... 1 парк (Трансфер: 26€ + вх. квиток Дорослий: 110€ / Діти до 11 років: 105€ ) Чарівний світ Діс",600
https://www.accordtour.com/tours/6253,"Бонжур Лямур або 3 дні в Парижі! ...Париж, Діснейленд та Люксембург...",5,Париж – Версаль – Діснейленд – Фонтенбло – Нотр-Дам де парі (Собор Паризької Богоматері),"ти: Серце Парижа: Латинський квартал, острів Сіте та Нотр-Дам: 25€; аву й закохуватись у Париж знову. Лувр – енциклопедія століть: 38€","Сніданок. Виселення з готелю. Вільний час в Парижі. Усім бажаючим рекомендуємо відвідати: Серце Парижа: Латинський квартал, острів Сіте та Нотр-Дам ( Дорослий: 25€ / Діти до 16 років: 16€ , до 6 років: 0€ ) Латинський квартал — богемна душа Парижа. Старовинні вулички, Сорбонна, аромат круасанів і книжки на кожному кроці. Тут хочеться гуляти без карти, зупинятись на каву й закохуватись у Париж знову. Лувр – енциклопедія століть ( Дорослий: 38€ / Діти до 16 років: 30€ , до 6 років: 0€ + вх. квиток) Світ Мистецтва – світ геніїв, які залишили в дар людству великі шедеври. Зачинено у вівторок та в ",600
https://www.accordtour.com/tours/6253,"Бонжур Лямур або 3 дні в Парижі! ...Париж, Діснейленд та Люксембург...",6,Трір – Люксембург – Нюрнберг,,"Сніданок. Виселення з готелю. Переїзд в Трір. Оглядова екскурсія. Екскурсія Таємна мрія - Трір (входить у вартість туру) Ми побачимо символ міста - знамениті Чорні ворота, найбільші античні ворота в усьому світі, базиліку аулу Палатіна, побудовану імператором Костянтином, руїни імператорських терм, споруджені в Середні століття. А також палац курфюрста і Трірський Кафедральний Собор, в якому зберігається унікальна християнська реліквія (Топ Ісуса Христа), що ставить Трір в один ряд з такими великими містами як Віфлеєм і Єрусалим. Зовнішність Тріра дивовижний і чудовий, ошатний і неповторний ..",600
https://www.accordtour.com/tours/6253,"Бонжур Лямур або 3 дні в Парижі! ...Париж, Діснейленд та Люксембург...",7,Краків – Львів,готелю. Переїзд по території Польщі Королівський шлях Краків: 18€; адку про проведені тут хвилини... Краківський підземний музей: 16€,"Сніданок. Виселення з готелю. Переїзд по території Польщі Королівський шлях Краків ( Дорослий: 18€ / Діти: 13€ ) Шлях, по якому протягом багатьох сторіч проїжджали польські королі: місце де переплітаються легенди... Найстаріша частина міста - Ринкова площа, один із найстаріших університетів Європи - Ягелонський університет, середньовічний центр торгівлі – торгові ряди, де Ви можете придбати сувеніри на згадку про проведені тут хвилини... Краківський підземний музей ( Дорослий: 16€ / Діти: 16€ + вх. квиток) Один з найбільших підземних музеїв Європи – який розповість нам, яким був Краків кілька ",600
https://www.accordtour.com/tours/1118341/tab/tab_price,Любовне зізнання: Відень + Прага!,1,Львів – Брно,двідати. Ввечері пропонуємо екскурсію: Брно - столиця Моравії: 18€,"Збір групи на залізничному вокзалі. Відправлення в тур. (Місце відправки: залізничний вокзал м.Львів, площа Двірцева 1). Перетин кордону. При швидкому проходженні кордону і бажанні групи можливість відвідати. Ввечері пропонуємо екскурсію: Брно - столиця Моравії ( Дорослий: 18€ / Діти до 16 років: 18€ ) Це прекрасне чеське містечко храмів і монастирів, воно не схоже на інші чеські міста і тому дуже цікаве. Тут особливі люди, особливі характери, манера одягатись та й діалект інший - моравський... Це місто багате легендами та історичними пам'ятками. Переїзд в готель. Поселення і ночівля. <div cla",600
https://www.accordtour.com/tours/1118341/tab/tab_price,Любовне зізнання: Відень + Прага!,2,Прага – Градчани,час рекомендуємо відвідати: Прогулянка на кораблику по Влтаві: 38€,"Сніданок. Пішохідна екскурсія Екскурсія Прага – місто легенд (входить у вартість туру) Прага вважається одним з найкрасивіших міст Європи, яке багато століть захоплює і не перестає дивувати!!! Староміська площа та Астрономічний годинник, чудовий храм Діви Марії перед Тином, легендарний Карлів міст, Золота вуличка, Вацлавська площа, Карлова вулиця... Всього й не перерахувати! Усю цю красу ми, безсумнівно, бачили на картинках, чули про них, але, мабуть, досить мріяти, пора все це побачити своїми очима... У вільний час рекомендуємо відвідати: Прогулянка на кораблику по Влтаві ( Дорослий: 38€ / Ді",600
https://www.accordtour.com/tours/1118341/tab/tab_price,Любовне зізнання: Відень + Прага!,3,Відень – Прага,уємо відвідати: Королівський відпочинок – курорт Карлові Вари: 30€; ю музикою курортних оркестрів... Кутна Гора і замок Штейнберг: 36€,"Сніданок. Вільний час в Празі У вільний час рекомендуємо відвідати: Королівський відпочинок – курорт Карлові Вари ( Дорослий: 30€ / Діти: 26€ ) Наш шлях веде в одну з мальовничих долин в Західній Чехії, в курортне місто – Карлові Вари. Це царство мінеральних джерел, лікеру Бехеровка, скла та порцеляни. Місто з чудовою архітектурою, спокійним дзюрчанням води, солодким запахом вафель та романтичною музикою курортних оркестрів... Кутна Гора і замок Штейнберг ( Дорослий: 36€ / Діти: 30€ ) Це старовинне місто срібних рудокопів із затишними маленькими будиночками, кам'яною бруківкою та магазинчиками",600
https://www.accordtour.com/tours/1118341/tab/tab_price,Любовне зізнання: Відень + Прага!,4,Відень – Вахау,нуємо відвідати на вибір: Автобусна екскурсія Величний Відень: 26€,"Сніданок. Вільний день у Відні. У вільний час пропонуємо відвідати на вибір: Автобусна екскурсія Величний Відень ( Дорослий: 26€ / Діти до 16 років: 21€ , до 5 років: 0€ ) Таємниче середньовіччя, блискуче 19 століття, круговорот музики, історії, мистецтва – все це Відень, неповторний і прекрасний! ""Це моя воля!"" – цими словами імператор Франц Йосиф розпорядився про будівництво Рінгштрассе, де велично розташувалися будівлі Парламенту, Ратуші, Бургтеатра. Ми також побачимо найвеселішу пам'ятку – химерний будинок Хундертвасер! А на завершення екскурсії – ""відвідаємо"" принца Євгенія Савойського і ",600
https://www.accordtour.com/tours/1118341/tab/tab_price,Любовне зізнання: Відень + Прага!,5,Львів,отелю. Переїзд в Угорщину. Запрошуємо відвідати Таємнича Буда: 18€; ський Палац! Дегустація вин та смачний гуляш в Долині Красунь: 25€,"Ранній сніданок Виселення з готелю. Переїзд в Угорщину. Запрошуємо відвідати Таємнича Буда ( Дорослий: 18€ / Діти до 16 років: 13€ , до 6 років: 0€ ) Один з самих романтичних та старовинних куточків Будапешта... Ніби маленьке середньовічне місто з мальовничими вуличками і стародавніми будівлями... Будайська фортеця, Рибацький бастіон, собор св. Матяша, пам'ятник Святій Трійці і... сам Королівський Палац! Дегустація вин та смачний гуляш в Долині Красунь ( Дорослий: 25€ / Діти до 16 років: 18€ ) Рекомендуємо дегустацію егерських вин і смачний гуляш в Долині Красунь!!! Найвідоміше вино – ""Бича Кр",600
https://www.accordtour.com/tours/6668,"Бонжорно, Італія + Швейцарія!",1,Львів – Краків,бажанні групи і наявності часу. Казімеж – особлива атмосфера: 18€; богемний район із креативним настроєм Пива багато не буває: 30€,"Відправлення в тур. (Місце відправки: залізничний вокзал м.Львів, площа Двірцева 1) Переїзд по Україні, перетин кордонів. Прибуття в Краків. Екскурсія Королівський Краків (входить у вартість туру) Краків — місто легенд, мистецтва і шарму. Тут хочеться загубитись у вуличках, зупинитись на каву і закохатись у момент. При бажанні групи і наявності часу. Казімеж – особлива атмосфера ( Дорослий: 18€ / Діти до 16 років: 13€ , до 5 років: 0€ ) Казімеж — богемний район із креативним настроєм Пива багато не буває ( Дорослий: 30€ / Діти: 26€ ) У Польщі варять гарне пиво і знають про нього безліч історій",600
https://www.accordtour.com/tours/6668,"Бонжорно, Італія + Швейцарія!",2,Зальцбург – Гальштат,ідчути. За бажанням групи. Озерний рай – долина Зальцкамергут: 46€,"Сніданок. Переїзд в Австрію. Екскурсія Зальцбург – звуки музики (входить у вартість туру) Зальцбург — альпійська казка, де звучить музика Моцарта і живе дух бароко. Його називають північною Флоренцією за велич і витонченість. Тут — палаци, собори, фонтани, сади й атмосфера мистецтва, яка проникає в кожен крок. Це місто, яке хочеться не просто побачити — а відчути. За бажанням групи. Озерний рай – долина Зальцкамергут ( Дорослий: 46€ / Діти до 16 років: 36€ , до 5 років: 0€ ) Понад 50 кришталево чистих озер, альпійські містечка з пастельними фасадами та пейзажі, які виглядають ніби з обкладинки",600
https://www.accordtour.com/tours/6668,"Бонжорно, Італія + Швейцарія!",3,Ліхтенштейн – Цюрих – Рейнський водоспад – Люцерн – Мюлуз,групи і наявності часу. Ліхтенштейн: Князівство на долоні...: 20€,"Сніданок. При бажанні групи і наявності часу. Ліхтенштейн: Князівство на долоні... ( Дорослий: 20€ / Діти до 16 років: 16€ ) Князівство Ліхтенштейн - одна з найменших країн Європи, розміром усього 160 км&sup2;, але з великим характером. Його столиця Вадуц - затишне гірське містечко з атмосферою швейцарського спокою й міжнародного стилю. Головна перлина - князівський замок на пагорбі, резиденція правлячої родини, частини якої збереглися ще з XII століття. Мініатюрна держава, що дивує кожного, хто шукає щось особливе. Швейцарія - це рай, її уявляють по-різному і лише опинившись тут кожен знаходи",600
https://www.accordtour.com/tours/6668,"Бонжорно, Італія + Швейцарія!",4,Люцерн – Лугано – Гребля Верзаска – Мілан,з екскурсій на вибір: Бернський Оберланд і долина водоспадів: 46€,"Сніданок. Одна з екскурсій на вибір: Бернський Оберланд і долина водоспадів ( Дорослий: 46€ / Діти до 11 років: 36€ ) Глянцева Швейцарія в реальності: озера кольору неба, засніжені вершини, альпійські пейзажі та тиша хвойних лісів. Ми завітаємо в Інтерлакен — місто між двома озерами, і вирушимо до Лаутербруннена — найглибшої долини світу з 72 водоспадами. За бажанням — відвідаємо унікальний підземний водоспад Трюммельбах. Ідеально для фото, спогадів і внутрішнього &ldquo;вау&rdquo; (вх. квиток). Переїзд по Швейцарії. Екскурсія Лугано – сонячний діамант Швейцарії (входить у вартість туру) Швейц",600
https://www.accordtour.com/tours/6668,"Бонжорно, Італія + Швейцарія!",5,озеро Комо – Мілан – Бергамо,ли. Вільний час. Для бажаючих: Озеро Комо - джерело натхнення: 38€,"Сніданок. Переїзд в Мілан. Екскурсія Мілан – столиця моди (входить у вартість туру) Мілан – мрія багатьох модниць, місто-бутік, звідки неможливо поїхати без покупки. Мілан поєднує в собі середньовічні пам'ятники і ультрасучасні квартали. Вільний час. Для бажаючих: Озеро Комо - джерело натхнення ( Дорослий: 38€ / Діти: 30€ ) Протягом століть озеро Комо заворожувало своєю чарівною красою. Мальовнича природа, селища в середньовічному стилі, розкішні вілли і сади, а в центрі - блакитна дзеркальна гладь озера, немов перекинуте на землю небо, завершує картину пишноти природи. Бергамо... Два в одному",600
https://www.accordtour.com/tours/6668,"Бонжорно, Італія + Швейцарія!",6,Венеція – Острови Мурано та Бурано,з чим. Вільний час або екскурсії на вибір: Вся краса Венеції!: 38€,"Сніданок. Переїзд в Венецію. (дод. опл. громадський транспорт- 30€/26€) Екскурсія Заручена з морем Венеція (входить у вартість туру) Місто на воді, де кам&rsquo;яна казка пливе крізь час. Венеція — це карнавальні маски, гондоли, дзвони Сан-Марко і аромати справжньої італійської кави. Тут канали шепочуть історії, а кожен куточок — як сцена з фільму. Атмосфера, яку не сплутаєш ні з чим. Вільний час або екскурсії на вибір: Вся краса Венеції! ( Дорослий: 38€ / Діти до 16 років: 30€ , до 6 років: 15€ ) Водний круїз- Прогулянка на водному таксі головною &laquo;вулицею&raquo; Венеції — це мандрівка п",600
https://www.accordtour.com/tours/6668,"Бонжорно, Італія + Швейцарія!",7,Відень – Брно – Краків – Львів,За бажанням групи. Одна з екскурсій на вибір: Величний Відень: 26€,"Сніданок. За бажанням групи. Одна з екскурсій на вибір: Величний Відень ( Дорослий: 26€ / Діти до 16 років: 21€ , до 5 років: 0€ ) Таємниче середньовіччя, блискуче 19 століття, круговорот музики, історії, мистецтва – все це Відень, неповторний і прекрасний! ""Це моя воля!"" – цими словами імператор Франц Йосиф розпорядився про будівництво Рінгштрассе, де велично розташувалися будівлі Парламенту, Ратуші, Бургтеатра. Ми також побачимо найвеселішу пам'ятку – химерний будинок Хундертвасер! А на завершення екскурсії – ""відвідаємо"" принца Євгенія Савойського і побачимо дивовижний за своєю красою замок",600
https://www.accordtour.com/tours/633136,"Дивовижний світ 4 дні в Швейцарії Женева, Берн, Люцерн + Монблан",1,Львів – Краків,,"Збір на залізничному вокзалі м. Львів. Відправлення в тур з залізничного вокзалу Львова. (площа Двірцева 1). Переїзд по Україні, перетин кордонів. Екскурсія Королівський Краків (входить у вартість туру) Краків — місто легенд, мистецтва і шарму. Тут хочеться загубитись у вуличках, зупинитись на каву і закохатись у момент. Переїзд на нічліг. Ночівля. <div class=""",363
https://www.accordtour.com/tours/633136,"Дивовижний світ 4 дні в Швейцарії Женева, Берн, Люцерн + Монблан",2,Зальцбург – Гальштат,ідчути. За бажанням групи. Озерний рай – долина Зальцкамергут: 46€,"Сніданок. Переїзд в Австрію. Екскурсія Зальцбург – звуки музики (входить у вартість туру) Зальцбург — альпійська казка, де звучить музика Моцарта і живе дух бароко. Його називають північною Флоренцією за велич і витонченість. Тут — палаци, собори, фонтани, сади й атмосфера мистецтва, яка проникає в кожен крок. Це місто, яке хочеться не просто побачити — а відчути. За бажанням групи. Озерний рай – долина Зальцкамергут ( Дорослий: 46€ / Діти до 16 років: 36€ , до 5 років: 0€ ) Понад 50 кришталево чистих озер, альпійські містечка з пастельними фасадами та пейзажі, які виглядають ніби з обкладинки",600
https://www.accordtour.com/tours/633136,"Дивовижний світ 4 дні в Швейцарії Женева, Берн, Люцерн + Монблан",3,Берн – Трюммельбах – Інтерлакен – Мюррен,,"Сніданок. Швейцарія - це рай, її уявляють по-різному і лише опинившись тут кожен знаходить те, що шукав. Сьогодні нас чекають Заповітні куточки Швейцарії: прекрасні гори із засніженими вершинами, альпійські луки, глибокі озера, затишні шалле і святкові альпійські будиночки. Екскурсія Столиця Швейцарії Берн (входить у вартість туру) Прекрасні парки, чудовий Бернський собор, Вартова вежа з астрономічним годинником, де в кінці кожної години можна побачити маленьку виставу, ведмежа яма, в якій з давніх давен живуть ведмеді – почесні жителі міста, символом якого вони є, а чудовий шоколад &laquo;Таб",600
https://www.accordtour.com/tours/633136,"Дивовижний світ 4 дні в Швейцарії Женева, Берн, Люцерн + Монблан",4,Женева – Лозанна – Шийонський замок,ля бажаючих Швейцарська Рив єра і цукерочка на ім я Швейцарія: 68€,"Сніданок. Екскурсія Женева – вишукана дама (входить у вартість туру) Розташувалась на березі чарівного озера Женева, розповідає нам свою історію: Палац Націй, штаб-квартира ООН, Товариство Червоного Хреста. Женева постане перед нами в образі чарівної казки ... Для бажаючих Швейцарська Рив єра і цукерочка на ім я Швейцарія ( Дорослий: 68€ / Діти до 12 років: 46€ + вх. квиток) Швейцарія дивує своєю красою – затишними містами і чудовими будівлями, але справжнє багатство цієї країни – її неповторна природа... Перлина Швейцарської Рив'єри місто Лозанна. Чарівна набережна Вуха Лозанни, де розкинувся",600
https://www.accordtour.com/tours/633136,"Дивовижний світ 4 дні в Швейцарії Женева, Берн, Люцерн + Монблан",5,Ансі – Монблан – Грюйєр,тативні екскурсії на вибір: Незвичайна Франція і гора Монблан: 48€,"Сніданок. Вільний час. Пропонуємо факультативні екскурсії на вибір: Незвичайна Франція і гора Монблан ( Дорослий: 48€ / Діти до 12 років: 38€ + вх. квиток) Ми їдемо підкорювати саму найвищу точку західної Європи - альпійську вершину Монблан (4807 м), яка була і є джерелом натхнення поетів і художників. Хто приїхав сюди одного разу, назавжди залишиться у полоні гірських вершин, освітлених променями Сонця, коли гірський масив Монблан розцвітає гігантською пурпуровою квіткою, піднімаючись над альпійською долиною. Зупинка в місті Шамоні . У вільний час ми рекомендуємо піднятися по найвищій канатні",600
https://www.accordtour.com/tours/633136,"Дивовижний світ 4 дні в Швейцарії Женева, Берн, Люцерн + Монблан",6,Цюрих – Люцерн – Рейнський водоспад,в місто з першого погляду. За бажанням групи. Чарівний Люцерн: 38€,"Сніданок. Екскурсія Неповторний Цюрих (входить у вартість туру) Цюрих - стильне серце Швейцарії, де фінансовий престиж поєднується з альпійським спокоєм. Тут життя пульсує на елегантній Банхофштрассе, а поруч — блиск Цюрихського озера й краєвиди засніжених вершин. Вуличні музиканти, дизайнерські бутики, старовинна архітектура і келих кави з видом - усе тут створено для того, щоб закохатися в місто з першого погляду. За бажанням групи. Чарівний Люцерн ( Дорослий: 38€ / Діти до 16 років: 30€ ) Нас чекає маленьке місто-казка дуже милий і гостинний Люцерн. Люцерн – туристична столиця Швейцарії і н",600
https://www.accordtour.com/tours/633136,"Дивовижний світ 4 дні в Швейцарії Женева, Берн, Люцерн + Монблан",7,Львів – Прага,ти екскурсії і програми на вибір: Таємниці королів – Градчани: 18€,"Сніданок. Екскурсія Зустріч з Прагою (входить у вартість туру) У лабіринтах маленьких вуличок ви поринете в таємничу атмосферу Старого міста. Староміська площа та Астрономічний годинник з небесною механікою на ратуші, Карлова вулиця... І Карлів міст! Потрібно тут зупинитися для того, щоб загадати бажання! Рекомендуємо відвідати екскурсії і програми на вибір: Таємниці королів – Градчани ( Дорослий: 18€ / Діти до 16 років: 13€ , до 6 років: 0€ ) Дізнатися про життя королів і придворних, про палацові інтриги і змови, злочини і покарання, які відбувалися з найсвітліших спонукань – в ім'я віри і де",600
https://www.accordtour.com/tours/111013,Святкова Прага!!! Виїзд з Києва,1,Київ – Краків,всіх бажаючих рекомендуємо екскурсії: Серце Кракова – Казімеж: 18€,"Виїзд в тур з Києва. Місце відправлення: Південний термінал, залізничний вокзал. По маршруту зупинки для посадки туристів в Житомирі, Рівному (час і місце посадки буде вказано додатково в інфолисті). Можливість приєднатись до туру у Львові. Залізничний вокзал: пл. Двірцева, 1. Перетин кордону. Переїзд в Краків. Оглядова екскурсія Екскурсія Королівський Краків (входить у вартість туру) Краків — місто легенд, мистецтва і шарму. Тут хочеться загубитись у вуличках, зупинитись на каву і закохатись у момент. Для всіх бажаючих рекомендуємо екскурсії: Серце Кракова – Казімеж ( Дорослий: 18€ / Діти: 13",600
https://www.accordtour.com/tours/111013,Святкова Прага!!! Виїзд з Києва,2,Прага – Градчани – Влтава,Вільний час. Для всіх бажаючих: Таємниці королів – Градчани: 18€,"Сніданок. Переїзд в Прагу. Оглядова екскурсія. Екскурсія Прага – місто легенд (входить у вартість туру) Прага вважається одним з найкрасивіших міст Європи, яке багато століть захоплює і не перестає дивувати !!! Кожна людина Прагу, безсумнівно, бачила на картинках, чула про неї, але, мабуть, досить мріяти, пора все це побачити своїми очима ... Вільний час. Для всіх бажаючих: Таємниці королів – Градчани ( Дорослий: 18€ / Діти до 16 років: 13€ , до 6 років: 0€ ) Дізнатися про життя королів і придворних, про палацові інтриги і змови, злочини і покарання, які відбувалися з найсвітліших спонукань – ",600
https://www.accordtour.com/tours/111013,Святкова Прага!!! Виїзд з Києва,3,Прага – Дрезден – Саксонська Швейцарія – Дрезденська картинна галерея,ів. У вільний час рекомендуємо відвідати: Саксонський Дрезден: 38€,"Сніданок. Вільний час для шопінгу в Празі. Чехія дуже популярна як країна, де можна обзавестися хорошими речами. Прага - це центр місцевого шопінгу. Тут можна купити все, що завгодно. Знамениті чеські гранати, вироби з влтавіна і богемського скла. Кришталеві люстри і біжутерія, а ще взуття та одяг. І, звичайно ж, величезна кількість сувенірів. У вільний час рекомендуємо відвідати: Саксонський Дрезден ( Дорослий: 38€ / Діти: 30€ ) Протягом семи століть місто було резиденцією герцогів і королів. Дрезден відомий своїми архітектурними ансамблями, скарбами музеїв, колекціями живопису і прекрасною п",600
https://www.accordtour.com/tours/111013,Святкова Прага!!! Виїзд з Києва,4,Прага – Чеський Крумлов – Карлові Вари – Кутна Гора,ідати на вибір: Королівський відпочинок – курорт Карлові Вари: 30€; урортних оркестрів... Мальовнича і романтична Південна Чехія.: 38€,"Сніданок. Вільний час в Празі. У вільний час рекомендуємо відвідати на вибір: Королівський відпочинок – курорт Карлові Вари ( Дорослий: 30€ / Діти: 26€ ) Наш шлях веде в одну з мальовничих долин в Західній Чехії, в курортне місто – Карлові Вари. Це царство мінеральних джерел, лікеру Бехеровка, скла та порцеляни. Місто з чудовою архітектурою, спокійним дзюрчанням води, солодким запахом вафель та романтичною музикою курортних оркестрів... Мальовнича і романтична Південна Чехія. ( Дорослий: 38€ / Діти: 33€ ) Романтичний край з безкрайніми лісами та озерами, маленькими містечками, старовинними зам",600
https://www.accordtour.com/tours/111013,Святкова Прага!!! Виїзд з Києва,5,Львів – Рівне – Житомир – Київ,,"Переїзд по території Польщі. Повернення в Україну. Перетин кордону. Санітарна зупинка у Львові. Місце зупинки ж.д вокзал м. Львів. Можливість завершити тур у Львові. Для всіх, хто хоче більше пізнати Львів, пропонуємо екскурсії: Серце Львова – Старе місто ( Дорослий: 100грн. / Діти до 12 років: 80грн. ) Львів - прекрасний і романтичний, в ньому свій шарм і краса. Сьогодні ми пройдемо старовинними вузькими вуличками, де зможемо відчути дух та атмосферу середньовічних кварталів, помилуватися архітектурними шедеврами, які створювалися багатьма поколіннями талановитих львів&rsquo;ян. Площа Ринок, ",600
https://www.accordtour.com/tours/6858,Прикольними містами: Дрезден + Прага + Брно + Краків!!!,1,Львів – Краків,Рекомендуємо відвідати на вибір: Казімеж – особлива атмосфера: 18€; богемний район із креативним настроєм Пива багато не буває: 30€,"Збір на Львівському залізничному вокзалі. Перетин кордону. Переїзд по території Польщі Переїзд до Кракова. Екскурсія Королівський Краків (входить у вартість туру) Краків — місто легенд, мистецтва і шарму. Тут хочеться загубитись у вуличках, зупинитись на каву і закохатись у момент. Рекомендуємо відвідати на вибір: Казімеж – особлива атмосфера ( Дорослий: 18€ / Діти до 16 років: 13€ , до 5 років: 0€ ) Казімеж — богемний район із креативним настроєм Пива багато не буває ( Дорослий: 30€ / Діти: 26€ ) У Польщі варять гарне пиво і знають про нього безліч історій. Пропонуємо Вам спробувати польську ",600
https://www.accordtour.com/tours/6858,Прикольними містами: Дрезден + Прага + Брно + Краків!!!,2,Дрезден – Саксонська Швейцарія – Усті-над-Лабем,с пропонуємо відвідати на вибір: Дрезденська картинна галерея: 18€,"Сніданок. Переїзд в Дрезден Пропонуємо екскурсію Екскурсія Зустріч в Дрездені (входить у вартість туру) Протягом семи століть місто було резиденцією герцогів і королів. Дрезден відомий своїми архітектурними ансамблями, скарбами музеїв, колекціями живопису і прекрасною панорамою берегів Ельби. Екскурсія по Старому місту – Театральна площа з Дрезденською оперою в центрі. Розкішні будівлі Цвінгера. У вільний час пропонуємо відвідати на вибір: Дрезденська картинна галерея ( Дорослий: 18€ / Діти до 16 років: 16€ + вх. квиток) У галереї старих майстрів одне з найбільших у світі зібрань живопису XV-X",600
https://www.accordtour.com/tours/6858,Прикольними містами: Дрезден + Прага + Брно + Краків!!!,3,Прага – Карлові Вари,час рекомендуємо відвідати: Прогулянка на кораблику по Влтаві: 38€,"Сніданок. Пішохідна екскурсія Екскурсія Прага – місто легенд (входить у вартість туру) Прага вважається одним з найкрасивіших міст Європи, яке багато століть захоплює і не перестає дивувати!!! Староміська площа та Астрономічний годинник, чудовий храм Діви Марії перед Тином, легендарний Карлів міст, Золота вуличка, Вацлавська площа, Карлова вулиця... Всього й не перерахувати! Усю цю красу ми, безсумнівно, бачили на картинках, чули про них, але, мабуть, досить мріяти, пора все це побачити своїми очима... У вільний час рекомендуємо відвідати: Прогулянка на кораблику по Влтаві ( Дорослий: 38€ / Ді",600
https://www.accordtour.com/tours/6858,Прикольними містами: Дрезден + Прага + Брно + Краків!!!,4,Брно – Моравський Крас – Львів,реїзд в Брно Всім бажаючим пропонуємо: Брно - столиця Моравії: 18€; ричними пам'ятками. Унікальна краса Моравії – Моравський Крас: 18€,"Ранній сніданок Переїзд в Брно Всім бажаючим пропонуємо: Брно - столиця Моравії ( Дорослий: 18€ / Діти до 16 років: 18€ ) Це прекрасне чеське містечко храмів і монастирів, воно не схоже на інші чеські міста і тому дуже цікаве. Тут особливі люди, особливі характери, манера одягатись та й діалект інший - моравський... Це місто багате легендами та історичними пам'ятками. Унікальна краса Моравії – Моравський Крас ( Дорослий: 18€ / Діти: 13€ + вх. квиток) На північному сході Чехії є природний заповідник – Моравський Крас. Тут, в надрах моравської землі ховається цілий світ підземних палаців і галер",600
https://www.accordtour.com/tours/1118312,"Мюнхен і компанія: Краків, Прага, Відень!",1,Львів – Краків,,"Зустріч на залізничному вокзалі Львів ( пл. Двірцева 1) Перетин кордону. Відправлення в тур. Переїзд до Кракова. Оглядова екскурсія. Екскурсія Краків -королівський шлях (входить у вартість туру) Шлях, по якому протягом багатьох сторіч проїжджали польські королі: місце де переплітаються легенди... Найстаріша частина міста - Ринкова площа, один із найстаріших університетів Європи - Ягелонський університет, середньовічний центр торгівлі - торгові ряди, де Ви можете придбати сувеніри на згадку про проведені тут хвилини... Рекомендуємо відвідати на вибір: Польський Акрополь Вавельський замок ( Доро",600
https://www.accordtour.com/tours/1118312,"Мюнхен і компанія: Краків, Прага, Відень!",2,Прага – Мюнхен,час рекомендуємо відвідати: Прогулянка на кораблику по Влтаві: 36€,"Сніданок. Пішохідна екскурсія Екскурсія Прага – місто легенд (входить у вартість туру) Прага вважається одним з найкрасивіших міст Європи, яке багато століть захоплює і не перестає дивувати!!! Староміська площа та Астрономічний годинник, чудовий храм Діви Марії перед Тином, легендарний Карлів міст, Золота вуличка, Вацлавська площа, Карлова вулиця... Всього й не перерахувати! Усю цю красу ми, безсумнівно, бачили на картинках, чули про них, але, мабуть, досить мріяти, пора все це побачити своїми очима... У вільний час рекомендуємо відвідати: Прогулянка на кораблику по Влтаві ( Дорослий: 36€ / Ді",600
https://www.accordtour.com/tours/1118312,"Мюнхен і компанія: Краків, Прага, Відень!",3,Мюнхен – Замок Нойшванштайн,ені запрошуємо відвідати на вибір: Фантазії короля Людвіга...: 48€,"Сніданок. Екскурсія Екскурсія Мюнхен – Легенда Баварії... (входить у вартість туру) Нас запрошує ""Німецький Рим"" – місто з чудовою атмосферою гостинності, по якому хочеться блукати з ранку до вечора... Нігде в Німеччині так не оберігають народні традиції, як тут, і навіть національні костюми носять не тільки у свята. Мюнхен славиться дивовижною історією, всесвітньо відомим пивом, смаженими ковбасками і найбільшим в світі святом ""Октоберфест"". У вільний час в Мюнхені запрошуємо відвідати на вибір: Фантазії короля Людвіга... ( Дорослий: 48€ / Діти: 48€ + вх. квиток) На півдні Німеччини, біля під",600
https://www.accordtour.com/tours/1118312,"Мюнхен і компанія: Краків, Прага, Відень!",4,Відень – Львів,Запрошуємо на екскурсію Пішохідна екскурсія Віденський вальс: 18€,"Сніданок. Пересування на громадському транспорті (квитки на транспорт оплачуються додатково). Вільний час у Відні. Запрошуємо на екскурсію Пішохідна екскурсія Віденський вальс ( Дорослий: 18€ / Діти: 18€ ) Таємниче середньовіччя, блискуче 19 століття, звуки музики, історії, мистецтва - все це Відень, неповторний, гордий та прекрасний! &laquo;Це моя воля!&raquo; - Цими словами імператор Франц Йосиф розпорядився про будівництво Рінгштрассе, де велично розташувалися будівлі Парламенту, Ратуші, Бургтеатра. Ми прогуляємося по самому серцю Відня: площа Марії Терезії, імперський Хофбург, Кертнер, Гра",600
https://www.accordtour.com/tours/1118338,"Відень, я вже їду!",1,Львів – Краків – Краківський Аквапарк,,"Відправлення в тур. (Місце відправки: залізничний вокзал м.Львів, площа Двірцева 1) Можливість приєднатись до туру у Львові. Залізничний вокзал: пл. Двірцева, 1. Перетин кордону. Переїзд в Краків. Екскурсія Королівський шлях Краків (входить у вартість туру) Шлях, по якому протягом багатьох сторіч проїжджали польські королі: місце де переплітаються легенди... Найстаріша частина міста - Ринкова площа, один із найстаріших університетів Європи - Ягелонський університет, середньовічний центр торгівлі – торгові ряди, де Ви можете придбати сувеніри на згадку про проведені тут хвилини... Ласощі польсь",600
https://www.accordtour.com/tours/1118338,"Відень, я вже їду!",2,Відень – Шенбрунн – Палац Бельведер,У вільний час пропонуємо відвідати на вибір: Величний Відень: 26€,"Сніданок. Прибуття до Відня. Оглядова екскурсія. Екскурсія Відень – класика звуків (входить у вартість туру) Одна з найчарівніших і найпривабливіших столиць Європи... Місто відомих палаців і широких імперських площ, місто художників і великих музикантів, місто ароматної кави і знаменитого яблучного штруделя... Віденська опера, Хофбург – офіційна імператорська резиденція, Ринг, Ратуша, Парламент, собор святого Стефана... мистецтво і музика, цукерки і романтика... Ось такий Він – Відень!!! У вільний час пропонуємо відвідати на вибір: Величний Відень ( Дорослий: 26€ / Діти: 21€ ) Таємниче середнь",600
https://www.accordtour.com/tours/1118338,"Відень, я вже їду!",3,Відень – Долина Красунь – Мельк – замок Кройцштайн – Баден – Будапешт,опонуємо відвідати екскурсії на вибір: Казки віденського лісу: 38€,"Сніданок. Вільний час. Пропонуємо відвідати екскурсії на вибір: Казки віденського лісу ( Дорослий: 38€ / Діти: 30€ + вх. квиток) Під час екскурсії ми відвідаємо Абатство Святого Хреста, заснованого монахами в 12 столітті. Потім зупинимося біля середньовічного замку Ліхтенштейн, а ще - обов'язково відвідаємо милий і романтичний Баден, сповнений ідилії і чарівності, розташований всього в 26 км від Відня - близько і в той же час досить далеко, щоб дозволити відпочити від суєти і шуму великого міста. Здається, що час тут призупинив свій біг, щоб не турбувати спокій людини і дати йому можливість по",600
https://www.accordtour.com/tours/1118338,"Відень, я вже їду!",4,Будапешт – Мукачево – Львів,ата) Заряд бадьорості та енергії на цілий день! Таємнича Буда: 18€; Трійці і... і сам Королівський Палац! Будапешт з гори Геллерт: 10€,"Сніданок. Для всіх бажаючих рекомендуємо Термальні купальні графа Сечені (дод. оплата) Заряд бадьорості та енергії на цілий день! Таємнича Буда ( Дорослий: 18€ / Діти: 13€ ) Це одне із найромантичніших і старовинних куточків Будапешту... Ніби маленьке середньовічне місто з мальовничими вуличками і стародавніми будівлями... Будайська фортеця, Рибацький бастіон, Будайський Лабіринт, собор св. Матяша, пам'ятник Святій Трійці і... і сам Королівський Палац! Будапешт з гори Геллерт ( Дорослий: 10€ / Діти: 8€ ) У Будапешті створені всі умови для любителів фотографій. Таке враження, що ще на етапі спо",600
https://www.accordtour.com/tours/818368,Французька мрія... Діснейленд Париж + Люксембург,1,Львів – Варшава,При бажанні групи і наявності часу. Варшава – місто королів: 18€,"Відправлення в тур Старт нашої подорожі — зі Львова, а саме з площі Двірцевої (ориєнтир -залізничний вокзал). Звідси починається пригода, яку ви точно запам&rsquo;ятаєте: нові місця, сотні фото й море вражень. Переїзд територією України, перетин кордону — і ми вже в Європі! При бажанні групи і наявності часу. Варшава – місто королів ( Дорослий: 18€ / Діти до 16 років: 13€ , до 6 років: 0€ ) Вечірня екскурсія по місту королівських резиденцій, місту музики Шопена, місту, в якому панує неповторна і унікальна атмосфера. Вся краса відбивається в ріці Вісла, над якою височить символ польської столиц",600
https://www.accordtour.com/tours/818368,Французька мрія... Діснейленд Париж + Люксембург,2,Берлін,бачити сучасне. У вільний час рекомендуємо: Берлін крізь часи: 30€,"Сніданок. Переїзд в Берлін. Екскурсія Велич могутнього Берліну (входить у вартість туру) Берлін – величезний мегаполіс. Нам здасться, що ми подорожуємо у машині часу, бо тут можна потрапити в майбутнє і опинитись в минулому, а прогулюючись розкішними вулицями і проспектами, ми зможемо побачити сучасне. У вільний час рекомендуємо: Берлін крізь часи ( Дорослий: 30€ / Діти до 16 років: 25€ , до 6 років: 0€ ) Автобусна екскурсія з фото паузами. Запрошуємо перегорнути сторінку історії і побачити Берлін таким, який він є зараз: могутній Рейхстаг, величний Берлінський собор, колона Перемоги, і – візи",600
https://www.accordtour.com/tours/818368,Французька мрія... Діснейленд Париж + Люксембург,3,Діснейленд – Париж – Лувр – Версаль – Монмартр – Ейфелева вежа,"ір: Серце Парижа: Латинський квартал, острів Сіте та Нотр-Дам: 25€","Переїзд у Францію. Прибуття в Діснейленд. Квиток можна придбати разом із туром або самостійно. Трансфер в Діснейленд (входить у вартість туру) Діснейленд - країна мрій (Трансфер: 0€ + вх. квиток Дорослий: 110€ / Діти до 11 років: 105€ ) Програма у Діснейленді завершується неймовірним Disney Magic-шоу, де казкові історії оживають у світлі тисячі вогнів. Після завершення шоу - трансфер в готель. Париж без Діснейленду: зручна поїздка громадським транспортом (оплата самостійно). Вільний час або екскурсії на вибір: Серце Парижа: Латинський квартал, острів Сіте та Нотр-Дам ( Дорослий: 25€ / Діти до ",600
https://www.accordtour.com/tours/818368,Французька мрія... Діснейленд Париж + Люксембург,4,Париж – Довіль – Руан – Трувіль – Монпарнас – Діснейленд,час в Парижі. Для бажаючих на вибір: Мрії збуваються в Парижі: 30€,"Сніданок. Екскурсія Музей парфумів Fragonard (входить у вартість туру) Музей парфумів Fragonard — де аромати розповідають історії. Зазирнемо у світ спокуси, шлейфів і секретів французької парфумерії. Парфуми — це памʼять, яка завжди з тобою. Вільний час в Парижі. Для бажаючих на вибір: Мрії збуваються в Парижі ( Дорослий: 30€ / Діти до 16 років: 21€ , до 6 років: 0€ ) Мрієте про неймовірні фото? Париж крізь об&rsquo;єктив — як кіно про любов. Автобусна екскурсія. Зупинки в найінстаграмніших місцях: Ейфелева вежа, ретро-вулички, вітрини з круасанами й запахом щастя. Ця екскурсія створена для фо",600
https://www.accordtour.com/tours/818368,Французька мрія... Діснейленд Париж + Люксембург,5,Мец – Люксембург – Прага,з містечок Франції. Для бажаючих Маленька казка – Люксембург: 38€,"Вільний час в одному з містечок Франції. Для бажаючих Маленька казка – Люксембург ( Дорослий: 38€ / Діти до 16 років: 30€ ) Крихітні вимощені вулички, величезні мости, сади, парки і герцогський палац.Запрошуємо на екскурсію в крихітне герцогство Люксембург. Кожен з дитинства мріє побувати в казці і відчути себе героєм неймовірних пригод ... У світі багато казкових країн, а наш шлях лежить в одну з них -В Зеленому Серці Європи серед гір, оточений кручами, розтошувалося затишне містечко із однойменною назвою. Ми побачимо капелу Сен-Кірен, готичну церкву Сен-Мішель, ренесансний Палац юстиції, бар",600
https://www.accordtour.com/tours/818368,Французька мрія... Діснейленд Париж + Люксембург,6,Прага – Краків – Львів,и бажанні групи і наявності часу. Таємниці королів – Градчани: 18€; кож неймовірний собор Віта. Прогулянка на кораблику по Влтаві: 38€,"Сніданок. При бажанні групи і наявності часу. Таємниці королів – Градчани ( Дорослий: 18€ / Діти до 16 років: 13€ , до 6 років: 0€ ) Дізнатися про життя королів і придворних, про палацові інтриги і змови, злочини і покарання, які відбувалися з найсвітліших спонукань – в ім'я віри і держави. Вас чекає Градчанська площа, Шварценбергский палац і варта в Празькому граді. А також неймовірний собор Віта. Прогулянка на кораблику по Влтаві ( Дорослий: 38€ / Діти до 16 років: 34€ , до 6 років: 15€ ) Аперитиви, шведський стіл в супроводі цікавих розповідей... Ось вони незабутні миті в житті... Виїзд в У",600
https://www.accordtour.com/tours/881365,"Вікенд на трьох! Краків, Відень, Будапешт",1,Львів – Краків,с пропонуємо відвідати на вибір: Казімеж – особлива атмосфера: 18€,"Зустріч на залізничному вокзалі Львова (пл.Двірцева 1). Перетин кордону. Прибуття в Краків. Оглядова екскурсія по місту Екскурсія Милий серцю Краків (входить у вартість туру) Ми побачимо затишні і романтичні куточки Кракова , почуємо історії закоханих принцес і королів. Дізнаємось про таємниці королівських весіль і веселе життя краківських художників. Місто з чудовою атмосферою, добрими людьми і багатою історією. Місто, де навіть ангели закохуються в людей. У вільний час пропонуємо відвідати на вибір: Казімеж – особлива атмосфера ( Дорослий: 18€ / Діти до 16 років: 13€ , до 5 років: 0€ ) Казім",600
https://www.accordtour.com/tours/881365,"Вікенд на трьох! Краків, Відень, Будапешт",2,Відень – Шенбрунн – Будапешт,У вільний час пропонуємо відвідати на вибір: Величний Відень: 26€,"Сніданок. Виселення з готелю. Переїзд до Відня. Оглядова екскурсія по місту Екскурсія Віденський вальс (входить у вартість туру) У вільний час пропонуємо відвідати на вибір: Величний Відень ( Дорослий: 26€ / Діти до 16 років: 21€ , до 5 років: 0€ ) Таємниче середньовіччя, блискуче 19 століття, круговорот музики, історії, мистецтва – все це Відень, неповторний і прекрасний! ""Це моя воля!"" – цими словами імператор Франц Йосиф розпорядився про будівництво Рінгштрассе, де велично розташувалися будівлі Парламенту, Ратуші, Бургтеатра. Ми також побачимо найвеселішу пам'ятку – химерний будинок Хундерт",600
https://www.accordtour.com/tours/881365,"Вікенд на трьох! Краків, Відень, Будапешт",3,Будапешт – Егер – Львів,У вільний час рекомендуємо відвідати на вибір: Таємнича Буда: 18€,"Сніданок. Раннє виселення з готелю. У вільний час рекомендуємо відвідати на вибір: Таємнича Буда ( Дорослий: 18€ / Діти до 16 років: 13€ , до 6 років: 0€ ) Один з самих романтичних та старовинних куточків Будапешта... Ніби маленьке середньовічне місто з мальовничими вуличками і стародавніми будівлями... Будайська фортеця, Рибацький бастіон, собор св. Матяша, пам'ятник Святій Трійці і... сам Королівський Палац! Тропікарій – Океанарій (Трансфер: 10€ + вх. квиток ) Найбільший в Центральній Європі (знаходиться в торговому центрі ""Кампона""). 8 залів! Де вирує життя тропіків і океанських глибин – ал",600
https://www.accordtour.com/tours/8447,Секрети смаку: вся Швейцарія + Зальцбург та Відень!!!,1,Львів – Перемишль – Краків – Брно,бажанні групи і наявності часу. Легенди Королівського Кракова: 18€,"Відправлення в тур. (Місце відправки: залізничний вокзал м.Львів, площа Двірцева 1). Перетин кордону. При бажанні групи і наявності часу. Легенди Королівського Кракова ( Дорослий: 18€ / Діти: 16€ ) Нас чекають найстаріша частина міста - Ринкова площа, один із найстаріших університетів Європи - Ягелонський університет, середньовічний центр торгівлі - торгові ряди, де ми зможемо придбати сувеніри на згадку про проведені тут хвилини... Переїзд в готель. Поселення і ночівля. <div class=""",488
https://www.accordtour.com/tours/8447,Секрети смаку: вся Швейцарія + Зальцбург та Відень!!!,2,Відень – Шенбрунн,,"Сніданок. Невеличкий переїзд до Відня. Ориеієнтовно в 10:00 пішохідна екскурсія Екскурсія Відень – столиця Габсбургів (входить у вартість туру) Місто музики і великих композиторів, місто чаруюче і прекрасне... Його заслужено називають серцем Європи. Столиця Австро-Угорської імперії, Відень вражає своєю величчю і розкішшю, своєю чарівністю і теплотою... Це незвичайне місто! – вузькі середньовічні вулички, широкі імперські площі... Ми прогуляємося по самому серцю Відня: площа Марії Терезії, імперський Хофбург, Кертнер, Грабен, собор святого Стефана і витончена Альбертіна! У вільний час пропонуєм",600
https://www.accordtour.com/tours/8447,Секрети смаку: вся Швейцарія + Зальцбург та Відень!!!,3,Вадуц – Люцерн – Рейнський водоспад – Цюрих,дорозі при наявності часу пропонуємо: Князівство Ліхтенштейн: 21€,"Сніданок. Невеличкий переїзд в чудову країну Швейцарію. По дорозі при наявності часу пропонуємо: Князівство Ліхтенштейн ( Дорослий: 21€ / Діти: 21€ ) Ліхтенштейн: цілковитий спокій, пасторальні пейзажі, розмірене життя, мало людей і багато корів, гори і поштові марки... Карликове, іграшкове, мініатюрне - це все про Князівство Ліхтенштейн. 160 квадратних кілометрів - це вся площа Князівства. Здавалось би, небагато. Але на цій території прекрасно розміщуються: 33 тисячі жителів, великий гірськолижний курорт, виноградники, численні фінансові установи, урядові будівлі і взагалі все, що потрібно бу",600
https://www.accordtour.com/tours/8447,Секрети смаку: вся Швейцарія + Зальцбург та Відень!!!,4,Женева – Івуар – Шийонський замок – Монблан,,"Сніданок. Зранку оглядова екскурсія Екскурсія Женева - столиця світу (входить у вартість туру) Женева, оточена горами, розкинулася на пагорбі біля берегів величезного синього альпійського озера і річки Рони, на самому кордоні з Францією. Колись місто почалося з римського поселення, але завдяки щасливому збігу обставин і волі жителів перетворилося на неофіційну столицю світу. В ході екскурсії у нас буде прекрасна можливість відвідати район міжнародних організацій, найпрестижніший для проживання ще з часів Стародавнього Риму район Колоні, побачити символ міста - найвищий фонтан у світі, сфотогра",600
https://www.accordtour.com/tours/8447,Секрети смаку: вся Швейцарія + Зальцбург та Відень!!!,5,Берн – Інтерлакен – Базель,,"Сніданок. Переїзд до столиці Швейцарії. Оглядова екскурсія. Екскурсія Берн – місто фонтанів, квітів і ... ведмедів! (входить у вартість туру) Швейцарія дивує своєю красою – затишними містами і чудовими будівлями, але справжнє багатство цієї країни її неповторна природа!!! Переїзд до столиці Швейцарії. Екскурсія ""Берн - місто фонтанів, квітів і ведмедів!"". Так-так, саме ведмідь є символом міста, він зображений на гербі і прапорі, прикрашає фонтани і вітрини магазинів. Берн має титул ""квіткового міста"". Мало не в кожному вікні можна побачити горщик з геранню! Все це в сукупності приємно тішить о",600
https://www.accordtour.com/tours/8447,Секрети смаку: вся Швейцарія + Зальцбург та Відень!!!,6,Зальцбург – Зальцкаммергут,,"Сніданок. Переїзд до Зальцбурга. Оглядова екскурсія. Екскурсія Зальцбург – симфонія звуків і пейзажів (входить у вартість туру) Зальцбург – місто маленького формату, проте, світового значення. Його по праву називають ""сценою світу"", завдяки незліченній кількості культурних подій, які відбуваються в мальовничому Старому місті... Адже красу міста плекали століттями... Князі-архієпископи, які протягом багатьох століть правили Зальцбургом, хотіли не лише зробити своє місто одним з найбільш багатих та впливових міст Європи. Вони хотіли більшого – зробити із Зальцбурга ""Рим Півночі"". Пропонуємо відв",600
https://www.accordtour.com/tours/8447,Секрети смаку: вся Швейцарія + Зальцбург та Відень!!!,7,Будапешт – Егер – Мукачево – Стрий – Львів,"бажанні групи, рекомендуем відвідати Будапешт – перлина Дунаю: 18€; крок наповнений чарами цього міста. Ажурна прикраса Будапешту: 28€","Сніданок. По дорозі, при бажанні групи, рекомендуем відвідати Будапешт – перлина Дунаю ( Дорослий: 18€ / Діти до 16 років: 16€ , до 6 років: 0€ ) Будапешт — місто, яке неможливо забути: він сяє вдень і чарує у вечірніх вогнях. Тут минуле й сучасність поєднуються у гармонії, створюючи особливу атмосферу краси й натхнення. Ми прогуляємось до базиліки Святого Іштвана, побачимо грандіозний Парламент і пройдемось легендарним Ланцюговим мостом, де кожен крок наповнений чарами цього міста. Ажурна прикраса Будапешту ( Дорослий: 28€ / Діти: 18€ ) Сім мостів служить прикрасою прекрасного Блакитного Дуна",600
https://www.accordtour.com/tours/601011/avtobusni_tury_bez_nichnykh_pereyizdiv/polshcha,"Альпійська симфонія Цюрих, Женева, Берн + Монблан",1,Львів – Краків – Прага,,"Відправлення в тур Старт нашої подорожі — зі Львова, а саме з площі Двірцевої (ориєнтир -залізничний вокзал). Звідси починається пригода, яку ви точно запам&rsquo;ятаєте: нові місця, сотні фото й море вражень. Переїзд територією України, перетин кордону — і ми вже в Європі! Переїзд по Україні, перетин кордонів. Екскурсія Королівський Краків (входить у вартість туру) Краків — місто легенд, мистецтва і шарму. Тут хочеться загубитись у вуличках, зупинитись на каву і закохатись у момент. Переїзд. Поселення в готель. Ночівля. <div class=""",539
https://www.accordtour.com/tours/601011/avtobusni_tury_bez_nichnykh_pereyizdiv/polshcha,"Альпійська симфонія Цюрих, Женева, Берн + Монблан",2,Страсбург – Кольмар,,"Сніданок. Переїзд у Францію. Екскурсія Столиця французької провінції Ельзас – Страсбург (входить у вартість туру) Ельзас немов зійшов зі сторінок казки: будиночки з двосхилими дахами, побудовані з каменю і дерева, прикрашені квітами, на пічних трубах деяких з них звили гнізда лелеки. Пішохідна прогулянка по старому місту, острову, кварталу ремісників Petit de France, по вузьких мальовничих переулочках з відвідуванням французького і німецького кварталів. Ми зануримося в незвичайну атмосферу двотисячолітнього міста. Широкі проспекти і вузькі вулички, невигадані історії та фантастичні легенди, па",600
https://www.accordtour.com/tours/601011/avtobusni_tury_bez_nichnykh_pereyizdiv/polshcha,"Альпійська симфонія Цюрих, Женева, Берн + Монблан",3,Цюрих – Люцерн – Рейнський водоспад – Вадуц,,"Сніданок. Швейцарія - це рай, її уявляють по-різному і лише опинившись тут кожен знаходить те, що шукав. Сьогодні нас чекають Заповітні куточки Швейцарії: прекрасні гори із засніженими вершинами, альпійські луки, глибокі озера, затишні шалле і святкові альпійські будиночки. Екскурсія Неповторний Цюрих (входить у вартість туру) Цюрих - стильне серце Швейцарії, де фінансовий престиж поєднується з альпійським спокоєм. Тут життя пульсує на елегантній Банхофштрассе, а поруч — блиск Цюрихського озера й краєвиди засніжених вершин. Вуличні музиканти, дизайнерські бутики, старовинна архітектура і келих",600
https://www.accordtour.com/tours/601011/avtobusni_tury_bez_nichnykh_pereyizdiv/polshcha,"Альпійська симфонія Цюрих, Женева, Берн + Монблан",4,Женева – Ансі – Монблан,ні екскурсії на вибір: Магія Альп: Монблан та чарівність Ансі: 60€,"Сніданок. Вільний час. Пропонуємо факультативні екскурсії на вибір: Магія Альп: Монблан та чарівність Ансі ( Дорослий: 60€ / Діти до 16 років: 38€ + вх. квиток) Ми їдемо підкорювати саму найвищу точку західної Європи - альпійську вершину Монблан (4807 м), яка є джерелом натхнення поетів і художників. Монблан ! Хто приїхав сюди одного разу, назавжди залишиться у владі гірських вершин, освітлених променями Сонця, коли гірський масив Монблан розпускається гігантським пурпуровим квіткою, піднімаючись над альпійської долиною. Зупинка в місті Шамоні . У вільний час ми дуже !!! рекомендуємо піднятися",600
https://www.accordtour.com/tours/601011/avtobusni_tury_bez_nichnykh_pereyizdiv/polshcha,"Альпійська симфонія Цюрих, Женева, Берн + Монблан",5,Берн – Інтерлакен – Мюррен – Вадуц,пи. Інтерлакен і Долина Лаутербруннен – світ краси і розкоші!: 48€,"Сніданок. Екскурсія Столиця Швейцарії Берн (входить у вартість туру) Прекрасні парки, чудовий Бернський собор, Вартова вежа з астрономічним годинником, де в кінці кожної години можна побачити маленьку виставу, ведмежа яма, в якій з давніх давен живуть ведмеді – почесні жителі міста, символом якого вони є, а чудовий шоколад &laquo;Таблерон&raquo; підсолодить наше перебування тут. За бажанням групи. Інтерлакен і Долина Лаутербруннен – світ краси і розкоші! ( Дорослий: 48€ / Діти: 38€ ) Спочатку ми відвідаємо курорт з багатими традиціями, в самому серці швейцарських Альп – Інтерлакен. Хто знає, м",600
https://www.accordtour.com/tours/601011/avtobusni_tury_bez_nichnykh_pereyizdiv/polshcha,"Альпійська симфонія Цюрих, Женева, Берн + Монблан",6,Зальцбург – Зальцкаммергут – Відень,ідчути. За бажанням групи. Озерний рай – долина Зальцкамергут: 46€,"Сніданок. Екскурсія Зальцбург – звуки музики (входить у вартість туру) Зальцбург — альпійська казка, де звучить музика Моцарта і живе дух бароко. Його називають північною Флоренцією за велич і витонченість. Тут — палаци, собори, фонтани, сади й атмосфера мистецтва, яка проникає в кожен крок. Це місто, яке хочеться не просто побачити — а відчути. За бажанням групи. Озерний рай – долина Зальцкамергут ( Дорослий: 46€ / Діти до 16 років: 36€ , до 5 років: 0€ ) Понад 50 кришталево чистих озер, альпійські містечка з пастельними фасадами та пейзажі, які виглядають ніби з обкладинки журналу. Зальцкаме",600
https://www.accordtour.com/tours/601011/avtobusni_tury_bez_nichnykh_pereyizdiv/polshcha,"Альпійська симфонія Цюрих, Женева, Берн + Монблан",7,Відень – Львів,уємо відвідати екскурсії і програми на вибір: Величний Відень: 26€,"Сніданок. Екскурсія Віденський вальс (входить у вартість туру) Відень – місто музики і великих композиторів, місто чаруюче і прекрасне... Його заслужено називають серцем Європи. Це надзвичайне місто! – Вузькі середньовічні вулички, широкі імперські площі... Ми прогуляємося по самому серцю Відня. Величне місто зачаровує шармом і витонченістю. Рекомендуємо відвідати екскурсії і програми на вибір: Величний Відень ( Дорослий: 26€ / Діти до 16 років: 21€ , до 5 років: 0€ ) Таємниче середньовіччя, блискуче 19 століття, круговорот музики, історії, мистецтва – все це Відень, неповторний і прекрасний! ",600
https://www.accordtour.com/tours/136811,"В гостях у Швейцарії Цюрих, Женева, Берн + Монблан",1,Львів – Краків,,"Збір на залізничному вокзалі м. Львів. Відправлення в тур з залізничного вокзалу Львова. (площа Двірцева 1). Переїзд по Україні. При швидкому проходженні кордону і бажанні групи можливість відвідати Краків. Екскурсія Краків...Королівський шлях (входить у вартість туру) Краків-місто – вражаюче, красиве і загадкове. Місто художників і музикантів, зі своїми легендами і, звичайно ж, милими польськими жартами. У ньому потрібно зупинитись хоча б на мить... Вавельський пагорб, Кафедральний собор, Двір резиденції. Зупинки на фотопаузу. Вулиця Гродська, Королівський шлях ми дійдемо до Ринкової площі, п",600
https://www.accordtour.com/tours/136811,"В гостях у Швейцарії Цюрих, Женева, Берн + Монблан",2,Мюнхен – Замок Нойшванштайн,"у. При бажанні групи заїзд в Мюнхен. Мюнхен – Легенда Баварії: 30€; і найбільшим в світі святом ""Октоберфест"". Баварська кухня...: 33€","Сніданок. Переїзд в Німеччину. При бажанні групи заїзд в Мюнхен. Мюнхен – Легенда Баварії ( Дорослий: 30€ / Діти до 16 років: 21€ ) Нас запрошує ""Німецький Рим"" – місто з чудовою атмосферою гостинності, по якому хочеться блукати з ранку до ночі. Ніде в Німеччині так не оберігають народні традиції, як тут, і навіть національні костюми носять не тільки у свята. Мюнхен славиться дивовижною історією, всесвітньо відомим пивом, смаженими ковбасками і найбільшим в світі святом ""Октоберфест"". Баварська кухня... ( Дорослий: 33€ / Діти до 16 років: 28€ , до 5 років: 0€ ) Ми відвідаємо одну з пивоварень ",600
https://www.accordtour.com/tours/136811,"В гостях у Швейцарії Цюрих, Женева, Берн + Монблан",3,Люцерн – Цюрих – Штайн-ам-Райн – Рейнський водоспад – Вадуц,групи і наявності часу. Ліхтенштейн: Князівство на долоні...: 20€,"Сніданок. При бажанні групи і наявності часу. Ліхтенштейн: Князівство на долоні... ( Дорослий: 20€ / Діти до 16 років: 16€ ) Князівство Ліхтенштейн - одна з найменших країн Європи, розміром усього 160 км&sup2;, але з великим характером. Його столиця Вадуц - затишне гірське містечко з атмосферою швейцарського спокою й міжнародного стилю. Головна перлина - князівський замок на пагорбі, резиденція правлячої родини, частини якої збереглися ще з XII століття. Мініатюрна держава, що дивує кожного, хто шукає щось особливе. Переїзд в Швейцарію. Швейцарія - це рай, її уявляють по-різному і лише опинивш",600
https://www.accordtour.com/tours/136811,"В гостях у Швейцарії Цюрих, Женева, Берн + Монблан",4,Женева – Лозанна – Шийонський замок – Веве – Монтре – Грюйєр,,"Сніданок. Переїзд по Швейцарії. Смак і аромат Швейцарії... Грюєр (входить у вартість туру) Смак і аромат Швейцарії: де сир та шоколад поєднуються в ідеальній гармонії. Грюйєр - всесвітньо відомий сироварний регіон, де виробляють швейцарський Грюйєрського сир, один з найулюбленіших сортів сиру в Швейцарії. Це середньовічне містечко розташоване на вершині пагорба біля підніжжя старовинного замку. Старовинні вулички, будинки, оповиті плющем, горщики герані, бруківка, і на горі височить замок-фортеця - здається, час старанно обходив це крихітне містечко. Тут можна спробувати найкращі в Швейцарії ф",600
https://www.accordtour.com/tours/136811,"В гостях у Швейцарії Цюрих, Женева, Берн + Монблан",5,Шамбери – Ансі – Монблан,ікавого&hellip; Екскурсії на вибір: Альпійська Венеція - Ансі: 30€,"Сніданок. Екскурсія Шамбері – столиця Савойського герцогства (входить у вартість туру) Розташований на перетині європейських шляхів, оточений Альпійськими гірськими масивами, Шамбері- чудове затишне містечко. Про це місто Жан-Жак Руссо писав, що саме тут він пережив найщасливіші моменти свого життя. Архітектура міста зберігає відчутний італійський вплив, бруківка приховує чимало секретів. Ми познайомимось з містечком і дізнаємось багато чого цікавого&hellip; Екскурсії на вибір: Альпійська Венеція - Ансі ( Дорослий: 30€ / Діти до 16 років: 20€ ) Біля підніжжя Альп прихованих сніговими шапками н",600
https://www.accordtour.com/tours/136811,"В гостях у Швейцарії Цюрих, Женева, Берн + Монблан",6,Берн – Інтерлакен – Мюррен,,"Сніданок. Сьогодні відбудеться знайомство зі столицею Швейцарії Берном. Екскурсія Берн – місто фонтанів, квітів і ... ведмедів! (входить у вартість туру) Швейцарія дивує своєю красою – затишними містами і чудовими будівлями, але справжнє багатство цієї країни її неповторна природа!!! Переїзд до столиці Швейцарії. Екскурсія ""Берн - місто фонтанів, квітів і ведмедів!"". Так-так, саме ведмідь є символом міста, він зображений на гербі і прапорі, прикрашає фонтани і вітрини магазинів. Берн має титул ""квіткового міста"". Мало не в кожному вікні можна побачити горщик з геранню! Все це в сукупності приє",600
https://www.accordtour.com/tours/136811,"В гостях у Швейцарії Цюрих, Женева, Берн + Монблан",7,Зальцбург – Зальцкаммергут – Гальштат,даткові програми на вибір: Озерний рай – долина Зальцкамергут: 46€,"Сніданок. Переїзд до Зальцбургу. Екскурсія Зальцбург – звуки музики (входить у вартість туру) Зальцбург — альпійська казка, де звучить музика Моцарта і живе дух бароко. Його називають північною Флоренцією за велич і витонченість. Тут — палаци, собори, фонтани, сади й атмосфера мистецтва, яка проникає в кожен крок. Це місто, яке хочеться не просто побачити — а відчути. Вільний час у Зальцбурзі. Для охочих можливі додаткові програми на вибір: Озерний рай – долина Зальцкамергут ( Дорослий: 46€ / Діти до 16 років: 36€ , до 5 років: 0€ ) Понад 50 кришталево чистих озер, альпійські містечка з пастел",600
https://www.accordtour.com/tours/136811,"В гостях у Швейцарії Цюрих, Женева, Берн + Монблан",8,Брно – Моравський Крас – Катовіце – Краків – Львів,а історичними пам'ятками. Для охочих: Винне багатство Моравії: 23€,"Сніданок. Виселення з готелю. Екскурсія Душа Моравії - старовинне Брно (входить у вартість туру) Це прекрасне чеське містечко храмів і монастирів, воно не схоже на інші чеські міста і тому дуже цікаве. Тут особливі люди, особливі характери, манера одягатись; та й діалект інший: моравський. Місто багате легендами та історичними пам'ятками. Для охочих: Винне багатство Моравії ( Дорослий: 23€ / Діти: 13€ ) Ми відвідаємо старовинні винні підземелля, де з середніх віків виробляють знамениті моравські вина. Нас чекає екскурсія по винних підвалах з розповіддю про моравському виноробстві і особливості",600
https://www.accordtour.com/tours/7267,Празький вогник!,1,Львів – Перемишль – Краків,У вільний час рекомендуємо відвідати: Серце Кракова – Казімеж: 18€,"Збір на Львівському залізничному вокзалі. Перетин кордону. Переїзд до Кракова. Оглядова екскурсія. Екскурсія Краків -королівський шлях (входить у вартість туру) Шлях, по якому протягом багатьох сторіч проїжджали польські королі: місце де переплітаються легенди... Найстаріша частина міста - Ринкова площа, один із найстаріших університетів Європи - Ягелонський університет, середньовічний центр торгівлі - торгові ряди, де Ви можете придбати сувеніри на згадку про проведені тут хвилини... У вільний час рекомендуємо відвідати: Серце Кракова – Казімеж ( Дорослий: 18€ / Діти: 13€ ) Нас чекає прогулян",600
https://www.accordtour.com/tours/7267,Празький вогник!,2,Краків – Парк розваг Енерджіландія – Величка – Закопане – Освенцим,трансфер): 23€,"Сніданок. У вільний час пропонуємо відвідати на вибір: Освенцим – місто історії та пам яті (трансфер) ( Дорослий: 23€ / Діти: 23€ ) Освенцим, відомий також під німецькою назвою Аушвіц, або концентраційний табір Аушвіц-Біркенау – комплекс німецьких концтаборів, що розташовувався в 1940-1945 на півдні Польщі, біля міста Освенцим, в 60 кілометрів на захід від Кракова. На території табору в 1947 році був створений музей, який включений до списку Всесвітньої спадщини ЮНЕСКО. Знайомство з однією з важких сторінок історії людства – концентраційним табором Аушвіц-Біркенау. Польський Акрополь Вавельськ",600
https://www.accordtour.com/tours/7267,Празький вогник!,3,Прага,а... Рекомендуємо відвідати Прогулянка на кораблику по Влтаві: 36€,"Сніданок. Переїзд в Прагу Пішохідна екскурсія Екскурсія Прага – місто легенд (входить у вартість туру) Прага вважається одним з найкрасивіших міст Європи, яке багато століть захоплює і не перестає дивувати!!! Староміська площа та Астрономічний годинник, чудовий храм Діви Марії перед Тином, легендарний Карлів міст, Золота вуличка, Вацлавська площа, Карлова вулиця... Всього й не перерахувати! Усю цю красу ми, безсумнівно, бачили на картинках, чули про них, але, мабуть, досить мріяти, пора все це побачити своїми очима... Рекомендуємо відвідати Прогулянка на кораблику по Влтаві ( Дорослий: 36€ / Д",600
https://www.accordtour.com/tours/7267,Празький вогник!,4,Дрезден – Карлові Вари – Кутна Гора – Прага – Саксонська Швейцарія,ендуємо екскурсію Поїздка в древню столицю Саксонії - Дрезден: 38€; з Дрезденською оперою в центрі. Дрезденська картинна галерея: 16€,"Сніданок. Вільний час в Празі Рекомендуємо екскурсію Поїздка в древню столицю Саксонії - Дрезден ( Дорослий: 38€ / Діти: 30€ ) Протягом семи століть місто було резиденцією герцогів і королів. Дрезден відомий своїми архітектурними ансамблями, незліченними скарбами музеїв, колекціями живопису і прекрасною панорамою берегів Ельби. Екскурсія по старому місту - Театральна площа з Дрезденською оперою в центрі. Дрезденська картинна галерея ( Дорослий: 16€ / Діти: 16€ + вх. квиток) У галереї старих майстрів одне з найбільших у світі зібрань живопису XV-XVIII століть. Найвідоміші шедеври колекції: ""Сік",600
https://www.accordtour.com/tours/7267,Празький вогник!,5,Львів – Брно,в Брно Рекомендуємо відвідати екскурсію Столиця Моравії –Брно: 18€,"Ранній сніданок Виселення з готелю. Переїзд в Брно Рекомендуємо відвідати екскурсію Столиця Моравії –Брно ( Дорослий: 18€ / Діти: 10€ ) Це прекрасне чеське містечко храмів і монастирів, воно не схоже на інші чеські міста і тому дуже цікаве. Тут особливі люди, особливі характери, манера одягатись, та й діалект інший: моравський... Це місто багате легендами та історичними пам'ятками. Перетин кордону. Повернення в Україну. Час прибуття до Львова після опівночі (залежить від проходження кордону). Місце прибуття до Львова - залізничний вокзал. До нових зустрічей! <div class=""",577
https://www.accordtour.com/tours/6117,Вікенд в Краків!,1,Львів – Краків,проведені тут хвилини... Польський Акрополь Вавельський замок: 18€,"Збір групи на залізничному вокзалі. Відправлення в тур. (Місце відправки: залізничний вокзал м.Львів, площа Двірцева 1) Перетин кордону. Переїзд в Краків. Краків -королівський шлях (входить у вартість туру) Шлях, по якому протягом багатьох сторіч проїжджали польські королі: місце де переплітаються легенди... Найстаріша частина міста - Ринкова площа, один із найстаріших університетів Європи - Ягелонський університет, середньовічний центр торгівлі - торгові ряди, де Ви можете придбати сувеніри на згадку про проведені тут хвилини... Польський Акрополь Вавельський замок ( Дорослий: 18€ / Діти: 13€",600
https://www.accordtour.com/tours/6117,Вікенд в Краків!,2,Краків – Закопане – Буковина Татранська – Краківський Аквапарк,,"Сніданок. Вільний час. А зараз …. Шопінг !!! Для тих, кому не цікавий шопінг екскурсії на вибір: Трансфер в торговий центр Bonarka (Трансфер - Дорослий: 10€ / Діти: 6€) Торговий центр Bonarka – один із найбільших шопінг-центрів у Польщі. Bonarka City Center включає 270 установ і магазинів, в тому числі великий Auchan, Leroy Merlin. Серед відомих магазинів – Pierre Cardin, C&A, Zara, H&M, Peek&Cloppenburg, Sephora, EMPiK. Тут ви можете зробити приємні покупки у найкращих європейських та польських магазинах. Крім того, Галерея має кілька кав'ярень, ресторанів та відпочинкових зон. Трансфер до Fa",600
https://www.accordtour.com/tours/6117,Вікенд в Краків!,3,Краків – Освенцим – Парк розваг Енерджіландія – Львів,кафе або побувати в місцевому ресторані. Екскурсія в Освенцим: 26€,"Сніданок. Вільний час. Рекомендуємо відвідати Парк розваг Energylandia (Трансфер: 18€ + вх. квиток ) Відвідування найбільшого в Польщі парку розваг Energylandia . Територія Енерджиландіі розрахована так, щоб тут однаково комфортно почували себе люди різного віку. Важко посперечатися з фактом, що ми всі так чи інакше залишаємося в душі дітьми і іноді нам так хочеться повеселитися разом з ними. Тут це можливо. А якщо є бажання відпочити – можна випити чашечку кави в кафе або побувати в місцевому ресторані. Екскурсія в Освенцим ( Дорослий: 26€ / Діти: 23€ + вх. квиток) Освенцим, відомий також під",600
https://www.accordtour.com/tours/8168,Барселона – Королева Півдня,1,Львів – Краків,ажанні групи можливість відвідати Краків. Королівський Краків: 18€; ь на каву і закохатись у момент. Казімеж – особлива атмосфера: 18€,"Зустріч на залізничному вокзалі Львів ( пл. Двірцева 1) Відправлення в тур. Переїзд по Україні. При швидкому проходженні кордону і бажанні групи можливість відвідати Краків. Королівський Краків ( Дорослий: 18€ / Діти до 16 років: 13€ , до 5 років: 0€ ) Краків — місто легенд, мистецтва і шарму. Тут хочеться загубитись у вуличках, зупинитись на каву і закохатись у момент. Казімеж – особлива атмосфера ( Дорослий: 18€ / Діти до 16 років: 13€ , до 5 років: 0€ ) Казімеж — богемний район із креативним настроєм Нічний переїзд. <div class=""",537
https://www.accordtour.com/tours/8168,Барселона – Королева Півдня,2,Зальцбург – Зальцкаммергут,даткові програми на вибір: Озерний рай – долина Зальцкамергут: 46€,"Переїзд до Зальцбургу. Екскурсія Знаменитий Зальцбург (входить у вартість туру) Симфонія звуків і пейзажів. Нас запрошує &laquo;Північна Флоренція&raquo;, &laquo;Золоте місто Високого Бароко&raquo;, &laquo;Альпійське серце Австрії&raquo;, місце, де народився Моцарт. Вільний час у Зальцбурзі. Для охочих можливі додаткові програми на вибір: Озерний рай – долина Зальцкамергут ( Дорослий: 46€ / Діти до 16 років: 36€ , до 5 років: 0€ ) Понад 50 кришталево чистих озер, альпійські містечка з пастельними фасадами та пейзажі, які виглядають ніби з обкладинки журналу. Зальцкамергут — це австрійський рег",600
https://www.accordtour.com/tours/8168,Барселона – Королева Півдня,3,Ез – Монако – Ніцца,,"Сніданок. Переїзд у Францію. Парфумерна фабрика Фрагонар (входить у вартість туру) Ми прибудемо в середньовічний Ез . Французьке містечко, що сидить на вершині скелі над півостровом Сен-Жан-Кап-Ферра - справжня перлина французького Лазурного узбережжя. Невеликий, але нескінченно затишний, з вузькими вуличками і великою кількістю квітів. З високогір'я відкриваються приголомшливі види на Лазурне узбережжя. Відвідування парфумерної фабрики Фрагонар. Нам розкажуть про історію створення ароматів і процесі виробництва запашної продукції. Адже, ""Духи - це пам'ять, яка не підводить"". Екскурсія Красуня",600
https://www.accordtour.com/tours/8168,Барселона – Королева Півдня,4,Барселона – Тібідабо – Фламенко шоу,,"Сніданок. В Іспанії в одну гримучу суміш сплелися фламенко і корида, сучасні міста і вікові традиції, відвага Дон Кіхота і вірність Санчо Панси, палкість Кармен і неповторність Дон Жуана. Відпочинок в Іспанії - це танці фламенко, зустріч з сонцем, смачною кухнею і вином, з гостинністю і радістю життя. Переїзд в Барселону. Екскурсія Весела та усміхнена – Барселона (входить у вартість туру) Барселона — вишукана, елегантна та романтична, але водночас сповнена енергії та шарму портового міста. Її неповторна атмосфера зробила Барселону одним із найщасливіших міст світу, займаючи третє місце в рейти",600
https://www.accordtour.com/tours/8168,Барселона – Королева Півдня,5,Барселона – Монсеррат – Жирона,іданок. Вільний час або екскурсії на вибір: Сонячна Барселона: 30€,"Сніданок. Вільний час або екскурсії на вибір: Сонячна Барселона ( Дорослий: 30€ / Діти до 16 років: 21€ , до 5 років: 0€ ) Наш маршрут пройде найцікавішими місцями Барселони. Панорамна Барселона - дивовижно красиве місто. Ми дізнаємося історію римської колонії Барсіно, познайомимося з кварталами Ешампле, Тріумфальною аркою. Парк Сіутадея, Барселонетта з відомим пляжем і морським кварталом, площа Іспанії. Олімпійське Кільце, Набережна Колумба, Олімпійський Порт. Зупинки на фотопаузи. А з гори Монтжуік зможете зафіксувати на пам'ять панорамний вид на Барселону. Священне місце – Гора Монсеррат ( ",600
https://www.accordtour.com/tours/8168,Барселона – Королева Півдня,6,Барселона – Тосса-де-Мар – Порт Авентура – Андорра,"х на вибір: Морська душа Каталонії Ллорет-де-Мар, Тоса де Мар: 38€","Сніданок. Вільний час в Барселоні. Пересування у вільний час громадським транспортом. Оплата самостійно. Можливість купатись в теплий період року. Для бажаючих на вибір: Морська душа Каталонії Ллорет-де-Мар, Тоса де Мар ( Дорослий: 38€ / Діти до 16 років: 28€ , до 5 років: 0€ + вх. квиток) Екскурсія з відпочинком на морі. Нас чекає найкрасивіше узбережжі Іспанії. Скелі, потопаючі в прозорому морі, затишні бухти, пейзажі з вічнозеленою рослинністю і дивовижні історії узбережжя Коста Брава . Ми позасмагати на пляжі, прогуляємося по Ллорет-де-Мар . Переїдемо по знаменитому узбережжю Коста-Брава і",600
https://www.accordtour.com/tours/8168,Барселона – Королева Півдня,7,Венеція,,"Прибуття в Італію - чарівну, темпераментну і неймовірно красиву. В Італії черпали своє натхнення великі майстри мистецтва і дарували світу свої безсмертні шедеври ... Можливість завершити тур в Італії. Р-н Верони, Падуї, Тревізо. (дод. опл. громадський транспорт- 30€/26€) Екскурсія Заручена з морем Венеція (входить у вартість туру) Місто на воді, де кам&rsquo;яна казка пливе крізь час. Венеція — це карнавальні маски, гондоли, дзвони Сан-Марко і аромати справжньої італійської кави. Тут канали шепочуть історії, а кожен куточок — як сцена з фільму. Атмосфера, яку не сплутаєш ні з чим. Відвідуванн",600
https://www.accordtour.com/tours/8168,Барселона – Королева Півдня,8,Львів – Відень – Грац,Сніданок. За бажанням групи. Грац – таємна любов Австрії: 30€; ут багато жителів міста вперше поцілувались. Віденський вальс: 18€,"Сніданок. За бажанням групи. Грац – таємна любов Австрії ( Дорослий: 30€ / Діти до 16 років: 20€ , до 5 років: 0€ ) Багатовікова історія... адже Грац - колись блискуча резиденція Габсбургів... Ренесансні дворики, затишні середньовічні вулички, прекрасна панорама з замкової гори Шлоссберг і звичайно ж - Символ міста - годинникова башта з оригінальним годинниковим механізмом. Саме тут багато жителів міста вперше поцілувались. Віденський вальс ( Дорослий: 18€ / Діти до 16 років: 13€ , до 5 років: 0€ ) Відень – місто музики і великих композиторів, місто чаруюче і прекрасне... Його заслужено назива",600
https://www.accordtour.com/tours/888163,Сонячний поцілунок Барселони,1,Львів – Краків – Катовіце,онів. При бажанні групи і наявності часу. Королівський Краків: 18€; ь на каву і закохатись у момент. Казімеж – особлива атмосфера: 18€,"Зустріч на залізничному вокзалі Львів ( пл. Двірцева 1) Відправлення в тур. Переїзд по Україні. Перетин кордонів. При бажанні групи і наявності часу. Королівський Краків ( Дорослий: 18€ / Діти до 16 років: 13€ , до 5 років: 0€ ) Краків — місто легенд, мистецтва і шарму. Тут хочеться загубитись у вуличках, зупинитись на каву і закохатись у момент. Казімеж – особлива атмосфера ( Дорослий: 18€ / Діти до 16 років: 13€ , до 5 років: 0€ ) Казімеж — богемний район із креативним настроєм Нічний переїзд. <div class=""",513
https://www.accordtour.com/tours/888163,Сонячний поцілунок Барселони,2,Мюнхен – музей BMW – Замок Нойшванштайн,"ми і найбільшим в світі святом ""Октоберфест"". Сучасний Мюнхен: 26€","Прибуття в Мюнхен. Екскурсія Мюнхен – Легенда Баварії (входить у вартість туру) Нас запрошує ""Німецький Рим"" – місто з чудовою атмосферою гостинності, по якому хочеться блукати з ранку до ночі. Ніде в Німеччині так не оберігають народні традиції, як тут, і навіть національні костюми носять не тільки у свята. Мюнхен славиться дивовижною історією, всесвітньо відомим пивом, смаженими ковбасками і найбільшим в світі святом ""Октоберфест"". Сучасний Мюнхен ( Дорослий: 26€ / Діти до 16 років: 21€ + вх. квиток) Мюнхен — місто контрастів, де історія зустрічається з натхненням. Величні палаци й музеї &la",600
https://www.accordtour.com/tours/888163,Сонячний поцілунок Барселони,3,Рейнський водоспад – Цюрих – Люцерн – Вадуц,групи і наявності часу. Ліхтенштейн: Князівство на долоні...: 20€,"Переїзд в Швейцарію. При бажанні групи і наявності часу. Ліхтенштейн: Князівство на долоні... ( Дорослий: 20€ / Діти до 16 років: 16€ ) Князівство Ліхтенштейн - одна з найменших країн Європи, розміром усього 160 км&sup2;, але з великим характером. Його столиця Вадуц - затишне гірське містечко з атмосферою швейцарського спокою й міжнародного стилю. Головна перлина - князівський замок на пагорбі, резиденція правлячої родини, частини якої збереглися ще з XII століття. Мініатюрна держава, що дивує кожного, хто шукає щось особливе. Швейцарія - це рай, її уявляють по-різному і лише опинившись тут ко",600
https://www.accordtour.com/tours/888163,Сонячний поцілунок Барселони,4,Барселона,,"Сніданок. Переїзд в Барселону. В Іспанії в одну гримучу суміш сплелися фламенко і корида, сучасні міста і вікові традиції, відвага Дон Кіхота і вірність Санчо Панси, палкість Кармен і неповторність Дон Жуана. Відпочинок в Іспанії - це танці фламенко, зустріч з сонцем, смачною кухнею і вином, з гостинністю і радістю життя. Екскурсія Весела та усміхнена – Барселона (входить у вартість туру) Барселона — вишукана, елегантна та романтична, але водночас сповнена енергії та шарму портового міста. Її неповторна атмосфера зробила Барселону одним із найщасливіших міст світу, займаючи третє місце в рейти",600
https://www.accordtour.com/tours/888163,Сонячний поцілунок Барселони,5,Барселона – Камп Ноу – Монсеррат,Сніданок. Для бажаючих на вибір: Сонячна Барселона: 30€; панорамний вид на Барселону. Священне місце – Гора Монсеррат: 46€,"Сніданок. Для бажаючих на вибір: Сонячна Барселона ( Дорослий: 30€ / Діти до 16 років: 21€ , до 5 років: 0€ ) Наш маршрут пройде найцікавішими місцями Барселони. Панорамна Барселона - дивовижно красиве місто. Ми дізнаємося історію римської колонії Барсіно, познайомимося з кварталами Ешампле, Тріумфальною аркою. Парк Сіутадея, Барселонетта з відомим пляжем і морським кварталом, площа Іспанії. Олімпійське Кільце, Набережна Колумба, Олімпійський Порт. Зупинки на фотопаузи. А з гори Монтжуік зможете зафіксувати на пам'ять панорамний вид на Барселону. Священне місце – Гора Монсеррат ( Дорослий: 46€",600
https://www.accordtour.com/tours/888163,Сонячний поцілунок Барселони,6,Монако – Ніцца – Сен-Поль-де-Ванс,,"Сніданок. Прибуття на Лазурний берег. У теплий період часу можливість відпочинку на морі. Ах, це Лазурне Узбережжя – синонім блиску, краси і безкінечного задоволення... Парфумерна фабрика Фрагонар (входить у вартість туру) Ми прибудемо в середньовічний Ез . Французьке містечко, що сидить на вершині скелі над півостровом Сен-Жан-Кап-Ферра - справжня перлина французького Лазурного узбережжя. Невеликий, але нескінченно затишний, з вузькими вуличками і великою кількістю квітів. З високогір'я відкриваються приголомшливі види на Лазурне узбережжя. Відвідування парфумерної фабрики Фрагонар. Нам розка",600
https://www.accordtour.com/tours/888163,Сонячний поцілунок Барселони,7,Венеція – Венеціанська Лагуна,,"Прибуття в Італію - чарівну, темпераментну і неймовірно красиву. В Італії черпали своє натхнення великі майстри мистецтва і дарували світу свої безсмертні шедеври ... Один з найвідоміших курортів Італії, розташованого на півночі країни, на узбережжі Адріатичного моря - Лідо-ді-Єзоло. (дод. опл. громадський транспорт- 30€/26€) Екскурсія Заручена з морем Венеція (входить у вартість туру) Місто на воді, де кам&rsquo;яна казка пливе крізь час. Венеція — це карнавальні маски, гондоли, дзвони Сан-Марко і аромати справжньої італійської кави. Тут канали шепочуть історії, а кожен куточок — як сцена з ф",600
https://www.accordtour.com/tours/888163,Сонячний поцілунок Барселони,8,Львів – Відень – Грац,и бажанні групи і наявності часу. Грац – таємна любов Австрії: 30€; ут багато жителів міста вперше поцілувались. Віденський вальс: 18€,"Сніданок. При бажанні групи і наявності часу. Грац – таємна любов Австрії ( Дорослий: 30€ / Діти до 16 років: 20€ , до 5 років: 0€ ) Багатовікова історія... адже Грац - колись блискуча резиденція Габсбургів... Ренесансні дворики, затишні середньовічні вулички, прекрасна панорама з замкової гори Шлоссберг і звичайно ж - Символ міста - годинникова башта з оригінальним годинниковим механізмом. Саме тут багато жителів міста вперше поцілувались. Віденський вальс ( Дорослий: 18€ / Діти до 16 років: 13€ , до 5 років: 0€ ) Відень – місто музики і великих композиторів, місто чаруюче і прекрасне... Його",600
https://www.accordtour.com/tours/380331,"Шедеври Франції Етрета, Мон Сен Мішель, Замки Луари",1,Львів – Краків,ольщі. При бажанні групи і наявності часу. Милий серцю Краків: 18€,"Відправлення в тур з залізничного вокзалу Львова. (площа Двірцева 1). Перетин кордонів. Переїзд по Польщі. При бажанні групи і наявності часу. Милий серцю Краків ( Дорослий: 18€ / Діти: 13€ ) Ми побачимо затишні і романтичні куточки Кракова , почуємо історії закоханих принцес і королів. Дізнаємось про таємниці королівських весіль і веселе життя краківських художників. Місто з чудовою атмосферою, добрими людьми і багатою історією. Місто, де навіть ангели закохуються в людей. Польська кухня (дод. оплата) Можливість спробувати місцеву кухню. Вона славиться відмінним журеком, бігосом і голонкою. П",600
https://www.accordtour.com/tours/380331,"Шедеври Франції Етрета, Мон Сен Мішель, Замки Луари",2,Гейдельберг – Ротенбург-на-Таубері,,"Сніданок. Переїзд в Німеччину. При бажанні групи і наявності часу. Екскурсія Загадковий Гайдельберг (входить у вартість туру) Дорога в'ється між горбистими луками і виноградниками Франконії, вздовж річок і озер і по вкритими лісами підніжжями Альп. Прекрасне і старовинне місто Гайдельберг розташувалось на березі Неккара. Для бажаючих екскурсія. Він знаменитий романтичними руїнами стародавньої фортеці і першим в Німеччині університетом, заснованим 1386 р. Нас чекає Старе місто: його мальовничі провулки, площі і середньовічні церкви. Церква Святого Духа, Вежі-близнюки – символ Гайдельберга і час",600
https://www.accordtour.com/tours/380331,"Шедеври Франції Етрета, Мон Сен Мішель, Замки Луари",3,Париж – Лувр – Фрагонар – ріка Сена – Нотр-Дам де парі (Собор Паризької Богоматері),,"Сніданок. І ось Вона... Довгоочікувана Франція – країна вишуканих вин, високої моди, дорогих парфумів і безлічі таємниць... Переїзд в Париж. Екскурсія Магія Парижа! (входить у вартість туру) Пішохідна екскурсія. Париж стає рідним з першого погляду, з першого кроку його витертою бруківкою. Паризькі прогулянки заводять у минуле, в пам'ять серця, у потаємні куточки душі. Франсуаза Саган, Коко Шанель, Джо Дассен, Бріджит Бардо.... Музей парфумів Fragonard (входить у вартість туру) Музей парфумів Fragonard — де аромати розповідають історії. Зазирнемо у світ спокуси, шлейфів і секретів французької п",600
https://www.accordtour.com/tours/380331,"Шедеври Франції Етрета, Мон Сен Мішель, Замки Луари",4,Париж – Версаль – Монмартр – Діснейленд,"або екскурсії на вибір: Яскрава Нормандія: скелі Етрета, Руан: 68€; чар незабутнього французького дня. Версаль. Банти і діаманти.: 38€","Сніданок. Вільний час або екскурсії на вибір: Яскрава Нормандія: скелі Етрета, Руан ( Дорослий: 68€ / Діти до 16 років: 50€ , до 6 років: 0€ ) Нормандія- це пейзажі, які хочеться зберегти назавжди. Скелі Етрета — мов картина, яку створила сама природа, і яку міг би підписати Моне. Аромати моря, сидру й свіжих морепродуктів у Трувілі — як спогад, що смакує щастям. Руан відкриє легенди Жанни д&rsquo;Арк, готичну велич і чар незабутнього французького дня. Версаль. Банти і діаманти. ( Дорослий: 38€ / Діти до 16 років: 30€ , до 6 років: 0€ + вх. квиток) Королівська резиденція – Версаль. Запрошуємо ",600
https://www.accordtour.com/tours/380331,"Шедеври Франції Етрета, Мон Сен Мішель, Замки Луари",5,Мон-Сен-Мішель – Канкаль – Сен-Мало,дії. Для бажаючих: Восьме чудо світу - великий Мон-Сен-Мішель: 38€,"Сніданок. Вільний час в одному з містечок Нормандії. Для бажаючих: Восьме чудо світу - великий Мон-Сен-Мішель ( Дорослий: 38€ / Діти: 28€ + вх. квиток) На кордоні Нормандії і Бретані знаходиться одне з найбільш вражаючих і прекрасних споруд, створених людиною. Мон-Сен-Мішель - острів-скеля-абатство. У часи середньовіччя тут була фортеця, яку за десять століть ніхто не підкорив. Магічна чарівність цього місця охопить кожного, хто зможе побачити підступаючий до острова прилив ... Переїзд в Бретань .... Це регіон романтичних узбереж, батьківщина Короля Артура, Астерікса та Обелікса, устриць, унік",600
https://www.accordtour.com/tours/380331,"Шедеври Франції Етрета, Мон Сен Мішель, Замки Луари",6,Турс (Тур) – Долина Луари,а минулих століть. Для бажаючих Гордість Франції -Замки Луари: 50€,"Сніданок. Сьогодні нас чекає день, повний романтики. Екскурсія Королівські історії... Тур на Луарі (входить у вартість туру) Сьогодні нас чекає справжня провінційна Франція. Тут затишні сади, собори і маленькі церкви. Море виноградників, неймовірні річкові пейзажі і люди, що вміють радіти життю. Екскурсія по чарівному містечку Тур. Знаходиться на злитті річок Луари і Шер. Довга історія Тура не була спокійною, але рішучі битви пройшли, а залишилася історія, краса та багата архітектура минулих століть. Для бажаючих Гордість Франції -Замки Луари ( Дорослий: 50€ / Діти: 38€ + вх. квиток) Бог був п",600
https://www.accordtour.com/tours/380331,"Шедеври Франції Етрета, Мон Сен Мішель, Замки Луари",7,Страсбург – Кольмар,,"Сніданок. Переїзд по Франції. Екскурсія Столиця французької провінції Ельзас – Страсбург (входить у вартість туру) Ельзас немов зійшов зі сторінок казки: будиночки з двосхилими дахами, побудовані з каменю і дерева, прикрашені квітами, на пічних трубах деяких з них звили гнізда лелеки. Пішохідна прогулянка по старому місту, острову, кварталу ремісників Petit de France, по вузьких мальовничих переулочках з відвідуванням французького і німецького кварталів. Ми зануримося в незвичайну атмосферу двотисячолітнього міста. Широкі проспекти і вузькі вулички, невигадані історії та фантастичні легенди, п",600
https://www.accordtour.com/tours/380331,"Шедеври Франції Етрета, Мон Сен Мішель, Замки Луари",8,Прага – Краків,жання! Одна з екскурсій на вибір: Таємниці королів – Градчани: 18€,"Сніданок. Екскурсія Зустріч з Прагою (входить у вартість туру) У лабіринтах маленьких вуличок ви поринете в таємничу атмосферу Старого міста. Староміська площа та Астрономічний годинник з небесною механікою на ратуші, Карлова вулиця... І Карлів міст! Потрібно тут зупинитися для того, щоб загадати бажання! Одна з екскурсій на вибір: Таємниці королів – Градчани ( Дорослий: 18€ / Діти до 16 років: 13€ , до 6 років: 0€ ) Дізнатися про життя королів і придворних, про палацові інтриги і змови, злочини і покарання, які відбувалися з найсвітліших спонукань – в ім'я віри і держави. Вас чекає Градчанськ",600
https://www.accordtour.com/tours/8388/novyi_rik/,"Все, про що мрію, — це Париж! Je t'aime, mon cher Paris!",1,Львів – Краків – Оломоуц,дону і бажанні групи можливість відвідати. Милий серцю Краків: 18€; де навіть ангели закохуються в людей. Смачні традиції Кракова: 30€,"Збір на залізничному вокзалі м. Львів. Відправлення в тур з залізничного вокзалу Львова. (площа Двірцева 1). Переїзд по Україні, перетин кордонів. При швидкому проходженні кордону і бажанні групи можливість відвідати. Милий серцю Краків ( Дорослий: 18€ / Діти: 13€ ) Ми побачимо затишні і романтичні куточки Кракова , почуємо історії закоханих принцес і королів. Дізнаємось про таємниці королівських весіль і веселе життя краківських художників. Місто з чудовою атмосферою, добрими людьми і багатою історією. Місто, де навіть ангели закохуються в людей. Смачні традиції Кракова ( Дорослий: 30€ / Діти",600
https://www.accordtour.com/tours/8388/novyi_rik/,"Все, про що мрію, — це Париж! Je t'aime, mon cher Paris!",2,Нюрнберг – Ротенбург-на-Таубері,,"Сніданок. Переїзд в Німеччину. Екскурсія Казковий Нюрнберг (входить у вартість туру) Місто запрошує на прогулянку, найзнаменитіша ринкова площа країни із Фонтаном сорока фігур, Будинок Дюрера, Палац Правосуддя, храми-близнюки, пятикилометрова кріпосна стіна, замок Кайзербург з вісімдесятьма збереженими вежами і численними воротами, фахверкові будинки, надають колорит старовинним вуличка. Нюрнберг відкриє безліч секретів – тут винайшли кишеньковий годинник і перший глобус, звідси рушив перший потяг, це світова столиця іграшок, батьківщина Лускунчика і олов'яних солдатиків. Романтичний шлях Німе",600
https://www.accordtour.com/tours/8388/novyi_rik/,"Все, про що мрію, — це Париж! Je t'aime, mon cher Paris!",3,Мец – Реймс – Париж,,"Сніданок. І ось Вона... Довгоочікувана Франція – країна вишуканих вин, високої моди, дорогих парфумів і безлічі таємниць... Екскурсія Реймс - столиця королів і шампанського (входить у вартість туру) Одне з мальовничих міст Франції Реймс - відкриє нам чарівність французької провінції. Дивно, що так запросто можна прогулятися вулицями Реймса, адже вони пам'ятають хрещення Хлодвіга і коронацію багатьох королів Франції. Пам'ятка - Кафедральний собор Нотр- Дам де Реймс. Тут гармонійно співіснує історичне минуле і сьогоднішній день: римські арки, середньовіччя, відродження, модерн і арт-деко. Шампан",600
https://www.accordtour.com/tours/8388/novyi_rik/,"Все, про що мрію, — це Париж! Je t'aime, mon cher Paris!",4,Париж – Нотр-Дам де парі (Собор Паризької Богоматері) – ріка Сена – Лувр – Монмартр,,"Сніданок. Цей день ми присвятимо Парижу! Екскурсія Магія Парижа! (входить у вартість туру) Пішохідна екскурсія. Париж стає рідним з першого погляду, з першого кроку його витертою бруківкою. Паризькі прогулянки заводять у минуле, в пам'ять серця, у потаємні куточки душі. Франсуаза Саган, Коко Шанель, Джо Дассен, Бріджит Бардо.... Екскурсія Музей парфумів Fragonard (входить у вартість туру) Музей парфумів Fragonard — де аромати розповідають історії. Зазирнемо у світ спокуси, шлейфів і секретів французької парфумерії. Парфуми — це памʼять, яка завжди з тобою. Екскурсія Серце Парижа: Латинський кв",600
https://www.accordtour.com/tours/8388/novyi_rik/,"Все, про що мрію, — це Париж! Je t'aime, mon cher Paris!",5,Париж – Нормандія – Етрета – Довіль – Трувіль – Руан – Пікардія – Комп єнь,"сть відвідати на вибір: Яскрава Нормандія: скелі Етрета, Руан: 68€; тнього французького дня. Мон-Сен-Мішель або Восьме чудо світу: 88€","Сніданок. Вільний час. Є можливість відвідати на вибір: Яскрава Нормандія: скелі Етрета, Руан ( Дорослий: 68€ / Діти до 16 років: 50€ , до 6 років: 0€ ) Нормандія- це пейзажі, які хочеться зберегти назавжди. Скелі Етрета — мов картина, яку створила сама природа, і яку міг би підписати Моне. Аромати моря, сидру й свіжих морепродуктів у Трувілі — як спогад, що смакує щастям. Руан відкриє легенди Жанни д&rsquo;Арк, готичну велич і чар незабутнього французького дня. Мон-Сен-Мішель або Восьме чудо світу ( Дорослий: 88€ / Діти до 16 років: 80€ + вх. квиток) У 360 км на захід від Парижа в водах Атлан",600
https://www.accordtour.com/tours/8388/novyi_rik/,"Все, про що мрію, — це Париж! Je t'aime, mon cher Paris!",6,Париж – Діснейленд – Долина Луари,Є можливість відвідати на вибір: Гордість Франції Замки Луари: 88€,"Сніданок. Вільний час. Є можливість відвідати на вибір: Гордість Франції Замки Луари ( Дорослий: 88€ / Діти до 16 років: 68€ + вх. квиток) Серце Франції - долина казкової річки Луар и, береги якої всіяні старовинними замками - капризами французьких королів, створеними великими геніями. Тут переплелися таємні історії Франції, життя закоханих монархів і прекрасних жінок. Почнемо наше знайомство з грандіозного мисливського палацу Шамбор. Зовнішній огляд. Далі наш шлях лежить до Шенонсо чарівного замку на воді. Шенонсо - це історія двох жінок, яку ми почуємо в залах палацу ... Амбуаз - перший коро",600
https://www.accordtour.com/tours/8388/novyi_rik/,"Все, про що мрію, — це Париж! Je t'aime, mon cher Paris!",7,Квартал Маре – парк Астерікс – Париж,"гає секрет, який хочеться розгадати. Мрії збуваються в Парижі: 30€","Сніданок. Екскурсія Квартал Маре. Королівські таємниці (входить у вартість туру) Таємничий Париж, де в кожному дворику шепочуться легенди&hellip; Алхіміки, королівські кохання, дуелі, пристрасті — ми зазирнемо за лаштунки історії. Тут кожен камінь зберігає секрет, який хочеться розгадати. Мрії збуваються в Парижі ( Дорослий: 30€ / Діти до 16 років: 21€ , до 6 років: 0€ ) Мрієте про неймовірні фото? Париж крізь об&rsquo;єктив — як кіно про любов. Автобусна екскурсія. Зупинки в найінстаграмніших місцях: Ейфелева вежа, ретро-вулички, вітрини з круасанами й запахом щастя. Ця екскурсія створена для",600
https://www.accordtour.com/tours/8388/novyi_rik/,"Все, про що мрію, — це Париж! Je t'aime, mon cher Paris!",8,Мец – Люксембург,і неповторний! За бажанням групи. Маленька казка – Люксембург: 38€,"Сніданок. Екскурсія Мец - столиця Лотарингії (входить у вартість туру) Мец - кам'яна книга, сторінки якої гортаєш, переходячи з одного кварталу в інший, немов подорожуючи в часі. Місто сад, найсвітліший собор Європи, співаючі фонтани і настоянка з мірабелі - все це Мец - загадочний, величний і неповторний! За бажанням групи. Маленька казка – Люксембург ( Дорослий: 38€ / Діти до 16 років: 30€ ) Крихітні вимощені вулички, величезні мости, сади, парки і герцогський палац.Запрошуємо на екскурсію в крихітне герцогство Люксембург. Кожен з дитинства мріє побувати в казці і відчути себе героєм неймові",600
https://www.accordtour.com/tours/8388/novyi_rik/,"Все, про що мрію, — це Париж! Je t'aime, mon cher Paris!",9,Львів – Прага – Влтава,ова екскурсія: Прага особлива. Празька Венеція -Ма́ла Стра́на: 18€,"Сніданок. Екскурсія Зустріч з Прагою (входить у вартість туру) У лабіринтах маленьких вуличок ви поринете в таємничу атмосферу Старого міста. Староміська площа та Астрономічний годинник з небесною механікою на ратуші, Карлова вулиця... І Карлів міст! Потрібно тут зупинитися для того, щоб загадати бажання! При бажанні групи ранкова екскурсія: Прага особлива. Празька Венеція -Ма́ла Стра́на ( Дорослий: 18€ / Діти: 13€ ) У Ма́лу Стра́ну ми потрапляємо по Карловому мосту. ""Ма́ла Стра́на"" відрізняється атмосферою милих старовинних вуличок, унікальними палацово-парковими комплексами, бароковими фасад",600
https://www.accordtour.com/tours/863862,Краківський Вояж!,1,Львів – Перемишль – Краків,Усім бажаючим рекомендуємо відвідати: Серце Кракова – Казімеж: 18€,"Збір на Львівському залізничному вокзалі. Перетин кордону. Переїзд до Кракова. Поселення в готель. Оглядова екскурсія. Екскурсія Краків -королівський шлях (входить у вартість туру) Шлях, по якому протягом багатьох сторіч проїжджали польські королі: місце де переплітаються легенди... Найстаріша частина міста - Ринкова площа, один із найстаріших університетів Європи - Ягелонський університет, середньовічний центр торгівлі - торгові ряди, де Ви можете придбати сувеніри на згадку про проведені тут хвилини... Усім бажаючим рекомендуємо відвідати: Серце Кракова – Казімеж ( Дорослий: 18€ / Діти: 13€ ",600
https://www.accordtour.com/tours/863862,Краківський Вояж!,2,Краків – Величка – Парк розваг Енерджіландія – Львів,Усім бажаючим рекомендуємо відвідати: Соляні Копальні Велічки: 21€; вість про історію соляних розробок... Парк розваг Energy Land: 23€,"Сніданок. Вільний час у Кракові. Усім бажаючим рекомендуємо відвідати: Соляні Копальні Велічки ( Дорослий: 21€ / Діти: 18€ + вх. квиток) Найстаріше соляне підприємство на польських землях, яке функціонувало понад 7 століть, глибокі дев'ятиярусні тунелі, в яких побудовані підземні храми, містки, численні скульптурні витвори. Тут ми побачимо чарівні підземні озера, гроти, прекрасні каплиці і музейну експозицію, яка розповість про історію соляних розробок... Парк розваг Energy Land ( Дорослий: 23€ / Діти: 23€ + вх. квиток) Найбільший у Польщі парк розваг. Його територія розділена на кілька частин",600
https://www.accordtour.com/tours/261408,Вікенд в Берліні!,1,Львів – Краків,При бажанні групи і наявності часу. Краків -королівський шлях: 18€; згадку про проведені тут хвилини... Ласощі польських королів: 28€,"Зустріч на залізничному вокзалі Львів ( пл. Двірцева 1) Перетин кордону. Переїзд по території Польщі При бажанні групи і наявності часу. Краків -королівський шлях ( Дорослий: 18€ / Діти: 13€ ) Шлях, по якому протягом багатьох сторіч проїжджали польські королі: місце де переплітаються легенди... Найстаріша частина міста - Ринкова площа, один із найстаріших університетів Європи - Ягелонський університет, середньовічний центр торгівлі - торгові ряди, де Ви можете придбати сувеніри на згадку про проведені тут хвилини... Ласощі польських королів ( Дорослий: 28€ / Діти: 23€ ) Ми запрошуємо познайоми",600
https://www.accordtour.com/tours/261408,Вікенд в Берліні!,2,Берлін – музей Пергамон,шарму... У вільний час рекомендуємо відвідати: Музей Пергамон: 26€,"Переїзд в столицю Німеччини. Екскурсія Відвертість Берліну (входить у вартість туру) Пішохідна екскурсія по одному із найдивовижніших і найяскравіших міст на землі, де сучасність і традиції доповнюють одне одного дуже гармонійно, що найкрасивіші і таємничі куточки відкриті для нас. Кожен, хто приїжджає до Берліна, так чи інакше, потрапляє під магічну чарівливість цього міста, його живого і невимушеного шарму... У вільний час рекомендуємо відвідати: Музей Пергамон ( Дорослий: 26€ / Діти: 26€ + вх. квиток) Архітектурні шедеври Стародавнього світу: знамениті ворота Іштар з Вавилону, ворота Мілетс",600
https://www.accordtour.com/tours/261408,Вікенд в Берліні!,3,Берлін – Потсдам – Парк Tropical Islands Resort,,"Сніданок. Вільний день в Берліні. Пропонуємо відвідати екскурсії на вибір: Аквапарк Tropical Islands Resort (Трансфер: 26€ + вх. квиток Дорослий: 60€ / Діти до 16 років: 55€ ) Tropical Islands — це справжній тропічний рай під величезним куполом: бірюзові лагуни, піщані пляжі, джунглі з пальмами, екзотичними рослинами та вільними птахами. Тут на вас чекають тематичні зони різних країн світу, теплі басейни, шоу та атмосфера відпочинку, що переносить у літо за кілька секунд. Берлінський зоопарк (Трансфер: 13€ + вх. квиток ) Один з найбільших зоопарків Європи, а за кількістю видів займає перше міс",600
https://www.accordtour.com/tours/261408,Вікенд в Берліні!,4,Львів,,"Переїзд по території Польщі Прибуття у Львів близько 17:00. Залежить від проходження кордону. Місце прибуття у Львові - залізничний вокзал. До нових зустрічей! <div class=""",172
https://www.accordtour.com/tours/888166,Кастаньєти іспанського серця 3 дні в Барселоні,1,Львів – Вроцлав,анні групи і наявності часу. Вроцлав – священна квітка Європи: 18€,"Зустріч на залізничному вокзалі Львів ( пл. Двірцева 1) Виїзд зі Львова. Переїзд по Україні. Перетин кордонів. При бажанні групи і наявності часу. Вроцлав – священна квітка Європи ( Дорослий: 18€ / Діти до 16 років: 15€ , до 5 років: 0€ ) Вроцлав — зелене серце Польщі з казковою атмосферою. Старе місто вражає барвистими фасадами, романтичними мостами й легендами про гномів, що живуть просто на вулицях. Ринкова площа — одна з найбільших у країні, а готична ратуша зі старовинним сонячним годинником стала її перлиною. Це місто, яке хочеться досліджувати, фотографувати й у яке легко закохатися. Пе",600
https://www.accordtour.com/tours/888166,Кастаньєти іспанського серця 3 дні в Барселоні,2,Нюрнберг – Бамберг,,"Сніданок. Переїзд до Німеччини. Екскурсія Казковий Нюрнберг (входить у вартість туру) Місто запрошує на прогулянку, найзнаменитіша ринкова площа країни із Фонтаном сорока фігур, Будинок Дюрера, Палац Правосуддя, храми-близнюки, пятикилометрова кріпосна стіна, замок Кайзербург з вісімдесятьма збереженими вежами і численними воротами, фахверкові будинки, надають колорит старовинним вуличка. Нюрнберг відкриє безліч секретів – тут винайшли кишеньковий годинник і перший глобус, звідси рушив перший потяг, це світова столиця іграшок, батьківщина Лускунчика і олов'яних солдатиків. Секрети Баварського ",600
https://www.accordtour.com/tours/888166,Кастаньєти іспанського серця 3 дні в Барселоні,3,Берн – Інтерлакен,кскурсії на вибір: Бернський Оберланд і долина 72 водоспадів!: 46€,"Сніданок. Переїзд в Швейцарію. Екскурсія Столиця Швейцарії Берн (входить у вартість туру) Сьогодні відбудеться знайомство зі столицею Швейцарії містом Берн. Прекрасні парки, чудовий Бернський собор, Вартова башта з астрономічним годинником, де в кінці кожної години можна побачити маленьку виставу, ведмежа яма, в якій з давніх давен живуть ведмеді – почесні жителі міста, символом якого вони є, а чудовий шоколад ""Таблерон"" підсолодить наше перебування тут. Вільний час або екскурсії на вибір: Бернський Оберланд і долина 72 водоспадів! ( Дорослий: 46€ / Діти до 16 років: 36€ , до 5 років: 0€ ) Це ",600
https://www.accordtour.com/tours/888166,Кастаньєти іспанського серця 3 дні в Барселоні,4,Барселона,,"Сніданок. В Іспанії в одну гримучу суміш сплелися фламенко і корида, сучасні міста і вікові традиції, відвага Дон Кіхота і вірність Санчо Панси, палкість Кармен і неповторність Дон Жуана. Відпочинок в Іспанії - це танці фламенко, зустріч з сонцем, смачною кухнею і вином, з гостинністю і радістю життя. Переїзд в Барселону. Екскурсія Весела та усміхнена – Барселона (входить у вартість туру) Барселона — вишукана, елегантна та романтична, але водночас сповнена енергії та шарму портового міста. Її неповторна атмосфера зробила Барселону одним із найщасливіших міст світу, займаючи третє місце в рейти",600
https://www.accordtour.com/tours/888166,Кастаньєти іспанського серця 3 дні в Барселоні,5,Барселона – Монсеррат – Фламенко шоу,ропонуємо факультативні екскурсії на вибір: Сонячна Барселона: 30€,"Сніданок. Вільний час. Пропонуємо факультативні екскурсії на вибір: Сонячна Барселона ( Дорослий: 30€ / Діти до 16 років: 21€ , до 5 років: 0€ ) Наш маршрут пройде найцікавішими місцями Барселони. Панорамна Барселона - дивовижно красиве місто. Ми дізнаємося історію римської колонії Барсіно, познайомимося з кварталами Ешампле, Тріумфальною аркою. Парк Сіутадея, Барселонетта з відомим пляжем і морським кварталом, площа Іспанії. Олімпійське Кільце, Набережна Колумба, Олімпійський Порт. Зупинки на фотопаузи. А з гори Монтжуік зможете зафіксувати на пам'ять панорамний вид на Барселону. Священне міс",600
https://www.accordtour.com/tours/888166,Кастаньєти іспанського серця 3 дні в Барселоні,6,Барселона – Рупіт – Жирона – Камп Ноу,данок. Вільний час в Барселоні. Для бажаючих Барселона і море: 30€,"Сніданок. Вільний час в Барселоні. Для бажаючих Барселона і море ( Дорослий: 30€ / Діти до 16 років: 21€ , до 5 років: 0€ + вх. квиток) Історія Барселони завжди була пов'язана з морем. Барселонета – унікальне місце, де завжди пахне морем. Тут знаходяться численні рибні ресторанчики, де можна скуштувати найсмачніші морепродукти, свіжу рибу та страви іспанської кухні. Вздовж набережної вуличні музики влаштовують свої концерти. Тут панує гарний настрій і завжди з'явиться бажання танцювати та підспівувати їм. Зовсім недалеко знаходиться чудовий пляж. Ласкаве море, теплий пісочок - тут ми наповнимо",600
https://www.accordtour.com/tours/888166,Кастаньєти іспанського серця 3 дні в Барселоні,7,Фрагонар – Ніцца – Монако,,"Ранній сніданок. Виселення з готелю. Переїзд у Францію. Ах, це Лазурне Узбережжя – синонім блиску, краси і безкінечного задоволення... Парфумерна фабрика Фрагонар (входить у вартість туру) Ми прибудемо в середньовічний Ез . Французьке містечко, що сидить на вершині скелі над півостровом Сен-Жан-Кап-Ферра - справжня перлина французького Лазурного узбережжя. Невеликий, але нескінченно затишний, з вузькими вуличками і великою кількістю квітів. З високогір'я відкриваються приголомшливі види на Лазурне узбережжя. Відвідування парфумерної фабрики Фрагонар. Нам розкажуть про історію створення ароматі",600
https://www.accordtour.com/tours/888166,Кастаньєти іспанського серця 3 дні в Барселоні,8,Мілан – озеро Комо – Бергамо – Лугано,ники і ультрасучасні квартали. Лугано і Комо: озерна симфонія: 48€,"Сніданок. Переїзд в Мілан. Екскурсія Мілан – столиця моди (входить у вартість туру) Мілан – мрія багатьох модниць, місто-бутік, звідки неможливо поїхати без покупки. Мілан поєднує в собі середньовічні пам'ятники і ультрасучасні квартали. Лугано і Комо: озерна симфонія ( Дорослий: 48€ / Діти до 16 років: 38€ , до 5 років: 0€ ) Лугано — це елегантне місто Швейцарії з середземноморським шармом, вузькими вуличками та набережною, що виблискує на сонці. Звідси відкриваються мальовничі краєвиди на Альпи та озеро, які створюють атмосферу спокою і витонченості. Подорож до озера Комо подарує зустріч із ",600
https://www.accordtour.com/tours/888166,Кастаньєти іспанського серця 3 дні в Барселоні,9,Венеція,"льму. Атмосфера, яку не сплутаєш ні з чим. Вся краса Венеції!: 38€","Сніданок. (дод. опл. громадський транспорт- 30€/26€) Екскурсія Заручена з морем Венеція (входить у вартість туру) Місто на воді, де кам&rsquo;яна казка пливе крізь час. Венеція — це карнавальні маски, гондоли, дзвони Сан-Марко і аромати справжньої італійської кави. Тут канали шепочуть історії, а кожен куточок — як сцена з фільму. Атмосфера, яку не сплутаєш ні з чим. Вся краса Венеції! ( Дорослий: 38€ / Діти до 16 років: 30€ , до 6 років: 15€ ) Водний круїз- Прогулянка на водному таксі головною &laquo;вулицею&raquo; Венеції — це мандрівка повз мармурові палаци, блиск колишньої республіки та еле",600
https://www.accordtour.com/tours/888166,Кастаньєти іспанського серця 3 дні в Барселоні,10,Будапешт – Егер – Мукачево – Львів,Переїзд по Угорщині. Одна з екскурсій на вибір: Таємнича Буда: 18€; Трійці і... сам Королівський Палац! Ажурна прикраса Будапешта: 30€,"Сніданок. Переїзд по Угорщині. Одна з екскурсій на вибір: Таємнича Буда ( Дорослий: 18€ / Діти до 16 років: 13€ , до 6 років: 0€ ) Один з самих романтичних та старовинних куточків Будапешта... Ніби маленьке середньовічне місто з мальовничими вуличками і стародавніми будівлями... Будайська фортеця, Рибацький бастіон, собор св. Матяша, пам'ятник Святій Трійці і... сам Королівський Палац! Ажурна прикраса Будапешта ( Дорослий: 30€ / Діти до 16 років: 26€ ) Прогулянка на кораблику з шампанським. Сім мостів служить прикрасою прекрасного Дунаю, які, мов нитки перлів, пов'язують дві частини міста – Бу",600
https://www.accordtour.com/tours/311103,"Закохані в Париж Діснейленд, Нормандія, Страсбург + Зальцбург...",1,Львів – Краків,вропі! При бажанні групи і наявності часу. Милий серцю Краків: 18€,"Відправлення в тур Старт нашої подорожі — зі Львова, а саме з площі Двірцевої (ориєнтир -залізничний вокзал). Звідси починається пригода, яку ви точно запам&rsquo;ятаєте: нові місця, сотні фото й море вражень. Переїзд територією України, перетин кордону — і ми вже в Європі! При бажанні групи і наявності часу. Милий серцю Краків ( Дорослий: 18€ / Діти: 13€ ) Ми побачимо затишні і романтичні куточки Кракова , почуємо історії закоханих принцес і королів. Дізнаємось про таємниці королівських весіль і веселе життя краківських художників. Місто з чудовою атмосферою, добрими людьми і багатою історією",600
https://www.accordtour.com/tours/311103,"Закохані в Париж Діснейленд, Нормандія, Страсбург + Зальцбург...",2,Мец – Мюнхен,"т"". При бажанні групи, можливість відвідати Дивовижний Мюнхен: 30€","Переїзд в Німеччину. Екскурсія Мюнхен – Легенда Баварії (входить у вартість туру) Нас запрошує ""Німецький Рим"" – місто з чудовою атмосферою гостинності, по якому хочеться блукати з ранку до ночі. Ніде в Німеччині так не оберігають народні традиції, як тут, і навіть національні костюми носять не тільки у свята. Мюнхен славиться дивовижною історією, всесвітньо відомим пивом, смаженими ковбасками і найбільшим в світі святом ""Октоберфест"". При бажанні групи, можливість відвідати Дивовижний Мюнхен ( Дорослий: 30€ / Діти до 16 років: 20€ + вх. квиток) Мюнхен дивує на кожному кроці: від величних музе",600
https://www.accordtour.com/tours/311103,"Закохані в Париж Діснейленд, Нормандія, Страсбург + Зальцбург...",3,Париж – Фрагонар – ріка Сена – Ейфелева вежа – Нотр-Дам де парі (Собор Паризької Богоматері),,"Сніданок. І ось Вона... Довгоочікувана Франція – країна вишуканих вин, високої моди, дорогих парфумів і безлічі таємниць... Екскурсія Магія Парижа! (входить у вартість туру) Пішохідна екскурсія. Париж стає рідним з першого погляду, з першого кроку його витертою бруківкою. Паризькі прогулянки заводять у минуле, в пам'ять серця, у потаємні куточки душі. Франсуаза Саган, Коко Шанель, Джо Дассен, Бріджит Бардо.... Музей парфумів Fragonard (входить у вартість туру) Музей парфумів Fragonard — де аромати розповідають історії. Зазирнемо у світ спокуси, шлейфів і секретів французької парфумерії. Парфум",600
https://www.accordtour.com/tours/311103,"Закохані в Париж Діснейленд, Нормандія, Страсбург + Зальцбург...",4,Париж – Нормандія – Діснейленд – Руан – Етрета – Монмартр,ндуємо відвідати екскурсії і програми на вибір: Все про Париж: 30€,"Сніданок. Виселення з готелю. Вільний час. Пересування на громадському транспорті (дод. оплата). Рекомендуємо відвідати екскурсії і програми на вибір: Все про Париж ( Дорослий: 30€ / Діти до 16 років: 21€ , до 6 років: 0€ ) Автобусна екскурсія по Парижу з фотопаузами. Нас очікують: площа Конкорд, Великі та Малі палаци, будинок Інвалідів, величний Лувр, один з найкрасивіших театрів світу – Гранд Опера, церква Мадлен, парк Пале Рояль. Фотопауза на Марсовому полі - Ейфелева вежа тут як на долоні. Побачивши всю цю красу, розуміємо, що Париж – казкова скриня шедеврів, які віками створювались найвід",600
https://www.accordtour.com/tours/311103,"Закохані в Париж Діснейленд, Нормандія, Страсбург + Зальцбург...",5,Страсбург – Кольмар,,"Переїзд в Страсбург. Екскурсія Страсбург – столиця Ельзасу (входить у вартість туру) Ельзас немов зійшов зі сторінок казки: будиночки з двосхилими дахами, побудовані з каменю і дерева, прикрашені квітами, на пічних трубах деяких з них звили гнізда лелеки. Пішохідна прогулянка по старому місту, острову, кварталу ремісників Petit de France, вузьких мальовничих переулочків, відвідування французького і німецького кварталів. Ми зануримося в незвичайну атмосферу двотисячолітнього міста. Широкі проспекти і вузькі вулички, невигадані історії та фантастичні легенди, паради і капітуляції, війна і мир – ",600
https://www.accordtour.com/tours/311103,"Закохані в Париж Діснейленд, Нормандія, Страсбург + Зальцбург...",6,Зальцбург – Брно – Львів,Сніданок. За бажанням групи. Зальцбург – звуки музики: 30€,"Сніданок. За бажанням групи. Зальцбург – звуки музики ( Дорослий: 30€ / Діти до 16 років: 16€ ) Зальцбург — альпійська казка, де звучить музика Моцарта і живе дух бароко. Його називають північною Флоренцією за велич і витонченість. Тут — палаци, собори, фонтани, сади й атмосфера мистецтва, яка проникає в кожен крок. Це місто, яке хочеться не просто побачити — а відчути. Вдосталь наповнившись емоціями та позитивом повертаємося додому! Перетин кордону. Повернення в Україну. Пізнє прибуття у Львів. Після 03:00. Залежить від перетину кордону. До нових зустрічей! <div class=""",577
https://www.accordtour.com/tours/668,Апельсиновий рай відпочинок на морі Іспанії та Франції + Швейцарія!!!,1,Львів – Вроцлав,дорозі при наявності часу пропонуємо: Місто гномів – Вроцлав: 18€; жен знайде частинку своєї мрії. Середньовічна корчма Вроцлава: 26€,"Збір на Львівському залізничному вокзалі. Перетин кордону. По дорозі при наявності часу пропонуємо: Місто гномів – Вроцлав ( Дорослий: 18€ / Діти: 13€ ) Вроцлав – легендарна колиска Польщі! Старе Місто є одним з найкрасивіших в Польщі, чарівна Ратуша зі старовинним сонячним годинником, а площа вроцлавського ринку займає друге за величиною місце, після Краківського. Для більшості це місто чудес, де кожен знайде частинку своєї мрії. Середньовічна корчма Вроцлава ( Дорослий: 26€ / Діти: 21€ ) Ми повністю зануримося в таємничу атмосферу середньовіччя і загадаємо не одне бажання. Ратуша – одна з на",600
https://www.accordtour.com/tours/668,Апельсиновий рай відпочинок на морі Іспанії та Франції + Швейцарія!!!,2,Нюрнберг – Бамберг,,"Сніданок. Приїзд в Нюрнберг. Оглядова екскурсія. Екскурсія Імператорське місто Нюрнберг (входить у вартість туру) Місто, де правили всі Німецькі імператори - середньовічний Нюрнберг. Міська ратуша, Імператорський замок, ринкова площа, церква Богоматері з годинником ""Менляйнлауфен"", будинок-музей Дюрера, собори св. Себальда і св. Лоренцо ... А ще місто красується пишними готичними церквами, чудовими фонтанами, і знаменита як європейська столиця іграшок, пряників, єдиного в Німеччині червоного пива і знаменитих &laquo;братвурст&raquo; - нюрнберзьких сосисок, смаком яких Ви можете насолодиться у ",600
https://www.accordtour.com/tours/668,Апельсиновий рай відпочинок на морі Іспанії та Франції + Швейцарія!!!,3,Відпочинок на лазурному березі – Канни – Ніцца – Монако – Монте-Карло,,"Прибуття на Лазурне узбережжя! Сьогодні ми будемо насолоджуватись Французькою Рів єрою... Ця назва звучать як обіцянка розкоші та краси, втілення мрії про безтурботний відпочинок, коли повсякденні справи залишаються в іншому, такому далекому і нереальному світі, а оточуюче середовище настільки чудове, що час тут завмирає, боячись порушити таку тендітну гармонію...Відпочинок на морі на Лазуровому узбережжі!!! Музей парфумів Fragonard (входить у вартість туру) Музей парфумів Fragonard — де аромати розповідають історії. Зазирнемо у світ спокуси, шлейфів і секретів французької парфумерії. Парфуми ",600
https://www.accordtour.com/tours/668,Апельсиновий рай відпочинок на морі Іспанії та Франції + Швейцарія!!!,4,Марсель – Відпочинок на морі Іспанії – Фіґерас – Жирона,"бажанні пропонуємо відвідати Місто, відкрите світу – Марсель: 26€","Сніданок. При наявності часу та бажанні пропонуємо відвідати Місто, відкрите світу – Марсель ( Дорослий: 26€ / Діти: 16€ ) Найбільший порт Середземного моря, &laquo;ворота сходу&raquo;, батьківщина великого Зідана і Марсельези. То спокусливий, то бунтівний, Марсель робить все, щоб сподобатися своїм гостям. Відвідування старого порту приємно здивує нас достатком морепродуктів, представлених на місцевому ринку: всілякі лангусти, краби, морські їжаки, устриці, покуштувати які можливо прямо на місці. З боку Старого порту відкривається незвичайний вид на місто, просякнуте духом піратської романтики",600
https://www.accordtour.com/tours/668,Апельсиновий рай відпочинок на морі Іспанії та Франції + Швейцарія!!!,5,Відпочинок на морі Іспанії – Барселона – Монсеррат,,"Сніданок. Відпочинок на морі. Сьогодні запрошуємо познайомитись із морською столицею сонячної Іспанії - Барселоною (трансфер 26Є). Оглядова екскурсія. Екскурсія Барселона – місто, що посміхається (входить у вартість туру) Друге за величиною місто Іспанії, вічний суперник Мадрида, столиця моди, мистецтва і дизайну. Барселона вишукана, елегантна і романтична, і в той же час має енергію і безпутність портового міста. У рейтингу найщасливіших міст світу, за версією Forbes, Барселона займає третє місце. Можливо завдяки яскравому іспанському сонцю, ласкавому Середземному морю, фантастичній архітекту",600
https://www.accordtour.com/tours/668,Апельсиновий рай відпочинок на морі Іспанії та Франції + Швейцарія!!!,6,Відпочинок на морі Іспанії – Тосса-де-Мар – Кадакес – Андорра,онуємо відвідати на вибір: Тосса-де-Мар – романтичне містечко: 30€,"Сніданок. Відпочинок на морі. У вільний час пропонуємо відвідати на вибір: Тосса-де-Мар – романтичне містечко ( Дорослий: 30€ / Діти до 16 років: 21€ + вх. квиток) Сьогодні нас чекає одне з найгарніших міст Іспанії! Чаруюче і неповторне Тосса-де-Мар – дивовижне місце в Коста-Брава. Місто служило джерелом натхнення багатьом художникам. Тут знімали фільм ""Пандора і Летючий Голландець"", після якого, колись звичайне рибальське містечко стало шикарним курортом. Тосса розташувалось в затишній бухті зі скелястим берегом. Це місце для мрійників і романтиків! Тут і сонце, і пляжі, бухти, магазини, кафе",600
https://www.accordtour.com/tours/668,Апельсиновий рай відпочинок на морі Іспанії та Франції + Швейцарія!!!,7,Цюрих – Люцерн – Рейнський водоспад – гора Пілатус,"ільний час. Рекомендуємо відвідати Пишність Швейцарії - Цюріх: 18€; у &laquo;все, крім гір - найбільше&raquo;! Рейнський водоспад: 38€","Переїзд в чудову країну ... «Якщо на землі є рай, то це Швейцарія!». Переїзд в Цюріх. Вільний час. Рекомендуємо відвідати Пишність Швейцарії - Цюріх ( Дорослий: 18€ / Діти: 18€ ) Нас чекає чарівне старе місто, вузькі горбисті алеї, будинки 16 і 17 століть, старовинні ратуші і дворики, найдорожча вулиця Швейцарії - Банхофштрассе, церква Святого Петра, Гроссмюнстер, Фрауенмюнстер з вітражами Марка Шагала і фонтани... фонтани, яких у місті налічується понад 1000!!! І правду кажуть мешканці, що в Цюріху &laquo;все, крім гір - найбільше&raquo;! Рейнський водоспад ( Дорослий: 38€ / Діти: 30€ ) Чудо ",600
https://www.accordtour.com/tours/668,Апельсиновий рай відпочинок на морі Іспанії та Франції + Швейцарія!!!,8,Мюнхен – Замок Нойшванштайн,Рекомендуємо відвідати на вибір: Фантазії короля Людвіга...: 48€,"Сніданок. Прибуття в столицю Баварії - місто Мюнхен. Оглядова екскурсія. Екскурсія Мюнхен – Легенда Баварії... (входить у вартість туру) Нас запрошує ""Німецький Рим"" – місто з чудовою атмосферою гостинності, по якому хочеться блукати з ранку до вечора... Нігде в Німеччині так не оберігають народні традиції, як тут, і навіть національні костюми носять не тільки у свята. Мюнхен славиться дивовижною історією, всесвітньо відомим пивом, смаженими ковбасками і найбільшим в світі святом ""Октоберфест"". Рекомендуємо відвідати на вибір: Фантазії короля Людвіга... ( Дорослий: 48€ / Діти: 48€ ) На півдні ",600
https://www.accordtour.com/tours/668,Апельсиновий рай відпочинок на морі Іспанії та Франції + Швейцарія!!!,9,Прага – Львів,комендуємо відвідати пішохідну екскурсію Прага – місто легенд: 18€,"Сніданок. Виселення з готелю. Рекомендуємо відвідати пішохідну екскурсію Прага – місто легенд ( Дорослий: 18€ / Діти: 18€ ) Прага вважається одним з найкрасивіших міст Європи, яке багато століть захоплює і не перестає дивувати !!! Кожна людина Прагу, безсумнівно, бачила на картинках, чула про неї, але, мабуть, досить мріяти, пора все це побачити своїми очима ... Переїзд по території Польщі Перетин кордону. Повернення в Україну. Час прибуття до Львова після опівночі (залежить від проходження кордону). Місце прибуття до Львова - залізничний вокзал. До нових зустрічей! <div class=""",585
https://www.accordtour.com/tours/1118336,Пристрасть по-іспанськи! Відпочинок на морі!,1,Львів – Перемишль – Краків – Катовіце – Вроцлав – Легниця,При бажанні групи і наявності часу. Місто гномів - Вроцлав!: 18€; хоче смачно поїсти і скоштувати польську кухню Ласощі королів: 30€,"Збір на Львівському залізничному вокзалі. Перетин кордону. При бажанні групи і наявності часу. Місто гномів - Вроцлав! ( Дорослий: 18€ / Діти: 13€ ) Екскурсія по місту 12 островів і більше 100 мостів! Старе місто є одним з найкрасивіших в Польщі, чарівна Ратуша зі старовинним сонячним годинником, а площа вроцлавського ринку займає друге за величиною місце, після Краківського. Для більшості це місто чудес, де кожен знайде частинку своєї мрії. Рекомендуємо відвідати всім, хто хоче смачно поїсти і скоштувати польську кухню Ласощі королів ( Дорослий: 30€ / Діти: 26€ ) Ми запрошуємо познайомитися з",600
https://www.accordtour.com/tours/1118336,Пристрасть по-іспанськи! Відпочинок на морі!,2,Бамберг – Гайдельберг,,"Сніданок. Переїзд в Бамберг. Екскурсія Бамберг - місто на семи пагорбах. (входить у вартість туру) Місто, наче з картинки - маленькі чудові будиночки з черепичними дахами, мости і містки на кожному кроці, приручена річка Регнітц, старий рибальський квартал, єдина в світі ратуша, побудована на воді і безліч пивних таверн! Пиво ... тут знають толк цьому прекрасному напою... Бамберзьке пиво - автентичне пиво! Шедевр бамберзьких пивоварів - напій, якому вже понад 300 років - &laquo;раухбір&raquo; - спеціальний сорт темного пива, а надзвичайним ароматом диму! Такого немає ніде! Переїзд по казковій ",600
https://www.accordtour.com/tours/1118336,Пристрасть по-іспанськи! Відпочинок на морі!,3,Женева – Шийонський замок – Монтре – Веве – Монблан,"ня групи на вибір: Швейцарська Рив єра: Лозанна, Монтре, Веве: 46€","Сніданок. Переїзд в Женеву. Оглядова екскурсія. Екскурсія Женева – вишукана дама (входить у вартість туру) Розташувалась на березі чарівного озера Женева, розповідає нам свою історію: Палац Націй, штаб-квартира ООН, Товариство Червоного Хреста. Женева постане перед нами в образі чарівної казки ... Залежно від бажання групи на вибір: Швейцарська Рив єра: Лозанна, Монтре, Веве ( Дорослий: 46€ / Діти: 36€ ) Швейцарія дивує своєю красою - затишними містами і чудовими будівлями, але справжнє багатство цієї країни - її неповторна природа .... Перлина Швейцарської Рив'єри місто Лозанна. Чарівна набер",600
https://www.accordtour.com/tours/1118336,Пристрасть по-іспанськи! Відпочинок на морі!,4,Авіньйон – Відпочинок на морі Іспанії,Сніданок. При бажанні групи і наявності часу. Пан Авіньйон: 30€,"Сніданок. При бажанні групи і наявності часу. Пан Авіньйон ( Дорослий: 30€ / Діти: 26€ ) Незвичайне місто в Провансі, де протягом століття перебував папський двір. Другий Ватикан. Старовинні вулички, церкви. Історія міста повністю змінилась, коли сюди переїхали папа римський. З тієї епохи залишився грандіозний папський палац, внесений до списку всесвітньої спадщини ЮНЕСКО, одна з найпопулярніших визначних пам'яток Франції. Ми піднімемося на пагорб Роше де Дом, де перед нами відкриється чудова панорама на міст святого Бенезета, на річку Рону і Віль Новина дез Авіньйон. Переїзд в яскраву Іспанію",600
https://www.accordtour.com/tours/1118336,Пристрасть по-іспанськи! Відпочинок на морі!,5,Андорра – Відпочинок на морі Іспанії – Тосса-де-Мар – Жирона – Бесалу,ас рекомендуємо відвідати: Тосса-де-Мар – романтичне містечко: 30€,"Сніданок. Відпочинок на морі. Екскурсія Ллорет де Мар - самий модний курорт Коста Брава. (входить у вартість туру) Екскурсія одним з наймодніших курортів Коста Брави. Ллорет-де-Мар із маленького рибальського селища виріс у найвідоміший туристичний центр Європи! Місцеві жителі століттями займалися риболовлею та торгівлею. Ми познайомимося з його вуличками, ресторанчиками, магазинчиками та почуємо цікаві історії. У вільний час рекомендуємо відвідати: Тосса-де-Мар – романтичне містечко ( Дорослий: 30€ / Діти до 16 років: 21€ + вх. квиток) Сьогодні нас чекає одне з найгарніших міст Іспанії! Чаруюч",600
https://www.accordtour.com/tours/1118336,Пристрасть по-іспанськи! Відпочинок на морі!,6,Барселона – Монсеррат – Відпочинок на морі Іспанії,Барселоною Оглядова екскурсія по місту Один день в Барселоні: 40€,"Сніданок. Відпочинок на морі. Сьогодні запрошуємо познайомитись із морською столицею сонячної Іспанії - Барселоною Оглядова екскурсія по місту Один день в Барселоні ( Дорослий: 40€ / Діти до 16 років: 35€ ) Наш маршрут пройде найцікавішими місцями Барселони. Панорамна Барселона – дивовижно красиве місто. Ми дізнаємося історію римської колонії Барсіно, познайомимося з кварталами Ешампле, Тріумфальною аркою. Парк Сіутадея, Барселонетта з відомим пляжем і морським кварталом, площа Іспанії. Олімпійське Кільце, Набережна Колумба, Олімпійський Порт. Зупинки на фотопауза. А з гори Монтжуик ми зможемо",600
https://www.accordtour.com/tours/1118336,Пристрасть по-іспанськи! Відпочинок на морі!,7,Відпочинок на морі Іспанії – Кадакес – Фіґерас – Емпуріабрава – Порт Авентура,ідати Королівський пляж та Каталонська Венеція – Емпуріабрава: 18€,"Сніданок. Відпочинок на морі. Рекомендуємо відвідати Королівський пляж та Каталонська Венеція – Емпуріабрава ( Дорослий: 18€ / Діти: 18€ ) В Іспанії є своя каталонська Венеція. Ми заїдемо в гості туди, де довжина штучних каналів більше 30 км, жителі причалюють на яхтах прямо до під'їзду будинку і переміщаються на човнах по місту. Емпуріабрава – каталонська рукотворна Венеція на узбережжі Коста-Брава, де величні Піренеї спускаються в безкрає море. Чарівні гірські пейзажі тут є сусідами з смарагдовими водами моря, створюючи унікальне, ні з чим незрівнянне відчуття раю на землі. А ще тут чудові п",600
https://www.accordtour.com/tours/1118336,Пристрасть по-іспанськи! Відпочинок на морі!,8,Монако – Монте-Карло – Ніцца – Відпочинок на лазурному березі,,"Сніданок. Сьогодні ми будемо насолоджуватись Французькою Рів єрою... Ця назва звучать як обіцянка розкоші та краси, втілення мрії про безтурботний відпочинок, коли повсякденні справи залишаються в іншому, такому далекому і нереальному світі, а оточуюче середовище настільки чудове, що час тут завмирає, боячись порушити таку тендітну гармонію...Відпочинок на морі на Лазуровому узбережжі!!! Парфумерна фабрика Фрагонар (входить у вартість туру) Ми прибудемо в середньовічний Ез . Французьке містечко, що сидить на вершині скелі над півостровом Сен-Жан-Кап-Ферра - справжня перлина французького Лазурн",600
https://www.accordtour.com/tours/1118336,Пристрасть по-іспанськи! Відпочинок на морі!,9,Верона – озеро Гарда – Сірміоне,,"Сніданок. Сьогодні нас чекає чарівна та романтична Екскурсія Верона – столиця закоханих (входить у вартість туру) Легендарні будиночки Ромео і Джульєтти, амфітеатр ""Арена ді Верона"" – третій за величиною в світі, площа Бра, ринкова площа Ербе – найдавніша площа міста, над якою височить вежа Ламберті, елегантна площа синьорию, тріумфальна арка Гави, замок Кастель Веккіо. Сотні веж і дзвіниць, привабливі різнокольорові будиночки і затишні дворики, сотні закоханих пар і звичайно ж серця. Вони всюди, на всіх прилавках і сувенірах: одинарні та подвійні, цілі і пронизані, іграшкові і шоколадні. У ві",600
https://www.accordtour.com/tours/1118336,Пристрасть по-іспанськи! Відпочинок на морі!,10,Львів – купальні Егерсалок – Егер,"о відвідати на вибір: Дуже смачний гуляш в Долині Красунь !!!: 24€; а"" — його ніжність. Смаки, що гріють душу. Купальні Егерсалок: 10€","Сніданок. Переїзд по території Угорщини. Рекомендуємо відвідати на вибір: Дуже смачний гуляш в Долині Красунь !!! ( Дорослий: 24€ / Діти до 16 років: 18€ ) Атмосферна дегустація егерських вин та ароматного гуляшу в серці винної долини. ""Бича Кров"" — гордість регіону, ""Егерська Дівчина"" — його ніжність. Смаки, що гріють душу. Купальні Егерсалок ( Дорослий: 10€ / Діти до 16 років: 10€ ) Егерсалок, відомий як ""угорський Памуккале"", вражає білосніжними терасами та термальними джерелами. Велнес-комплекс подарує відновлення і релакс: басейни з теплою мінеральною водою, ароматні сауни, розслаблюючі в",600
https://www.accordtour.com/tours/6687,"Романтичний Париж! Страсбург, Кольмар, Нюрнберг",1,Львів – Краків – Катовіце,,"Відправлення в тур з залізничного вокзалу Львова. (площа Двірцева 1). Переїзд по Україні, перетин кордонів. При бажанні групи і наявності часу. Екскурсія Милий серцю Краків (входить у вартість туру) Ми побачимо затишні і романтичні куточки Кракова , почуємо історії закоханих принцес і королів. Дізнаємось про таємниці королівських весіль і веселе життя краківських художників. Місто з чудовою атмосферою, добрими людьми і багатою історією. Місто, де навіть ангели закохуються в людей. Або Вільний час в одному з торгових центрів.Трансфер в центр міста 10€. Переїзд. Поселення в готель. Ночівля. <div",600
https://www.accordtour.com/tours/6687,"Романтичний Париж! Страсбург, Кольмар, Нюрнберг",2,Нюрнберг – Гейдельберг,,"Сніданок. Переїзд по Німеччині. Екскурсія Загадковий Гайдельберг (входить у вартість туру) Дорога в'ється між горбистими луками і виноградниками Франконії, вздовж річок і озер і по вкритими лісами підніжжями Альп. Прекрасне і старовинне місто Гайдельберг розташувалось на березі Неккара. Для бажаючих екскурсія. Він знаменитий романтичними руїнами стародавньої фортеці і першим в Німеччині університетом, заснованим 1386 р. Нас чекає Старе місто: його мальовничі провулки, площі і середньовічні церкви. Церква Святого Духа, Вежі-близнюки – символ Гайдельберга і частина фортечних укріплень середньові",600
https://www.accordtour.com/tours/6687,"Романтичний Париж! Страсбург, Кольмар, Нюрнберг",3,Париж – ріка Сена – Фрагонар – Дефанс,,"Сніданок. І ось Вона... Довгоочікувана Франція – країна вишуканих вин, високої моди, дорогих парфумів і безлічі таємниць... Екскурсія Магія Парижа! (входить у вартість туру) Пішохідна екскурсія. Париж стає рідним з першого погляду, з першого кроку його витертою бруківкою. Паризькі прогулянки заводять у минуле, в пам'ять серця, у потаємні куточки душі. Франсуаза Саган, Коко Шанель, Джо Дассен, Бріджит Бардо.... Музей парфумів Fragonard (входить у вартість туру) Музей парфумів Fragonard — де аромати розповідають історії. Зазирнемо у світ спокуси, шлейфів і секретів французької парфумерії. Парфум",600
https://www.accordtour.com/tours/6687,"Романтичний Париж! Страсбург, Кольмар, Нюрнберг",4,Париж – Нормандія – Діснейленд – Руан – Етрета – Довіль – Монмартр,"жі. Екскурсії на вибір: Яскрава Нормандія: скелі Етрета, Руан: 68€; цузького дня. Родзинка Франції - Орлеан, Луари - палац Шамбор: 55€","Сніданок. Вільний день в Парижі. Екскурсії на вибір: Яскрава Нормандія: скелі Етрета, Руан ( Дорослий: 68€ / Діти до 16 років: 50€ , до 6 років: 0€ ) Нормандія- це пейзажі, які хочеться зберегти назавжди. Скелі Етрета — мов картина, яку створила сама природа, і яку міг би підписати Моне. Аромати моря, сидру й свіжих морепродуктів у Трувілі — як спогад, що смакує щастям. Руан відкриє легенди Жанни д&rsquo;Арк, готичну велич і чар незабутнього французького дня. Родзинка Франції - Орлеан, Луари - палац Шамбор ( Дорослий: 55€ / Діти: 50€ + вх. квиток) &laquo;Між небом і Луарою&raquo; - девіз Орлеа",600
https://www.accordtour.com/tours/6687,"Романтичний Париж! Страсбург, Кольмар, Нюрнберг",5,Париж – Версаль – Монпарнас – Нотр-Дам де парі (Собор Паризької Богоматері) – Лувр,Сніданок. Для бажаючих Все про Париж: 30€,"Сніданок. Для бажаючих Все про Париж ( Дорослий: 30€ / Діти до 16 років: 21€ , до 6 років: 0€ ) Автобусна екскурсія по Парижу з фотопаузами. Нас очікують: площа Конкорд, Великі та Малі палаци, будинок Інвалідів, величний Лувр, один з найкрасивіших театрів світу – Гранд Опера, церква Мадлен, парк Пале Рояль. Фотопауза на Марсовому полі - Ейфелева вежа тут як на долоні. Побачивши всю цю красу, розуміємо, що Париж – казкова скриня шедеврів, які віками створювались найвідомішими в світі архітекторами, художниками і скульпторами... і це прекрасно!!! Вежа Монпарнас (вх. квиток) Вежа Монпарнас - це о",600
https://www.accordtour.com/tours/6687,"Романтичний Париж! Страсбург, Кольмар, Нюрнберг",6,Страсбург – Кольмар – Нюрнберг,"Маленька Венеція"". Для бажаючих Страсбург – столиця Ельзасу: 38€","Сніданок. Переїзд по Франції. Екскурсія Середньовічний Кольмар (входить у вартість туру) Ми відвідаємо середньовічний Кольмар , де побуваємо в незабутньому музеї під відкритим небом. Старе місто, Музей Унтерлінден, Будинок з головами, Унікальні будинку Старої гауптвахти і Старої Митниці нікого не залишать байдужими. А найстаріший будинок Кольмара – будинок Адольфа і чудовий будинок Пфістера незмінно викликають захоплення у гостей міста. На завершення нашої прогулянки, ми відвідаємо квартал ""Маленька Венеція"". Для бажаючих Страсбург – столиця Ельзасу ( Дорослий: 38€ / Діти до 16 років: 30€ ) Ел",600
https://www.accordtour.com/tours/6687,"Романтичний Париж! Страсбург, Кольмар, Нюрнберг",7,Прага – Брно – Львів,"Сніданок. Зустріч з Прагою: 18€; я для того, щоб загадати бажання! Таємниці королів – Градчани: 18€","Сніданок. Зустріч з Прагою ( Дорослий: 18€ / Діти до 16 років: 13€ ) У лабіринтах маленьких вуличок ви поринете в таємничу атмосферу Старого міста. Староміська площа та Астрономічний годинник з небесною механікою на ратуші, Карлова вулиця... І Карлів міст! Потрібно тут зупинитися для того, щоб загадати бажання! Таємниці королів – Градчани ( Дорослий: 18€ / Діти до 16 років: 13€ , до 6 років: 0€ ) Дізнатися про життя королів і придворних, про палацові інтриги і змови, злочини і покарання, які відбувалися з найсвітліших спонукань – в ім'я віри і держави. Вас чекає Градчанська площа, Шварценбергс",600
https://www.accordtour.com/tours/611000,"Атмосфера свята Франція та Швейцарія Париж, Цюріх, Люцерн",1,Львів – Краків – Брно,онів. При бажанні групи і наявності часу. Королівський Краків: 18€,"Відправлення в тур з залізничного вокзалу Львова. (площа Двірцева 1). Переїзд по Україні, перетин кордонів. При бажанні групи і наявності часу. Королівський Краків ( Дорослий: 18€ / Діти до 16 років: 13€ , до 5 років: 0€ ) Краків — місто легенд, мистецтва і шарму. Тут хочеться загубитись у вуличках, зупинитись на каву і закохатись у момент. Переїзд по території Польщі. Ночівля. <div class=""",393
https://www.accordtour.com/tours/611000,"Атмосфера свята Франція та Швейцарія Париж, Цюріх, Люцерн",2,Нюрнберг – Гайдельберг – Мец,,"Сніданок. Переїзд по Німеччині. Екскурсія Загадковий Гайдельберг (входить у вартість туру) Дорога в'ється між горбистими луками і виноградниками Франконії, вздовж річок і озер і по вкритими лісами підніжжями Альп. Прекрасне і старовинне місто Гайдельберг розташувалось на березі Неккара. Для бажаючих екскурсія. Він знаменитий романтичними руїнами стародавньої фортеці і першим в Німеччині університетом, заснованим 1386 р. Нас чекає Старе місто: його мальовничі провулки, площі і середньовічні церкви. Церква Святого Духа, Вежі-близнюки – символ Гайдельберга і частина фортечних укріплень середньові",600
https://www.accordtour.com/tours/611000,"Атмосфера свята Франція та Швейцарія Париж, Цюріх, Люцерн",3,Париж – ріка Сена – Нотр-Дам де парі (Собор Паризької Богоматері),,"Сніданок. І ось Вона... Довгоочікувана Франція – країна вишуканих вин, високої моди, дорогих парфумів і безлічі таємниць... Екскурсія Магія Парижа! (входить у вартість туру) Пішохідна екскурсія. Париж стає рідним з першого погляду, з першого кроку його витертою бруківкою. Паризькі прогулянки заводять у минуле, в пам'ять серця, у потаємні куточки душі. Франсуаза Саган, Коко Шанель, Джо Дассен, Бріджит Бардо.... Музей парфумів Fragonard (входить у вартість туру) Музей парфумів Fragonard — де аромати розповідають історії. Зазирнемо у світ спокуси, шлейфів і секретів французької парфумерії. Парфум",600
https://www.accordtour.com/tours/611000,"Атмосфера свята Франція та Швейцарія Париж, Цюріх, Люцерн",4,Париж – Діснейленд – Монмартр – Мец,"Сніданок. Екскурсії на вибір: Мрії збуваються в Парижі: 30€; то, які збережуть емоції назавжди. Версаль. Банти і діаманти.: 38€","Сніданок. Екскурсії на вибір: Мрії збуваються в Парижі ( Дорослий: 30€ / Діти до 16 років: 21€ , до 6 років: 0€ ) Мрієте про неймовірні фото? Париж крізь об&rsquo;єктив — як кіно про любов. Автобусна екскурсія. Зупинки в найінстаграмніших місцях: Ейфелева вежа, ретро-вулички, вітрини з круасанами й запахом щастя. Ця екскурсія створена для фото, які збережуть емоції назавжди. Версаль. Банти і діаманти. ( Дорослий: 38€ / Діти до 16 років: 30€ , до 6 років: 0€ + вх. квиток) Королівська резиденція – Версаль. Запрошуємо на свято пишноти, у царство балів, аудієнцій, бенкетів і театральних вистав. Ве",600
https://www.accordtour.com/tours/611000,"Атмосфера свята Франція та Швейцарія Париж, Цюріх, Люцерн",5,Цюрих – Люцерн – Рейнський водоспад,,"Сніданок. Швейцарія - це рай, її уявляють по-різному і лише опинившись тут кожен знаходить те, що шукав. Сьогодні нас чекають Заповітні куточки Швейцарії: прекрасні гори із засніженими вершинами, альпійські луки, глибокі озера, затишні шалле і святкові альпійські будиночки. Екскурсія Неповторний Цюрих (входить у вартість туру) Цюрих - стильне серце Швейцарії, де фінансовий престиж поєднується з альпійським спокоєм. Тут життя пульсує на елегантній Банхофштрассе, а поруч — блиск Цюрихського озера й краєвиди засніжених вершин. Вуличні музиканти, дизайнерські бутики, старовинна архітектура і келих",600
https://www.accordtour.com/tours/611000,"Атмосфера свята Франція та Швейцарія Париж, Цюріх, Люцерн",6,Прага – Градчани – Влтава,"я для того, щоб загадати бажання! Таємниці королів – Градчани: 18€","Сніданок. Для бажаючих на вибір: Екскурсія Зустріч з Прагою (входить у вартість туру) У лабіринтах маленьких вуличок ви поринете в таємничу атмосферу Старого міста. Староміська площа та Астрономічний годинник з небесною механікою на ратуші, Карлова вулиця... І Карлів міст! Потрібно тут зупинитися для того, щоб загадати бажання! Таємниці королів – Градчани ( Дорослий: 18€ / Діти до 16 років: 13€ , до 6 років: 0€ ) Дізнатися про життя королів і придворних, про палацові інтриги і змови, злочини і покарання, які відбувалися з найсвітліших спонукань – в ім'я віри і держави. Вас чекає Градчанська пл",600
https://www.accordtour.com/tours/338883,"Розкішна подорож Франція та Швейцарія Париж, Берн, Цюріх, Люцерн",1,Львів – Легниця – Вроцлав,анні групи і наявності часу. Вроцлав – священна квітка Європи: 18€,"Відправлення в тур з залізничного вокзалу Львова. (площа Двірцева 1). Переїзд по Україні, перетин кордонів. При бажанні групи і наявності часу. Вроцлав – священна квітка Європи ( Дорослий: 18€ / Діти до 16 років: 15€ , до 5 років: 0€ ) Вроцлав — зелене серце Польщі з казковою атмосферою. Старе місто вражає барвистими фасадами, романтичними мостами й легендами про гномів, що живуть просто на вулицях. Ринкова площа — одна з найбільших у країні, а готична ратуша зі старовинним сонячним годинником стала її перлиною. Це місто, яке хочеться досліджувати, фотографувати й у яке легко закохатися. Переї",600
https://www.accordtour.com/tours/338883,"Розкішна подорож Франція та Швейцарія Париж, Берн, Цюріх, Люцерн",2,Бамберг – Вюрцбург – Франкфурт-на-Майні,нні групи і наявності часу. Бамберг - місто на семи пагорбах.: 38€,"Сніданок. Переїзд по Німеччині. Екскурсія Вюрцбург - місто з родзинкою (входить у вартість туру) Вюрцбург вважається одним з найстаріших міст Німеччини, йому 1300 років. Тут знаходиться головна барокова пам'ятка всього регіону – Вюрцбургская єпископська резиденція. Над черепичними дахами міста височіє фортеця Мариенберг, прикрашає його старовинний &laquo;Майнський міст&raquo; з приліпився до нього старим водяним млином, величний собор. При бажанні групи і наявності часу. Бамберг - місто на семи пагорбах. ( Дорослий: 38€ / Діти: 30€ ) Місто, наче з картинки - маленькі чудові будиночки з черепич",600
https://www.accordtour.com/tours/338883,"Розкішна подорож Франція та Швейцарія Париж, Берн, Цюріх, Люцерн",3,Париж – Лувр – Нотр-Дам де парі (Собор Паризької Богоматері),,"Сніданок. І ось Вона... Довгоочікувана Франція – країна вишуканих вин, високої моди, дорогих парфумів і безлічі таємниць... Екскурсія Магія Парижа! (входить у вартість туру) Пішохідна екскурсія. Париж стає рідним з першого погляду, з першого кроку його витертою бруківкою. Паризькі прогулянки заводять у минуле, в пам'ять серця, у потаємні куточки душі. Франсуаза Саган, Коко Шанель, Джо Дассен, Бріджит Бардо.... Музей парфумів Fragonard (входить у вартість туру) Музей парфумів Fragonard — де аромати розповідають історії. Зазирнемо у світ спокуси, шлейфів і секретів французької парфумерії. Парфум",600
https://www.accordtour.com/tours/338883,"Розкішна подорож Франція та Швейцарія Париж, Берн, Цюріх, Люцерн",4,Версаль – Діснейленд – Париж,Сніданок. Екскурсії на вибір: Мрії збуваються в Парижі: 30€; які збережуть емоції назавжди. Париж для закоханих… Монмартр: 25€,"Сніданок. Екскурсії на вибір: Мрії збуваються в Парижі ( Дорослий: 30€ / Діти до 16 років: 21€ , до 6 років: 0€ ) Мрієте про неймовірні фото? Париж крізь об&rsquo;єктив — як кіно про любов. Автобусна екскурсія. Зупинки в найінстаграмніших місцях: Ейфелева вежа, ретро-вулички, вітрини з круасанами й запахом щастя. Ця екскурсія створена для фото, які збережуть емоції назавжди. Париж для закоханих… Монмартр ( Дорослий: 25€ / Діти до 16 років: 16€ ) Монмартр — серце творчого Парижа, де народжувалося мистецтво і жила магія. Пагорб із краєвидом, що зупиняє час: Сакре-Кер, &laquo;Рожевий дім&raquo;, ",600
https://www.accordtour.com/tours/338883,"Розкішна подорож Франція та Швейцарія Париж, Берн, Цюріх, Люцерн",5,Берн – Інтерлакен,,"Сніданок. Швейцарія - це рай, її уявляють по-різному і лише опинившись тут кожен знаходить те, що шукав. Сьогодні нас чекають Заповітні куточки Швейцарії: прекрасні гори із засніженими вершинами, альпійські луки, глибокі озера, затишні шалле і святкові альпійські будиночки. Екскурсія Столиця Швейцарії Берн (входить у вартість туру) Прекрасні парки, чудовий Бернський собор, Вартова вежа з астрономічним годинником, де в кінці кожної години можна побачити маленьку виставу, ведмежа яма, в якій з давніх давен живуть ведмеді – почесні жителі міста, символом якого вони є, а чудовий шоколад &laquo;Таб",600
https://www.accordtour.com/tours/338883,"Розкішна подорож Франція та Швейцарія Париж, Берн, Цюріх, Люцерн",6,Цюрих – Люцерн – Рейнський водоспад – Мюнхен,істо з першого погляду. Для бажаючих Люцерн - серце Швейцарії: 38€,"Сніданок. Екскурсія Неповторний Цюрих (входить у вартість туру) Цюрих - стильне серце Швейцарії, де фінансовий престиж поєднується з альпійським спокоєм. Тут життя пульсує на елегантній Банхофштрассе, а поруч — блиск Цюрихського озера й краєвиди засніжених вершин. Вуличні музиканти, дизайнерські бутики, старовинна архітектура і келих кави з видом - усе тут створено для того, щоб закохатися в місто з першого погляду. Для бажаючих Люцерн - серце Швейцарії ( Дорослий: 38€ / Діти до 16 років: 30€ ) Казковий Люцерн — місто на березі озера чотирьох кантонів, де народилась легенда про Вільгельма Телл",600
https://www.accordtour.com/tours/338883,"Розкішна подорож Франція та Швейцарія Париж, Берн, Цюріх, Люцерн",7,Прага – Львів,"я для того, щоб загадати бажання! Таємниці королів – Градчани: 18€","Сніданок. Екскурсія Зустріч з Прагою (входить у вартість туру) У лабіринтах маленьких вуличок ви поринете в таємничу атмосферу Старого міста. Староміська площа та Астрономічний годинник з небесною механікою на ратуші, Карлова вулиця... І Карлів міст! Потрібно тут зупинитися для того, щоб загадати бажання! Таємниці королів – Градчани ( Дорослий: 18€ / Діти до 16 років: 13€ , до 6 років: 0€ ) Дізнатися про життя королів і придворних, про палацові інтриги і змови, злочини і покарання, які відбувалися з найсвітліших спонукань – в ім'я віри і держави. Вас чекає Градчанська площа, Шварценбергский па",600
https://www.accordtour.com/tours/1118333,Іспанська сієста... Відпочинок на морі!,1,Львів – Краків,"м рекомендуємо відвідати: Казімеж – дві культури, дві релігії: 18€","Збір на Львівському залізничному вокзалі. Перетин кордону. Переїзд до Кракова. Оглядова екскурсія. Екскурсія Королівський шлях (входить у вартість туру) Шлях, по якому протягом багатьох сторіч проїжджали польські королі: місце де переплітаються легенди... Найстаріша частина міста – Ринкова площа, один із найстаріших університетів Європи – Ягелонський університет, середньовічний центр торгівлі – торгові ряди, де Ви можете придбати сувеніри на згадку про проведені тут хвилини... Усім бажаючим рекомендуємо відвідати: Казімеж – дві культури, дві релігії ( Дорослий: 18€ / Діти: 13€ ) Колись Казімеж",600
https://www.accordtour.com/tours/1118333,Іспанська сієста... Відпочинок на морі!,2,Мюнхен – Замок Нойшванштайн,"оберфест"". Рекомендуємо відвідати на вибір: Дивовижний Мюнхен: 26€","Сніданок. Переїзд в Мюнхен. Оглядова екскурсія. Екскурсія Мюнхен – Легенда Баварії... (входить у вартість туру) Нас запрошує ""Німецький Рим"" – місто з чудовою атмосферою гостинності, по якому хочеться блукати з ранку до вечора... Нігде в Німеччині так не оберігають народні традиції, як тут, і навіть національні костюми носять не тільки у свята. Мюнхен славиться дивовижною історією, всесвітньо відомим пивом, смаженими ковбасками і найбільшим в світі святом ""Октоберфест"". Рекомендуємо відвідати на вибір: Дивовижний Мюнхен ( Дорослий: 26€ / Діти: 21€ ) Мюнхен такий багатоликий і незвичайний, вміє",600
https://www.accordtour.com/tours/1118333,Іспанська сієста... Відпочинок на морі!,3,Пон-дю-Гар – Женева – Авіньйон,арівніших містечок Швейцарії – Женеві. Женева – вишукана дама: 30€,"Переїзд через чудову країну. «Якщо на землі є рай, то це Швейцарія!» - Вигукнула колись королева Єлизавета, проїхавши по містах, подібним золотим скарбам, які лежать на срібних озерах. По дорозі, пропонуємо зупинку в одному з найчарівніших містечок Швейцарії – Женеві. Женева – вишукана дама ( Дорослий: 30€ / Діти до 16 років: 20€ ) Розташувалась на березі чарівного озера Женева, розповідає нам свою історію: Палац Націй, штаб-квартира ООН, Товариство Червоного Хреста. Женева постане перед нами в образі чарівної казки ... Переїзд по території Франції. Проїхати Південь Франції і не доторкнутися д",600
https://www.accordtour.com/tours/1118333,Іспанська сієста... Відпочинок на морі!,4,Бесалу – Жирона – Тосса-де-Мар – Відпочинок на морі Іспанії,Тосса-де-Мар - романтичне містечко та прогулянка на кораблику: 30€,"Сніданок. Відпочинок на морі. Усім бажаючим рекомендуємо відвідати: Тосса-де-Мар - романтичне містечко та прогулянка на кораблику ( Дорослий: 30€ / Діти: 23€ + вх. квиток) Сьогодні нас чекає прогулянка на кораблику в одне з найгарніших міст Іспанії! Чаруюче і неповторне Тосса-де-Мар - дивовижне місце в Коста-Брава. Місто служило джерелом натхнення багатьом художникам. Тут знімали фільм &laquo;Пандора і Летючий Голландець&raquo;, після якого, колись звичайне рибальське містечко стало шикарним курортом. Тосса розташувалось в затишній бухті зі скелястим берегом. Це місце для мрійників і романтикі",600
https://www.accordtour.com/tours/1118333,Іспанська сієста... Відпочинок на морі!,5,Барселона – Відпочинок на морі Іспанії,найомитись із морською столицею сонячної Іспанії - Барселоною: 38€,"Сніданок. Відпочинок на морі. Сьогодні запрошуємо познайомитись із морською столицею сонячної Іспанії - Барселоною ( Дорослий: 38€ / Діти: 30€ ) Оглядова екскурсія ""Барселона - місто, яке примушує посміхатися"". Ми побуваємо у другому за величиною місті Іспанії, вічний суперник Мадрида, столиця моди, мистецтва і дизайну. Барселона вишукана, елегантна і романтична, і в той же час має енергію і безпутність портового міста. У рейтингу найщасливіших міст світу, за версією Forbes, Барселона займає третє місце. Можливо завдяки яскравому іспанському сонцю, ласкавому Середземному морю, фантастичній арх",600
https://www.accordtour.com/tours/1118333,Іспанська сієста... Відпочинок на морі!,6,Відпочинок на морі Іспанії – Кадакес – Фіґерас – Емпуріабрава,ідати Королівський пляж та Каталонська Венеція – Емпуріабрава: 18€,"Сніданок. Відпочинок на морі. Рекомендуємо відвідати Королівський пляж та Каталонська Венеція – Емпуріабрава ( Дорослий: 18€ / Діти: 18€ ) В Іспанії є своя каталонська Венеція. Ми заїдемо в гості туди, де довжина штучних каналів більше 30 км, жителі причалюють на яхтах прямо до під'їзду будинку і переміщаються на човнах по місту. Емпуріабрава – каталонська рукотворна Венеція на узбережжі Коста-Брава, де величні Піренеї спускаються в безкрає море. Чарівні гірські пейзажі тут є сусідами з смарагдовими водами моря, створюючи унікальне, ні з чим незрівнянне відчуття раю на землі. А ще тут чудові п",600
https://www.accordtour.com/tours/1118333,Іспанська сієста... Відпочинок на морі!,7,Андорра – Відпочинок на морі Іспанії – Монсеррат,й час рекомендуємо відвідати: Священне місце - Гора Монсеррат: 46€,"Сніданок. Відпочинок на морі. У вільний час рекомендуємо відвідати: Священне місце - Гора Монсеррат ( Дорослий: 46€ / Діти: 36€ + вх. квиток) Нас ждет экскурсия в священное место – гора Монтсеррат, одно из немногих мест на Земле, которые, стоит их однажды увидеть, врезаются намертво в память и остаются там навсегда. Мы совершим подъем на священную для каталонцев гору. Старинный монастырь хранит изображение главной святой этих мест - Черной девы Монтсеррат. У Черной девы просят здоровья, семейного счастья и благополучия. Монсеррат меняет человека, делает его другим. Потрясающие пейзажи, необычн",600
https://www.accordtour.com/tours/1118333,Іспанська сієста... Відпочинок на морі!,8,Порт Авентура – Відпочинок на морі Іспанії,Пропонуємо відвідати: За покупками в La Roca Village outlet: 18€,"Сніданок. Відпочинок на морі. Сьогодні день розваг та шопінгу!!! Пропонуємо відвідати: За покупками в La Roca Village outlet ( Дорослий: 18€ / Діти: 18€ ) Ну, який відпочинок за кордоном без шопінгу? Хіба вам не доводилося купувати новий чемодан на відпочинку тому, що в старий всі покупки не вміщалися? А якщо ви потрапили в магазин розпродажів? А якщо вам попалася ціле село магазинів зі знижками до 60%? Ось, де можна розгулятися! Тут представлено понад 50 фірмових магазинів національних та інтернаціональних марок, які запропонують товари зі знижкою до 60%. ...Versace, Polo Ralph Lauren, Gianfr",600
https://www.accordtour.com/tours/1118333,Іспанська сієста... Відпочинок на морі!,9,Канни – Монако – Ніцца – Відпочинок на лазурному березі – Монте-Карло,,"Ранній сніданок (або ланч бокс), виїзд у Францію. Сьогодні ми будемо насолоджуватись Французькою Рів єрою... Ця назва звучать як обіцянка розкоші та краси, втілення мрії про безтурботний відпочинок, коли повсякденні справи залишаються в іншому, такому далекому і нереальному світі, а оточуюче середовище настільки чудове, що час тут завмирає, боячись порушити таку тендітну гармонію...Відпочинок на морі на Лазуровому узбережжі!!! Прибуття на Лазурне узбережжя! Музей парфумів Fragonard (входить у вартість туру) Музей парфумів Fragonard — де аромати розповідають історії. Зазирнемо у світ спокуси, ш",600
https://www.accordtour.com/tours/1118333,Іспанська сієста... Відпочинок на морі!,10,Відпочинок на Альпійських озерах Зальцкаммергута – Зальцбург – Зальцкаммергут – Музей Сваровскі,,"Переїзд до Зальцбурга. По дорозі відвідаємо королівство кришталю «Чарівний світ Сваровскі» (вхідний квиток опл. дод.). Фантастичний світ кольору, таємниці і витонченості: найбільший і найменший кристали у світі, стіна з 12 тонн кришталевих кристалів, чудовий кришталевий лабіринт із семи кімнат - все виблискує і чарує сяючим блиском... Опинившись в казковому світі кришталю, ми потрапляємо в країну чудових відкриттів, де кристали постійно змінюються, ніби ""чарівна казка, яка ніколи не закінчитися"". Після відвідин королівства в торговому центрі можна придбати подарунки і кришталеві сувеніри на па",600
https://www.accordtour.com/tours/1118333,Іспанська сієста... Відпочинок на морі!,11,Відень – Львів,Сніданок. Для всіх бажаючих: Грац – таємна любов Австрії: 30€; тут багато жителів міста вперше поцілувались. Величний Відень: 26€,"Сніданок. Для всіх бажаючих: Грац – таємна любов Австрії ( Дорослий: 30€ / Діти до 16 років: 20€ , до 5 років: 0€ ) Багатовікова історія... адже Грац - колись блискуча резиденція Габсбургів... Ренесансні дворики, затишні середньовічні вулички, прекрасна панорама з замкової гори Шлоссберг і звичайно ж - Символ міста - годинникова башта з оригінальним годинниковим механізмом. Саме тут багато жителів міста вперше поцілувались. Величний Відень ( Дорослий: 26€ / Діти: 21€ ) Таємниче середньовіччя, блискуче 19 століття, Єкруговорот музики, історії, мистецтва – все це Відень, неповторний і прекрасний",600
https://www.accordtour.com/tours/4377,"Любов і голуби&hellip; Париж, Франкфурт, Дрезден і Прага!!!",1,Львів – Краків – Вроцлав,ті часу. Одна з екскурсій на вибір: Краків -королівський шлях: 18€; на згадку про проведені тут хвилини... Місто гномів - Вроцлав: 18€,"Відправлення в тур. (Місце відправки: залізничний вокзал м.Львів, площа Двірцева 1). Перетин кордону. При бажанні групи і наявності часу. Одна з екскурсій на вибір: Краків -королівський шлях ( Дорослий: 18€ / Діти: 13€ ) Шлях, по якому протягом багатьох сторіч проїжджали польські королі: місце де переплітаються легенди... Найстаріша частина міста - Ринкова площа, один із найстаріших університетів Європи - Ягелонський університет, середньовічний центр торгівлі - торгові ряди, де Ви можете придбати сувеніри на згадку про проведені тут хвилини... Місто гномів - Вроцлав ( Дорослий: 18€ / Діти: 13€",600
https://www.accordtour.com/tours/4377,"Любов і голуби&hellip; Париж, Франкфурт, Дрезден і Прага!!!",2,Дрезден – Саксонська Швейцарія – Ідар-Оберштайн,льний час рекомендуємо відвідати: Дрезденска картинна галерея: 18€,"Сніданок. Прибуття до Дрездену. Оглядова екскурсія. Екскурсія Аристократичний Дрезден (входить у вартість туру) Дрезден — Саксонська перлина на Ельбі. Місто, де мистецтво живе в архітектурі! Розкішна опера Земпера, легендарний Цвінгер з колекціями світового рівня, резиденція династії Веттинів та тераса Брюля ідеальний фон для фото й натхнення. Недарма його називають Флоренцією на Ельбі! А ще — саксонська кухня, вино з характером і шарм старої Європи, який не сплутаєш ні з чим. У вільний час рекомендуємо відвідати: Дрезденска картинна галерея ( Дорослий: 18€ / Діти до 16 років: 16€ + вх. квиток",600
https://www.accordtour.com/tours/4377,"Любов і голуби&hellip; Париж, Франкфурт, Дрезден і Прага!!!",3,Париж – ріка Сена – Монмартр – Лувр – Нотр-Дам де парі (Собор Паризької Богоматері),,"Сніданок. Переїзд в місто - безмежного захоплення - Париж, місто, про яке неможливо забути ... лише раз його відвідавши ... Приїзд в Париж. Оглядова екскурсія. Екскурсія Магія Парижа! (входить у вартість туру) Париж — місто, в яке закохуєшся з першого кроку. Бруківка, що зберігає сліди історії, балкони з кованими перилами, аромат кави й французьких духів у повітрі&hellip; Тут оживають сторінки книг і сцени з фільмів: Шанель, Саган, Джо Дассен, Бардо — дух Парижа в усьому. Прогулянка його вулицями — це прогулянка серцем. Музей парфумів Fragonard (входить у вартість туру) Музей парфумів Fragonar",600
https://www.accordtour.com/tours/4377,"Любов і голуби&hellip; Париж, Франкфурт, Дрезден і Прага!!!",4,Париж – Версаль – Діснейленд,арижі. Пропонуємо відвідати екскурсії на вибір: Все про Париж: 30€,"Сніданок. Вільний час в Парижі. Пропонуємо відвідати екскурсії на вибір: Все про Париж ( Дорослий: 30€ / Діти: 21€ ) Автобусна екскурсія з фотопаузами. Париж – місто всіх часів і народів. Париж зберіг прикмети і далекого минулого і романтику теперішнього часу. Тут є все і для всіх. Для театралів, меломанів, цінителів живопису, для гурманів, любителів розваг і ділових людей. Нас очікують: Люксембурзькі сади, Великі та Малі палаци, будинок Інвалідів, Марсове поле з кращим видом на Ейфелеву вежу. Побачивши всю цю красу, розуміємо, що Париж – казкова скриня шедеврів... і це прекрасно!!! Версаль. Б",600
https://www.accordtour.com/tours/4377,"Любов і голуби&hellip; Париж, Франкфурт, Дрезден і Прага!!!",5,Франкфурт-на-Майні – Люксембург – Гайдельберг – Нюрнберг,заїзд з екскурсією в Люксембург: Маленька казка - Люксембург: 38€,"Сніданок. При бажанні групи заїзд з екскурсією в Люксембург: Маленька казка - Люксембург ( Дорослий: 38€ / Діти: 30€ ) Унікальне місто-фортеця - Люксембург. Звивисті середньовічні вулички приведуть до скельної капели Сен-Кірен, готичного собору Сен-Мішель, розкішної торгової вулиці Гранд Рю, герцогського палацу і кафедрального собору Нотр - Дам, в якому зберігається ікона Богоматері покровительки міста. А з оглядового майданчика на краю скелі, яку називають &laquo;Балкон Європи&raquo;, перед нами відкриється захоплюючий пейзаж: вкриті лісом Арденські гори і пагорби, спрямовані вгору шпилі собо",600
https://www.accordtour.com/tours/4377,"Любов і голуби&hellip; Париж, Франкфурт, Дрезден і Прага!!!",6,Прага – Львів,ються додатково). Рекомендуємо відвідати Прага – місто легенд: 18€,"Сніданок. Виселення з готелю. Пересування на громадському транспорті (квитки на транспорт оплачуються додатково). Рекомендуємо відвідати Прага – місто легенд ( Дорослий: 18€ / Діти: 18€ ) Прага вважається одним з найкрасивіших міст Європи, яке багато століть захоплює і не перестає дивувати !!! Кожна людина Прагу, безсумнівно, бачила на картинках, чула про неї, але, мабуть, досить мріяти, пора все це побачити своїми очима ... Повернення в Україну. Перетин кордону. Час прибуття до Львова після опівночі (залежить від проходження кордону). Місце прибуття до Львова - залізничний вокзал. До нових зу",600
https://www.accordtour.com/tours/8445,Французький настрій в Парижі та Діснейленді!,1,Львів – Вроцлав,При бажанні групи і наявності часу. Місто гномів - Вроцлав!: 18€,"Збір групи. Відправлення в тур. (Місце відправки: залізничний вокзал м.Львів, площа Двірцева 1). Перетин кордону. При бажанні групи і наявності часу. Місто гномів - Вроцлав! ( Дорослий: 18€ / Діти: 13€ ) Екскурсія по місту 12 островів і більше 100 мостів! Старе місто є одним з найкрасивіших в Польщі, чарівна Ратуша зі старовинним сонячним годинником, а площа вроцлавського ринку займає друге за величиною місце, після Краківського. Для більшості це місто чудес, де кожен знайде частинку своєї мрії. Польська кухня (дод. оплата) Можливість спробувати місцеву кухню. Вона славиться відмінним журеком,",600
https://www.accordtour.com/tours/8445,Французький настрій в Парижі та Діснейленді!,2,Берлін,му... У вільний час рекомендуємо відвідати: Берлін крізь часи: 30€,"Сніданок. Переїзд в столицю Німеччини. Оглядова екскурсія. Екскурсія Відвертість Берліну (входить у вартість туру) Пішохідна екскурсія по одному із найдивовижніших і найяскравіших міст на землі, де сучасність і традиції доповнюють одне одного дуже гармонійно, що найкрасивіші і таємничі куточки відкриті для нас. Кожен, хто приїжджає до Берліна, так чи інакше, потрапляє під магічну чарівливість цього міста, його живого і невимушеного шарму... У вільний час рекомендуємо відвідати: Берлін крізь часи ( Дорослий: 30€ / Діти до 16 років: 25€ , до 6 років: 0€ ) Автобусна екскурсія з фото паузами. Запр",600
https://www.accordtour.com/tours/8445,Французький настрій в Парижі та Діснейленді!,3,Париж – Лувр – Нотр-Дам де парі (Собор Паризької Богоматері),,"По дорозі зупинка на сніданок (оплачується по меню). Переїзд в місто - безмежного захоплення - Париж, місто, про яке неможливо забути ... лише раз його відвідавши ... Приїзд в Париж. Оглядова екскурсія. Екскурсія Магія Парижа! (входить у вартість туру) Париж — місто, в яке закохуєшся з першого кроку. Бруківка, що зберігає сліди історії, балкони з кованими перилами, аромат кави й французьких духів у повітрі&hellip; Тут оживають сторінки книг і сцени з фільмів: Шанель, Саган, Джо Дассен, Бардо — дух Парижа в усьому. Прогулянка його вулицями — це прогулянка серцем. Музей парфумів Fragonard (входи",600
https://www.accordtour.com/tours/8445,Французький настрій в Парижі та Діснейленді!,4,Версаль – Діснейленд – Париж – Нормандія,Сніданок. Виселення з готелю. Все про Париж: 30€,"Сніданок. Виселення з готелю. Все про Париж ( Дорослий: 30€ / Діти до 16 років: 21€ , до 6 років: 0€ ) Автобусна екскурсія по Парижу з фотопаузами. Нас очікують: площа Конкорд, Великі та Малі палаци, будинок Інвалідів, величний Лувр, один з найкрасивіших театрів світу – Гранд Опера, церква Мадлен, парк Пале Рояль. Фотопауза на Марсовому полі - Ейфелева вежа тут як на долоні. Побачивши всю цю красу, розуміємо, що Париж – казкова скриня шедеврів, які віками створювались найвідомішими в світі архітекторами, художниками і скульпторами... і це прекрасно!!! Вежа Монпарнас (дод. оплата) Вежа Монпарна",600
https://www.accordtour.com/tours/8445,Французький настрій в Парижі та Діснейленді!,5,Прага – Нюрнберг – Бамберг,,"По дорозі зупинка на сніданок (оплачується по меню). Екскурсія Імператорське місто - Нюрнберг (входить у вартість туру) Міська ратуша, Імператорський замок, ринкова площа, церква Богоматері з годинником ""Менляйнлауфен"", будинок-музей Дюрера, собори св. Себальда і св. Лоренцо ... А ще місто красується пишними готичними церквами, чудовими фонтанами,місто також знамените як європейська столиця іграшок, пряників, єдиного в Німеччині червоного пива і відомих &laquo;братвурст&raquo; - нюрнберзьких сосисок, смаком яких Ви можете насолодиться у вільний час ... Є можливість відвідати на вибір: Бамберг ",600
https://www.accordtour.com/tours/8445,Французький настрій в Парижі та Діснейленді!,6,Брно – Львів – Градчани – Прага,пора все це побачити своїми очима ... Королівські Градчани...: 18€; резиденції чеських князів. Прогулянка на кораблику по Влтаві: 36€,"Ранній сніданок Виселення з готелю. Екскурсія Прага – місто легенд (входить у вартість туру) Прага вважається одним з найкрасивіших міст Європи, яке багато століть захоплює і не перестає дивувати !!! Кожна людина Прагу, безсумнівно, бачила на картинках, чула про неї, але, мабуть, досить мріяти, пора все це побачити своїми очима ... Королівські Градчани... ( Дорослий: 18€ / Діти до 16 років: 13€ ) Градчанська площа, Шварценбергский палац і зміна варти в Празького граду – резиденції чеських князів. Прогулянка на кораблику по Влтаві ( Дорослий: 36€ / Діти: 30€ ) Аперитиви, шведський стіл у супров",600
https://www.accordtour.com/tours/3385,В Привабливому Парижі + Мюнхен та Діснейленд!!!,1,Львів – Вроцлав,і наявності часу. Оглядова екскурсія. Місто гномів - Вроцлав: 18€,"Зустріч на залізничному вокзалі Львова (пл.Двірцева 1). Перетин кордону. При бажанні групи і наявності часу. Оглядова екскурсія. Місто гномів - Вроцлав ( Дорослий: 18€ / Діти: 13€ ) Рекомендуємо екскурсію по місту 12 островів і більше 100 мостів - легендарну колиску Польщі! Старе Місто є одним з найкрасивіших в Польщі, чарівна Ратуша зі старовинним сонячним годинником, а площа вроцлавського ринку займає друге за величиною місце, після Краківського. Для більшості це місто чудес, де кожен знайде частинку своєї мрії. Рекомендуємо відвідати всім, хто хоче смачно поїсти і скоштувати польську кухню ",600
https://www.accordtour.com/tours/3385,В Привабливому Парижі + Мюнхен та Діснейленд!!!,2,Дрезден – Саксонська Швейцарія,ас пропонуємо відвідати на вибір: Дрезденска картинна галерея: 18€,"Сніданок. Нас чекає місто казка, місто мрію... - Дрезден! Запрошуємо на екскурсію Екскурсія Аристократичний Дрезден (входить у вартість туру) Дрезден — Саксонська перлина на Ельбі. Місто, де мистецтво живе в архітектурі! Розкішна опера Земпера, легендарний Цвінгер з колекціями світового рівня, резиденція династії Веттинів та тераса Брюля ідеальний фон для фото й натхнення. Недарма його називають Флоренцією на Ельбі! А ще — саксонська кухня, вино з характером і шарм старої Європи, який не сплутаєш ні з чим. У вільний час пропонуємо відвідати на вибір: Дрезденска картинна галерея ( Дорослий: 18€",600
https://www.accordtour.com/tours/3385,В Привабливому Парижі + Мюнхен та Діснейленд!!!,3,Париж – Монмартр – Нотр-Дам де парі (Собор Паризької Богоматері) – Лувр,,"Переїзд в місто - безмежного захоплення - Париж, місто, про яке неможливо забути ... лише раз його відвідавши ... Приїзд в Париж. Екскурсія Магія Парижа! (входить у вартість туру) Париж — місто, в яке закохуєшся з першого кроку. Бруківка, що зберігає сліди історії, балкони з кованими перилами, аромат кави й французьких духів у повітрі&hellip; Тут оживають сторінки книг і сцени з фільмів: Шанель, Саган, Джо Дассен, Бардо — дух Парижа в усьому. Прогулянка його вулицями — це прогулянка серцем. Музей парфумів Fragonard (входить у вартість туру) Музей парфумів Fragonard — де аромати розповідають іс",600
https://www.accordtour.com/tours/3385,В Привабливому Парижі + Мюнхен та Діснейленд!!!,4,Діснейленд – Париж – Версаль – Нормандія – Руан – Монпарнас,"онуємо відвідати екскурсії на вибір: Мрії збуваються в Парижі: 30€; орена для фото, які збережуть емоції назавжди. Вежа Монпарнас: 18€","Сніданок. Вільний час в Парижі. Пропонуємо відвідати екскурсії на вибір: Мрії збуваються в Парижі ( Дорослий: 30€ / Діти до 16 років: 21€ , до 6 років: 0€ ) Мрієте про неймовірні фото? Париж крізь об&rsquo;єктив — як кіно про любов. Автобусна екскурсія. Зупинки в найінстаграмніших місцях: Ейфелева вежа, ретро-вулички, вітрини з круасанами й запахом щастя. Ця екскурсія створена для фото, які збережуть емоції назавжди. Вежа Монпарнас ( Дорослий: 18€ / Діти до 16 років: 13€ ) Вежа Монпарнас - це один із найвідоміших хмарочосів Парижа висотою у 210 метрів і найкраща оглядова точка міста з панорамо",600
https://www.accordtour.com/tours/3385,В Привабливому Парижі + Мюнхен та Діснейленд!!!,5,Мюнхен – Замок Нойшванштайн,и бажанні групи і наявності часу. Замок із казки Нойшванштайн: 26€,"При бажанні групи і наявності часу. Замок із казки Нойшванштайн ( Дорослий: 26€ / Діти: 16€ ) На півдні Німеччини, біля підніжжя Альп переплітаються казка і реальність. Прекрасні сни стають реальністю, а мрії, здається, ось-ось здійсняться ... Цікава і захоплююча історія дивака і мрійника Короля Людвіга II Баварського. Замок Нойшванштайн - ""Новий лебединий камінь"" – це суміш найрізноманітніших архітектурних стилів і епох. (Зовнішній огляд). Переїзд в столицю Баварії – місто Мюнхен. Оглядова екскурсія по місту Екскурсія Мюнхен – Легенда Баварії... (входить у вартість туру) Нас запрошує ""Німецьк",600
https://www.accordtour.com/tours/3385,В Привабливому Парижі + Мюнхен та Діснейленд!!!,6,Прага – Львів,ля всіх бажаючих: Рекомендуємо відвідати Прага – місто легенд: 18€; пора все це побачити своїми очима ... Королівські Градчани...: 18€; резиденції чеських князів. Прогулянка на кораблику по Влтаві: 36€,"Сніданок. Для всіх бажаючих: Рекомендуємо відвідати Прага – місто легенд ( Дорослий: 18€ / Діти: 18€ ) Прага вважається одним з найкрасивіших міст Європи, яке багато століть захоплює і не перестає дивувати !!! Кожна людина Прагу, безсумнівно, бачила на картинках, чула про неї, але, мабуть, досить мріяти, пора все це побачити своїми очима ... Королівські Градчани... ( Дорослий: 18€ / Діти до 16 років: 13€ ) Градчанська площа, Шварценбергский палац і зміна варти в Празького граду – резиденції чеських князів. Прогулянка на кораблику по Влтаві ( Дорослий: 36€ / Діти: 30€ ) Аперитиви, шведський сті",600
https://www.accordtour.com/tours/661888,Казкова Прага + Дрезден,1,Львів – Краків – Вроцлав,аявності часу. Одна з екскурсій на вибір: Королівський Краків: 18€; у і закохатись у момент. Або Вроцлав – священна квітка Європи: 18€,"Зустріч на залізничному вокзалі Львів ( пл. Двірцева 1) Виїзд зі Львова. Переїзд по Україні. Перетин кордонів. При бажанні групи і наявності часу. Одна з екскурсій на вибір: Королівський Краків ( Дорослий: 18€ / Діти до 16 років: 13€ , до 5 років: 0€ ) Краків — місто легенд, мистецтва і шарму. Тут хочеться загубитись у вуличках, зупинитись на каву і закохатись у момент. Або Вроцлав – священна квітка Європи ( Дорослий: 18€ / Діти до 16 років: 15€ , до 5 років: 0€ ) Вроцлав — зелене серце Польщі з казковою атмосферою. Старе місто вражає барвистими фасадами, романтичними мостами й легендами про г",600
https://www.accordtour.com/tours/661888,Казкова Прага + Дрезден,2,Дрезден – Дрезденська картинна галерея – Саксонська Швейцарія – Прага,,"Сніданок. Переїзд в Дрезден. Екскурсія Знайомство з Дрезденом (входить у вартість туру) Протягом семи століть місто було резиденцією герцогів і королів. Дрезден відомий своїми архітектурними ансамблями, скарбами музеїв, колекціями живопису і прекрасною панорамою берегів Ельби. Екскурсія по Старому місту – Театральна площа з Дрезденською оперою в центрі. Розкішні будівлі Цвінгера. Вільний час. Є можливість відвідати на вибір: Крізь скелі та хмари: Саксонська Швейцарія (Трансфер - Дорослий: 25€ / Діти: 15€) Немає меж захопленню... там, де Ельба прорізає високі гори з пісковика, утворюючи глибоки",600
https://www.accordtour.com/tours/661888,Казкова Прага + Дрезден,3,Прага – Замок Чеський Штернберк – Дрезден,с в Празі. Для бажаючих на вибір: Таємниці королів – Градчани: 18€,"Сніданок. Екскурсія Зустріч з Прагою (входить у вартість туру) У лабіринтах маленьких вуличок ви поринете в таємничу атмосферу Старого міста. Староміська площа та Астрономічний годинник з небесною механікою на ратуші, Карлова вулиця... І Карлів міст! Потрібно тут зупинитися для того, щоб загадати бажання! Вільний час в Празі. Для бажаючих на вибір: Таємниці королів – Градчани ( Дорослий: 18€ / Діти до 16 років: 13€ , до 6 років: 0€ ) Дізнатися про життя королів і придворних, про палацові інтриги і змови, злочини і покарання, які відбувалися з найсвітліших спонукань – в ім'я віри і держави. Вас",600
https://www.accordtour.com/tours/661888,Казкова Прага + Дрезден,4,Львів,,"Час прибуття до Львова після 9:00 (залежить від проходження кордону). Місце прибуття у Львові - залізничний вокзал. До нових зустрічей! Для бажаючих Екскурсія Лабіринтами львівських вулиць (входить у вартість туру) Пішохідна екскурсія по середньовічному місту : фортифікації XIV-XV ст., Ансамбль Успенської церкви; монастирський домініканський костел Божого тіла; Площа Ринок – перлина епохи Відродження: міська Ратуша, Латинська катедра в дуеті з каплицею Боїмів; старовинний куточок Сходу – вірменський квартал. Львівська майстерня шоколаду – єдина, де кожна цукерка зроблена з любов'ю та натхнення",600
https://www.accordtour.com/tours/1863,Маленька французька подорож Париж та Діснейленд,1,Львів,анні групи і наявності часу. Вроцлав – священна квітка Європи: 18€,"Збір на залізничному вокзалі м. Львів. Відправлення в тур з залізничного вокзалу Львова. (площа Двірцева 1). Перетин кордонів. При бажанні групи і наявності часу. Вроцлав – священна квітка Європи ( Дорослий: 18€ / Діти до 16 років: 15€ , до 5 років: 0€ ) Вроцлав — зелене серце Польщі з казковою атмосферою. Старе місто вражає барвистими фасадами, романтичними мостами й легендами про гномів, що живуть просто на вулицях. Ринкова площа — одна з найбільших у країні, а готична ратуша зі старовинним сонячним годинником стала її перлиною. Це місто, яке хочеться досліджувати, фотографувати й у яке легк",600
https://www.accordtour.com/tours/1863,Маленька французька подорож Париж та Діснейленд,2,Дрезден – Майсен – Саксонська Швейцарія – Бамберг,ля бажаючих на вибір: Чарівність Ельби - Саксонська Швейцарія: 38€,"Сніданок. Переїзд в Дрезден. Екскурсія Перлина Саксонії Дрезден (входить у вартість туру) Дрезден - місто, яке століттями було резиденцією герцогів і королів, вражаючи своєю величною архітектурою та багатством культури. Під час екскурсії ми побачимо Театральну площу з легендарною Дрезденською оперою, пройдемо затишними вуличками Старого міста та насолодимось панорамою берегів Ельби. Ми зможемо відвідати розкішний Цвінгер — архітектурний шедевр, який є символом Саксонської величі. Для бажаючих на вибір: Чарівність Ельби - Саксонська Швейцарія ( Дорослий: 38€ / Діти до 12 років: 26€ ) Подорож в ",600
https://www.accordtour.com/tours/1863,Маленька французька подорож Париж та Діснейленд,3,Лувр – Монмартр – Париж – Фрагонар – ріка Сена – Ейфелева вежа,,"Переїзд в Париж. І ось Вона... Довгоочікувана Франція – країна вишуканих вин, високої моди, дорогих парфумів і безлічі таємниць... Екскурсія Магія Парижа! (входить у вартість туру) Пішохідна екскурсія. Париж стає рідним з першого погляду, з першого кроку його витертою бруківкою. Паризькі прогулянки заводять у минуле, в пам'ять серця, у потаємні куточки душі. Франсуаза Саган, Коко Шанель, Джо Дассен, Бріджит Бардо.... Музей парфумів Fragonard (входить у вартість туру) Музей парфумів Fragonard — де аромати розповідають історії. Зазирнемо у світ спокуси, шлейфів і секретів французької парфумерії.",600
https://www.accordtour.com/tours/1863,Маленька французька подорож Париж та Діснейленд,4,Версаль – Діснейленд – Париж – Нормандія – Етрета – Нотр-Дам де парі (Собор Паризької Богоматері) – Монпарнас – Руан,ський транспорт. Екскурсії на вибір: Мрії збуваються в Парижі: 30€,"Сніданок. Виселення з готелю. Вільний день в Парижі. Додатково оплачується громадський транспорт. Екскурсії на вибір: Мрії збуваються в Парижі ( Дорослий: 30€ / Діти до 16 років: 21€ , до 6 років: 0€ ) Мрієте про неймовірні фото? Париж крізь об&rsquo;єктив — як кіно про любов. Автобусна екскурсія. Зупинки в найінстаграмніших місцях: Ейфелева вежа, ретро-вулички, вітрини з круасанами й запахом щастя. Ця екскурсія створена для фото, які збережуть емоції назавжди. Вежа Монпарнас (дод. оплата) Вежа Монпарнас - це один із найвідоміших хмарочосів Парижа висотою у 210 метрів і найкраща оглядова точка",600
https://www.accordtour.com/tours/1863,Маленька французька подорож Париж та Діснейленд,5,Люксембург – Нюрнберг – Прага,оплачується по меню). Маленька казка – Люксембург: 38€,"По дорозі зупинка на сніданок (оплачується по меню). Маленька казка – Люксембург ( Дорослий: 38€ / Діти до 16 років: 30€ ) Крихітні вимощені вулички, величезні мости, сади, парки і герцогський палац.Запрошуємо на екскурсію в крихітне герцогство Люксембург. Кожен з дитинства мріє побувати в казці і відчути себе героєм неймовірних пригод ... У світі багато казкових країн, а наш шлях лежить в одну з них -В Зеленому Серці Європи серед гір, оточений кручами, розтошувалося затишне містечко із однойменною назвою. Ми побачимо капелу Сен-Кірен, готичну церкву Сен-Мішель, ренесансний Палац юстиції, баро",600
https://www.accordtour.com/tours/1863,Маленька французька подорож Париж та Діснейленд,6,Прага – Катовіце – Краків – Львів,Сніданок. За бажанням групи. Таємниці королів – Градчани: 18€; ий собор Віта. Прага особлива. Празька Венеція -Ма́ла Стра́на: 18€,"Сніданок. За бажанням групи. Таємниці королів – Градчани ( Дорослий: 18€ / Діти до 16 років: 13€ , до 6 років: 0€ ) Дізнатися про життя королів і придворних, про палацові інтриги і змови, злочини і покарання, які відбувалися з найсвітліших спонукань – в ім'я віри і держави. Вас чекає Градчанська площа, Шварценбергский палац і варта в Празькому граді. А також неймовірний собор Віта. Прага особлива. Празька Венеція -Ма́ла Стра́на ( Дорослий: 18€ / Діти: 13€ ) У Ма́лу Стра́ну ми потрапляємо по Карловому мосту. ""Ма́ла Стра́на"" відрізняється атмосферою милих старовинних вуличок, унікальними палацов",600
https://www.accordtour.com/tours/8003,В повному шоколаді... або 2 дні в Швейцарії!,1,Львів – Краків,,"Збір на Львівському залізничному вокзалі. Відправлення в тур. (Місце відправки: залізничний вокзал м.Львів, площа Двірцева 1). Перетин кордону. Приїзд в Краків Оглядова екскурсія. Екскурсія Краків...Королівський шлях (входить у вартість туру) Краків-місто – вражаюче, красиве і загадкове. Місто художників і музикантів, зі своїми легендами і, звичайно ж, милими польськими жартами. У ньому потрібно зупинитись хоча б на мить... Вавельський пагорб, Кафедральний собор, Двір резиденції. Зупинки на фотопаузу. Вулиця Гродська, Королівський шлях ми дійдемо до Ринкової площі, послухаємо трубача в Маряцьк",600
https://www.accordtour.com/tours/8003,В повному шоколаді... або 2 дні в Швейцарії!,2,Зальцбург – Брно,,"Сніданок. Переїзд до Зальцбурга. Екскурсія Зальцбург – симфонія звуків і пейзажів (входить у вартість туру) Зальцбург – місто маленького формату, проте, світового значення. Його по праву називають ""сценою світу"", завдяки незліченній кількості культурних подій, які відбуваються в мальовничому Старому місті... Адже красу міста плекали століттями... Князі-архієпископи, які протягом багатьох століть правили Зальцбургом, хотіли не лише зробити своє місто одним з найбільш багатих та впливових міст Європи. Вони хотіли більшого – зробити із Зальцбурга ""Рим Півночі"". Пропонуємо відвідати екскурсії на в",600
https://www.accordtour.com/tours/8003,В повному шоколаді... або 2 дні в Швейцарії!,3,Люцерн – Рейнський водоспад – Цюрих,час рекомендуємо відвідати: Чудо природи - Рейнський водоспад: 38€,"Сніданок. Переїзд в чудову країну ... «Якщо на землі є рай, то це Швейцарія!». Екскурсія Екскурсія Неповторний Цюрих (входить у вартість туру) Цюрих - стильне серце Швейцарії, де фінансовий престиж поєднується з альпійським спокоєм. Тут життя пульсує на елегантній Банхофштрассе, а поруч — блиск Цюрихського озера й краєвиди засніжених вершин. Вуличні музиканти, дизайнерські бутики, старовинна архітектура і келих кави з видом - усе тут створено для того, щоб закохатися в місто з першого погляду. У вільний час рекомендуємо відвідати: Чудо природи - Рейнський водоспад ( Дорослий: 38€ / Діти до 16 ",600
https://www.accordtour.com/tours/8003,В повному шоколаді... або 2 дні в Швейцарії!,4,Берн – Інтерлакен,,"Сніданок. Швейцарія дивує своєю красою - затишними містами і чудовими будівлями, але справжнє багатство цієї країни - її неповторна природа!!! Переїзд до столиці Швейцарії. Екскурсія Берн – місто фонтанів, квітів і ... ведмедів! (входить у вартість туру) Швейцарія дивує своєю красою – затишними містами і чудовими будівлями, але справжнє багатство цієї країни її неповторна природа!!! Переїзд до столиці Швейцарії. Екскурсія ""Берн - місто фонтанів, квітів і ведмедів!"". Так-так, саме ведмідь є символом міста, він зображений на гербі і прапорі, прикрашає фонтани і вітрини магазинів. Берн має титул ",600
https://www.accordtour.com/tours/8003,В повному шоколаді... або 2 дні в Швейцарії!,5,Кольмар – Страсбург,,"Сніданок. По дорозі, пропонуємо відвідати романтичну область Франції, яку мріють побачити тисячі людей - Ельзас! Екскурсія Середньовічний Кольмар (входить у вартість туру) Ми відвідаємо середньовічний Кольмар , де побуваємо в незабутньому музеї під відкритим небом. Старе місто, Музей Унтерлінден, Будинок з головами, Унікальні будинку Старої гауптвахти і Старої Митниці нікого не залишать байдужими. А найстаріший будинок Кольмара – будинок Адольфа і чудовий будинок Пфістера незмінно викликають захоплення у гостей міста. На завершення нашої прогулянки, ми відвідаємо квартал ""Маленька Венеція"". Ре",600
https://www.accordtour.com/tours/8003,В повному шоколаді... або 2 дні в Швейцарії!,6,Прага – Львів,комендуємо відвідати пішохідну екскурсію Прага – місто легенд: 18€; е побачити своїми очима ... Прогулянка на кораблику по Влтаві: 38€,"Сніданок. Пересування на громадському транспорті (квитки на транспорт оплачуються додатково). Рекомендуємо відвідати пішохідну екскурсію Прага – місто легенд ( Дорослий: 18€ / Діти: 18€ ) Прага вважається одним з найкрасивіших міст Європи, яке багато століть захоплює і не перестає дивувати !!! Кожна людина Прагу, безсумнівно, бачила на картинках, чула про неї, але, мабуть, досить мріяти, пора все це побачити своїми очима ... Прогулянка на кораблику по Влтаві ( Дорослий: 38€ / Діти до 16 років: 34€ , до 6 років: 15€ ) Аперитиви, шведський стіл в супроводі цікавих розповідей... Ось вони незабутн",600
https://www.accordtour.com/tours/161611,В полоні Парижа Діснейленд + Швейцарія + Баварія,1,Львів – Стрий – Мукачево – Будапешт – Дьйор,"і наявності часу. Прогулянка на кораблику ""Чарівність Дунаю"": 30€","Вирушаємо в подорож Із залізничного вокзалу Львова (пл. Двірцева, 1). Також можна приєднатись до групи у Стрию чи Мукачево. Перетинаємо кордон — і нас вже чекає перлина Дунаю. Екскурсія Шарм нічного Будапешту (входить у вартість туру) Ми проведемо вільний час в улюбленому місці прогулянок угорської знаті - набережній Корзо і фешенебельній вулиці Ваци. Тут Пешт ошатний, святковий навіть в будні! При бажанні групи і наявності часу. Прогулянка на кораблику ""Чарівність Дунаю"" ( Дорослий: 30€ / Діти до 16 років: 26€ , до 6 років: 0€ ) Сім мостів дивовижно оздоблюють прекрасний Дунай, які, мов нитки",600
https://www.accordtour.com/tours/161611,В полоні Парижа Діснейленд + Швейцарія + Баварія,2,Мюнхен – Замок Нойшванштайн – музей BMW – Мец,ідвідати на вибір: Баварскі замки: Хоеншвангау і Нойшвайштайн: 50€,"Прибуття в Мюнхен. Екскурсія Мюнхен – Легенда Баварії (входить у вартість туру) Нас запрошує ""Німецький Рим"" – місто з чудовою атмосферою гостинності, по якому хочеться блукати з ранку до ночі. Ніде в Німеччині так не оберігають народні традиції, як тут, і навіть національні костюми носять не тільки у свята. Мюнхен славиться дивовижною історією, всесвітньо відомим пивом, смаженими ковбасками і найбільшим в світі святом ""Октоберфест"". Вільний час. Є можливість відвідати на вибір: Баварскі замки: Хоеншвангау і Нойшвайштайн ( Дорослий: 50€ / Діти до 16 років: 46€ ) На півдні Німеччини, біля підні",600
https://www.accordtour.com/tours/161611,В полоні Парижа Діснейленд + Швейцарія + Баварія,3,Париж – ріка Сена – Фрагонар – Лувр – Монмартр – Ейфелева вежа – Нотр-Дам де парі (Собор Паризької Богоматері),,"Сніданок. І ось Вона... Довгоочікувана Франція – країна вишуканих вин, високої моди, дорогих парфумів і безлічі таємниць... Екскурсія Магія Парижа! (входить у вартість туру) Пішохідна екскурсія. Париж стає рідним з першого погляду, з першого кроку його витертою бруківкою. Паризькі прогулянки заводять у минуле, в пам'ять серця, у потаємні куточки душі. Франсуаза Саган, Коко Шанель, Джо Дассен, Бріджит Бардо.... Музей парфумів Fragonard (входить у вартість туру) Музей парфумів Fragonard — де аромати розповідають історії. Зазирнемо у світ спокуси, шлейфів і секретів французької парфумерії. Парфум",600
https://www.accordtour.com/tours/161611,В полоні Парижа Діснейленд + Швейцарія + Баварія,4,Париж – Нормандія – Діснейленд – Руан – Довіль – Версаль – Монпарнас,,"Сніданок. Вільний час. Пересування на громадському транспорті (дод. оплата). Для бажаючих на вибір: Чарівний світ - Діснейленд... 1 парк (Трансфер: 26€ + вх. квиток Дорослий: 110€ / Діти до 11 років: 105€ ) Чарівний світ Дісней Парку відкриває перед нами свої двері і, переступивши його поріг – ми стаємо героями дивовижних пригод. Це світ дітей та дорослих – країна фантазій, країна відкриттів і першовідкривачів. Відвідування Дісней студії за додаткову плату. Квитки допоможемо придбати (бронювати потрібно завчасно). Програма у Діснейленді завершується неймовірним Disney Magic-шоу, де казкові іст",600
https://www.accordtour.com/tours/161611,В полоні Парижа Діснейленд + Швейцарія + Баварія,5,Цюрих – Рейнський водоспад,,"Переїзд в Швейцарію. Екскурсія Неповторний Цюріх (входить у вартість туру) Швейцарія -це рай, її уявляють по-різному і лише опинившись тут кожен знаходить те, що шукав. Сьогодні нас чекають Заповітне куточки Швейцарії : прекрасні гори із заснеженними вершинами, альпійські луки, глибокі озера, затишні шале і ошатні альпійські будиночки. Нас запрошує одне з найбагатших міст Швейцарії - неповторний Цюріх . Тут життя б'є через край і вдень і вночі, дивуючи всіх відвідувачів своєю різноманітністю. Гірські вершини і прекрасне Цюріхське озеро надають місту незвичайний шарм. Цюріх пишається однією з н",600
https://www.accordtour.com/tours/161611,В полоні Парижа Діснейленд + Швейцарія + Баварія,6,Відень – Будапешт – Мукачево – Львів,на вибір): Віденський вальс: 18€; еличне місто зачаровує шармом і витонченістю. Величний Відень: 26€,"Сніданок. Переїзд по Австрії. У вільний час рекомендуємо (на вибір): Віденський вальс ( Дорослий: 18€ / Діти до 16 років: 13€ , до 5 років: 0€ ) Відень – місто музики і великих композиторів, місто чаруюче і прекрасне... Його заслужено називають серцем Європи. Це надзвичайне місто! – Вузькі середньовічні вулички, широкі імперські площі... Ми прогуляємося по самому серцю Відня. Величне місто зачаровує шармом і витонченістю. Величний Відень ( Дорослий: 26€ / Діти до 16 років: 21€ , до 5 років: 0€ ) Таємниче середньовіччя, блискуче 19 століття, круговорот музики, історії, мистецтва – все це Відень",600
https://www.accordtour.com/tours/1118171,"Фантастична четвірка: Амстердам, Брюссель, Люксембург та Берлін!",1,Львів – Вроцлав,дорозі при наявності часу пропонуємо: Місто гномів – Вроцлав: 18€; жен знайде частинку своєї мрії. Середньовічна корчма Вроцлава: 26€,"Збір на Львівському залізничному вокзалі. Відправлення в тур. (Місце відправки: залізничний вокзал м.Львів, площа Двірцева 1) Переїзд по території Польщі По дорозі при наявності часу пропонуємо: Місто гномів – Вроцлав ( Дорослий: 18€ / Діти: 13€ ) Вроцлав – легендарна колиска Польщі! Старе Місто є одним з найкрасивіших в Польщі, чарівна Ратуша зі старовинним сонячним годинником, а площа вроцлавського ринку займає друге за величиною місце, після Краківського. Для більшості це місто чудес, де кожен знайде частинку своєї мрії. Середньовічна корчма Вроцлава ( Дорослий: 26€ / Діти: 21€ ) Ми повніст",600
https://www.accordtour.com/tours/1118171,"Фантастична четвірка: Амстердам, Брюссель, Люксембург та Берлін!",2,Берлін,му... У вільний час є можливість відвідати: Берлін крізь часи: 26€,"Сніданок. Виселення з готелю. Переїзд в столицю Німеччини. Екскурсія Відвертість Берліну (входить у вартість туру) Пішохідна екскурсія по одному із найдивовижніших і найяскравіших міст на землі, де сучасність і традиції доповнюють одне одного дуже гармонійно, що найкрасивіші і таємничі куточки відкриті для нас. Кожен, хто приїжджає до Берліна, так чи інакше, потрапляє під магічну чарівливість цього міста, його живого і невимушеного шарму... У вільний час є можливість відвідати: Берлін крізь часи ( Дорослий: 26€ / Діти до 12 років: 18€ ) Автобусна екскурсія з фотопаузами. Запрошуємо перегорнути",600
https://www.accordtour.com/tours/1118171,"Фантастична четвірка: Амстердам, Брюссель, Люксембург та Берлін!",3,Амстердам – Заансе Сханс – Волендам – Кекенгоф,,"Ранній сніданок. Прибуття в Амстердам. Оглядова екскурсія. Екскурсія Амстердам – скарби минулого і теперішнього (входить у вартість туру) Cтарі ""вигнуті"" будівлі, бруківка, незліченні канали, набережні, які на 3 метри нижче рівня моря, чудові парки і плаваючі квіткові ринки створюють особливу атмосферу. Площа Дам і Королівський палац, Райксмузеум і знаменитий Будинок Рембрандта, єврейський квартал і діамантова фабрика, спадкоємиця ювелірних традицій – вся ця краса подвоєна дзеркалом води, чарівним відображенням якого можна милуватися вічно! У вільний час рекомендуємо відвідати: Рекомендуемо фо",600
https://www.accordtour.com/tours/1118171,"Фантастична четвірка: Амстердам, Брюссель, Люксембург та Берлін!",4,Брюссель – Гент – Брюгге,,"Сніданок. Переїзд в місто на семи пагорбах, збудоване в формі серця, столицю Королівства Бельгії - Брюссель. Оглядова екскурсія. Екскурсія Історія краси – Брюссель (входить у вартість туру) Історія, яка творилася століттями. Симфонія тріумфуючого блиску панує в районі Європарламенту з просторими парками і вулицями, а також найгарнішою площою Європи – Гранд Платс. Вдень площа нагадує театр квіткового ринку, а ввечері – п'єсу гарного кохання і захоплення! Ми зможемо відчути добродушний і веселий характер бельгійців, недаремно одним із символів цього міста є знаменита бронзова скульптура – фонтан",600
https://www.accordtour.com/tours/1118171,"Фантастична четвірка: Амстердам, Брюссель, Люксембург та Берлін!",5,Люксембург – Нюрнберг,Сніданок. За бажанням групи. Маленька казка - Люксембург: 38€,"Сніданок. За бажанням групи. Маленька казка - Люксембург ( Дорослий: 38€ / Діти: 30€ ) Унікальне місто-фортеця - Люксембург. Звивисті середньовічні вулички приведуть до скельної капели Сен-Кірен, готичного собору Сен-Мішель, розкішної торгової вулиці Гранд Рю, герцогського палацу і кафедрального собору Нотр - Дам, в якому зберігається ікона Богоматері покровительки міста. А з оглядового майданчика на краю скелі, яку називають &laquo;Балкон Європи&raquo;, перед нами відкриється захоплюючий пейзаж: вкриті лісом Арденські гори і пагорби, спрямовані вгору шпилі соборів і церков... Переїзд по Німеч",600
https://www.accordtour.com/tours/1118171,"Фантастична четвірка: Амстердам, Брюссель, Люксембург та Берлін!",6,Прага – Брно – Краків – Львів,"селення з готелю. Одна з екскурсій на вибір: Зустріч з Прагою: 18€; итися для того, щоб загадати бажання! Королівські Градчани...: 18€; резиденції чеських князів. Прогулянка на кораблику по Влтаві: 38€","Сніданок. Виселення з готелю. Одна з екскурсій на вибір: Зустріч з Прагою ( Дорослий: 18€ / Діти до 16 років: 13€ ) У лабіринтах маленьких вуличок ви поринете в таємничу атмосферу Старого міста. Староміська площа та Астрономічний годинник з небесною механікою на ратуші, Карлова вулиця... І Карлів міст! Потрібно тут зупинитися для того, щоб загадати бажання! Королівські Градчани... ( Дорослий: 18€ / Діти до 16 років: 13€ ) Градчанська площа, Шварценбергский палац і зміна варти в Празького граду – резиденції чеських князів. Прогулянка на кораблику по Влтаві ( Дорослий: 38€ / Діти до 16 років: 34",600
https://www.accordtour.com/tours/261417,Бельгія для гурманів або 2 дні в Брюсселі!,1,Львів – Вроцлав,,"Збір на Львівському залізничному вокзалі. Всім бажаючим пропонуємо: Перетин кордону. Переїзд у Вроцлав. Екскурсія Екскурсія Священна квітка Європи - місто Вроцлав. (входить у вартість туру) В важається одним з найзеленіших міст Польщі, яке вирізняється прекрасною архітектурою і мальовничими куточками. Старе Місто є одним із найкрасивіших в Польщі, чарівна Ратуша зі старовинним сонячним годинником, а площа вроцлавського ринку займає друге за величиною місце, після Краківського. Для більшості це місто чудес, де кожен знайде частинку своєї мрії. У вільний час є можливість відвідати: Вечеря в сере",600
https://www.accordtour.com/tours/261417,Бельгія для гурманів або 2 дні в Брюсселі!,2,Ерфурт,,"Сніданок. Нас чекає екскурсія Екскурсія Ерфурт - історія середньовіччя. (входить у вартість туру) Нас чекає середньовічне містечко з декоративними будиночками, замріяними мостиками через тиху річку Геру, і вузенькими вуличками, які &laquo;ховають&raquo; архітектурні скарби міста. У ніверситетський квартал, ринкова площа, найвужчий будинок в Німеччині, ратуша, Соборна Гора з готичним Собором і церквою Святого Северія, старовинні фасади і скеровані у вись шпилі церков... Ви матимете час прогулятись по єдиному у свому роді мосту крамарів Кремербрюке - найдовшому в Європі мосту-вулиці з багатими б",600
https://www.accordtour.com/tours/261417,Бельгія для гурманів або 2 дні в Брюсселі!,3,Брюссель – Левен – Мехелен,,"Сніданок. Переїзд в місто на семи пагорбах, збудоване в формі серця, столицю Королівства Бельгії - Брюссель. Екскурсія Екскурсія Історія краси – Брюссель (входить у вартість туру) Історія, яка творилася століттями. Симфонія тріумфуючого блиску панує в районі Європарламенту з просторими парками і вулицями, а також найгарнішою площою Європи – Гранд Платс. Вдень площа нагадує театр квіткового ринку, а ввечері – п'єсу гарного кохання і захоплення! Ми зможемо відчути добродушний і веселий характер бельгійців, недаремно одним із символів цього міста є знаменита бронзова скульптура – фонтан ""Манекен ",600
https://www.accordtour.com/tours/261417,Бельгія для гурманів або 2 дні в Брюсселі!,4,Брюссель – Антверпен – Гент – Брюгге,"ємо відвідати екскурсії: Фландрія у всій красі: Гент, Брюгге!: 48€","Сніданок. Вільний час в Брюсселі. Рекомендуємо відвідати екскурсії: Фландрія у всій красі: Гент, Брюгге! ( Дорослий: 48€ / Діти: 38€ ) Унікальна екскурсія по Фландрії, відкриє нам різноманітність Королівської Бельгії. Вражає своєю розкішною оздобою чудове фламандське містечко Гент: дзвіниця Баффруа, висотою 90 метрів, з дзвоном ""Клокке Роланд"", могутня Ратуша в стилі квітучої готики, королівський палац Сінт-Йорисхоф, знаменитий Собор Святого Бавона, де зберігається загадковий Гентський вівтар - ""Містичний Агнець "". Атмосфера давнини і таємничості не покидає це місто, наче в очікуванні чуда... ",600
https://www.accordtour.com/tours/261417,Бельгія для гурманів або 2 дні в Брюсселі!,5,Кельн – Аахен,ю. У вільний час рекомендуємо відвідати: Кельн – золото Рейну: 38€,"Сніданок. Екскурсія Екскурсія Місто чотирьох культур - Аахен (входить у вартість туру) Сьогодні нас чекає знайомство з дивовижним Аахеном . Саме місто відноситься до регіону Північної Рейн-Вестфалії і межує з Бельгією та Нідерландами, а засноване воно було ще римлянами! Визначною пам'яткою Аахена є його Кафедральний собор, іменований Імперським собором, який внесений до списку Всесвітньої спадщини ЮНЕСКО. У соборі століттями коронувалися імператори Римської імперії. Унікальний пам'ятник архітектури вражає своєю красою. У вільний час рекомендуємо відвідати: Кельн – золото Рейну ( Дорослий: 38€ ",600
https://www.accordtour.com/tours/261417,Бельгія для гурманів або 2 дні в Брюсселі!,6,Краків – Львів,й час пропонуємо відвідати на вибір: Ласощі польських королів: 28€; тут завжди найкращий ... Польський Акрополь Вавельський замок: 18€,"Сніданок. По дорозі при наявності часу пропонуємо відвідати Краків. У вільний час пропонуємо відвідати на вибір: Ласощі польських королів ( Дорослий: 28€ / Діти: 23€ ) Ми запрошуємо познайомитися з надзвичайно смачною і оригінальною польською кухнею. Екскурсовод розповість таємницю пивоваріння, покаже де варять дуже смачний напій і, звичайно, ж, завершальним акордом екскурсії буде хороша вечеря з келишком пшеничного пива, смак якого тут завжди найкращий ... Польський Акрополь Вавельський замок ( Дорослий: 18€ / Діти: 13€ ) Розташований на високому березі Вісли, ""Вавель"" включає в себе королівс",600
https://www.accordtour.com/tours/180308,"Вікенд в Швейцарію або Фондю для двох! Берн, Цюріх, Люцерн, Інтерлакен, Гріндельвальд",1,Львів – Катовіце – Вроцлав,у. Всім бажаючим пропонуємо: Вроцлав – священна квітка Європи: 18€,"Збір на Львівському залізничному вокзалі. Перетин кордону. Всім бажаючим пропонуємо: Вроцлав – священна квітка Європи ( Дорослий: 18€ / Діти до 16 років: 15€ , до 5 років: 0€ ) Вроцлав — зелене серце Польщі з казковою атмосферою. Старе місто вражає барвистими фасадами, романтичними мостами й легендами про гномів, що живуть просто на вулицях. Ринкова площа — одна з найбільших у країні, а готична ратуша зі старовинним сонячним годинником стала її перлиною. Це місто, яке хочеться досліджувати, фотографувати й у яке легко закохатися. При бажанні групи і наявності часу. Середньовічна корчма Вроцлав",600
https://www.accordtour.com/tours/180308,"Вікенд в Швейцарію або Фондю для двох! Берн, Цюріх, Люцерн, Інтерлакен, Гріндельвальд",2,Дрезден – Саксонська Швейцарія – Нюрнберг – Замок Моріцбург,За бажанням групи. Крізь скелі та хмари: Саксонська Швейцарія: 25€,"Сніданок. За бажанням групи. Крізь скелі та хмари: Саксонська Швейцарія ( Дорослий: 25€ / Діти до 16 років: 15€ ) Немає меж захопленню... там, де Ельба прорізає високі гори з пісковика, утворюючи глибокий каньйон, а прямовисні скелі найхимерніших форм нагадують іграшки велетня: кеглі, стовпи і піраміди. Скелястий парк &laquo;Бастай&raquo; – цілий лабіринт романтичних ущелин, красою яких можна безкінечно насолоджуватись, проходячи доріжками, містками... незабутнє враження!!! Приїзд в місто казку, місто мрію - Дрезден! Запрошуємо на екскурсію Екскурсія Саксонський монарх - Дрезден (входить у вар",600
https://www.accordtour.com/tours/180308,"Вікенд в Швейцарію або Фондю для двох! Берн, Цюріх, Люцерн, Інтерлакен, Гріндельвальд",3,Берн – Інтерлакен – Мюррен – Трюммельбах,,"Сніданок. Швейцарія - це рай, її уявляють по-різному і лише опинившись тут кожен знаходить те, що шукав. Сьогодні нас чекають Заповітні куточки Швейцарії: прекрасні гори із засніженими вершинами, альпійські луки, глибокі озера, затишні шалле і святкові альпійські будиночки. Екскурсія Берн - місто фонтанів, квітів і ... ведмедів! (входить у вартість туру) Так-так, саме ведмідь є символом міста, він зображений на гербі і прапорі, прикрашає фонтани і вітрини магазинів. Екскурсія починається з поїздки в Сад Троянд, звідки відкривається чудова панорама на старе місто. Спустившись з пагорба, ми поба",600
https://www.accordtour.com/tours/180308,"Вікенд в Швейцарію або Фондю для двох! Берн, Цюріх, Люцерн, Інтерлакен, Гріндельвальд",4,Цюрих – Люцерн – Рейнський водоспад – Базель,,"Сніданок. Швейцарія дивує своєю красою - затишними містами і чудовими будівлями, але справжнє багатство цієї країни - її неповторна природа!!! Екскурсія Пишність Швейцарії - Цюріх (входить у вартість туру) Нас чекає чарівне старе місто, вузькі горбисті алеї, будинки 16 і 17 століть, старовинні ратуші і дворики, найдорожча вулиця Швейцарії - Банхофштрассе, церква Святого Петра, Гроссмюнстер, Фрауенмюнстер з вітражами Марка Шагала і фонтани ... фонтани, яких у місті налічується більше 1000 !!! І правду кажуть мешканці, що в Цюріху &laquo;все, крім гір - найбільше&raquo;! При наявності часу реком",600
https://www.accordtour.com/tours/180308,"Вікенд в Швейцарію або Фондю для двох! Берн, Цюріх, Люцерн, Інтерлакен, Гріндельвальд",5,Прага – Львів,тково). Рекомендуємо відвідати на вибір: Прага – місто легенд: 18€; пора все це побачити своїми очима ... Королівські Градчани...: 18€,"Сніданок. Пересування на громадському транспорті (квитки на транспорт оплачуються додатково). Рекомендуємо відвідати на вибір: Прага – місто легенд ( Дорослий: 18€ / Діти: 18€ ) Прага вважається одним з найкрасивіших міст Європи, яке багато століть захоплює і не перестає дивувати !!! Кожна людина Прагу, безсумнівно, бачила на картинках, чула про неї, але, мабуть, досить мріяти, пора все це побачити своїми очима ... Королівські Градчани... ( Дорослий: 18€ / Діти до 16 років: 13€ ) Градчанська площа, Шварценбергский палац і зміна варти в Празького граду – резиденції чеських князів. Прогулянка на",600
https://www.accordtour.com/tours/4967,Зустрінемось в Амстердамі,1,Львів – Вроцлав,ати Вроцлав-легендарну колиску Польщі. Місто гномів - Вроцлав: 18€,"Відправлення в тур. (Місце відправки: залізничний вокзал м.Львів, площа Двірцева 1). Перетин кордону. При наявності часу рекомендуємо відвідати Вроцлав-легендарну колиску Польщі. Місто гномів - Вроцлав ( Дорослий: 18€ / Діти: 13€ ) Рекомендуємо екскурсію по місту 12 островів і більше 100 мостів - легендарну колиску Польщі! Старе Місто є одним з найкрасивіших в Польщі, чарівна Ратуша зі старовинним сонячним годинником, а площа вроцлавського ринку займає друге за величиною місце, після Краківського. Для більшості це місто чудес, де кожен знайде частинку своєї мрії. Переїзд в готель. Поселення і ",600
https://www.accordtour.com/tours/4967,Зустрінемось в Амстердамі,2,Берлін – музей Пергамон,є можливість відвідати: Автобусна екскурсія Берлін крізь часи: 30€,"Сніданок. Виселення з готелю. Переїзд по території Німеччини Пішохідна екскурсія Екскурсія Відвертість Берліну (входить у вартість туру) Пішохідна екскурсія по одному із найдивовижніших і найяскравіших міст на землі, де сучасність і традиції доповнюють одне одного дуже гармонійно, що найкрасивіші і таємничі куточки відкриті для нас. Кожен, хто приїжджає до Берліна, так чи інакше, потрапляє під магічну чарівливість цього міста, його живого і невимушеного шарму... У вільний час є можливість відвідати: Автобусна екскурсія Берлін крізь часи ( Дорослий: 30€ / Діти до 16 років: 25€ , до 6 років: 0€ ",600
https://www.accordtour.com/tours/4967,Зустрінемось в Амстердамі,3,Амстердам – Волендам – Заансе Сханс,,"Сніданок. Приїзд в столицю - Амстердам - коштовний камінь в короні голландських королів! Оглядова екскурсія по місту Екскурсія Амстердам – скарби минулого і теперішнього (входить у вартість туру) Cтарі ""вигнуті"" будівлі, бруківка, незліченні канали, набережні, які на 3 метри нижче рівня моря, чудові парки і плаваючі квіткові ринки створюють особливу атмосферу. Площа Дам і Королівський палац, Райксмузеум і знаменитий Будинок Рембрандта, єврейський квартал і діамантова фабрика, спадкоємиця ювелірних традицій – вся ця краса подвоєна дзеркалом води, чарівним відображенням якого можна милуватися ві",600
https://www.accordtour.com/tours/4967,Зустрінемось в Амстердамі,4,Кекенгоф – Амстердам – Гаага – Делфт – парк Ефтелінг – Брюссель,й ми запрошуємо Вас!!! По перлинках Голландії: Гаага та Делфт: 38€,"Сніданок. Виселення з готелю. У вільний час пропонуємо відвідати на вибір: 2026 рік. Парк квітів Keukenhof з 19 березня по 10 травня. Королівський парк квітів Кекенхоф (Трансфер: 18€ + вх. квиток Дорослий: 22€ / Діти до 16 років: 15€ ) Відвідування Королівського парку квітів Кекенхоф – найпопулярніше місце в Нідерландах! Тут завжди пахне весною і завмирає подих від краси, якої більше не можна побачити ніде! Кекенхоф – це урочисте свято, на який ми запрошуємо Вас!!! По перлинках Голландії: Гаага та Делфт ( Дорослий: 38€ / Діти: 30€ ) Спочатку відвідаємо ""Місто принців – Делфт"": палацові комплек",600
https://www.accordtour.com/tours/4967,Зустрінемось в Амстердамі,5,Дрезден – Саксонська Швейцарія,,"Сніданок. Приїзд в місто казку, місто мрію - Дрезден! Запрошуємо на екскурсію Екскурсія Аристократичний Дрезден (входить у вартість туру) Дрезден — Саксонська перлина на Ельбі. Місто, де мистецтво живе в архітектурі! Розкішна опера Земпера, легендарний Цвінгер з колекціями світового рівня, резиденція династії Веттинів та тераса Брюля ідеальний фон для фото й натхнення. Недарма його називають Флоренцією на Ельбі! А ще — саксонська кухня, вино з характером і шарм старої Європи, який не сплутаєш ні з чим. У вільний час рекомендуємо відвідати: Там, де природа малює шедеври: Саксонська Швейцарія ( ",600
https://www.accordtour.com/tours/4967,Зустрінемось в Амстердамі,6,Краків – Львів,,"Сніданок. Переїзд в Краків. За бажанням групи. Екскурсія Краків -королівський шлях (входить у вартість туру) Шлях, по якому протягом багатьох сторіч проїжджали польські королі: місце де переплітаються легенди... Найстаріша частина міста - Ринкова площа, один із найстаріших університетів Європи - Ягелонський університет, середньовічний центр торгівлі - торгові ряди, де Ви можете придбати сувеніри на згадку про проведені тут хвилини... Рекомендуємо відвідати Ласощі польських королів (дод. оплата) Ми запрошуємо познайомитися з надзвичайно смачною і оригінальною польською кухнею. Екскурсовод розпо",600
https://www.accordtour.com/tours/381103,Магія Парижа Діснейленд + Мюнхен+ Зальцбург,1,Львів – Краків,,"Відправлення в тур Старт нашої подорожі — зі Львова, а саме з площі Двірцевої (ориєнтир -залізничний вокзал). Звідси починається пригода, яку ви точно запам&rsquo;ятаєте: нові місця, сотні фото й море вражень. Переїзд територією України, перетин кордону — і ми вже в Європі! При бажанні групи і наявності часу. Екскурсія Краків...Королівський шлях (входить у вартість туру) Краків-місто – вражаюче, красиве і загадкове. Місто художників і музикантів, зі своїми легендами і, звичайно ж, милими польськими жартами. У ньому потрібно зупинитись хоча б на мить... Вавельський пагорб, Кафедральний собор, Д",600
https://www.accordtour.com/tours/381103,Магія Парижа Діснейленд + Мюнхен+ Зальцбург,2,Мюнхен – Замок Нойшванштайн – Штутгарт,"еїзд в Німеччину. За бажанням групи. Мюнхен – Легенда Баварії: 30€; і найбільшим в світі святом ""Октоберфест"". Баварська кухня...: 33€","Сніданок. Переїзд в Німеччину. За бажанням групи. Мюнхен – Легенда Баварії ( Дорослий: 30€ / Діти до 16 років: 21€ ) Нас запрошує ""Німецький Рим"" – місто з чудовою атмосферою гостинності, по якому хочеться блукати з ранку до ночі. Ніде в Німеччині так не оберігають народні традиції, як тут, і навіть національні костюми носять не тільки у свята. Мюнхен славиться дивовижною історією, всесвітньо відомим пивом, смаженими ковбасками і найбільшим в світі святом ""Октоберфест"". Баварська кухня... ( Дорослий: 33€ / Діти до 16 років: 28€ , до 5 років: 0€ ) Ми відвідаємо одну з пивоварень Мюнхена і проде",600
https://www.accordtour.com/tours/381103,Магія Парижа Діснейленд + Мюнхен+ Зальцбург,3,Париж – Лувр – Нотр-Дам де парі (Собор Паризької Богоматері) – ріка Сена – Монмартр,,"Сніданок. Переїзд в Париж. Екскурсія Магія Парижа! (входить у вартість туру) Пішохідна екскурсія. Париж стає рідним з першого погляду, з першого кроку його витертою бруківкою. Паризькі прогулянки заводять у минуле, в пам'ять серця, у потаємні куточки душі. Франсуаза Саган, Коко Шанель, Джо Дассен, Бріджит Бардо.... Музей парфумів Fragonard (входить у вартість туру) Музей парфумів Fragonard — де аромати розповідають історії. Зазирнемо у світ спокуси, шлейфів і секретів французької парфумерії. Парфуми — це памʼять, яка завжди з тобою. Вільний час або екскурсії на вибір: Серце Парижа: Латинський ",600
https://www.accordtour.com/tours/381103,Магія Парижа Діснейленд + Мюнхен+ Зальцбург,4,Монпарнас – Версаль – Діснейленд,льний день в Парижі. Одна з екскурсій на вибір: Все про Париж: 30€,"Сніданок. Вільний день в Парижі. Одна з екскурсій на вибір: Все про Париж ( Дорослий: 30€ / Діти до 16 років: 21€ , до 6 років: 0€ ) Автобусна екскурсія по Парижу з фотопаузами. Нас очікують: площа Конкорд, Великі та Малі палаци, будинок Інвалідів, величний Лувр, один з найкрасивіших театрів світу – Гранд Опера, церква Мадлен, парк Пале Рояль. Фотопауза на Марсовому полі - Ейфелева вежа тут як на долоні. Побачивши всю цю красу, розуміємо, що Париж – казкова скриня шедеврів, які віками створювались найвідомішими в світі архітекторами, художниками і скульпторами... і це прекрасно!!! Вежа Монпарн",600
https://www.accordtour.com/tours/381103,Магія Парижа Діснейленд + Мюнхен+ Зальцбург,5,Зальцбург – Зальцкаммергут,ти. Для бажаючих на вибір: Озерний рай – долина Зальцкамергут: 46€,"Сніданок. Переїзд в Австрію. Екскурсія Зальцбург – звуки музики (входить у вартість туру) Зальцбург — альпійська казка, де звучить музика Моцарта і живе дух бароко. Його називають північною Флоренцією за велич і витонченість. Тут — палаци, собори, фонтани, сади й атмосфера мистецтва, яка проникає в кожен крок. Це місто, яке хочеться не просто побачити — а відчути. Для бажаючих на вибір: Озерний рай – долина Зальцкамергут ( Дорослий: 46€ / Діти до 16 років: 36€ , до 5 років: 0€ ) Понад 50 кришталево чистих озер, альпійські містечка з пастельними фасадами та пейзажі, які виглядають ніби з обклад",600
https://www.accordtour.com/tours/381103,Магія Парижа Діснейленд + Мюнхен+ Зальцбург,6,Відень – Львів,ніданок. При бажанні групи і наявності часу. Віденський вальс: 26€; ичний місто зачаровує шармом і витонченістю . Величний Відень: 26€,"Сніданок. При бажанні групи і наявності часу. Віденський вальс ( Дорослий: 26€ / Діти: 16€ ) Відень – місто музики і великих композиторів, місто чаруюче і прекрасне ... Його заслужено називають серцем Європи. Це надзвичайне місто! – вузькі середньовічні вулички, широкі імперські площі ... Ми прогуляємося самим серцем Відня. Величний місто зачаровує шармом і витонченістю . Величний Відень ( Дорослий: 26€ / Діти до 16 років: 21€ , до 5 років: 0€ ) Таємниче середньовіччя, блискуче 19 століття, круговорот музики, історії, мистецтва – все це Відень, неповторний і прекрасний! ""Це моя воля!"" – цими с",600
https://www.accordtour.com/tours/8476/tab/tab_price/tour_date/2026-04-25/cls_number_adult_cnt/%7B1:1%7D/cls_number_child_age/%7B%7D/tour_include_ins/true,"Вихідні в Словаччині Термали, гори і релакс...",1,Львів – Закопане – Краків – Попрад – Буковина Татранська,ерев'яною архітектурою міста. Морське Око... Озерний дивокрай: 26€,"Відправлення в тур з залізничного вокзалу Львова. (площа Двірцева 1). Перетин кордонів. Казка в Закопане (входить у вартість туру) Центр Закопане – вулиця Крупувки (Krupowki) – все крутиться навколо неї: національні ресторанчики – колиби, палатки з сувенірами, брички запряжені кіньми, які в екстравагантній формі познайомлять з дерев'яною архітектурою міста. Морське Око... Озерний дивокрай ( Дорослий: 26€ / Діти до 16 років: 21€ ) Морське Око — найбільше та найвідоміше озеро у Татрах, визнане The Wall Street Journal одним з п&rsquo;яти найгарніших у світі. Його води обрамлені висотами скелястих",600
https://www.accordtour.com/tours/8476/tab/tab_price/tour_date/2026-04-25/cls_number_adult_cnt/%7B1:1%7D/cls_number_child_age/%7B%7D/tour_include_ins/true,"Вихідні в Словаччині Термали, гори і релакс...",2,Попрад – Високі Татри – Татранська Ломніца – Врбов,Вільний час або екскурсії на вибір: Високі Татри. Знайомство.: 36€,"Сніданок. Вільний час або екскурсії на вибір: Високі Татри. Знайомство. ( Дорослий: 36€ / Діти до 16 років: 26€ + вх. квиток) Високі Татри - найвища частина Татр і всіх Карпат. Гірський хребет захищає містечка від північних холодних вітрів, а густі ліси обіймають з усіх боків селища і створюють чудовий чисте повітря. Так що за ковтком свіжого повітря варто їхати саме сюди. Почнемо екскурсію з історичного регіону Попрада - Спішської Соботи. Колись це був окреме місто з багатою історією. Тихе і спокійне місце з старовинними будинками, будівлею міської ратуші на площі Ринок і своєю чудовою атмосф",600
https://www.accordtour.com/tours/8476/tab/tab_price/tour_date/2026-04-25/cls_number_adult_cnt/%7B1:1%7D/cls_number_child_age/%7B%7D/tour_include_ins/true,"Вихідні в Словаччині Термали, гори і релакс...",3,Попрад – Ясна – Низькі Татри – Демянівська Долина – Татраландія – Бешеньова,Вільний час в Попраді. Для бажаючих Трансфер в Низькі Татри: 20€; скурсії і програми на вибір: Підземні дива Деменевських печер: 18€,"Сніданок. Вільний час в Попраді. Для бажаючих Трансфер в Низькі Татри ( Дорослий: 20€ / Діти до 16 років: 15€ , до 6 років: 0€ ) Цей день запрошуємо провести в чудовому регіоні Словаччини Низькі Татри. Підкорити вершини Низьких Татр катання в Ясна , відвідати Деменівські печери , Оравський Град , один з термальних комплексів Аквапарк Татраландія чи Gino Paradise Besenova - на Ваш смак. Рекомендуємо відвідати екскурсії і програми на вибір: Підземні дива Деменевських печер ( Дорослий: 18€ / Діти до 16 років: 16€ ) Можливо відвідати Деменівські печери – дивовижний підземний лабіринт. У Словаччині",600
https://www.accordtour.com/tours/8476/tab/tab_price/tour_date/2026-04-25/cls_number_adult_cnt/%7B1:1%7D/cls_number_child_age/%7B%7D/tour_include_ins/true,"Вихідні в Словаччині Термали, гори і релакс...",4,Кошице – Прешів – Львів,тній атмосфері. Пряшів: Українська Спадщина та Винні Традиції: 26€,"Сніданок. Виселення з готелю. Екскурсія Кошице - друге місто в Словаччині (входить у вартість туру) Нас запрошує друге за величиною місто Словаччини - Кошице . Маленький, але впертий струмочок, спускаючись з гір, створив форму та історію цього міста. Ми пішки прогуляємося по Старому місту. Час для шопінгу.... Відвідайте найкращий торговий центр Кошице — ATRIUM OPTIMA , де на вас чекають відомі бренди, стильні бутіки та затишні кафе. Це ідеальне місце для шопінгу, відпочинку та приємних покупок у сучасній і комфортній атмосфері. Пряшів: Українська Спадщина та Винні Традиції ( Дорослий: 26€ / Ді",600
https://www.accordtour.com/tours/116180,"Відпочинок на висоті Швейцарія, Баварія, Австрія Острів Майнау, Замок Нойшвайнштайн, Світ Сваровскі...",1,Львів – Краків,онів. При бажанні групи і наявності часу. Королівський Краків: 18€,"Збір на залізничному вокзалі м. Львів. Відправлення в тур з залізничного вокзалу Львова. (площа Двірцева 1). Переїзд по Україні, перетин кордонів. При бажанні групи і наявності часу. Королівський Краків ( Дорослий: 18€ / Діти до 16 років: 13€ , до 5 років: 0€ ) Краків — місто легенд, мистецтва і шарму. Тут хочеться загубитись у вуличках, зупинитись на каву і закохатись у момент. Переїзд на нічліг. Ночівля. <div class=""",422
https://www.accordtour.com/tours/116180,"Відпочинок на висоті Швейцарія, Баварія, Австрія Острів Майнау, Замок Нойшвайнштайн, Світ Сваровскі...",2,Мюнхен – Фюссен – Замок Нойшванштайн,Сніданок. За бажанням групи. Мюнхен – Легенда Баварії: 30€,"Сніданок. За бажанням групи. Мюнхен – Легенда Баварії ( Дорослий: 30€ / Діти до 16 років: 21€ ) Нас запрошує ""Німецький Рим"" – місто з чудовою атмосферою гостинності, по якому хочеться блукати з ранку до ночі. Ніде в Німеччині так не оберігають народні традиції, як тут, і навіть національні костюми носять не тільки у свята. Мюнхен славиться дивовижною історією, всесвітньо відомим пивом, смаженими ковбасками і найбільшим в світі святом ""Октоберфест"". Переїзд по Німеччині. Іграшковий Фюссен (входить у вартість туру) Старовинне містечко Фюссен - серце долини Альго. Майже іграшковий Фюссен оточени",600
https://www.accordtour.com/tours/116180,"Відпочинок на висоті Швейцарія, Баварія, Австрія Острів Майнау, Замок Нойшвайнштайн, Світ Сваровскі...",3,Майнау – Цюрих – Рейнський водоспад,о Німеччині. За бажанням групи. Майнау – острів тисячі квітів: 38€,"Сніданок. Переїзд по Німеччині. За бажанням групи. Майнау – острів тисячі квітів ( Дорослий: 38€ / Діти до 16 років: 30€ + вх. квиток) Острів Майнау відомий у всьому світі як &laquo;острів квітів&raquo;. Розташований у Боденському озері, Майнау – це ідеальне місце для тих, хто любить прекрасне. На острові практично ніколи не буває холодно, з ранньої весни до пізньої осені тут можна насолоджуватись великою кількістю квітів та екзотичних рослин. Тут є Сад троянд, Сади жоржин, Дім метеликів, Рожевий променад і ще багато чого цікавого. Особливого шарму додають неймовірні краєвиди на блакитні хвилі",600
https://www.accordtour.com/tours/116180,"Відпочинок на висоті Швейцарія, Баварія, Австрія Острів Майнау, Замок Нойшвайнштайн, Світ Сваровскі...",4,Берн – Інтерлакен – Мюррен,,"Сніданок. Сьогодні відбудеться знайомство зі столицею Швейцарії Берном. Екскурсія Берн – місто фонтанів, квітів і ... ведмедів! (входить у вартість туру) Швейцарія дивує своєю красою – затишними містами і чудовими будівлями, але справжнє багатство цієї країни її неповторна природа!!! Переїзд до столиці Швейцарії. Екскурсія ""Берн - місто фонтанів, квітів і ведмедів!"". Так-так, саме ведмідь є символом міста, він зображений на гербі і прапорі, прикрашає фонтани і вітрини магазинів. Берн має титул ""квіткового міста"". Мало не в кожному вікні можна побачити горщик з геранню! Все це в сукупності приє",600
https://www.accordtour.com/tours/116180,"Відпочинок на висоті Швейцарія, Баварія, Австрія Острів Майнау, Замок Нойшвайнштайн, Світ Сваровскі...",5,Люцерн – Вадуц – Інсбрук,ри бажанні групи ранкова екскурсія: Люцерн - серце Швейцарії.: 38€,"Сніданок. При бажанні групи ранкова екскурсія: Люцерн - серце Швейцарії. ( Дорослий: 38€ / Діти: 30€ ) Ніби вийшовши з дитячих снів, казкове місто Люцерн лежить на березі мальовничого озера чотирьох кантонів. Люцерн є місцем, де народилась швейцарська легенда - Вільгельм Телль, і сучасна Швейцарія. Місто Люцерн позначене ідеальним розташуванням саме в тому місці, яке в історичному та естетичному сенсах може вважатися ""істинної"" Швейцарією ... Люцерн також славиться своїми старими мостами, у кожного з яких своя неповторна історія. Під час прогулянки ми побачимо все, чим знамените це чарівне міс",600
https://www.accordtour.com/tours/116180,"Відпочинок на висоті Швейцарія, Баварія, Австрія Острів Майнау, Замок Нойшвайнштайн, Світ Сваровскі...",6,Музей Сваровскі – Зальцбург – Гальштат – Відень,,"Сніданок. При бажанні групи і наявності часу. Чарівний світ Сваровскі (вх. квиток) Поїздка в містечко Ваттенс в музей ""Чарівний світ Сваровскі"" . У підземній печері, кожен день розквітають ""Кришталеві світи Сваровскі"". Тут можна знайти найбільший і найменший кристал в світі. В цілому це не звичайний музей в традиційному розумінні- це сучасний музей , зроблений за останнім словом техніки. У ньому не розповідається історія фірми Сваровскі, як можна було б очікувати, або історія кришталю, а представлений сам кришталь в самих різних його варіаціях. Підземний світ Велетня, а вважається, що всі експ",600
https://www.accordtour.com/tours/116180,"Відпочинок на висоті Швейцарія, Баварія, Австрія Острів Майнау, Замок Нойшвайнштайн, Світ Сваровскі...",7,Відень – Катовіце – Львів,ніданок. Залежно від бажання групи на вибір: Віденський вальс: 18€; еличне місто зачаровує шармом і витонченістю. Величний Відень: 26€,"Сніданок. Залежно від бажання групи на вибір: Віденський вальс ( Дорослий: 18€ / Діти до 16 років: 13€ , до 5 років: 0€ ) Відень – місто музики і великих композиторів, місто чаруюче і прекрасне... Його заслужено називають серцем Європи. Це надзвичайне місто! – Вузькі середньовічні вулички, широкі імперські площі... Ми прогуляємося по самому серцю Відня. Величне місто зачаровує шармом і витонченістю. Величний Відень ( Дорослий: 26€ / Діти до 16 років: 21€ , до 5 років: 0€ ) Таємниче середньовіччя, блискуче 19 століття, круговорот музики, історії, мистецтва – все це Відень, неповторний і прекрас",600
https://www.accordtour.com/tours/8438,"Мої найкращі друзі Амстердам, Брюсель, Париж + Люксембург",1,Львів – Краків,анні групи і наявності часу. Вроцлав – священна квітка Європи: 18€,"Відправлення в тур Старт нашої подорожі — зі Львова, а саме з площі Двірцевої (ориєнтир -залізничний вокзал). Звідси починається пригода, яку ви точно запам&rsquo;ятаєте: нові місця, сотні фото й море вражень. Переїзд територією України, перетин кордону — і ми вже в Європі! При бажанні групи і наявності часу. Вроцлав – священна квітка Європи ( Дорослий: 18€ / Діти до 16 років: 15€ , до 5 років: 0€ ) Вроцлав — зелене серце Польщі з казковою атмосферою. Старе місто вражає барвистими фасадами, романтичними мостами й легендами про гномів, що живуть просто на вулицях. Ринкова площа — одна з найбіль",600
https://www.accordtour.com/tours/8438,"Мої найкращі друзі Амстердам, Брюсель, Париж + Люксембург",2,Берлін – Бремен,"не. При бажанні групи, можливість відвідати Берлін крізь часи: 30€","Сніданок. Екскурсія Велич могутнього Берліну (входить у вартість туру) Берлін – величезний мегаполіс. Нам здасться, що ми подорожуємо у машині часу, бо тут можна потрапити в майбутнє і опинитись в минулому, а прогулюючись розкішними вулицями і проспектами, ми зможемо побачити сучасне. При бажанні групи, можливість відвідати Берлін крізь часи ( Дорослий: 30€ / Діти до 16 років: 25€ , до 6 років: 0€ ) Автобусна екскурсія з фото паузами. Запрошуємо перегорнути сторінку історії і побачити Берлін таким, який він є зараз: могутній Рейхстаг, величний Берлінський собор, колона Перемоги, і – візитна ка",600
https://www.accordtour.com/tours/8438,"Мої найкращі друзі Амстердам, Брюсель, Париж + Люксембург",3,Амстердам – Волендам – Заансе Сханс – Зандам,,"Сніданок. Сьогодні нас буде дивувати, кликати і притягувати незвичайне місто. Як тільки не називають Амстердам! Одні величають його Північною Венецією, інші Новим Вавилоном. Екскурсія Амстердам – місто-мрія (входить у вартість туру) Амстердам здатний зчарувати своїх гостей! Він радий кожному з нас! Його дивовижної краси вулички і площі несуть відбиток його власної унікальної історії, так не схожою на інші. Ми здійснимо подорож по лабіринтах вуличок, каналів, танцюючих будинків, квіткових крамничок, милих магазинчиків... Це місто варто один раз побачити... щоб полюбити його назавжди! Вільний ча",600
https://www.accordtour.com/tours/8438,"Мої найкращі друзі Амстердам, Брюсель, Париж + Люксембург",4,Делфт – Гаага – Гітхорн – Брюссель – Гент – Брюгге,"відвідати: Великі і маленькі міста. Гаага, Делфт, Схевенінген: 38€","Сніданок. Вільний час. Для бажаючих рекомендуємо відвідати: Великі і маленькі міста. Гаага, Делфт, Схевенінген ( Дорослий: 38€ / Діти: 30€ ) Невеликий переїзд і ми в Гаазі. Гаага – особливе місто, неформальна столиця Нідерландів, місто – резиденція королеви Беатрікс. А поруч найвишуканіший морський курорт Північної Європи – Схевенінген . У цього містечка є два абсолютно різних обличчя, тут поєдналися традиційне голландське селище і модний курорт. Далі відвідування старовинного містечка Делфт , де жив і писав свою ""Дівчину з перлинною сережкою"" великий голландський художник Ян Вермеер. Для бажа",600
https://www.accordtour.com/tours/8438,"Мої найкращі друзі Амстердам, Брюсель, Париж + Люксембург",5,Париж – Дефанс – ріка Сена – Фрагонар – Монмартр – Лувр,,"Сніданок. І ось Вона... Довгоочікувана Франція – країна вишуканих вин, високої моди, дорогих парфумів і безлічі таємниць... Екскурсія Магія Парижа! (входить у вартість туру) Пішохідна екскурсія. Париж стає рідним з першого погляду, з першого кроку його витертою бруківкою. Паризькі прогулянки заводять у минуле, в пам'ять серця, у потаємні куточки душі. Франсуаза Саган, Коко Шанель, Джо Дассен, Бріджит Бардо.... Музей парфумів Fragonard (входить у вартість туру) Музей парфумів Fragonard — де аромати розповідають історії. Зазирнемо у світ спокуси, шлейфів і секретів французької парфумерії. Парфум",600
https://www.accordtour.com/tours/8438,"Мої найкращі друзі Амстердам, Брюсель, Париж + Люксембург",6,Париж – Етрета – Версаль – Діснейленд – Монпарнас – Монмартр,ас. Є можливість відвідати на вибір: Мрії збуваються в Парижі: 30€,"Сніданок. Вільний час. Є можливість відвідати на вибір: Мрії збуваються в Парижі ( Дорослий: 30€ / Діти до 16 років: 21€ , до 6 років: 0€ ) Мрієте про неймовірні фото? Париж крізь об&rsquo;єктив — як кіно про любов. Автобусна екскурсія. Зупинки в найінстаграмніших місцях: Ейфелева вежа, ретро-вулички, вітрини з круасанами й запахом щастя. Ця екскурсія створена для фото, які збережуть емоції назавжди. Вежа Монпарнас (дод. оплата) Вежа Монпарнас - це один із найвідоміших хмарочосів Парижа висотою у 210 метрів і найкраща оглядова точка міста з панорамою 360ʼ, де видно весь Париж разом із Ейфелево",600
https://www.accordtour.com/tours/8438,"Мої найкращі друзі Амстердам, Брюсель, Париж + Люксембург",7,Люксембург,,"Сніданок. Переїзд по Франції. Екскурсія Маленька казка – Люксембург (входить у вартість туру) Крихітні вимощені вулички, величезні мости, сади, парки і герцогський палац.Запрошуємо на екскурсію в крихітне герцогство Люксембург. Кожен з дитинства мріє побувати в казці і відчути себе героєм неймовірних пригод ... У світі багато казкових країн, а наш шлях лежить в одну з них -В Зеленому Серці Європи серед гір, оточений кручами, розтошувалося затишне містечко із однойменною назвою. Ми побачимо капелу Сен-Кірен, готичну церкву Сен-Мішель, ренесансний Палац юстиції, бароковий собор Нотр-Дам .... Мал",600
https://www.accordtour.com/tours/8438,"Мої найкращі друзі Амстердам, Брюсель, Париж + Люксембург",8,Прага – Краків,нні групи і наявності часу. Прогулянка на кораблику по Влтаві: 38€,"Сніданок. Переїзд по Чехії. Екскурсія Зустріч з Прагою (входить у вартість туру) У лабіринтах маленьких вуличок ви поринете в таємничу атмосферу Старого міста. Староміська площа та Астрономічний годинник з небесною механікою на ратуші, Карлова вулиця... І Карлів міст! Потрібно тут зупинитися для того, щоб загадати бажання! При бажанні групи і наявності часу. Прогулянка на кораблику по Влтаві ( Дорослий: 38€ / Діти до 16 років: 34€ , до 6 років: 15€ ) Аперитиви, шведський стіл в супроводі цікавих розповідей... Ось вони незабутні миті в житті... Переїзд по території Польщі. Прибуття до Львова за",600
https://www.accordtour.com/tours/261440,"Дефіле для романтиків: Прага, Мілан, Венеція",1,Краків – Львів,з торгових центрів. Трансфер в центр 10€. Або Магічний Краків: 18€,"Виїзд в тур відбувається із Львівського залізничного вокзалу. Перетин кордону. Можливість приєднатись до туру в Польщі - Перемишль, Ярослав, Тарнув, Краків, Катовіце. В Чехії – Брно, Прага. При швидкому проходженні кордону і бажанні групи - можливість відвідати Краків. Вільний час в одному з торгових центрів. Трансфер в центр 10€. Або Магічний Краків ( Дорослий: 18€ / Діти: 13€ ) Місто древніх легенд і переказів, династій польських королів і видатного Міцкевича, народного героя Тадеуша Костюшко, вузьких вуличок з бруківкою і величних костелів. Про красу стародавнього Кракова, про музейні скарб",600
https://www.accordtour.com/tours/261440,"Дефіле для романтиків: Прага, Мілан, Венеція",2,Прага,,"Сніданок. Пересування по Празі - на громадському транспорті, оплачується додатково. Екскурсія Злата Прага (входить у вартість туру) Запрошуємо на пішохідну екскурсію &laquo;Злата Прага&raquo; . Це місто вже не одне століття притягує людей з усього світу своєю красою, величчю і загадковістю. Але інакше й бути не може, адже навіть сама назва Праги означає &laquo;поріг до зірок&raquo;. Місто настільки прекрасне, що звикнути до його краси просто неможливо. Урочиста велич соборів і костьолів, святкова яскравість розважальних центрів і площ, суворе мовчання замків і веж, приємна безтурботність магаз",600
https://www.accordtour.com/tours/261440,"Дефіле для романтиків: Прага, Мілан, Венеція",3,Мілан – Бергамо – озеро Комо – cобор Дуомо,,"Прибуття в Італію Місто моди та мистецтва - Мілан (входить у вартість туру) В цьому місті є все: античність і сучасність, прогрес і культура. Найдавніше місто, яке вважається одним із динамічніших в Європі. Мілан – столиця моди і дизайну, але також і місто, багате пам&rsquo;ятниками архітектури і творами мистецтва. Нашій увазі постане символ Мілану - Домський Собор . Побудований в готичному стилі грандіозний собор Дуомо міланці жартома називають &laquo;Їжачком&raquo;. Вітражі Дуомо вражають своєю красотою і незвичністю. Ми побачимо всесвітньо відомий оперний театр &laquo;Ла Скала&raquo;. Театр",600
https://www.accordtour.com/tours/261440,"Дефіле для романтиків: Прага, Мілан, Венеція",4,Венеція – Палац дожів – Острови Мурано та Бурано – Гранд Канал,,"Сніданок. Заручена з морем - Венеція (входить у вартість туру) Нас запрошує красуня на воді, &laquo;заручена з морем&raquo;, - так кажуть про Венецію (додатк. оплач. громадський транспорт - 30&euro;/26&euro;) - найбільш витончене і таємниче місто Італії. Це місто - прекрасна казка, яка застигла в камені. Багато століть майстри і художники прославляли його і прикрашали своїми творами. Тут прекрасно поєднуються розкішні палаци і скромні вузенькі вулички, мовчазні канали та гомінкі ринки. Затишні кафе запрошують нас на ароматну каву, а на площі Сан Марко просто на долоню сідають голуби .... У віл",600
https://www.accordtour.com/tours/261440,"Дефіле для романтиків: Прага, Мілан, Венеція",5,Відень – Львів,"х бажаючих рекомендуємо на вибір: Відень - столиця Габсбургів: 18€; ка Шопена, і Моцарта, і Штрауса, і, і, і ...! Величний Відень: 26€","Переїзд до Відня. Відоме місто австрійських імператорів і талановитих музикантів, місто музики, вальсів, розкішних парків, чудового вина... Нас запрошує Відень. Для всіх бажаючих рекомендуємо на вибір: Відень - столиця Габсбургів ( Дорослий: 18€ / Діти: 13€ ) Відень - це аромат кави в знаменитих Віденських кав'ярнях, Віденський штрудель і Віденський бал ... Розкішні фіакри, парки, що тонуть у зелені і ... музика! &laquo;При слові Відень - серце святково тріумфує, сильніше б'ється від любові, при слові Відень - музика Шопена, і Моцарта, і Штрауса, і, і, і ...! Величний Відень ( Дорослий: 26€ / ",600
https://www.accordtour.com/tours/8332,Знайомство з Казанова! Відень+Верона+Венеція,1,Львів – Краків,з торгових центрів. Трансфер в центр 10€. Або Магічний Краків: 18€,"Виїзд в тур відбувається із Львівського залізничного вокзалу. При швидкому проходженні кордону і бажанні групи - можливість відвідати Краків. Вільний час в одному з торгових центрів. Трансфер в центр 10€. Або Магічний Краків ( Дорослий: 18€ / Діти: 13€ ) Місто древніх легенд і переказів, династій польських королів і видатного Міцкевича, народного героя Тадеуша Костюшко, вузьких вуличок з бруківкою і величних костелів. Про красу стародавнього Кракова, про музейні скарби Вавельського замку, про дракона Смока відомо стільки легенд, що вже важко відрізнити правду від вигадки. Кажуть, магія Кракова",600
https://www.accordtour.com/tours/8332,Знайомство з Казанова! Відень+Верона+Венеція,2,Відень – Шенбрунн,,"Сніданок. Екскурсія Відень (входить у вартість туру) Знамените місто австрійських імператорів і талановитих музикантів, місто музики, вальсів, розкішних парків, чудового вина... Нас запрошує Відень. Пішохідна оглядова екскурсія з можливістю побачити історичні пам'ятки: Парламент , Ратушу , Віденський Будинок Опери та Хофбург , прогулятися по ""обручці Відня"". Місто продовжує жити своїм минулим. Вулицями діловито снують коляски, запряжені кіньми. Всюди звучать мелодії великого Моцарта... У вільний час пропонуємо відвідати наступні екскурсії (оплачуються додатково): Скарбниця Габсбургів- Блиск Ве",600
https://www.accordtour.com/tours/8332,Знайомство з Казанова! Відень+Верона+Венеція,3,Верона – озеро Гарда – парк розваг Гардаленд – Соаве,,"Сніданок. Наше знайомство з Італією ми починаємо зі «Столиці романтиків і закоханих». Екскурсія Столиця романтиків і закоханих (входить у вартість туру) Верону називають містом вічної любові і шедевром італійської архітектури. Потрапивши сюди, відчуваєш свою причетність до Великого і Вічного. Це місто підкорить нас давньоримським амфітеатром &laquo;Арена&raquo;, який є третім за величиною в світі, фортецею Скаліджерів, гідної справжньої принцеси і прекрасного принца, і звичайно, будинком Джульєтти, стіни якого на висоту в два людські зрости рясніють зворушливими записками - від тих, хто знайшо",600
https://www.accordtour.com/tours/8332,Знайомство з Казанова! Відень+Верона+Венеція,4,Венеція – Острови Мурано та Бурано – Палац дожів,,"Сніданок. Екскурсія Заручена з морем - Венеція (входить у вартість туру) Нас запрошує красуня на воді, &laquo;заручена з морем&raquo;, - так кажуть про Венецію (додатк. оплач. громадський транспорт - 30&euro;/26&euro;) - найбільш витончене і таємниче місто Італії. Це місто - прекрасна казка, яка застигла в камені. Багато століть майстри і художники прославляли його і прикрашали своїми творами. Тут прекрасно поєднуються розкішні палаци і скромні вузенькі вулички, мовчазні канали та гомінкі ринки. Затишні кафе запрошують нас на ароматну каву, а на площі Сан Марко просто на долоню сідають голуби ",600
https://www.accordtour.com/tours/8332,Знайомство з Казанова! Відень+Верона+Венеція,5,Будапешт – Львів – Егер,нь! Дегустація егерських вин і смачний гуляш в Долині Красунь: 23€,"Сніданок. Вранці запрошуємо відвідати термальні купальні графа Сечені (вх. квиток) - заряд бадьорості і енергії на цілий день! Дегустація егерських вин і смачний гуляш в Долині Красунь ( Дорослий: 23€ / Діти: 18€ ) Для всіх учасників - найбільш відоме вино - ""Бича кров"" и найбільш приємне - ""Егерська дівчина"". І, звісно, справжній гуляш! Орієнтовний час прибуття до Львова 23:00. Місце прибуття у Львові - залізничний вокзал. До нових зустрічей! <div class=""",460
https://www.accordtour.com/tours/8437,"Коротке побачення в Італії: Верона, Мілан, Венеція",1,Львів – Краків,з торгових центрів. Трансфер в центр 10€. Або Магічний Краків: 18€,"Виїзд в тур відбувається із Львівського залізничного вокзалу. При швидкому проходженні кордону і бажанні групи - можливість відвідати Краків. Вільний час в одному з торгових центрів. Трансфер в центр 10€. Або Магічний Краків ( Дорослий: 18€ / Діти: 13€ ) Місто древніх легенд і переказів, династій польських королів і видатного Міцкевича, народного героя Тадеуша Костюшко, вузьких вуличок з бруківкою і величних костелів. Про красу стародавнього Кракова, про музейні скарби Вавельського замку, про дракона Смока відомо стільки легенд, що вже важко відрізнити правду від вигадки. Кажуть, магія Кракова",600
https://www.accordtour.com/tours/8437,"Коротке побачення в Італії: Верона, Мілан, Венеція",2,Зальцбург,,"Сніданок. Переїзд в Австрію. Екскурсія Зальцбург з насолодою (входить у вартість туру) Сьогодні нас зустрічає музична Австрія , краса, чарівність, велич якої разом з гостинним народом створює прекрасну атмосферу для душі. Гармонія між чарівним ландшафтом і вишуканою архітектурою робить Зальцбург одним із найпрекрасніших міст світу. Родина Моцарта, фестивалів і бароко зі своїми вузькими кривими вуличками, середньовічними внутрішніми двориками і чудовими фонтанами, безсумнівно, залишить яскраве і незабутнє враження. У вільний час рекомендуємо відвідати на вибір: Фортеця Хоензальцбург ( Дорослий:",600
https://www.accordtour.com/tours/8437,"Коротке побачення в Італії: Верона, Мілан, Венеція",3,Верона – озеро Гарда – парк розваг Гардаленд – Соаве,,"Сніданок. Наше знайомство з Італією ми починаємо зі «Столиці романтиків і закоханих». Екскурсія Столиця романтиків і закоханих (входить у вартість туру) Верону називають містом вічної любові і шедевром італійської архітектури. Потрапивши сюди, відчуваєш свою причетність до Великого і Вічного. Це місто підкорить нас давньоримським амфітеатром &laquo;Арена&raquo;, який є третім за величиною в світі, фортецею Скаліджерів, гідної справжньої принцеси і прекрасного принца, і звичайно, будинком Джульєтти, стіни якого на висоту в два людські зрости рясніють зворушливими записками - від тих, хто знайшо",600
https://www.accordtour.com/tours/8437,"Коротке побачення в Італії: Верона, Мілан, Венеція",4,Бергамо – Мілан – озеро Комо,,"Сніданок. Вільний час. Екскурсія Місто моди та мистецтва - Мілан (входить у вартість туру) В цьому місті є все: античність і сучасність, прогрес і культура. Найдавніше місто, яке вважається одним із динамічніших в Європі. Мілан – столиця моди і дизайну, але також і місто, багате пам&rsquo;ятниками архітектури і творами мистецтва. Нашій увазі постане символ Мілану - Домський Собор . Побудований в готичному стилі грандіозний собор Дуомо міланці жартома називають &laquo;Їжачком&raquo;. Вітражі Дуомо вражають своєю красотою і незвичністю. Ми побачимо всесвітньо відомий оперний театр &laquo;Ла Скал",600
https://www.accordtour.com/tours/8437,"Коротке побачення в Італії: Верона, Мілан, Венеція",5,Венеція – Палац дожів,,"Сніданок. Екскурсія Заручена з морем - Венеція (входить у вартість туру) Нас запрошує красуня на воді, &laquo;заручена з морем&raquo;, - так кажуть про Венецію (додатк. оплач. громадський транспорт - 30&euro;/26&euro;) - найбільш витончене і таємниче місто Італії. Це місто - прекрасна казка, яка застигла в камені. Багато століть майстри і художники прославляли його і прикрашали своїми творами. Тут прекрасно поєднуються розкішні палаци і скромні вузенькі вулички, мовчазні канали та гомінкі ринки. Затишні кафе запрошують нас на ароматну каву, а на площі Сан Марко просто на долоню сідають голуби ",600
https://www.accordtour.com/tours/8437,"Коротке побачення в Італії: Верона, Мілан, Венеція",6,Львів – Егер,данок. Після невеликого переїзду: Дегустація в Долині Красунь: 23€,"Сніданок. Після невеликого переїзду: Дегустація в Долині Красунь ( Дорослий: 23€ / Діти: 18€ ) Рекомендуємо дегустацію егерських вин в Долині Красунь!!! Найвідоміше вино – &laquo;Бича Кров&raquo;, а найприємніше – &laquo;Егерська Дівчина&raquo;. Орієнтовний час прибуття до Львова 23:00. Місце прибуття у Львові - залізничний вокзал. До нових зустрічей! <div class=""",366
https://www.accordtour.com/tours/831318,Солодкий круасан - Париж+ Венеція,1,Львів – Вроцлав,и вже в Європі! За бажанням: Вроцлав – священна квітка Європи: 18€,"Відправлення в тур Старт нашої подорожі — зі Львова, а саме з площі Двірцевої (ориєнтир -залізничний вокзал). Звідси починається пригода, яку ви точно запам&rsquo;ятаєте: нові місця, сотні фото й море вражень. Переїзд територією України, перетин кордону — і ми вже в Європі! За бажанням: Вроцлав – священна квітка Європи ( Дорослий: 18€ / Діти до 16 років: 15€ , до 5 років: 0€ ) Вроцлав — зелене серце Польщі з казковою атмосферою. Старе місто вражає барвистими фасадами, романтичними мостами й легендами про гномів, що живуть просто на вулицях. Ринкова площа — одна з найбільших у країні, а готична",600
https://www.accordtour.com/tours/831318,Солодкий круасан - Париж+ Венеція,2,Дрезден – Саксонська Швейцарія – Замок Моріцбург – Франкфурт-на-Майні,льний час рекомендуємо відвідати: Дрезденска картинна галерея: 18€,"Сніданок. Переїзд в Німеччину. Екскурсія Аристократичний Дрезден (входить у вартість туру) Дрезден — Саксонська перлина на Ельбі. Місто, де мистецтво живе в архітектурі! Розкішна опера Земпера, легендарний Цвінгер з колекціями світового рівня, резиденція династії Веттинів та тераса Брюля ідеальний фон для фото й натхнення. Недарма його називають Флоренцією на Ельбі! А ще — саксонська кухня, вино з характером і шарм старої Європи, який не сплутаєш ні з чим. У вільний час рекомендуємо відвідати: Дрезденска картинна галерея ( Дорослий: 18€ / Діти до 16 років: 16€ + вх. квиток) Пориньте у світ шед",600
https://www.accordtour.com/tours/831318,Солодкий круасан - Париж+ Венеція,3,Париж – Нотр-Дам де парі (Собор Паризької Богоматері) – ріка Сена – Фрагонар,,"Сніданок. Мить до дива — Париж близько! Переїзд у місто, яке викликає безмежне &laquo;вау&raquo; — Париж. Одного разу побачити — і вже неможливо забути. Bonjour, столице емоцій, елегантності й фото, які збирають лайки! Прибуття в Париж — починається ваша love story з містом мрії. Екскурсія Магія Парижа! (входить у вартість туру) Париж — місто, в яке закохуєшся з першого кроку. Бруківка, що зберігає сліди історії, балкони з кованими перилами, аромат кави й французьких духів у повітрі&hellip; Тут оживають сторінки книг і сцени з фільмів: Шанель, Саган, Джо Дассен, Бардо — дух Парижа в усьому. Пр",600
https://www.accordtour.com/tours/831318,Солодкий круасан - Париж+ Венеція,4,Париж – Діснейленд – Версаль – Етрета,"онуємо відвідати екскурсії на вибір: Мрії збуваються в Парижі: 30€; то, які збережуть емоції назавжди. Версаль. Банти і діаманти.: 38€","Сніданок. Вільний час в Парижі. Пропонуємо відвідати екскурсії на вибір: Мрії збуваються в Парижі ( Дорослий: 30€ / Діти до 16 років: 21€ , до 6 років: 0€ ) Мрієте про неймовірні фото? Париж крізь об&rsquo;єктив — як кіно про любов. Автобусна екскурсія. Зупинки в найінстаграмніших місцях: Ейфелева вежа, ретро-вулички, вітрини з круасанами й запахом щастя. Ця екскурсія створена для фото, які збережуть емоції назавжди. Версаль. Банти і діаманти. ( Дорослий: 38€ / Діти до 16 років: 30€ , до 6 років: 0€ + вх. квиток) Королівська резиденція – Версаль. Запрошуємо на свято пишноти, у царство балів, а",600
https://www.accordtour.com/tours/831318,Солодкий круасан - Париж+ Венеція,5,Лідо Ді Єзоло – Венеція,,"Переїзд в Італію — і починається магія смаку, сонця й емоцій. Італійський темперамент, піца з ароматом літа, джелато — як поцілунок у спеку&hellip; смаки, що закохують з першого шматочка. (дод. опл. громадський транспорт- 30€/26€) Екскурсія Заручена з морем Венеція (входить у вартість туру) Місто на воді, де кам&rsquo;яна казка пливе крізь час. Венеція — це карнавальні маски, гондоли, дзвони Сан-Марко і аромати справжньої італійської кави. Тут канали шепочуть історії, а кожен куточок — як сцена з фільму. Атмосфера, яку не сплутаєш ні з чим. За бажанням пропонуємо відвідати екскурсії : Вся крас",600
https://www.accordtour.com/tours/831318,Солодкий круасан - Париж+ Венеція,6,купальні Егерсалок – Долина Красунь – Львів,с і подбати про себе. Дуже смачний гуляш в Долині Красунь !!!: 24€,"Переїзд по Угорщині. За бажанням: Купальні Егерсалок (вх. квиток) Егерсалок, відомий як ""угорський Памуккале"", вражає білосніжними терасами та термальними джерелами. Велнес-комплекс подарує відновлення і релакс: басейни з теплою мінеральною водою, ароматні сауни, розслаблюючі ванни та незвичайні масажі. Ідеальне місце, щоб зупинити час і подбати про себе. Дуже смачний гуляш в Долині Красунь !!! ( Дорослий: 24€ / Діти до 16 років: 18€ ) Атмосферна дегустація егерських вин та ароматного гуляшу в серці винної долини. ""Бича Кров"" — гордість регіону, ""Егерська Дівчина"" — його ніжність. Смаки, що гр",600
https://www.accordtour.com/tours/881188,"Французький реверанс Париж, Нормандія, Мон-Сен-Мішель, Аквітанія, Замки Луари, Ельзас",1,Львів – Краків,дону і бажанні групи можливість відвідати. Милий серцю Краків: 18€,"Збір на залізничному вокзалі м. Львів. Відправлення в тур. (Місце відправки: залізничний вокзал м.Львів, площа Двірцева 1) Переїзд по Україні, перетин кордонів. При швидкому проходженні кордону і бажанні групи можливість відвідати. Милий серцю Краків ( Дорослий: 18€ / Діти: 13€ ) Ми побачимо затишні і романтичні куточки Кракова , почуємо історії закоханих принцес і королів. Дізнаємось про таємниці королівських весіль і веселе життя краківських художників. Місто з чудовою атмосферою, добрими людьми і багатою історією. Місто, де навіть ангели закохуються в людей. Пива багато не буває ( Дорослий:",600
https://www.accordtour.com/tours/881188,"Французький реверанс Париж, Нормандія, Мон-Сен-Мішель, Аквітанія, Замки Луари, Ельзас",2,Гейдельберг,,"Сніданок. Переїзд по Німеччині. Екскурсія Загадковий Гайдельберг (входить у вартість туру) Дорога в'ється між горбистими луками і виноградниками Франконії, вздовж річок і озер і по вкритими лісами підніжжями Альп. Прекрасне і старовинне місто Гайдельберг розташувалось на березі Неккара. Для бажаючих екскурсія. Він знаменитий романтичними руїнами стародавньої фортеці і першим в Німеччині університетом, заснованим 1386 р. Нас чекає Старе місто: його мальовничі провулки, площі і середньовічні церкви. Церква Святого Духа, Вежі-близнюки – символ Гайдельберга і частина фортечних укріплень середньові",600
https://www.accordtour.com/tours/881188,"Французький реверанс Париж, Нормандія, Мон-Сен-Мішель, Аквітанія, Замки Луари, Ельзас",3,Париж – Монмартр – ріка Сена – Фрагонар – Лувр,,"Сніданок. І ось Вона... Довгоочікувана Франція – країна вишуканих вин, високої моди, дорогих парфумів і безлічі таємниць... Переїзд в Париж. Екскурсія Магія Парижа! (входить у вартість туру) Пішохідна екскурсія. Париж стає рідним з першого погляду, з першого кроку його витертою бруківкою. Паризькі прогулянки заводять у минуле, в пам'ять серця, у потаємні куточки душі. Франсуаза Саган, Коко Шанель, Джо Дассен, Бріджит Бардо.... Музей парфумів Fragonard (входить у вартість туру) Музей парфумів Fragonard — де аромати розповідають історії. Зазирнемо у світ спокуси, шлейфів і секретів французької п",600
https://www.accordtour.com/tours/881188,"Французький реверанс Париж, Нормандія, Мон-Сен-Мішель, Аквітанія, Замки Луари, Ельзас",4,Париж – Монмартр – Версаль – Діснейленд,"сть відвідати на вибір: Яскрава Нормандія: скелі Етрета, Руан: 68€","Сніданок. Вільний час. Є можливість відвідати на вибір: Яскрава Нормандія: скелі Етрета, Руан ( Дорослий: 68€ / Діти до 16 років: 50€ , до 6 років: 0€ ) Нормандія- це пейзажі, які хочеться зберегти назавжди. Скелі Етрета — мов картина, яку створила сама природа, і яку міг би підписати Моне. Аромати моря, сидру й свіжих морепродуктів у Трувілі — як спогад, що смакує щастям. Руан відкриє легенди Жанни д&rsquo;Арк, готичну велич і чар незабутнього французького дня. Або Чарівний світ - Діснейленд... 1 парк (Трансфер: 26€ + вх. квиток Дорослий: 110€ / Діти до 11 років: 105€ ) Чарівний світ Дісней П",600
https://www.accordtour.com/tours/881188,"Французький реверанс Париж, Нормандія, Мон-Сен-Мішель, Аквітанія, Замки Луари, Ельзас",5,Мон-Сен-Мішель – Сен-Мало,дії. Для бажаючих: Восьме чудо світу - великий Мон-Сен-Мішель: 38€,"Ранній сніданок. Вільний час в одному з містечок Нормандії. Для бажаючих: Восьме чудо світу - великий Мон-Сен-Мішель ( Дорослий: 38€ / Діти: 28€ + вх. квиток) На кордоні Нормандії і Бретані знаходиться одне з найбільш вражаючих і прекрасних споруд, створених людиною. Мон-Сен-Мішель - острів-скеля-абатство. У часи середньовіччя тут була фортеця, яку за десять століть ніхто не підкорив. Магічна чарівність цього місця охопить кожного, хто зможе побачити підступаючий до острова прилив ... Переїзд в Бретань .... Це регіон романтичних узбереж, батьківщина Короля Артура, Астерікса та Обелікса, устриц",600
https://www.accordtour.com/tours/881188,"Французький реверанс Париж, Нормандія, Мон-Сен-Мішель, Аквітанія, Замки Луари, Ельзас",6,Бордо,дна з екскурсій на вибір: Ля-Рошель: Морські Скарби Аквітанії: 38€,"Сніданок. Переїзд по Франції. За бажанням групи. Одна з екскурсій на вибір: Ля-Рошель: Морські Скарби Аквітанії ( Дорослий: 38€ / Діти до 16 років: 30€ + вх. квиток) Екскурсія по Ля-Рошель — це подорож до одного з наймальовничіших прибережних міст Франції, де історія, море і архітектура переплітаються у неймовірній гармонії. Ви прогуляєтеся старовинним портом, який зберіг свою середньовічну велич, і помилуєтеся старовинними вежами, що століттями захищали місто від загарбників. Ля-Рошель славиться своєю морською історією, і під час екскурсії ви дізнаєтеся про значення цього порту для французько",600
https://www.accordtour.com/tours/881188,"Французький реверанс Париж, Нормандія, Мон-Сен-Мішель, Аквітанія, Замки Луари, Ельзас",7,Аркашон,,"Сніданок. Екскурсія Сент Емільйон - винна перлина (входить у вартість туру) Сент-Емільйон — це справжній скарб Франції, де середньовічна архітектура гармонійно поєднується з чарівністю виноградників. Вузькі вулички, вкриті бруківкою, ведуть до захопливих панорам на винні ландшафти, а атмосфера спокою та елегантності огортає кожного відвідувача. Містечко славиться своїми виноробнями, де ви зможете скуштувати найкращі вина регіону Бордо. Особливо вражає підземна церква, висічена прямо в скелі, що додає відчуття таємничості. Сент-Емільйон — це місце, де ви відчуєте справжню французьку розкіш, вин",600
https://www.accordtour.com/tours/881188,"Французький реверанс Париж, Нормандія, Мон-Сен-Мішель, Аквітанія, Замки Луари, Ельзас",8,Долина Луари – Шамбор – Амбуаз – Шенонсо,літь. Вільний час. Для бажаючих Гордість Франції -Замки Луари: 50€,"Сніданок. Сьогодні нас чекає день, повний романтики. Екскурсія Королівські історії... Тур на Луарі (входить у вартість туру) Сьогодні нас чекає справжня провінційна Франція. Тут затишні сади, собори і маленькі церкви. Море виноградників, неймовірні річкові пейзажі і люди, що вміють радіти життю. Екскурсія по чарівному містечку Тур. Знаходиться на злитті річок Луари і Шер. Довга історія Тура не була спокійною, але рішучі битви пройшли, а залишилася історія, краса та багата архітектура минулих століть. Вільний час. Для бажаючих Гордість Франції -Замки Луари ( Дорослий: 50€ / Діти: 38€ + вх. квит",600
https://www.accordtour.com/tours/881188,"Французький реверанс Париж, Нормандія, Мон-Сен-Мішель, Аквітанія, Замки Луари, Ельзас",9,Страсбург – Кольмар,,"Сніданок. Екскурсія Столиця французької провінції Ельзас – Страсбург (входить у вартість туру) Ельзас немов зійшов зі сторінок казки: будиночки з двосхилими дахами, побудовані з каменю і дерева, прикрашені квітами, на пічних трубах деяких з них звили гнізда лелеки. Пішохідна прогулянка по старому місту, острову, кварталу ремісників Petit de France, по вузьких мальовничих переулочках з відвідуванням французького і німецького кварталів. Ми зануримося в незвичайну атмосферу двотисячолітнього міста. Широкі проспекти і вузькі вулички, невигадані історії та фантастичні легенди, паради і капітуляції,",600
https://www.accordtour.com/tours/881188,"Французький реверанс Париж, Нормандія, Мон-Сен-Мішель, Аквітанія, Замки Луари, Ельзас",10,Прага – Львів,адати бажання! Прага особлива. Празька Венеція -Ма́ла Стра́на: 18€,"Сніданок. Екскурсія Зустріч з Прагою (входить у вартість туру) У лабіринтах маленьких вуличок ви поринете в таємничу атмосферу Старого міста. Староміська площа та Астрономічний годинник з небесною механікою на ратуші, Карлова вулиця... І Карлів міст! Потрібно тут зупинитися для того, щоб загадати бажання! Прага особлива. Празька Венеція -Ма́ла Стра́на ( Дорослий: 18€ / Діти: 13€ ) У Ма́лу Стра́ну ми потрапляємо по Карловому мосту. ""Ма́ла Стра́на"" відрізняється атмосферою милих старовинних вуличок, унікальними палацово-парковими комплексами, бароковими фасадами, схожими на казкову декорацію. На",600
https://www.accordtour.com/tours/133886,"Яскраві нотки Італії: 2 дні в Римі + Флоренція, Венеція",1,Львів – Будапешт,залу. Перетин кордону. Для бажаючих Ажурна прикраса Будапешта: 30€,"Виїзд в тур відбувається із Львівського залізничного вокзалу. Перетин кордону. Для бажаючих Ажурна прикраса Будапешта ( Дорослий: 30€ / Діти до 16 років: 26€ ) Прогулянка на кораблику з шампанським. Сім мостів служить прикрасою прекрасного Дунаю, які, мов нитки перлів, пов'язують дві частини міста – Буду і Пешт... У воді відображаються величні будівлі: Парламент, Академія наук, Королівський Палац... Нічний переїзд в Італію. <div class=""",440
https://www.accordtour.com/tours/133886,"Яскраві нотки Італії: 2 дні в Римі + Флоренція, Венеція",2,Флоренція – Піза – Галерея Уффіці – Сан-Джиміньяно,,"Прибуття у Флоренцію. Пересування по Флоренції - на громадському транспорті. Екскурсія Місто італійського шарму - Флоренція (входить у вартість туру) Флоренція – це не просто італійське місто, це – сама Італія. Флоренція дивовижно гармонійно поєднує у собі велич та помпезність Риму, романтичність Венеції, могутність Ватикану, спокій та затишок Верони. Флоренція – це батьківщина епохи Відродження, це &laquo;Давид&raquo; Мікеланджело та &laquo;Венера&raquo; Ботічеллі, це площа Сеньйорії та &laquo;Ворота раю&raquo; , це дзвіниця Джотто та Понте-Веккьо. Здається, що духом мистецтва пронизане навіт",600
https://www.accordtour.com/tours/133886,"Яскраві нотки Італії: 2 дні в Римі + Флоренція, Венеція",3,Рим – Ватикан – район Трастевере,У вільний час рекомендуємо: Держава Ватикан Дотик до вічності: 41€,"Сніданок. Переїзд в Рим. Пересування по Риму - на громадському транспорті. Екскурсія Оглядова екскурсія Рим пам ятає багато (входить у вартість туру) Важко знайти на землі людину, у якої при звучанні цього слова перед очима не з'являються барвисті образи мощених вулиць, просочених древньою історією, безлічі старовинних храмів, прикрашених руками великих Мікеланджело і Рафаеля... У вільний час рекомендуємо: Держава Ватикан Дотик до вічності ( Дорослий: 41€ / Діти до 16 років: 36€ + вх. квиток) Священний світ мистецтва та релігії... Наш шлях лежить в найменшу країну в світі, яка розмістилася на ",600
https://www.accordtour.com/tours/133886,"Яскраві нотки Італії: 2 дні в Римі + Флоренція, Венеція",4,Рим – Колізей Рим – Тіволі – Неаполь – Помпеї,анспорті) Всім бажаючим пропонуємо: Колізей - стародавній Рим: 23€; асне вічне місто... Колиска італійського Відродження – Тіволі: 33€,"Сніданок. Вільний час в Римі. (Пересування по Риму - на громадському транспорті) Всім бажаючим пропонуємо: Колізей - стародавній Рим ( Дорослий: 23€ / Діти: 23€ + вх. квиток) Грандіозний Колізей - колись амфітеатр для гладіаторських битв, сьогодні символ величі і могутності міста, Римський і Імператорський Форуми, Капітолійський пагорб - священне місце богів - ціль усіх непереможних полководців. Ми дізнаємося історію Древнього Риму, таємниці і легенди, що зберігає в собі це прекрасне вічне місто... Колиска італійського Відродження – Тіволі ( Дорослий: 33€ / Діти до 16 років: 30€ + вх. квиток) ",600
https://www.accordtour.com/tours/133886,"Яскраві нотки Італії: 2 дні в Римі + Флоренція, Венеція",5,Венеція – Палац дожів – Острови Мурано та Бурано,,"Сніданок. Екскурсія Заручена з морем - Венеція (входить у вартість туру) Нас запрошує красуня на воді, &laquo;заручена з морем&raquo;, - так кажуть про Венецію (додатк. оплач. громадський транспорт - 30&euro;/26&euro;) - найбільш витончене і таємниче місто Італії. Це місто - прекрасна казка, яка застигла в камені. Багато століть майстри і художники прославляли його і прикрашали своїми творами. Тут прекрасно поєднуються розкішні палаци і скромні вузенькі вулички, мовчазні канали та гомінкі ринки. Затишні кафе запрошують нас на ароматну каву, а на площі Сан Марко просто на долоню сідають голуби ",600
https://www.accordtour.com/tours/133886,"Яскраві нотки Італії: 2 дні в Римі + Флоренція, Венеція",6,Будапешт – Купальні Сечені – Мукачево – Стрий – Львів,день! Для всіх бажаючих рекомендуємо на вибір: Таємнича Буда: 18€; й Трійці і... сам Королівський Палац! Будапешт з гори Геллерт: 8€,"Прибуття в Будапешт. Вранці запрошуємо відвідати термальні купальні графа Сечені (вх. квиток) - заряд бадьорості і енергії на цілий день! Для всіх бажаючих рекомендуємо на вибір: Таємнича Буда ( Дорослий: 18€ / Діти до 16 років: 13€ , до 6 років: 0€ ) Один з самих романтичних та старовинних куточків Будапешта... Ніби маленьке середньовічне місто з мальовничими вуличками і стародавніми будівлями... Будайська фортеця, Рибацький бастіон, собор св. Матяша, пам'ятник Святій Трійці і... сам Королівський Палац! Будапешт з гори Геллерт ( Дорослий: 8€ / Діти: 8€ ) У Будапешті створені всі умови для люб",600
https://www.accordtour.com/tours/8345,"Сто причин любити Італію... Трієст, Флоренція, Неаполь, Рим, Венеція + Амальфітанське узбережжя",1,Львів – Стрий – Мукачево – Будапешт,івності. Для бажаючих рекомендуємо: Ажурна прикраса Будапешта: 30€,"Виїзд в тур відбувається із Львівського залізничного вокзалу. Перетин кордону. Переїзд по території Угорщини. Переїзд в Будапешт. Шарм нічного Будапешта (входить у вартість туру) Прогулянка вулицею Ваці — це зустріч із елегантним, святковим Пештом. Тут серед ароматів кави, вітрин і музики відчуваєш справжній пульс міста. На набережній Корзо відкривається найкраща панорама на Будайську фортецю, а вечірнє світло додає прогулянці нотку чарівності. Для бажаючих рекомендуємо: Ажурна прикраса Будапешта ( Дорослий: 30€ / Діти до 16 років: 26€ ) Прогулянка на кораблику з шампанським. Сім мостів служит",600
https://www.accordtour.com/tours/8345,"Сто причин любити Італію... Трієст, Флоренція, Неаполь, Рим, Венеція + Амальфітанське узбережжя",2,Трієст – Мірамаре,,"Сніданок. Переїзд в Італію. Екскурсія Несподіваний Трієст (входить у вартість туру) Зазвичай європейські портові міста - це завжди метушня, галас, вузькі вулиці і натовпи жебраків, однак Трієст - абсолютне виключення з правил і поєднує в собі риси трьох абсолютно різних культур. Понад шість століть Трієст перебував під владою Австрії, величезний вплив на нього здійснила сусідня Словенія, і всі ці неповторні риси нерозривно сплелися з культурою Італії. Цей прикордонний світ збиває з пантелику і дарує цілу гаму суперечливих, проте захоплених відчуттів. Для бажаючих рекомендуємо: Замок, що дивить",600
https://www.accordtour.com/tours/8345,"Сто причин любити Італію... Трієст, Флоренція, Неаполь, Рим, Венеція + Амальфітанське узбережжя",3,Флоренція – Піза – Галерея Уффіці – Сан-Джиміньяно,,"Сніданок. (Пересування по Флоренції - на громадському транспорті) Екскурсія Місто італійського шарму - Флоренція (входить у вартість туру) Флоренція - символ епохи Відродження. Її вулиці, площі, палаци та храми прикрашені творіннями великих італійських майстрів. Тут бере свій початок епоха Ренесансу, це місто Мікеланджело і Макіавеллі, місто-скарбниця, повне пам'ятників мистецтва, культури та історії. Ми побачимо шедеври великих майстрів: Площа Синьорії, головний флорентійський собор Санта Марія-дель-Фьорі, дзвіницю Джотто, Баптистерій із прекрасними фресками і золотою ""Брамою раю"". Ось вона -",600
https://www.accordtour.com/tours/8345,"Сто причин любити Італію... Трієст, Флоренція, Неаполь, Рим, Венеція + Амальфітанське узбережжя",4,Неаполь – Помпеї – Капрі,,"Сніданок. Екскурсія Екскурсія в Неаполь (входить у вартість туру) Найсуперечливіше місто Італії – Неаполь . Це місто поєднує в собі благополуччя і бідність, бурхливий розвиток і традиційний дух країни. Кажуть, що навіть італійці з півночі приїжджають сюди, щоб відчути дух колишньої Італії. Його або люблять, або ненавидять. В нього або закохуються з першого погляду, або згадують про нього із роздратуванням. Але його потрібно побачити, почути звуки міста, вдихнути повітря вулиць, таких різних і непередбачуваних, подивитися на синю гладь Неаполітанської затоки, почути справжню неаполітанську пісн",600
https://www.accordtour.com/tours/8345,"Сто причин любити Італію... Трієст, Флоренція, Неаполь, Рим, Венеція + Амальфітанське узбережжя",5,Неаполь – Амальфі – Позітано – Сорренто,ільний час або екскурсії на вибір: Король узбережжя - Амальфі: 53€,"Сніданок. Вільний день в Неаполі. Вільний час або екскурсії на вибір: Король узбережжя - Амальфі ( Дорослий: 53€ / Діти: 43€ ) Амальфі - найбільше та найчарівніше містечко Амальфітанского узбережжя. Це містечко з дюжиною першокласних готелів, унікальним кафедральним собором з візантійськими мозаїками, романськими колонами і сарацинським куполом. Вважається, що в цьому соборі зберігаються мощі святого Андрія Первозванного. Місто розташоване на схилах скель, будинки з'єднуються один з одним висіченими в камені східцями. Через таке специфічне розташування в місті немає головної вулиці, якщо не бр",600
https://www.accordtour.com/tours/8345,"Сто причин любити Італію... Трієст, Флоренція, Неаполь, Рим, Венеція + Амальфітанське узбережжя",6,Рим – Ватикан – Колізей Рим,Для бажаючих на вибір: Держава Ватикан Дотик до вічності: 41€,"Сніданок. Екскурсія Рим пам ятає багато (входить у вартість туру) Пересування по Риму - на громадському транспорті. Важко знайти на землі людину, у якої при звучанні цього слова перед очима не появляються барвисті образи мощених вулиць, просочених древньою історією, величного Колізею, безліч старовинних храмів, прикрашених руками великих Мікеланджело і Рафаеля&hellip; Для бажаючих на вибір: Держава Ватикан Дотик до вічності ( Дорослий: 41€ / Діти до 16 років: 36€ ) Священний світ мистецтва та релігії... Наш шлях лежить в найменшу країну в світі, яка розмістилася на території одного міста. Ми з",600
https://www.accordtour.com/tours/8345,"Сто причин любити Італію... Трієст, Флоренція, Неаполь, Рим, Венеція + Амальфітанське узбережжя",7,Венеція – Палац дожів – Гранд Канал,,"Сніданок. Екскурсія Заручена з морем - Венеція (входить у вартість туру) Нас запрошує красуня на воді, &laquo;заручена з морем&raquo;, - так кажуть про Венецію (додатк. оплач. громадський транспорт - 30&euro;/26&euro;) - найбільш витончене і таємниче місто Італії. Це місто - прекрасна казка, яка застигла в камені. Багато століть майстри і художники прославляли його і прикрашали своїми творами. Тут прекрасно поєднуються розкішні палаци і скромні вузенькі вулички, мовчазні канали та гомінкі ринки. Затишні кафе запрошують нас на ароматну каву, а на площі Сан Марко просто на долоню сідають голуби ",600
https://www.accordtour.com/tours/8345,"Сто причин любити Італію... Трієст, Флоренція, Неаполь, Рим, Венеція + Амальфітанське узбережжя",8,Егер – купальні Егерсалок – Львів,"их на вибір: Дегустація вин та смачний гуляш в Долині Красунь: 25€; Егерська Дівчина"". Угорський Памуккале - місто Егерсалок!: 10€","Сніданок. Переїзд по Угорщині. Для бажаючих на вибір: Дегустація вин та смачний гуляш в Долині Красунь ( Дорослий: 25€ / Діти до 16 років: 18€ ) Рекомендуємо дегустацію егерських вин і смачний гуляш в Долині Красунь!!! Найвідоміше вино – ""Бича Кров"", а найприємніше – ""Егерська Дівчина"". Угорський Памуккале - місто Егерсалок! ( Дорослий: 10€ / Діти: 10€ + вх. квиток) Термальні дива Угорщини. для прекрасного відчуття бадьорості –пропонуємо відвідати Велнес-Комплекс. До Ваших послуг незвичайні масажі, розважальні басейни, ексклюзивні сауни, приємні і ніжні ванни ... Час прибуття до Львова орієнто",600
https://www.accordtour.com/tours/616161/tab/tab_price/tour_date/2026-12-17/cls_number_adult_cnt/%7B1:1%7D/cls_number_child_age/%7B%7D/tour_include_ins/true,"Моя Португалія Лісабон, Порту, Сінтра, Мадрид, Барселона, Мілан, Ніцца, Монако!",1,Львів – Будапешт,"і наявності часу. Прогулянка на кораблику ""Чарівність Дунаю"": 30€; ий Палац... З шампанським... по Дунаю. Шарм нічного Будапешту: 18€","Вирушаємо в подорож Із залізничного вокзалу Львова (пл. Двірцева, 1). Також можна приєднатись до групи у Стрию чи Мукачево. Перетинаємо кордон — і нас вже чекає перлина Дунаю. При бажанні групи і наявності часу. Прогулянка на кораблику ""Чарівність Дунаю"" ( Дорослий: 30€ / Діти до 16 років: 26€ , до 6 років: 0€ ) Сім мостів дивовижно оздоблюють прекрасний Дунай, які, мов нитки перлів, пов'язують дві частини міста – Буду і Пешт ... У воді відображаються величні будівлі: Парламент, Академія наук, Королівський Палац... З шампанським... по Дунаю. Шарм нічного Будапешту ( Дорослий: 18€ / Діти до 16 ",600
https://www.accordtour.com/tours/616161/tab/tab_price/tour_date/2026-12-17/cls_number_adult_cnt/%7B1:1%7D/cls_number_child_age/%7B%7D/tour_include_ins/true,"Моя Португалія Лісабон, Порту, Сінтра, Мадрид, Барселона, Мілан, Ніцца, Монако!",2,Венеція,лутаєш ні з чим. Вільний час. Таємниці венеціанських каналів!: 30€,"Сніданок. Переїзд в Італію. (дод. опл. громадський транспорт- 30€/26€) Екскурсія Заручена з морем Венеція (входить у вартість туру) Місто на воді, де кам&rsquo;яна казка пливе крізь час. Венеція — це карнавальні маски, гондоли, дзвони Сан-Марко і аромати справжньої італійської кави. Тут канали шепочуть історії, а кожен куточок — як сцена з фільму. Атмосфера, яку не сплутаєш ні з чим. Вільний час. Таємниці венеціанських каналів! ( Дорослий: 30€ / Діти до 16 років: 26€ , до 6 років: 15€ ) Гондола ковзає водою між палацами, а місто відкривається зовсім по-іншому — тихо, романтично, казково. Це мо",600
https://www.accordtour.com/tours/616161/tab/tab_price/tour_date/2026-12-17/cls_number_adult_cnt/%7B1:1%7D/cls_number_child_age/%7B%7D/tour_include_ins/true,"Моя Португалія Лісабон, Порту, Сінтра, Мадрид, Барселона, Мілан, Ніцца, Монако!",3,Монако – Ніцца – Фрагонар,,"Сніданок. Переїзд по Італії до Франції. Прибуття на Лазурний берег. Ах, це Лазурне Узбережжя – синонім блиску, краси і безкінечного задоволення... Парфумерна фабрика Фрагонар (входить у вартість туру) Ми прибудемо в середньовічний Ез . Французьке містечко, що сидить на вершині скелі над півостровом Сен-Жан-Кап-Ферра - справжня перлина французького Лазурного узбережжя. Невеликий, але нескінченно затишний, з вузькими вуличками і великою кількістю квітів. З високогір'я відкриваються приголомшливі види на Лазурне узбережжя. Відвідування парфумерної фабрики Фрагонар. Нам розкажуть про історію створ",600
https://www.accordtour.com/tours/616161/tab/tab_price/tour_date/2026-12-17/cls_number_adult_cnt/%7B1:1%7D/cls_number_child_age/%7B%7D/tour_include_ins/true,"Моя Португалія Лісабон, Порту, Сінтра, Мадрид, Барселона, Мілан, Ніцца, Монако!",4,Мадрид – Толедо,"Вільний час. Всім бажаючим пропонуємо: Мадрид – Серце Іспанії: 26€; у... Без сліз... Без обіцянок... Без надій..."" Скарби Мадриду: 30€","Прибуття в Мадрид. Вільний час. Всім бажаючим пропонуємо: Мадрид – Серце Іспанії ( Дорослий: 26€ / Діти: 21€ ) Нас чекає велична столиця, місто мрії, місто радості, романтики і фантазій. Чарівність старих вулиць і площ. Літерaтурние кафе і старовинні бари, традиція тапас і фламенко, що вирує пласа Майор і Пуерта дель Соль, символ міста – Ведмедиця у суничного дерева. ""Мадрид і я – паримо під звуки танго, парк Де Ретіро нам– любові манеж... Я віддаюся Мадриду без залишку... Без сліз... Без обіцянок... Без надій..."" Скарби Мадриду ( Дорослий: 30€ / Діти до 16 років: 21€ ) Автобусна екскурсія по ",600
https://www.accordtour.com/tours/616161/tab/tab_price/tour_date/2026-12-17/cls_number_adult_cnt/%7B1:1%7D/cls_number_child_age/%7B%7D/tour_include_ins/true,"Моя Португалія Лісабон, Порту, Сінтра, Мадрид, Барселона, Мілан, Ніцца, Монако!",5,Лісабон,"м духом, яскравим, легким, свіжим. Лісабон – Великі відкриття: 33€","Сніданок. Переїзд в Португалію. Екскурсія По вуличках Лісабона (входить у вартість туру) Ми пройдемося пішки по пагорбах старого Лісабона, де майже в кожному районі є місце з панорамним видом на набережну і море черепичних дахів. Мозаїчні тротуари та старовинні ліхтарі – природний вигляд незагримованого Лісабону, портового міста родом з давнини. Атмосфера міста пройнята сучасним духом, яскравим, легким, свіжим. Лісабон – Великі відкриття ( Дорослий: 33€ / Діти до 16 років: 26€ , до 6 років: 0€ ) Величний Пам'ятник Першовідкривачам, Тріумфальна арка, Монастир Жеронімуш - перлина унікального пор",600
https://www.accordtour.com/tours/616161/tab/tab_price/tour_date/2026-12-17/cls_number_adult_cnt/%7B1:1%7D/cls_number_child_age/%7B%7D/tour_include_ins/true,"Моя Португалія Лісабон, Порту, Сінтра, Мадрид, Барселона, Мілан, Ніцца, Монако!",6,Порту – Баталья – Фатіма – Обідуш – Назаре,У ритмі романтики та хвиль океану… Обідуш – Назаре – Алкобаса: 50€,"Сніданок. Вільний час або екскурсії на вибір: У ритмі романтики та хвиль океану… Обідуш – Назаре – Алкобаса ( Дорослий: 50€ / Діти до 16 років: 40€ ) Подорож у світ краси, легенд і справжніх почуттів. Обідуш – мов сторінка зі старовинної казки: білі будиночки, квіти на вікнах, вузькі вулички й замок, подарований королем своїй нареченій. Тут час ніби зупинився, а вишневий лікер у шоколадних чашечках – як поцілунок з минулого. Назаре – це зустріч з океаном. Його безкраї хвилі, запах солі в повітрі, рибальський дух і атмосфера приморського життя зберегли у собі душу справжньої Португалії. Алкобас",600
https://www.accordtour.com/tours/616161/tab/tab_price/tour_date/2026-12-17/cls_number_adult_cnt/%7B1:1%7D/cls_number_child_age/%7B%7D/tour_include_ins/true,"Моя Португалія Лісабон, Порту, Сінтра, Мадрид, Барселона, Мілан, Ніцца, Монако!",7,Сінтра – мис Рока,Сніданок. Вільний час в Лісабоні. Перлина Португалії - Синтра: 60€,"Сніданок. Вільний час в Лісабоні. Перлина Португалії - Синтра ( Дорослий: 60€ / Діти: 46€ + вх. квиток) Місто і його пагорби усіяні казковими палацами і фантастичними віллами, чарівні відвідувачів протягом століть. Відомий британський поет і мандрівник лорд Байрон писав, що місто ""можливо, в усіх відношеннях є самим чудовим в Європі"", називав його ""славний Едем"". Туманний зимовий день в загадковій Сінтрі не менше прекрасний, ніж сонячний і ясний літній, коли блакитна безодня океану відображає хмари своїм дзеркалом вод. Можливість відвідування романтичної, повної загадок садиби Кінта Де Регалей",600
https://www.accordtour.com/tours/616161/tab/tab_price/tour_date/2026-12-17/cls_number_adult_cnt/%7B1:1%7D/cls_number_child_age/%7B%7D/tour_include_ins/true,"Моя Португалія Лісабон, Порту, Сінтра, Мадрид, Барселона, Мілан, Ніцца, Монако!",8,Барселона – Монсеррат,,"Прибуття в Барселону. Екскурсія Зустріч з Барселоною. Готичний квартал і бульвар Рамблас (входить у вартість туру) Знайомство з Барселоною потрібно починати з відвідин готичного кварталу. У кожного міста є свої секрети: великі і маленькі. У Барселоні ці секрети надійно охороняють вузенькі вулички Готичного Кварталу . Століттями спостерігав цей район за течією життя міста, за зміною поколінь. Захоплююча прогулянка по вуличках Середньовічної Барселони. Перлина кварталу - Кафедральний собор Барселони з розкішним Готичним фасадом. Прогулянка по бульвару Рамблас, зупинка на площі Св. Якова, де знах",600
https://www.accordtour.com/tours/616161/tab/tab_price/tour_date/2026-12-17/cls_number_adult_cnt/%7B1:1%7D/cls_number_child_age/%7B%7D/tour_include_ins/true,"Моя Португалія Лісабон, Порту, Сінтра, Мадрид, Барселона, Мілан, Ніцца, Монако!",9,Тосса-де-Мар,продукти можна придбати. Морська душа Каталонії Ллорет-де-Мар: 18€,"Сніданок. Відпочинок на морі. Іспанська традиційна бодега (входить у вартість туру) Починаємо знайомство з курортом з місцевої бодеги. Місце, де можна познайомитися з кращими продуктами і винами іспанського виробництва. Ми продегутуємо іспанські вина, каву, лікери. Спробуємо хамон, місцеві ковбаси, оливки і туррон. При бажанні все продегустувати продукти можна придбати. Морська душа Каталонії Ллорет-де-Мар ( Дорослий: 18€ / Діти: 13€ ) Нас чекає найкрасивіше узбережжі Іспанії. Скелі, потопаючі в прозорому морі, затишні бухти, пейзажі з вічнозеленою рослинністю і дивовижні історії узбережжя Кос",600
https://www.accordtour.com/tours/616161/tab/tab_price/tour_date/2026-12-17/cls_number_adult_cnt/%7B1:1%7D/cls_number_child_age/%7B%7D/tour_include_ins/true,"Моя Португалія Лісабон, Порту, Сінтра, Мадрид, Барселона, Мілан, Ніцца, Монако!",10,Мілан – Верона – озеро Комо – Лугано,ники і ультрасучасні квартали. Лугано і Комо: озерна симфонія: 48€,"Сніданок. Екскурсія Мілан – столиця моди (входить у вартість туру) Мілан – мрія багатьох модниць, місто-бутік, звідки неможливо поїхати без покупки. Мілан поєднує в собі середньовічні пам'ятники і ультрасучасні квартали. Лугано і Комо: озерна симфонія ( Дорослий: 48€ / Діти до 16 років: 38€ , до 5 років: 0€ ) Лугано — це елегантне місто Швейцарії з середземноморським шармом, вузькими вуличками та набережною, що виблискує на сонці. Звідси відкриваються мальовничі краєвиди на Альпи та озеро, які створюють атмосферу спокою і витонченості. Подорож до озера Комо подарує зустріч із розкішними віллам",600
https://www.accordtour.com/tours/616161/tab/tab_price/tour_date/2026-12-17/cls_number_adult_cnt/%7B1:1%7D/cls_number_child_age/%7B%7D/tour_include_ins/true,"Моя Португалія Лісабон, Порту, Сінтра, Мадрид, Барселона, Мілан, Ніцца, Монако!",11,Грац – Егер – Львів,бажанні групи ранкова екскурсія: Грац – таємна любов Австрії: 30€,"Сніданок. При бажанні групи ранкова екскурсія: Грац – таємна любов Австрії ( Дорослий: 30€ / Діти до 16 років: 20€ , до 5 років: 0€ ) Багатовікова історія... адже Грац - колись блискуча резиденція Габсбургів... Ренесансні дворики, затишні середньовічні вулички, прекрасна панорама з замкової гори Шлоссберг і звичайно ж - Символ міста - годинникова башта з оригінальним годинниковим механізмом. Саме тут багато жителів міста вперше поцілувались. Переїзд по Угорщині. Купальні Егерсалок (Трансфер - Дорослий: 10€ / Діти: 10€) Егерсалок, відомий як ""угорський Памуккале"", вражає білосніжними терасами т",600
https://www.accordtour.com/tours/866331,Шлях до Альп: Швейцарія та Баварія,1,Львів – Будапешт,чірнє світло додає прогулянці нотку чарівності. Таємнича Буда: 18€,"Збір на залізничному вокзалі м. Львів. Переїзд по Україні, перетин кордонів. При бажанні групи і наявності часу. Екскурсія Шарм нічного Будапешта (входить у вартість туру) Прогулянка вулицею Ваці — це зустріч із елегантним, святковим Пештом. Тут серед ароматів кави, вітрин і музики відчуваєш справжній пульс міста. На набережній Корзо відкривається найкраща панорама на Будайську фортецю, а вечірнє світло додає прогулянці нотку чарівності. Таємнича Буда ( Дорослий: 18€ / Діти до 16 років: 13€ , до 6 років: 0€ ) Один з самих романтичних та старовинних куточків Будапешта... Ніби маленьке середньов",600
https://www.accordtour.com/tours/866331,Шлях до Альп: Швейцарія та Баварія,2,Мюнхен – Замок Нойшванштайн,час усім бажаючим рекомендуємо відвідати: Замок Нойшванштайн: 38€,"Переїзд в Німеччину. Екскурсія Мюнхен – Легенда Баварії (входить у вартість туру) Нас запрошує ""Німецький Рим"" – місто з чудовою атмосферою гостинності, по якому хочеться блукати з ранку до ночі. Ніде в Німеччині так не оберігають народні традиції, як тут, і навіть національні костюми носять не тільки у свята. Мюнхен славиться дивовижною історією, всесвітньо відомим пивом, смаженими ковбасками і найбільшим в світі святом ""Октоберфест"". Вільний час. У вільний час усім бажаючим рекомендуємо відвідати: Замок Нойшванштайн ( Дорослий: 38€ / Діти до 16 років: 30€ + вх. квиток) Дивовижне мальовниче р",600
https://www.accordtour.com/tours/866331,Шлях до Альп: Швейцарія та Баварія,3,Люцерн – Цюрих – Рейнський водоспад – Ліхтенштейн,групи і наявності часу. Ліхтенштейн: Князівство на долоні...: 20€; щось особливе. Головне... не поспішати... Рейнський Водоспад: 38€,"Сніданок. При бажанні групи і наявності часу. Ліхтенштейн: Князівство на долоні... ( Дорослий: 20€ / Діти до 16 років: 16€ ) Князівство Ліхтенштейн - одна з найменших країн Європи, розміром усього 160 км&sup2;, але з великим характером. Його столиця Вадуц - затишне гірське містечко з атмосферою швейцарського спокою й міжнародного стилю. Головна перлина - князівський замок на пагорбі, резиденція правлячої родини, частини якої збереглися ще з XII століття. Мініатюрна держава, що дивує кожного, хто шукає щось особливе. Головне... не поспішати... Рейнський Водоспад ( Дорослий: 38€ / Діти до 16 рок",600
https://www.accordtour.com/tours/866331,Шлях до Альп: Швейцарія та Баварія,4,Відень – скарбниця Габсбургів,Австрії. При бажанні групи і наявності часу. Віденський вальс: 18€; еличне місто зачаровує шармом і витонченістю. Величний Відень: 26€,"Переїзд по Австрії. При бажанні групи і наявності часу. Віденський вальс ( Дорослий: 18€ / Діти до 16 років: 13€ , до 5 років: 0€ ) Відень – місто музики і великих композиторів, місто чаруюче і прекрасне... Його заслужено називають серцем Європи. Це надзвичайне місто! – Вузькі середньовічні вулички, широкі імперські площі... Ми прогуляємося по самому серцю Відня. Величне місто зачаровує шармом і витонченістю. Величний Відень ( Дорослий: 26€ / Діти до 16 років: 21€ , до 5 років: 0€ ) Таємниче середньовіччя, блискуче 19 століття, круговорот музики, історії, мистецтва – все це Відень, неповторний",600
https://www.accordtour.com/tours/888662,Мій Італійський вікенд: Венеція+Верона,1,Львів – Будапешт,удапешт. Для бажаючих рекомендуємо: Ажурна прикраса Будапешту: 30€,"Виїзд в тур відбувається із Львівського залізничного вокзалу. Перетин кордонів. Переїзд в Будапешт. Для бажаючих рекомендуємо: Ажурна прикраса Будапешту ( Дорослий: 30€ / Діти: 26€ ) Річкова прогулянка - незабутня водна подорож по Дунаю... Нічний переїзд в Італію. <div class=""",277
https://www.accordtour.com/tours/888662,Мій Італійський вікенд: Венеція+Верона,2,Венеція – Палац дожів – Гранд Канал – Острови Мурано та Бурано,,"Ласкаво просимо в Італію - країну чарівної краси поезії і романтики ... Екскурсія Заручена з морем - Венеція (входить у вартість туру) Нас запрошує красуня на воді, &laquo;заручена з морем&raquo;, - так кажуть про Венецію (додатк. оплач. громадський транспорт - 30&euro;/26&euro;) - найбільш витончене і таємниче місто Італії. Це місто - прекрасна казка, яка застигла в камені. Багато століть майстри і художники прославляли його і прикрашали своїми творами. Тут прекрасно поєднуються розкішні палаци і скромні вузенькі вулички, мовчазні канали та гомінкі ринки. Затишні кафе запрошують нас на аромат",600
https://www.accordtour.com/tours/888662,Мій Італійський вікенд: Венеція+Верона,3,Верона – озеро Гарда – Сірміоне – парк розваг Гардаленд,нь. Для бажаючих рекомендуємо: Столиця романтиків і закоханих: 38€,"Сніданок. Вільний день. Для бажаючих рекомендуємо: Столиця романтиків і закоханих ( Дорослий: 38€ / Діти: 33€ ) Верону називають містом вічної любові і шедевром італійської архітектури. Потрапивши сюди, відчуваєш свою причетність до Великого і Вічного. Це місто підкорить нас давньоримським амфітеатром &laquo;Арена&raquo;, який є третім за величиною в світі, фортецею Скаліджерів, гідної справжньої принцеси і прекрасного принца, і звичайно, будинком Джульєтти, стіни якого на висоту в два людські зрости рясніють зворушливими записками - від тих, хто знайшов, шукає або втратив, але хоче повернути ",600
https://www.accordtour.com/tours/888662,Мій Італійський вікенд: Венеція+Верона,4,Егер – Львів – купальні Егерсалок,Прибуття в Угорщину. Угорський Памуккале – місто Егерсалок!: 10€; Дегустація егерських вин і смачного гуляшу в Долині Красунь!: 24€,"Прибуття в Угорщину. Угорський Памуккале – місто Егерсалок! ( Дорослий: 10€ / Діти: 10€ + вх. квиток) Термальні дива Угорщини - для прекрасного відчуття бадьорості - відвідини Велнес-Комплексу. До Ваших послуг незвичайні масажі, розважальні басейни, ексклюзивні сауни, приємні і ніжні ванни ... АБО Дегустація егерських вин і смачного гуляшу в Долині Красунь! ( Дорослий: 24€ / Діти до 16 років: 18€ ) Найвідоміше вино – ""Бича Кров"", а найприємніше – ""Егерська Дівчина"" . Орієнтовний час прибуття до Львова 23:00. Місце прибуття у Львові - залізничний вокзал. До нових зустрічей! <div class=""",592
https://www.accordtour.com/tours/616116,"Вікенд в Доломітах Італії: озера Браес, Мізуріна, Сірміоне, Мольвено+Адріатичне узбережжя",1,Львів – Будапешт,куточку. Для бажаючих рекомендуємо: Ажурна прикраса Будапешту: 30€,"Виїзд в тур відбувається із Львівського залізничного вокзалу. Перетин кордону. Переїзд по території Угорщини. Переїзд в Будапешт. Екскурсія Шарм нічного Будапешта (входить у вартість туру) О, це місто... Незабутнє... Неповторне... Чарівне... Воно пропонує своїм відвідувачам близьку і знайому європейську культуру, але з особливим угорським ароматом... Місто з древньою історією, культурою, традиціями, життєва сила якого пульсує в кожному його куточку. Для бажаючих рекомендуємо: Ажурна прикраса Будапешту ( Дорослий: 30€ / Діти: 26€ ) Річкова прогулянка - незабутня водна подорож по Дунаю... Нічний",600
https://www.accordtour.com/tours/616116,"Вікенд в Доломітах Італії: озера Браес, Мізуріна, Сірміоне, Мольвено+Адріатичне узбережжя",2,Лідо Ді Єзоло – Венеція – Гранд Канал – Відпочинок на Адріатичному морі Італії,а морі. Для бажаючих рекомендуємо: Заручена з морем - Венеція: 43€,"Прибуття в Італію - чарівну, темпераментну і неймовірно красиву. В Італії черпали своє натхнення великі майстри мистецтва і дарували світу свої безсмертні шедеври ... Прибуття на Адріатичне узбережжя - курорт Лідо ді Єзоло. Відпочинок на морі. Для бажаючих рекомендуємо: Заручена з морем - Венеція ( Дорослий: 43€ / Діти: 38€ ) Всіх бажаючих запрошує красуня на воді, &laquo;заручена з морем&raquo;, - так кажуть про Венецію - найбільш витончене і таємниче місто Італії. Це місто - прекрасна казка, яка застигла в камені. Багато століть майстри і художники прославляли його і прикрашали своїми творам",600
https://www.accordtour.com/tours/616116,"Вікенд в Доломітах Італії: озера Браес, Мізуріна, Сірміоне, Мольвено+Адріатичне узбережжя",3,Тренто – Доломітові Альпи – озеро Браєс – озеро Мізуріна,,"Сніданок. Краса, при погляді на яку залишається тільки затамувати подих і не рухатися. Доломітові Альпи притягують мандрівників, спортсменів, фотографів і просто закоханих в гори з усього світу. Природа створила всі найкращі умови, щоб Доломіти були ідеальним місцем для відпочинку. Завдяки тому, що вони знаходяться на південній стороні Альп, тут особливо м який клімат, який надійно захищений горами від холодних вітрів з півночі. За статистикою, кожні 8 з 10 днів є сонячними, що робить відпочинок в горах особливо яскравим і незабутнім. Відпочинок у Доломітових Альпах. Екскурсія Тренто - ворота ",600
https://www.accordtour.com/tours/616116,"Вікенд в Доломітах Італії: озера Браес, Мізуріна, Сірміоне, Мольвено+Адріатичне узбережжя",4,Ріва-дель-Гарда – озеро Гарда – озеро Мольвено,,"Сніданок. Переїзд на озеро Сірміоне, містечко Ріва-дель-Гарда. На північному березі озера Гарда розкинулося містечко Ріва-дель-Гарда - місце, де блакить води та неба, зелень середземноморської рослинності та білизна пляжів народжують шедевр. Поєднання озера і гір роблять місце унікальним куточком незайманої природи в Італії. Місто Ріва-дель-Гарда менш відвідуване туристами, ніж міста південного краю озера Гарда. Пов язано це з тим, що тут немає залізничного сполучення, тільки автобусне або на екскурсійному кораблику. Однак ті, хто все ж добирається в Ріва-дель-Гарда, залишаються зачарованими й",600
https://www.accordtour.com/tours/616116,"Вікенд в Доломітах Італії: озера Браес, Мізуріна, Сірміоне, Мольвено+Адріатичне узбережжя",5,Егер – купальні Егерсалок,ір: Дегустація егерських вин і смачний гуляш в Долині Красунь: 23€; справжній гуляш! АБО Угорський Памуккале - місто Егерсалок!: 10€,"Переїзд по Угорщині. Для бажаючих на вибір: Дегустація егерських вин і смачний гуляш в Долині Красунь ( Дорослий: 23€ / Діти: 18€ ) Для всіх учасників - найбільш відоме вино - ""Бича кров"" и найбільш приємне - ""Егерська дівчина"". І, звісно, справжній гуляш! АБО Угорський Памуккале - місто Егерсалок! ( Дорослий: 10€ / Діти: 10€ + вх. квиток) Термальні дива Угорщини. для прекрасного відчуття бадьорості –пропонуємо відвідати Велнес-Комплекс. До Ваших послуг незвичайні масажі, розважальні басейни, ексклюзивні сауни, приємні і ніжні ванни ... Час прибуття до Львова орієнтовно 23:00 (залежить від про",600
https://www.accordtour.com/tours/310680,Заряд бадьорості: Доломітові Альпи+Адріатичне море Італії,1,Львів – Будапешт,удапешт. Для бажаючих рекомендуємо: Ажурна прикраса Будапешта: 30€,"Виїзд в тур відбувається із Львівського залізничного вокзалу. Перетин кордону. Переїзд по території Угорщини. Переїзд в Будапешт. Для бажаючих рекомендуємо: Ажурна прикраса Будапешта ( Дорослий: 30€ / Діти до 16 років: 26€ ) Прогулянка на кораблику з шампанським. Сім мостів служить прикрасою прекрасного Дунаю, які, мов нитки перлів, пов'язують дві частини міста – Буду і Пешт... У воді відображаються величні будівлі: Парламент, Академія наук, Королівський Палац... Переїзд і поселення в готелі на території Угорщини. Ночівля. <div class=""",541
https://www.accordtour.com/tours/310680,Заряд бадьорості: Доломітові Альпи+Адріатичне море Італії,2,Ліньяно-Сабб ядоро – Трієст,чинок на морі. Для бажаючих рекомендуємо: Несподіваний Трієст: 28€,"Переїзд в Італію. Прибуття на курорт Ліньяно-Сабб ядоро. Італійці називають цей затишний куточок «номер один» для розкішного сімейного відпочинку. Більшість пляжів нагороджені Блакитним прапором за чистоту та екологічність. Рив’єра вабить туристів спокійною і тихою атмосферою. Повітря тут насичене запахом хвої і морського йоду. Відпочинок на морі. Для бажаючих рекомендуємо: Несподіваний Трієст ( Дорослий: 28€ / Діти: 23€ ) Зазвичай європейські портові міста - це завжди метушня, галас, вузькі вулиці і натовпи жебраків, однак Трієст - абсолютне виключення з правил, що поєднує в собі риси трьох а",600
https://www.accordtour.com/tours/310680,Заряд бадьорості: Доломітові Альпи+Адріатичне море Італії,3,Верона – озеро Гарда – парк розваг Гардаленд,,"Сніданок. Екскурсія Столиця романтиків і закоханих (входить у вартість туру) Верону називають містом вічної любові і шедевром італійської архітектури. Потрапивши сюди, відчуваєш свою причетність до Великого і Вічного. Це місто підкорить нас давньоримським амфітеатром &laquo;Арена&raquo;, який є третім за величиною в світі, фортецею Скаліджерів, гідної справжньої принцеси і прекрасного принца, і звичайно, будинком Джульєтти, стіни якого на висоту в два людські зрости рясніють зворушливими записками - від тих, хто знайшов, шукає або втратив, але хоче повернути свою любов. Тут навіть закохані зак",600
https://www.accordtour.com/tours/310680,Заряд бадьорості: Доломітові Альпи+Адріатичне море Італії,4,Відпочинок у Доломітових Альпах – Тренто – озеро Браєс – озеро Мізуріна,,"Сніданок. Краса, при погляді на яку залишається тільки затамувати подих і не рухатися. Доломітові Альпи притягують мандрівників, спортсменів, фотографів і просто закоханих в гори з усього світу. Природа створила всі найкращі умови, щоб Доломіти були ідеальним місцем для відпочинку. Завдяки тому, що вони знаходяться на південній стороні Альп, тут особливо м який клімат, який надійно захищений горами від холодних вітрів з півночі. За статистикою, кожні 8 з 10 днів є сонячними, що робить відпочинок в горах особливо яскравим і незабутнім. Відпочинок у Доломітових Альпах. Екскурсія Тренто - ворота ",600
https://www.accordtour.com/tours/310680,Заряд бадьорості: Доломітові Альпи+Адріатичне море Італії,5,Венеція – Гранд Канал – Палац дожів,,"Сніданок. Екскурсія Заручена з морем - Венеція (входить у вартість туру) Нас запрошує красуня на воді, &laquo;заручена з морем&raquo;, - так кажуть про Венецію (додатк. оплач. громадський транспорт - 30&euro;/26&euro;) - найбільш витончене і таємниче місто Італії. Це місто - прекрасна казка, яка застигла в камені. Багато століть майстри і художники прославляли його і прикрашали своїми творами. Тут прекрасно поєднуються розкішні палаци і скромні вузенькі вулички, мовчазні канали та гомінкі ринки. Затишні кафе запрошують нас на ароматну каву, а на площі Сан Марко просто на долоню сідають голуби ",600
https://www.accordtour.com/tours/310680,Заряд бадьорості: Доломітові Альпи+Адріатичне море Італії,6,Егер – купальні Егерсалок,ір: Дегустація егерських вин і смачний гуляш в Долині Красунь: 23€; справжній гуляш! АБО Угорський Памуккале - місто Егерсалок!: 10€,"Сніданок. Переїзд по Угорщині. Для бажаючих на вибір: Дегустація егерських вин і смачний гуляш в Долині Красунь ( Дорослий: 23€ / Діти: 18€ ) Для всіх учасників - найбільш відоме вино - ""Бича кров"" и найбільш приємне - ""Егерська дівчина"". І, звісно, справжній гуляш! АБО Угорський Памуккале - місто Егерсалок! ( Дорослий: 10€ / Діти: 10€ + вх. квиток) Термальні дива Угорщини. для прекрасного відчуття бадьорості –пропонуємо відвідати Велнес-Комплекс. До Ваших послуг незвичайні масажі, розважальні басейни, ексклюзивні сауни, приємні і ніжні ванни ... Час прибуття до Львова орієнтовно після 24:00 (",600
https://www.accordtour.com/tours/5470,Знайомтесь - Німеччина: Берлін + Потсдам + Дрезден + Саксонська Швейцарія,1,Львів – Вроцлав – Варшава,,"Зустріч на залізничному вокзалі Львова (пл.Двірцева 1). Відправлення в тур. Переїзд по Україні. Перетин кордону. Екскурсія Загадкова Варшава (входить у вартість туру) Пішохідна екскурсія. Романтичним, чарівним і таємничим Старим місто Варшави запрошує в гості. Тут важко позбутися відчуття, що блукаєш десь в казці або, принаймні, по величезній декорації з затишними різнокольоровими будинками. Ми побачимо одну із найкрасивіших будівель, яку часто зображують на листівках Варшави. Обов'язково зробимо фото з символом міста, який зображений на гербі, а ще будемо вражені красою Кафедрального костелу ",600
https://www.accordtour.com/tours/5470,Знайомтесь - Німеччина: Берлін + Потсдам + Дрезден + Саксонська Швейцарія,2,Берлін – Потсдам – музей Пергамон,ідвідати: Автобусна екскурсія з фотопаузами Берлін крізь часи: 26€,"Сніданок. Переїзд в столицю Німеччини. Екскурсія Відвертість Берліну (входить у вартість туру) Пішохідна екскурсія по одному із найдивовижніших і найяскравіших міст на землі, де сучасність і традиції доповнюють одне одного дуже гармонійно, що найкрасивіші і таємничі куточки відкриті для нас. Кожен, хто приїжджає до Берліна, так чи інакше, потрапляє під магічну чарівливість цього міста, його живого і невимушеного шарму... У вільний час є можливість відвідати: Автобусна екскурсія з фотопаузами Берлін крізь часи ( Дорослий: 26€ / Діти до 12 років: 18€ ) Автобусна екскурсія з фотопаузами. Запрошує",600
https://www.accordtour.com/tours/5470,Знайомтесь - Німеччина: Берлін + Потсдам + Дрезден + Саксонська Швейцарія,3,Дрезден – Саксонська Швейцарія – Майсен – Замок Моріцбург,"час. Є можливість відвідати на вибір: Аристократичний Дрезден: 18€; ропи, який не сплутаєш ні з чим. Дрезденська картинна галерея: 16€","Сніданок. Переїзд в Дрезден Вільний час. Є можливість відвідати на вибір: Аристократичний Дрезден ( Дорослий: 18€ / Діти до 16 років: 13€ ) Дрезден — Саксонська перлина на Ельбі. Місто, де мистецтво живе в архітектурі! Розкішна опера Земпера, легендарний Цвінгер з колекціями світового рівня, резиденція династії Веттинів та тераса Брюля ідеальний фон для фото й натхнення. Недарма його називають Флоренцією на Ельбі! А ще — саксонська кухня, вино з характером і шарм старої Європи, який не сплутаєш ні з чим. Дрезденська картинна галерея ( Дорослий: 16€ / Діти: 16€ + вх. квиток) У галереї старих ма",600
https://www.accordtour.com/tours/5470,Знайомтесь - Німеччина: Берлін + Потсдам + Дрезден + Саксонська Швейцарія,4,Вроцлав – Львів,пи ранкова екскурсія: Священна квітка Європи - місто Вроцлав.: 18€; жен знайде частинку своєї мрії. Середньовічна корчма Вроцлава: 26€,"Сніданок. При бажанні групи ранкова екскурсія: Священна квітка Європи - місто Вроцлав. ( Дорослий: 18€ / Діти: 13€ ) В важається одним з найзеленіших міст Польщі, яке вирізняється прекрасною архітектурою і мальовничими куточками. Старе Місто є одним із найкрасивіших в Польщі, чарівна Ратуша зі старовинним сонячним годинником, а площа вроцлавського ринку займає друге за величиною місце, після Краківського. Для більшості це місто чудес, де кожен знайде частинку своєї мрії. Середньовічна корчма Вроцлава ( Дорослий: 26€ / Діти: 21€ ) Ми повністю зануримося в таємничу атмосферу середньовіччя і зага",600
https://www.accordtour.com/tours/6638,"Кращі коліжанки Чеського королівства + SPA релакс Прага, Дрезден, Карлові Вари",1,Львів – Краків – Брно,,"Відправлення в тур Старт нашої подорожі — зі Львова, а саме з площі Двірцевої (ориєнтир -залізничний вокзал). Звідси починається пригода, яку ви точно запам&rsquo;ятаєте: нові місця, сотні фото й море вражень. Переїзд територією України, перетин кордону — і ми вже в Європі! Прибуття в Краків. Екскурсія Краків...Королівський шлях (входить у вартість туру) Краків-місто – вражаюче, красиве і загадкове. Місто художників і музикантів, зі своїми легендами і, звичайно ж, милими польськими жартами. У ньому потрібно зупинитись хоча б на мить... Вавельський пагорб, Кафедральний собор, Двір резиденції. З",600
https://www.accordtour.com/tours/6638,"Кращі коліжанки Чеського королівства + SPA релакс Прага, Дрезден, Карлові Вари",2,Прага,ання! У вільний час рекомендуємо: Таємниці королів – Градчани: 18€,"Сніданок. Екскурсія Зустріч з Прагою (входить у вартість туру) У лабіринтах маленьких вуличок ви поринете в таємничу атмосферу Старого міста. Староміська площа та Астрономічний годинник з небесною механікою на ратуші, Карлова вулиця... І Карлів міст! Потрібно тут зупинитися для того, щоб загадати бажання! У вільний час рекомендуємо: Таємниці королів – Градчани ( Дорослий: 18€ / Діти до 16 років: 13€ , до 6 років: 0€ ) Дізнатися про життя королів і придворних, про палацові інтриги і змови, злочини і покарання, які відбувалися з найсвітліших спонукань – в ім'я віри і держави. Вас чекає Градчансь",600
https://www.accordtour.com/tours/6638,"Кращі коліжанки Чеського королівства + SPA релакс Прага, Дрезден, Карлові Вари",3,Прага – Дрезден – Саксонська Швейцарія – Дрезденська картинна галерея – Чеський Крумлов,Вільний час в Празі. Екскурсії на вибір: Саксонський Дрезден: 38€; Дрездену є можливість відвідати: Дрезденська картинна галерея: 18€,"Сніданок. Вільний час в Празі. Екскурсії на вибір: Саксонський Дрезден ( Дорослий: 38€ / Діти: 30€ ) Протягом семи століть місто було резиденцією герцогів і королів. Дрезден відомий своїми архітектурними ансамблями, скарбами музеїв, колекціями живопису і прекрасною панорамою берегів Ельби. Екскурсія по Старому місту – Театральна площа з Дрезденською оперою в центрі. Розкішні будівлі Цвінгера. При поїздці до Дрездену є можливість відвідати: Дрезденська картинна галерея ( Дорослий: 18€ / Діти до 16 років: 16€ + вх. квиток) У галереї старих майстрів одне з найбільших у світі зібрань живопису XV-X",600
https://www.accordtour.com/tours/6638,"Кращі коліжанки Чеського королівства + SPA релакс Прага, Дрезден, Карлові Вари",4,Прага – Карлові Вари – Замок Чеський Штернберк,ндуємо відвідати екскурсії і програми на вибір: Все про Прагу: 25€; фотопаузы з видом на Прагу. Курортний романс – Карлові Вари: 38€,"Сніданок. Виселення з готелю. Вільний час. Рекомендуємо відвідати екскурсії і програми на вибір: Все про Прагу ( Дорослий: 25€ / Діти до 16 років: 16€ , до 6 років: 0€ ) Автобусна оглядова екскурсія по Празі - самий надійний спосіб познайомитися з чарівним містом. Історія Празької телевежі, найвищий міст Праги – Нусельський, овіяний таємницею Танцюючий будинок, фотопаузы з видом на Прагу. Курортний романс – Карлові Вари ( Дорослий: 38€ / Діти: 30€ + вх. квиток) Далі наш шлях веде в одну з мальовничих долин в Західній Чехії, в курортне місто – Карлові Вари. Це царство мінеральних джерел, лікеру",600
https://www.accordtour.com/tours/6638,"Кращі коліжанки Чеського королівства + SPA релакс Прага, Дрезден, Карлові Вари",5,Львів – Закопане – Буковина Татранська,,"Сніданок. Казка в Закопане (входить у вартість туру) Центр Закопане – вулиця Крупувки (Krupowki) – все крутиться навколо неї: національні ресторанчики – колиби, палатки з сувенірами, брички запряжені кіньми, які в екстравагантній формі познайомлять з дерев'яною архітектурою міста. Прогулянка з супроводжуючим. Для бажаючих Терма Буковина Татранська (Трансфер: 16€ + вх. квиток ) Рекомендуємо відвідати ідеальне місце для відпочинку – водний комплекс Терма Буковина Татранська : дитячі майданчики, гірки, сауни, парні і 12 басейнів з хвилями і течіями – наповнені водою з термальних джерел, температу",600
https://www.accordtour.com/tours/168300,"Вихідні в Італії Флоренція, Рим, Венеція",1,Львів – Будапешт,а 1). Перетин кордону. Для бажаючих Ажурна прикраса Будапешта: 30€,"Відправлення в тур. (Місце відправки: залізничний вокзал м.Львів, площа Двірцева 1). Перетин кордону. Для бажаючих Ажурна прикраса Будапешта ( Дорослий: 30€ / Діти до 16 років: 26€ ) Прогулянка на кораблику з шампанським. Сім мостів служить прикрасою прекрасного Дунаю, які, мов нитки перлів, пов'язують дві частини міста – Буду і Пешт... У воді відображаються величні будівлі: Парламент, Академія наук, Королівський Палац... Нічний переїзд в Італію. <div class=""",463
https://www.accordtour.com/tours/168300,"Вихідні в Італії Флоренція, Рим, Венеція",2,Флоренція – Піза – Галерея Уффіці – Сан-Джиміньяно,,"Пересування по Флоренції - на громадському транспорті (оплачується додатково). Екскурсія Місто італійського шарму - Флоренція (входить у вартість туру) Флоренція - символ епохи Відродження. Її вулиці, площі, палаци та храми прикрашені творіннями великих італійських майстрів. Тут бере свій початок епоха Ренесансу, це місто Мікеланджело і Макіавеллі, місто-скарбниця, повне пам'ятників мистецтва, культури та історії. Ми побачимо шедеври великих майстрів: Площа Синьорії, головний флорентійський собор Санта Марія-дель-Фьорі, дзвіницю Джотто, Баптистерій із прекрасними фресками і золотою ""Брамою раю",600
https://www.accordtour.com/tours/168300,"Вихідні в Італії Флоренція, Рим, Венеція",3,Рим – Ватикан – район Трастевере – Колізей Рим,Всім бажаючим пропонуємо: Держава Ватикан Дотик до вічності: 41€,"Сніданок. (Пересування по Риму - на громадському транспорті) Рим пам ятає багато (входить у вартість туру) Пересування по Риму - на громадському транспорті. Важко знайти на землі людину, у якої при звучанні цього слова перед очима не появляються барвисті образи мощених вулиць, просочених древньою історією, величного Колізею, безліч старовинних храмів, прикрашених руками великих Мікеланджело і Рафаеля&hellip; Всім бажаючим пропонуємо: Держава Ватикан Дотик до вічності ( Дорослий: 41€ / Діти до 16 років: 36€ + вх. квиток) Священний світ мистецтва та релігії... Наш шлях лежить в найменшу країну в",600
https://www.accordtour.com/tours/168300,"Вихідні в Італії Флоренція, Рим, Венеція",4,Венеція – Палац дожів – Гранд Канал – Острови Мурано та Бурано,,"Сніданок. Заручена з морем - Венеція (входить у вартість туру) Нас запрошує красуня на воді, &laquo;заручена з морем&raquo;, - так кажуть про Венецію (додатк. оплач. громадський транспорт - 30&euro;/26&euro;) - найбільш витончене і таємниче місто Італії. Це місто - прекрасна казка, яка застигла в камені. Багато століть майстри і художники прославляли його і прикрашали своїми творами. Тут прекрасно поєднуються розкішні палаци і скромні вузенькі вулички, мовчазні канали та гомінкі ринки. Затишні кафе запрошують нас на ароматну каву, а на площі Сан Марко просто на долоню сідають голуби .... У віл",600
https://www.accordtour.com/tours/168300,"Вихідні в Італії Флоренція, Рим, Венеція",5,Будапешт – Львів,,"Прибуття в Будапешт. Екскурсія Будапешт - перлина Дунаю (входить у вартість туру) О, це місто ... Незабутнє ... Неповторне ... Чарівне ... Будапешт пропонує своїм відвідувачам близьку і знайому європейську культуру, але з особливим угорським ароматом ... Місто з древньою історією, культурою, традиціями, життєва сила якого пульсує в кожному його куточку. Ми вирушимо до духовного центру Будапешта - базиліці Святого Іштвана, потім до грандіозного Парламенту, площі Свободи і до чарівного Ланцюгового мосту, який охороняють величезні кам'яні леви ... Для бажаючих на вибір: Таємнича Буда ( Дорослий: ",600
https://www.accordtour.com/tours/168686,Особливий вікенд: Любляна + Венеція,1,Львів – Будапешт,куточку. Для бажаючих рекомендуємо: Ажурна прикраса Будапешту: 30€,"Відправлення в тур. (Місце відправки: залізничний вокзал м.Львів, площа Двірцева 1) Перетин кордону. Переїзд по території Угорщини. Переїзд в Будапешт. Екскурсія Шарм нічного Будапешта (входить у вартість туру) О, це місто... Незабутнє... Неповторне... Чарівне... Воно пропонує своїм відвідувачам близьку і знайому європейську культуру, але з особливим угорським ароматом... Місто з древньою історією, культурою, традиціями, життєва сила якого пульсує в кожному його куточку. Для бажаючих рекомендуємо: Ажурна прикраса Будапешту ( Дорослий: 30€ / Діти: 26€ ) Річкова прогулянка - незабутня водна подо",600
https://www.accordtour.com/tours/168686,Особливий вікенд: Любляна + Венеція,2,Любляна – Блед,У вільний час рекомендуємо: Альпійська казка – озеро Блед: 38€,"Сніданок. Екскурсія Любляна - Прага в мініатюрі (входить у вартість туру) У цьому дивовижному містечку з дуже багатою історією, неймовірно гармонійно поєднуються як старовинність, так і сучасні споруди, і звичаї. Європейська розкіш містечка тісно переплітається з тендітною і розкішною історією давнини: замки , вузькі вулички, романтика часу і душі - це все Любляна. Тепла, ніжна, сповнена любові. Навіть назва міста говорить сама за себе... У вільний час рекомендуємо: Альпійська казка – озеро Блед ( Дорослий: 38€ / Діти: 30€ + вх. квиток) Чарівне невеличке містечко Блед з мальовничим острівцем с",600
https://www.accordtour.com/tours/168686,Особливий вікенд: Любляна + Венеція,3,Венеція – Острови Мурано та Бурано – Палац дожів – Гранд Канал,,"Сніданок. Ласкаво просимо до Італії. Тут кожен куточок - це вже достоїнство: будь-то спадщина стародавніх римлян, велична спадщина епохи Ренесансу або мальовничі місця, подаровані самою природою... Екскурсія Заручена з морем - Венеція (входить у вартість туру) Нас запрошує красуня на воді, &laquo;заручена з морем&raquo;, - так кажуть про Венецію (додатк. оплач. громадський транспорт - 30&euro;/26&euro;) - найбільш витончене і таємниче місто Італії. Це місто - прекрасна казка, яка застигла в камені. Багато століть майстри і художники прославляли його і прикрашали своїми творами. Тут прекрасно п",600
https://www.accordtour.com/tours/168686,Особливий вікенд: Любляна + Венеція,4,Львів – Егер – купальні Егерсалок,ір: Дегустація егерських вин і смачний гуляш в Долині Красунь: 23€; справжній гуляш! АБО Угорський Памуккале - місто Егерсалок!: 10€,"Сніданок. Переїзд по Угорщині. Для бажаючих на вибір: Дегустація егерських вин і смачний гуляш в Долині Красунь ( Дорослий: 23€ / Діти: 18€ ) Для всіх учасників - найбільш відоме вино - ""Бича кров"" и найбільш приємне - ""Егерська дівчина"". І, звісно, справжній гуляш! АБО Угорський Памуккале - місто Егерсалок! ( Дорослий: 10€ / Діти: 10€ + вх. квиток) Термальні дива Угорщини. для прекрасного відчуття бадьорості –пропонуємо відвідати Велнес-Комплекс. До Ваших послуг незвичайні масажі, розважальні басейни, ексклюзивні сауни, приємні і ніжні ванни ... Повернення в Україну. Час прибуття до Львова ор",600
https://www.accordtour.com/tours/111366,"Соковитий вікенд: Верона, Рим, Венеція!",1,Львів – Будапешт,иці Будапешту - Ваци. Для бажаючих: Ажурна прикраса Будапешту: 30€,"Виїзд в тур відбувається із Львівського залізничного вокзалу. Перетин кордону. Переїзд в Будапешт. Пропонуємо насолодитися чудовими видами набережної Корзо і прогулятися по найвідомішій туристичній пішохідній вулиці Будапешту - Ваци. Для бажаючих: Ажурна прикраса Будапешту ( Дорослий: 30€ / Діти: 26€ ) Річкова прогулянка - незабутня водна подорож по Дунаю... Нічний переїзд в Італію. <div class=""",398
https://www.accordtour.com/tours/111366,"Соковитий вікенд: Верона, Рим, Венеція!",2,Верона – озеро Гарда – парк розваг Гардаленд – Соаве,,"Наше знайомство з Італією ми починаємо зі «Столиці романтиків і закоханих». Столиця романтиків і закоханих (входить у вартість туру) Верону називають містом вічної любові і шедевром італійської архітектури. Потрапивши сюди, відчуваєш свою причетність до Великого і Вічного. Це місто підкорить нас давньоримським амфітеатром &laquo;Арена&raquo;, який є третім за величиною в світі, фортецею Скаліджерів, гідної справжньої принцеси і прекрасного принца, і звичайно, будинком Джульєтти, стіни якого на висоту в два людські зрости рясніють зворушливими записками - від тих, хто знайшов, шукає або втратив",600
https://www.accordtour.com/tours/111366,"Соковитий вікенд: Верона, Рим, Венеція!",3,Рим – Ватикан – район Трастевере – Колізей Рим,Всім бажаючим пропонуємо: Держава Ватикан Дотик до вічності: 41€,"Сніданок. Переїзд в Рим. Рим пам ятає багато (входить у вартість туру) Пересування по Риму - на громадському транспорті. Важко знайти на землі людину, у якої при звучанні цього слова перед очима не появляються барвисті образи мощених вулиць, просочених древньою історією, величного Колізею, безліч старовинних храмів, прикрашених руками великих Мікеланджело і Рафаеля&hellip; Всім бажаючим пропонуємо: Держава Ватикан Дотик до вічності ( Дорослий: 41€ / Діти до 16 років: 36€ + вх. квиток) Священний світ мистецтва та релігії... Наш шлях лежить в найменшу країну в світі, яка розмістилася на територі",600
https://www.accordtour.com/tours/111366,"Соковитий вікенд: Верона, Рим, Венеція!",4,Венеція – Палац дожів – Гранд Канал – Острови Мурано та Бурано,,"Сніданок. Заручена з морем - Венеція (входить у вартість туру) Нас запрошує красуня на воді, &laquo;заручена з морем&raquo;, - так кажуть про Венецію (додатк. оплач. громадський транспорт - 30&euro;/26&euro;) - найбільш витончене і таємниче місто Італії. Це місто - прекрасна казка, яка застигла в камені. Багато століть майстри і художники прославляли його і прикрашали своїми творами. Тут прекрасно поєднуються розкішні палаци і скромні вузенькі вулички, мовчазні канали та гомінкі ринки. Затишні кафе запрошують нас на ароматну каву, а на площі Сан Марко просто на долоню сідають голуби .... У віл",600
https://www.accordtour.com/tours/111366,"Соковитий вікенд: Верона, Рим, Венеція!",5,Будапешт – Егер – Купальні Сечені – Львів,д бадьорості і енергії на цілий день! Будапешт з гори Геллерт: 18€,"Прибуття в Будапешт. Вранці запрошуємо відвідати термальні купальні графа Сечені (вх. квиток) - заряд бадьорості і енергії на цілий день! Будапешт з гори Геллерт ( Дорослий: 18€ / Діти: 18€ ) У Будапешті створені всі умови для любителів фотографій. Таке враження, що ще на етапі будівництва фортеці в Буді угорський король Бела IV прорахував майбутній винахід техніки і зрозумів, що з Будайського пагорба, а особливо з гори Геллерт, буде дуже хороший вид на Пешт, мости і Дунай що зникає в далечінь. Тут все місто як на долоні! Орієнтовний час прибуття до Львова 23:00. Місце прибуття у Львові - залі",600
https://www.accordtour.com/tours/5594,Під прапором Греції... Салоніки + Метеори + Афіни,1,Львів – Бухарест,,"Виїзд в тур відбувається із Львівського залізничного вокзалу. Перетин кордону. Ночівля на території Румунії. <div class=""",121
https://www.accordtour.com/tours/5594,Під прапором Греції... Салоніки + Метеори + Афіни,2,Бухарест,,"Сніданок. Екскурсія Місто парадоксів і контрастів, Бухарест (входить у вартість туру) поєднує в собі традиції Заходу і Сходу, що надає йому особливого, неповторного колориту. Оглядова екскурсія по місту: площа Конституції, площа Революції, монумент Відродження і будівля уряду. Напроти нього розташований палац першого румунського короля Карла Першого, у якому розташований Музей мистецтв. Переїзд по території Болгарії. Переїзд в Грецію. Ночівля. <div class=""",460
https://www.accordtour.com/tours/5594,Під прапором Греції... Салоніки + Метеори + Афіни,3,Салоніки – Вергина – Лутра Позар,ь затокою Термаїкос. Вільний час. Для бажаючих: Грецькі Альпи: 46€,"Сніданок. Екскурсія ""Наречена півночі - Салоніки"" (входить у вартість туру) Ласкаво просимо у світ Древньої Еллади! Запрошуємо на екскурсію ""Наречена півночі - Салоніки"" . Місто трьох цивілізацій - Елліністичної, Римської та Візантійської, перехрестя епох і торгових шляхів. Ми побачимо тріумфальну арку, Ротонду, символ міста - ""Білу вежу"", надзвичайно красивий храм Святого Дмитра - покровителя Салонік. Побачимо Акрополь і Старе Місто... У нас буде можливість прогулятися по набережній і помилуватись затокою Термаїкос. Вільний час. Для бажаючих: Грецькі Альпи ( Дорослий: 46€ / Діти: 36€ + вх. кв",600
https://www.accordtour.com/tours/5594,Під прапором Греції... Салоніки + Метеори + Афіни,4,Метеори,Сніданок. Всім бажаючим пропонуємо: Між небом і землею: 51€,"Сніданок. Всім бажаючим пропонуємо: Між небом і землею ( Дорослий: 51€ / Діти до 16 років: 43€ + вх. квиток) Над Фессалійською долиною, покритою садами і гаями, зметнулися вгору величезні кам'яні брили. Це унікальний пам'ятник Візантійської епохи - Святі Метеори . Промениста монастирська держава, побудована на гігантських обривистих скелях, велично спрямованих в небо до Творця .... Круті стежки ведуть на вершини скель, звідки відкриваються захоплюючі види на долину річки Піньос і виникає непередаване відчуття, що сполучає в собі страх і захоплення .... Відвідування двох діючих монастирів, де м",600
https://www.accordtour.com/tours/5594,Під прапором Греції... Салоніки + Метеори + Афіни,5,Афіни – Акрополь,ігає своє місто... Всім бажаючим пропонуємо: Древній Акрополь: 18€,"Сніданок. Переїзд в Афіни. Екскурсія Мудрість Афіни (входить у вартість туру) Дивовижне місто, з яким пов'язана доля Греції. Країна переживала періоди розквіту і занепаду, величі і приниження, але святі гори і круті схили, древні храми і амфітеатри зберегли ту первозданну красу, яка залишилась недоторканою багато століть. Напевно, грецька богиня Афіна все ще зберігає своє місто... Всім бажаючим пропонуємо: Древній Акрополь ( Дорослий: 18€ / Діти: 18€ + вх. квиток) Продовжиться наше знайомство з Афінами оглядом древнього Акрополя. Це одна з визначних пам'яток мистецтва, яка готова представити н",600
https://www.accordtour.com/tours/5594,Під прапором Греції... Салоніки + Метеори + Афіни,6,Афіни – Арголіда – Мікени – Нафпліон – Епідавр – Пелопоннес – мис Суніон – озеро Вуліагмені,Сніданок. Вільний час. Для бажаючих: В Греції є все: 43€,"Сніданок. Вільний час. Для бажаючих: В Греції є все ( Дорослий: 43€ / Діти: 38€ + вх. квиток) Наш шлях лежить на південь, на півострів Пелопоннес . Стародавні греки мріяли відкрити новий торговий шлях і через століття, вручну, був проритий Коринфський канал. Якщо встати на містку посередині каналу, відкриється незвичайний вигляд: прямовисні скелі і далеко - далеко смарагдово-зелена вода - просто дух захоплює. Ми познайомимося з перлинами Арголіди. Нас чекають Мікени - місто скарбів, свідоцтво доісторичної розкоші і величі Греції. Далі - мальовниче містечко Нафпліон . І завершимо своє знайомств",600
https://www.accordtour.com/tours/5594,Під прапором Греції... Салоніки + Метеори + Афіни,7,Олімп – Діон,ніданок. Вільний час. Для бажаючих: Погляд на Грецію з Олімпу: 33€,"Сніданок. Вільний час. Для бажаючих: Погляд на Грецію з Олімпу ( Дорослий: 33€ / Діти до 16 років: 26€ + вх. квиток) Із стародавніх міфів ми пам'ятаємо, що 12 грецьких богів живуть на Олімпі. У такому недоступному місці боги поселились, щоб люди не мучили їх своїми проханнями. І сьогодні є можливість поглянути на справжнє житло богів. Спочатку нас чекає древнє місто Діон . Археологічний комплекс, де ми побачимо святилище Деметри і Великої Ісіди, античний Одеон, римські лазні і &laquo;палац Діоніса&raquo; - покровителя виноградної лози, веселощів і танців. Далі - легендарна гора Олімп . Автобус",600
https://www.accordtour.com/tours/5594,Під прапором Греції... Салоніки + Метеори + Афіни,8,Бухарест – Львів,,"Сніданок. Перетин кордонів. Час прибуття до Львова орієнтовно 23:00 (залежить від проходження кордону). До нових зустрічей! <div class=""",136
https://www.accordtour.com/tours/1118341,Любовне зізнання: Відень + Прага!,1,Львів – Брно,двідати. Ввечері пропонуємо екскурсію: Брно - столиця Моравії: 18€,"Збір групи на залізничному вокзалі. Відправлення в тур. (Місце відправки: залізничний вокзал м.Львів, площа Двірцева 1). Перетин кордону. При швидкому проходженні кордону і бажанні групи можливість відвідати. Ввечері пропонуємо екскурсію: Брно - столиця Моравії ( Дорослий: 18€ / Діти до 16 років: 18€ ) Це прекрасне чеське містечко храмів і монастирів, воно не схоже на інші чеські міста і тому дуже цікаве. Тут особливі люди, особливі характери, манера одягатись та й діалект інший - моравський... Це місто багате легендами та історичними пам'ятками. Переїзд в готель. Поселення і ночівля. <div cla",600
https://www.accordtour.com/tours/1118341,Любовне зізнання: Відень + Прага!,2,Прага – Градчани,час рекомендуємо відвідати: Прогулянка на кораблику по Влтаві: 38€,"Сніданок. Пішохідна екскурсія Екскурсія Прага – місто легенд (входить у вартість туру) Прага вважається одним з найкрасивіших міст Європи, яке багато століть захоплює і не перестає дивувати!!! Староміська площа та Астрономічний годинник, чудовий храм Діви Марії перед Тином, легендарний Карлів міст, Золота вуличка, Вацлавська площа, Карлова вулиця... Всього й не перерахувати! Усю цю красу ми, безсумнівно, бачили на картинках, чули про них, але, мабуть, досить мріяти, пора все це побачити своїми очима... У вільний час рекомендуємо відвідати: Прогулянка на кораблику по Влтаві ( Дорослий: 38€ / Ді",600
https://www.accordtour.com/tours/1118341,Любовне зізнання: Відень + Прага!,3,Відень – Прага,уємо відвідати: Королівський відпочинок – курорт Карлові Вари: 30€; ю музикою курортних оркестрів... Кутна Гора і замок Штейнберг: 36€,"Сніданок. Вільний час в Празі У вільний час рекомендуємо відвідати: Королівський відпочинок – курорт Карлові Вари ( Дорослий: 30€ / Діти: 26€ ) Наш шлях веде в одну з мальовничих долин в Західній Чехії, в курортне місто – Карлові Вари. Це царство мінеральних джерел, лікеру Бехеровка, скла та порцеляни. Місто з чудовою архітектурою, спокійним дзюрчанням води, солодким запахом вафель та романтичною музикою курортних оркестрів... Кутна Гора і замок Штейнберг ( Дорослий: 36€ / Діти: 30€ ) Це старовинне місто срібних рудокопів із затишними маленькими будиночками, кам'яною бруківкою та магазинчиками",600
https://www.accordtour.com/tours/1118341,Любовне зізнання: Відень + Прага!,4,Відень – Вахау,нуємо відвідати на вибір: Автобусна екскурсія Величний Відень: 26€,"Сніданок. Вільний день у Відні. У вільний час пропонуємо відвідати на вибір: Автобусна екскурсія Величний Відень ( Дорослий: 26€ / Діти до 16 років: 21€ , до 5 років: 0€ ) Таємниче середньовіччя, блискуче 19 століття, круговорот музики, історії, мистецтва – все це Відень, неповторний і прекрасний! ""Це моя воля!"" – цими словами імператор Франц Йосиф розпорядився про будівництво Рінгштрассе, де велично розташувалися будівлі Парламенту, Ратуші, Бургтеатра. Ми також побачимо найвеселішу пам'ятку – химерний будинок Хундертвасер! А на завершення екскурсії – ""відвідаємо"" принца Євгенія Савойського і ",600
https://www.accordtour.com/tours/1118341,Любовне зізнання: Відень + Прага!,5,Львів,отелю. Переїзд в Угорщину. Запрошуємо відвідати Таємнича Буда: 18€; ський Палац! Дегустація вин та смачний гуляш в Долині Красунь: 25€,"Ранній сніданок Виселення з готелю. Переїзд в Угорщину. Запрошуємо відвідати Таємнича Буда ( Дорослий: 18€ / Діти до 16 років: 13€ , до 6 років: 0€ ) Один з самих романтичних та старовинних куточків Будапешта... Ніби маленьке середньовічне місто з мальовничими вуличками і стародавніми будівлями... Будайська фортеця, Рибацький бастіон, собор св. Матяша, пам'ятник Святій Трійці і... сам Королівський Палац! Дегустація вин та смачний гуляш в Долині Красунь ( Дорослий: 25€ / Діти до 16 років: 18€ ) Рекомендуємо дегустацію егерських вин і смачний гуляш в Долині Красунь!!! Найвідоміше вино – ""Бича Кр",600
https://www.accordtour.com/tours/8167/vsi_avtobusni_tury/avstriia,"Мелодії Альп... Швейцарія, Баварія, Австрія",1,Львів – Краків,,"Відправлення в тур Старт нашої подорожі — зі Львова, а саме з площі Двірцевої (ориєнтир -залізничний вокзал). Звідси починається пригода, яку ви точно запам&rsquo;ятаєте: нові місця, сотні фото й море вражень. Переїзд територією України, перетин кордону — і ми вже в Європі! Екскурсія Милий серцю Краків (входить у вартість туру) Ми побачимо затишні і романтичні куточки Кракова , почуємо історії закоханих принцес і королів. Дізнаємось про таємниці королівських весіль і веселе життя краківських художників. Місто з чудовою атмосферою, добрими людьми і багатою історією. Місто, де навіть ангели зако",600
https://www.accordtour.com/tours/8167/vsi_avtobusni_tury/avstriia,"Мелодії Альп... Швейцарія, Баварія, Австрія",2,Мюнхен – Замок Нойшванштайн,їзд по Німеччині. За бажанням групи. Мюнхен – Легенда Баварії: 30€; доп. оплата). Баварська кухня...: 33€,"Сніданок. Переїзд по Німеччині. За бажанням групи. Мюнхен – Легенда Баварії ( Дорослий: 30€ / Діти до 16 років: 21€ ) Нас запрошує ""Німецький Рим"" – місто з чудовою атмосферою гостинності, по якому хочеться блукати з ранку до ночі. Ніде в Німеччині так не оберігають народні традиції, як тут, і навіть національні костюми носять не тільки у свята. Мюнхен славиться дивовижною історією, всесвітньо відомим пивом, смаженими ковбасками і найбільшим в світі святом ""Октоберфест"". Можливо відвідати музей BMW (доп. оплата). Баварська кухня... ( Дорослий: 33€ / Діти до 16 років: 28€ , до 5 років: 0€ ) Ми ",600
https://www.accordtour.com/tours/8167/vsi_avtobusni_tury/avstriia,"Мелодії Альп... Швейцарія, Баварія, Австрія",3,Вадуц – Рейнський водоспад – Цюрих – Люцерн,,"Сніданок. Переїзд в Швейцарію. Швейцарія - це рай, її уявляють по-різному і лише опинившись тут кожен знаходить те, що шукав. Сьогодні нас чекають Заповітні куточки Швейцарії: прекрасні гори із засніженими вершинами, альпійські луки, глибокі озера, затишні шалле і святкові альпійські будиночки. Екскурсія Неповторний Цюрих (входить у вартість туру) Цюрих - стильне серце Швейцарії, де фінансовий престиж поєднується з альпійським спокоєм. Тут життя пульсує на елегантній Банхофштрассе, а поруч — блиск Цюрихського озера й краєвиди засніжених вершин. Вуличні музиканти, дизайнерські бутики, старовинн",600
https://www.accordtour.com/tours/8167/vsi_avtobusni_tury/avstriia,"Мелодії Альп... Швейцарія, Баварія, Австрія",4,Зальцбург – Гальштат – фортеця Гогензальцбург,их рекомендуємо відвідати: Озерний рай – долина Зальцкамергут: 46€,"Сніданок. Переїзд до Зальцбургу. Екскурсія Зальцбург – звуки музики (входить у вартість туру) Зальцбург — альпійська казка, де звучить музика Моцарта і живе дух бароко. Його називають північною Флоренцією за велич і витонченість. Тут — палаци, собори, фонтани, сади й атмосфера мистецтва, яка проникає в кожен крок. Це місто, яке хочеться не просто побачити — а відчути. Вільний час. Для бажаючих рекомендуємо відвідати: Озерний рай – долина Зальцкамергут ( Дорослий: 46€ / Діти до 16 років: 36€ , до 5 років: 0€ ) Понад 50 кришталево чистих озер, альпійські містечка з пастельними фасадами та пейзаж",600
https://www.accordtour.com/tours/8167/vsi_avtobusni_tury/avstriia,"Мелодії Альп... Швейцарія, Баварія, Австрія",5,Львів – Відень – Катовіце,ніданок. При бажанні групи і наявності часу. Віденський вальс: 18€; еличне місто зачаровує шармом і витонченістю. Величний Відень: 26€,"Сніданок. При бажанні групи і наявності часу. Віденський вальс ( Дорослий: 18€ / Діти до 16 років: 13€ , до 5 років: 0€ ) Відень – місто музики і великих композиторів, місто чаруюче і прекрасне... Його заслужено називають серцем Європи. Це надзвичайне місто! – Вузькі середньовічні вулички, широкі імперські площі... Ми прогуляємося по самому серцю Відня. Величне місто зачаровує шармом і витонченістю. Величний Відень ( Дорослий: 26€ / Діти до 16 років: 21€ , до 5 років: 0€ ) Таємниче середньовіччя, блискуче 19 століття, круговорот музики, історії, мистецтва – все це Відень, неповторний і прекрас",600
https://www.accordtour.com/tours/8331,"Чао, Італія! 2 дні в Римі + Флоренція і Венеція!",1,Львів – Будапешт,в будні! Всім бажаючим пропонуємо: Ажурна прикраса Будапешту: 30€,"Виїзд в тур відбувається із Львівського залізничного вокзалу. Перетин кордону. Переїзд по території Угорщини. Переїзд в Будапешт. Екскурсія Шарм нічного Будапешту (входить у вартість туру) Ми проведемо вільний час в улюбленому місці прогулянок угорської знаті - набережній Корзо і фешенебельній вулиці Ваци. Тут Пешт ошатний, святковий навіть в будні! Всім бажаючим пропонуємо: Ажурна прикраса Будапешту ( Дорослий: 30€ / Діти: 26€ ) Річкова прогулянка - незабутня водна подорож по Дунаю... Поселення в готелі. Ночівля. <div class=""",532
https://www.accordtour.com/tours/8331,"Чао, Італія! 2 дні в Римі + Флоренція і Венеція!",2,Любляна – Блед,,"Сніданок. Переїзд в Словенію. Екскурсія Привітна Любляна – затишна і мила (входить у вартість туру) Столиця Словенії Любляна - невелике, але дуже гарне місто, розташоване на обох берегах ріки Любляниці. На правому березі ріки лежить Старе місто, на лівому – парадні будівлі минулого століття. Мабуть, саме знамените місце в Любляні – Люблінський Град – старий замок, зведений ще в 10-11 століттях. Найбільш центральною частиною Любляни є Тримістя – три пішохідних мости, перекинуті через ріку Любляницю і прикрашені драконами... Словенці і, звичайно, мешканці столиці дуже любять своє місто, і справе",600
https://www.accordtour.com/tours/8331,"Чао, Італія! 2 дні в Римі + Флоренція і Венеція!",3,Піза – Флоренція – Галерея Уффіці,,"Сніданок. Переїзд в Флоренцію. Пересування по Флоренції - на громадському транспорті. Екскурсія Місто італійського шарму - Флоренція (входить у вартість туру) Флоренція – це не просто італійське місто, це – сама Італія. Флоренція дивовижно гармонійно поєднує у собі велич та помпезність Риму, романтичність Венеції, могутність Ватикану, спокій та затишок Верони. Флоренція – це батьківщина епохи Відродження, це &laquo;Давид&raquo; Мікеланджело та &laquo;Венера&raquo; Ботічеллі, це площа Сеньйорії та &laquo;Ворота раю&raquo; , це дзвіниця Джотто та Понте-Веккьо. Здається, що духом мистецтва прониз",600
https://www.accordtour.com/tours/8331,"Чао, Італія! 2 дні в Римі + Флоренція і Венеція!",4,Ватикан – Рим – район Трастевере,ендуємо відвідати на вибір: Держава Ватикан Дотик до вічності: 41€,"Сніданок. Переїзд в Рим. Пересування по Риму - на громадському транспорті. Екскурсія Оглядова екскурсія Рим пам ятає багато (входить у вартість туру) Важко знайти на землі людину, у якої при звучанні цього слова перед очима не з'являються барвисті образи мощених вулиць, просочених древньою історією, безлічі старовинних храмів, прикрашених руками великих Мікеланджело і Рафаеля... У вільний час рекомендуємо відвідати на вибір: Держава Ватикан Дотик до вічності ( Дорослий: 41€ / Діти до 16 років: 36€ + вх. квиток) Священний світ мистецтва та релігії... Наш шлях лежить в найменшу країну в світі, я",600
https://www.accordtour.com/tours/8331,"Чао, Італія! 2 дні в Римі + Флоренція і Венеція!",5,Рим – Колізей Рим – Тіволі – Неаполь – Помпеї,о факультативні екскурсії на вибір: Колізей - стародавній Рим: 23€; асне вічне місто... Колиска італійського Відродження – Тіволі: 33€,"Сніданок. Вільний день в Римі. Пропонуємо факультативні екскурсії на вибір: Колізей - стародавній Рим ( Дорослий: 23€ / Діти: 23€ + вх. квиток) Грандіозний Колізей - колись амфітеатр для гладіаторських битв, сьогодні символ величі і могутності міста, Римський і Імператорський Форуми, Капітолійський пагорб - священне місце богів - ціль усіх непереможних полководців. Ми дізнаємося історію Древнього Риму, таємниці і легенди, що зберігає в собі це прекрасне вічне місто... Колиска італійського Відродження – Тіволі ( Дорослий: 33€ / Діти до 16 років: 30€ + вх. квиток) Два тисячоліття тому по тутешні",600
https://www.accordtour.com/tours/8331,"Чао, Італія! 2 дні в Римі + Флоренція і Венеція!",6,Венеція – Палац дожів,,"Сніданок. Екскурсія Заручена з морем - Венеція (входить у вартість туру) Нас запрошує красуня на воді, &laquo;заручена з морем&raquo;, - так кажуть про Венецію (додатк. оплач. громадський транспорт - 30&euro;/26&euro;) - найбільш витончене і таємниче місто Італії. Це місто - прекрасна казка, яка застигла в камені. Багато століть майстри і художники прославляли його і прикрашали своїми творами. Тут прекрасно поєднуються розкішні палаци і скромні вузенькі вулички, мовчазні канали та гомінкі ринки. Затишні кафе запрошують нас на ароматну каву, а на площі Сан Марко просто на долоню сідають голуби ",600
https://www.accordtour.com/tours/8331,"Чао, Італія! 2 дні в Римі + Флоренція і Венеція!",7,Львів – Будапешт,ок. Переїзд по Угорщині. Для бажаючих на вибір: Таємнича Буда: 18€; ський Палац! Дегустація вин та смачний гуляш в Долині Красунь: 25€,"Сніданок. Переїзд по Угорщині. Для бажаючих на вибір: Таємнича Буда ( Дорослий: 18€ / Діти до 16 років: 13€ , до 6 років: 0€ ) Один з самих романтичних та старовинних куточків Будапешта... Ніби маленьке середньовічне місто з мальовничими вуличками і стародавніми будівлями... Будайська фортеця, Рибацький бастіон, собор св. Матяша, пам'ятник Святій Трійці і... сам Королівський Палац! Дегустація вин та смачний гуляш в Долині Красунь ( Дорослий: 25€ / Діти до 16 років: 18€ ) Рекомендуємо дегустацію егерських вин і смачний гуляш в Долині Красунь!!! Найвідоміше вино – ""Бича Кров"", а найприємніше – """,600
https://www.accordtour.com/tours/8300,Секрет вічності&hellip; Рим + Флоренція і Венеція,1,Львів – Будапешт,удапешт. Для бажаючих рекомендуємо: Ажурна прикраса Будапешту: 30€,"Виїзд в тур відбувається із Львівського залізничного вокзалу. Переїзд в Будапешт. Для бажаючих рекомендуємо: Ажурна прикраса Будапешту ( Дорослий: 30€ / Діти: 26€ ) Річкова прогулянка - незабутня водна подорож по Дунаю... Нічний переїзд. <div class=""",250
https://www.accordtour.com/tours/8300,Секрет вічності&hellip; Рим + Флоренція і Венеція,2,Венеція – Палац дожів – Острови Мурано та Бурано – Лідо Ді Єзоло,,"Сніданок. Прибуття в Лідо ді Єзоло. Відпочинок на морі. Екскурсія Заручена з морем - Венеція (входить у вартість туру) Нас запрошує красуня на воді, &laquo;заручена з морем&raquo;, - так кажуть про Венецію (додатк. оплач. громадський транспорт - 30&euro;/26&euro;) - найбільш витончене і таємниче місто Італії. Це місто - прекрасна казка, яка застигла в камені. Багато століть майстри і художники прославляли його і прикрашали своїми творами. Тут прекрасно поєднуються розкішні палаци і скромні вузенькі вулички, мовчазні канали та гомінкі ринки. Затишні кафе запрошують нас на ароматну каву, а на пл",600
https://www.accordtour.com/tours/8300,Секрет вічності&hellip; Рим + Флоренція і Венеція,3,Рим – район Трастевере – Колізей Рим,аеля... У вільний час рекомендуємо: Стародавній Рим - Колізей: 23€,"Сніданок. Пересування по Риму - на громадському транспорті. Екскурсія Оглядова екскурсія Рим пам ятає багато (входить у вартість туру) Важко знайти на землі людину, у якої при звучанні цього слова перед очима не з'являються барвисті образи мощених вулиць, просочених древньою історією, безлічі старовинних храмів, прикрашених руками великих Мікеланджело і Рафаеля... У вільний час рекомендуємо: Стародавній Рим - Колізей ( Дорослий: 23€ / Діти: 23€ + вх. квиток) Протягом багатьох століть символом величчі та могутності Риму був Колізей . Це місце не мало собі рівних за напруженням пристрастей, що к",600
https://www.accordtour.com/tours/8300,Секрет вічності&hellip; Рим + Флоренція і Венеція,4,Тіволі – Ватикан – Орвєто – Рим,екскурсії на вибір: Колиска італійського Відродження – Тіволі: 33€,"Сніданок. Вільний день в Римі. Пропонуємо факультативні екскурсії на вибір: Колиска італійського Відродження – Тіволі ( Дорослий: 33€ / Діти до 16 років: 30€ + вх. квиток) Два тисячоліття тому по тутешніх гаях гуляли імператори, аристократи і філософи. Тіволі був улюбленим місцем відпочинку древніх римлян, яких приваблювали чиста вода, сірчані джерела і краса місцевих пейзажів. Нас чекає знаменита вілла кардинала д'Есте. Величезний парк, вікові дерева і багатоголосся &laquo;п&rsquo;ятисот фонтанів&raquo;! Віллу д&rsquo;Есте вважають одним із найвдаліших у світі втілень садово-паркового мистецт",600
https://www.accordtour.com/tours/8300,Секрет вічності&hellip; Рим + Флоренція і Венеція,5,Неаполь – вулкан Везувій – Помпеї – Капрі – Сорренто – Рим,Римі. Пропонуємо факультативну екскурсію: Екскурсія в Неаполь: 65€,"Сніданок. Вільний день у Римі. Пропонуємо факультативну екскурсію: Екскурсія в Неаполь ( Дорослий: 65€ / Діти до 16 років: 58€ ) Найсуперечливіше місто Італії – Неаполь . Це місто поєднує в собі благополуччя і бідність, бурхливий розвиток і традиційний дух країни. Кажуть, що навіть італійці з півночі приїжджають сюди, щоб відчути дух колишньої Італії. Його або люблять, або ненавидять. В нього або закохуються з першого погляду, або згадують про нього із роздратуванням. Але його потрібно побачити, почути звуки міста, вдихнути повітря вулиць, таких різних і непередбачуваних, подивитися на синю гл",600
https://www.accordtour.com/tours/8300,Секрет вічності&hellip; Рим + Флоренція і Венеція,6,Флоренція – Піза,,"Сніданок. (Пересування по Флоренції - на громадському транспорті) Екскурсія Місто італійського шарму - Флоренція (входить у вартість туру) Флоренція - символ епохи Відродження. Її вулиці, площі, палаци та храми прикрашені творіннями великих італійських майстрів. Тут бере свій початок епоха Ренесансу, це місто Мікеланджело і Макіавеллі, місто-скарбниця, повне пам'ятників мистецтва, культури та історії. Ми побачимо шедеври великих майстрів: Площа Синьорії, головний флорентійський собор Санта Марія-дель-Фьорі, дзвіницю Джотто, Баптистерій із прекрасними фресками і золотою ""Брамою раю"". Ось вона -",600
https://www.accordtour.com/tours/8300,Секрет вічності&hellip; Рим + Флоренція і Венеція,7,Егер – Львів,мо: Дегустація егерських вин і смачний гуляш в Долині Красунь: 23€,"Для бажаючих рекомендуємо: Дегустація егерських вин і смачний гуляш в Долині Красунь ( Дорослий: 23€ / Діти: 18€ ) Для всіх учасників - найбільш відоме вино - ""Бича кров"" и найбільш приємне - ""Егерська дівчина"". І, звісно, справжній гуляш! Перетин кордонів. Час прибуття до Львова орієнтовно 23:00 (залежить від проходження кордону). Місце прибуття у Львові - залізничний вокзал. До нових зустрічей! <div class=""",412
https://www.accordtour.com/tours/110138,"Таємнича Греція: Салоніки, Афіни, Метеори",1,Одеса,,"Виїзд з Одеси (можливе приєднання до групи в Ізмаїлі). Перетин кордону. Нічний переїзд в Грецію. <div class=""",109
https://www.accordtour.com/tours/110138,"Таємнича Греція: Салоніки, Афіни, Метеори",2,Салоніки – Вергина – Арідея,,"Ласкаво просимо в Грецію! Екскурсія ""Наречена Півночі - Салоніки"" (входить у вартість туру) Запрошуємо ознайомитись з містом, де життя б'є ключем протягом усього року. Салоніки - місто трьох цивілізацій - Елліністичної, Римської та Візантійської, перехрестя епох і торгових шляхів. Нас чекають основні визначні пам'ятки: &laquo;Біла вежа&raquo;, що стала символом міста, Ротонда і Тріумфальна арка, Храм Святого Димитрія, покровителя міста, пам'ятник Олександра Македонського ... Ми побуваємо в мальовничому районі старого міста, побачимо візантійські кріпосні стіни. Вільний час. Для бажаючих: Прогу",600
https://www.accordtour.com/tours/110138,"Таємнича Греція: Салоніки, Афіни, Метеори",3,Метеори,Сніданок. Вільний час. Для бажаючих: Між небом і землею: 51€,"Сніданок. Вільний час. Для бажаючих: Між небом і землею ( Дорослий: 51€ / Діти до 16 років: 43€ + вх. квиток) Над Фессалійською долиною, покритою садами і гаями, зметнулися вгору величезні кам'яні брили. Це унікальний пам'ятник Візантійської епохи - Святі Метеори . Промениста монастирська держава, побудована на гігантських обривистих скелях, велично спрямованих в небо до Творця .... Круті стежки ведуть на вершини скель, звідки відкриваються захоплюючі види на долину річки Піньос і виникає непередаване відчуття, що сполучає в собі страх і захоплення .... Відвідування двох діючих монастирів, де ",600
https://www.accordtour.com/tours/110138,"Таємнича Греція: Салоніки, Афіни, Метеори",4,Афіни – Акрополь – Парфенон,ігає своє місто... Всім бажаючим пропонуємо: Древній Акрополь: 18€,"Сніданок. Екскурсія Мудрість Афіни (входить у вартість туру) Дивовижне місто, з яким пов'язана доля Греції. Країна переживала періоди розквіту і занепаду, величі і приниження, але святі гори і круті схили, древні храми і амфітеатри зберегли ту первозданну красу, яка залишилась недоторканою багато століть. Напевно, грецька богиня Афіна все ще зберігає своє місто... Всім бажаючим пропонуємо: Древній Акрополь ( Дорослий: 18€ / Діти: 18€ + вх. квиток) Продовжиться наше знайомство з Афінами оглядом древнього Акрополя. Це одна з визначних пам'яток мистецтва, яка готова представити нашому погляду так",600
https://www.accordtour.com/tours/110138,"Таємнича Греція: Салоніки, Афіни, Метеори",5,Мікени – Нафпліон – Пелопоннес – Епідавр – Арголіда,Сніданок. Вільний день. В Греції є все: 43€,"Сніданок. Вільний день. В Греції є все ( Дорослий: 43€ / Діти: 38€ + вх. квиток) Наш шлях лежить на південь, на півострів Пелопоннес . Стародавні греки мріяли відкрити новий торговий шлях і через століття, вручну, був проритий Коринфський канал. Якщо встати на містку посередині каналу, відкриється незвичайний вигляд: прямовисні скелі і далеко - далеко смарагдово-зелена вода - просто дух захоплює. Ми познайомимося з перлинами Арголіди. Нас чекають Мікени - місто скарбів, свідоцтво доісторичної розкоші і величі Греції. Далі - мальовниче містечко Нафпліон . І завершимо своє знайомство з Арголідою",600
https://www.accordtour.com/tours/110138,"Таємнича Греція: Салоніки, Афіни, Метеори",6,Олімп,ьний час. Всім бажаючим пропонуємо: Погляд на Грецію з Олімпу: 30€,"Сніданок. Вільний час. Всім бажаючим пропонуємо: Погляд на Грецію з Олімпу ( Дорослий: 30€ / Діти до 16 років: 23€ + вх. квиток) Із стародавніх міфів ми пам'ятаємо, що 12 грецьких богів живуть на Олімпі. У такому недоступному місці боги поселились, щоб люди не мучили їх своїми проханнями. І сьогодні є можливість поглянути на справжнє житло богів. Спочатку нас чекає древнє місто Діон . Археологічний комплекс, де ми побачимо святилище Деметри і Великої Ісіди, античний Одеон, римські лазні і &laquo;палац Діоніса&raquo; - покровителя виноградної лози, веселощів і танців. Далі - легендарна гора Олі",600
https://www.accordtour.com/tours/110138,"Таємнича Греція: Салоніки, Афіни, Метеори",7,Ізмаїл – Одеса,,"Орієнтовний час прибуття (залежить від проходження кордону) до Ізмаїлу – 15:00, до Одеси – 19:00. До нових зустрічей! <div class=""",130
https://www.accordtour.com/tours/8327,"Скажемо &laquo;чііііз&raquo; в Італії: 3 дні в Римі + Неаполь, Флоренція і Венеція",1,Львів – Будапешт,иці Будапешту - Ваци. Для бажаючих: Ажурна прикраса Будапешту: 30€,"Виїзд в тур відбувається із Львівського залізничного вокзалу. Перетин кордону. Переїзд в Будапешт. Пропонуємо насолодитися чудовими видами набережної Корзо і прогулятися по найвідомішій туристичній пішохідній вулиці Будапешту - Ваци. Для бажаючих: Ажурна прикраса Будапешту ( Дорослий: 30€ / Діти: 26€ ) Річкова прогулянка - незабутня водна подорож по Дунаю... Поселення у готель по маршруту. Ночівля. <div class=""",414
https://www.accordtour.com/tours/8327,"Скажемо &laquo;чііііз&raquo; в Італії: 3 дні в Римі + Неаполь, Флоренція і Венеція",2,Трієст – Мірамаре,,"Сніданок. Переїзд в Італію. Екскурсія Несподіваний Трієст (входить у вартість туру) Зазвичай європейські портові міста - це завжди метушня, галас, вузькі вулиці і натовпи жебраків, однак Трієст - абсолютне виключення з правил і поєднує в собі риси трьох абсолютно різних культур. Понад шість століть Трієст перебував під владою Австрії, величезний вплив на нього здійснила сусідня Словенія, і всі ці неповторні риси нерозривно сплелися з культурою Італії. Цей прикордонний світ збиває з пантелику і дарує цілу гаму суперечливих, проте захоплених відчуттів. У вільний час рекомендуємо: Замок, що дивит",600
https://www.accordtour.com/tours/8327,"Скажемо &laquo;чііііз&raquo; в Італії: 3 дні в Римі + Неаполь, Флоренція і Венеція",3,Флоренція – Піза – Сан-Джиміньяно – Сієна – Галерея Уффіці,,"Сніданок. Пересування по Флоренції - на громадському транспорті. Екскурсія Місто італійського шарму - Флоренція (входить у вартість туру) Флоренція – це не просто італійське місто, це – сама Італія. Флоренція дивовижно гармонійно поєднує у собі велич та помпезність Риму, романтичність Венеції, могутність Ватикану, спокій та затишок Верони. Флоренція – це батьківщина епохи Відродження, це &laquo;Давид&raquo; Мікеланджело та &laquo;Венера&raquo; Ботічеллі, це площа Сеньйорії та &laquo;Ворота раю&raquo; , це дзвіниця Джотто та Понте-Веккьо. Здається, що духом мистецтва пронизане навіть тутешнє по",600
https://www.accordtour.com/tours/8327,"Скажемо &laquo;чііііз&raquo; в Італії: 3 дні в Римі + Неаполь, Флоренція і Венеція",4,Ватикан – Рим – район Трастевере,У вільний час рекомендуємо: Держава Ватикан Дотик до вічності: 41€,"Сніданок. Пересування по Риму - на громадському транспорті. Екскурсія Оглядова екскурсія Рим пам ятає багато (входить у вартість туру) Важко знайти на землі людину, у якої при звучанні цього слова перед очима не з'являються барвисті образи мощених вулиць, просочених древньою історією, безлічі старовинних храмів, прикрашених руками великих Мікеланджело і Рафаеля... У вільний час рекомендуємо: Держава Ватикан Дотик до вічності ( Дорослий: 41€ / Діти до 16 років: 36€ + вх. квиток) Священний світ мистецтва та релігії... Наш шлях лежить в найменшу країну в світі, яка розмістилася на території одног",600
https://www.accordtour.com/tours/8327,"Скажемо &laquo;чііііз&raquo; в Італії: 3 дні в Римі + Неаполь, Флоренція і Венеція",5,Неаполь – Помпеї – Капрі – Сорренто – Рим,Римі. Пропонуємо факультативну екскурсію: Екскурсія в Неаполь: 65€,"Сніданок. Вільний день у Римі. Пропонуємо факультативну екскурсію: Екскурсія в Неаполь ( Дорослий: 65€ / Діти до 16 років: 58€ ) Найсуперечливіше місто Італії – Неаполь . Це місто поєднує в собі благополуччя і бідність, бурхливий розвиток і традиційний дух країни. Кажуть, що навіть італійці з півночі приїжджають сюди, щоб відчути дух колишньої Італії. Його або люблять, або ненавидять. В нього або закохуються з першого погляду, або згадують про нього із роздратуванням. Але його потрібно побачити, почути звуки міста, вдихнути повітря вулиць, таких різних і непередбачуваних, подивитися на синю гл",600
https://www.accordtour.com/tours/8327,"Скажемо &laquo;чііііз&raquo; в Італії: 3 дні в Римі + Неаполь, Флоренція і Венеція",6,Рим – Колізей Рим – Тіволі – Орвєто – Чівіта ді Баньореджо,сіх бажаючих рекомендуємо на вибір: Колізей - стародавній Рим: 23€; асне вічне місто... Колиска італійського Відродження – Тіволі: 33€,"Сніданок. Вільний час у Римі. (пересування по Риму – на громадському транспорті) Для всіх бажаючих рекомендуємо на вибір: Колізей - стародавній Рим ( Дорослий: 23€ / Діти: 23€ + вх. квиток) Грандіозний Колізей - колись амфітеатр для гладіаторських битв, сьогодні символ величі і могутності міста, Римський і Імператорський Форуми, Капітолійський пагорб - священне місце богів - ціль усіх непереможних полководців. Ми дізнаємося історію Древнього Риму, таємниці і легенди, що зберігає в собі це прекрасне вічне місто... Колиска італійського Відродження – Тіволі ( Дорослий: 33€ / Діти до 16 років: 30€",600
https://www.accordtour.com/tours/8327,"Скажемо &laquo;чііііз&raquo; в Італії: 3 дні в Римі + Неаполь, Флоренція і Венеція",7,Венеція – Палац дожів,,"Сніданок. Екскурсія Заручена з морем - Венеція (входить у вартість туру) Нас запрошує красуня на воді, &laquo;заручена з морем&raquo;, - так кажуть про Венецію (додатк. оплач. громадський транспорт - 30&euro;/26&euro;) - найбільш витончене і таємниче місто Італії. Це місто - прекрасна казка, яка застигла в камені. Багато століть майстри і художники прославляли його і прикрашали своїми творами. Тут прекрасно поєднуються розкішні палаци і скромні вузенькі вулички, мовчазні канали та гомінкі ринки. Затишні кафе запрошують нас на ароматну каву, а на площі Сан Марко просто на долоню сідають голуби ",600
https://www.accordtour.com/tours/8327,"Скажемо &laquo;чііііз&raquo; в Італії: 3 дні в Римі + Неаполь, Флоренція і Венеція",8,Львів,ажання групи на вибір: Угорський Памуккале – місто Егерсалок!: 10€; Дегустація егерських вин і смачного гуляшу в Долині Красунь!: 24€,"Сніданок. Залежно від бажання групи на вибір: Угорський Памуккале – місто Егерсалок! ( Дорослий: 10€ / Діти: 10€ + вх. квиток) Термальні дива Угорщини - для прекрасного відчуття бадьорості - відвідини Велнес-Комплексу. До Ваших послуг незвичайні масажі, розважальні басейни, ексклюзивні сауни, приємні і ніжні ванни ... Дегустація егерських вин і смачного гуляшу в Долині Красунь! ( Дорослий: 24€ / Діти до 16 років: 18€ ) Найвідоміше вино – ""Бича Кров"", а найприємніше – ""Егерська Дівчина"" . Повернення в Україну. Перетин кордону. Час прибуття до Львова орієнтовно після 23:00 (залежить від проходже",600
https://www.accordtour.com/tours/861361,"Завжди на висоті... Італія! Флоренція, Рим, Венеція + Доломітові Альпи",1,Львів – Мукачево – Будапешт,удапешт. Для бажаючих рекомендуємо: Ажурна прикраса Будапешту: 30€,"Виїзд в тур відбувається із Львівського залізничного вокзалу. Перетин кордону. Переїзд по території Угорщини. Переїзд в Будапешт. Для бажаючих рекомендуємо: Ажурна прикраса Будапешту ( Дорослий: 30€ / Діти: 26€ ) Річкова прогулянка - незабутня водна подорож по Дунаю... Поселення у готель по маршруту. <div class=""",314
https://www.accordtour.com/tours/861361,"Завжди на висоті... Італія! Флоренція, Рим, Венеція + Доломітові Альпи",2,Трієст – Ліньяно-Сабб ядоро,,"Сніданок. Переїзд в Італію. Екскурсія Несподіваний Трієст (входить у вартість туру) Зазвичай європейські портові міста - це завжди метушня, галас, вузькі вулиці і натовпи жебраків, однак Трієст - абсолютне виключення з правил і поєднує в собі риси трьох абсолютно різних культур. Понад шість століть Трієст перебував під владою Австрії, величезний вплив на нього здійснила сусідня Словенія, і всі ці неповторні риси нерозривно сплелися з культурою витонченої Італії. Цей прикордонний світ збиває з пантелику і дарує цілу гаму суперечливих, але захоплених відчуттів. Для бажаючих рекомендуємо: Трансфе",600
https://www.accordtour.com/tours/861361,"Завжди на висоті... Італія! Флоренція, Рим, Венеція + Доломітові Альпи",3,Тренто – озеро Мольвено – Фай-делла-Паганелла – Доломітові Альпи,,"Сніданок. Краса, при погляді на яку залишається тільки затамувати подих і не рухатися. Доломітові Альпи притягують мандрівників, спортсменів, фотографів і просто закоханих в гори з усього світу. Природа створила всі найкращі умови, щоб Доломіти були ідеальним місцем для відпочинку. Завдяки тому, що вони знаходяться на південній стороні Альп, тут особливо м який клімат, який надійно захищений горами від холодних вітрів з півночі. За статистикою, кожні 8 з 10 днів є сонячними, що робить відпочинок в горах особливо яскравим і незабутнім. Екскурсія Тренто - ворота Доломітових Альп (входить у варті",600
https://www.accordtour.com/tours/861361,"Завжди на висоті... Італія! Флоренція, Рим, Венеція + Доломітові Альпи",4,Флоренція – Сан-Джиміньяно – Піза – Сієна,,"Сніданок. Пересування по Флоренції - на громадському транспорті (оплачується додатково). Екскурсія Місто італійського шарму - Флоренція (входить у вартість туру) Флоренція – це не просто італійське місто, це – сама Італія. Флоренція дивовижно гармонійно поєднує у собі велич та помпезність Риму, романтичність Венеції, могутність Ватикану, спокій та затишок Верони. Флоренція – це батьківщина епохи Відродження, це &laquo;Давид&raquo; Мікеланджело та &laquo;Венера&raquo; Ботічеллі, це площа Сеньйорії та &laquo;Ворота раю&raquo; , це дзвіниця Джотто та Понте-Веккьо. Здається, що духом мистецтва про",600
https://www.accordtour.com/tours/861361,"Завжди на висоті... Італія! Флоренція, Рим, Венеція + Доломітові Альпи",5,Рим – Ватикан – район Трастевере,Вільний час. Для бажаючих: Держава Ватикан Дотик до вічності: 41€,"Сніданок. Пересування по Риму - на громадському транспорті. Екскурсія Оглядова екскурсія Рим пам ятає багато (входить у вартість туру) Важко знайти на землі людину, у якої при звучанні цього слова перед очима не з'являються барвисті образи мощених вулиць, просочених древньою історією, безлічі старовинних храмів, прикрашених руками великих Мікеланджело і Рафаеля... Вільний час. Для бажаючих: Держава Ватикан Дотик до вічності ( Дорослий: 41€ / Діти до 16 років: 36€ + вх. квиток) Священний світ мистецтва та релігії... Наш шлях лежить в найменшу країну в світі, яка розмістилася на території одного",600
https://www.accordtour.com/tours/861361,"Завжди на висоті... Італія! Флоренція, Рим, Венеція + Доломітові Альпи",6,Колізей Рим – Тіволі – Неаполь – Помпеї – Рим,о факультативні екскурсії на вибір: Колізей - стародавній Рим: 23€; асне вічне місто... Колиска італійського Відродження – Тіволі: 33€,"Сніданок. Вільний день в Римі. Пропонуємо факультативні екскурсії на вибір: Колізей - стародавній Рим ( Дорослий: 23€ / Діти: 23€ + вх. квиток) Грандіозний Колізей - колись амфітеатр для гладіаторських битв, сьогодні символ величі і могутності міста, Римський і Імператорський Форуми, Капітолійський пагорб - священне місце богів - ціль усіх непереможних полководців. Ми дізнаємося історію Древнього Риму, таємниці і легенди, що зберігає в собі це прекрасне вічне місто... Колиска італійського Відродження – Тіволі ( Дорослий: 33€ / Діти до 16 років: 30€ + вх. квиток) Два тисячоліття тому по тутешні",600
https://www.accordtour.com/tours/861361,"Завжди на висоті... Італія! Флоренція, Рим, Венеція + Доломітові Альпи",7,Венеція – Венеціанська Лагуна – Палац дожів – Гранд Канал,,"Сніданок. Екскурсія Заручена з морем - Венеція (входить у вартість туру) Нас запрошує красуня на воді, &laquo;заручена з морем&raquo;, - так кажуть про Венецію (додатк. оплач. громадський транспорт - 30&euro;/26&euro;) - найбільш витончене і таємниче місто Італії. Це місто - прекрасна казка, яка застигла в камені. Багато століть майстри і художники прославляли його і прикрашали своїми творами. Тут прекрасно поєднуються розкішні палаци і скромні вузенькі вулички, мовчазні канали та гомінкі ринки. Затишні кафе запрошують нас на ароматну каву, а на площі Сан Марко просто на долоню сідають голуби ",600
https://www.accordtour.com/tours/861361,"Завжди на висоті... Італія! Флоренція, Рим, Венеція + Доломітові Альпи",8,Львів – Егер – купальні Егерсалок,ір: Дегустація егерських вин і смачний гуляш в Долині Красунь: 23€; справжній гуляш! АБО Угорський Памуккале - місто Егерсалок!: 10€,"Сніданок. Переїзд по території Угорщини. Для всіх бажаючих рекомендуємо на вибір: Дегустація егерських вин і смачний гуляш в Долині Красунь ( Дорослий: 23€ / Діти: 18€ ) Для всіх учасників - найбільш відоме вино - ""Бича кров"" и найбільш приємне - ""Егерська дівчина"". І, звісно, справжній гуляш! АБО Угорський Памуккале - місто Егерсалок! ( Дорослий: 10€ / Діти: 10€ + вх. квиток) Термальні дива Угорщини. для прекрасного відчуття бадьорості –пропонуємо відвідати Велнес-Комплекс. До Ваших послуг незвичайні масажі, розважальні басейни, ексклюзивні сауни, приємні і ніжні ванни ... Час прибуття до Льв",600
https://www.accordtour.com/tours/7786,Грація Північної Італії,1,Львів – Будапешт,иці Будапешту - Ваци. Для бажаючих: Ажурна прикраса Будапешту: 30€,"Виїзд в тур відбувається із Львівського залізничного вокзалу. Переїзд в Будапешт. Пропонуємо насолодитися чудовими видами набережної Корзо і прогулятися по найвідомішій туристичній пішохідній вулиці Будапешту - Ваци. Для бажаючих: Ажурна прикраса Будапешту ( Дорослий: 30€ / Діти: 26€ ) Річкова прогулянка - незабутня водна подорож по Дунаю... Переїзд і поселення в готелі на території Угорщини. Ночівля. <div class=""",417
https://www.accordtour.com/tours/7786,Грація Північної Італії,2,Трієст,,"Сніданок. Переїзд в Італію. Несподіваний Трієст (входить у вартість туру) Зазвичай європейські портові міста - це завжди метушня, галас, вузькі вулиці і натовпи жебраків, однак Трієст - абсолютне виключення з правил, що поєднує в собі риси трьох абсолютно різних культур. Понад шість століть Трієст перебував під владою Австрії, величезний вплив на нього здійснила сусідня Словенія, і всі ці неповторні риси нерозривно сплелися з культурою витонченої Італії. Цей прикордонний світ збиває з пантелику і дарує цілу гаму суперечливих, проте захоплених почуттів. Переїзд і поселення в готелі. Ночівля. <d",600
https://www.accordtour.com/tours/7786,Грація Північної Італії,3,Мілан – cобор Дуомо – озеро Комо – Лугано,,"Сніданок. Пересування по Мілану - на громадському транспорті (оплачується самостійно) Екскурсія Мілан – столиця моди (входить у вартість туру) Запрошуємо на флірт італійського смаку в столицю мистецтва і моди – місто Мілан. Мілан витончено поєднує у свому образі середньовічні пам'ятки і ультрасучасні квартали. Вирушаємо в саме серце Мілану-П'яццо Дуомо, де розташований символ міста – Міланський собор, шедевр готики такий витончений, що здається невагомим, сплетеним з тонкого мережива. Північний Палац, Тріумфальна арка, кінна статуя короля Вітторіо, Королівський палац, гордість Мілану і перлина",600
https://www.accordtour.com/tours/7786,Грація Північної Італії,4,Мілан – Турин,,"Сніданок. Екскурсія Найбільш не італійське місто - Турин (входить у вартість туру) Головне місто італійського регіону П'ємонт, на подив, не схоже на решту Італії: спокійне, стримане, не хаотичне. Вулиці, закладені ще до нашої ери за велінням імператора Августа, збудовані в шаховому порядку, тому тут практично неможливо заблукати. Турин - місто прекрасних блакитних гір, парків, музеїв, магії і кращого в світі шоколаду. Місто привабливе пам'ятками архітектури епохи бароко і чудовими музеями, неповторною спокійною красою своїх церков, палаців, музеїв. Головною визначною пам'яткою Турина по праву ",600
https://www.accordtour.com/tours/7786,Грація Північної Італії,5,Генуя – Санта-Маргерита і Портофіно,,"Сніданок. Екскурсія Господиня моря - Генуя (входить у вартість туру) Давня морська держава і найбільший порт в Північній Італії Генуя, є столицею Лігурії, а історична спадщина &laquo;портової республіки&raquo; не дає спокою багатьом дослідникам і простим шукачам нових вражень. Вузькі вулички, маленькі площі, сходи в своєму тісному просторі приховують тисячолітню історію міста. Тут народився знаменитий мандрівник Христофор Колумб, поет Петрарка і композитор Паганіні. Це місто ще в царські часи любила відвідувати аристократія і зараз в його передмісті знаходиться наймодніша курортна зона країни.",600
https://www.accordtour.com/tours/7786,Грація Північної Італії,6,Бергамо – озеро Гарда – Сірміоне – Брешія – Парма,,"Сніданок. Екскурсія Бергамо... Два в одному (входить у вартість туру) Вдало розташувавшись біля мальовничого підніжжя Альп, Бергамо складається з двох частин. Його стара частина, звана ""Верхнє місто"", знаходиться на горі, біля підніжжя якої розтягнулася нова частина міста з довгими і широкими вулицями. Кожна вуличка і кожен куточок цього містечка здаються ожилим минулим, тут без всяких декорацій можна спокійно знімати історичні фільми. Затишні кафе і ресторани пропонують смачну і ситну традиційну їжу, приправлену чудовим місцевим вином. Вони в черговий раз виправдовують стару добру істину про ",600
https://www.accordtour.com/tours/7786,Грація Північної Італії,7,Падуя – Віченца – Тревізо,,"Сніданок. Екскурсія Падуя – місто трьох ""без"" (входить у вартість туру) Місто, засноване троянцями, можна сміливо вважати благословенним, у якого цілих 4 святих покровителя. Це дивовижний місто, де все дихає історією і культурою. Падуя – місто святого, шанованого у всьому світі Святого Антонія, і місто знань, де розташований один з найдавніших європейських університетів – Падуанський університет, в якому викладали Галілей і Коперник. Тут ми відкриємо для себе нову Італію... особливу і таємничу, наповнену красою і загадками. Пропонуємо відвідати екскурсії на вибір: Золоте місто - Віченца ( Доро",600
https://www.accordtour.com/tours/7786,Грація Північної Італії,8,Львів – Токай,При бажанні групи і наявності часу. Король вин – місто Токай: 23€,"Сніданок. При бажанні групи і наявності часу. Король вин – місто Токай ( Дорослий: 23€ / Діти: 18€ ) Для всіх бажаючих – поїздка на Батьківщину відомого вина – ""Короля вин – вина королів!"" – місто Токай. Дегустація токайських вин і ""угорський гуляш"" – за чудовий Вікенд в хорошій компанії! 23:00 орієнтовний час прибуття до Львова. Місце прибуття у Львові - залізничний вокзал. До нових зустрічей! <div class=""",410
https://www.accordtour.com/tours/8436/vsi_avtobusni_tury/italiia,"Пригоди невгамовних або ще більше Італії: 3 дні в Римі, Верона, Флоренція, Болонья і Венеція",1,Львів – Будапешт,туя єпископа Геллерта. Для бажаючих Ажурна прикраса Будапешту: 30€,"Виїзд в тур відбувається із Львівського залізничного вокзалу. Переїзд по Угорщині. Переїзд в Будапешт. Екскурсія Шарм нічного міста (входить у вартість туру) Пропонуємо вечірню екскурсію по Будапешту . Запрошуємо Вас на прогулянку по головному і найгламурнішому променаду столиці - набережній Корзо і вулиці Ваці. Вечірні види двох сторін набережної полонять своєю красою - Королівський палац, Рибальський бастіон і статуя єпископа Геллерта. Для бажаючих Ажурна прикраса Будапешту ( Дорослий: 30€ / Діти: 26€ ) Річкова прогулянка - незабутня водна подорож по Дунаю... Поселення у готель. Ночівля. <di",600
https://www.accordtour.com/tours/8436/vsi_avtobusni_tury/italiia,"Пригоди невгамовних або ще більше Італії: 3 дні в Римі, Верона, Флоренція, Болонья і Венеція",2,Трієст – Мірамаре,,"Сніданок. Переїзд в Італію. Екскурсія Несподіваний Трієст (входить у вартість туру) Зазвичай європейські портові міста - це завжди метушня, галас, вузькі вулиці і натовпи жебраків, однак Трієст - абсолютне виключення з правил і поєднує в собі риси трьох абсолютно різних культур. Понад шість століть Трієст перебував під владою Австрії, величезний вплив на нього здійснила сусідня Словенія, і всі ці неповторні риси нерозривно сплелися з культурою Італії. Цей прикордонний світ збиває з пантелику і дарує цілу гаму суперечливих, проте захоплених відчуттів. Пропонуємо відвідати: Замок, що дивиться в ",600
https://www.accordtour.com/tours/8436/vsi_avtobusni_tury/italiia,"Пригоди невгамовних або ще більше Італії: 3 дні в Римі, Верона, Флоренція, Болонья і Венеція",3,Верона – Мілан – озеро Гарда,,"Сніданок. Екскурсія Столиці романтиків і закоханих -Верона (входить у вартість туру) Верону називають містом вічної любові, і шедевром італійської архітектури. Потрапивши сюди, відчуваєш свою причетність до Великого і Вічного. Це місто підкорить нас давньоримським амфітеатром &laquo;Арена&raquo;, який є третім за величиною в світі, фортецею Скаліджерів, гідної справжньої принцеси і прекрасного принца, і звичайно, будинком Джульєтти, стіни якого на висоту в два людські зрости рясніють зворушливими записками - від тих, хто знайшов, шукає або втратив, але хоче повернути свою любов. Тут навіть зак",600
https://www.accordtour.com/tours/8436/vsi_avtobusni_tury/italiia,"Пригоди невгамовних або ще більше Італії: 3 дні в Римі, Верона, Флоренція, Болонья і Венеція",4,Флоренція – Піза – Лукка – Галерея Уффіці,,"Сніданок. Пересування по Флоренції - на громадському транспорті (оплачується додатково). Екскурсія Місто італійського шарму - Флоренція (входить у вартість туру) Флоренція – це не просто італійське місто, це – сама Італія. Флоренція дивовижно гармонійно поєднує у собі велич та помпезність Риму, романтичність Венеції, могутність Ватикану, спокій та затишок Верони. Флоренція – це батьківщина епохи Відродження, це &laquo;Давид&raquo; Мікеланджело та &laquo;Венера&raquo; Ботічеллі, це площа Сеньйорії та &laquo;Ворота раю&raquo; , це дзвіниця Джотто та Понте-Веккьо. Здається, що духом мистецтва про",600
https://www.accordtour.com/tours/8436/vsi_avtobusni_tury/italiia,"Пригоди невгамовних або ще більше Італії: 3 дні в Римі, Верона, Флоренція, Болонья і Венеція",5,Рим – Ватикан – Колізей Рим – район Трастевере,онуємо відвідати екскурсії: Держава Ватикан Дотик до вічності: 41€,"Сніданок. Пересування по Риму - на громадському транспорті. Екскурсія Оглядова екскурсія Рим пам ятає багато (входить у вартість туру) Важко знайти на землі людину, у якої при звучанні цього слова перед очима не з'являються барвисті образи мощених вулиць, просочених древньою історією, безлічі старовинних храмів, прикрашених руками великих Мікеланджело і Рафаеля... Пропонуємо відвідати екскурсії: Держава Ватикан Дотик до вічності ( Дорослий: 41€ / Діти до 16 років: 36€ + вх. квиток) Священний світ мистецтва та релігії... Наш шлях лежить в найменшу країну в світі, яка розмістилася на території о",600
https://www.accordtour.com/tours/8436/vsi_avtobusni_tury/italiia,"Пригоди невгамовних або ще більше Італії: 3 дні в Римі, Верона, Флоренція, Болонья і Венеція",6,Рим – Неаполь – Помпеї – вулкан Везувій – Сорренто – Капрі – Амальфі,Римі. Пропонуємо факультативну екскурсію: Екскурсія в Неаполь: 65€,"Сніданок. Вільний день у Римі. Пропонуємо факультативну екскурсію: Екскурсія в Неаполь ( Дорослий: 65€ / Діти до 16 років: 58€ ) Найсуперечливіше місто Італії – Неаполь . Це місто поєднує в собі благополуччя і бідність, бурхливий розвиток і традиційний дух країни. Кажуть, що навіть італійці з півночі приїжджають сюди, щоб відчути дух колишньої Італії. Його або люблять, або ненавидять. В нього або закохуються з першого погляду, або згадують про нього із роздратуванням. Але його потрібно побачити, почути звуки міста, вдихнути повітря вулиць, таких різних і непередбачуваних, подивитися на синю гл",600
https://www.accordtour.com/tours/8436/vsi_avtobusni_tury/italiia,"Пригоди невгамовних або ще більше Італії: 3 дні в Римі, Верона, Флоренція, Болонья і Венеція",7,Рим – Тіволі – Орвєто – Чівіта ді Баньореджо,екскурсії на вибір: Колиска італійського Відродження – Тіволі: 33€,"Сніданок. Вільний день в Римі. Пропонуємо факультативні екскурсії на вибір: Колиска італійського Відродження – Тіволі ( Дорослий: 33€ / Діти до 16 років: 30€ + вх. квиток) Два тисячоліття тому по тутешніх гаях гуляли імператори, аристократи і філософи. Тіволі був улюбленим місцем відпочинку древніх римлян, яких приваблювали чиста вода, сірчані джерела і краса місцевих пейзажів. Нас чекає знаменита вілла кардинала д'Есте. Величезний парк, вікові дерева і багатоголосся &laquo;п&rsquo;ятисот фонтанів&raquo;! Віллу д&rsquo;Есте вважають одним із найвдаліших у світі втілень садово-паркового мистецт",600
https://www.accordtour.com/tours/8436/vsi_avtobusni_tury/italiia,"Пригоди невгамовних або ще більше Італії: 3 дні в Римі, Верона, Флоренція, Болонья і Венеція",8,Сан-Марино – Перуджа – Ріміні – Болонья,готелю. Для бажаючих на вибір: Карликова держава - Сан-Марино: 38€; які зробила крок далеко за межі республіки... Сонячна Перуджа: 28€,"Сніданок. Раннє виселення з готелю. Для бажаючих на вибір: Карликова держава - Сан-Марино ( Дорослий: 38€ / Діти: 30€ ) Сан-Марино - найстаріша держава Європи, мальовничо розташована на горі Титано. У наші дні мільйони туристів приїжджають подивитися на це маленьке диво, захопитися чудовою панорамою з вершини гори Титан, познайомитися з історичним минулим волелюбного народу, купити на пам'ять сувеніри та місцеві лікери, слава про які зробила крок далеко за межі республіки... Сонячна Перуджа ( Дорослий: 28€ / Діти: 23€ ) Гарне місто Перуджа вважається столицею провінції Умбрія цілком заслужено ",600
https://www.accordtour.com/tours/8436/vsi_avtobusni_tury/italiia,"Пригоди невгамовних або ще більше Італії: 3 дні в Римі, Верона, Флоренція, Болонья і Венеція",9,Венеція – Гранд Канал – Палац дожів – Венеціанська Лагуна,,"Сніданок. Заручена з морем - Венеція (входить у вартість туру) Нас запрошує красуня на воді, &laquo;заручена з морем&raquo;, - так кажуть про Венецію (додатк. оплач. громадський транспорт - 30&euro;/26&euro;) - найбільш витончене і таємниче місто Італії. Це місто - прекрасна казка, яка застигла в камені. Багато століть майстри і художники прославляли його і прикрашали своїми творами. Тут прекрасно поєднуються розкішні палаци і скромні вузенькі вулички, мовчазні канали та гомінкі ринки. Затишні кафе запрошують нас на ароматну каву, а на площі Сан Марко просто на долоню сідають голуби .... У віл",600
https://www.accordtour.com/tours/8436/vsi_avtobusni_tury/italiia,"Пригоди невгамовних або ще більше Італії: 3 дні в Римі, Верона, Флоренція, Болонья і Венеція",10,Егер – Львів,су. Дегустація егерських вин і смачний гуляш в Долині Красунь: 23€; справжній гуляш! АБО Угорський Памуккале – місто Егерсалок!: 10€,"Сніданок. При бажанні групи і наявності часу. Дегустація егерських вин і смачний гуляш в Долині Красунь ( Дорослий: 23€ / Діти: 18€ ) Для всіх учасників - найбільш відоме вино - ""Бича кров"" и найбільш приємне - ""Егерська дівчина"". І, звісно, справжній гуляш! АБО Угорський Памуккале – місто Егерсалок! ( Дорослий: 10€ / Діти: 10€ + вх. квиток) Термальні дива Угорщини - для прекрасного відчуття бадьорості - відвідини Велнес-Комплексу. До Ваших послуг незвичайні масажі, розважальні басейни, ексклюзивні сауни, приємні і ніжні ванни ... Час прибуття до Львова орієнтовно 23:00 (залежить від проходжен",600
https://www.accordtour.com/tours/863,Найкращі хвилини в Італії!,1,Львів – Будапешт,ті. Для всіх бажаючих рекомендуємо: Ажурна прикраса Будапешта: 30€,"Відправлення в тур. (Місце відправки: залізничний вокзал м.Львів, площа Двірцева 1) Можливість приєднатися до групи в Стрию, Мукачеві. Запрошуємо Вас на невелику вечірню екскурсію. Шарм нічного Будапешта (входить у вартість туру) Прогулянка вулицею Ваці — це зустріч із елегантним, святковим Пештом. Тут серед ароматів кави, вітрин і музики відчуваєш справжній пульс міста. На набережній Корзо відкривається найкраща панорама на Будайську фортецю, а вечірнє світло додає прогулянці нотку чарівності. Для всіх бажаючих рекомендуємо: Ажурна прикраса Будапешта ( Дорослий: 30€ / Діти до 16 років: 26€ ) ",600
https://www.accordtour.com/tours/863,Найкращі хвилини в Італії!,2,Любляна – Блед,,"Сніданок. Виселення з готелю. Переїзд в Словенію. Привітна Любляна – затишна і мила (входить у вартість туру) Столиця Словенії Любляна - невелике, але дуже гарне місто, розташоване на обох берегах ріки Любляниці. На правому березі ріки лежить Старе місто, на лівому – парадні будівлі минулого століття. Мабуть, саме знамените місце в Любляні – Люблінський Град – старий замок, зведений ще в 10-11 століттях. Найбільш центральною частиною Любляни є Тримістя – три пішохідних мости, перекинуті через ріку Любляницю і прикрашені драконами... Словенці і, звичайно, мешканці столиці дуже любять своє місто",600
https://www.accordtour.com/tours/863,Найкращі хвилини в Італії!,3,Флоренція – регіон Тоскана – Піза – Галерея Уффіці,,"Сніданок. Італія – чарівна, темпераментна і неймовірно красива... В Італії черпали натхнення великі майстри мистецтва і дарували світу свої безсмертні шедеври... Квітуча Флоренція (входить у вартість туру) Оглядова екскурсія (пересування на громадському транспорті. Квитки оплачуються додатково). Флоренція – це не просто італійське місто. Це – сама Італія. Флоренція дивовижно гармонійно поєднує в собі велич та помпезність Риму, романтичність Венеції, могутність Ватикана, спокій та умиротворення Верони. Флоренція - це батьківщина епохи Відродження, це ""Давид"" Мікеланджело, ""Венера"" Боттічеллі. З",600
https://www.accordtour.com/tours/863,Найкращі хвилини в Італії!,4,Рим – Ватикан – район Трастевере – Колізей Рим,,"Сніданок. Виселення з готелю. Рим – місто велике і вічне! (входить у вартість туру) (Пересування по Риму – на громадському транспорті) Рим – перша любов людства і перша наддержава планети. Рим - єдине місто з тисяч існуючих отримав назву ""Вічного""! Йому наслідували, його боялися, ним захоплювалися! І почнемо з огляду пам'яток Античного Риму, відчуємо велич Римської імперії, прогуляємося по мощених вуличках, по яких ступав сам Юлій Цезар, почуємо древні легенди про великих імператорів. Тут кожен куточок, кожен будиночок, кожен камінчик має свою неповторну історію, і вона оживає на очах... У віл",600
https://www.accordtour.com/tours/863,Найкращі хвилини в Італії!,5,Венеція – Венеціанська Лагуна – Гранд Канал – Палац дожів,,"Сніданок. Виселення з готелю. Екскурсія Заручена з морем - Венеція (входить у вартість туру) Нас запрошує красуня на воді, &laquo;заручена з морем&raquo;, - так кажуть про Венецію (додатк. оплач. громадський транспорт - 30&euro;/26&euro;) - найбільш витончене і таємниче місто Італії. Це місто - прекрасна казка, яка застигла в камені. Багато століть майстри і художники прославляли його і прикрашали своїми творами. Тут прекрасно поєднуються розкішні палаци і скромні вузенькі вулички, мовчазні канали та гомінкі ринки. Затишні кафе запрошують нас на ароматну каву, а на площі Сан Марко просто на до",600
https://www.accordtour.com/tours/863,Найкращі хвилини в Італії!,6,Будапешт – Купальні Сечені – Львів,"цілий день! Вільний час в місті, рекомендуємо: Таємнича Буда: 18€; ій Трійці і... сам Королівський Палац! Тропікарій – Океанарій: 10€","Сніданок. Термальні купальні графа Сечені (вх. квиток) Заряд бадьорості і енергії на цілий день! Вільний час в місті, рекомендуємо: Таємнича Буда ( Дорослий: 18€ / Діти до 16 років: 13€ , до 6 років: 0€ ) Один з самих романтичних та старовинних куточків Будапешта... Ніби маленьке середньовічне місто з мальовничими вуличками і стародавніми будівлями... Будайська фортеця, Рибацький бастіон, собор св. Матяша, пам'ятник Святій Трійці і... сам Королівський Палац! Тропікарій – Океанарій ( Дорослий: 10€ / Діти: 10€ + вх. квиток) Найбільший в Центральній Європі. 8 залів! Де вирує життя тропіків і океа",600
https://www.accordtour.com/tours/8366,"Стильна Італія... Трієст, Мілан, озеро Комо, Верона!",1,Львів – Будапешт,и. Переїзд в Будапешт. Для бажаючих Ажурна прикраса Будапешту: 30€,"Виїзд в тур відбувається із Львівського залізничного вокзалу. Перетин кордону. Переїзд по території Угорщини. Переїзд в Будапешт. Для бажаючих Ажурна прикраса Будапешту ( Дорослий: 30€ / Діти: 26€ ) Річкова прогулянка - незабутня водна подорож по Дунаю... Переїзд і поселення в готелі. Ночівля. <div class=""",307
https://www.accordtour.com/tours/8366,"Стильна Італія... Трієст, Мілан, озеро Комо, Верона!",2,Трієст,,"Сніданок. Екскурсія Несподіваний Трієст (входить у вартість туру) Зазвичай європейські портові міста - це завжди метушня, галас, вузькі вулиці і натовпи жебраків, однак Трієст - абсолютне виключення з правил, що поєднує в собі риси трьох абсолютно різних культур. Понад шість століть Трієст перебував під владою Австрії, величезний вплив на нього здійснила сусідня Словенія, і всі ці неповторні риси нерозривно сплелися з культурою витонченої Італії. Цей прикордонний світ збиває з пантелику і дарує цілу гаму суперечливих, проте захоплених почуттів. Для охочих: Замок, що дивиться в море Мірамаре ( ",600
https://www.accordtour.com/tours/8366,"Стильна Італія... Трієст, Мілан, озеро Комо, Верона!",3,Мілан – cобор Дуомо – Бергамо,,"Сніданок. Італія! Тут кожен куточок - це вже пам ятка: спадщина стародавніх римлян, велична спадщина епохи Ренесансу або мальовничі місця, подаровані самою природою... Запрошуємо на екскурсію. Екскурсія Місто моди та мистецтва - Мілан (входить у вартість туру) В цьому місті є все: античність і сучасність, прогрес і культура. Найдавніше місто, яке вважається одним із динамічніших в Європі. Мілан – столиця моди і дизайну, але також і місто, багате пам&rsquo;ятниками архітектури і творами мистецтва. Нашій увазі постане символ Мілану - Домський Собор . Побудований в готичному стилі грандіозний соб",600
https://www.accordtour.com/tours/8366,"Стильна Італія... Трієст, Мілан, озеро Комо, Верона!",4,Мілан – озеро Комо – озеро Маджоре – Лугано,шноти природи. Відпочинок на озері. Для бажаючих Оазис спокою: 48€,"Сніданок. Переїзд на озеро Комо. Екскурсія Озеро Комо - джерело натхнення (входить у вартість туру) Протягом століть озеро Комо заворожувало своєю чарівною красою. Мальовнича природа, селища в середньовічному стилі, розкішні вілли і сади, а в центрі - блакитна дзеркальна гладь озера, немов перекинуте на землю небо, завершує картину пишноти природи. Відпочинок на озері. Для бажаючих Оазис спокою ( Дорослий: 48€ / Діти до 16 років: 30€ + вх. квиток) Нас чекає дивовижне місце - озеро Маджоре . Поєднання блакитних вод і гір, оповитих серпанком, смарагдової зелені лісів і парків, білих стін будинкі",600
https://www.accordtour.com/tours/8366,"Стильна Італія... Трієст, Мілан, озеро Комо, Верона!",5,Верона – озеро Гарда – парк розваг Гардаленд,,"Сніданок. Переїзд до Верони. Екскурсія Столиця романтиків і закоханих (входить у вартість туру) Верону називають містом вічної любові і шедевром італійської архітектури. Потрапивши сюди, відчуваєш свою причетність до Великого і Вічного. Це місто підкорить нас давньоримським амфітеатром &laquo;Арена&raquo;, який є третім за величиною в світі, фортецею Скаліджерів, гідної справжньої принцеси і прекрасного принца, і звичайно, будинком Джульєтти, стіни якого на висоту в два людські зрости рясніють зворушливими записками - від тих, хто знайшов, шукає або втратив, але хоче повернути свою любов. Тут ",600
https://www.accordtour.com/tours/8366,"Стильна Італія... Трієст, Мілан, озеро Комо, Верона!",6,Львів – Егер,Сніданок. Всім бажаючим пропонуємо: Купальні Егерсалок: 10€; ро себе. АБО Дегустація вин та смачний гуляш в Долині Красунь: 25€,"Сніданок. Всім бажаючим пропонуємо: Купальні Егерсалок ( Дорослий: 10€ / Діти до 16 років: 10€ + вх. квиток) Егерсалок, відомий як ""угорський Памуккале"", вражає білосніжними терасами та термальними джерелами. Велнес-комплекс подарує відновлення і релакс: басейни з теплою мінеральною водою, ароматні сауни, розслаблюючі ванни та незвичайні масажі. Ідеальне місце, щоб зупинити час і подбати про себе. АБО Дегустація вин та смачний гуляш в Долині Красунь ( Дорослий: 25€ / Діти до 16 років: 18€ ) Рекомендуємо дегустацію егерських вин і смачний гуляш в Долині Красунь!!! Найвідоміше вино – ""Бича Кров""",600
https://www.accordtour.com/tours/881365/vsi_avtobusni_tury/avstrii,"Вікенд на трьох! Краків, Відень, Будапешт",1,Львів – Краків,с пропонуємо відвідати на вибір: Казімеж – особлива атмосфера: 18€,"Зустріч на залізничному вокзалі Львова (пл.Двірцева 1). Перетин кордону. Прибуття в Краків. Оглядова екскурсія по місту Екскурсія Милий серцю Краків (входить у вартість туру) Ми побачимо затишні і романтичні куточки Кракова , почуємо історії закоханих принцес і королів. Дізнаємось про таємниці королівських весіль і веселе життя краківських художників. Місто з чудовою атмосферою, добрими людьми і багатою історією. Місто, де навіть ангели закохуються в людей. У вільний час пропонуємо відвідати на вибір: Казімеж – особлива атмосфера ( Дорослий: 18€ / Діти до 16 років: 13€ , до 5 років: 0€ ) Казім",600
https://www.accordtour.com/tours/881365/vsi_avtobusni_tury/avstrii,"Вікенд на трьох! Краків, Відень, Будапешт",2,Відень – Шенбрунн – Будапешт,У вільний час пропонуємо відвідати на вибір: Величний Відень: 26€,"Сніданок. Виселення з готелю. Переїзд до Відня. Оглядова екскурсія по місту Екскурсія Віденський вальс (входить у вартість туру) У вільний час пропонуємо відвідати на вибір: Величний Відень ( Дорослий: 26€ / Діти до 16 років: 21€ , до 5 років: 0€ ) Таємниче середньовіччя, блискуче 19 століття, круговорот музики, історії, мистецтва – все це Відень, неповторний і прекрасний! ""Це моя воля!"" – цими словами імператор Франц Йосиф розпорядився про будівництво Рінгштрассе, де велично розташувалися будівлі Парламенту, Ратуші, Бургтеатра. Ми також побачимо найвеселішу пам'ятку – химерний будинок Хундерт",600
https://www.accordtour.com/tours/881365/vsi_avtobusni_tury/avstrii,"Вікенд на трьох! Краків, Відень, Будапешт",3,Будапешт – Егер – Львів,У вільний час рекомендуємо відвідати на вибір: Таємнича Буда: 18€,"Сніданок. Раннє виселення з готелю. У вільний час рекомендуємо відвідати на вибір: Таємнича Буда ( Дорослий: 18€ / Діти до 16 років: 13€ , до 6 років: 0€ ) Один з самих романтичних та старовинних куточків Будапешта... Ніби маленьке середньовічне місто з мальовничими вуличками і стародавніми будівлями... Будайська фортеця, Рибацький бастіон, собор св. Матяша, пам'ятник Святій Трійці і... сам Королівський Палац! Тропікарій – Океанарій (Трансфер: 10€ + вх. квиток ) Найбільший в Центральній Європі (знаходиться в торговому центрі ""Кампона""). 8 залів! Де вирує життя тропіків і океанських глибин – ал",600
https://www.accordtour.com/tours/8167,"Мелодії Альп... Швейцарія, Баварія, Австрія",1,Львів – Краків,,"Відправлення в тур Старт нашої подорожі — зі Львова, а саме з площі Двірцевої (ориєнтир -залізничний вокзал). Звідси починається пригода, яку ви точно запам&rsquo;ятаєте: нові місця, сотні фото й море вражень. Переїзд територією України, перетин кордону — і ми вже в Європі! Екскурсія Милий серцю Краків (входить у вартість туру) Ми побачимо затишні і романтичні куточки Кракова , почуємо історії закоханих принцес і королів. Дізнаємось про таємниці королівських весіль і веселе життя краківських художників. Місто з чудовою атмосферою, добрими людьми і багатою історією. Місто, де навіть ангели зако",600
https://www.accordtour.com/tours/8167,"Мелодії Альп... Швейцарія, Баварія, Австрія",2,Мюнхен – Замок Нойшванштайн,їзд по Німеччині. За бажанням групи. Мюнхен – Легенда Баварії: 30€; доп. оплата). Баварська кухня...: 33€,"Сніданок. Переїзд по Німеччині. За бажанням групи. Мюнхен – Легенда Баварії ( Дорослий: 30€ / Діти до 16 років: 21€ ) Нас запрошує ""Німецький Рим"" – місто з чудовою атмосферою гостинності, по якому хочеться блукати з ранку до ночі. Ніде в Німеччині так не оберігають народні традиції, як тут, і навіть національні костюми носять не тільки у свята. Мюнхен славиться дивовижною історією, всесвітньо відомим пивом, смаженими ковбасками і найбільшим в світі святом ""Октоберфест"". Можливо відвідати музей BMW (доп. оплата). Баварська кухня... ( Дорослий: 33€ / Діти до 16 років: 28€ , до 5 років: 0€ ) Ми ",600
https://www.accordtour.com/tours/8167,"Мелодії Альп... Швейцарія, Баварія, Австрія",3,Вадуц – Рейнський водоспад – Цюрих – Люцерн,,"Сніданок. Переїзд в Швейцарію. Швейцарія - це рай, її уявляють по-різному і лише опинившись тут кожен знаходить те, що шукав. Сьогодні нас чекають Заповітні куточки Швейцарії: прекрасні гори із засніженими вершинами, альпійські луки, глибокі озера, затишні шалле і святкові альпійські будиночки. Екскурсія Неповторний Цюрих (входить у вартість туру) Цюрих - стильне серце Швейцарії, де фінансовий престиж поєднується з альпійським спокоєм. Тут життя пульсує на елегантній Банхофштрассе, а поруч — блиск Цюрихського озера й краєвиди засніжених вершин. Вуличні музиканти, дизайнерські бутики, старовинн",600
https://www.accordtour.com/tours/8167,"Мелодії Альп... Швейцарія, Баварія, Австрія",4,Зальцбург – Гальштат – фортеця Гогензальцбург,их рекомендуємо відвідати: Озерний рай – долина Зальцкамергут: 46€,"Сніданок. Переїзд до Зальцбургу. Екскурсія Зальцбург – звуки музики (входить у вартість туру) Зальцбург — альпійська казка, де звучить музика Моцарта і живе дух бароко. Його називають північною Флоренцією за велич і витонченість. Тут — палаци, собори, фонтани, сади й атмосфера мистецтва, яка проникає в кожен крок. Це місто, яке хочеться не просто побачити — а відчути. Вільний час. Для бажаючих рекомендуємо відвідати: Озерний рай – долина Зальцкамергут ( Дорослий: 46€ / Діти до 16 років: 36€ , до 5 років: 0€ ) Понад 50 кришталево чистих озер, альпійські містечка з пастельними фасадами та пейзаж",600
https://www.accordtour.com/tours/8167,"Мелодії Альп... Швейцарія, Баварія, Австрія",5,Львів – Відень – Катовіце,ніданок. При бажанні групи і наявності часу. Віденський вальс: 18€; еличне місто зачаровує шармом і витонченістю. Величний Відень: 26€,"Сніданок. При бажанні групи і наявності часу. Віденський вальс ( Дорослий: 18€ / Діти до 16 років: 13€ , до 5 років: 0€ ) Відень – місто музики і великих композиторів, місто чаруюче і прекрасне... Його заслужено називають серцем Європи. Це надзвичайне місто! – Вузькі середньовічні вулички, широкі імперські площі... Ми прогуляємося по самому серцю Відня. Величне місто зачаровує шармом і витонченістю. Величний Відень ( Дорослий: 26€ / Діти до 16 років: 21€ , до 5 років: 0€ ) Таємниче середньовіччя, блискуче 19 століття, круговорот музики, історії, мистецтва – все це Відень, неповторний і прекрас",600
https://www.accordtour.com/tours/686081,Італійська пригода: 2 дні в Римі + Адріатичне узбережжя,1,Львів – Будапешт,куточку. Для бажаючих рекомендуємо: Ажурна прикраса Будапешта: 30€,"Виїзд в тур відбувається із Львівського залізничного вокзалу. Перетин кордону. Переїзд по території Угорщини. Переїзд в Будапешт. Екскурсія Шарм нічного Будапешта (входить у вартість туру) О, це місто... Незабутнє... Неповторне... Чарівне... Воно пропонує своїм відвідувачам близьку і знайому європейську культуру, але з особливим угорським ароматом... Місто з древньою історією, культурою, традиціями, життєва сила якого пульсує в кожному його куточку. Для бажаючих рекомендуємо: Ажурна прикраса Будапешта ( Дорослий: 30€ / Діти до 16 років: 26€ ) Прогулянка на кораблику з шампанським. Сім мостів с",600
https://www.accordtour.com/tours/686081,Італійська пригода: 2 дні в Римі + Адріатичне узбережжя,2,Ліньяно-Сабб ядоро – Трієст,чинок на морі. Для бажаючих рекомендуємо: Несподіваний Трієст: 28€,"Сніданок. Переїзд в Італію. Прибуття на курорт Ліньяно-Сабб ядоро. Італійці називають цей затишний куточок «номер один» для розкішного сімейного відпочинку. Більшість пляжів нагороджені Блакитним прапором за чистоту та екологічність. Рив’єра вабить туристів спокійною і тихою атмосферою. Повітря тут насичене запахом хвої і морського йоду. Відпочинок на морі. Для бажаючих рекомендуємо: Несподіваний Трієст ( Дорослий: 28€ / Діти: 23€ ) Зазвичай європейські портові міста - це завжди метушня, галас, вузькі вулиці і натовпи жебраків, однак Трієст - абсолютне виключення з правил, що поєднує в собі ри",600
https://www.accordtour.com/tours/686081,Італійська пригода: 2 дні в Римі + Адріатичне узбережжя,3,Рим – Ватикан,У вільний час рекомендуємо: Держава Ватикан Дотик до вічності: 41€,"Сніданок. Переїзд в Рим. Пересування по Риму - на громадському транспорті. Екскурсія Оглядова екскурсія Рим пам ятає багато (входить у вартість туру) Важко знайти на землі людину, у якої при звучанні цього слова перед очима не з'являються барвисті образи мощених вулиць, просочених древньою історією, безлічі старовинних храмів, прикрашених руками великих Мікеланджело і Рафаеля... У вільний час рекомендуємо: Держава Ватикан Дотик до вічності ( Дорослий: 41€ / Діти до 16 років: 36€ + вх. квиток) Священний світ мистецтва та релігії... Наш шлях лежить в найменшу країну в світі, яка розмістилася на ",600
https://www.accordtour.com/tours/686081,Італійська пригода: 2 дні в Римі + Адріатичне узбережжя,4,Колізей Рим – Тіволі – Неаполь – Помпеї,анспорті) Всім бажаючим пропонуємо: Колізей - стародавній Рим: 23€; асне вічне місто... Колиска італійського Відродження – Тіволі: 33€,"Сніданок. Вільний час в Римі. (Пересування по Риму - на громадському транспорті) Всім бажаючим пропонуємо: Колізей - стародавній Рим ( Дорослий: 23€ / Діти: 23€ + вх. квиток) Грандіозний Колізей - колись амфітеатр для гладіаторських битв, сьогодні символ величі і могутності міста, Римський і Імператорський Форуми, Капітолійський пагорб - священне місце богів - ціль усіх непереможних полководців. Ми дізнаємося історію Древнього Риму, таємниці і легенди, що зберігає в собі це прекрасне вічне місто... Колиска італійського Відродження – Тіволі ( Дорослий: 33€ / Діти до 16 років: 30€ + вх. квиток) ",600
https://www.accordtour.com/tours/686081,Італійська пригода: 2 дні в Римі + Адріатичне узбережжя,5,Венеція – Гранд Канал – Палац дожів,,"Сніданок. Екскурсія Заручена з морем - Венеція (входить у вартість туру) Нас запрошує красуня на воді, &laquo;заручена з морем&raquo;, - так кажуть про Венецію (додатк. оплач. громадський транспорт - 30&euro;/26&euro;) - найбільш витончене і таємниче місто Італії. Це місто - прекрасна казка, яка застигла в камені. Багато століть майстри і художники прославляли його і прикрашали своїми творами. Тут прекрасно поєднуються розкішні палаци і скромні вузенькі вулички, мовчазні канали та гомінкі ринки. Затишні кафе запрошують нас на ароматну каву, а на площі Сан Марко просто на долоню сідають голуби ",600
https://www.accordtour.com/tours/686081,Італійська пригода: 2 дні в Римі + Адріатичне узбережжя,6,купальні Егерсалок – Егер,ір: Дегустація егерських вин і смачний гуляш в Долині Красунь: 23€; справжній гуляш! АБО Угорський Памуккале - місто Егерсалок!: 10€,"Сніданок. Переїзд по Угорщині. Для бажаючих на вибір: Дегустація егерських вин і смачний гуляш в Долині Красунь ( Дорослий: 23€ / Діти: 18€ ) Для всіх учасників - найбільш відоме вино - ""Бича кров"" и найбільш приємне - ""Егерська дівчина"". І, звісно, справжній гуляш! АБО Угорський Памуккале - місто Егерсалок! ( Дорослий: 10€ / Діти: 10€ + вх. квиток) Термальні дива Угорщини. для прекрасного відчуття бадьорості –пропонуємо відвідати Велнес-Комплекс. До Ваших послуг незвичайні масажі, розважальні басейни, ексклюзивні сауни, приємні і ніжні ванни ... Перетин кордону. Час прибуття до Львова орієнто",600
https://www.accordtour.com/tours/660106/tab/tab_price/tour_date/2026-04-29/cls_number_adult_cnt/%7B1:1%7D/cls_number_child_age/%7B%7D/tour_include_ins/true,"Морський вікенд: 2 дні на морі Порторож, Лідо ді Єзоло і Венеція",1,Львів – Будапешт,кожному його куточку. Для бажаючих Ажурна прикраса Будапешту: 30€,"Виїзд в тур відбувається із Львівського залізничного вокзалу. Перетин кордону. Переїзд по території Угорщини. Переїзд в Будапешт. Шарм нічного Будапешта (входить у вартість туру) О, це місто... Незабутнє... Неповторне... Чарівне... Воно пропонує своїм відвідувачам близьку і знайому європейську культуру, але з особливим угорським ароматом... Місто з древньою історією, культурою, традиціями, життєва сила якого пульсує в кожному його куточку. Для бажаючих Ажурна прикраса Будапешту ( Дорослий: 30€ / Діти: 26€ ) Річкова прогулянка - незабутня водна подорож по Дунаю... Нічний переїзд в Словенію. <di",600
https://www.accordtour.com/tours/660106/tab/tab_price/tour_date/2026-04-29/cls_number_adult_cnt/%7B1:1%7D/cls_number_child_age/%7B%7D/tour_include_ins/true,"Морський вікенд: 2 дні на морі Порторож, Лідо ді Єзоло і Венеція",2,Порторож – Відпочинок на Адріатичному морі Словенії – Трієст – Піран,чинок на морі. Для бажаючих рекомендуємо: Несподіваний Трієст: 33€,"Прибуття в Словенію, курорт Порторож. Дивовижне поєднання сонця, моря, м якого середземноморського клімату і неосяжних морських просторів - це те, що зачаровує кожного, хто приїжджає в словенське курортне місто Порторож. Оточений мальовничими селами, з кам яними будівлями, пологими пагорбами, засадженими оливковими садами і виноградними лозами, Порторож пропонує необмежені можливості для прогулянок на природі, відпочинку та розваг. Відпочинок на морі. Для бажаючих рекомендуємо: Несподіваний Трієст ( Дорослий: 33€ / Діти: 26€ ) Зазвичай європейські портові міста - це завжди метушня, галас, вузь",600
https://www.accordtour.com/tours/660106/tab/tab_price/tour_date/2026-04-29/cls_number_adult_cnt/%7B1:1%7D/cls_number_child_age/%7B%7D/tour_include_ins/true,"Морський вікенд: 2 дні на морі Порторож, Лідо ді Єзоло і Венеція",3,Лідо Ді Єзоло – Відпочинок на Адріатичному морі Італії – Венеція,а морі. Для бажаючих рекомендуємо: Заручена з морем - Венеція: 43€,"Сніданок. Переїзд на курорт Лідо ді Єзоло, Італія. Широкі піщані пляжі, тепле спокійне і неглибоке море, цілюще хвойне повітря Венеціанської Рив єри подарують Вам найкращий відпочинок, а прибережні ресторанчики завжди запропонують насолодитися дивно ніжними стравами з риби і морепродуктів. Відпочинок на морі. Для бажаючих рекомендуємо: Заручена з морем - Венеція ( Дорослий: 43€ / Діти: 38€ ) Всіх бажаючих запрошує красуня на воді, &laquo;заручена з морем&raquo;, - так кажуть про Венецію - найбільш витончене і таємниче місто Італії. Це місто - прекрасна казка, яка застигла в камені. Багато стол",600
https://www.accordtour.com/tours/660106/tab/tab_price/tour_date/2026-04-29/cls_number_adult_cnt/%7B1:1%7D/cls_number_child_age/%7B%7D/tour_include_ins/true,"Морський вікенд: 2 дні на морі Порторож, Лідо ді Єзоло і Венеція",4,Егер – купальні Егерсалок,"мо: Дегустація егерських вин і смачний гуляш в Долині Красунь: 23€; існо, справжній гуляш! Угорський Памуккале - місто Егерсалок!: 10€","Прибуття в Егер. Всім бажаючим пропонуємо: Дегустація егерських вин і смачний гуляш в Долині Красунь ( Дорослий: 23€ / Діти: 18€ ) Для всіх учасників - найбільш відоме вино - ""Бича кров"" и найбільш приємне - ""Егерська дівчина"". І, звісно, справжній гуляш! Угорський Памуккале - місто Егерсалок! ( Дорослий: 10€ / Діти: 10€ + вх. квиток) Термальні дива Угорщини. для прекрасного відчуття бадьорості –пропонуємо відвідати Велнес-Комплекс. До Ваших послуг незвичайні масажі, розважальні басейни, ексклюзивні сауни, приємні і ніжні ванни ... Орієнтовний час прибуття до Львова 23:00. Місце прибуття у Льв",600
https://www.accordtour.com/tours/8335/tab/tab_price/tour_date/2026-05-07/cls_number_adult_cnt/%7B1:1%7D/cls_number_child_age/%7B%7D/tour_include_ins/true,Ритми моди: Париж+Мілан,1,Львів – Вроцлав,кордону. При наявності вільного часу: Місто гномів - Вроцлав: 18€,"Виїзд в тур відбувається із Львівського залізничного вокзалу. Перетин кордону. При наявності вільного часу: Місто гномів - Вроцлав ( Дорослий: 18€ / Діти: 13€ ) Рекомендуємо екскурсію по місту 12 островів і більше 100 мостів - легендарну колиску Польщі! Старе Місто є одним з найкрасивіших в Польщі, чарівна Ратуша зі старовинним сонячним годинником, а площа вроцлавського ринку займає друге за величиною місце, після Краківського. Для більшості це місто чудес, де кожен знайде частинку своєї мрії. Переїзд і поселення в готелі. <div class=""",541
https://www.accordtour.com/tours/8335/tab/tab_price/tour_date/2026-05-07/cls_number_adult_cnt/%7B1:1%7D/cls_number_child_age/%7B%7D/tour_include_ins/true,Ритми моди: Париж+Мілан,2,Дрезден – Саксонська Швейцарія,з чим. Для бажаючих рекомендуємо: Дрезденска картинна галерея: 18€,"Сніданок. Екскурсія Аристократичний Дрезден (входить у вартість туру) Дрезден — Саксонська перлина на Ельбі. Місто, де мистецтво живе в архітектурі! Розкішна опера Земпера, легендарний Цвінгер з колекціями світового рівня, резиденція династії Веттинів та тераса Брюля ідеальний фон для фото й натхнення. Недарма його називають Флоренцією на Ельбі! А ще — саксонська кухня, вино з характером і шарм старої Європи, який не сплутаєш ні з чим. Для бажаючих рекомендуємо: Дрезденска картинна галерея ( Дорослий: 18€ / Діти до 16 років: 16€ + вх. квиток) Пориньте у світ шедеврів! У Дрезденській галереї ст",600
https://www.accordtour.com/tours/8335/tab/tab_price/tour_date/2026-05-07/cls_number_adult_cnt/%7B1:1%7D/cls_number_child_age/%7B%7D/tour_include_ins/true,Ритми моди: Париж+Мілан,3,Париж – Фрагонар – ріка Сена – Монмартр,,"Сніданок. Переїзд в місто - безмежного захоплення - Париж, місто, про яке неможливо забути ... лише раз його відвідавши ... Екскурсія Магія Парижа! (входить у вартість туру) Пішохідна екскурсія. Париж стає рідним з першого погляду, з першого кроку його витертою бруківкою. Паризькі прогулянки заводять у минуле, в пам'ять серця, у потаємні куточки душі. Франсуаза Саган, Коко Шанель, Джо Дассен, Бріджит Бардо.... Екскурсія Музей парфумів Fragonard (входить у вартість туру) Музей парфумів Fragonard — де аромати розповідають історії. Зазирнемо у світ спокуси, шлейфів і секретів французької парфумер",600
https://www.accordtour.com/tours/8335/tab/tab_price/tour_date/2026-05-07/cls_number_adult_cnt/%7B1:1%7D/cls_number_child_age/%7B%7D/tour_include_ins/true,Ритми моди: Париж+Мілан,4,Париж – Версаль – Нормандія – Діснейленд,"сть відвідати на вибір: Яскрава Нормандія: скелі Етрета, Руан: 68€; чар незабутнього французького дня. Версаль. Банти і діаманти.: 38€","Сніданок. Вільний час в Парижі. Є можливість відвідати на вибір: Яскрава Нормандія: скелі Етрета, Руан ( Дорослий: 68€ / Діти до 16 років: 50€ , до 6 років: 0€ ) Нормандія- це пейзажі, які хочеться зберегти назавжди. Скелі Етрета — мов картина, яку створила сама природа, і яку міг би підписати Моне. Аромати моря, сидру й свіжих морепродуктів у Трувілі — як спогад, що смакує щастям. Руан відкриє легенди Жанни д&rsquo;Арк, готичну велич і чар незабутнього французького дня. Версаль. Банти і діаманти. ( Дорослий: 38€ / Діти до 16 років: 30€ , до 6 років: 0€ + вх. квиток) Королівська резиденція – В",600
https://www.accordtour.com/tours/8335/tab/tab_price/tour_date/2026-05-07/cls_number_adult_cnt/%7B1:1%7D/cls_number_child_age/%7B%7D/tour_include_ins/true,Ритми моди: Париж+Мілан,5,Париж – Лувр,в Парижі. Для бажаючих на вибір: Лувр – енциклопедія століть: 38€; жлива за наявності квитків на офіційному сайті. Все про Париж: 30€,"Сніданок. Вільний час в Парижі. Для бажаючих на вибір: Лувр – енциклопедія століть ( Дорослий: 38€ / Діти до 16 років: 30€ , до 6 років: 0€ + вх. квиток) Світ Мистецтва – світ геніїв, які залишили в дар людству великі шедеври. Зачинено у вівторок та в святкові дні. Екскурсія можлива за наявності квитків на офіційному сайті. Все про Париж ( Дорослий: 30€ / Діти до 16 років: 21€ , до 6 років: 0€ ) Автобусна екскурсія по Парижу з фотопаузами. Нас очікують: площа Конкорд, Великі та Малі палаци, будинок Інвалідів, величний Лувр, один з найкрасивіших театрів світу – Гранд Опера, церква Мадлен, парк ",600
https://www.accordtour.com/tours/8335/tab/tab_price/tour_date/2026-05-07/cls_number_adult_cnt/%7B1:1%7D/cls_number_child_age/%7B%7D/tour_include_ins/true,Ритми моди: Париж+Мілан,6,Мілан – озеро Комо – Бергамо,,"Сніданок. Переїзд в Італію. Екскурсія Місто моди і мистецтва – Мілан (входить у вартість туру) У цьому місті є все: античність і сучасність, прогрес і культура. Найдавніше місто, яке вважається одним з найдинамічніших в Європі. Мілан – столиця моди і дизайну, але також і місто, багате пам'ятками архітектури і творами мистецтва. Нашій увазі символ Мілана – Домський Собор. Побудований в готичному стилі грандіозний Собор Дуомо міланці жартома називають ""Їжачком"". Вітражі Дуомо вражають своєю красою і незвичністю. Ми побачимо всесвітньо відомий оперний театр ""Ла Скала"". Театр, який відомий далеко ",600
https://www.accordtour.com/tours/8335/tab/tab_price/tour_date/2026-05-07/cls_number_adult_cnt/%7B1:1%7D/cls_number_child_age/%7B%7D/tour_include_ins/true,Ритми моди: Париж+Мілан,7,Венеція – Палац дожів – Гранд Канал,,"Сніданок. Екскурсія Заручена з морем - Венеція (входить у вартість туру) Нас запрошує красуня на воді, &laquo;заручена з морем&raquo;, - так кажуть про Венецію (додатк. оплач. громадський транспорт - 30&euro;/26&euro;) - найбільш витончене і таємниче місто Італії. Це місто - прекрасна казка, яка застигла в камені. Багато століть майстри і художники прославляли його і прикрашали своїми творами. Тут прекрасно поєднуються розкішні палаци і скромні вузенькі вулички, мовчазні канали та гомінкі ринки. Затишні кафе запрошують нас на ароматну каву, а на площі Сан Марко просто на долоню сідають голуби ",600
https://www.accordtour.com/tours/8335/tab/tab_price/tour_date/2026-05-07/cls_number_adult_cnt/%7B1:1%7D/cls_number_child_age/%7B%7D/tour_include_ins/true,Ритми моди: Париж+Мілан,8,Відень – Львів,"ує Відень. Для бажаючих на вибір: Відень - столиця Габсбургів: 18€; ка Шопена, і Моцарта, і Штрауса, і, і, і ...! Величний Відень: 26€","Сніданок. Переїзд до Відня. Відоме місто австрійських імператорів і талановитих музикантів, місто музики, вальсів, розкішних парків, чудового вина... Нас запрошує Відень. Для бажаючих на вибір: Відень - столиця Габсбургів ( Дорослий: 18€ / Діти: 13€ ) Відень - це аромат кави в знаменитих Віденських кав'ярнях, Віденський штрудель і Віденський бал ... Розкішні фіакри, парки, що тонуть у зелені і ... музика! &laquo;При слові Відень - серце святково тріумфує, сильніше б'ється від любові, при слові Відень - музика Шопена, і Моцарта, і Штрауса, і, і, і ...! Величний Відень ( Дорослий: 26€ / Діти до ",600
https://www.accordtour.com/tours/1030,Фіорди Півночі!!!,1,Львів – Варшава,чірня екскурсія по столиці Польщі Таємниці загадкової Варшави: 18€,"Збір на Львівському залізничному вокзалі. Перетин кордонів. Переїзд по території Польщі При наявності часу нас чекає вечірня екскурсія по столиці Польщі Таємниці загадкової Варшави ( Дорослий: 18€ / Діти: 13€ ) Романтичне, чарівне і таємниче Старе місто Варшави запрошує в гості. Тут важко позбутися відчуття, що блукаєш десь в казці або по величезній декорації з затишними різнокольоровими будинками. Ми побачимо одну з найкрасивіших будівель, яку часто зображують на листівках Варшави. Переїзд в готель. Ночівля. <div class=""",527
https://www.accordtour.com/tours/1030,Фіорди Півночі!!!,2,Гданськ – Мальборк – Сопот,апрошуємо відвідати Подорож по середньовіччю - замок Мальборк: 38€,"Сніданок. Екскурсія Гданськ - золоті Ворота Речі Посполитої (входить у вартість туру) Старовинна Королівська дорога прикрашена Золотим будинком, Двором легендарного короля Артуса, фонтаном Нептуна, а також Ратушею Старого міста, на площі перед якою місцеві жителі вітали королів! Скарб Гданська - Марьяцький храм - другий за величиною і красі собор в Європі, з вежі якого кожну годину лунає чарівний передзвін. Вільний час. Запрошуємо відвідати Подорож по середньовіччю - замок Мальборк ( Дорослий: 38€ / Діти: 30€ + вх. квиток) Середньовічна резиденція Великого Магістра Тевтонського ордена з 700-лі",600
https://www.accordtour.com/tours/1030,Фіорди Півночі!!!,3,Копенгаген – Кронборг – Ересуннський міст,,"Сніданок на поромі (оплачується додатково). Прибуття в порт. Переїзд в Данію. Дорога крізь море... диво Ересуннського мосту (входить у вартість туру) Подорож зі Швеції до Данії або навпаки — це справжня інженерна пригода! Ми перетнемо протоку Ересун по унікальному мосту, який поступово занурюється під воду й перетворюється на тунель. Це грандіозна споруда, що поєднала два береги, дві країни й два моря — Балтійське та Північне. Переїзд через міст захоплює не лише своїми масштабами, а й краєвидами, від яких перехоплює подих — здається, ніби сам світ об&rsquo;єднується в одному подиху моря й неба",600
https://www.accordtour.com/tours/1030,Фіорди Півночі!!!,4,Флом – Сталхейм – Согне-фіорд,,"Сніданок. Норвегія- проєкт мрії (входить у вартість туру) Сьогоднішній день буде сповнений вражень, недарма кажуть, що Норвегія-це найдорожчий і найкрасивіший проект останнього століття. Починаємо цей прекрасний день .... Норвегія - це гори, фіорди, водоспади, північне сяйво і білі ночі, в них краса і велич північної країни. Кожна людина хоча б один раз в житті хоче побувати тут! Нас чекають гори Хемседала, найдовший дорожній тунель у світі Лердальскій - 24,5 км, найдовший і вузький фьорд Норвегії - Согнефьорд. Прибуття в Флом- мальовниче селище в Норвегії, розташоване на березі одного з найгл",600
https://www.accordtour.com/tours/1030,Фіорди Півночі!!!,5,Язик Троля – Берген,"час рекомендуємо відвідати: Берген – місто між сімома горами: 38€; а північні острови Язик Троля — там, де небо торкається землі: 68€","Сніданок. Вільний час в одному з містечок Согнефіорд. У вільний час рекомендуємо відвідати: Берген – місто між сімома горами ( Дорослий: 38€ / Діти: 30€ ) Берген – одне з великих міст Норвегії – ворота в світ фіордів. Місто оточене горами і водою і дихає чарівністю. Городяни пишаються своїм містом і з любов'ю показують його усім бажаючим. У гарну погоду ми піднімемося на фунікулері Floibanen (вхідний квиток оплачується самостійно). І побачимо прекрасний вид на місто, на його фіорди і на північні острови Язик Троля — там, де небо торкається землі ( Дорослий: 68€ / Діти до 16 років: 55€ , до 6 р",600
https://www.accordtour.com/tours/1030,Фіорди Півночі!!!,6,Гетеборг – Осло,ри наявності часу рекомендуємо на вибір: Душа Швеції Гетеборг: 26€; еветками&raquo; в ресторані неба. Місто чотирьох королів Осло: 26€,"Сніданок. При наявності часу рекомендуємо на вибір: Душа Швеції Гетеборг ( Дорослий: 26€ / Діти до 16 років: 18€ , до 6 років: 0€ ) Гетеборг - столиця західного узбережжя Швеції. Це море, сонце, вітер і атмосфера південного шведського міста. Місто ресторанів і центр промислу креветок, яких тут дуже багато, і вони тут дуже смачні. Оглядова екскурсія по місту з оглядом головних визначних пам'яток і можливістю спробувати найвідоміший &laquo;бутерброд з креветками&raquo; в ресторані неба. Місто чотирьох королів Осло ( Дорослий: 26€ / Діти: 21€ ) Місто чотирьох королів - велика прогулянка по Осло .",600
https://www.accordtour.com/tours/1030,Фіорди Півночі!!!,7,Торунь – Львів,порт. Переїзд по території Польщі Пряникове містечко - Торунь: 18€,"Сніданок на поромі (оплачується додатково). Прибуття в порт. Переїзд по території Польщі Пряникове містечко - Торунь ( Дорослий: 18€ / Діти: 16€ ) Будинок і університет Коперніка, Староміська площа, ратуша, костел св. Яна, в якому зберігається знаменитий дзвін ""Tuba Dei"" (Сурма Господа), другий в країні за величиною після краківського Сигизмунда (7 тонн). Торунь славиться і єдиною в Польщі ""пізанською"" вежею, лише називається вона тут Krzywa Wieza (крива вежа). Рекомендуємо спробувати один із найсмачніших кулінарних символів Польщі - торунські пряники! Перетин кордону. Повернення в Україну. Ча",600
https://www.accordtour.com/tours/866106,Мрії серед Альп... Швейцарія + Ельзас,1,Львів – Краків,вропі! При бажанні групи і наявності часу. Милий серцю Краків: 18€,"Відправлення в тур Старт нашої подорожі — зі Львова, а саме з площі Двірцевої (ориєнтир -залізничний вокзал). Звідси починається пригода, яку ви точно запам&rsquo;ятаєте: нові місця, сотні фото й море вражень. Переїзд територією України, перетин кордону — і ми вже в Європі! При бажанні групи і наявності часу. Милий серцю Краків ( Дорослий: 18€ / Діти: 13€ ) Ми побачимо затишні і романтичні куточки Кракова , почуємо історії закоханих принцес і королів. Дізнаємось про таємниці королівських весіль і веселе життя краківських художників. Місто з чудовою атмосферою, добрими людьми і багатою історією",600
https://www.accordtour.com/tours/866106,Мрії серед Альп... Швейцарія + Ельзас,2,Зальцбург – Зальцкаммергут – Гальштат – Кенігзеє,а відчути. Для бажаючих Озерний рай – долина Зальцкамергут: 46€,"Сніданок. Переїзд в Австрію. Екскурсія Зальцбург – звуки музики (входить у вартість туру) Зальцбург — альпійська казка, де звучить музика Моцарта і живе дух бароко. Його називають північною Флоренцією за велич і витонченість. Тут — палаци, собори, фонтани, сади й атмосфера мистецтва, яка проникає в кожен крок. Це місто, яке хочеться не просто побачити — а відчути. Для бажаючих Озерний рай – долина Зальцкамергут ( Дорослий: 46€ / Діти до 16 років: 36€ , до 5 років: 0€ ) Понад 50 кришталево чистих озер, альпійські містечка з пастельними фасадами та пейзажі, які виглядають ніби з обкладинки журна",600
https://www.accordtour.com/tours/866106,Мрії серед Альп... Швейцарія + Ельзас,3,Вадуц – Цюрих – Люцерн – Рейнський водоспад,групи і наявності часу. Ліхтенштейн: Князівство на долоні...: 20€,"Сніданок. При бажанні групи і наявності часу. Ліхтенштейн: Князівство на долоні... ( Дорослий: 20€ / Діти до 16 років: 16€ ) Князівство Ліхтенштейн - одна з найменших країн Європи, розміром усього 160 км&sup2;, але з великим характером. Його столиця Вадуц - затишне гірське містечко з атмосферою швейцарського спокою й міжнародного стилю. Головна перлина - князівський замок на пагорбі, резиденція правлячої родини, частини якої збереглися ще з XII століття. Мініатюрна держава, що дивує кожного, хто шукає щось особливе. Швейцарія - це рай, її уявляють по-різному і лише опинившись тут кожен знаходи",600
https://www.accordtour.com/tours/866106,Мрії серед Альп... Швейцарія + Ельзас,4,Страсбург – Кольмар – Європа-парк,,"Сніданок. Екскурсія Серце Ельзасу - Страсбург (входить у вартість туру) Ельзас немов зійшов зі сторінок казки: будиночки з двосхилими дахами, побудовані з каменю і дерева, прикрашені квітами, на пічних трубах деяких з них звили гнізда лелеки. Пішохідна прогулянка по старому місту, острову, кварталу ремісників Petit de France, по вузьких мальовничих переулочках з відвідуванням французького і німецького кварталів. Ми зануримося в незвичайну атмосферу двотисячолітнього міста. Широкі проспекти і вузькі вулички, невигадані історії та фантастичні легенди, паради і капітуляції, війна і мир – все зміш",600
https://www.accordtour.com/tours/866106,Мрії серед Альп... Швейцарія + Ельзас,5,Прага – Львів,"ніданок. При бажанні групи і наявності часу. Зустріч з Прагою: 18€; я для того, щоб загадати бажання! Таємниці королів – Градчани: 18€","Сніданок. При бажанні групи і наявності часу. Зустріч з Прагою ( Дорослий: 18€ / Діти до 16 років: 13€ ) У лабіринтах маленьких вуличок ви поринете в таємничу атмосферу Старого міста. Староміська площа та Астрономічний годинник з небесною механікою на ратуші, Карлова вулиця... І Карлів міст! Потрібно тут зупинитися для того, щоб загадати бажання! Таємниці королів – Градчани ( Дорослий: 18€ / Діти до 16 років: 13€ , до 6 років: 0€ ) Дізнатися про життя королів і придворних, про палацові інтриги і змови, злочини і покарання, які відбувалися з найсвітліших спонукань – в ім'я віри і держави. Вас ч",600
https://www.accordtour.com/tours/801366,"Мікс щасливих емоцій Ніцца, Монако, Портофіно",1,Львів – Будапешт,"За бажанням групи. Прогулянка на кораблику ""Чарівність Дунаю"": 30€; ий Палац... З шампанським... по Дунаю. Шарм нічного Будапешту: 18€","Відправлення в тур. (Місце відправки: залізничний вокзал м.Львів, площа Двірцева 1) Переїзд по Україні, перетин кордонів. За бажанням групи. Прогулянка на кораблику ""Чарівність Дунаю"" ( Дорослий: 30€ / Діти до 16 років: 26€ , до 6 років: 0€ ) Сім мостів дивовижно оздоблюють прекрасний Дунай, які, мов нитки перлів, пов'язують дві частини міста – Буду і Пешт ... У воді відображаються величні будівлі: Парламент, Академія наук, Королівський Палац... З шампанським... по Дунаю. Шарм нічного Будапешту ( Дорослий: 18€ / Діти до 16 років: 13€ , до 6 років: 0€ ) Ми проведемо вільний час в улюбленому міс",600
https://www.accordtour.com/tours/801366,"Мікс щасливих емоцій Ніцца, Монако, Портофіно",2,озеро Гарда – Верона – Песк єра-Борромео,,"Прибуття в Італію - чарівну, темпераментну і неймовірно красиву. В Італії черпали своє натхнення великі майстри мистецтва і дарували світу свої безсмертні шедеври ... Краса озера Гарда (входить у вартість туру) Неодноразово відомі літератори прославляли смарагдові води озера Гарда і відзначали диво мінливих пейзажів по його берегах. Сьогодні ми випробуємо почуття захоплення, насолоди, заспокоєння. Величні гори, в поєднанні з оливками гаями, піщаними пляжами і смарагдовою водною гладдю. Відпочинок на озері в містечку Пескара. З найомство з перлиною озера Гарда - казковим курортним містечком Сір",600
https://www.accordtour.com/tours/801366,"Мікс щасливих емоцій Ніцца, Монако, Портофіно",3,Відпочинок на лазурному березі – Ніцца – Фрагонар – Монако,,"Сніданок. Ах, це Лазурне Узбережжя – синонім блиску, краси і безкінечного задоволення... Екскурсія Парфумерна фабрика Фрагонар (входить у вартість туру) Ми прибудемо в середньовічний Ез . Французьке містечко, що сидить на вершині скелі над півостровом Сен-Жан-Кап-Ферра - справжня перлина французького Лазурного узбережжя. Невеликий, але нескінченно затишний, з вузькими вуличками і великою кількістю квітів. З високогір'я відкриваються приголомшливі види на Лазурне узбережжя. Відвідування парфумерної фабрики Фрагонар. Нам розкажуть про історію створення ароматів і процесі виробництва запашної про",600
https://www.accordtour.com/tours/801366,"Мікс щасливих емоцій Ніцца, Монако, Портофіно",4,Генуя – Санта-Маргерита і Портофіно – Чинкве-Терре,,"Сніданок. Екскурсія Господиня моря – Генуя (входить у вартість туру) Давня морська держава і найбільший порт в Північній Італії Генуя, є столицею Лігурії, а історична спадщина ""портової республіки"" не дає спокою багатьом дослідникам і простим шукачам нових вражень. Вузькі вулички, маленькі площі, сходи в своєму тісному просторі приховують тисячолітню історію міста. Тут народився знаменитий мандрівник Христофор Колумб, поет Петрарка і композитор Паганіні. Це місто ще в царські часи любила відвідувати аристократія і зараз в його передмісті знаходиться наймодніша курортна зона країни. У вільний ч",600
https://www.accordtour.com/tours/801366,"Мікс щасливих емоцій Ніцца, Монако, Портофіно",5,Венеція,"льму. Атмосфера, яку не сплутаєш ні з чим. Вся Краса Венеції!: 38€","Сніданок. (дод. опл. громадський транспорт- 30€/26€) Екскурсія Заручена з морем Венеція (входить у вартість туру) Місто на воді, де кам&rsquo;яна казка пливе крізь час. Венеція — це карнавальні маски, гондоли, дзвони Сан-Марко і аромати справжньої італійської кави. Тут канали шепочуть історії, а кожен куточок — як сцена з фільму. Атмосфера, яку не сплутаєш ні з чим. Вся Краса Венеції! ( Дорослий: 38€ / Діти до 16 років: 30€ , до 6 років: 15€ ) Водний круїз. Прогулянка на водному таксі по Гранд Каналу - єдиній у світі ""водній вулиці"". Великий канал – символ блиску і розкоші Венеціанської респуб",600
https://www.accordtour.com/tours/801366,"Мікс щасливих емоцій Ніцца, Монако, Портофіно",6,Балатон – Тихань – Львів – Егер – купальні Егерсалок – Долина Красунь,Залежно від бажання групи на вибір: Балатон – угорське море: 18€,"Переїзд в Угорщину. Залежно від бажання групи на вибір: Балатон – угорське море ( Дорослий: 18€ / Діти: 13€ + вх. квиток) Переїзд на озеро Балатон - найбільше озеро в Центральній Європі! Це справжнє &ldquo;Угорське море&rdquo; – мрія і поезія, історія і традиції, зібрання рідкісних казок та гордість видатних угорців. Трошки вільного часу для купання в озері. Шовкові обійми хвиль, надуті вітрила яхт, сонце і хороший настрій - Балатон з задоволенням відкриє перед вами постійний світ молодості, літа і незабутніх розваг, які ще нікого не залишили байдужими! А також: рекомендуємо саме тут попробува",600
https://www.accordtour.com/tours/7936,Три щасливі дні Прага + Дрезден,1,Львів – Краків,ретин кордонів. Прибуття в Краків. Краків...Королівський шлях: 18€,"Збір на залізничному вокзалі м. Львів. Виїзд зі Львова. Переїзд по Україні. Перетин кордонів. Прибуття в Краків. Краків...Королівський шлях ( Дорослий: 18€ / Діти до 16 років: 13€ ) Краків-місто – вражаюче, красиве і загадкове. Місто художників і музикантів, зі своїми легендами і, звичайно ж, милими польськими жартами. У ньому потрібно зупинитись хоча б на мить... Вавельський пагорб, Кафедральний собор, Двір резиденції. Зупинки на фотопаузу. Вулиця Гродська, Королівський шлях ми дійдемо до Ринкової площі, послухаємо трубача в Маряцькому костелі, зайдемо і виберемо сувенір на торгових рядах Сук",600
https://www.accordtour.com/tours/7936,Три щасливі дні Прага + Дрезден,2,Прага – Градчани – Празький зоопарк – Карлові Вари,ти екскурсії і програми на вибір: Таємниці королів – Градчани: 18€,"Сніданок. День, який ми присвятимо Празі. Екскурсія Зустріч з Прагою (входить у вартість туру) У лабіринтах маленьких вуличок ви поринете в таємничу атмосферу Старого міста. Староміська площа та Астрономічний годинник з небесною механікою на ратуші, Карлова вулиця... І Карлів міст! Потрібно тут зупинитися для того, щоб загадати бажання! Вільний час в Празі. Рекомендуємо відвідати екскурсії і програми на вибір: Таємниці королів – Градчани ( Дорослий: 18€ / Діти до 16 років: 13€ , до 6 років: 0€ ) Дізнатися про життя королів і придворних, про палацові інтриги і змови, злочини і покарання, які ві",600
https://www.accordtour.com/tours/7936,Три щасливі дні Прага + Дрезден,3,Прага – Дрезден – Саксонська Швейцарія – Майсен – Замок Моріцбург – Чеський Крумлов,нтрі. Розкішні будівлі Цвінгера. Дрезденська картинна галерея: 18€,"Сніданок. Вільний час в Празі. Для бажаючих Екскурсія Саксонський Дрезден (входить у вартість туру) Протягом семи століть місто було резиденцією герцогів і королів. Дрезден відомий своїми архітектурними ансамблями, скарбами музеїв, колекціями живопису і прекрасною панорамою берегів Ельби. Екскурсія по Старому місту – Театральна площа з Дрезденською оперою в центрі. Розкішні будівлі Цвінгера. Дрезденська картинна галерея ( Дорослий: 18€ / Діти до 16 років: 16€ + вх. квиток) У галереї старих майстрів одне з найбільших у світі зібрань живопису XV-XVIII століть. Найвідоміші шедеври колекції: ""Сікс",600
https://www.accordtour.com/tours/7936,Три щасливі дні Прага + Дрезден,4,Прага – Брно – Катовіце – Краків – Львів,"ри бажанні групи ранкова екскурсія: Вишеград – колиска легенд: 18€; сторичні факти, міфи, і легенди, міфи, легенди. Все про Прагу: 25€","Сніданок. За бажанням групи. При бажанні групи ранкова екскурсія: Вишеград – колиска легенд ( Дорослий: 18€ / Діти: 13€ ) Ми пройдемося трьома Вишеградськими воротами: Таборським, Шпічка і Леопольдова, відвідаємо найдавнішу романську ротонду в Празі. Ми отримаємо задоволення від прекрасних панорам Праги на річку Влтаву і Празький град. І звичайно, історичні факти, міфи, і легенди, міфи, легенди. Все про Прагу ( Дорослий: 25€ / Діти до 16 років: 16€ , до 6 років: 0€ ) Автобусна оглядова екскурсія по Празі - самий надійний спосіб познайомитися з чарівним містом. Історія Празької телевежі, найвищ",600
https://www.accordtour.com/tours/1118173/tab/tab_price/tour_date/2026-04-26/cls_number_adult_cnt/%7B1:1%7D/cls_number_child_age/%7B%7D/tour_include_ins/true,Французький поцілунок!!!,1,Львів – Краків,и... Рекомендуємо відвідати на вибір: Серце Кракова – Казімеж: 18€,"Зустріч на залізничному вокзалі Львова (пл.Двірцева 1). Виїзд в тур. Перетин кордону. Переїзд до Кракова. Оглядова екскурсія. Екскурсія Краків -королівський шлях (входить у вартість туру) Шлях, по якому протягом багатьох сторіч проїжджали польські королі: місце де переплітаються легенди... Найстаріша частина міста - Ринкова площа, один із найстаріших університетів Європи - Ягелонський університет, середньовічний центр торгівлі - торгові ряди, де Ви можете придбати сувеніри на згадку про проведені тут хвилини... Рекомендуємо відвідати на вибір: Серце Кракова – Казімеж ( Дорослий: 18€ / Діти: 13",600
https://www.accordtour.com/tours/1118173/tab/tab_price/tour_date/2026-04-26/cls_number_adult_cnt/%7B1:1%7D/cls_number_child_age/%7B%7D/tour_include_ins/true,Французький поцілунок!!!,2,Дрезден – Майсен – Саксонська Швейцарія,Дрезден! Запрошуємо на екскурсію Саксонський монарх - Дрезден: 18€,"Сніданок. Приїзд в місто казку, місто мрію - Дрезден! Запрошуємо на екскурсію Саксонський монарх - Дрезден ( Дорослий: 18€ / Діти: 13€ ) Дрезденський оперний театр - один із найкрасивіших у світі, розкішний Цвінгер із неперевершеними колекціями, Резиденція саксонської правлячої династії Веттинів, величезний комплекс в стилі ренесанс, і це ще далеко не все ...! Адже саме завдяки красі архітектурного ансамблю Театральної площі Дрезден отримав ім'я &laquo;Флоренція-на-Ельбі&raquo;, уздовж якої знаходиться тераса Брюля! Дрезден - це широка Ельба, це саксонська кухня, тонке саксонське вино і загадк",600
https://www.accordtour.com/tours/1118173/tab/tab_price/tour_date/2026-04-26/cls_number_adult_cnt/%7B1:1%7D/cls_number_child_age/%7B%7D/tour_include_ins/true,Французький поцілунок!!!,3,Париж – Лувр – Версаль – Монпарнас – Монмартр – Нотр-Дам де парі (Собор Паризької Богоматері),,"Орієнтовно 09:00 приїзд в місто. Місто - безмежного захоплення - Париж, місто, про яке неможливо забути... лише раз його відвідавши... Екскурсія Магія Парижа! (входить у вартість туру) Париж — місто, в яке закохуєшся з першого кроку. Бруківка, що зберігає сліди історії, балкони з кованими перилами, аромат кави й французьких духів у повітрі&hellip; Тут оживають сторінки книг і сцени з фільмів: Шанель, Саган, Джо Дассен, Бардо — дух Парижа в усьому. Прогулянка його вулицями — це прогулянка серцем. Музей парфумів Fragonard (входить у вартість туру) Музей парфумів Fragonard — де аромати розповідаю",600
https://www.accordtour.com/tours/1118173/tab/tab_price/tour_date/2026-04-26/cls_number_adult_cnt/%7B1:1%7D/cls_number_child_age/%7B%7D/tour_include_ins/true,Французький поцілунок!!!,4,Прага,,"Приїзд в Прагу. Пішохідна екскурсія Екскурсія Прага – місто легенд (входить у вартість туру) Прага вважається одним з найкрасивіших міст Європи, яке багато століть захоплює і не перестає дивувати!!! Староміська площа та Астрономічний годинник, чудовий храм Діви Марії перед Тином, легендарний Карлів міст, Золота вуличка, Вацлавська площа, Карлова вулиця... Всього й не перерахувати! Усю цю красу ми, безсумнівно, бачили на картинках, чули про них, але, мабуть, досить мріяти, пора все це побачити своїми очима... Поселення в готель після 14:00. У вільний час рекомендуємо відвідати: Королівські Град",600
https://www.accordtour.com/tours/1118173/tab/tab_price/tour_date/2026-04-26/cls_number_adult_cnt/%7B1:1%7D/cls_number_child_age/%7B%7D/tour_include_ins/true,Французький поцілунок!!!,5,Брно – Львів – Кутна Гора – Замок Чеський Штернберк,з екскурсій на вибір: Замок Золотої зірки – Чеський Штернберк: 38€; нені родовими колекціями Штернбергів. Срібне місто Кутна Гора: 18€,"Сніданок. За бажанням групи. Одна з екскурсій на вибір: Замок Золотої зірки – Чеський Штернберк ( Дорослий: 38€ / Діти до 16 років: 21€ + вх. квиток) Замок був заснований в XIII столітті предками сучасних Штернбергів і названий згідно геральдичного знаку роду – Золотої зірки. Ми побачимо репрезентативні покої замку, наповнені родовими колекціями Штернбергів. Срібне місто Кутна Гора ( Дорослий: 18€ / Діти: 13€ ) Це старовинне містечко срібних рудокопів із затишними маленькими будиночками, кам'яною бруківкою та магазинчиками скла. Тут знаходиться королівський Монетний двір, де були викарбувані п",600
https://www.accordtour.com/tours/1118326,Вікенд з видом на море: відпочинок на Адріатичному морі Італії + Венеція,1,Львів – Будапешт,туя єпископа Геллерта. Для бажаючих Ажурна прикраса Будапешту: 30€,"Виїзд в тур відбувається із Львівського залізничного вокзалу. Перетин кордону. Прибуття в Будапешт. Екскурсія Шарм нічного міста (входить у вартість туру) Пропонуємо вечірню екскурсію по Будапешту . Запрошуємо Вас на прогулянку по головному і найгламурнішому променаду столиці - набережній Корзо і вулиці Ваці. Вечірні види двох сторін набережної полонять своєю красою - Королівський палац, Рибальський бастіон і статуя єпископа Геллерта. Для бажаючих Ажурна прикраса Будапешту ( Дорослий: 30€ / Діти: 26€ ) Річкова прогулянка - незабутня водна подорож по Дунаю... Нічний переїзд. <div class=""",593
https://www.accordtour.com/tours/1118326,Вікенд з видом на море: відпочинок на Адріатичному морі Італії + Венеція,2,Лідо Ді Єзоло – Адріатичне узбережжя – Трієст,ло. У вільний час рекомендуємо відвідати: Несподіваний Трієст: 38€,"Прибуття в Італію. Переїзд на Адріатичне узбережжя. Широкі піщані пляжі, тепле спокійне і неглибоке море, цілюще хвойне повітря Венеціанської Рив єри подарують Вам найкращий відпочинок, а прибережні ресторанчики завжди запропонують насолодитися дивно ніжними стравами з риби і морепродуктів. Відпочинок на морі на Лідо ді Єзоло. У вільний час рекомендуємо відвідати: Несподіваний Трієст ( Дорослий: 38€ / Діти: 30€ ) Зазвичай європейські портові міста - це завжди метушня, галас, вузькі вулиці і натовпи жебраків, однак Трієст - абсолютне виключення з правил і поєднує в собі риси трьох абсолютно різ",600
https://www.accordtour.com/tours/1118326,Вікенд з видом на море: відпочинок на Адріатичному морі Італії + Венеція,3,Венеція – Палац дожів – Острови Мурано та Бурано,,"Сніданок. Заручена з морем - Венеція (входить у вартість туру) Нас запрошує красуня на воді, &laquo;заручена з морем&raquo;, - так кажуть про Венецію (додатк. оплач. громадський транспорт - 30&euro;/26&euro;) - найбільш витончене і таємниче місто Італії. Це місто - прекрасна казка, яка застигла в камені. Багато століть майстри і художники прославляли його і прикрашали своїми творами. Тут прекрасно поєднуються розкішні палаци і скромні вузенькі вулички, мовчазні канали та гомінкі ринки. Затишні кафе запрошують нас на ароматну каву, а на площі Сан Марко просто на долоню сідають голуби .... Вільн",600
https://www.accordtour.com/tours/1118326,Вікенд з видом на море: відпочинок на Адріатичному морі Італії + Венеція,4,Егер – купальні Егерсалок – Львів,"Дегустація егерських вин і смачного гуляшу в Долині Красунь!: 24€; Егерська Дівчина"" . Угорський Памуккале - місто Егерсалок!: 10€","Прибуття в Егер. Усім бажаючим рекомендуємо відвідати: Дегустація егерських вин і смачного гуляшу в Долині Красунь! ( Дорослий: 24€ / Діти до 16 років: 18€ ) Найвідоміше вино – ""Бича Кров"", а найприємніше – ""Егерська Дівчина"" . Угорський Памуккале - місто Егерсалок! ( Дорослий: 10€ / Діти: 10€ ) Термальні дива Угорщини. для прекрасного відчуття бадьорості –пропонуємо відвідати Велнес-Комплекс. До Ваших послуг незвичайні масажі, розважальні басейни, ексклюзивні сауни, приємні і ніжні ванни ... Орієнтовний час прибуття до Львова 23:00. Місце прибуття у Львові - залізничний вокзал. До нових зустр",600
https://www.accordtour.com/tours/681300,Грецький настрій: відпочинок на Егейському морі+Cалоніки+Метеори,1,Львів,,"Виїзд зі Львова. Можливе приєднання до туру: Стрий, Долина, Калуш, Івано-Франківськ, Коломия, Заболотів, Снятин, Чернівці. Перетин кордону. Нічний переїзд в Грецію. <div class=""",177
https://www.accordtour.com/tours/681300,Грецький настрій: відпочинок на Егейському морі+Cалоніки+Метеори,2,Салоніки – Відпочинок на узбережжі Егейського моря,,"Сніданок. Ласкаво просимо в Грецію! Прибуття на узбережжя Егейського моря! Відпочинок на морі. Після відпочинку: Екскурсія ""Наречена Півночі - Салоніки"" (входить у вартість туру) Запрошуємо ознайомитись з містом, де життя б'є ключем протягом усього року. Салоніки - місто трьох цивілізацій - Елліністичної, Римської та Візантійської, перехрестя епох і торгових шляхів. Нас чекають основні визначні пам'ятки: &laquo;Біла вежа&raquo;, що стала символом міста, Ротонда і Тріумфальна арка, Храм Святого Димитрія, покровителя міста, пам'ятник Олександра Македонського ... Ми побуваємо в мальовничому район",600
https://www.accordtour.com/tours/681300,Грецький настрій: відпочинок на Егейському морі+Cалоніки+Метеори,3,Метеори – Відпочинок на узбережжі Егейського моря,очинок на морі. Вільний час. Для бажаючих: Між небом і землею: 51€,"Сніданок. Трансфер на море. Відпочинок на морі. Вільний час. Для бажаючих: Між небом і землею ( Дорослий: 51€ / Діти до 16 років: 43€ + вх. квиток) Над Фессалійською долиною, покритою садами і гаями, зметнулися вгору величезні кам'яні брили. Це унікальний пам'ятник Візантійської епохи - Святі Метеори . Промениста монастирська держава, побудована на гігантських обривистих скелях, велично спрямованих в небо до Творця .... Круті стежки ведуть на вершини скель, звідки відкриваються захоплюючі види на долину річки Піньос і виникає непередаване відчуття, що сполучає в собі страх і захоплення .... Ві",600
https://www.accordtour.com/tours/681300,Грецький настрій: відпочинок на Егейському морі+Cалоніки+Метеори,4,Олімп – Діон – Скіатос – Відпочинок на узбережжі Егейського моря,на морі. Всім бажаючим пропонуємо: Погляд на Грецію з Олімпу: 33€,"Сніданок. Відпочинок на морі. Всім бажаючим пропонуємо: Погляд на Грецію з Олімпу ( Дорослий: 33€ / Діти до 16 років: 26€ + вх. квиток) Із стародавніх міфів ми пам'ятаємо, що 12 грецьких богів живуть на Олімпі. У такому недоступному місці боги поселились, щоб люди не мучили їх своїми проханнями. І сьогодні є можливість поглянути на справжнє житло богів. Спочатку нас чекає древнє місто Діон . Археологічний комплекс, де ми побачимо святилище Деметри і Великої Ісіди, античний Одеон, римські лазні і &laquo;палац Діоніса&raquo; - покровителя виноградної лози, веселощів і танців. Далі - легендарна г",600
https://www.accordtour.com/tours/681300,Грецький настрій: відпочинок на Егейському морі+Cалоніки+Метеори,5,Львів,,"Можливе від’єднання: Рогатин, Бурштин, Івано-Франківськ, Коломия, Чернівці. Час прибуття до Львова орієнтовно після 23:00 (залежить від проходження кордону). До нових зустрічей! <div class=""",190
https://www.accordtour.com/tours/7037/tab/tab_price/tour_date/2026-06-08/cls_number_adult_cnt/%7B1:1%7D/cls_number_child_age/%7B%7D/tour_include_ins/true,Натхненний вікенд в Трансільванії...,1,Одеса – Бухарест,,"Виїзд з Одеси. Можливе приєднання до групи в Ізмаїлі. Переїзд в Бухарест. Поселення в готелі. Найбільший термальний комплекс в Європі - Therme Bucurest (Трансфер: 21€ + вх. квиток ) У вільний час усім бажаючих пропонуємо відвідати найбільший термальний комплекс, у якому 8 басейнів з термальною водою багатою на мінеральні солі, 3-ри аромотерапевтичних басейни, сауни, джакузі, 16-ть водних гірок, pool bar, найбільший ботанічний сад в Румунії (500 пальм, 800 тис. Екзотичних рослин). Повернення в готель. <div class=""",518
https://www.accordtour.com/tours/7037/tab/tab_price/tour_date/2026-06-08/cls_number_adult_cnt/%7B1:1%7D/cls_number_child_age/%7B%7D/tour_include_ins/true,Натхненний вікенд в Трансільванії...,2,Бран – Брашов – Буштень – Сіная – Замок Пелеш – Трансильванія,,"Сніданок. Виселення з готелю. Екскурсія Місто парадоксів і контрастів, Бухарест (входить у вартість туру) поєднує в собі традиції Заходу і Сходу, що надає йому особливого, неповторного колориту. Оглядова екскурсія по місту: площа Конституції, площа Революції, монумент Відродження і будівля уряду. Напроти нього розташований палац першого румунського короля Карла Першого, у якому розташований Музей мистецтв. Переїзд в місто Сіная. Замок «Пелеш» (входить у вартість + вх. квиток) Екскурсія по літній резиденції королівської сім'ї Румунії, відвідування одного із найбільш неповторних музеїв Європи – ",600
https://www.accordtour.com/tours/7037/tab/tab_price/tour_date/2026-06-08/cls_number_adult_cnt/%7B1:1%7D/cls_number_child_age/%7B%7D/tour_include_ins/true,Натхненний вікенд в Трансільванії...,3,Ришнов – Ізмаїл – Одеса,зовніншій огляд) + Castle Valley: 23€,"Сніданок. Виселення з готелю. Вільний час. У вільний час пропонуємо: Фортеця Ришнов (зовніншій огляд) + Castle Valley ( Дорослий: 23€ / Діти до 16 років: 18€ + вх. квиток) Фортеця Ришнов – могутня селянська фортеця, збудована на крутій скелі протягом майже триста років, з 14 по 17 століття, для оборони від татарських набігів і вторгнень турецьких військ. Фортеця як місто в мініатюрі містила всі споруди, необхідні для побуту і життєдіяльності: церква, житлові будинки, майстерні, школу і т.д. Сьогодні на території фортеці складається ілюзія невеликого старого міста, з вузькими вуличками і однопо",600
https://www.accordtour.com/tours/381010,Вище неба: відпочинок у Доломітових Альпах Італії,1,Львів – Краків – Брно,часу пропонуємо заїзд до Кракова і екскурсію: Магічний Краків: 18€,"Виїзд в тур відбувається із Львівського залізничного вокзалу. Перетин кордону. Переїзд по території Польщі. При наявність часу пропонуємо заїзд до Кракова і екскурсію: Магічний Краків ( Дорослий: 18€ / Діти: 13€ ) Місто древніх легенд і переказів, династій польських королів і видатного Міцкевича, народного героя Тадеуша Костюшко, вузьких вуличок з бруківкою і величних костелів. Про красу стародавнього Кракова, про музейні скарби Вавельського замку, про дракона Смока відомо стільки легенд, що вже важко відрізнити правду від вигадки. Кажуть, магія Кракова полягає в тому, що в місті зберігається ",600
https://www.accordtour.com/tours/381010,Вище неба: відпочинок у Доломітових Альпах Італії,2,Бад Ишль – Гальштат – Доломітові Альпи,,"Сніданок. Переїзд в Австрію. Термальний курорт Бад-Ішль розташований у самому центрі озерного краю Зальцкаммергут. Як у дорогому вині, в атмосфері Бад-Ішля зберігся аромат прекрасних часів розквіту Австрійської імперії, букет фарб та звуків, що навіюють ностальгію за минулим, повним витонченості та гармонії. Він ідеально підходить всім, хто полюбляє подорож у стилі ретро. Курорт багатий на історичні пам ятки та культурні події. У минулому він був улюбленим місцем відпочинку австрійського імператора Франца Йосипа та його дружини Елізабет (знаменитої Сісі), тут же була розташована літня резиденц",600
https://www.accordtour.com/tours/381010,Вище неба: відпочинок у Доломітових Альпах Італії,3,Відпочинок у Доломітових Альпах – Тренто – озеро Мольвено,,"Сніданок. Краса, при погляді на яку залишається тільки затамувати подих і не рухатися. Доломітові Альпи притягують мандрівників, спортсменів, фотографів і просто закоханих в гори з усього світу. Природа створила всі найкращі умови, щоб Доломіти були ідеальним місцем для відпочинку. Завдяки тому, що вони знаходяться на південній стороні Альп, тут особливо м який клімат, який надійно захищений горами від холодних вітрів з півночі. За статистикою, кожні 8 з 10 днів є сонячними, що робить відпочинок в горах особливо яскравим і незабутнім. Відпочинок у Доломітових Альпах. Тренто - ворота Доломітови",600
https://www.accordtour.com/tours/381010,Вище неба: відпочинок у Доломітових Альпах Італії,4,Відпочинок у Доломітових Альпах – озеро Браєс – озеро Мізуріна,Альпах. Для бажаючих Альпійська казка озера Браес та Мізуріна: 48€,"Сніданок. Відпочинок у Доломітових Альпах. Для бажаючих Альпійська казка озера Браес та Мізуріна ( Дорослий: 48€ / Діти до 16 років: 41€ ) Озеро Браєс розташоване практично на кордоні з Австрією на висоті майже 1,5 км над рівнем моря. Ця місцевість така мальовнича, що здається, ніби потрапив у казку, а відпочивати тут добре в будь-яку пору року. У теплі місяці можна досхочу дихати кришталево чистим повітрям, гуляти туристичними стежками, купатися в прохолодній воді, орендувати човен і милуватися смарагдовими водами, а взимку - насолоджуватися гірськолижними трасами. Недарма сюди з'їжджаються т",600
https://www.accordtour.com/tours/381010,Вище неба: відпочинок у Доломітових Альпах Італії,5,Ріва-дель-Гарда,,"Сніданок. Переїзд в Ріва-дель-Гарда. На північному березі озера Гарда розкинулося містечко Ріва-дель-Гарда - місце, де блакить води та неба, зелень середземноморської рослинності та білизна пляжів народжують шедевр. Поєднання озера і гір роблять місце унікальним куточком незайманої природи в Італії. Місто Ріва-дель-Гарда менш відвідуване туристами, ніж міста південного краю озера Гарда. Пов язано це з тим, що тут немає залізничного сполучення, тільки автобусне або на екскурсійному кораблику. Однак ті, хто все ж добирається в Ріва-дель-Гарда, залишаються зачарованими його північними пейзажами і",600
https://www.accordtour.com/tours/381010,Вище неба: відпочинок у Доломітових Альпах Італії,6,Львів – Егер – купальні Егерсалок,мо: Дегустація егерських вин і смачний гуляш в Долині Красунь: 23€; справжній гуляш! АБО Угорський Памуккале - місто Егерсалок!: 10€,"Сніданок. Всім бажаючим пропонуємо: Дегустація егерських вин і смачний гуляш в Долині Красунь ( Дорослий: 23€ / Діти: 18€ ) Для всіх учасників - найбільш відоме вино - ""Бича кров"" и найбільш приємне - ""Егерська дівчина"". І, звісно, справжній гуляш! АБО Угорський Памуккале - місто Егерсалок! ( Дорослий: 10€ / Діти: 10€ + вх. квиток) Термальні дива Угорщини. для прекрасного відчуття бадьорості –пропонуємо відвідати Велнес-Комплекс. До Ваших послуг незвичайні масажі, розважальні басейни, ексклюзивні сауни, приємні і ніжні ванни ... Перетин кордону. Час прибуття до Львова залежить від проходження ",600
https://www.accordtour.com/tours/8330,"Красиве життя... Лазурове узбережжя + лавандовий Валансоль Ніцца, Монако, Канни, Мілан, Венеція",1,Львів – Стрий – Мукачево – Будапешт,ю. При бажанні групи і наявності часу. Шарм нічного Будапешта: 18€,"Вирушаємо в подорож Із залізничного вокзалу Львова (пл. Двірцева, 1). Також можна приєднатись до групи у Стрию чи Мукачево. Перетинаємо кордон — і нас вже чекає перлина Дунаю. При бажанні групи і наявності часу. Шарм нічного Будапешта ( Дорослий: 18€ / Діти до 16 років: 13€ , до 6 років: 0€ ) Прогулянка вулицею Ваці — це зустріч із елегантним, святковим Пештом. Тут серед ароматів кави, вітрин і музики відчуваєш справжній пульс міста. На набережній Корзо відкривається найкраща панорама на Будайську фортецю, а вечірнє світло додає прогулянці нотку чарівності. Прогулянка на кораблику ""Чарівність ",600
https://www.accordtour.com/tours/8330,"Красиве життя... Лазурове узбережжя + лавандовий Валансоль Ніцца, Монако, Канни, Мілан, Венеція",2,Верона – озеро Гарда,,"Прибуття в Італію - чарівну, темпераментну і неймовірно красиву. В Італії черпали своє натхнення великі майстри мистецтва і дарували світу свої безсмертні шедеври ... Екскурсія Столиці романтиків і закоханих -Верона (входить у вартість туру) Верону називають містом вічної любові, і шедевром італійської архітектури. Потрапивши сюди, відчуваєш свою причетність до Великого і Вічного. Це місто підкорить нас давньоримським амфітеатром &laquo;Арена&raquo;, який є третім за величиною в світі, фортецею Скаліджерів, гідної справжньої принцеси і прекрасного принца, і звичайно, будинком Джульєтти, стіни ",600
https://www.accordtour.com/tours/8330,"Красиве життя... Лазурове узбережжя + лавандовий Валансоль Ніцца, Монако, Канни, Мілан, Венеція",3,Мілан – озеро Комо – Бергамо,,"Сніданок. Екскурсія Мілан – столиця моди (входить у вартість туру) Запрошуємо на флірт італійського смаку в столицю мистецтва і моди – місто Мілан. Мілан витончено поєднує у свому образі середньовічні пам'ятки і ультрасучасні квартали. Вирушаємо в саме серце Мілану-П'яццо Дуомо, де розташований символ міста – Міланський собор, шедевр готики такий витончений, що здається невагомим, сплетеним з тонкого мережива. Північний Палац, Тріумфальна арка, кінна статуя короля Вітторіо, Королівський палац, гордість Мілану і перлина світу – ""Ла Скала"" – найвідоміший театр всіх часів і народів. Тут кожен зна",600
https://www.accordtour.com/tours/8330,"Красиве життя... Лазурове узбережжя + лавандовий Валансоль Ніцца, Монако, Канни, Мілан, Венеція",4,Відпочинок на лазурному березі – Ніцца – Монако – Фрагонар – Канни – Антіб,,"Сніданок. Переїзд на Лазурове узбережжя. Ах, це Лазурне Узбережжя – синонім блиску, краси і безкінечного задоволення... Екскурсія Красуня Ніцца (входить у вартість туру) Це місто кличе до себе художників і поетів, туристів і знаменитостей, персон королівської крові і інтелігентів зі всього світу. Побувавши в Ніцці, ми ніколи не забудемо ласкаве море, жваві площі і чарівний дух романтики, що витає в повітрі цього міста ... Парфумерна фабрика Фрагонар (входить у вартість туру) Ми прибудемо в середньовічний Ез . Французьке містечко, що сидить на вершині скелі над півостровом Сен-Жан-Кап-Ферра - с",600
https://www.accordtour.com/tours/8330,"Красиве життя... Лазурове узбережжя + лавандовий Валансоль Ніцца, Монако, Канни, Мілан, Венеція",5,Відпочинок на лазурному березі – Сен-Тропе – Вільфранш-сюр-Сон – Прованс,о там не був ... Екскурсії на вибір: Чарівний день в Провансі: 70€,"Сніданок. Лазурний Берег створений для щастя. Люди на Землі поділяються на тих, хто в нього закоханий, і тих, хто там не був ... Екскурсії на вибір: Чарівний день в Провансі ( Дорослий: 70€ / Діти до 16 років: 55€ ) Ми вирушаємо в Вердонську Ущелину ... Будемо зупинятися на оглядових майданчиках і милуватися панорамами. Природні краси передгір'я Альп, стрімкі вапнякові скелі перемежовуються зі свіжою зеленню і крістальночістой водою в озерах блакитного кольору. Вердонску ущелину не передати словами. Ми відвідаємо чарівну гірське селище Мустье-Сент-Мар і, яке входить в офіційний список найкраси",600
https://www.accordtour.com/tours/8330,"Красиве життя... Лазурове узбережжя + лавандовий Валансоль Ніцца, Монако, Канни, Мілан, Венеція",6,Венеція – Венеціанська Лагуна,аючих рекомендуємо відвідати: Таємниці венеціанських каналів!: 30€,"Сніданок. (дод. опл. громадський транспорт- 30€/26€) Екскурсія Заручена з морем Венеція (входить у вартість туру) Місто на воді, де кам&rsquo;яна казка пливе крізь час. Венеція — це карнавальні маски, гондоли, дзвони Сан-Марко і аромати справжньої італійської кави. Тут канали шепочуть історії, а кожен куточок — як сцена з фільму. Атмосфера, яку не сплутаєш ні з чим. Вільний час. Для бажаючих рекомендуємо відвідати: Таємниці венеціанських каналів! ( Дорослий: 30€ / Діти до 16 років: 26€ , до 6 років: 15€ ) Гондола ковзає водою між палацами, а місто відкривається зовсім по-іншому — тихо, романти",600
https://www.accordtour.com/tours/8330,"Красиве життя... Лазурове узбережжя + лавандовий Валансоль Ніцца, Монако, Канни, Мілан, Венеція",7,Егер – Долина Красунь – Львів,зупинити час і подбати про себе. Егер – скринька коштовностей: 15€,"Переїзд по Угорщині. Для бажаючих Купальні Егерсалок (Трансфер: 10€ + вх. квиток ) Егерсалок, відомий як ""угорський Памуккале"", вражає білосніжними терасами та термальними джерелами. Велнес-комплекс подарує відновлення і релакс: басейни з теплою мінеральною водою, ароматні сауни, розслаблюючі ванни та незвичайні масажі. Ідеальне місце, щоб зупинити час і подбати про себе. Егер – скринька коштовностей ( Дорослий: 15€ / Діти до 16 років: 10€ ) Ми познайомимося з одним з найкрасивіших середньовічних міст Угорщини – містом квітів, студентів і знаменитого червоного вина. Егер також відомий як ""міст",600
https://www.accordtour.com/tours/5932,"Олімпійський привіт: Салоніки, Афіни, Метеори",1,Львів,,"Виїзд зі Львова. Можливе приєднання до туру: Стрий, Долина, Калуш, Івано-Франківськ, Коломия, Заболотів, Снятин, Чернівці. Перетин кордону. Нічний переїзд до Греції. <div class=""",178
https://www.accordtour.com/tours/5932,"Олімпійський привіт: Салоніки, Афіни, Метеори",2,Салоніки – Олімп – Вергина – Арідея,,"Ласкаво просимо в Грецію! Екскурсія ""Наречена Півночі - Салоніки"" (входить у вартість туру) Запрошуємо ознайомитись з містом, де життя б'є ключем протягом усього року. Салоніки - місто трьох цивілізацій - Елліністичної, Римської та Візантійської, перехрестя епох і торгових шляхів. Нас чекають основні визначні пам'ятки: &laquo;Біла вежа&raquo;, що стала символом міста, Ротонда і Тріумфальна арка, Храм Святого Димитрія, покровителя міста, пам'ятник Олександра Македонського ... Ми побуваємо в мальовничому районі старого міста, побачимо візантійські кріпосні стіни. У вільний час рекомендуємо: Погл",600
https://www.accordtour.com/tours/5932,"Олімпійський привіт: Салоніки, Афіни, Метеори",3,Афіни – Акрополь – Парфенон,ігає своє місто... Всім бажаючим пропонуємо: Древній Акрополь: 18€,"Сніданок. Переїзд в Афіни. Екскурсія Мудрість Афіни (входить у вартість туру) Дивовижне місто, з яким пов'язана доля Греції. Країна переживала періоди розквіту і занепаду, величі і приниження, але святі гори і круті схили, древні храми і амфітеатри зберегли ту первозданну красу, яка залишилась недоторканою багато століть. Напевно, грецька богиня Афіна все ще зберігає своє місто... Всім бажаючим пропонуємо: Древній Акрополь ( Дорослий: 18€ / Діти: 18€ + вх. квиток) Продовжиться наше знайомство з Афінами оглядом древнього Акрополя. Це одна з визначних пам'яток мистецтва, яка готова представити н",600
https://www.accordtour.com/tours/5932,"Олімпійський привіт: Салоніки, Афіни, Метеори",4,Мікени – Нафпліон – Пелопоннес – Епідавр – Арголіда,Сніданок. Вільний час. В Греції є все: 43€,"Сніданок. Вільний час. В Греції є все ( Дорослий: 43€ / Діти: 38€ + вх. квиток) Наш шлях лежить на південь, на півострів Пелопоннес . Стародавні греки мріяли відкрити новий торговий шлях і через століття, вручну, був проритий Коринфський канал. Якщо встати на містку посередині каналу, відкриється незвичайний вигляд: прямовисні скелі і далеко - далеко смарагдово-зелена вода - просто дух захоплює. Ми познайомимося з перлинами Арголіди. Нас чекають Мікени - місто скарбів, свідоцтво доісторичної розкоші і величі Греції. Далі - мальовниче містечко Нафпліон . І завершимо своє знайомство з Арголідою ",600
https://www.accordtour.com/tours/5932,"Олімпійський привіт: Салоніки, Афіни, Метеори",5,Метеори,Сніданок. Вільний час. Для бажаючих: Між небом і землею: 60€,"Сніданок. Вільний час. Для бажаючих: Між небом і землею ( Дорослий: 60€ / Діти до 16 років: 48€ + вх. квиток) Над Фессалійською долиною, покритою садами і гаями, зметнулися вгору величезні кам'яні брили. Це унікальний пам'ятник Візантійської епохи - Святі Метеори . Промениста монастирська держава, побудована на гігантських обривистих скелях, велично спрямованих в небо до Творця... Круті стежки ведуть на вершини скель, звідки відкриваються захоплюючі види на долину річки Піньос і виникає непередаване відчуття, що сполучає в собі страх і захоплення... Відвідування двох діючих монастирів, де ми п",600
https://www.accordtour.com/tours/5932,"Олімпійський привіт: Салоніки, Афіни, Метеори",6,Львів – Мукачево,,"Перетин кордонів. Можливе від’єднання: Рогатин, Бурштин, Івано-Франківськ, Коломия, Чернівці. Час прибуття до Львова орієнтовно після 23:00 (залежить від проходження кордону). Місце прибуття до Львова - залізничний вокзал. До нових зустрічей! <div class=""",255
https://www.accordtour.com/tours/630113/vsi_avtobusni_tury/niderlandu,"Там, де Північ зустрічається з Півднем&hellip; Амстердам+Мілан+Венеція!",1,Львів – Вроцлав,ентрів.Трансфер в центр міста 10€. АБО Місто гномів – Вроцлав: 18€,"Виїзд в тур відбувається із Львівського залізничного вокзалу. Перетин кордону. При бажанні групи і наявності часу. Вільний час в одному з торгових центрів.Трансфер в центр міста 10€. АБО Місто гномів – Вроцлав ( Дорослий: 18€ / Діти: 13€ ) Вроцлав – легендарна колиска Польщі! Старе Місто є одним з найкрасивіших в Польщі, чарівна Ратуша зі старовинним сонячним годинником, а площа вроцлавського ринку займає друге за величиною місце, після Краківського. Для більшості це місто чудес, де кожен знайде частинку своєї мрії. Переїзд і поселення в готелі. Ночівля. <div class=""",573
https://www.accordtour.com/tours/630113/vsi_avtobusni_tury/niderlandu,"Там, де Північ зустрічається з Півднем&hellip; Амстердам+Мілан+Венеція!",2,Ганновер,,"Сніданок. Екскурсія Всі дороги ведуть в Ганновер (входить у вартість туру) Дивовижне місто! Місто, яке повернуте обличчям до своїх жителів та гостей. Ганновер дивним чином поєднує в собі риси провінційного і столичного міст. Місто дає чудові можливості для культурного дозвілля та чудового відпочинку. Найважливіший транспортний центр півночі Німеччини завжди притягував сюди мандрівників, і з Ганновера дуже зручно здійснювати подорожі по Німеччині і Європі. У Ганновері та його околицях ви зможете повністю насолодитися неповторним колоритом Північної Німеччини, її міст, містечок, замків і садово-",600
https://www.accordtour.com/tours/630113/vsi_avtobusni_tury/niderlandu,"Там, де Північ зустрічається з Півднем&hellip; Амстердам+Мілан+Венеція!",3,Амстердам – Волендам – Заансе Сханс,"я бажаючих Тиха Голландія, Волендам і відвідування сироварні.: 38€","Сніданок. Екскурсія Амстердам – місто-мрія (входить у вартість туру) Амстердам здатний зчарувати своїх гостей! Він радий кожному з нас! Його дивовижної краси вулички і площі несуть відбиток його власної унікальної історії, так не схожою на інші. Ми здійснимо подорож по лабіринтах вуличок, каналів, танцюючих будинків, квіткових крамничок, милих магазинчиків... Це місто варто один раз побачити... щоб полюбити його назавжди! Для бажаючих Тиха Голландія, Волендам і відвідування сироварні. ( Дорослий: 38€ / Діти до 16 років: 26€ ) Заансе Сханс – музей під відкритим небом, справжня голландська селиш",600
https://www.accordtour.com/tours/630113/vsi_avtobusni_tury/niderlandu,"Там, де Північ зустрічається з Півднем&hellip; Амстердам+Мілан+Венеція!",4,Амстердам – Гаага – Схевенінген – Делфт – Роттердам – Гітхорн,"на вибір: Великі і маленькі міста. Гаага, Делфт, Схевенінген: 38€","Сніданок. Вільний час в Амстердамі. Для всіх бажаючих рекомендуємо на вибір: Великі і маленькі міста. Гаага, Делфт, Схевенінген ( Дорослий: 38€ / Діти: 30€ ) Невеликий переїзд і ми в Гаазі. Гаага – особливе місто, неформальна столиця Нідерландів, місто – резиденція королеви Беатрікс. А поруч найвишуканіший морський курорт Північної Європи – Схевенінген . У цього містечка є два абсолютно різних обличчя, тут поєдналися традиційне голландське селище і модний курорт. Далі відвідування старовинного містечка Делфт , де жив і писав свою ""Дівчину з перлинною сережкою"" великий голландський художник Ян ",600
https://www.accordtour.com/tours/630113/vsi_avtobusni_tury/niderlandu,"Там, де Північ зустрічається з Півднем&hellip; Амстердам+Мілан+Венеція!",5,Мілан – cобор Дуомо – Бергамо – озеро Комо,,"Прибуття в Італію Екскурсія Місто моди та мистецтва - Мілан (входить у вартість туру) В цьому місті є все: античність і сучасність, прогрес і культура. Найдавніше місто, яке вважається одним із динамічніших в Європі. Мілан – столиця моди і дизайну, але також і місто, багате пам&rsquo;ятниками архітектури і творами мистецтва. Нашій увазі постане символ Мілану - Домський Собор . Побудований в готичному стилі грандіозний собор Дуомо міланці жартома називають &laquo;Їжачком&raquo;. Вітражі Дуомо вражають своєю красотою і незвичністю. Ми побачимо всесвітньо відомий оперний театр &laquo;Ла Скала&raq",600
https://www.accordtour.com/tours/630113/vsi_avtobusni_tury/niderlandu,"Там, де Північ зустрічається з Півднем&hellip; Амстердам+Мілан+Венеція!",6,Венеція – Палац дожів – Острови Мурано та Бурано – Гранд Канал,,"Сніданок. Заручена з морем - Венеція (входить у вартість туру) Нас запрошує красуня на воді, &laquo;заручена з морем&raquo;, - так кажуть про Венецію (додатк. оплач. громадський транспорт - 30&euro;/26&euro;) - найбільш витончене і таємниче місто Італії. Це місто - прекрасна казка, яка застигла в камені. Багато століть майстри і художники прославляли його і прикрашали своїми творами. Тут прекрасно поєднуються розкішні палаци і скромні вузенькі вулички, мовчазні канали та гомінкі ринки. Затишні кафе запрошують нас на ароматну каву, а на площі Сан Марко просто на долоню сідають голуби .... У віл",600
https://www.accordtour.com/tours/630113/vsi_avtobusni_tury/niderlandu,"Там, де Північ зустрічається з Півднем&hellip; Амстердам+Мілан+Венеція!",7,Будапешт – Львів,енергії на цілий день! Для бажаючих Ажурна прикраса Будапешту: 30€; рогулянка - незабутня водна подорож по Дунаю... Таємнича Буда: 18€,"Переїзд в Будапешт. Вранці запрошуємо відвідати термальні купальні графа Сечені (вх. квиток) - заряд бадьорості і енергії на цілий день! Для бажаючих Ажурна прикраса Будапешту ( Дорослий: 30€ / Діти: 26€ ) Річкова прогулянка - незабутня водна подорож по Дунаю... Таємнича Буда ( Дорослий: 18€ / Діти: 18€ ) Одне з найромантичніших і старовинних куточків Будапешту... Ніби маленьке середньовічне місто з мальовничими вуличками і стародавніми будівлями... Будайська фортеця, Рибацький бастіон, Будайський Лабіринт, собор св. Матяша, пам'ятник Святій Трійці і... сам Королівський Палац! Будапешт з гори ",600
https://www.accordtour.com/tours/883136,"Лазурова відпустка Ніцца, Канни, Монако, Сан Ремо, Портофіно",1,Львів – Будапешт,"площа Двірцева 1). Прогулянка на кораблику ""Чарівність Дунаю"": 30€; Палац... З шампанським... по Дунаю. Будапешт у ритмі ночі...: 26€","Збір на залізничному вокзалі м. Львів. Відправлення в тур з залізничного вокзалу Львова. (площа Двірцева 1). Прогулянка на кораблику ""Чарівність Дунаю"" ( Дорослий: 30€ / Діти до 16 років: 26€ , до 6 років: 0€ ) Сім мостів дивовижно оздоблюють прекрасний Дунай, які, мов нитки перлів, пов'язують дві частини міста – Буду і Пешт ... У воді відображаються величні будівлі: Парламент, Академія наук, Королівський Палац... З шампанським... по Дунаю. Будапешт у ритмі ночі... ( Дорослий: 26€ / Діти до 16 років: 18€ , до 6 років: 0€ ) Ми поринемо у світ творчої свободи, неонових вогнів і богемної атмосфер",600
https://www.accordtour.com/tours/883136,"Лазурова відпустка Ніцца, Канни, Монако, Сан Ремо, Портофіно",2,Марибор – Любляна – Падуя,і пообідати. За бажанням групи. Альпійська казка – озеро Блед: 38€,"Сніданок. Переїзд по Словенії. Екскурсія Привітна Любляна – затишна і мила (входить у вартість туру) Столиця Словенії Любляна – невелике, але дуже гарне місто, розташоване на обох берегах річки Любляниці. На правому березі ріки лежить Старе місто, на лівому – парадні будівлі минулого століття. Словенці і, звичайно, столичні жителі дуже люблять своє місто і справедливо вважають, що саме мініатюрність Любляни дозволяє їй зберегти індивідуальність і самобутність. Можливість спробувати словенську кухню і пообідати. За бажанням групи. Альпійська казка – озеро Блед ( Дорослий: 38€ / Діти: 30€ + вх. ",600
https://www.accordtour.com/tours/883136,"Лазурова відпустка Ніцца, Канни, Монако, Сан Ремо, Портофіно",3,Монако – Ніцца – Фрагонар,,"Сніданок. Переїзд до Франції. Парфумерна фабрика Фрагонар (входить у вартість туру) Ми прибудемо в середньовічний Ез . Французьке містечко, що сидить на вершині скелі над півостровом Сен-Жан-Кап-Ферра - справжня перлина французького Лазурного узбережжя. Невеликий, але нескінченно затишний, з вузькими вуличками і великою кількістю квітів. З високогір'я відкриваються приголомшливі види на Лазурне узбережжя. Відвідування парфумерної фабрики Фрагонар. Нам розкажуть про історію створення ароматів і процесі виробництва запашної продукції. Адже, ""Духи - це пам'ять, яка не підводить"". Ах, це Лазурне У",600
https://www.accordtour.com/tours/883136,"Лазурова відпустка Ніцца, Канни, Монако, Сан Ремо, Портофіно",4,Сен-Тропе – Мустьє-Сент-Марі – Прованс,Вільний час або екскурсії на вибір: Чарівний день в Провансі: 70€,"Сніданок. Відпочинок на морі на Лазуровому узбережжі. Вільний час або екскурсії на вибір: Чарівний день в Провансі ( Дорослий: 70€ / Діти до 16 років: 55€ ) Ми вирушаємо в Вердонську Ущелину ... Будемо зупинятися на оглядових майданчиках і милуватися панорамами. Природні краси передгір'я Альп, стрімкі вапнякові скелі перемежовуються зі свіжою зеленню і крістальночістой водою в озерах блакитного кольору. Вердонску ущелину не передати словами. Ми відвідаємо чарівну гірське селище Мустье-Сент-Мар і, яке входить в офіційний список найкрасивіших сіл Франції, і дізнаємося історію пов'язану з присутн",600
https://www.accordtour.com/tours/883136,"Лазурова відпустка Ніцца, Канни, Монако, Сан Ремо, Портофіно",5,Канни – Антіб – Сен-Поль-де-Ванс,"жаючих Великий Лазурний Пиріг: Канни, Сен-Поль-де-Ванс, Антіб: 46€","Сніданок. Відпочинок на морі на Лазуровому узбережжі. Для бажаючих Великий Лазурний Пиріг: Канни, Сен-Поль-де-Ванс, Антіб ( Дорослий: 46€ / Діти до 16 років: 36€ ) Канни - оазис міжнародної еліти, рай для гурманів і кінозірок, місто розкішних вілл та екстравагантних палаців, розташований на березі затоки Ля Напуль. Каннський палац фестивалів - на йогo сходинках побували найвідоміші люди сфери кіномистецтва. А про золоту пальмову гілку- символ і головний приз Каннського кінофестивалю мріють актори і режисери всього світу. Ми зможемо зробити сувенірні фото на червоній доріжці і прогулятися по Кр",600
https://www.accordtour.com/tours/883136,"Лазурова відпустка Ніцца, Канни, Монако, Сан Ремо, Портофіно",6,Генуя – Санта-Маргерита і Портофіно – Чинкве-Терре,,"Сніданок. Переїзд в Італію. Екскурсія Господиня моря – Генуя (входить у вартість туру) Давня морська держава і найбільший порт в Північній Італії Генуя, є столицею Лігурії, а історична спадщина ""портової республіки"" не дає спокою багатьом дослідникам і простим шукачам нових вражень. Вузькі вулички, маленькі площі, сходи в своєму тісному просторі приховують тисячолітню історію міста. Тут народився знаменитий мандрівник Христофор Колумб, поет Петрарка і композитор Паганіні. Це місто ще в царські часи любила відвідувати аристократія і зараз в його передмісті знаходиться наймодніша курортна зона к",600
https://www.accordtour.com/tours/883136,"Лазурова відпустка Ніцца, Канни, Монако, Сан Ремо, Портофіно",7,Лідо Ді Єзоло – Венеція – Любляна – Марибор,"льму. Атмосфера, яку не сплутаєш ні з чим. Вся краса Венеції!: 38€","Сніданок. Переїзд на узбережжя Адріатичного моря - Лідо ді-Єзоло. Головна перевага Лідо ді-Єзоло – пляжі. Вільний час для купання, відпочинку на морі, шопінгу. Для бажаючих (додаткова оплата громадський транспорт 30€/28€) Екскурсія Заручена з морем Венеція (входить у вартість туру) Місто на воді, де кам&rsquo;яна казка пливе крізь час. Венеція — це карнавальні маски, гондоли, дзвони Сан-Марко і аромати справжньої італійської кави. Тут канали шепочуть історії, а кожен куточок — як сцена з фільму. Атмосфера, яку не сплутаєш ні з чим. Вся краса Венеції! ( Дорослий: 38€ / Діти до 16 років: 30€ , д",600
https://www.accordtour.com/tours/883136,"Лазурова відпустка Ніцца, Канни, Монако, Сан Ремо, Портофіно",8,Балатон – Егер – Будапешт – Львів,,"Сніданок. Переїзд по Угорщині. При бажанні групи і наявності часу. Одна з екскурсій на вибір: Балатон – угорське море (Трансфер - Дорослий: 18€ / Діти: 13€) Переїзд на озеро Балатон - найбільше озеро в Центральній Європі! Це справжнє &ldquo;Угорське море&rdquo; – мрія і поезія, історія і традиції, зібрання рідкісних казок та гордість видатних угорців. Трошки вільного часу для купання в озері. Шовкові обійми хвиль, надуті вітрила яхт, сонце і хороший настрій - Балатон з задоволенням відкриє перед вами постійний світ молодості, літа і незабутніх розваг, які ще нікого не залишили байдужими! А так",600
https://www.accordtour.com/tours/660866,Яскраві враження.... Амстердам та Париж...,1,Львів – Вроцлав,анні групи і наявності часу. Вроцлав – священна квітка Європи: 18€,"Відправлення в тур Старт нашої подорожі — зі Львова, а саме з площі Двірцевої (ориєнтир -залізничний вокзал). Звідси починається пригода, яку ви точно запам&rsquo;ятаєте: нові місця, сотні фото й море вражень. Переїзд територією України, перетин кордону — і ми вже в Європі! При бажанні групи і наявності часу. Вроцлав – священна квітка Європи ( Дорослий: 18€ / Діти до 16 років: 15€ , до 5 років: 0€ ) Вроцлав — зелене серце Польщі з казковою атмосферою. Старе місто вражає барвистими фасадами, романтичними мостами й легендами про гномів, що живуть просто на вулицях. Ринкова площа — одна з найбіль",600
https://www.accordtour.com/tours/660866,Яскраві враження.... Амстердам та Париж...,2,Берлін – Бремен,наявності часу. Бремен- в гості до бременських музикантів...: 36€,"Сніданок. Екскурсія Велич могутнього Берліну (входить у вартість туру) Берлін – величезний мегаполіс. Нам здасться, що ми подорожуємо у машині часу, бо тут можна потрапити в майбутнє і опинитись в минулому, а прогулюючись розкішними вулицями і проспектами, ми зможемо побачити сучасне. Переїзд по Німеччині. При бажанні групи і наявності часу. Бремен- в гості до бременських музикантів... ( Дорослий: 36€ / Діти до 16 років: 26€ , до 6 років: 0€ ) Бремен – і ось ми вже й у казці. Тут і сьогодні на кожному кроці можна зустріти бременських музикантів. Ми побачимо головні пам'ятками Бремена – міська ",600
https://www.accordtour.com/tours/660866,Яскраві враження.... Амстердам та Париж...,3,Амстердам – Заансе Сханс – Волендам – Кекенгоф,,"Сніданок. Переїзд в Нідерланди. Млини і фламандські живописці, консервативна Гаага і вирощування тюльпанів, голландський сир і ліберальний Амстердам. Все це Нідерланди - незабутня країна, де є відпочинок і розваги на будь-який смак .... Екскурсія Амстердам – місто-мрія (входить у вартість туру) Амстердам здатний зчарувати своїх гостей! Він радий кожному з нас! Його дивовижної краси вулички і площі несуть відбиток його власної унікальної історії, так не схожою на інші. Ми здійснимо подорож по лабіринтах вуличок, каналів, танцюючих будинків, квіткових крамничок, милих магазинчиків... Це місто ва",600
https://www.accordtour.com/tours/660866,Яскраві враження.... Амстердам та Париж...,4,Брюссель – Париж – Ейфелева вежа – Фрагонар – Монмартр,При бажанні групи ранкова екскурсія: Брюссель – серце Європи: 28€,"Сніданок. При бажанні групи ранкова екскурсія: Брюссель – серце Європи ( Дорослий: 28€ / Діти до 16 років: 18€ , до 6 років: 0€ ) Брюссель вражає дивовижним поєднанням сучасного ритму життя та глибокої історії — тут середньовічні будинки й готичні собори гармонійно сусідять зі скляними хмарочосами та елегантними палацами. А ще це місто легендарного бельгійського пива, ароматного шоколаду та хрумких вафель, без яких неможливо уявити справжній смак Брюсселя. Переїзд у Францію. І ось Вона... Довгоочікувана Франція – країна вишуканих вин, високої моди, дорогих парфумів і безлічі таємниць... Екскур",600
https://www.accordtour.com/tours/660866,Яскраві враження.... Амстердам та Париж...,5,Париж – Руан – Нормандія – Діснейленд,"й день в Парижі. Екскурсії на вибір: Мрії збуваються в Парижі: 30€; ди. Серце Парижа: Латинський квартал, острів Сіте та Нотр-Дам: 25€","Сніданок. Вільний день в Парижі. Екскурсії на вибір: Мрії збуваються в Парижі ( Дорослий: 30€ / Діти до 16 років: 21€ , до 6 років: 0€ ) Мрієте про неймовірні фото? Париж крізь об&rsquo;єктив — як кіно про любов. Автобусна екскурсія. Зупинки в найінстаграмніших місцях: Ейфелева вежа, ретро-вулички, вітрини з круасанами й запахом щастя. Ця екскурсія створена для фото, які збережуть емоції назавжди. Серце Парижа: Латинський квартал, острів Сіте та Нотр-Дам ( Дорослий: 25€ / Діти до 16 років: 16€ , до 6 років: 0€ ) Латинський квартал — богемна душа Парижа. Старовинні вулички, Сорбонна, аромат кру",600
https://www.accordtour.com/tours/660866,Яскраві враження.... Амстердам та Париж...,6,Реймс – Люксембург,упроводжуючим. За бажанням групи. Маленька казка – Люксембург: 38€,"Ранній сніданок. Переїзд по Франції. Реймс - столиця королів і шампанського (входить у вартість туру) Одне з мальовничих міст Франції Реймс - відкриє нам чарівність французької провінції. Дивно, що так запросто можна прогулятися вулицями Реймса, адже вони пам'ятають хрещення Хлодвіга і коронацію багатьох королів Франції. Пам'ятка - Кафедральний собор Нотр- Дам де Реймс. Тут гармонійно співіснує історичне минуле і сьогоднішній день: римські арки, середньовіччя, відродження, модерн і арт-деко. Прогулянка з супроводжуючим. За бажанням групи. Маленька казка – Люксембург ( Дорослий: 38€ / Діти до 1",600
https://www.accordtour.com/tours/660866,Яскраві враження.... Амстердам та Париж...,7,Прага – Львів,"того, щоб загадати бажання! Прогулянка на кораблику по Влтаві: 38€","Сніданок. Переїзд по Чехії. Екскурсія Зустріч з Прагою (входить у вартість туру) У лабіринтах маленьких вуличок ви поринете в таємничу атмосферу Старого міста. Староміська площа та Астрономічний годинник з небесною механікою на ратуші, Карлова вулиця... І Карлів міст! Потрібно тут зупинитися для того, щоб загадати бажання! Прогулянка на кораблику по Влтаві ( Дорослий: 38€ / Діти до 16 років: 34€ , до 6 років: 15€ ) Аперитиви, шведський стіл в супроводі цікавих розповідей... Ось вони незабутні миті в житті... Виїзд в Україну. Пізнє прибуття у Львів. Залежить від перетину кордону. <div class=""",598
https://www.accordtour.com/tours/813,"Рим притягує нас! Відень, Флоренція та Венеція",1,Львів – Краків – Краківський Аквапарк – Брно,"ри швидкому проходжені кордону, рекомендуємо: Магічний Краків: 18€","Відправлення в тур. (Місце відправки: залізничний вокзал м.Львів, площа Двірцева 1). При швидкому проходжені кордону, рекомендуємо: Магічний Краків ( Дорослий: 18€ / Діти: 13€ ) Місто древніх легенд і переказів, династій польських королів і видатного Міцкевича, народного героя Тадеуша Костюшко, вузьких вуличок з бруківкою і величних костелів. Про красу стародавнього Кракова, про музейні скарби Вавельського замку, про дракона Смока відомо стільки легенд, що вже важко відрізнити правду від вигадки. Кажуть, магія Кракова полягає в тому, що в місті зберігається святий камінь – чакрам, один з семи ",600
https://www.accordtour.com/tours/813,"Рим притягує нас! Відень, Флоренція та Венеція",2,Відень – Віденський ліс – Баден – Шенбрунн – Палац Бельведер,"тю. Вільний час в місті, рекомендуємо: Казки віденського лісу: 36€","Сніданок. Переїзд до Відня. Екскурсія Віденський вальс (входить у вартість туру) Відень – місто музики і великих композиторів, місто чаруюче і прекрасне... Його заслужено називають серцем Європи. Це надзвичайне місто! – Вузькі середньовічні вулички, широкі імперські площі... Ми прогуляємося по самому серцю Відня. Величне місто зачаровує шармом і витонченістю. Вільний час в місті, рекомендуємо: Казки віденського лісу ( Дорослий: 36€ / Діти: 26€ ) Під час екскурсії ми відвідаємо Абатство Святого Хреста, заснованого монахами в 12 столітті. Потім зупинимося біля середньовічного замку Ліхтенштейн, ",600
https://www.accordtour.com/tours/813,"Рим притягує нас! Відень, Флоренція та Венеція",3,Флоренція – Піза – Галерея Уффіці – регіон Тоскана,,"Сніданок. Італія – чарівна, темпераментна і неймовірно красива... В Італії черпали натхнення великі майстри мистецтва і дарували світу свої безсмертні шедеври... (Пересування по Флоренції - на громадському транспорті) Квітуча Флоренція (входить у вартість туру) Оглядова екскурсія (пересування на громадському транспорті. Квитки оплачуються додатково). Флоренція – це не просто італійське місто. Це – сама Італія. Флоренція дивовижно гармонійно поєднує в собі велич та помпезність Риму, романтичність Венеції, могутність Ватикана, спокій та умиротворення Верони. Флоренція - це батьківщина епохи Відр",600
https://www.accordtour.com/tours/813,"Рим притягує нас! Відень, Флоренція та Венеція",4,Рим – Ватикан – район Трастевере – Колізей Рим,,"Сніданок. Виселення з готелю. (Пересування по Риму - на громадському транспорті) Рим – місто велике і вічне! (входить у вартість туру) (Пересування по Риму – на громадському транспорті) Рим – перша любов людства і перша наддержава планети. Рим - єдине місто з тисяч існуючих отримав назву ""Вічного""! Йому наслідували, його боялися, ним захоплювалися! І почнемо з огляду пам'яток Античного Риму, відчуємо велич Римської імперії, прогуляємося по мощених вуличках, по яких ступав сам Юлій Цезар, почуємо древні легенди про великих імператорів. Тут кожен куточок, кожен будиночок, кожен камінчик має свою",600
https://www.accordtour.com/tours/813,"Рим притягує нас! Відень, Флоренція та Венеція",5,Венеція – Венеціанська Лагуна – Гранд Канал – Палац дожів,,"Сніданок. Виселення з готелю. Заручена з морем – Венеція (входить у вартість туру) Нас запрошує красуня на воді, ""заручена з морем"", – так кажуть про Венецію (додатк. оплач. громадський транспорт – 30&euro;/26&euro;) – найбільш витончене і таємниче місто Італії. Це місто – прекрасна казка, яка застигла в камені. Багато століть майстри і художники прославляли його і прикрашали своїми творами. Тут прекрасно поєднуються розкішні палаци і скромні вузенькі вулички, мовчазні канали та гомінкі ринки. Затишні кафе запрошують нас на ароматну каву, а на площі Сан Марко просто на долоню сідають голуби...",600
https://www.accordtour.com/tours/813,"Рим притягує нас! Відень, Флоренція та Венеція",6,Будапешт – Купальні Сечені – Львів,"сті, рекомендуємо: Прогулянка на кораблику ""Чарівність Дунаю"": 30€; оролівський Палац... З шампанським... по Дунаю. Таємнича Буда: 18€","Сніданок. Термальні купальні графа Сечені (вх. квиток) Заряд бадьорості і енергії на цілий день! Вільний час в місті, рекомендуємо: Прогулянка на кораблику ""Чарівність Дунаю"" ( Дорослий: 30€ / Діти до 16 років: 26€ , до 6 років: 0€ ) Сім мостів дивовижно оздоблюють прекрасний Дунай, які, мов нитки перлів, пов'язують дві частини міста – Буду і Пешт ... У воді відображаються величні будівлі: Парламент, Академія наук, Королівський Палац... З шампанським... по Дунаю. Таємнича Буда ( Дорослий: 18€ / Діти до 16 років: 13€ , до 6 років: 0€ ) Один з самих романтичних та старовинних куточків Будапешта.",600
https://www.accordtour.com/tours/8360,"Швейцарська казка Цюріх, Берн, Женева + Монблан",1,Львів – Краків – Брно,групи можливість відвідати Краків. Краків...Королівський шлях: 18€,"Відправлення в тур Старт нашої подорожі — зі Львова, а саме з площі Двірцевої (ориєнтир -залізничний вокзал). Звідси починається пригода, яку ви точно запам&rsquo;ятаєте: нові місця, сотні фото й море вражень. Переїзд територією України, перетин кордону — і ми вже в Європі! При швидкому проходженні кордону і бажанні групи можливість відвідати Краків. Краків...Королівський шлях ( Дорослий: 18€ / Діти до 16 років: 13€ ) Краків-місто – вражаюче, красиве і загадкове. Місто художників і музикантів, зі своїми легендами і, звичайно ж, милими польськими жартами. У ньому потрібно зупинитись хоча б на м",600
https://www.accordtour.com/tours/8360,"Швейцарська казка Цюріх, Берн, Женева + Монблан",2,Мюнхен,"ми і найбільшим в світі святом ""Октоберфест"". Сучасний Мюнхен: 26€","Сніданок. Переїзд по Німеччині. При бажанні групи і наявності часу. Екскурсія Мюнхен – Легенда Баварії (входить у вартість туру) Нас запрошує ""Німецький Рим"" – місто з чудовою атмосферою гостинності, по якому хочеться блукати з ранку до ночі. Ніде в Німеччині так не оберігають народні традиції, як тут, і навіть національні костюми носять не тільки у свята. Мюнхен славиться дивовижною історією, всесвітньо відомим пивом, смаженими ковбасками і найбільшим в світі святом ""Октоберфест"". Сучасний Мюнхен ( Дорослий: 26€ / Діти до 16 років: 21€ ) Мюнхен — місто контрастів, де історія зустрічається з н",600
https://www.accordtour.com/tours/8360,"Швейцарська казка Цюріх, Берн, Женева + Монблан",3,Берн – Інтерлакен – Вадуц,групи і наявності часу. Ліхтенштейн: Князівство на долоні...: 20€,"Сніданок. При бажанні групи і наявності часу. Ліхтенштейн: Князівство на долоні... ( Дорослий: 20€ / Діти до 16 років: 16€ ) Князівство Ліхтенштейн - одна з найменших країн Європи, розміром усього 160 км&sup2;, але з великим характером. Його столиця Вадуц - затишне гірське містечко з атмосферою швейцарського спокою й міжнародного стилю. Головна перлина - князівський замок на пагорбі, резиденція правлячої родини, частини якої збереглися ще з XII століття. Мініатюрна держава, що дивує кожного, хто шукає щось особливе. Швейцарія - це рай, її уявляють по-різному і лише опинившись тут кожен знаходи",600
https://www.accordtour.com/tours/8360,"Швейцарська казка Цюріх, Берн, Женева + Монблан",4,Монблан – Ансі – Женева,час. Є можливість відвідати на вибір: Женева – вишукана дама: 30€; азі чарівної казки ... Магія Альп: Монблан та чарівність Ансі: 60€,"Сніданок. Вільний час. Є можливість відвідати на вибір: Женева – вишукана дама ( Дорослий: 30€ / Діти до 16 років: 20€ ) Розташувалась на березі чарівного озера Женева, розповідає нам свою історію: Палац Націй, штаб-квартира ООН, Товариство Червоного Хреста. Женева постане перед нами в образі чарівної казки ... Магія Альп: Монблан та чарівність Ансі ( Дорослий: 60€ / Діти до 16 років: 38€ + вх. квиток) Ми їдемо підкорювати саму найвищу точку західної Європи - альпійську вершину Монблан (4807 м), яка є джерелом натхнення поетів і художників. Монблан ! Хто приїхав сюди одного разу, назавжди зали",600
https://www.accordtour.com/tours/8360,"Швейцарська казка Цюріх, Берн, Женева + Монблан",5,Цюрих – Люцерн – Рейнський водоспад,ршого погляду. Вільний час. Чудо природи - Рейнський водоспад: 38€,"Сніданок. Екскурсія Неповторний Цюрих (входить у вартість туру) Цюрих - стильне серце Швейцарії, де фінансовий престиж поєднується з альпійським спокоєм. Тут життя пульсує на елегантній Банхофштрассе, а поруч — блиск Цюрихського озера й краєвиди засніжених вершин. Вуличні музиканти, дизайнерські бутики, старовинна архітектура і келих кави з видом - усе тут створено для того, щоб закохатися в місто з першого погляду. Вільний час. Чудо природи - Рейнський водоспад ( Дорослий: 38€ / Діти до 16 років: 30€ ) Найпотужніший і широкий водоспад в Європі чарує своєю грандіозністю! Перед нами відкриється",600
https://www.accordtour.com/tours/8360,"Швейцарська казка Цюріх, Берн, Женева + Монблан",6,Прага – Львів,"я для того, щоб загадати бажання! Таємниці королів – Градчани: 18€","Сніданок. Екскурсія Зустріч з Прагою (входить у вартість туру) У лабіринтах маленьких вуличок ви поринете в таємничу атмосферу Старого міста. Староміська площа та Астрономічний годинник з небесною механікою на ратуші, Карлова вулиця... І Карлів міст! Потрібно тут зупинитися для того, щоб загадати бажання! Таємниці королів – Градчани ( Дорослий: 18€ / Діти до 16 років: 13€ , до 6 років: 0€ ) Дізнатися про життя королів і придворних, про палацові інтриги і змови, злочини і покарання, які відбувалися з найсвітліших спонукань – в ім'я віри і держави. Вас чекає Градчанська площа, Шварценбергский па",600
https://www.accordtour.com/tours/8359,"Швейцарська інтрига Австрія, Італія та Доломітові Альпи",1,Львів – Краків,,"Збір на залізничному вокзалі м. Львів. Відправлення в тур. (Місце відправки: залізничний вокзал м.Львів, площа Двірцева 1) При швидкому проходженні кордону і бажанні групи можливість відвідати Краків. Екскурсія Краків...Королівський шлях (входить у вартість туру) Краків-місто – вражаюче, красиве і загадкове. Місто художників і музикантів, зі своїми легендами і, звичайно ж, милими польськими жартами. У ньому потрібно зупинитись хоча б на мить... Вавельський пагорб, Кафедральний собор, Двір резиденції. Зупинки на фотопаузу. Вулиця Гродська, Королівський шлях ми дійдемо до Ринкової площі, послуха",600
https://www.accordtour.com/tours/8359,"Швейцарська інтрига Австрія, Італія та Доломітові Альпи",2,Зальцбург – Гальштат,и — а відчути. Для охочих: Озерний рай – долина Зальцкамергут: 46€,"Сніданок. Переїзд в Австрію. Екскурсія Зальцбург – звуки музики (входить у вартість туру) Зальцбург — альпійська казка, де звучить музика Моцарта і живе дух бароко. Його називають північною Флоренцією за велич і витонченість. Тут — палаци, собори, фонтани, сади й атмосфера мистецтва, яка проникає в кожен крок. Це місто, яке хочеться не просто побачити — а відчути. Для охочих: Озерний рай – долина Зальцкамергут ( Дорослий: 46€ / Діти до 16 років: 36€ , до 5 років: 0€ ) Понад 50 кришталево чистих озер, альпійські містечка з пастельними фасадами та пейзажі, які виглядають ніби з обкладинки журнал",600
https://www.accordtour.com/tours/8359,"Швейцарська інтрига Австрія, Італія та Доломітові Альпи",3,Ліхтенштейн – Цюрих – Рейнський водоспад – Люцерн,групи і наявності часу. Ліхтенштейн: Князівство на долоні...: 20€,"Сніданок. При бажанні групи і наявності часу. Ліхтенштейн: Князівство на долоні... ( Дорослий: 20€ / Діти до 16 років: 16€ ) Князівство Ліхтенштейн - одна з найменших країн Європи, розміром усього 160 км&sup2;, але з великим характером. Його столиця Вадуц - затишне гірське містечко з атмосферою швейцарського спокою й міжнародного стилю. Головна перлина - князівський замок на пагорбі, резиденція правлячої родини, частини якої збереглися ще з XII століття. Мініатюрна держава, що дивує кожного, хто шукає щось особливе. Швейцарія - це рай, її уявляють по-різному і лише опинившись тут кожен знаходи",600
https://www.accordtour.com/tours/8359,"Швейцарська інтрига Австрія, Італія та Доломітові Альпи",4,Берн – Інтерлакен,наше перебування тут. Бернський Оберланд і долина водоспадів: 46€,"Сніданок. Екскурсія Столиця Швейцарії Берн (входить у вартість туру) Прекрасні парки, чудовий Бернський собор, Вартова вежа з астрономічним годинником, де в кінці кожної години можна побачити маленьку виставу, ведмежа яма, в якій з давніх давен живуть ведмеді – почесні жителі міста, символом якого вони є, а чудовий шоколад &laquo;Таблерон&raquo; підсолодить наше перебування тут. Бернський Оберланд і долина водоспадів ( Дорослий: 46€ / Діти до 11 років: 36€ + вх. квиток) Глянцева Швейцарія в реальності: озера кольору неба, засніжені вершини, альпійські пейзажі та тиша хвойних лісів. Ми завітаєм",600
https://www.accordtour.com/tours/8359,"Швейцарська інтрига Австрія, Італія та Доломітові Альпи",5,Інсбрук – Музей Сваровскі – озеро Браєс – озеро Мізуріна – Доломітові Альпи,,"Сніданок. Інсбрук - дорога в Тіроль (входить у вартість туру) Столиця гірськолижної землі Австрії - Тіролю. Виблискуючі на сонці засніжені гірські вершини обступили місто з усіх боків. Багатовікові традиції відчуваються в кожному будинку, в багатьох старовинних соборах і музеях. Чарівний світ Сваровскі (Трансфер: 10€ + вх. квиток ) Поїздка в містечко Ваттенс в музей ""Чарівний світ Сваровскі"" . У підземній печері, кожен день розквітають ""Кришталеві світи Сваровскі"". Тут можна знайти найбільший і найменший кристал в світі. В цілому це не звичайний музей в традиційному розумінні- це сучасний музе",600
https://www.accordtour.com/tours/8359,"Швейцарська інтрига Австрія, Італія та Доломітові Альпи",6,Грац – Відень – Львів,данок. Одна з екскурсій на вибір: Грац – таємна любов Австрії: 30€; ут багато жителів міста вперше поцілувались. Віденський вальс: 18€,"Сніданок. Одна з екскурсій на вибір: Грац – таємна любов Австрії ( Дорослий: 30€ / Діти до 16 років: 20€ , до 5 років: 0€ ) Багатовікова історія... адже Грац - колись блискуча резиденція Габсбургів... Ренесансні дворики, затишні середньовічні вулички, прекрасна панорама з замкової гори Шлоссберг і звичайно ж - Символ міста - годинникова башта з оригінальним годинниковим механізмом. Саме тут багато жителів міста вперше поцілувались. Віденський вальс ( Дорослий: 18€ / Діти до 16 років: 13€ , до 5 років: 0€ ) Відень – місто музики і великих композиторів, місто чаруюче і прекрасне... Його заслужен",600
https://www.accordtour.com/tours/866636,"Віденський експрес! Краків, Відень, Будапешт",1,Львів – Краків – Краківський Аквапарк,"м.Львів, площа Двірцева 1) Переїзд до Польщі. Магічний Краків: 18€","Відправлення в тур. (Місце відправки: залізничний вокзал м.Львів, площа Двірцева 1) Переїзд до Польщі. Магічний Краків ( Дорослий: 18€ / Діти: 13€ ) Місто древніх легенд і переказів, династій польських королів і видатного Міцкевича, народного героя Тадеуша Костюшко, вузьких вуличок з бруківкою і величних костелів. Про красу стародавнього Кракова, про музейні скарби Вавельського замку, про дракона Смока відомо стільки легенд, що вже важко відрізнити правду від вигадки. Кажуть, магія Кракова полягає в тому, що в місті зберігається святий камінь – чакрам, один з семи світових джерел таємничої сил",600
https://www.accordtour.com/tours/866636,"Віденський експрес! Краків, Відень, Будапешт",2,Відень – Палац Бельведер – Шенбрунн,ьбертіну! У вільний час у Відні рекомендуємо: Величний Відень: 26€,"Прибуття у Відень. Відень – столиця Габсбургів (входить у вартість туру) Місто музики та великих музикантів, місто чаруюче та прекрасне&hellip; його по праву називають серцем Європи. Столиця Австро-Угорської імперії, Відень своєю величчю та розкішшю, своєю чарівністю та теплотою... Під час пішохідної екскурсії ми побачимо: площа Марії Терезії, імперський Хофбург, Кертнер, Грабен, собор святого Стефана і витончену Альбертіну! У вільний час у Відні рекомендуємо: Величний Відень ( Дорослий: 26€ / Діти: 21€ ) Таємниче середньовіччя, блискуче 19 століття, круговорот музики, історії, мистецтва – все",600
https://www.accordtour.com/tours/866636,"Віденський експрес! Краків, Відень, Будапешт",3,Будапешт – Купальні Сечені – Сентендре – Долина Красунь – Вишеград,,"Сніданок. Ранковий Будапешт зустрічає ароматом кави, тишею набережних і свіжим бризом Дунаю. Яскраве, стильне і натхненне місто, що закохує у себе з першої прогулянки. Час для релаксу в термальних джерелах... Термальні купальні графа Сечені (вх. квиток) Заряд бадьорості і енергії на цілий день! Пішохідна екскурсія ""Будапешт – перлина Дунаю"" (входить у вартість туру) О, це місто... Незабутнє... Неповторне... Чарівне... Будапешт пропонує своїм відвідувачам близьку і знайому європейську культуру, але з особливим угорським ароматом... Місто з древньою історією, культурою, традиціями, життєва сила ",600
https://www.accordtour.com/tours/866636,"Віденський експрес! Краків, Відень, Будапешт",4,Львів,,"Прибуття у Львів - залізничний вокзали орієнтовно в 8.30. До нових зустрічей! Для всіх бажаючих: Тільки у Львові! (входить у вартість туру) Ми вирушимо в центральну частину міста, прогуляємося по вузеньких вуличках древнього Львова. Тут розливається аромат ранкової кави, кличуть своїми передзвонами костел Успіння і Домініканський собор, підноситься над черепичним морем Ратуша... Кожен камінчик на площі Ринок несе через століття свою історію! <div class=""",458
https://www.accordtour.com/tours/813066,Вічна класика: Салоніки + Афіни + Метеори,1,Одеса,,"Виїзд з Одеси (можливе приєднання до групи в Ізмаїлі). Перетин кордону. Нічний переїзд в Грецію. <div class=""",109
https://www.accordtour.com/tours/813066,Вічна класика: Салоніки + Афіни + Метеори,2,Салоніки – Вергина – Арідея – Олімп – Діон,,"Ласкаво просимо в Грецію! Екскурсія ""Наречена Півночі - Салоніки"" (входить у вартість туру) Запрошуємо ознайомитись з містом, де життя б'є ключем протягом усього року. Салоніки - місто трьох цивілізацій - Елліністичної, Римської та Візантійської, перехрестя епох і торгових шляхів. Нас чекають основні визначні пам'ятки: &laquo;Біла вежа&raquo;, що стала символом міста, Ротонда і Тріумфальна арка, Храм Святого Димитрія, покровителя міста, пам'ятник Олександра Македонського ... Ми побуваємо в мальовничому районі старого міста, побачимо візантійські кріпосні стіни. Вільний час. Є можливість відвід",600
https://www.accordtour.com/tours/813066,Вічна класика: Салоніки + Афіни + Метеори,3,Афіни – Акрополь – Парфенон,ігає своє місто... Всім бажаючим пропонуємо: Древній Акрополь: 18€,"Сніданок. Переїзд в Афіни. Екскурсія Мудрість Афіни (входить у вартість туру) Дивовижне місто, з яким пов'язана доля Греції. Країна переживала періоди розквіту і занепаду, величі і приниження, але святі гори і круті схили, древні храми і амфітеатри зберегли ту первозданну красу, яка залишилась недоторканою багато століть. Напевно, грецька богиня Афіна все ще зберігає своє місто... Всім бажаючим пропонуємо: Древній Акрополь ( Дорослий: 18€ / Діти: 18€ + вх. квиток) Продовжиться наше знайомство з Афінами оглядом древнього Акрополя. Це одна з визначних пам'яток мистецтва, яка готова представити н",600
https://www.accordtour.com/tours/813066,Вічна класика: Салоніки + Афіни + Метеори,4,Афіни – мис Суніон – озеро Вуліагмені,ний час. Для бажаючих: Мис Суніон і радонове озеро Вуліагмені: 38€,"Сніданок. Вільний час. Для бажаючих: Мис Суніон і радонове озеро Вуліагмені ( Дорослий: 38€ / Діти: 30€ + вх. квиток) Під час нашої екскурсії ми відправимося в південну частину Аттики. Ще в дорозі Вас чекають приголомшливі види Саронічної затоки Егейського моря. Мис Суніон приємно здивує Вас мальовничою природою навколо і античними спорудами. Ці місця оповиті легендами, а місцеві жителі кажуть, що загадані бажання на мисі Суніон обов'язково збуваються. Ще одне незвичайне місце в маршруті нашої екскурсії - це загадкове озеро Вуліагмені. Прісноводне озеро знаходиться в 25 км від столиці і відоме",600
https://www.accordtour.com/tours/813066,Вічна класика: Салоніки + Афіни + Метеори,5,Метеори,Сніданок. Вільний час. Для бажаючих: Між небом і землею: 51€,"Сніданок. Вільний час. Для бажаючих: Між небом і землею ( Дорослий: 51€ / Діти до 16 років: 43€ + вх. квиток) Над Фессалійською долиною, покритою садами і гаями, зметнулися вгору величезні кам'яні брили. Це унікальний пам'ятник Візантійської епохи - Святі Метеори . Промениста монастирська держава, побудована на гігантських обривистих скелях, велично спрямованих в небо до Творця .... Круті стежки ведуть на вершини скель, звідки відкриваються захоплюючі види на долину річки Піньос і виникає непередаване відчуття, що сполучає в собі страх і захоплення .... Відвідування двох діючих монастирів, де ",600
https://www.accordtour.com/tours/813066,Вічна класика: Салоніки + Афіни + Метеори,6,Ізмаїл – Одеса,,"Орієнтовний час прибуття (залежить від проходження кордону) в Ізмаїл - 17:00, в Одесу - 22:00. До нової зустрічі! <div class=""",126
https://www.accordtour.com/tours/186313,Перше побачення в Греції: Салоніки + Олімп + Метеори + Грецькі Альпи,1,Одеса,,"Виїзд з Одеси (можливе приєднання до групи в Ізмаїлі). Перетин кордону. Нічний переїзд в Грецію. <div class=""",109
https://www.accordtour.com/tours/186313,Перше побачення в Греції: Салоніки + Олімп + Метеори + Грецькі Альпи,2,Салоніки – Олімп,,"Прибуття в Грецію. Ласкаво просимо в Грецію! Переїзд в Салоніки. Екскурсія ""Наречена Півночі - Салоніки"" (входить у вартість туру) Запрошуємо ознайомитись з містом, де життя б'є ключем протягом усього року. Салоніки - місто трьох цивілізацій - Елліністичної, Римської та Візантійської, перехрестя епох і торгових шляхів. Нас чекають основні визначні пам'ятки: &laquo;Біла вежа&raquo;, що стала символом міста, Ротонда і Тріумфальна арка, Храм Святого Димитрія, покровителя міста, пам'ятник Олександра Македонського ... Ми побуваємо в мальовничому районі старого міста, побачимо візантійські кріпосні ",600
https://www.accordtour.com/tours/186313,Перше побачення в Греції: Салоніки + Олімп + Метеори + Грецькі Альпи,3,Метеори – Салоніки,к. Вільний день. Всім бажаючим пропонуємо: Між небом і землею: 51€,"Сніданок. Вільний день. Всім бажаючим пропонуємо: Між небом і землею ( Дорослий: 51€ / Діти до 16 років: 43€ + вх. квиток) Над Фессалійською долиною, покритою садами і гаями, зметнулися вгору величезні кам'яні брили. Це унікальний пам'ятник Візантійської епохи - Святі Метеори . Промениста монастирська держава, побудована на гігантських обривистих скелях, велично спрямованих в небо до Творця .... Круті стежки ведуть на вершини скель, звідки відкриваються захоплюючі види на долину річки Піньос і виникає непередаване відчуття, що сполучає в собі страх і захоплення .... Відвідування двох діючих мо",600
https://www.accordtour.com/tours/186313,Перше побачення в Греції: Салоніки + Олімп + Метеори + Грецькі Альпи,4,Салоніки – Вергина – Арідея,іданок. Вільний день. Всім бажаючим пропонуємо: Грецькі Альпи: 38€,"Сніданок. Вільний день. Всім бажаючим пропонуємо: Грецькі Альпи ( Дорослий: 38€ / Діти: 38€ + вх. квиток) Сьогодні нас чекають казкові місця. Ми відвідаємо першу столицю Македонського царства – Вергіну , де познайомимося з справжньою царською скарбницею, багатства якої справляють враження навіть на самих стриманих мандрівників. Тут знаходиться унікальний музей, де представлені цінні експонати македонської царської династії, а також група гробниць, в одній з яких покояться останки Філіпа II, батька Олександра Македонського. У тіні гір Пайкос і Воррас розташувалося місто Лутра Арідея . Краса гір",600
https://www.accordtour.com/tours/186313,Перше побачення в Греції: Салоніки + Олімп + Метеори + Грецькі Альпи,5,Ізмаїл – Одеса,,"Орієнтовний час прибуття (залежить від проходження кордону) в Ізмаїл - 17:00, в Одесу - 22:00. До нової зустрічі! <div class=""",126
https://www.accordtour.com/tours/6113,Наш красивий вікенд!,1,Львів – Краків – Краківський Аквапарк,,"Відправлення в тур. (Місце відправки: залізничний вокзал м.Львів, площа Двірцева 1) Переїзд до Польщі. Прибуття до Кракова та поселення в готель. Екскурсія Магічний Краків (входить у вартість туру) Місто древніх легенд і переказів, династій польських королів і видатного Міцкевича, народного героя Тадеуша Костюшко, вузьких вуличок з бруківкою і величних костелів. Про красу стародавнього Кракова, про музейні скарби Вавельського замку, про дракона Смока відомо стільки легенд, що вже важко відрізнити правду від вигадки. Кажуть, магія Кракова полягає в тому, що в місті зберігається святий камінь – ",600
https://www.accordtour.com/tours/6113,Наш красивий вікенд!,2,Прага,Для бажаючих рекомендуємо: Прогулянка на кораблику по Влтаві: 38€,"Сніданок. Переїзд в Прагу та поселенння в готель. Прага – місто легенд (входить у вартість туру) Прага вважається одним з найкрасивіших міст Європи, яке багато століть захоплює і не перестає дивувати! Староміська площа та Астрономічний годинник, чудовий храм Діви Марії перед Тином, легендарний Карлів міст, Вацлавська площа, Карлова вулиця... Всього й не перелічити! Всі ці краси ми, безсумнівно, бачили на картинках, чули про них, але, мабуть, хватить мріяти, пора все це побачити своїми очима... Для бажаючих рекомендуємо: Прогулянка на кораблику по Влтаві ( Дорослий: 38€ / Діти до 14 років: 33€ ",600
https://www.accordtour.com/tours/6113,Наш красивий вікенд!,3,Відень – Шенбрунн – Будапешт,ертіну! У вільний час рекомендуємо відвідати: Величний Відень: 26€,"Сніданок. Переїзд до Відня. Екскурсія Відень - столиця Габсбургів (входить у вартість туру) Відень - місто музики і великих музикантів, місто чарівне і прекрасне ... його по праву називають серцем Європи. Столиця Австро-Угорської імперії, Відень вражає своєю величчю і розкішшю, своєю чарівністю і теплотою ... Під час пішохідної екскурсії ми побачимо: площа Марії Терезії, імперський Хофбург, Кертнер, Грабен, собор святого Стефана і витончену Альбертіну! У вільний час рекомендуємо відвідати: Величний Відень ( Дорослий: 26€ / Діти: 21€ ) Таємниче середньовіччя, блискуче 19 століття, круговорот му",600
https://www.accordtour.com/tours/6113,Наш красивий вікенд!,4,Будапешт – Купальні Сечені – Сентендре – Вишеград,,"Сніданок. Зранку запрошуємо відвідати термальні купальні графа Сечені (вх. квиток) - заряд бадьорості і енергії на цілий день! (пересування на громадському транспорті). Будапешт – перлина Дунаю (входить у вартість туру) Будапешт — місто, яке неможливо забути: він сяє вдень і чарує у вечірніх вогнях. Тут минуле й сучасність поєднуються у гармонії, створюючи особливу атмосферу краси й натхнення. Ми прогуляємось до базиліки Святого Іштвана, побачимо грандіозний Парламент і пройдемось легендарним Ланцюговим мостом, де кожен крок наповнений чарами цього міста. У вільний час рекомендуємо: Подорож в ",600
https://www.accordtour.com/tours/6113,Наш красивий вікенд!,5,Токай – Львів,,"Сніданок. Виселення з готелю. При бажанні групи, можливість відвідати Тропікарій – Океанарій (Трансфер: 10€ + вх. квиток ) Найбільший в Центральній Європі. 8 залів! Де вирує життя тропіків і океанських глибин - алігатори, морські скати, великі пітони, сонні черепашки, симпатичні мавпочки, розумні папуги та ліниві ігуани. І все це в справжньому тропічному лісі під теплою тропічною зливою з громом і блискавкою... А ще в 11-метровому тунелі можна поспостерігати за тигровими акулами в присутності безлічі інших рибок різної форми та розмірів з яскравим макіяжем та манікюром... (знаходиться в торгов",600
https://www.accordtour.com/tours/888138,Іспанія – горда квітка Півдня Відпочинок на морі,1,Львів – Будапешт,"ий навіть в будні! Прогулянка на кораблику ""Чарівність Дунаю"": 30€","Збір на залізничному вокзалі м. Львів. Відправлення в тур з залізничного вокзалу Львова. (площа Двірцева 1). При бажанні групи і наявності часу. Екскурсія Шарм нічного Будапешту (входить у вартість туру) Ми проведемо вільний час в улюбленому місці прогулянок угорської знаті - набережній Корзо і фешенебельній вулиці Ваци. Тут Пешт ошатний, святковий навіть в будні! Прогулянка на кораблику ""Чарівність Дунаю"" ( Дорослий: 30€ / Діти до 16 років: 26€ , до 6 років: 0€ ) Сім мостів дивовижно оздоблюють прекрасний Дунай, які, мов нитки перлів, пов'язують дві частини міста – Буду і Пешт ... У воді відо",600
https://www.accordtour.com/tours/888138,Іспанія – горда квітка Півдня Відпочинок на морі,2,Верона – озеро Гарда,езсмертні шедеври ... Для бажаючих Верона - столиця закоханих: 30€,"Прибуття в Італію - чарівну, темпераментну і неймовірно красиву. В Італії черпали своє натхнення великі майстри мистецтва і дарували світу свої безсмертні шедеври ... Для бажаючих Верона - столиця закоханих ( Дорослий: 30€ / Діти до 16 років: 26€ ) Сьогодні перед нами відкриються ""Ворота Італії"". Це надзвичайно благородне місто приховує за своїми витонченими фасадами багатовікову історію і свої таємниці. Потрапляючи сюди, відчуваєш свою причетність до Великого і Вічного... У Верону приїжджають справжні романтики і блукають прохолодними вуличками, сподіваючись зустріти таке ж кохання, як в геро",600
https://www.accordtour.com/tours/888138,Іспанія – горда квітка Півдня Відпочинок на морі,3,Монако – Ніцца – Ез – Льорет-де-Мар,,"Сніданок. Переїзд на Лазурове узбережжя. Ах, це Лазурне Узбережжя – синонім блиску, краси і безкінечного задоволення... Парфумерна фабрика Фрагонар (входить у вартість туру) Ми прибудемо в середньовічний Ез . Французьке містечко, що сидить на вершині скелі над півостровом Сен-Жан-Кап-Ферра - справжня перлина французького Лазурного узбережжя. Невеликий, але нескінченно затишний, з вузькими вуличками і великою кількістю квітів. З високогір'я відкриваються приголомшливі види на Лазурне узбережжя. Відвідування парфумерної фабрики Фрагонар. Нам розкажуть про історію створення ароматів і процесі вир",600
https://www.accordtour.com/tours/888138,Іспанія – горда квітка Півдня Відпочинок на морі,4,Коста-Брава – Фіґерас – Емпуріабрава – Парк бодега – Відпочинок на Середземному морі Іспанії (Ллорет-де-Мар) – Льорет-де-Мар,,"Сніданок. Переїзд в Іспанію. Каталонська Венеція – Емпуріабрава (входить у вартість туру) В Іспанії є своя каталонська Венеція. Сьогодні ми заїдемо в гості туди, де довжина штучних каналів більше 30 км, жителі причалюють на яхтах прямо до під'їзду будинку і переміщаються на човнах по місту. Емпуріабрава - каталонська рукотворна Венеція на узбережжі Коста-Брава . Місце, де величні Піренеї спускаються в безкрає море. Чарівні гірські пейзажі тут є сусідами з смарагдовими водами моря, створюючи унікальне, ні з чим незрівнянне відчуття раю на землі. Прогулянка з супроводжуючим. А ще тут чудові пляж",600
https://www.accordtour.com/tours/888138,Іспанія – горда квітка Півдня Відпочинок на морі,5,Барселона – Відпочинок на Середземному морі Іспанії (Ллорет-де-Мар) – Порт Авентура,Відпочинок на морі. Екскурсії на вибір: Один день в Барселоні: 40€,"Сніданок. Відпочинок на морі. Екскурсії на вибір: Один день в Барселоні ( Дорослий: 40€ / Діти до 16 років: 35€ ) Наш маршрут пройде найцікавішими місцями Барселони. Панорамна Барселона – дивовижно красиве місто. Ми дізнаємося історію римської колонії Барсіно, познайомимося з кварталами Ешампле, Тріумфальною аркою. Парк Сіутадея, Барселонетта з відомим пляжем і морським кварталом, площа Іспанії. Олімпійське Кільце, Набережна Колумба, Олімпійський Порт. Зупинки на фотопауза. А з гори Монтжуик ми зможемо зафіксувати на пам'ять панорамний вид на Барселону. Історія Барселони була завжди пов'язана ",600
https://www.accordtour.com/tours/888138,Іспанія – горда квітка Півдня Відпочинок на морі,6,Тосса-де-Мар – Відпочинок на Середземному морі Іспанії (Ллорет-де-Мар),отелю. Відпочинок на морі. Тосса-де-Мар – романтичне містечко: 30€,"Сніданок. Виселення з готелю. Відпочинок на морі. Тосса-де-Мар – романтичне містечко ( Дорослий: 30€ / Діти до 16 років: 21€ + вх. квиток) Сьогодні нас чекає одне з найгарніших міст Іспанії! Чаруюче і неповторне Тосса-де-Мар – дивовижне місце в Коста-Брава. Місто служило джерелом натхнення багатьом художникам. Тут знімали фільм ""Пандора і Летючий Голландець"", після якого, колись звичайне рибальське містечко стало шикарним курортом. Тосса розташувалось в затишній бухті зі скелястим берегом. Це місце для мрійників і романтиків! Тут і сонце, і пляжі, бухти, магазини, кафе, ресторани. Фортеця Вілл",600
https://www.accordtour.com/tours/888138,Іспанія – горда квітка Півдня Відпочинок на морі,7,Венеція – Лідо Ді Єзоло – Відпочинок на Адріатичному морі Італії,,"По дорозі зупинка на сніданок (оплачується по меню). Один з найвідоміших курортів Італії, розташованого на півночі країни, на узбережжі Адріатичного моря - Лідо-ді-Єзоло. Відпочинок на морі. О, ця італійська кухня! Смачна. Любите рибу і морепродукти? Море і прибережні лагуни забезпечують регіон різноманітною рибою і морепродуктами. Всі знають, що рибні страви чудово поєднуються з ароматними білими винами, а саме такими і багатий цей регіон. Для бажаючих (дод. опл. громадський транспорт- 30€/26€) Екскурсія Заручена з морем Венеція (входить у вартість туру) Місто на воді, де кам&rsquo;яна казка ",600
https://www.accordtour.com/tours/888138,Іспанія – горда квітка Півдня Відпочинок на морі,8,Долина Красунь – Мукачево – Стрий – Львів – купальні Егерсалок,у. При бажанні групи і наявності часу. Тропікарій – Океанарій: 10€,"Сніданок. Можливість завершити тур в Угорщині. Надьканіжа, Будапешт. Переїзд через Угорщину. При бажанні групи і наявності часу. Тропікарій – Океанарій ( Дорослий: 10€ / Діти: 10€ ) Найбільший в Центральній Європі. 8 залів! Де кипить життя тропіків і океанських глибин - алігатори, морські скати, величезні пітони, сонні черепашки, симпатичні мавпочки, розумні папуги та ліниві ігуани. А ще в 11-метровому тунелі можна поспостерігати за тигровими акулами в присутності безлічі інших рибок різної форми і розмірів з барвистим макіяжем та манікюром ... (знаходиться в торговому центрі Campona + TESCO) ",600
https://www.accordtour.com/tours/888661,Літня відпустка під іспанськими вітрилами Відпочинок на морі,1,Львів – Краків,ропі! При бажанні групи і наявності часу. Королівський Краків: 18€; ь на каву і закохатись у момент. Казімеж – особлива атмосфера: 18€,"Відправлення в тур Старт нашої подорожі — зі Львова, а саме з площі Двірцевої (ориєнтир -залізничний вокзал). Звідси починається пригода, яку ви точно запам&rsquo;ятаєте: нові місця, сотні фото й море вражень. Переїзд територією України, перетин кордону — і ми вже в Європі! При бажанні групи і наявності часу. Королівський Краків ( Дорослий: 18€ / Діти до 16 років: 13€ , до 5 років: 0€ ) Краків — місто легенд, мистецтва і шарму. Тут хочеться загубитись у вуличках, зупинитись на каву і закохатись у момент. Казімеж – особлива атмосфера ( Дорослий: 18€ / Діти до 16 років: 13€ , до 5 років: 0€ ) Ка",600
https://www.accordtour.com/tours/888661,Літня відпустка під іспанськими вітрилами Відпочинок на морі,2,Зальцбург – Зальцкаммергут,а відчути. Для бажаючих Озерний рай – долина Зальцкамергут: 46€,"Сніданок. Переїзд по Австрії. Екскурсія Зальцбург – звуки музики (входить у вартість туру) Зальцбург — альпійська казка, де звучить музика Моцарта і живе дух бароко. Його називають північною Флоренцією за велич і витонченість. Тут — палаци, собори, фонтани, сади й атмосфера мистецтва, яка проникає в кожен крок. Це місто, яке хочеться не просто побачити — а відчути. Для бажаючих Озерний рай – долина Зальцкамергут ( Дорослий: 46€ / Діти до 16 років: 36€ , до 5 років: 0€ ) Понад 50 кришталево чистих озер, альпійські містечка з пастельними фасадами та пейзажі, які виглядають ніби з обкладинки журн",600
https://www.accordtour.com/tours/888661,Літня відпустка під іспанськими вітрилами Відпочинок на морі,3,Люцерн – Цюрих – Рейнський водоспад,зд в Швейцарію. Головне... не поспішати... Рейнський Водоспад: 38€,"Сніданок. Переїзд в Швейцарію. Головне... не поспішати... Рейнський Водоспад ( Дорослий: 38€ / Діти до 16 років: 30€ ) Райнфаль — найбільший водоспад Європи та справжнє диво природи. Тут вода летить з висоти з такою силою, що навіть повітря навколо здається живим. Рейн шумить, бризки сяють на сонці, а серце мимоволі завмирає від краси. Це момент, коли хочеться просто зупинитись, вдихнути глибше й відчути себе частинкою чогось великого й справжнього. Екскурсія Неповторний Цюрих (входить у вартість туру) Цюрих - стильне серце Швейцарії, де фінансовий престиж поєднується з альпійським спокоєм. Ту",600
https://www.accordtour.com/tours/888661,Літня відпустка під іспанськими вітрилами Відпочинок на морі,4,Коста-Брава – Льорет-де-Мар – Фламенко шоу – Авіньйон,Сніданок. Переїзд по Франції. За бажанням групи. Пан Авіньйон: 30€,"Сніданок. Переїзд по Франції. За бажанням групи. Пан Авіньйон ( Дорослий: 30€ / Діти: 26€ ) Незвичайне місто в Провансі, де протягом століття перебував папський двір. Другий Ватикан. Старовинні вулички, церкви. Історія міста повністю змінилась, коли сюди переїхали папа римський. З тієї епохи залишився грандіозний папський палац, внесений до списку всесвітньої спадщини ЮНЕСКО, одна з найпопулярніших визначних пам'яток Франції. Ми піднімемося на пагорб Роше де Дом, де перед нами відкриється чудова панорама на міст святого Бенезета, на річку Рону і Віль Новина дез Авіньйон. Переїзд в Іспанію. В І",600
https://www.accordtour.com/tours/888661,Літня відпустка під іспанськими вітрилами Відпочинок на морі,5,Відпочинок на морі Іспанії – Коста-Брава – Льорет-де-Мар – Тосса-де-Мар – Жирона – Андорра,рі. Для бажаючих на вибір: Тосса-де-Мар – романтичне містечко: 30€,"Сніданок. Відпочинок на морі. Для бажаючих на вибір: Тосса-де-Мар – романтичне містечко ( Дорослий: 30€ / Діти до 16 років: 21€ + вх. квиток) Сьогодні нас чекає одне з найгарніших міст Іспанії! Чаруюче і неповторне Тосса-де-Мар – дивовижне місце в Коста-Брава. Місто служило джерелом натхнення багатьом художникам. Тут знімали фільм ""Пандора і Летючий Голландець"", після якого, колись звичайне рибальське містечко стало шикарним курортом. Тосса розташувалось в затишній бухті зі скелястим берегом. Це місце для мрійників і романтиків! Тут і сонце, і пляжі, бухти, магазини, кафе, ресторани. Фортеця В",600
https://www.accordtour.com/tours/888661,Літня відпустка під іспанськими вітрилами Відпочинок на морі,6,Барселона – Відпочинок на морі Іспанії – Порт Авентура – Льорет-де-Мар,данок. Відпочинок на морі. Для бажаючих Один день в Барселоні: 40€,"Сніданок. Відпочинок на морі. Для бажаючих Один день в Барселоні ( Дорослий: 40€ / Діти до 16 років: 35€ ) Наш маршрут пройде найцікавішими місцями Барселони. Панорамна Барселона – дивовижно красиве місто. Ми дізнаємося історію римської колонії Барсіно, познайомимося з кварталами Ешампле, Тріумфальною аркою. Парк Сіутадея, Барселонетта з відомим пляжем і морським кварталом, площа Іспанії. Олімпійське Кільце, Набережна Колумба, Олімпійський Порт. Зупинки на фотопауза. А з гори Монтжуик ми зможемо зафіксувати на пам'ять панорамний вид на Барселону. Історія Барселони була завжди пов'язана з морем",600
https://www.accordtour.com/tours/888661,Літня відпустка під іспанськими вітрилами Відпочинок на морі,7,Відпочинок на Середземному морі Іспанії (Ллорет-де-Мар) – Жирона – Кадакес,вині дня пропонуємо відвідати Священне місце – Гора Монсеррат: 46€,"Сніданок. Відпочинок на морі. В другій половині дня пропонуємо відвідати Священне місце – Гора Монсеррат ( Дорослий: 46€ / Діти до 16 років: 36€ , до 5 років: 0€ + вх. квиток) А тепер нас чекає екскурсія в священне місце - гора Монсеррат . Монсеррат - одне з небагатьох місць на Землі, які, варто один раз побачити, що врізаються намертво в пам'ять і залишаються там назавжди. Ми здійснимо підйом на священну для каталонців гору. Старовинний монастир зберігає зображення головної святої цих місць - Чорної діви Монсеррат. У Чорної діви просять здоров'я, сімейного щастя і благополуччя. Монсеррат змін",600
https://www.accordtour.com/tours/888661,Літня відпустка під іспанськими вітрилами Відпочинок на морі,8,Ніцца – Монако – Монте-Карло,,"Сніданок. Ах, це Лазурне Узбережжя – синонім блиску, краси і безкінечного задоволення... Парфумерна фабрика Фрагонар (входить у вартість туру) Ми прибудемо в середньовічний Ез . Французьке містечко, що сидить на вершині скелі над півостровом Сен-Жан-Кап-Ферра - справжня перлина французького Лазурного узбережжя. Невеликий, але нескінченно затишний, з вузькими вуличками і великою кількістю квітів. З високогір'я відкриваються приголомшливі види на Лазурне узбережжя. Відвідування парфумерної фабрики Фрагонар. Нам розкажуть про історію створення ароматів і процесі виробництва запашної продукції. Ад",600
https://www.accordtour.com/tours/888661,Літня відпустка під іспанськими вітрилами Відпочинок на морі,9,Мілан – озеро Комо – Бергамо – Лугано,ереїзд по Італії. Для бажаючих на вибір: Мілан – столиця моди: 26€; ники і ультрасучасні квартали. Лугано і Комо: озерна симфонія: 48€,"Сніданок. Переїзд по Італії. Для бажаючих на вибір: Мілан – столиця моди ( Дорослий: 26€ / Діти: 16€ ) Мілан – мрія багатьох модниць, місто-бутік, звідки неможливо поїхати без покупки. Мілан поєднує в собі середньовічні пам'ятники і ультрасучасні квартали. Лугано і Комо: озерна симфонія ( Дорослий: 48€ / Діти до 16 років: 38€ , до 5 років: 0€ ) Лугано — це елегантне місто Швейцарії з середземноморським шармом, вузькими вуличками та набережною, що виблискує на сонці. Звідси відкриваються мальовничі краєвиди на Альпи та озеро, які створюють атмосферу спокою і витонченості. Подорож до озера Комо ",600
https://www.accordtour.com/tours/888661,Літня відпустка під іспанськими вітрилами Відпочинок на морі,10,Грац – Відень – Львів,бажанні групи ранкова екскурсія: Грац – таємна любов Австрії: 30€; ут багато жителів міста вперше поцілувались. Віденський вальс: 18€,"Сніданок. При бажанні групи ранкова екскурсія: Грац – таємна любов Австрії ( Дорослий: 30€ / Діти до 16 років: 20€ , до 5 років: 0€ ) Багатовікова історія... адже Грац - колись блискуча резиденція Габсбургів... Ренесансні дворики, затишні середньовічні вулички, прекрасна панорама з замкової гори Шлоссберг і звичайно ж - Символ міста - годинникова башта з оригінальним годинниковим механізмом. Саме тут багато жителів міста вперше поцілувались. Віденський вальс ( Дорослий: 18€ / Діти до 16 років: 13€ , до 5 років: 0€ ) Відень – місто музики і великих композиторів, місто чаруюче і прекрасне... Йог",600
https://www.accordtour.com/tours/1118349,"Сонячна відпустка: Трієст, Мілан, Генуя і Венеція",1,Львів – Мукачево – Будапешт,куточку. Для бажаючих рекомендуємо: Ажурна прикраса Будапешту: 30€,"Виїзд в тур відбувається із Львівського залізничного вокзалу. Перетин кордону. Переїзд по території Угорщини. Переїзд в Будапешт. Екскурсія Шарм нічного Будапешта (входить у вартість туру) О, це місто... Незабутнє... Неповторне... Чарівне... Воно пропонує своїм відвідувачам близьку і знайому європейську культуру, але з особливим угорським ароматом... Місто з древньою історією, культурою, традиціями, життєва сила якого пульсує в кожному його куточку. Для бажаючих рекомендуємо: Ажурна прикраса Будапешту ( Дорослий: 30€ / Діти: 26€ ) Річкова прогулянка - незабутня водна подорож по Дунаю... Поселе",600
https://www.accordtour.com/tours/1118349,"Сонячна відпустка: Трієст, Мілан, Генуя і Венеція",2,Трієст – Мірамаре,,"Сніданок. Екскурсія Несподіваний Трієст (входить у вартість туру) Зазвичай європейські портові міста - це завжди метушня, галас, вузькі вулиці і натовпи жебраків, однак Трієст - абсолютне виключення з правил і поєднує в собі риси трьох абсолютно різних культур. Понад шість століть Трієст перебував під владою Австрії, величезний вплив на нього здійснила сусідня Словенія, і всі ці неповторні риси нерозривно сплелися з культурою витонченої Італії. Цей прикордонний світ збиває з пантелику і дарує цілу гаму суперечливих, але захоплених відчуттів. У вільний час рекомендуємо відвідати: Grotta Gigante",600
https://www.accordtour.com/tours/1118349,"Сонячна відпустка: Трієст, Мілан, Генуя і Венеція",3,Мілан – cобор Дуомо – озеро Комо – Бергамо,,"Сніданок. Екскурсія Місто моди і мистецтва – Мілан (входить у вартість туру) У цьому місті є все: античність і сучасність, прогрес і культура. Найдавніше місто, яке вважається одним з найдинамічніших в Європі. Мілан – столиця моди і дизайну, але також і місто, багате пам'ятками архітектури і творами мистецтва. Нашій увазі символ Мілана – Домський Собор. Побудований в готичному стилі грандіозний Собор Дуомо міланці жартома називають ""Їжачком"". Вітражі Дуомо вражають своєю красою і незвичністю. Ми побачимо всесвітньо відомий оперний театр ""Ла Скала"". Театр, який відомий далеко за межами міста св",600
https://www.accordtour.com/tours/1118349,"Сонячна відпустка: Трієст, Мілан, Генуя і Венеція",4,Генуя – Санта-Маргерита і Портофіно,,"Сніданок. Екскурсія Господиня моря - Генуя (входить у вартість туру) Давня морська держава і найбільший порт в Північній Італії Генуя, є столицею Лігурії, а історична спадщина &laquo;портової республіки&raquo; не дає спокою багатьом дослідникам і простим шукачам нових вражень. Вузькі вулички, маленькі площі, сходи в своєму тісному просторі приховують тисячолітню історію міста. Тут народився знаменитий мандрівник Христофор Колумб, поет Петрарка і композитор Паганіні. Це місто ще в царські часи любила відвідувати аристократія і зараз в його передмісті знаходиться наймодніша курортна зона країни.",600
https://www.accordtour.com/tours/1118349,"Сонячна відпустка: Трієст, Мілан, Генуя і Венеція",5,Венеція – Гранд Канал,,"Сніданок. Екскурсія Заручена з морем - Венеція (входить у вартість туру) Нас запрошує красуня на воді, &laquo;заручена з морем&raquo;, - так кажуть про Венецію (додатк. оплач. громадський транспорт - 30&euro;/26&euro;) - найбільш витончене і таємниче місто Італії. Це місто - прекрасна казка, яка застигла в камені. Багато століть майстри і художники прославляли його і прикрашали своїми творами. Тут прекрасно поєднуються розкішні палаци і скромні вузенькі вулички, мовчазні канали та гомінкі ринки. Затишні кафе запрошують нас на ароматну каву, а на площі Сан Марко просто на долоню сідають голуби ",600
https://www.accordtour.com/tours/1118349,"Сонячна відпустка: Трієст, Мілан, Генуя і Венеція",6,Егер – купальні Егерсалок,Сніданок. Купальні Егерсалок: 10€; подбати про себе. АБО Дуже смачний гуляш в Долині Красунь !!!: 24€,"Сніданок. Купальні Егерсалок ( Дорослий: 10€ / Діти до 16 років: 10€ + вх. квиток) Егерсалок, відомий як ""угорський Памуккале"", вражає білосніжними терасами та термальними джерелами. Велнес-комплекс подарує відновлення і релакс: басейни з теплою мінеральною водою, ароматні сауни, розслаблюючі ванни та незвичайні масажі. Ідеальне місце, щоб зупинити час і подбати про себе. АБО Дуже смачний гуляш в Долині Красунь !!! ( Дорослий: 24€ / Діти до 16 років: 18€ ) Атмосферна дегустація егерських вин та ароматного гуляшу в серці винної долини. ""Бича Кров"" — гордість регіону, ""Егерська Дівчина"" — його н",600
https://www.accordtour.com/tours/603600/avtobusni_ekonom_tury/italiia,Випускний в Італії: 2 дні в Римі + відпочинок на морі,1,Львів – Будапешт,куточку. Для бажаючих рекомендуємо: Ажурна прикраса Будапешта: 30€,"Виїзд в тур відбувається із Львівського залізничного вокзалу. Перетин кордону. Переїзд по території Угорщини. Переїзд в Будапешт. Екскурсія Шарм нічного Будапешта (входить у вартість туру) О, це місто... Незабутнє... Неповторне... Чарівне... Воно пропонує своїм відвідувачам близьку і знайому європейську культуру, але з особливим угорським ароматом... Місто з древньою історією, культурою, традиціями, життєва сила якого пульсує в кожному його куточку. Для бажаючих рекомендуємо: Ажурна прикраса Будапешта ( Дорослий: 30€ / Діти до 16 років: 26€ ) Прогулянка на кораблику з шампанським. Сім мостів с",600
https://www.accordtour.com/tours/603600/avtobusni_ekonom_tury/italiia,Випускний в Італії: 2 дні в Римі + відпочинок на морі,2,Ліньяно-Сабб ядоро – Трієст,чинок на морі. Для бажаючих рекомендуємо: Несподіваний Трієст: 28€,"Сніданок. Переїзд в Італію. Прибуття на курорт Ліньяно-Сабб ядоро. Італійці називають цей затишний куточок «номер один» для розкішного сімейного відпочинку. Більшість пляжів нагороджені Блакитним прапором за чистоту та екологічність. Рив’єра вабить туристів спокійною і тихою атмосферою. Повітря тут насичене запахом хвої і морського йоду. Відпочинок на морі. Для бажаючих рекомендуємо: Несподіваний Трієст ( Дорослий: 28€ / Діти: 23€ ) Зазвичай європейські портові міста - це завжди метушня, галас, вузькі вулиці і натовпи жебраків, однак Трієст - абсолютне виключення з правил, що поєднує в собі ри",600
https://www.accordtour.com/tours/603600/avtobusni_ekonom_tury/italiia,Випускний в Італії: 2 дні в Римі + відпочинок на морі,3,Рим – Ватикан,У вільний час рекомендуємо: Держава Ватикан Дотик до вічності: 41€,"Сніданок. Переїзд в Рим. Пересування по Риму - на громадському транспорті. Екскурсія Оглядова екскурсія Рим пам ятає багато (входить у вартість туру) Важко знайти на землі людину, у якої при звучанні цього слова перед очима не з'являються барвисті образи мощених вулиць, просочених древньою історією, безлічі старовинних храмів, прикрашених руками великих Мікеланджело і Рафаеля... У вільний час рекомендуємо: Держава Ватикан Дотик до вічності ( Дорослий: 41€ / Діти до 16 років: 36€ + вх. квиток) Священний світ мистецтва та релігії... Наш шлях лежить в найменшу країну в світі, яка розмістилася на ",600
https://www.accordtour.com/tours/603600/avtobusni_ekonom_tury/italiia,Випускний в Італії: 2 дні в Римі + відпочинок на морі,4,Колізей Рим – Тіволі – Неаполь – Помпеї,анспорті) Всім бажаючим пропонуємо: Колізей - стародавній Рим: 23€; асне вічне місто... Колиска італійського Відродження – Тіволі: 33€,"Сніданок. Вільний час в Римі. (Пересування по Риму - на громадському транспорті) Всім бажаючим пропонуємо: Колізей - стародавній Рим ( Дорослий: 23€ / Діти: 23€ + вх. квиток) Грандіозний Колізей - колись амфітеатр для гладіаторських битв, сьогодні символ величі і могутності міста, Римський і Імператорський Форуми, Капітолійський пагорб - священне місце богів - ціль усіх непереможних полководців. Ми дізнаємося історію Древнього Риму, таємниці і легенди, що зберігає в собі це прекрасне вічне місто... Колиска італійського Відродження – Тіволі ( Дорослий: 33€ / Діти до 16 років: 30€ + вх. квиток) ",600
https://www.accordtour.com/tours/603600/avtobusni_ekonom_tury/italiia,Випускний в Італії: 2 дні в Римі + відпочинок на морі,5,Венеція – Гранд Канал – Палац дожів,,"Сніданок. Екскурсія Заручена з морем - Венеція (входить у вартість туру) Нас запрошує красуня на воді, &laquo;заручена з морем&raquo;, - так кажуть про Венецію (додатк. оплач. громадський транспорт - 30&euro;/26&euro;) - найбільш витончене і таємниче місто Італії. Це місто - прекрасна казка, яка застигла в камені. Багато століть майстри і художники прославляли його і прикрашали своїми творами. Тут прекрасно поєднуються розкішні палаци і скромні вузенькі вулички, мовчазні канали та гомінкі ринки. Затишні кафе запрошують нас на ароматну каву, а на площі Сан Марко просто на долоню сідають голуби ",600
https://www.accordtour.com/tours/603600/avtobusni_ekonom_tury/italiia,Випускний в Італії: 2 дні в Римі + відпочинок на морі,6,купальні Егерсалок – Егер,ір: Дегустація егерських вин і смачний гуляш в Долині Красунь: 23€; справжній гуляш! АБО Угорський Памуккале - місто Егерсалок!: 10€,"Сніданок. Переїзд по Угорщині. Для бажаючих на вибір: Дегустація егерських вин і смачний гуляш в Долині Красунь ( Дорослий: 23€ / Діти: 18€ ) Для всіх учасників - найбільш відоме вино - ""Бича кров"" и найбільш приємне - ""Егерська дівчина"". І, звісно, справжній гуляш! АБО Угорський Памуккале - місто Егерсалок! ( Дорослий: 10€ / Діти: 10€ + вх. квиток) Термальні дива Угорщини. для прекрасного відчуття бадьорості –пропонуємо відвідати Велнес-Комплекс. До Ваших послуг незвичайні масажі, розважальні басейни, ексклюзивні сауни, приємні і ніжні ванни ... Перетин кордону. Час прибуття до Львова орієнто",600
https://www.accordtour.com/tours/601066,"Париж в моді, при любій погоді!",1,Львів – Будапешт,"ий навіть в будні! Прогулянка на кораблику ""Чарівність Дунаю"": 30€","Збір на залізничному вокзалі м. Львів. Відправлення в тур. (Місце відправки: залізничний вокзал м.Львів, площа Двірцева 1) Можлива підсадка в Стрию (+1 година з моменту відправлення в тур), Мукачево (+4 години з моменту відправлення в тур). Перетин кордону. По дорозі при наявності часу пропонуємо: Екскурсія Шарм нічного Будапешту (входить у вартість туру) Ми проведемо вільний час в улюбленому місці прогулянок угорської знаті - набережній Корзо і фешенебельній вулиці Ваци. Тут Пешт ошатний, святковий навіть в будні! Прогулянка на кораблику ""Чарівність Дунаю"" ( Дорослий: 30€ / Діти до 16 років: ",600
https://www.accordtour.com/tours/601066,"Париж в моді, при любій погоді!",2,Страсбург – Кольмар,час пропонуємо відвідати на вибір: Кольмар - перлина Ельзасу: 38€,"Франція - країна дивовижна, різноманітна і багатолика ... Переїзд в Страсбург. Оглядова екскурсія Екскурсія «Страсбург - французький красень» (входить у вартість туру) Пишність і краса Страсбурга полягає в тому, що тут все змішано - тут будинки французькі, а тут німецькі, тут фуа-гра, а ось вже німецька кухня. І в усьому так. Гуляти по Страсбургу одне задоволення ... Історичний центр міста оточений каналами, які зраджують місту особливого шарму і настрій. Це один із самих мальовничих куточків Франції. У вільний час пропонуємо відвідати на вибір: Кольмар - перлина Ельзасу ( Дорослий: 38€ / Діти",600
https://www.accordtour.com/tours/601066,"Париж в моді, при любій погоді!",3,Париж – Монмартр – Фрагонар – ріка Сена – Ейфелева вежа,"ти: Серце Парижа: Латинський квартал, острів Сіте та Нотр-Дам: 25€","Сніданок. Прибуття до Франції. Оглядова екскурсія по місту. Екскурсія Магія Парижа! (входить у вартість туру) Пішохідна екскурсія. Париж стає рідним з першого погляду, з першого кроку його витертою бруківкою. Паризькі прогулянки заводять у минуле, в пам'ять серця, у потаємні куточки душі. Франсуаза Саган, Коко Шанель, Джо Дассен, Бріджит Бардо.... Вільний час. Пересування на громадському транспорті (дод. оплата). Пропонуємо відвідати: Серце Парижа: Латинський квартал, острів Сіте та Нотр-Дам ( Дорослий: 25€ / Діти до 16 років: 16€ , до 6 років: 0€ ) Латинський квартал — богемна душа Парижа. Ст",600
https://www.accordtour.com/tours/601066,"Париж в моді, при любій погоді!",4,Париж – Нормандія – Фонтенбло – Діснейленд – Етрета – Мон-Сен-Мішель – Шамбор – Долина Луари,"ати екскурсії на вибір: Яскрава Нормандія: скелі Етрета, Руан: 68€; тнього французького дня. Мон-Сен-Мішель або Восьме чудо світу: 88€","Сніданок. У вільний час в Парижі пропонуємо відвідати екскурсії на вибір: Яскрава Нормандія: скелі Етрета, Руан ( Дорослий: 68€ / Діти до 16 років: 50€ , до 6 років: 0€ ) Нормандія- це пейзажі, які хочеться зберегти назавжди. Скелі Етрета — мов картина, яку створила сама природа, і яку міг би підписати Моне. Аромати моря, сидру й свіжих морепродуктів у Трувілі — як спогад, що смакує щастям. Руан відкриє легенди Жанни д&rsquo;Арк, готичну велич і чар незабутнього французького дня. Мон-Сен-Мішель або Восьме чудо світу ( Дорослий: 88€ / Діти до 16 років: 80€ + вх. квиток) У 360 км на захід від Па",600
https://www.accordtour.com/tours/601066,"Париж в моді, при любій погоді!",5,Париж – Лувр – Версаль,Сніданок. Виселення з готелю. Все про Париж: 30€,"Сніданок. Виселення з готелю. Все про Париж ( Дорослий: 30€ / Діти до 16 років: 21€ , до 6 років: 0€ ) Автобусна екскурсія по Парижу з фотопаузами. Нас очікують: площа Конкорд, Великі та Малі палаци, будинок Інвалідів, величний Лувр, один з найкрасивіших театрів світу – Гранд Опера, церква Мадлен, парк Пале Рояль. Фотопауза на Марсовому полі - Ейфелева вежа тут як на долоні. Побачивши всю цю красу, розуміємо, що Париж – казкова скриня шедеврів, які віками створювались найвідомішими в світі архітекторами, художниками і скульпторами... і це прекрасно!!! Вежа Монпарнас (дод. оплата) Вежа Монпарна",600
https://www.accordtour.com/tours/601066,"Париж в моді, при любій погоді!",6,Базель – Цюрих – Рейнський водоспад – Люцерн,рекомендуем відвідати Базель – місто на кордоні трьох держав: 30€,"Сніданок. Швейцарія - це рай, її уявляють по-різному і лише опинившись тут кожен знаходить те, що шукав. Сьогодні нас чекають Заповітні куточки Швейцарії: прекрасні гори із засніженими вершинами, альпійські луки, глибокі озера, затишні шалле і святкові альпійські будиночки. По дорозі, при бажанні групи, рекомендуем відвідати Базель – місто на кордоні трьох держав ( Дорослий: 30€ / Діти: 26€ ) Базель – третє за величиною місто Швейцарії. Ми полюбуємося прекрасною набережною Рейну, отримаємо задоволення від фонтанів і пройдемо по Старому місту. Переїзд в Цюріх. Екскурсія Неповторний Цюріх (входи",600
https://www.accordtour.com/tours/601066,"Париж в моді, при любій погоді!",7,Шенбрунн – скарбниця Габсбургів – Відень – Мукачево – Стрий – Львів,Прибуття до Відня. Всім бажаючим пропонуємо: Величний Відень: 26€,"Прибуття до Відня. Всім бажаючим пропонуємо: Величний Відень ( Дорослий: 26€ / Діти до 16 років: 21€ , до 5 років: 0€ ) Таємниче середньовіччя, блискуче 19 століття, круговорот музики, історії, мистецтва – все це Відень, неповторний і прекрасний! ""Це моя воля!"" – цими словами імператор Франц Йосиф розпорядився про будівництво Рінгштрассе, де велично розташувалися будівлі Парламенту, Ратуші, Бургтеатра. Ми також побачимо найвеселішу пам'ятку – химерний будинок Хундертвасер! А на завершення екскурсії – ""відвідаємо"" принца Євгенія Савойського і побачимо дивовижний за своєю красою замок Бельведер!",600
https://www.accordtour.com/tours/3860,"Мрії в подарунок&hellip; Егер, Відень і Будапешт!",1,Львів – Егер – Долина Красунь,,"Відправлення в тур. (Місце відправки: залізничний вокзал м.Львів, площа Двірцева 1) Можливість приєднатися до групи в Стрию, Мукачеві. Невеликий переїзд – і ми вже на півночі Угорщини. Пішохідна екскурсія в м. Егер (входить у вартість туру) Ми познайомимося з одним з найкрасивіших середньовічних міст Угорщини - містом квітів, студентів і знаменитого червоного вина. Егер також відомий як ""місто - патріот"", адже комендант Егерської фортеці Іштвана Добо - зробив історичний подвиг: він із невеликою кількістю воїнів цілий місяць протистояв туркам, які мали майже двадцятикратну перевагу! Для всіх ба",600
https://www.accordtour.com/tours/3860,"Мрії в подарунок&hellip; Егер, Відень і Будапешт!",2,Будапешт – Купальні Сечені – Сентендре – Вишеград,,"Сніданок. Термальні купальні графа Сечені (вх. квиток) Заряд бадьорості і енергії на цілий день! Пішохідна екскурсія ""Будапешт – перлина Дунаю"" (входить у вартість туру) О, це місто... Незабутнє... Неповторне... Чарівне... Будапешт пропонує своїм відвідувачам близьку і знайому європейську культуру, але з особливим угорським ароматом... Місто з древньою історією, культурою, традиціями, життєва сила якого пульсує в кожному його куточку. Ми вирушимо до духовного центру Будапешта - базиліці Святого Іштвана, потім до грандіозного Парламенту, площі Свободи і до чарівного Ланцюгового мосту, який охор",600
https://www.accordtour.com/tours/3860,"Мрії в подарунок&hellip; Егер, Відень і Будапешт!",3,Будапешт – Балатон – Тихань – Хевіз – Відень – Палац Бельведер – Шенбрунн – Баден – Віденський ліс,ільний день в Будапешті. Рекомендуємо: Поїздка на оз. Балатон: 46€,"Сніданок. Вільний день в Будапешті. Рекомендуємо: Поїздка на оз. Балатон ( Дорослий: 46€ / Діти до 16 років: 36€ , до 6 років: 0€ ) Найбільше озеро в Центральній Європі! Це справжнє &ldquo;Угорське море&rdquo; – мрія і поезія, історія і традиції, зібрання рідкісних казок та гордість видатних угорців. По дорозі – одне з самих стародавніх міст – Секешфехервар , який по праву називають колискою Угорської держави. Далі Нас очікує переїзд на півострів Тихань – вишуканий туристичний центр: природній заповідник, фортеця, Тиханське абатство і гора з такою незвичайною назвою – ""Ехо""&hellip; кажуть, якщ",600
https://www.accordtour.com/tours/3860,"Мрії в подарунок&hellip; Егер, Відень і Будапешт!",4,купальні Мішкольц-Тапольца – Токай – Львів,,"Сніданок. Виселення з готелю. Вранці - переїзд і відвідування Купальні в Мішкольц-Тапольце (вх. квиток) Світлові ефекти, таємничість і загадковість... До Ваших послуг купання і водні атракціони. На час, поки купальні Мішкольц Тапольце знаходяться на реконструкції, пропонуємо відвідати: Пляж-купальні Камілла (вх. квиток) Відвідування Велнес центру . Величезна територія, на якій розташувалися закриті та відкриті басейни, літня тераса для сонячних ванн, басейни з &laquo;пригодами&raquo;, розваги для діток. Велика гордість &laquo;Камілла&raquo; - великий &laquo;світ саун&raquo;: хортобадські, вогн",600
https://www.accordtour.com/tours/1118186/tab/tab_price/tour_date/2026-06-13/cls_number_adult_cnt/%7B1:1%7D/cls_number_child_age/%7B%7D/tour_include_ins/true,Естетика півдня: Амальфітанське узбережжя + Рим,1,Львів – Краків,з торгових центрів. Трансфер в центр 10€. Або Магічний Краків: 18€,"Виїзд в тур відбувається із Львівського залізничного вокзалу. Перетин кордону. При швидкому проходженні кордону і бажанні групи - можливість відвідати Краків. Вільний час в одному з торгових центрів. Трансфер в центр 10€. Або Магічний Краків ( Дорослий: 18€ / Діти: 13€ ) Місто древніх легенд і переказів, династій польських королів і видатного Міцкевича, народного героя Тадеуша Костюшко, вузьких вуличок з бруківкою і величних костелів. Про красу стародавнього Кракова, про музейні скарби Вавельського замку, про дракона Смока відомо стільки легенд, що вже важко відрізнити правду від вигадки. Кажу",600
https://www.accordtour.com/tours/1118186/tab/tab_price/tour_date/2026-06-13/cls_number_adult_cnt/%7B1:1%7D/cls_number_child_age/%7B%7D/tour_include_ins/true,Естетика півдня: Амальфітанське узбережжя + Рим,2,Грац,,"Сніданок. Переїзд в Австрію. Екскурсія Таємна любов Австрії (входить у вартість туру) Розкинувшись у підніжжя величних Альп, Грац є столицею землі Штігрія і другим за розміром містом в Австрії. Розташувавшись на берегах річки Мур, він вдало поєднує сучасне життя і історичне минуле. Запрошуємо зануритись у багатовікову історію, колись блискучої резиденції Габсбургів, прогулятися по лабіринтах ренесансних двориків, віддатися чарівності затишних середньовічних вуличок, помилуватися прекрасною панорамою, що відкривається з замкової гори на червоні черепичні дахи старого міста ... У вільний час рек",600
https://www.accordtour.com/tours/1118186/tab/tab_price/tour_date/2026-06-13/cls_number_adult_cnt/%7B1:1%7D/cls_number_child_age/%7B%7D/tour_include_ins/true,Естетика півдня: Амальфітанське узбережжя + Рим,3,Болонья – Феррара – музей Феррарі,,"Сніданок. Італія! Тут кожен куточок - це вже пам ятка: спадщина стародавніх римлян, велична спадщина епохи Ренесансу або мальовничі місця, подаровані самою природою... Екскурсія Товстушка Болонья (входить у вартість туру) Болонья запрошує нас в зовсім інший світ, в якому панує атмосфера комфорту, затишку, гостинності і доброти. Болонья є одним з культурних центрів Італії, тут знаходиться університет, заснований ще в 11 столітті. Його закінчили такі відомі всьому світу особистості як Франческа Петрарка, Данте Аліг&rsquo;єрі, Коперник і багато інших. Місто також по праву вважається кулінарною ст",600
https://www.accordtour.com/tours/1118186/tab/tab_price/tour_date/2026-06-13/cls_number_adult_cnt/%7B1:1%7D/cls_number_child_age/%7B%7D/tour_include_ins/true,Естетика півдня: Амальфітанське узбережжя + Рим,4,Рим – Колізей Рим – Ватикан,Вільний час. Для бажаючих: Держава Ватикан Дотик до вічності: 41€,"Сніданок. Пересування по Риму - на громадському транспорті. Екскурсія Оглядова екскурсія Рим пам ятає багато (входить у вартість туру) Важко знайти на землі людину, у якої при звучанні цього слова перед очима не з'являються барвисті образи мощених вулиць, просочених древньою історією, безлічі старовинних храмів, прикрашених руками великих Мікеланджело і Рафаеля... Вільний час. Для бажаючих: Держава Ватикан Дотик до вічності ( Дорослий: 41€ / Діти до 16 років: 36€ + вх. квиток) Священний світ мистецтва та релігії... Наш шлях лежить в найменшу країну в світі, яка розмістилася на території одного",600
https://www.accordtour.com/tours/1118186/tab/tab_price/tour_date/2026-06-13/cls_number_adult_cnt/%7B1:1%7D/cls_number_child_age/%7B%7D/tour_include_ins/true,Естетика півдня: Амальфітанське узбережжя + Рим,5,Неаполь – Помпеї – вулкан Везувій – Капрі,,"Сніданок. Переїзд до Неаполя. Екскурсія в Неаполь (входить у вартість туру) Найсуперечливіше місто Італії – Неаполь . Це місто поєднує в собі благополуччя і бідність, бурхливий розвиток і традиційний дух країни. Кажуть, що навіть італійці з півночі приїжджають сюди, щоб відчути дух колишньої Італії. Його або люблять, або ненавидять. В нього або закохуються з першого погляду, або згадують про нього із роздратуванням. Але його потрібно побачити, почути звуки міста, вдихнути повітря вулиць, таких різних і непередбачуваних, подивитися на синю гладь Неаполітанської затоки, почути справжню неаполіта",600
https://www.accordtour.com/tours/1118186/tab/tab_price/tour_date/2026-06-13/cls_number_adult_cnt/%7B1:1%7D/cls_number_child_age/%7B%7D/tour_include_ins/true,Естетика півдня: Амальфітанське узбережжя + Рим,6,Амальфі – Сорренто – Салерно – Позітано,ий день. Всім бажаючим пропонуємо: Король узбережжя - Амальфі: 55€,"Сніданок. Вільний день. Всім бажаючим пропонуємо: Король узбережжя - Амальфі ( Дорослий: 55€ / Діти: 48€ ) Амальфі - найбільше та найчарівніше містечко Амальфітанского узбережжя. Це містечко з дюжиною першокласних готелів, унікальним кафедральним собором з візантійськими мозаїками, романськими колонами і сарацинським куполом. Вважається, що в цьому соборі зберігаються мощі святого Андрія Первозванного. Місто розташоване на схилах скель, будинки з'єднуються один з одним висіченими в камені східцями. Через таке специфічне розташування в місті немає головної вулиці, якщо не брати до уваги набереж",600
https://www.accordtour.com/tours/1118186/tab/tab_price/tour_date/2026-06-13/cls_number_adult_cnt/%7B1:1%7D/cls_number_child_age/%7B%7D/tour_include_ins/true,Естетика півдня: Амальфітанське узбережжя + Рим,7,Орвєто – Чівіта ді Баньореджо – Перуджа – Монтепульчано,,"Сніданок. Екскурсія Диво Італії – Орвієто (входить у вартість туру) Сьогодні ми вирушимо з Вами в подорож незвичайними місцями. Наш шлях лежить до чарівного містечка Орвієто , який стоїть на пагорбі, довгий час приховував дивовижну таємницю - ціле печерне місто, яке не поспішали оприлюднити і після виявлення, суворо засекретили. Головний символ міста - прекрасний і унікальний у своєму роді собор, побудований в кількох стилях: романська основа поєднується з розкішним готичним фасадом, колориту якому надає позолочена мозаїка. Це місто прославилося на весь світ також завдяки своєму білому сухому ",600
https://www.accordtour.com/tours/1118186/tab/tab_price/tour_date/2026-06-13/cls_number_adult_cnt/%7B1:1%7D/cls_number_child_age/%7B%7D/tour_include_ins/true,Естетика півдня: Амальфітанське узбережжя + Рим,8,Падуя – Клагенфурт,,"Сніданок. Екскурсія Падуя - місто трьох ""без"" (входить у вартість туру) Місто, засноване троянцями, можна сміливо вважати благословенним, у якого цілих 4 святих покровителі. Це дивовижне місто, де все дихає історією і культурою. Падуя - місто святого, шанованого у всьому світі Святого Антонія, і місто, де розташований один з найдавніших європейських університетів - Падуанський університет, в якому викладали Галілей і Коперник. Тут ми відкриємо для себе нову Італію ... особливу і таємничу, наповнену красою і загадками ... Після переїзду для бажаючих пропонуємо: Клагенфурт - місто озер і гномів ",600
https://www.accordtour.com/tours/1118186/tab/tab_price/tour_date/2026-06-13/cls_number_adult_cnt/%7B1:1%7D/cls_number_child_age/%7B%7D/tour_include_ins/true,Естетика півдня: Амальфітанське узбережжя + Рим,9,Відень – Львів,найпривабливіших столиць Європи ... Для бажаючих Магія Відня: 18€; ми. Всюди звучать мелодії великого Моцарта... Величний Відень: 26€,"Сніданок. Переїзд у Відень, одну з найчарівніших і найпривабливіших столиць Європи ... Для бажаючих Магія Відня ( Дорослий: 18€ / Діти: 13€ ) Пішохідна оглядова екскурсія з можливістю побачити історичні пам'ятки: Парламент , Ратушу , Віденський Будинок Опери та Хофбург , прогулятися по ""обручці Відня"". Місто продовжує жити своїм минулим. Вулицями діловито снують коляски, запряжені кіньми. Всюди звучать мелодії великого Моцарта... Величний Відень ( Дорослий: 26€ / Діти до 16 років: 21€ , до 5 років: 0€ ) Таємниче середньовіччя, блискуче 19 століття, круговорот музики, історії, мистецтва – все ц",600
https://www.accordtour.com/tours/160310,"Love is...Венеція і Париж! + Діснейленд, Верона та Мілан...",1,Краків – Львів – Прага,у проходженні кордону для бажаючих: Краків -королівський шлях: 18€,"Відправлення в тур з залізничного вокзалу Львова. (площа Двірцева 1). Перетин кордону. При швидкому проходженні кордону для бажаючих: Краків -королівський шлях ( Дорослий: 18€ / Діти: 13€ ) Шлях, по якому протягом багатьох сторіч проїжджали польські королі: місце де переплітаються легенди... Найстаріша частина міста - Ринкова площа, один із найстаріших університетів Європи - Ягелонський університет, середньовічний центр торгівлі - торгові ряди, де Ви можете придбати сувеніри на згадку про проведені тут хвилини... Переїзд в готель. Поселення і ночівля. <div class=""",570
https://www.accordtour.com/tours/160310,"Love is...Венеція і Париж! + Діснейленд, Верона та Мілан...",2,Прага,час рекомендуємо відвідати: Прогулянка на кораблику по Влтаві: 36€,"Сніданок. Пішохідна екскурсія Екскурсія Прага – місто легенд (входить у вартість туру) Прага вважається одним з найкрасивіших міст Європи, яке багато століть захоплює і не перестає дивувати!!! Староміська площа та Астрономічний годинник, чудовий храм Діви Марії перед Тином, легендарний Карлів міст, Золота вуличка, Вацлавська площа, Карлова вулиця... Всього й не перерахувати! Усю цю красу ми, безсумнівно, бачили на картинках, чули про них, але, мабуть, досить мріяти, пора все це побачити своїми очима... У вільний час рекомендуємо відвідати: Прогулянка на кораблику по Влтаві ( Дорослий: 36€ / Ді",600
https://www.accordtour.com/tours/160310,"Love is...Венеція і Париж! + Діснейленд, Верона та Мілан...",3,Париж – Лувр – Мулен Руж,,"Сніданок. Переїзд в місто - безмежного захоплення - Париж, місто, про яке неможливо забути ... лише раз його відвідавши ... Оглядова екскурсія. Екскурсія Магія Парижа! (входить у вартість туру) Париж — місто, в яке закохуєшся з першого кроку. Бруківка, що зберігає сліди історії, балкони з кованими перилами, аромат кави й французьких духів у повітрі&hellip; Тут оживають сторінки книг і сцени з фільмів: Шанель, Саган, Джо Дассен, Бардо — дух Парижа в усьому. Прогулянка його вулицями — це прогулянка серцем. Щоб відчути ауру Парижа рекомендуємо Музей парфумів Fragonard (входить у вартість туру) Му",600
https://www.accordtour.com/tours/160310,"Love is...Венеція і Париж! + Діснейленд, Верона та Мілан...",4,Париж – Нормандія – Версаль – Монмартр – Діснейленд,час в Парижі. Рекомендуємо відвідати на вибір: Все про Париж: 30€,"Сніданок. Вільний час в Парижі. Рекомендуємо відвідати на вибір: Все про Париж ( Дорослий: 30€ / Діти до 16 років: 21€ , до 6 років: 0€ ) Автобусна екскурсія по Парижу з фотопаузами. Нас очікують: площа Конкорд, Великі та Малі палаци, будинок Інвалідів, величний Лувр, один з найкрасивіших театрів світу – Гранд Опера, церква Мадлен, парк Пале Рояль. Фотопауза на Марсовому полі - Ейфелева вежа тут як на долоні. Побачивши всю цю красу, розуміємо, що Париж – казкова скриня шедеврів, які віками створювались найвідомішими в світі архітекторами, художниками і скульпторами... і це прекрасно!!! Версаль",600
https://www.accordtour.com/tours/160310,"Love is...Венеція і Париж! + Діснейленд, Верона та Мілан...",5,Мілан – озеро Комо – Бергамо,,"Прибуття в Італію. Екскурсія Місто моди та мистецтва - Мілан. (входить у вартість туру) В цьому місті є все: античність і сучасність, прогрес і культура. Найдавніше місто, яке вважається одним із динамічніших в Європі. Мілан – столиця моди і дизайну, але також і місто, багате пам&rsquo;ятниками архітектури і творами мистецтва. Нашій увазі постане символ Мілану - Домський Собор. Побудований в готичному стилі грандіозний собор Дуомо міланці жартома називають &laquo;Їжачком&raquo;. Вітражі Дуомо вражають своєю красотою і незвичністю. Ми побачимо всесвітньо відомий оперний театр &laquo;Ла Скала&ra",600
https://www.accordtour.com/tours/160310,"Love is...Венеція і Париж! + Діснейленд, Верона та Мілан...",6,Верона – Венеція – Венеціанська Лагуна – Палац дожів,з готелю. Рекомендуємо відвідати: Верона - столиця закоханих: 30€,"Сніданок. Виселення з готелю. Рекомендуємо відвідати: Верона - столиця закоханих ( Дорослий: 30€ / Діти до 16 років: 26€ ) Сьогодні перед нами відкриються ""Ворота Італії"". Це надзвичайно благородне місто приховує за своїми витонченими фасадами багатовікову історію і свої таємниці. Потрапляючи сюди, відчуваєш свою причетність до Великого і Вічного... У Верону приїжджають справжні романтики і блукають прохолодними вуличками, сподіваючись зустріти таке ж кохання, як в героїв Шекспіра. Екскурсія Заручена з морем - Венеція (входить у вартість туру) Нас запрошує красуня на воді, &laquo;заручена з мо",600
https://www.accordtour.com/tours/160310,"Love is...Венеція і Париж! + Діснейленд, Верона та Мілан...",7,Будапешт – Купальні Сечені – Егер – Чоп – Львів,ь! У вільний час пропонуємо відвідати на вибір: Таємнича Буда: 18€; Королівський Палац! Ранкова прогулянка на кораблику по Дунаю: 30€,"Приїзд в Будапешт. Для всіх бажаючих рекомендуємо Термальні купальні графа Сечені (дод. оплата) Заряд бадьорості та енергії на цілий день! У вільний час пропонуємо відвідати на вибір: Таємнича Буда ( Дорослий: 18€ / Діти: 13€ ) Це одне із найромантичніших і старовинних куточків Будапешту... Ніби маленьке середньовічне місто з мальовничими вуличками і стародавніми будівлями... Будайська фортеця, Рибацький бастіон, Будайський Лабіринт, собор св. Матяша, пам'ятник Святій Трійці і... і сам Королівський Палац! Ранкова прогулянка на кораблику по Дунаю ( Дорослий: 30€ / Діти: 26€ ) Під час, якої ми з",600
https://www.accordtour.com/tours/5601,Must seе - Amsterdam або 2 дні в Амстердамі!,1,Львів,"в, площа Двірцева 1) Переїзд у Вроцлав Місто гномів - Вроцлав: 18€","Збір групи на залізничному вокзалі. Відправлення в тур. (Місце відправки: залізничний вокзал м.Львів, площа Двірцева 1) Переїзд у Вроцлав Місто гномів - Вроцлав ( Дорослий: 18€ / Діти: 13€ ) Рекомендуємо екскурсію по місту 12 островів і більше 100 мостів - легендарну колиску Польщі! Старе Місто є одним з найкрасивіших в Польщі, чарівна Ратуша зі старовинним сонячним годинником, а площа вроцлавського ринку займає друге за величиною місце, після Краківського. Для більшості це місто чудес, де кожен знайде частинку своєї мрії. Переїзд в готель. Ночівля. <div class=""",568
https://www.accordtour.com/tours/5601,Must seе - Amsterdam або 2 дні в Амстердамі!,2,Берлін,му... У вільний час рекомендуємо відвідати: Берлін крізь часи: 26€,"Сніданок. Виселення з готелю. Переїзд в Берлін Пішохідна екскурсія Екскурсія Відвертість Берліну (входить у вартість туру) Пішохідна екскурсія по одному із найдивовижніших і найяскравіших міст на землі, де сучасність і традиції доповнюють одне одного дуже гармонійно, що найкрасивіші і таємничі куточки відкриті для нас. Кожен, хто приїжджає до Берліна, так чи інакше, потрапляє під магічну чарівливість цього міста, його живого і невимушеного шарму... У вільний час рекомендуємо відвідати: Берлін крізь часи ( Дорослий: 26€ / Діти до 12 років: 18€ ) Автобусна екскурсія з фотопаузами. Запрошуємо пер",600
https://www.accordtour.com/tours/5601,Must seе - Amsterdam або 2 дні в Амстердамі!,3,Амстердам – Волендам – Заансе Сханс – Кекенгоф,,"Зупинка на сніданок (опл. додатково). Екскурсія Амстердам – скарби минулого і теперішнього (входить у вартість туру) Cтарі ""вигнуті"" будівлі, бруківка, незліченні канали, набережні, які на 3 метри нижче рівня моря, чудові парки і плаваючі квіткові ринки створюють особливу атмосферу. Площа Дам і Королівський палац, Райксмузеум і знаменитий Будинок Рембрандта, єврейський квартал і діамантова фабрика, спадкоємиця ювелірних традицій – вся ця краса подвоєна дзеркалом води, чарівним відображенням якого можна милуватися вічно! Рекомендуємо відвідати Королівський Парк квітів – Keukenhof ( Дорослий: 18",600
https://www.accordtour.com/tours/5601,Must seе - Amsterdam або 2 дні в Амстердамі!,4,Амстердам – Гаага – Делфт – парк Ефтелінг – Роттердам,пропонуємо відвідати: По перлинках Голландії: Гаага та Делфт: 38€,"Сніданок. Вільний час в Амстердамі. Для всіх бажаючих пропонуємо відвідати: По перлинках Голландії: Гаага та Делфт ( Дорослий: 38€ / Діти: 30€ ) Спочатку відвідаємо ""Місто принців – Делфт"": палацові комплекси, величні будівлі, храми вздовж каналів і, звичайно, резиденція герцогів Оранських, Ринкова площа міста – найкрасивіша в країні. Відвідавши прекрасно збережений середньовічний Делфт, ми зануримося в атмосферу 15-16 століть: Східні ворота, фабрика блакитного фарфору, 109 метрова Нова церква, де в підземній дзвінниці розміщується усипальниця Нідерландської Королівської сім'ї – сама історія Н",600
https://www.accordtour.com/tours/5601,Must seе - Amsterdam або 2 дні в Амстердамі!,5,Дрезден – Саксонська Швейцарія – Майсен,ий час пропонуємо відвідати на вибір: Аристократичний Дрезден: 18€,"По дорозі зупинка на сніданок (оплачується по меню). Приїзд в місто казку, місто мрію - Дрезден! У вільний час пропонуємо відвідати на вибір: Аристократичний Дрезден ( Дорослий: 18€ / Діти до 16 років: 13€ ) Дрезден — Саксонська перлина на Ельбі. Місто, де мистецтво живе в архітектурі! Розкішна опера Земпера, легендарний Цвінгер з колекціями світового рівня, резиденція династії Веттинів та тераса Брюля ідеальний фон для фото й натхнення. Недарма його називають Флоренцією на Ельбі! А ще — саксонська кухня, вино з характером і шарм старої Європи, який не сплутаєш ні з чим. Дрезденська картинна г",600
https://www.accordtour.com/tours/5601,Must seе - Amsterdam або 2 дні в Амстердамі!,6,Прага – Краків – Львів,бажанні групи ранкова екскурсія: Таємниці королів – Градчани: 18€; граді. А також неймовірний собор Віта. Брно - столиця Моравії: 18€,"Сніданок. Виселення з готелю. При бажанні групи ранкова екскурсія: Таємниці королів – Градчани ( Дорослий: 18€ / Діти до 16 років: 13€ , до 6 років: 0€ ) Дізнатися про життя королів і придворних, про палацові інтриги і змови, злочини і покарання, які відбувалися з найсвітліших спонукань – в ім'я віри і держави. Вас чекає Градчанська площа, Шварценбергский палац і варта в Празькому граді. А також неймовірний собор Віта. Брно - столиця Моравії ( Дорослий: 18€ / Діти до 16 років: 18€ ) Це прекрасне чеське містечко храмів і монастирів, воно не схоже на інші чеські міста і тому дуже цікаве. Тут осо",600
https://www.accordtour.com/tours/830681,Мій маленький рай - Чорногорія!,1,Львів,,"Збір групи на залізничному вокзалі. Відправлення в тур. (Місце відправки: залізничний вокзал м.Львів, площа Двірцева 1) Можлива підсадка в Стрию (+1 година з моменту відправлення в тур), Мукачево (+4 години з моменту відправлення в тур). Перетин кордону. Нічний переїзд на узбережжя Адріатичного моря, в країну мальовничих пейзажів. <div class=""",345
https://www.accordtour.com/tours/830681,Мій маленький рай - Чорногорія!,2,Відпочинок на Адріатичному морі Чорногорії – Будванська рів єра,,"Нас зустрічає Будванська Рив єра... Ласкаве сонце, теплий пісок, синє море, таємничий шум хвиль - це і є опис Будванської Рив єри, центру чорногорського пляжного туризму. Курорт Будва - один з найпопулярніших в Чорногорії. Затишне Старе місто, оперезане фортечною стіною, славиться своїми маленькими площами, численними кафе, ресторанами і магазинами. У Новому місті знаходиться більшість готелів, ресторанів, дискотек і простягається легендарний Слов янський пляж. Тут можуть чудово провести час і ті, хто бажає тиші і самоти, і ті, хто хоче активного повноцінного відпочинку з безліччю всіляких роз",600
https://www.accordtour.com/tours/830681,Мій маленький рай - Чорногорія!,3,Відпочинок на Адріатичному узбережжі – Котор,ати екскурсії та програми: Мальовнича Боко- Которська Рів’єра: 50€,"Сніданок. Відпочинок на морі на Будванскій Рив єрі. Запрошуємо відвідати екскурсії та програми: Мальовнича Боко- Которська Рів’єра ( Дорослий: 50€ / Діти до 16 років: 36€ ) Боко-Которська затока - справжня перлина Адріатичного узбережжя. Вона вражає своєю унікальною формою, схожою на лотос, і створює неперевершений образ на фоні кришталевих вод Адріатичного моря. Прогулянка вздовж цих берегів -це подорож у часі. Води затоки, мов велике дзеркало, де відображаються гірські вершини та стародавні фортеці. Затишне місто Котор - справжнє диво Чорногорії. Прогулянка по місту та вільний час посмакуват",600
https://www.accordtour.com/tours/830681,Мій маленький рай - Чорногорія!,4,Відпочинок на Адріатичному морі Чорногорії – Ловчен – Негуши – Цетинє – Скадарське озеро,ендуємо екскурсії: Серце Чорногорії. Цетинє – Ловчен – Негуши: 48€,"Сніданок. Відпочинок на морі на Будванскій Рив єрі. У вільний час рекомендуємо екскурсії: Серце Чорногорії. Цетинє – Ловчен – Негуши ( Дорослий: 48€ / Діти до 12 років: 41€ ) Сьогодні ми відправляємося у стародавню столицю Чорногорії – Цетинє. Місто вважається духовним та культурним центром країни. Ми відвідаємо відомий місцевий монастир, у якому зберігаються мощі Святого Петра Цетиньського та дві унікальні християнські реліквії – рука Святого Іоанна Хрестителя, якою він хрестив Ісуса, та частина хреста, на якому був розп&rsquo;ятий Ісус. Далі ми проїдемо через надзвичайно гарні місця, відомі ",600
https://www.accordtour.com/tours/830681,Мій маленький рай - Чорногорія!,5,Відпочинок на Адріатичному морі Чорногорії – Каньйони Тара і Морача,для відпочинку Гранд каньйони Чорногорії. Річки Тара і Морача: 60€,"Сніданок. Відпочинок на морі на Будванскій Рив єрі. У вільний час рекомендуємо відвідати ідеальне місце для відпочинку Гранд каньйони Чорногорії. Річки Тара і Морача ( Дорослий: 60€ / Діти до 16 років: 55€ ) Вирушаємо в подорож, яка наповнена захоплюючими краєвидами, приголомшливою природою і пригодами, що залишаться в нашій пам'яті назавжди. По дорозі ми будемо слухати цікаві факти про історію та природу регіону, зупинятись, щоб насолодитися красою водоспадів, насолоджуватися вражаючими краєвидами на гірські вершини і величні стіни каньону. Дві річки мають одне гірське джерело, але течуть у п",600
https://www.accordtour.com/tours/830681,Мій маленький рай - Чорногорія!,6,Відпочинок на Адріатичному морі Чорногорії – Дубровник – Круя – Тирана,Сніданок. Відпочинок на морі на Будванскій Рив єрі. Дубровник: 48€; пам'ятками. Середньовічне місто Круя і столиця Албанії Тирана: 60€,"Сніданок. Відпочинок на морі на Будванскій Рив єрі. Дубровник ( Дорослий: 48€ / Діти: 41€ ) одне з найкрасивіших міст Європи. Місто розташоване на скелі, біля самого моря. Рідко де можна зустріти таку красу, гармонію та велич. &laquo;Той, хто шукає рай на землі, повинен відвідати Дубровник&raquo; - так оцінив Бернард Шоу це дивовижне місто. Під час пішохідної екскурсії містом нас чекає знайомство з історією старого Дубровника та його головними визначними пам'ятками. Середньовічне місто Круя і столиця Албанії Тирана ( Дорослий: 60€ / Діти до 12 років: 55€ ) На вершині гори Сари Салтики розташов",600
https://www.accordtour.com/tours/830681,Мій маленький рай - Чорногорія!,7,Відпочинок на Адріатичному морі Чорногорії – Острог,бажаючим рекомендуємо відвідати: Чудотворний монастир Острог: 38€,"Сніданок. Відпочинок на морі на Будванскій Рив єрі. У вільний час усім бажаючим рекомендуємо відвідати: Чудотворний монастир Острог ( Дорослий: 38€ / Діти: 36€ ) Небагато на Землі знайдеться місць, однаково шанованих послідовниками православної, католицької на мусульманської віри. Але монастир Острог, видовбаний у скелі на висоті 900 м над рівнем моря – саме таке місце. Тут немає значення хто ти, важлива тільки ціль твого візиту в це видатне місце. Перше враження: монастир буквально висить у повітрі. Ця святиня вже більше п&rsquo;яти століть притягує до себе численних паломників з усього світу",600
https://www.accordtour.com/tours/830681,Мій маленький рай - Чорногорія!,8,Мукачево – Стрий – Львів,,"Перетин кордону. Орієнтовне прибуття (залежить від проходження кордону) в Мукачево - 19:00, до Львова - 22:00. Місце прибуття у Львові - залізничний вокзал. До нових зустрічей! <div class=""",189
https://www.accordtour.com/tours/611606,Балканська красуня - Чорногорія! Відпочинок на Адріатичному узбережжі...,1,Львів – Белград,,"Збір групи на залізничному вокзалі. Відправлення в тур. (Місце відправки: залізничний вокзал м.Львів, площа Двірцева 1) Можливість приєднатись до групи в Стрию, Мукачево. Перетин кордону. Переїзд в Сербію. Поселення і ночівля в готелі. <div class=""",248
https://www.accordtour.com/tours/611606,Балканська красуня - Чорногорія! Відпочинок на Адріатичному узбережжі...,2,Белград – Відпочинок на Адріатичному морі Чорногорії,,"Сніданок. Нас чекає екскурсія Екскурсія Столиця Сербії - Белград. (входить у вартість туру) Це один із найстаріших європейських міст. Химерна суміш східної і західної культур створює неповторну чарівність міста. Сучасний Белград - це замки, палаци, середньовічні фортеці, розташовані поблизу сучасних будівель і торгових центрів. Белград - це нерозгадана таємниця в серці Балканського півострова. Саме сюди приїжджають за хвилюючими і незабутніми враженнями, саме тут панує неповторна і таємнича атмосфера взаємопроникнення Європи та Азії. Дивовижний, таємничий, багатокультурний - все це він, велики",600
https://www.accordtour.com/tours/611606,Балканська красуня - Чорногорія! Відпочинок на Адріатичному узбережжі...,3,Відпочинок на Адріатичному узбережжі – Скадарське озеро,,"Сніданок. Нас чекає знайомство з країною розкішної природи, цікавих пам яток, високих гір, нереальної краси каньйонів, і нескінченних пляжів... Відпочинок на морі на Будванскій Рив єрі. Запрошуємо відвідати екскурсії та програми: Екскурсія Будва – морська столиця Монтенегро (входить у вартість туру) Затишне Старе місто, оперезане фортечною стіною, славиться своїми маленькими площами, численними кафе, ресторанами і магазинами. У Новому місті знаходиться більшість готелів, ресторанів, дискотек і простягається легендарний Слов'янський пляж. Тут можуть чудово провести час і ті, хто бажає тиші і са",600
https://www.accordtour.com/tours/611606,Балканська красуня - Чорногорія! Відпочинок на Адріатичному узбережжі...,4,Відпочинок на Адріатичному морі Чорногорії – Ловчен – Негуши – Цетинє – Котор,ендуємо екскурсії: Серце Чорногорії. Цетинє – Ловчен – Негуши: 48€,"Сніданок. Відпочинок на морі на Будванскій Рив єрі. У вільний час рекомендуємо екскурсії: Серце Чорногорії. Цетинє – Ловчен – Негуши ( Дорослий: 48€ / Діти до 12 років: 41€ ) Сьогодні ми відправляємося у стародавню столицю Чорногорії – Цетинє. Місто вважається духовним та культурним центром країни. Ми відвідаємо відомий місцевий монастир, у якому зберігаються мощі Святого Петра Цетиньського та дві унікальні християнські реліквії – рука Святого Іоанна Хрестителя, якою він хрестив Ісуса, та частина хреста, на якому був розп&rsquo;ятий Ісус. Далі ми проїдемо через надзвичайно гарні місця, відомі ",600
https://www.accordtour.com/tours/611606,Балканська красуня - Чорногорія! Відпочинок на Адріатичному узбережжі...,5,Відпочинок на Адріатичному морі Чорногорії – Каньйони Тара і Морача – Боко-Которська затока – Котор,альне місце для відпочинку Мальовнича Боко- Которська Рів’єра: 50€,"Сніданок. Відпочинок на морі на Будванскій Рив єрі. У вільний час рекомендуємо відвідати ідеальне місце для відпочинку Мальовнича Боко- Которська Рів’єра ( Дорослий: 50€ / Діти до 16 років: 36€ ) Боко-Которська затока - справжня перлина Адріатичного узбережжя. Вона вражає своєю унікальною формою, схожою на лотос, і створює неперевершений образ на фоні кришталевих вод Адріатичного моря. Прогулянка вздовж цих берегів -це подорож у часі. Води затоки, мов велике дзеркало, де відображаються гірські вершини та стародавні фортеці. Затишне місто Котор - справжнє диво Чорногорії. Прогулянка по місту та",600
https://www.accordtour.com/tours/611606,Балканська красуня - Чорногорія! Відпочинок на Адріатичному узбережжі...,6,Відпочинок на Адріатичному морі Чорногорії – Дубровник – Круя – Тирана – озеро Коман,жаючих пропонуємо: Албанія. Озеро Коман - фіорди в мініатюрі!: 60€,"Сніданок. Відпочинок на морі. Для бажаючих пропонуємо: Албанія. Озеро Коман - фіорди в мініатюрі! ( Дорослий: 60€ / Діти до 16 років: 48€ ) Часто Албанію називають останньою загадкою Європи. Сьогодні нас чекає екскурсія в Албанські Альпи – одну з найколоритніших та нерозгаданих провінцій. Ви побачите потаємну Албанію - красиву, яскраву і дивно схожу на... Норвегію! Так-так, дуже часто озеро Коман порівнюють саме з норвезькими фіордами. Добратись сюди можна пройшовши нелегкий шлях, доріг тут немає, а місцеві жителі пов'язані із зовнішнім світом тільки старим плавучим автобусом, який ходить раз ",600
https://www.accordtour.com/tours/611606,Балканська красуня - Чорногорія! Відпочинок на Адріатичному узбережжі...,7,Відпочинок на Адріатичному морі Чорногорії – Острог,бажаючим рекомендуємо відвідати: Чудотворний монастир Острог: 38€,"Сніданок. Відпочинок на морі на Будванскій Рив єрі. У вільний час усім бажаючим рекомендуємо відвідати: Чудотворний монастир Острог ( Дорослий: 38€ / Діти: 36€ ) Небагато на Землі знайдеться місць, однаково шанованих послідовниками православної, католицької на мусульманської віри. Але монастир Острог, видовбаний у скелі на висоті 900 м над рівнем моря – саме таке місце. Тут немає значення хто ти, важлива тільки ціль твого візиту в це видатне місце. Перше враження: монастир буквально висить у повітрі. Ця святиня вже більше п&rsquo;яти століть притягує до себе численних паломників з усього світу",600
https://www.accordtour.com/tours/611606,Балканська красуня - Чорногорія! Відпочинок на Адріатичному узбережжі...,8,Мукачево – Стрий – Львів,,"Ранній сніданок Переїзд територією Румунії. Перетин кордону. Орієнтовне прибуття (залежить від проходження кордону) в Мукачево - 18:00, у Львів 22:00. До нових зустрічей! До нових зустрічей! <div class=""",203
https://www.accordtour.com/tours/8427,Швейцарське фондю: вся Швейцарія і Австрія!!!,1,Львів – Краків,,"Збір на Львівському залізничному вокзалі. Відправлення в тур. (Місце відправки: залізничний вокзал м.Львів, площа Двірцева 1) Перетин кордону. Переїзд до Кракова. Оглядова екскурсія. Екскурсія Краків -королівський шлях (входить у вартість туру) Шлях, по якому протягом багатьох сторіч проїжджали польські королі: місце де переплітаються легенди... Найстаріша частина міста - Ринкова площа, один із найстаріших університетів Європи - Ягелонський університет, середньовічний центр торгівлі - торгові ряди, де Ви можете придбати сувеніри на згадку про проведені тут хвилини... Рекомендуємо розслабиться ",600
https://www.accordtour.com/tours/8427,Швейцарське фондю: вся Швейцарія і Австрія!!!,2,Зальцбург – Зальцкаммергут – Гальштат,,"Сніданок. Переїзд в Австрію. Оглядова екскурсія. Екскурсія Зальцбург – симфонія звуків і пейзажів (входить у вартість туру) Зальцбург – місто маленького формату, проте, світового значення. Його по праву називають ""сценою світу"", завдяки незліченній кількості культурних подій, які відбуваються в мальовничому Старому місті... Адже красу міста плекали століттями... Князі-архієпископи, які протягом багатьох століть правили Зальцбургом, хотіли не лише зробити своє місто одним з найбільш багатих та впливових міст Європи. Вони хотіли більшого – зробити із Зальцбурга ""Рим Півночі"". Пропонуємо відвідат",600
https://www.accordtour.com/tours/8427,Швейцарське фондю: вся Швейцарія і Австрія!!!,3,Вадуц – Цюрих – Люцерн – Рейнський водоспад,,"Сніданок. По дорозі зупинка в «Князівстві Ліхтенштейн». Карликове, іграшкове, мініатюрне князівство із загальною площею 160 квадратних кілометрів - це все про Князівство Ліхтенштейн. Фотопауза в Ліхтенштейн (входить у вартість туру) Як тільки не називають маленьке Князівство в горах - острів скарбів в Альпах, ліліпут в горах, сонне князівство і т.д. Але, сьогодні, у цій крихітній країни без вокзалу, аеропорту та поштової системи - найвищий дохід на душу населення в світі! Вадуц - серце крихітної гірської країни. Переїзд в чудову країну ... «Якщо на землі є рай, то це Швейцарія!». Знайомство з ",600
https://www.accordtour.com/tours/8427,Швейцарське фондю: вся Швейцарія і Австрія!!!,4,Берн – Інтерлакен – Трюммельбах,,"Сніданок. Переїзд до столиці Швейцарії. Оглядова екскурсія. Екскурсія Берн – місто фонтанів, квітів і ... ведмедів! (входить у вартість туру) Швейцарія дивує своєю красою – затишними містами і чудовими будівлями, але справжнє багатство цієї країни її неповторна природа!!! Переїзд до столиці Швейцарії. Екскурсія ""Берн - місто фонтанів, квітів і ведмедів!"". Так-так, саме ведмідь є символом міста, він зображений на гербі і прапорі, прикрашає фонтани і вітрини магазинів. Берн має титул ""квіткового міста"". Мало не в кожному вікні можна побачити горщик з геранню! Все це в сукупності приємно тішить о",600
https://www.accordtour.com/tours/8427,Швейцарське фондю: вся Швейцарія і Австрія!!!,5,Веве – Женева – Монтре,"шуємо на екскурсію Швейцарська Рив єра: Лозанна, Монтре, Веве: 46€","Сніданок. Переїзд в Женеву. Оглядова екскурсія. Екскурсія Женева - вишукана дама (входить у вартість туру) Розташувалась на березі чарівного озера Женева, розповідає нам свою історію: Палац Націй, штаб-квартира ООН, Товариство Червоного Хреста. Женева постане перед нами в образі чарівної казки: надзвичайно вузькі вулички, крихітні площі з фонтанами, елегантні парки, унікальний квітковий годинник, найбільший в Європі фонтан. Запрошуємо на екскурсію Швейцарська Рив єра: Лозанна, Монтре, Веве ( Дорослий: 46€ / Діти: 36€ ) Швейцарія дивує своєю красою - затишними містами і чудовими будівлями, але ",600
https://www.accordtour.com/tours/8427,Швейцарське фондю: вся Швейцарія і Австрія!!!,6,Ансі – Івуар – Монблан – Женева,обувати! Для всіх бажаючих: Незвичайна Франція + гора Монблан: 68€,"Сніданок. Запрошуємо відвідати один з найвідоміших регіонів Франції - Савойю! Даний регіон знає кожен француз, і якщо він ще не бував тут, то неодмінно мріє побувати! Для всіх бажаючих: Незвичайна Франція + гора Монблан ( Дорослий: 68€ / Діти: 60€ ) Ми їдемо підкорювати саму найвищу точку західної Європи - альпійську вершину Монблан (4807 м), яка була і є джерелом натхнення поетів і художників. По дорозі до Монблану ми зробимо зупинку в маленькому французькому містечку - Івуар . Цьому середньовічному місту-фортецы, понад 700 років, і воно входить в асоціацію найкрасивіших міст Франції. Івуар н",600
https://www.accordtour.com/tours/8427,Швейцарське фондю: вся Швейцарія і Австрія!!!,7,Беллінцона – Гребля Верзаска – Мілан,,"Сніданок. Переїзд в італійську частину Швейцарії через Симплонский перевал, який знаходитися посеред гірської місцевості і відноситься до могутніх Альп. Кантон Тічино - край благословенного клімату і його столиця місто Беллінцона. (входить у вартість туру) Чарівний куточок Швейцарії знаменитий своїми старовинними замками, частина яких внесена до списку всесвітньої спадщини ЮНЕСКО. Беллінцона була заснована за часів стародавнього Риму на перехресті трьох альпійських перевалів - Сен-Бернар, Готтард і Лукамінір. Дуже щільно забудова Беллінцони надає місту італійського шарму. Прогулянка з супровод",600
https://www.accordtour.com/tours/8427,Швейцарське фондю: вся Швейцарія і Австрія!!!,8,озеро Комо – Лугано,пишноти природи. Пропонуємо відвідати: Сонячне місто - Лугано: 30€,"Сніданок. Сьогодні нас чекає відпочинок на чарівному озері Комо. Високі альпійські гори зі сніговими шапками підносяться прямо над містом Комо, розташованим на березі озера. Вільний час для прогулянок і відпочинку. Озеро Комо – джерело натхнення (входить у вартість туру) Протягом століть озеро Комо заворожувало своєю чарівною красою. Мальовнича природа, селища в середньовічному стилі, розкішні вілли і сади, а в центрі - блакитна дзеркальна гладь озера, немов перекинуте на землю небо, завершує картину пишноти природи. Пропонуємо відвідати: Сонячне місто - Лугано ( Дорослий: 30€ / Діти: 23€ ) Мі",600
https://www.accordtour.com/tours/8427,Швейцарське фондю: вся Швейцарія і Австрія!!!,9,Каринтія – Клагенфурт,,"Сніданок. Переїзд в Австрію. Ай да Австрія! Ай да красуня! Сьогодні ми відвідаємо неперевершену Каринтію. Свої двері відчинить для нас столиця прекрасного регіону - місто Клагенфурт! Оглядова екскурсія. Екскурсія Клагенфурт - місто озер і гномів (входить у вартість туру) Старовинний Клагенфурт - можна з повним на те правом назвати огранованим діамантом в оправі одного з найбільших і найкрасивіших карінтскіх озер - озера Вертерзее. Клагенфурт, особливо його стара частина, має славу одного з найкрасивіших міст Австрії. Тут минуле переплітається з теперішнім: старовинні вузенькі вулички переходят",600
https://www.accordtour.com/tours/8427,Швейцарське фондю: вся Швейцарія і Австрія!!!,10,Брно – Моравський Крас – Львів,ажанні групи і наявності часу. Душа Моравії - старовинне Брно: 18€; о багате легендами та історичними пам'ятками. Моравський Крас: 18€,"Сніданок. При бажанні групи і наявності часу. Душа Моравії - старовинне Брно ( Дорослий: 18€ / Діти до 16 років: 13€ , до 6 років: 0€ ) Це прекрасне чеське містечко храмів і монастирів, воно не схоже на інші чеські міста і тому дуже цікаве. Тут особливі люди, особливі характери, манера одягатись; та й діалект інший: моравський. Місто багате легендами та історичними пам'ятками. Моравський Крас ( Дорослий: 18€ / Діти: 18€ + вх. квиток) На північному сході Чехії є природний заповідник – Моравський Крас . Тут, в надрах моравської землі ховається цілий світ підземних палаців і галерей, прикрашений ",600
https://www.accordtour.com/tours/1118327,У ритмі літа... Відпочинок на Адріатичному морі Італії,1,Львів – Стрий – Мукачево – Будапешт,"кому проходженні кордону для бажаючих: Шарм нічного Будапешту: 18€; ошатний, святковий навіть в будні! Ажурна прикраса Будапешту: 30€","Виїзд в тур відбувається із Львівського залізничного вокзалу. Перетин кордонів. При швидкому проходженні кордону для бажаючих: Шарм нічного Будапешту ( Дорослий: 18€ / Діти до 16 років: 13€ , до 6 років: 0€ ) Ми проведемо вільний час в улюбленому місці прогулянок угорської знаті - набережній Корзо і фешенебельній вулиці Ваци. Тут Пешт ошатний, святковий навіть в будні! Ажурна прикраса Будапешту ( Дорослий: 30€ / Діти: 26€ ) Річкова прогулянка - незабутня водна подорож по Дунаю... Нічний переїзд. <div class=""",513
https://www.accordtour.com/tours/1118327,У ритмі літа... Відпочинок на Адріатичному морі Італії,2,Ріміні,,"Прибуття в Італію – Чарівну, темпераментну та божевільно красиву.… В Італіі черпали натхнення великі майстри мистецтва та дарували світу свої безсметрні шедеври… Переїзд на Адріатичне узбережжя. Широкі піщані пляжі, тепле спокійне і неглибоке море, цілюще повітря подарують Вам найкращий відпочинок, а прибережні ресторанчики завжди запропонують насолодитися дивно ніжними стравами з риби і морепродуктів. Відпочинок на морі. Ночівля. <div class=""",447
https://www.accordtour.com/tours/1118327,У ритмі літа... Відпочинок на Адріатичному морі Італії,3,Адріатичне узбережжя – Ріміні – Сан-Марино – Флоренція – Піза – Болонья – Перуджа – Рим – Ватикан,"орі. Всім бажаючим пропонуємо: Карликова держава - Сан-Марино: 33€; крок далеко за межі республіки ... Парк ""Італія в мініатюрі"": 21€","Сніданок. Відпочинок на морі. Всім бажаючим пропонуємо: Карликова держава - Сан-Марино ( Дорослий: 33€ / Діти до 16 років: 26€ ) Сан-Марино - найстаріша держава Європи, мальовничо розташована на горі Титано. У наші дні мільйони туристів приїжджають подивитися на це маленьке диво, захопитися чудовою панорамою з вершини гори Титан, познайомитися з історичним минулим волелюбного народу, купити на пам'ять сувеніри та місцеві лікери, слава про яких зробила крок далеко за межі республіки ... Парк ""Італія в мініатюрі"" ( Дорослий: 21€ / Діти до 16 років: 21€ + вх. квиток) Один з найстаріших і найвідом",600
https://www.accordtour.com/tours/1118327,У ритмі літа... Відпочинок на Адріатичному морі Італії,7,Лідо Ді Єзоло – Венеція – Острови Мурано та Бурано,о. Відпочинок на морі. Для охочих: Заручена з морем - Венеція: 43€,"Сніданок. Переїзд на курорт Лідо ді Єзоло. Відпочинок на морі. Для охочих: Заручена з морем - Венеція ( Дорослий: 43€ / Діти: 38€ ) Всіх бажаючих запрошує красуня на воді, &laquo;заручена з морем&raquo;, - так кажуть про Венецію - найбільш витончене і таємниче місто Італії. Це місто - прекрасна казка, яка застигла в камені. Багато століть майстри і художники прославляли його і прикрашали своїми творами. Тут прекрасно поєднуються розкішні палаци і скромні вузенькі вулички, мовчазні канали та гомінкі ринки. Затишні кафе запрошують нас на ароматну каву, а на площі Сан Марко просто на долоню сідаю",600
https://www.accordtour.com/tours/1118327,У ритмі літа... Відпочинок на Адріатичному морі Італії,8,Будапешт – Львів,"ір: Дегустація егерських вин і смачний гуляш в Долині Красунь: 23€; існо, справжній гуляш! Угорський Памуккале – місто Егерсалок!: 10€","Прибуття в Угорщину. Для бажаючих на вибір: Дегустація егерських вин і смачний гуляш в Долині Красунь ( Дорослий: 23€ / Діти: 18€ ) Для всіх учасників - найбільш відоме вино - ""Бича кров"" и найбільш приємне - ""Егерська дівчина"". І, звісно, справжній гуляш! Угорський Памуккале – місто Егерсалок! ( Дорослий: 10€ / Діти: 10€ + вх. квиток) Термальні дива Угорщини - для прекрасного відчуття бадьорості - відвідини Велнес-Комплексу. До Ваших послуг незвичайні масажі, розважальні басейни, ексклюзивні сауни, приємні і ніжні ванни ... Час прибуття до Львова орієнтовно після 23:00 (залежить від проходжен",600
https://www.accordtour.com/tours/106686,Моя морська насолода! Відпочинок на Адріатичному морі Італії!,1,Львів – Стрий – Мукачево – Будапешт,иці Будапешту - Ваци. Для бажаючих: Ажурна прикраса Будапешту: 30€,"Виїзд в тур відбувається із Львівського залізничного вокзалу. Перетин кордону. Переїзд по території Угорщини. Переїзд в Будапешт. Пропонуємо насолодитися чудовими видами набережної Корзо і прогулятися по найвідомішій туристичній пішохідній вулиці Будапешту - Ваци. Для бажаючих: Ажурна прикраса Будапешту ( Дорослий: 30€ / Діти: 26€ ) Річкова прогулянка - незабутня водна подорож по Дунаю... Поселення в готелі. Ночівля. <div class=""",433
https://www.accordtour.com/tours/106686,Моя морська насолода! Відпочинок на Адріатичному морі Італії!,2,Трієст,,"Сніданок. Екскурсія Несподіваний Трієст (входить у вартість туру) Зазвичай європейські портові міста - це завжди метушня, галас, стовпотворіння, вузькі вулиці і натовпи жебраків, однак Трієст - абсолютне виключення з правил і поєднує в собі риси трьох абсолютно різних культур. Понад шість століть Трієст перебував під владою Австрії, величезний вплив на нього справила сусідня Словенія, і всі ці неповторні риси нерозривно сплелися з культурою Італії. Цей прикордонний світ збиває з пантелику і дарує цілу гаму суперечливих, але захоплених почуттів. Переїзд і поселення в готелі - курорт Ріміні. Ноч",600
https://www.accordtour.com/tours/106686,Моя морська насолода! Відпочинок на Адріатичному морі Італії!,3,Адріатичне узбережжя – Сан-Марино – Ріміні,"ля всіх бажаючих рекомендуємо: Карликова держава - Сан-Марино: 33€; крок далеко за межі республіки ... Парк ""Італія в мініатюрі"": 21€","Сніданок. Відпочинок на морі. Для всіх бажаючих рекомендуємо: Карликова держава - Сан-Марино ( Дорослий: 33€ / Діти до 16 років: 26€ ) Сан-Марино - найстаріша держава Європи, мальовничо розташована на горі Титано. У наші дні мільйони туристів приїжджають подивитися на це маленьке диво, захопитися чудовою панорамою з вершини гори Титан, познайомитися з історичним минулим волелюбного народу, купити на пам'ять сувеніри та місцеві лікери, слава про яких зробила крок далеко за межі республіки ... Парк ""Італія в мініатюрі"" ( Дорослий: 21€ / Діти до 16 років: 21€ + вх. квиток) Один з найстаріших і на",600
https://www.accordtour.com/tours/106686,Моя морська насолода! Відпочинок на Адріатичному морі Італії!,4,Флоренція – Піза – Галерея Уффіці – Сан-Джиміньяно – Адріатичне узбережжя,ок на морі. Для бажаючих Місто італійського шарму - Флоренція: 58€,"Сніданок. Відпочинок на морі. Для бажаючих Місто італійського шарму - Флоренція ( Дорослий: 58€ / Діти до 6 років: 51€ ) Пересування по Флоренції - на громадському транспорті. Символ епохи Відродження, - так кажуть про Флоренцію. Її вулиці, площі, палаци та храми прикрашені творіннями великих італійських майстрів. Тут бере свій початок епоха Ренесансу. Це місто Мікеланджело і Макіавеллі, місто-скарбниця, повне пам'ятників мистецтва, культури та історії. Нашому погляду відкриються шедеври великих майстрів: Площа Синьорії, головний флорентійський собор Санта Марія-дель-Фьорі, дзвіницю Джотто, Ба",600
https://www.accordtour.com/tours/106686,Моя морська насолода! Відпочинок на Адріатичному морі Італії!,5,Адріатичне узбережжя – Рим – Ватикан – Ріміні,ніданок. Відпочинок на морі. Для бажаючих Рим пам ятає багато: 88€; й час пропонуємо відвідати: Держава Ватикан Дотик до вічності: 41€,"Сніданок. Відпочинок на морі. Для бажаючих Рим пам ятає багато ( Дорослий: 88€ / Діти до 16 років: 78€ ) Пересування по Риму - на громадському транспорті. Важко знайти на землі людину, у якої при звучанні цього слова перед очима не появляються барвисті образи мощених вулиць, просочених древньою історією, величного Колізею, безліч старовинних храмів, прикрашених руками великих Мікеланджело і Рафаеля&hellip; У вільний час пропонуємо відвідати: Держава Ватикан Дотик до вічності ( Дорослий: 41€ / Діти до 16 років: 36€ + вх. квиток) Священний світ мистецтва та релігії... Наш шлях лежить в найменшу ",600
https://www.accordtour.com/tours/106686,Моя морська насолода! Відпочинок на Адріатичному морі Італії!,6,Адріатичне узбережжя – Болонья – музей Феррарі – Равенна – Ріміні,Сніданок. Відпочинок на морі. Для бажаючих Товстунка Болонья: 48€,"Сніданок. Відпочинок на морі. Для бажаючих Товстунка Болонья ( Дорослий: 48€ / Діти до 16 років: 38€ ) Болонья запрошує нас в зовсім інший світ, в якому панує атмосфера комфорту, затишку, гостинності і доброти. Болонья є одним з культурних центрів Італії, тут знаходиться університет, заснований ще в 11 столітті. Його закінчили такі відомі всьому світу особистості як Франческа Петрарка, Данте Аліг&rsquo;єрі, Коперник і багато інших. Місто також по праву вважається кулінарною столицею Італії , гурмани з&rsquo;їжджаються сюди, щоб покуштувати відомі місцеві делікатеси&hellip; У вільний час пропон",600
https://www.accordtour.com/tours/106686,Моя морська насолода! Відпочинок на Адріатичному морі Італії!,7,Венеція – Палац дожів – Гранд Канал,,"Сніданок. Екскурсія Заручена з морем - Венеція (входить у вартість туру) Нас запрошує красуня на воді, &laquo;заручена з морем&raquo;, - так кажуть про Венецію (додатк. оплач. громадський транспорт - 30&euro;/26&euro;) - найбільш витончене і таємниче місто Італії. Це місто - прекрасна казка, яка застигла в камені. Багато століть майстри і художники прославляли його і прикрашали своїми творами. Тут прекрасно поєднуються розкішні палаци і скромні вузенькі вулички, мовчазні канали та гомінкі ринки. Затишні кафе запрошують нас на ароматну каву, а на площі Сан Марко просто на долоню сідають голуби ",600
https://www.accordtour.com/tours/106686,Моя морська насолода! Відпочинок на Адріатичному морі Італії!,8,купальні Егерсалок – Егер – Львів,Сніданок. Для бажаючих на вибір: Купальні Егерсалок: 10€; подбати про себе. Або Дуже смачний гуляш в Долині Красунь !!!: 24€,"Сніданок. Для бажаючих на вибір: Купальні Егерсалок ( Дорослий: 10€ / Діти до 16 років: 10€ + вх. квиток) Егерсалок, відомий як ""угорський Памуккале"", вражає білосніжними терасами та термальними джерелами. Велнес-комплекс подарує відновлення і релакс: басейни з теплою мінеральною водою, ароматні сауни, розслаблюючі ванни та незвичайні масажі. Ідеальне місце, щоб зупинити час і подбати про себе. Або Дуже смачний гуляш в Долині Красунь !!! ( Дорослий: 24€ / Діти до 16 років: 18€ ) Атмосферна дегустація егерських вин та ароматного гуляшу в серці винної долини. ""Бича Кров"" — гордість регіону, ""Еге",600
https://www.accordtour.com/tours/8385,Куточок морського раю&hellip; відпочинок на Лігурійському узбережжі Італії,1,Львів – Краків – Брно,з торгових центрів. Трансфер в центр 10€. Або Магічний Краків: 18€,"Виїзд в тур відбувається із Львівського залізничного вокзалу. Перетин кордону. При швидкому проходженні кордону і бажанні групи - можливість відвідати Краків. Вільний час в одному з торгових центрів. Трансфер в центр 10€. Або Магічний Краків ( Дорослий: 18€ / Діти: 13€ ) Місто древніх легенд і переказів, династій польських королів і видатного Міцкевича, народного героя Тадеуша Костюшко, вузьких вуличок з бруківкою і величних костелів. Про красу стародавнього Кракова, про музейні скарби Вавельського замку, про дракона Смока відомо стільки легенд, що вже важко відрізнити правду від вигадки. Кажу",600
https://www.accordtour.com/tours/8385,Куточок морського раю&hellip; відпочинок на Лігурійському узбережжі Італії,2,Грац – Гора Шлоссберг – замок Херберштайн,,"Сніданок. Переїзд в Австрію. Екскурсія Таємна Любов Австрії (входить у вартість туру) Розкинувшись у підніжжя величних Альп, Грац є столицею землі Штігрія і другим за величиною містом в Австрії. Розташувавшись на берегах річки Мур, він вдало поєднує сучасне життя і історичне минуле. Запрошуємо зануритись у багатовікову історію, колись блискучої резиденції Габсбургів, прогулятися по лабіринтах ренесансних двориків, віддатися чарівності затишних середньовічних вуличок, помилуватися прекрасною панорамою, що відкривається з замкової гори на червоні черепичні дахи старого міста ... У вільний час є ",600
https://www.accordtour.com/tours/8385,Куточок морського раю&hellip; відпочинок на Лігурійському узбережжі Італії,3,Дольчеаккуа – Сан-Ремо – Відпочинок на Лігурійському узбережжі Італії,морі. Вільний час. Для бажаючих: Середньовічна казка Лігурії: 38€,"Сніданок. Переїзд в Лігурію. М який клімат, пишна рослинність, гори, що спускаються до самого моря, маленькі приморські містечка або загублені в материковій частині міста з віковою історією - все це Лігурія. Казкова земля, повна контрастів, де ви побачите суворі гори і ласкаві пляжі, величні собори і невеликі каплиці, вишукані торгові вулиці і «квартали, куди не заглядає сонце». Поселення в готелі. Відпочинок на морі. Вільний час. Для бажаючих: Середньовічна казка Лігурії ( Дорослий: 38€ / Діти: 30€ ) Запрошуємо зануриться в дивовижний за своєю красою світ, що складається з оливкових гаїв, вин",600
https://www.accordtour.com/tours/8385,Куточок морського раю&hellip; відпочинок на Лігурійському узбережжі Італії,4,Ніцца – Монако – Монте-Карло – Відпочинок на Лігурійському узбережжі Італії,Сніданок. Відпочинок на морі. Для бажаючих У гостях у красуні: 38€; вільний час рекомендуємо відвідати: Перлина Лазурного берега: 43€,"Сніданок. Відпочинок на морі. Для бажаючих У гостях у красуні ( Дорослий: 38€ / Діти: 30€ ) Ніцца млосно вигнулась вздовж бухти Ангелів. Це місто кличе до себе художників і поетів, туристів і знаменитостей, персон королівської крові і інтелігентів зі всього світу. Відвідавши Ніццу, ми ніколи не забудемо ласкаве море, жваві площі і тихі вулички і чарівний дух романтики, що витає в повітрі цього міста&hellip; У вільний час рекомендуємо відвідати: Перлина Лазурного берега ( Дорослий: 43€ / Діти: 30€ ) На Середземноморському узбережжі, біля підніжжя Альпійських гір, розташувалася крихітна держава ",600
https://www.accordtour.com/tours/8385,Куточок морського раю&hellip; відпочинок на Лігурійському узбережжі Італії,5,Генуя – Санта-Маргерита і Портофіно – Відпочинок на Лігурійському узбережжі Італії,нок на морі. Всім бажаючим пропонуємо: Господиня моря - Генуя: 43€,"Сніданок. Відпочинок на морі. Всім бажаючим пропонуємо: Господиня моря - Генуя ( Дорослий: 43€ / Діти: 38€ ) Давня морська держава і найбільший порт в Північній Італії Генуя, є столицею Лігурії, а історична спадщина &laquo;портової республіки&raquo; не дає спокою багатьом дослідникам і простим шукачам нових вражень. Вузькі вулички, маленькі площі, сходи в своєму тісному просторі приховують тисячолітню історію міста. Тут народився знаменитий мандрівник Христофор Колумб, поет Петрарка і композитор Паганіні. Це місто ще в царські часи любила відвідувати аристократія і зараз в його передмісті знах",600
https://www.accordtour.com/tours/8385,Куточок морського раю&hellip; відпочинок на Лігурійському узбережжі Італії,6,Канни – Антіб – Відпочинок на Лігурійському узбережжі Італії,"нуємо: Великий Лазурний Пиріг: Канни, Сен-Поль-де-Ванс, Антіб: 46€","Сніданок. Відпочинок на морі. Всім бажаючим пропонуємо: Великий Лазурний Пиріг: Канни, Сен-Поль-де-Ванс, Антіб ( Дорослий: 46€ / Діти до 16 років: 36€ ) Канни - оазис міжнародної еліти, рай для гурманів і кінозірок, місто розкішних вілл та екстравагантних палаців, розташований на березі затоки Ля Напуль. Каннський палац фестивалів - на йогo сходинках побували найвідоміші люди сфери кіномистецтва. А про золоту пальмову гілку- символ і головний приз Каннського кінофестивалю мріють актори і режисери всього світу. Ми зможемо зробити сувенірні фото на червоній доріжці і прогулятися по Круазет. Саме",600
https://www.accordtour.com/tours/8385,Куточок морського раю&hellip; відпочинок на Лігурійському узбережжі Італії,7,Лаванья – Чинкве-Терре – Відпочинок на Лігурійському узбережжі Італії,морі. Всім бажаючим пропонуємо: Чінкве-Терре - веселка емоцій: 78€,"Сніданок. Переїзд в Лаванью. Вільний час для відпочинку на морі. Всім бажаючим пропонуємо: Чінкве-Терре - веселка емоцій ( Дорослий: 78€ / Діти до 16 років: 68€ , до 6 років: 30€ ) Заповідник Чінкве-Терре - це природне багатство у всій своїй красі. Місце, відоме у всьому світі, як кілька маленьких середньовічних поселень в провінції Ла Спеції: Монтероссо, Вернацца, Манаролла і Ріомаджоре, вважаються світовим надбанням людства і знаходяться під охороною ЮНЕСКО. Старовинні церкви, яскрава палітра різнокольорових будиночків, величні скелі, покриті виноградниками, яскраве сонце і незвичайно прозор",600
https://www.accordtour.com/tours/8385,Куточок морського раю&hellip; відпочинок на Лігурійському узбережжі Італії,8,Тренто – Доломітові Альпи,,"Сніданок. Екскурсія Тренто - ворота Доломітових Альп (входить у вартість туру) Шанувальникам самих захованих і старовинних куточків Італії варто побувати в Тренто. Розташоване на півночі країни і приховане в кільці нависаючих скелястих гір, це місто ще називають воротами Доломітових Альп. Воно швидко зачарує Вас пастельними вуличками з аркадами і вузькими переходами, старими будинками з арковими вікнами і стінами, всипаними розписаними фресками. А ще Вас чекають, не зрушуючи з місця століттями і тисячоліттями, стародавні замки, собори, статуї і міські площі. Архітектура Тренто - це змішання вс",600
https://www.accordtour.com/tours/8385,Куточок морського раю&hellip; відпочинок на Лігурійському узбережжі Італії,9,Відень – Львів,Сніданок. При наявності часу і бажанні групи: Величний Відень: 26€,"Сніданок. При наявності часу і бажанні групи: Величний Відень ( Дорослий: 26€ / Діти до 16 років: 21€ , до 5 років: 0€ ) Таємниче середньовіччя, блискуче 19 століття, круговорот музики, історії, мистецтва – все це Відень, неповторний і прекрасний! ""Це моя воля!"" – цими словами імператор Франц Йосиф розпорядився про будівництво Рінгштрассе, де велично розташувалися будівлі Парламенту, Ратуші, Бургтеатра. Ми також побачимо найвеселішу пам'ятку – химерний будинок Хундертвасер! А на завершення екскурсії – ""відвідаємо"" принца Євгенія Савойського і побачимо дивовижний за своєю красою замок Бельведер",600
https://www.accordtour.com/tours/1118350,Відпустка на морі: відпочинок на Адріатичному узбережжі Італії,1,Львів – Стрий – Мукачево – Будапешт,при наявності часу рекомендуем відвідати: Шарм нічного міста: 18€; бастіон і статуя єпископа Геллерта. Ажурна прикраса Будапешту: 30€,"Виїзд в тур відбувається із Львівського залізничного вокзалу. Переїзд в сторону кордону. По дорозі при наявності часу рекомендуем відвідати: Шарм нічного міста ( Дорослий: 18€ / Діти: 13€ ) Пропонуємо вечірню екскурсію по Будапешту . Запрошуємо Вас на прогулянку по головному і найгламурнішому променаду столиці - набережній Корзо і вулиці Ваці. Вечірні види двох сторін набережної полонять своєю красою - Королівський палац, Рибальський бастіон і статуя єпископа Геллерта. Ажурна прикраса Будапешту ( Дорослий: 30€ / Діти: 26€ ) Річкова прогулянка - незабутня водна подорож по Дунаю... Переїзд і пос",600
https://www.accordtour.com/tours/1118350,Відпустка на морі: відпочинок на Адріатичному узбережжі Італії,2,Трієст – Адріатичне узбережжя – Ріміні,,"Сніданок. Переїзд в Італію. Екскурсія Несподіваний Трієст (входить у вартість туру) Зазвичай європейські портові міста - це завжди метушня, галас, вузькі вулиці і натовпи жебраків, однак Трієст - абсолютне виключення з правил і поєднує в собі риси трьох абсолютно різних культур. Понад шість століть Трієст перебував під владою Австрії, величезний вплив на нього здійснила сусідня Словенія, і всі ці неповторні риси нерозривно сплелися з культурою Італії. Цей прикордонний світ збиває з пантелику і дарує цілу гаму суперечливих, проте захоплених відчуттів. Переїзд і поселення в готелі - курорт Рімін",600
https://www.accordtour.com/tours/1118350,Відпустка на морі: відпочинок на Адріатичному узбережжі Італії,3,Верона – озеро Гарда – парк розваг Гардаленд – Відпочинок на Адріатичному морі Італії,а морі. Для бажаючих на вибір: Столиця романтиків і закоханих: 48€,"Сніданок. Відпочинок на морі. Для бажаючих на вибір: Столиця романтиків і закоханих ( Дорослий: 48€ / Діти: 38€ ) Верону називають містом вічної любові і шедевром італійської архітектури. Потрапивши сюди, відчуваєш свою причетність до Великого і Вічного. Це місто підкорить нас давньоримським амфітеатром &laquo;Арена&raquo;, який є третім за величиною в світі, фортецею Скаліджерів, гідної справжньої принцеси і прекрасного принца, і звичайно, будинком Джульєтти, стіни якого на висоту в два людські зрости рясніють зворушливими записками - від тих, хто знайшов, шукає або втратив, але хоче повернут",600
https://www.accordtour.com/tours/1118350,Відпустка на морі: відпочинок на Адріатичному узбережжі Італії,4,Флоренція – Галерея Уффіці – Піза – Сан-Джиміньяно – Відпочинок на Адріатичному морі Італії,сім бажаючим пропонуємо: Місто італійського шарму - Флоренція: 58€,"Сніданок. Відпочинок на морі. Всім бажаючим пропонуємо: Місто італійського шарму - Флоренція ( Дорослий: 58€ / Діти до 6 років: 51€ ) Пересування по Флоренції - на громадському транспорті. Символ епохи Відродження, - так кажуть про Флоренцію. Її вулиці, площі, палаци та храми прикрашені творіннями великих італійських майстрів. Тут бере свій початок епоха Ренесансу. Це місто Мікеланджело і Макіавеллі, місто-скарбниця, повне пам'ятників мистецтва, культури та історії. Нашому погляду відкриються шедеври великих майстрів: Площа Синьорії, головний флорентійський собор Санта Марія-дель-Фьорі, дзвіни",600
https://www.accordtour.com/tours/1118350,Відпустка на морі: відпочинок на Адріатичному узбережжі Італії,5,Болонья – музей Феррарі – Відпочинок на Адріатичному морі Італії,дпочинок на морі. Всім бажаючим пропонуємо: Товстушка Болонья: 48€,"Сніданок. Відпочинок на морі. Всім бажаючим пропонуємо: Товстушка Болонья ( Дорослий: 48€ / Діти до 16 років: 38€ ) Болонья запрошує нас в зовсім інший світ, в якому панує атмосфера комфорту, затишку, гостинності і доброти. Болонья є одним з культурних центрів Італії, тут знаходиться університет, заснований ще в 11 столітті. Його закінчили такі відомі всьому світу особистості як Франческа Петрарка, Данте Аліг&rsquo;єрі, Коперник і багато інших. Місто також по праву вважається кулінарною столицею Італії , гурмани з&rsquo;їжджаються сюди, щоб покуштувати відомі місцеві делікатеси&hellip; У вільн",600
https://www.accordtour.com/tours/1118350,Відпустка на морі: відпочинок на Адріатичному узбережжі Італії,6,Феррара – Падуя – Равенна – Відпочинок на Адріатичному морі Італії,нок на морі. Для бажаючих на вибір: Феррара - місто Ренесансу: 43€,"Сніданок. Відпочинок на морі. Для бажаючих на вибір: Феррара - місто Ренесансу ( Дорослий: 43€ / Діти до 16 років: 38€ ) І хоча воно не настільки стародавнє, як багато інших міст Італії, але йому є чим похвалитися. Насамперед, це добре збережена архітектура середньовіччя, а також міські оборонні стіни з неприступними бастіонами, які дійшли до наших днів цілими. Такі можна зустріти тільки в 4 містах Італії! Сьогоднішня пишність Феррари в Італії - це спадок тих днів, коли герцоги і королі оточували себе розкішшю, бажаючи перевершити один одного. Тут можна милуватися першою резиденцією герцогів Е",600
https://www.accordtour.com/tours/1118350,Відпустка на морі: відпочинок на Адріатичному узбережжі Італії,7,Сан-Марино – Відпочинок на Адріатичному морі Італії,"орі. Всім бажаючим пропонуємо: Карликова держава - Сан-Марино: 33€; крок далеко за межі республіки ... Парк ""Італія в мініатюрі"": 21€","Сніданок. Відпочинок на морі. Всім бажаючим пропонуємо: Карликова держава - Сан-Марино ( Дорослий: 33€ / Діти до 16 років: 26€ ) Сан-Марино - найстаріша держава Європи, мальовничо розташована на горі Титано. У наші дні мільйони туристів приїжджають подивитися на це маленьке диво, захопитися чудовою панорамою з вершини гори Титан, познайомитися з історичним минулим волелюбного народу, купити на пам'ять сувеніри та місцеві лікери, слава про яких зробила крок далеко за межі республіки ... Парк ""Італія в мініатюрі"" ( Дорослий: 21€ / Діти до 16 років: 21€ + вх. квиток) Один з найстаріших і найвідом",600
https://www.accordtour.com/tours/1118350,Відпустка на морі: відпочинок на Адріатичному узбережжі Італії,8,Рим – Ватикан – Колізей Рим – Відпочинок на Адріатичному морі Італії,ніданок. Відпочинок на морі. Для бажаючих Рим пам ятає багато: 88€; У вільний час рекомендуємо: Держава Ватикан Дотик до вічності: 41€,"Сніданок. Відпочинок на морі. Для бажаючих Рим пам ятає багато ( Дорослий: 88€ / Діти до 16 років: 78€ ) Пересування по Риму - на громадському транспорті. Важко знайти на землі людину, у якої при звучанні цього слова перед очима не появляються барвисті образи мощених вулиць, просочених древньою історією, величного Колізею, безліч старовинних храмів, прикрашених руками великих Мікеланджело і Рафаеля&hellip; У вільний час рекомендуємо: Держава Ватикан Дотик до вічності ( Дорослий: 41€ / Діти до 16 років: 36€ + вх. квиток) Священний світ мистецтва та релігії... Наш шлях лежить в найменшу країну в",600
https://www.accordtour.com/tours/1118350,Відпустка на морі: відпочинок на Адріатичному узбережжі Італії,9,Венеція – Палац дожів – Гранд Канал – Острови Мурано та Бурано,,"Сніданок. Екскурсія Заручена з морем - Венеція (входить у вартість туру) Нас запрошує красуня на воді, &laquo;заручена з морем&raquo;, - так кажуть про Венецію (додатк. оплач. громадський транспорт - 30&euro;/26&euro;) - найбільш витончене і таємниче місто Італії. Це місто - прекрасна казка, яка застигла в камені. Багато століть майстри і художники прославляли його і прикрашали своїми творами. Тут прекрасно поєднуються розкішні палаци і скромні вузенькі вулички, мовчазні канали та гомінкі ринки. Затишні кафе запрошують нас на ароматну каву, а на площі Сан Марко просто на долоню сідають голуби ",600
https://www.accordtour.com/tours/1118350,Відпустка на морі: відпочинок на Адріатичному узбережжі Італії,10,Егер – купальні Егерсалок – Львів,Сніданок. Для бажаючих на вибір: Купальні Егерсалок: 10€; подбати про себе. АБО Дуже смачний гуляш в Долині Красунь !!!: 24€,"Сніданок. Для бажаючих на вибір: Купальні Егерсалок ( Дорослий: 10€ / Діти до 16 років: 10€ + вх. квиток) Егерсалок, відомий як ""угорський Памуккале"", вражає білосніжними терасами та термальними джерелами. Велнес-комплекс подарує відновлення і релакс: басейни з теплою мінеральною водою, ароматні сауни, розслаблюючі ванни та незвичайні масажі. Ідеальне місце, щоб зупинити час і подбати про себе. АБО Дуже смачний гуляш в Долині Красунь !!! ( Дорослий: 24€ / Діти до 16 років: 18€ ) Атмосферна дегустація егерських вин та ароматного гуляшу в серці винної долини. ""Бича Кров"" — гордість регіону, ""Еге",600
https://www.accordtour.com/tours/188681,Я і море - це amore: 3 ночі на узбережжі Адріатичного моря Італії,1,Львів – Будапешт,рибуття в Будапешт. Для бажаючих на вибір: Шарм нічного міста: 18€; бастіон і статуя єпископа Геллерта. Ажурна прикраса Будапешту: 30€,"Виїзд в тур відбувається із Львівського залізничного вокзалу. Перетин кордону. Прибуття в Будапешт. Для бажаючих на вибір: Шарм нічного міста ( Дорослий: 18€ / Діти: 13€ ) Пропонуємо вечірню екскурсію по Будапешту . Запрошуємо Вас на прогулянку по головному і найгламурнішому променаду столиці - набережній Корзо і вулиці Ваці. Вечірні види двох сторін набережної полонять своєю красою - Королівський палац, Рибальський бастіон і статуя єпископа Геллерта. Ажурна прикраса Будапешту ( Дорослий: 30€ / Діти: 26€ ) Річкова прогулянка - незабутня водна подорож по Дунаю... Нічний переїзд. <div class=""",597
https://www.accordtour.com/tours/188681,Я і море - це amore: 3 ночі на узбережжі Адріатичного моря Італії,2,Відпочинок на Адріатичному морі Італії – Сан-Марино – Флоренція – Піза,орі. Всім бажаючим пропонуємо: Карликова держава - Сан-Марино: 33€,"Прибуття на Адріатичне узбережжя - курорт Ріміні. ~ 14:00 поселення в готелі на узбережжі. Відпочинок на морі. Всім бажаючим пропонуємо: Карликова держава - Сан-Марино ( Дорослий: 33€ / Діти до 16 років: 26€ ) Сан-Марино - найстаріша держава Європи, мальовничо розташована на горі Титано. У наші дні мільйони туристів приїжджають подивитися на це маленьке диво, захопитися чудовою панорамою з вершини гори Титан, познайомитися з історичним минулим волелюбного народу, купити на пам'ять сувеніри та місцеві лікери, слава про яких зробила крок далеко за межі республіки ... АБО Місто італійського шарму",600
https://www.accordtour.com/tours/188681,Я і море - це amore: 3 ночі на узбережжі Адріатичного моря Італії,5,Відпочинок на Адріатичному морі Італії – Лідо Ді Єзоло – Венеція,а морі. Для бажаючих рекомендуємо: Заручена з морем - Венеція: 43€,"Сніданок. Переїзд на курорт Лідо ді Єзоло. Відпочинок на морі. Для бажаючих рекомендуємо: Заручена з морем - Венеція ( Дорослий: 43€ / Діти: 38€ ) Всіх бажаючих запрошує красуня на воді, &laquo;заручена з морем&raquo;, - так кажуть про Венецію - найбільш витончене і таємниче місто Італії. Це місто - прекрасна казка, яка застигла в камені. Багато століть майстри і художники прославляли його і прикрашали своїми творами. Тут прекрасно поєднуються розкішні палаци і скромні вузенькі вулички, мовчазні канали та гомінкі ринки. Затишні кафе запрошують нас на ароматну каву, а на площі Сан Марко просто ",600
https://www.accordtour.com/tours/188681,Я і море - це amore: 3 ночі на узбережжі Адріатичного моря Італії,6,Будапешт – Львів,і енергії на цілий день! Для бажаючих на вибір: Таємнича Буда: 18€; ій Трійці і... сам Королівський Палац! Тропікарій – Океанарій: 10€,"Прибуття в Будапешт. Вранці запрошуємо відвідати термальні купальні графа Сечені (вх. квиток) - заряд бадьорості і енергії на цілий день! Для бажаючих на вибір: Таємнича Буда ( Дорослий: 18€ / Діти до 16 років: 13€ , до 6 років: 0€ ) Один з самих романтичних та старовинних куточків Будапешта... Ніби маленьке середньовічне місто з мальовничими вуличками і стародавніми будівлями... Будайська фортеця, Рибацький бастіон, собор св. Матяша, пам'ятник Святій Трійці і... сам Королівський Палац! Тропікарій – Океанарій ( Дорослий: 10€ / Діти: 10€ + вх. квиток) Найбільший в Центральній Європі. 8 залів! Д",600
https://www.accordtour.com/tours/7988,"Скандинавський бум: Стокгольм, Осло, Копенгаген! 3 столиці Скандинавії!",1,Львів – Варшава – Гданськ,При бажанні групи і наявності часу. Варшава – місто королів: 18€,"Зустріч на залізничному вокзалі Львів ( пл. Двірцева 1) Виїзд зі Львова. Переїзд по Україні. Перетин кордонів. При бажанні групи і наявності часу. Варшава – місто королів ( Дорослий: 18€ / Діти до 16 років: 13€ , до 6 років: 0€ ) Вечірня екскурсія по місту королівських резиденцій, місту музики Шопена, місту, в якому панує неповторна і унікальна атмосфера. Вся краса відбивається в ріці Вісла, над якою височить символ польської столиці – Варшавська Сирена. Варшавський центр науки ""Коперник"" (Трансфер: 10€ + вх. квиток ) Унікальне освітній простір, сучасний інтерактивний музей, в якому є виставки",600
https://www.accordtour.com/tours/7988,"Скандинавський бум: Стокгольм, Осло, Копенгаген! 3 столиці Скандинавії!",2,Гданськ – Мальборк – Сопот,мендуємо відвідати: Бурштинова перлина Балтики - курорт Сопот: 26€,"Сніданок. Екскурсія Золоті Ворота Речі Посполитої - Гданськ (входить у вартість туру) Старовинна Королівська дорога прикрашена Золотим будинком, Двором легендарного короля Артуса, фонтаном Нептуна, а також Ратушею Старого міста, на площі перед якою місцеві жителі вітали королів! Скарб Гданська - Марьяцький храм - другий за величиною і красі собор в Європі, з вежі якого кожну годину лунає чарівний передзвін. Вільний час. Для бажаючих рекомендуємо відвідати: Бурштинова перлина Балтики - курорт Сопот ( Дорослий: 26€ / Діти до 16 років: 21€ , до 6 років: 0€ ) Неймовірно затишний і красивий Сопот -",600
https://www.accordtour.com/tours/7988,"Скандинавський бум: Стокгольм, Осло, Копенгаген! 3 столиці Скандинавії!",3,Стокгольм,,"Сніданок на поромі (19,5Є оплачується додатково, при бажанні). Нас чекає Швеція - країна озер і бурхливих річок, тисяч маленьких островів і жвавих міст. Країна де жила велика казкарка Астрід Ліндгрен, дивак Карлсон, і улюблениця всіх дітей Пеппі Довгапанчоха! Прибуття в порт Кальскроне. Переїзд в Стокгольм. Екскурсія Серце Стокгольму Gamla Stan (входить у вартість туру) Пішохідна екскурсія по центральній частині міста &laquo;Gamla Stan -серце Стокгольма&raquo;. Звідки виникла назва Старе місто? Середньовічні вулички і площі тут мають особливу магію. Прогулюючись по ним, з головою зануримося в ",600
https://www.accordtour.com/tours/7988,"Скандинавський бум: Стокгольм, Осло, Копенгаген! 3 столиці Скандинавії!",4,Осло,,"Сніданок. Переїзд в Осло. Екскурсія Столиця землі вікінгів – Осло (входить у вартість туру) В Осло з'єднана старовина і сучасність! Протягом століть норвежці творили, відкривали і дивували весь світ. Здивуємося і ми... Пішохідна екскурсія по центру міста. Ми відвідаємо Ратушу, пройдемося уздовж Гавані, побачимо Королівський палац, фортеця Акерсхюс (без входу в замок), прогуляємося по найстарішій збереженій частині міста 17 століття. Пройдемо по головній вулиці Карл Йохан, побачимо Парламент, Національний театр, Університет. Велика прогулянка по Осло і парк скульптур Густава Вігеланна ( Доросли",600
https://www.accordtour.com/tours/7988,"Скандинавський бум: Стокгольм, Осло, Копенгаген! 3 столиці Скандинавії!",5,Гетеборг – замок Фредеріксборг – Кронборг – Мальме,"ї Норвегії до Швеції. За бажанням групи. Душа Швеції Гетеборг: 26€; з креветками&raquo; в ресторані неба. Музей Концерну ""Вольво: 30€","Сніданок. Переїзд по території Норвегії до Швеції. За бажанням групи. Душа Швеції Гетеборг ( Дорослий: 26€ / Діти до 16 років: 18€ , до 6 років: 0€ ) Гетеборг - столиця західного узбережжя Швеції. Це море, сонце, вітер і атмосфера південного шведського міста. Місто ресторанів і центр промислу креветок, яких тут дуже багато, і вони тут дуже смачні. Оглядова екскурсія по місту з оглядом головних визначних пам'яток і можливістю спробувати найвідоміший &laquo;бутерброд з креветками&raquo; в ресторані неба. Музей Концерну ""Вольво ( Дорослий: 30€ / Діти: 23€ + вх. квиток) Гетеборг є столицею найвідо",600
https://www.accordtour.com/tours/7988,"Скандинавський бум: Стокгольм, Осло, Копенгаген! 3 столиці Скандинавії!",6,Копенгаген,,"Сніданок. Екскурсія Копенгаген - місто королівських чудес (входить у вартість туру) Для тих, хто хоче детально пізнати Копенгаген, відчути його неповторну атмосферу. Площа біля ратуші, подорож в Латинський квартал і знайомство з найстарішою гімназією міста. Резиденція єпископів, монумент Реформації, Кришталева вулиця і Синагога, Центральна бібліотека. Ми познайомимося з Круглою вежею, яка зберігає багато історій, одним із символів міста - будівлею Біржі, церквою Святого Миколая, побачимо будинок Андерсена... Вільний час. Для бажаючих рекомендуємо відвідати: Є Данія на світі, друг Гораціо ( Дор",600
https://www.accordtour.com/tours/7988,"Скандинавський бум: Стокгольм, Осло, Копенгаген! 3 столиці Скандинавії!",7,Гдиня – Люблін – Львів,юблін. При бажанні групи і наявності часу. Старовинний Люблін: 18€,"Сніданок на поромі (19,5Є оплачується додатково, при бажанні). Переїзд по Польщі. Можливість завершити тур в Польщі. Район Гдиня, Лодзь, Варшава, Люблін. При бажанні групи і наявності часу. Старовинний Люблін ( Дорослий: 18€ / Діти до 16 років: 13€ , до 6 років: 0€ ) Перше місто для знайомства - Люблін . Екскурсія по одному з відомих міст Польщі. Серце Любліна - Старе Місто з його багатовіковими кам'яницями, вузенькими вуличками, архітектурними пам'ятками: Краківська брама, Домініканський монастир, Кафедральний собор з ризницею та скарбницею, Старий театр, який є одним з найцінніших і цікавих ",600
https://www.accordtour.com/tours/1110,Підкоренні красою&hellip; Скандинавія і Фйорди!,1,Львів – Варшава – Гданськ,ин кордону. Всім бажаючим пропонуємо: Варшава – місто королів: 18€,"Збір на Львівському залізничному вокзалі. Перетин кордону. Всім бажаючим пропонуємо: Варшава – місто королів ( Дорослий: 18€ / Діти до 16 років: 13€ , до 6 років: 0€ ) Вечірня екскурсія по місту королівських резиденцій, місту музики Шопена, місту, в якому панує неповторна і унікальна атмосфера. Вся краса відбивається в ріці Вісла, над якою височить символ польської столиці – Варшавська Сирена. Польська кухня (дод. оплата) Можливість спробувати місцеву кухню. Вона славиться відмінним журеком, бігосом і голонкою. Польські господині чудово вміють готувати торти і тістечка: маківці, серники та без",600
https://www.accordtour.com/tours/1110,Підкоренні красою&hellip; Скандинавія і Фйорди!,2,Гданськ – Мальборк – Сопот,апрошуємо відвідати Подорож по середньовіччю - замок Мальборк: 38€,"Сніданок. Виселення з готелю. Переїзд в місто неповторної краси - Гданськ. Екскурсія Старовинний Гданськ (входить у вартість туру) Старовинний Гданськ — місто, де море зустрічається з історією, а повітря пахне бурштином і свободою. Його вузенькі вулички, дзвін годинників і блиск Балтики створюють неповторну атмосферу романтики й натхнення. Тут кожен крок — це подорож у минуле з присмаком морської пригоди. Запрошуємо відвідати Подорож по середньовіччю - замок Мальборк ( Дорослий: 38€ / Діти: 30€ + вх. квиток) Середньовічна резиденція Великого Магістра Тевтонського ордена з 700-літньою історією ",600
https://www.accordtour.com/tours/1110,Підкоренні красою&hellip; Скандинавія і Фйорди!,3,Стокгольм,,"Сніданок на поромі (оплачується додатково). Прибуття в порт. Прибуття в порт. Нас вітає королівська столиця Швеції – Стокгольм. Екскурсія Серце Стокгольму Gamla Stan (входить у вартість туру) Пішохідна екскурсія по центральній частині міста &laquo;Gamla Stan -серце Стокгольма&raquo;. Звідки виникла назва Старе місто? Середньовічні вулички і площі тут мають особливу магію. Прогулюючись по ним, з головою зануримося в атмосферу унікальних і неповторних архітектурних споруд, соборів, пам'ятників і скульптур, які зберегли пам'ять про безліч історичних подій, таємниць і загадок, разючих історій і ди",600
https://www.accordtour.com/tours/1110,Підкоренні красою&hellip; Скандинавія і Фйорди!,4,Осло,,"Сніданок. Норвегія - це гори, фіорди, водоспади, північне сяйво і білі ночі .... В них краса і велич північної країни. Кожна людина хоча б один раз в житті хоче побувати тут! Нас чекає «Столиця землі Вікінгів - Осло». В Осло з єднана старовина і сучасність! Протягом століть норвежці творили, відкривали і дивували весь світ. Здивуємося і ми .... Екскурсія Столиця землі вікінгів – Осло (входить у вартість туру) В Осло з'єднана старовина і сучасність! Протягом століть норвежці творили, відкривали і дивували весь світ. Здивуємося і ми... Пішохідна екскурсія по центру міста. Ми відвідаємо Ратушу, п",600
https://www.accordtour.com/tours/1110,Підкоренні красою&hellip; Скандинавія і Фйорди!,5,Флом – Согне-фіорд,Вільний час. Запрошуємо відвідати Царство норвезьких фіордів: 43€; зд з готелю орієнтовно 6:00). Панорамний майданчик Стегастейн: 46€,"Сніданок. Вільний час. Запрошуємо відвідати Царство норвезьких фіордів ( Дорослий: 43€ / Діти: 28€ ) Неповторні ландшафти, засніжені вершини, відображаються в прозорій глибині моря, грандіозні водоспади, смарагдова гладь фіордів, які, виблискують на сонці, між відступами застивши у своїй величі між горами... Ось що нас чекає! (Виїзд з готелю орієнтовно 6:00). Панорамний майданчик Стегастейн ( Дорослий: 46€ / Діти до 12 років: 46€ ) Ми поїдемо з Флому через Еурланн до незвичайного, вражаючого майданчику Стегастейн. Майданчик на 30 метрів виступає зі скелі, на висоті 650 м. над фьордом, і дозвол",600
https://www.accordtour.com/tours/1110,Підкоренні красою&hellip; Скандинавія і Фйорди!,6,Гетеборг,Сніданок. Переїзд в Гетеборг. Душа Швеції Гетеборг: 26€; курсії на вибір: Прогулянка на кораблику по каналах Гетеборга: 30€,"Сніданок. Переїзд в Гетеборг. Душа Швеції Гетеборг ( Дорослий: 26€ / Діти до 16 років: 18€ , до 6 років: 0€ ) Гетеборг - столиця західного узбережжя Швеції. Це море, сонце, вітер і атмосфера південного шведського міста. Місто ресторанів і центр промислу креветок, яких тут дуже багато, і вони тут дуже смачні. Оглядова екскурсія по місту з оглядом головних визначних пам'яток і можливістю спробувати найвідоміший &laquo;бутерброд з креветками&raquo; в ресторані неба. Вільний час. Пропонуємо відвідати екскурсії на вибір: Прогулянка на кораблику по каналах Гетеборга ( Дорослий: 30€ / Діти: 23€ ) Міс",600
https://www.accordtour.com/tours/1110,Підкоренні красою&hellip; Скандинавія і Фйорди!,7,Копенгаген – Кронборг – замок Фредеріксборг,,"Сніданок. Переїзд в місто Ганса Крістіана Андерсена - Копенгаген. Запрошуємо поринути в казку! Пішохідна екскурсія Екскурсія Копенгаген - місто королівських чудес (входить у вартість туру) Для тих, хто хоче детально пізнати Копенгаген, відчути його неповторну атмосферу. Площа біля ратуші, подорож в Латинський квартал і знайомство з найстарішою гімназією міста. Резиденція єпископів, монумент Реформації, Кришталева вулиця і Синагога, Центральна бібліотека. Ми познайомимося з Круглою вежею, яка зберігає багато історій, одним із символів міста - будівлею Біржі, церквою Святого Миколая, побачимо бу",600
https://www.accordtour.com/tours/1110,Підкоренні красою&hellip; Скандинавія і Фйорди!,8,Мальме,"Мальме . Подорож по Сконе: Мальме, Хельсінгборг і Ландскруна: 43€","Сніданок. Вільний час. Рекомендуємо відвідати прекрасний Мальме . Подорож по Сконе: Мальме, Хельсінгборг і Ландскруна ( Дорослий: 43€ / Діти: 33€ ) Прекрасний Мальме одне із найстаріших міст краън Скандинавії і єдине велике місто в Північній Європі, яке може похвалитися своїм власним пляжем в центральній частині міста, який отримав міжнародну нагороду &laquo;Синій прапор&raquo; за свої прозорі води. Центральна частина Мальме залишається маленьким, доброзичливим і приємним серцем міста, де майже все зручно розташоване на пышый відстані. Тут багато цікавих будівель, зведених в різні історичні пе",600
https://www.accordtour.com/tours/1110,Підкоренні красою&hellip; Скандинавія і Фйорди!,9,Львів,,"Сніданок на поромі (оплачується додатково). Прибуття в порт. Прибуття в порт. Переїзд по території Польщі Час прибуття до Львова після опівночі (залежить від проходження кордону). Місце прибуття до Львова - залізничний вокзал. До нових зустрічей! <div class=""",259
https://www.accordtour.com/tours/261491/tab/tab_price/tour_date/2026-05-10/cls_number_adult_cnt/%7B1:1%7D/cls_number_child_age/%7B%7D/tour_include_ins/true,Цікаві вихідні в Трансільванії,1,Чернівці – Сігішоара – Пояна Брашов,,"Виїзд з Чернівців (головний залізничний вокзал , площа перед входом в вокзал). Переїзд на Батьківщину графа Дракули – у Сігішоару... Екскурсія ""Перлина Трансільванії"" - місто Сігішоара. (входить у вартість туру) В долині річки Тирнава Маре збереглося одне з середньовічних міст Європи, Сігішоара . Тут народився Влад Дракула, майбутній військовий губернатор Трансільванії і воєвода Валахії. Вулички цього старовинного міста-фортеці практично не змінилися з часів дитинства нашого героя. У будинку, де народився Дракула, сьогодні відкритий ресторан, де бажаючі можуть скуштувати дракулівську кухню. Си",600
https://www.accordtour.com/tours/261491/tab/tab_price/tour_date/2026-05-10/cls_number_adult_cnt/%7B1:1%7D/cls_number_child_age/%7B%7D/tour_include_ins/true,Цікаві вихідні в Трансільванії,2,Брашов – Бран – Бухарест,,"Сніданок. Екскурсія «Румунський Зальцбург» - місто Брашов. (входить у вартість туру) Це одне з найкрасивіших середньовічних міст Румунії. Його шарм, підсилений гармонійним поєднанням готики, ренесансу та романського стилів, зачаровує і дарує чудові спогади про місце, в якому зупинився час. Переїзд в Бран. Замок «Графа Дракули» (входить у вартість + вх. квиток) У величезній долині, на схилі могутньої скелі височить неприступний і зловісний замок &laquo;Графа Дракули&raquo;. Серпантини сходів, лабіринти підземних ходів, дивовижна колекція зброї і мисливських трофеїв&hellip; Страшна казка про гра",600
https://www.accordtour.com/tours/261491/tab/tab_price/tour_date/2026-05-10/cls_number_adult_cnt/%7B1:1%7D/cls_number_child_age/%7B%7D/tour_include_ins/true,Цікаві вихідні в Трансільванії,3,Брашов – Замок Пелеш,"на вибір): ""Академія Невермор"" + Палац «Пелеш»: 36€","Сніданок. Виселення з готелю. У вільний час, всім бажаючим пропонуємо відвідати (на вибір): ""Академія Невермор"" + Палац «Пелеш» ( Дорослий: 36€ / Діти: 23€ + вх. квиток) Румунія країна загадкова і красива, у вільний час усіх бажаючих запрошуємо відвідати палац-привид в містечку Буштені, побудований князь Георгі Григора Кантакузіно, палац став основною локацією для зйомок серіалу ""Венздей"". Доповнить екскурсію до ""Академії Невермор"", відвідання не менш прекрасного палацу в Сінаї - Пелеш. Тут можна побачити, як кристали Мурано ніжно виблискують у витончених люстрах, як німецькі вітражі плавно пе",600
https://www.accordtour.com/tours/688633,Серце Адріатики... Чорногорія + Хорватія,1,Львів – Будапешт,"ци. Тут Пешт ошатний, святковий навіть в будні! Таємнича Буда: 18€","Відправлення в тур. (Місце відправки: залізничний вокзал м.Львів, площа Двірцева 1) Перетин кордонів. При бажанні групи і наявності часу. Шарм нічного Будапешту (входить у вартість туру) Ми проведемо вільний час в улюбленому місці прогулянок угорської знаті - набережній Корзо і фешенебельній вулиці Ваци. Тут Пешт ошатний, святковий навіть в будні! Таємнича Буда ( Дорослий: 18€ / Діти до 16 років: 13€ , до 6 років: 0€ ) Один з самих романтичних та старовинних куточків Будапешта... Ніби маленьке середньовічне місто з мальовничими вуличками і стародавніми будівлями... Будайська фортеця, Рибацький",600
https://www.accordtour.com/tours/688633,Серце Адріатики... Чорногорія + Хорватія,2,Плитвицькі озера – Макарська – Спліт – Трогір,Одна з екскурсій на вибір: Природне чудо - Плітвицькі озера: 38€,"Сніданок. Переїзд в Хорватію – чарівну країну соснових лісів, евкаліптових гаїв, співаючих водопадів і безлюдних островів. “Терра інкогніта” в самому центрі Європи. Що ж, в житті завжди є місце для відкриття! При бажанні групи і наявності часу. Одна з екскурсій на вибір: Природне чудо - Плітвицькі озера ( Дорослий: 38€ / Діти до 16 років: 31€ + вх. квиток) Національний парк Плітвіцькі озера - це візитна картка Хорватії, унікальне природне утворення і однозначне &laquo;must see&raquo;. Хорвати часто називають це місце ""восьмим чудом світу"": 16 озер дивовижної чистоти і незвичайної краси пов'яза",600
https://www.accordtour.com/tours/688633,Серце Адріатики... Чорногорія + Хорватія,3,Будванська рів єра – Дубровник,а спокою&hellip;. Для бажаючих Перлина Адріатики - Дубровник!: 30€,"Сніданок. Мелодія хвиль Адріатичного моря… Запрошуємо на один з пляжів біля Дубровніка &hellip; кришталево чиста вода, унікальна атмосфера спокою&hellip;. Для бажаючих Перлина Адріатики - Дубровник! ( Дорослий: 30€ / Діти до 12 років: 18€ ) Дубровник - романське, готичне, ренесансне і барокове місто - все в одному, перлина Адріатики . Одне з найпрекрасніших міст Європи. Місто розташоване на скелі, біля самого моря. Рідко де можна зустріти таку красу, гармонію і велич. &laquo;Той, хто шукає рай на землі, повинен відвідати Дубровник&raquo; - так сказав Бернард Шоу про це дивовижне місто. Під час",600
https://www.accordtour.com/tours/688633,Серце Адріатики... Чорногорія + Хорватія,4,Будванська рів єра – Будва,,"Вільний день на морі. Відпочинок на морі на Будванскій Рив єрі. Вільний день для відпочинку на морі. Ми зможемо відпочити від дороги, насолодитися ласкавим бризом моря з ароматом солоного повітря. Зручно влаштуємось на пляжі та будемо слухайте шепіт хвиль. Цей день — ідеальна нагода зануритися в спокій та відновити енергію під яскравим сонцем, освіжитись в прозорих водах та насолодитись морем… Вечірня екскурсія Екскурсія Будва – морська столиця (входить у вартість туру) Старе місто Будви витончено вплетено в тканину історії та занурене в старовинну красу, де кожен камінчик зберігає легенди і к",600
https://www.accordtour.com/tours/688633,Серце Адріатики... Чорногорія + Хорватія,5,Будванська рів єра – Боко-Которська затока – Котор – Пераст,вільний час рекомендуємо: Мальовнича Боко- Которська Рів’єра: 50€,"Вільний день на морі. Відпочинок на морі на Будванскій Рив єрі. У вільний час рекомендуємо: Мальовнича Боко- Которська Рів’єра ( Дорослий: 50€ / Діти до 16 років: 36€ ) Боко-Которська затока - справжня перлина Адріатичного узбережжя. Вона вражає своєю унікальною формою, схожою на лотос, і створює неперевершений образ на фоні кришталевих вод Адріатичного моря. Прогулянка вздовж цих берегів -це подорож у часі. Води затоки, мов велике дзеркало, де відображаються гірські вершини та стародавні фортеці. Затишне місто Котор - справжнє диво Чорногорії. Прогулянка по місту та вільний час посмакувати мі",600
https://www.accordtour.com/tours/688633,Серце Адріатики... Чорногорія + Хорватія,6,Будванська рів єра,Будванскій Рив єрі. У вільний час рекомендуємо: Fish- пікнік: 65€,"Вільний день на морі. Відпочинок на морі на Будванскій Рив єрі. У вільний час рекомендуємо: Fish- пікнік ( Дорослий: 65€ / Діти до 16 років: 50€ ) Поїздка на катері вздовж мальовничих берегів Чорногорії . Відпочиваємо та насолоджуємось життям&hellip;. Катер буде зупинятись в затишних бухтах на найгарніших островах узбережжя. Ми будемо засмагати і плавати в надзвичайно чистих водах Адріатики. Рибний пікнік – це незабутня атракція, ввічливий капітан, що пригостить аперитивом, смачний чорногорський обід. Зупинки на купання з корабля в теплих лагунах, королівські пляжі, та незабутня атмосфера. На ",600
https://www.accordtour.com/tours/688633,Серце Адріатики... Чорногорія + Хорватія,7,Будванська рів єра – Каньйони Тара і Морача – Острог – Цетинє – Негуши,і. Для бажаючих на вибір: Симфонія природи - Скадарське Озеро: 55€,"Вільний день на морі. Відпочинок на морі на Будванскій Рив єрі. Для бажаючих на вибір: Симфонія природи - Скадарське Озеро ( Дорослий: 55€ / Діти до 12 років: 38€ ) Саме відоме озеро– заповідник на Балканах. Скадарське Озеро славиться своєю чистотою та кришталевою водою. Дихайте свіжим повітрям, слухайте спів птахів і насолоджуйтеся першими променями сонця, що розсіюються на поверхні води – познайомтесь з природною розкішшю цього місця. Ми побачимо селища рибалок, у яких зберігся справжній дух провінційної Чорногорії та традиції гостинності. Відвідаємо старовинне місто Вірпазар. Далі нас чекає",600
https://www.accordtour.com/tours/688633,Серце Адріатики... Чорногорія + Хорватія,8,Будванська рів єра,,"Виселення з готелю. Час прощатись з морем... До скорої зустрічі... Зранку, коли небо ще м'яко освітлюється першими променями сонця, прощання з морем набуває особливо чарівного настрою. Перед самим від'їздом ми вирушаємо на пляж, де хвилі ласкаво обіймають берег, нагадуючи про вічний ритм моря. Кришталева вода, де відбивається сонце, залишить нам самі теплі спогади... А ми їдемо додому, поспішаючи назустріч новим пригодам... Хто не встиг, буде ще трошки часу на купівлю подарунків. Гірський мед, лоза, або ракія, прошутто, великий вибір сирів - оберіть подарунки на свій смак. Переїзд на нічліг. Н",600
https://www.accordtour.com/tours/688633,Серце Адріатики... Чорногорія + Хорватія,9,Белград – Мукачево – Львів,Сніданок. Столиця Сербії - Белград.: 18€,"Сніданок. Столиця Сербії - Белград. ( Дорослий: 18€ / Діти до 16 років: 13€ ) Це один із найстаріших європейських міст. Химерна суміш східної і західної культур створює неповторну чарівність міста. Сучасний Белград - це замки, палаци, середньовічні фортеці, розташовані поблизу сучасних будівель і торгових центрів. Белград - це нерозгадана таємниця в серці Балканського півострова. Саме сюди приїжджають за хвилюючими і незабутніми враженнями, саме тут панує неповторна і таємнича атмосфера взаємопроникнення Європи та Азії. Дивовижний, таємничий, багатокультурний - все це він, великий і стародавні",600
https://www.accordtour.com/tours/800883,Морський бриз Чорногорії,1,Львів – Львів – Стрий – Мукачево,,"Відправлення в тур. (Місце відправки: залізничний вокзал м.Львів, площа Двірцева 1) Можливість приєднатись до групи в Стрию, Мукачево. Перетин кордонів. Нічний переїзд. <div class=""",181
https://www.accordtour.com/tours/800883,Морський бриз Чорногорії,2,Скадарське озеро – Будванська рів єра – Будванська рів єра – Скадарське озеро,,"Нас веде дорога на курорт, поближче до жаданого моря і сонця. Нас зустрічає Будванська Рив єра... Ласкаве сонце, теплий пісок, синє море, таємничий шум хвиль - це і є опис Будванської Рив єри, центру чорногорського пляжного туризму. Поселення на курорті після 14.00 Курорт Будва - один з найпопулярніших в Чорногорії. Затишне Старе місто, оперезане фортечною стіною, славиться своїми маленькими площами, численними кафе, ресторанами і магазинами. У Новому місті знаходиться більшість готелів, ресторанів, дискотек і простягається легендарний Слов янський пляж. Тут можуть чудово провести час і ті, хт",600
https://www.accordtour.com/tours/800883,Морський бриз Чорногорії,3,Будванська рів єра – Будва – Будванська рів єра – Будва,,"Вільний день на морі. Відпочинок на морі на Будванскій Рив єрі. Вільний день для відпочинку на морі. Ми зможемо відпочити від дороги, насолодитися ласкавим бризом моря з ароматом солоного повітря. Зручно влаштуємось на пляжі та будемо слухайте шепіт хвиль. Цей день — ідеальна нагода зануритися в спокій та відновити енергію під яскравим сонцем, освіжитись в прозорих водах та насолодитись морем… Вечірня екскурсія Екскурсія Будва – морська столиця (входить у вартість туру) Старе місто Будви витончено вплетено в тканину історії та занурене в старовинну красу, де кожен камінчик зберігає легенди і к",600
https://www.accordtour.com/tours/800883,Морський бриз Чорногорії,4,Будванська рів єра – Будванська рів єра,Будванскій Рив єрі. У вільний час рекомендуємо: Fish- пікнік: 65€,"Вільний день на морі. Відпочинок на морі на Будванскій Рив єрі. У вільний час рекомендуємо: Fish- пікнік ( Дорослий: 65€ / Діти до 16 років: 50€ ) Поїздка на катері вздовж мальовничих берегів Чорногорії . Відпочиваємо та насолоджуємось життям&hellip;. Катер буде зупинятись в затишних бухтах на найгарніших островах узбережжя. Ми будемо засмагати і плавати в надзвичайно чистих водах Адріатики. Рибний пікнік – це незабутня атракція, ввічливий капітан, що пригостить аперитивом, смачний чорногорський обід. Зупинки на купання з корабля в теплих лагунах, королівські пляжі, та незабутня атмосфера. На ",600
https://www.accordtour.com/tours/800883,Морський бриз Чорногорії,5,Будванська рів єра – Боко-Которська затока – Котор – Пераст – Будванська рів єра – Боко-Которська затока,вільний час рекомендуємо: Мальовнича Боко- Которська Рів’єра: 50€,"Вільний день на морі. Відпочинок на морі на Будванскій Рив єрі. У вільний час рекомендуємо: Мальовнича Боко- Которська Рів’єра ( Дорослий: 50€ / Діти до 16 років: 36€ ) Боко-Которська затока - справжня перлина Адріатичного узбережжя. Вона вражає своєю унікальною формою, схожою на лотос, і створює неперевершений образ на фоні кришталевих вод Адріатичного моря. Прогулянка вздовж цих берегів -це подорож у часі. Води затоки, мов велике дзеркало, де відображаються гірські вершини та стародавні фортеці. Затишне місто Котор - справжнє диво Чорногорії. Прогулянка по місту та вільний час посмакувати мі",600
https://www.accordtour.com/tours/800883,Морський бриз Чорногорії,6,Будванська рів єра – Каньйони Тара і Морача – Дубровник – Острог – Цетинє – Негуши – Будванська рів єра – Цетинє – Каньйони Тара і Морача – Дубровник,бажаючих на вибір: Серце Чорногорії. Цетинє – Ловчен – Негуши: 48€,"Вільний день на морі. Відпочинок на морі на Будванскій Рив єрі. Для бажаючих на вибір: Серце Чорногорії. Цетинє – Ловчен – Негуши ( Дорослий: 48€ / Діти до 12 років: 41€ ) Сьогодні ми відправляємося у стародавню столицю Чорногорії – Цетинє. Місто вважається духовним та культурним центром країни. Ми відвідаємо відомий місцевий монастир, у якому зберігаються мощі Святого Петра Цетиньського та дві унікальні християнські реліквії – рука Святого Іоанна Хрестителя, якою він хрестив Ісуса, та частина хреста, на якому був розп&rsquo;ятий Ісус. Далі ми проїдемо через надзвичайно гарні місця, відомі як ",600
https://www.accordtour.com/tours/800883,Морський бриз Чорногорії,7,Будванська рів єра – Будванська рів єра,,"Виселення з готелю до 10.00 Час прощатись з морем... До скорої зустрічі... Зранку, коли небо ще м'яко освітлюється першими променями сонця, прощання з морем набуває особливо чарівного настрою. Перед самим від'їздом ми вирушаємо на пляж, де хвилі ласкаво обіймають берег, нагадуючи про вічний ритм моря. Кришталева вода, де відбивається сонце, залишить нам самі теплі спогади... А ми їдемо додому, поспішаючи назустріч новим пригодам... Хто не встиг, буде ще трошки часу на купівлю подарунків. Гірський мед, лоза, або ракія, прошутто, великий вибір сирів - оберіть подарунки на свій смак. 18:00 Виїзд ",600
https://www.accordtour.com/tours/800883,Морський бриз Чорногорії,8,Белград – Мукачево – Львів – Мукачево – Львів,,"Перетин кордонів. Можливість завершити тур в районі міста Мукачево. Час прибуття у Львів залежить від ситуації на дорогах і часу перетину кордонів. <div class=""",160
https://www.accordtour.com/tours/888118,Палкий тиждень в Іспанії... 5 ночей на морі,1,Львів – Будапешт,і бажанні групи можливість відвідати. Шарм нічного Будапешта: 18€,"Вирушаємо в подорож Із залізничного вокзалу Львова (пл. Двірцева, 1). Також можна приєднатись до групи у Стрию чи Мукачево. Перетинаємо кордон — і нас вже чекає перлина Дунаю. При швидкому проходженні кордону і бажанні групи можливість відвідати. Шарм нічного Будапешта ( Дорослий: 18€ / Діти до 16 років: 13€ , до 6 років: 0€ ) Прогулянка вулицею Ваці — це зустріч із елегантним, святковим Пештом. Тут серед ароматів кави, вітрин і музики відчуваєш справжній пульс міста. На набережній Корзо відкривається найкраща панорама на Будайську фортецю, а вечірнє світло додає прогулянці нотку чарівності. П",600
https://www.accordtour.com/tours/888118,Палкий тиждень в Іспанії... 5 ночей на морі,2,Удіне,,"Сніданок. Переїзд в Італію. Італійська Адріатіка - Ліньяно (входить у вартість туру) Вісім кілометрів золотих піщаних пляжів , незліченна кількість розваг на воді і суші для будь-якого віку і смаку, погода як на замовлення. Казка? Ні - італійська Адріатика! А точніше - Ліньяно. Самі італійці їдуть відпочивати зі своїми родинами саме сюди, в Ліньяно. Краще рекомендації і не придумаєш! О, ця італійська кухня! Смачна. Любите рибу і морепродукти? Море і прибережні лагуни забезпечують регіон різноманітною рибою і морепродуктами. Всі знають, що рибні страви чудово поєднуються з ароматними білими вин",600
https://www.accordtour.com/tours/888118,Палкий тиждень в Іспанії... 5 ночей на морі,3,Коста-Брава – Відпочинок на морі Іспанії – Парк бодега,,"Переїзд в Іспанію. В Іспанії в одну гримучу суміш сплелися фламенко і корида, сучасні міста і вікові традиції, відвага Дон Кіхота і вірність Санчо Панси, палкість Кармен і неповторність Дон Жуана. Відпочинок в Іспанії - це танці фламенко, зустріч з сонцем, смачною кухнею і вином, з гостинністю і радістю життя. Узбережжя Коста-Брава Поєднання прозорого моря, мальовничих бухт і затишних містечок, де кожен куточок створений для відпочинку. Тут однаково добре насолоджуватись тишею біля хвиль чи відкривати нові місця — Коста-Брава дарує відчуття свободи й справжнього відпочинку всюди. Іспанська тра",600
https://www.accordtour.com/tours/888118,Палкий тиждень в Іспанії... 5 ночей на морі,4,Коста-Брава – Андорра-ла-Велья,Сніданок. Відпочинок на морі. Князівство Андорра: 60€; дмінні ціни і справжній рай для покупок. Все життя – Фламенко: 60€,"Сніданок. Відпочинок на морі. Князівство Андорра ( Дорослий: 60€ / Діти до 16 років: 55€ , до 5 років: 0€ ) Андорра – невелика самостійна держава між Францією та Іспанією. Під час екскурсії в Андорру ми познайомимося з її столицею Андорра-ла-Велья . Андорра – безмитна зона, де існують відмінні ціни і справжній рай для покупок. Все життя – Фламенко ( Дорослий: 60€ / Діти до 16 років: 50€ ) Сонце сідає за горизонт і в наступаючій темряві немов спалахують куплети фламенко. Надривна музика і стукіт підборів. Роза в зубах. Дріб кастаньєт вибиває стогони розбитого серця, скарги на зраду і крики помс",600
https://www.accordtour.com/tours/888118,Палкий тиждень в Іспанії... 5 ночей на морі,5,Відпочинок на морі Іспанії – Барселона,починок на морі. Для бажаючих на вибір: Один день в Барселоні: 40€,"Сніданок. Відпочинок на морі. Для бажаючих на вибір: Один день в Барселоні ( Дорослий: 40€ / Діти до 16 років: 35€ ) Наш маршрут пройде найцікавішими місцями Барселони. Панорамна Барселона – дивовижно красиве місто. Ми дізнаємося історію римської колонії Барсіно, познайомимося з кварталами Ешампле, Тріумфальною аркою. Парк Сіутадея, Барселонетта з відомим пляжем і морським кварталом, площа Іспанії. Олімпійське Кільце, Набережна Колумба, Олімпійський Порт. Зупинки на фотопауза. А з гори Монтжуик ми зможемо зафіксувати на пам'ять панорамний вид на Барселону. Історія Барселони була завжди пов'яза",600
https://www.accordtour.com/tours/888118,Палкий тиждень в Іспанії... 5 ночей на морі,6,Відпочинок на морі Іспанії – Монсеррат – Порт Авентура,морі. Для бажаючих на вибір: Священне місце – Гора Монсеррат: 46€,"Сніданок. Відпочинок на морі. Для бажаючих на вибір: Священне місце – Гора Монсеррат ( Дорослий: 46€ / Діти до 16 років: 36€ , до 5 років: 0€ + вх. квиток) А тепер нас чекає екскурсія в священне місце - гора Монсеррат . Монсеррат - одне з небагатьох місць на Землі, які, варто один раз побачити, що врізаються намертво в пам'ять і залишаються там назавжди. Ми здійснимо підйом на священну для каталонців гору. Старовинний монастир зберігає зображення головної святої цих місць - Чорної діви Монсеррат. У Чорної діви просять здоров'я, сімейного щастя і благополуччя. Монсеррат змінює людину, робить її",600
https://www.accordtour.com/tours/888118,Палкий тиждень в Іспанії... 5 ночей на морі,7,Відпочинок на морі Іспанії – Кадакес – Жирона,чинок на морі. Історія Сальвадора Далі і середньовічна Жирона: 46€,"Сніданок. Відпочинок на морі. Історія Сальвадора Далі і середньовічна Жирона ( Дорослий: 46€ / Діти до 16 років: 36€ , до 5 років: 0€ + вх. квиток) Цей старовинне, засноване ще римлянами місто все оповите легендами, міфами, і населене казковими персонажами, часом досить оригінальними. Ми побачимо надзвичайно красивий історичний центр Жирони , дізнаємось, як за допомогою одного лише поцілунку стати громадянином міста, чим же роздратував Геракла Жирон, як мухи врятували місто від французької навали, де залишив свій останній відбиток ноги Ісус Христос, де придумали каббалу і багато іншого про гер",600
https://www.accordtour.com/tours/888118,Палкий тиждень в Іспанії... 5 ночей на морі,8,Монако – Ніцца – Відпочинок на лазурному березі,,"Ранній сніданок. Переїзд на Лазурове узбережжя. Ах, це Лазурне Узбережжя – синонім блиску, краси і безкінечного задоволення... Екскурсія Красуня Ніцца (входить у вартість туру) Це місто кличе до себе художників і поетів, туристів і знаменитостей, персон королівської крові і інтелігентів зі всього світу. Побувавши в Ніцці, ми ніколи не забудемо ласкаве море, жваві площі і чарівний дух романтики, що витає в повітрі цього міста ... Парфумерна фабрика Фрагонар (входить у вартість туру) Ми прибудемо в середньовічний Ез . Французьке містечко, що сидить на вершині скелі над півостровом Сен-Жан-Кап-Фе",600
https://www.accordtour.com/tours/888118,Палкий тиждень в Іспанії... 5 ночей на морі,9,Венеція – Лідо Ді Єзоло,"ра, яку не сплутаєш ні з чим. Таємниці венеціанських каналів!: 30€","Переїзд по Італії. Переїзд на узбережжя Адріатичного моря - Лідо ді-Єзоло. Головна перевага Лідо ді-Єзоло – пляжі. Вільний час для купання, відпочинку на морі, шопінгу. (дод. опл. громадський транспорт- 30€/26€) Екскурсія Заручена з морем Венеція (входить у вартість туру) Місто на воді, де кам&rsquo;яна казка пливе крізь час. Венеція — це карнавальні маски, гондоли, дзвони Сан-Марко і аромати справжньої італійської кави. Тут канали шепочуть історії, а кожен куточок — як сцена з фільму. Атмосфера, яку не сплутаєш ні з чим. Таємниці венеціанських каналів! ( Дорослий: 30€ / Діти до 16 років: 26€ ",600
https://www.accordtour.com/tours/888118,Палкий тиждень в Іспанії... 5 ночей на морі,10,Долина Красунь – Ужгород – Мукачево – Стрий – Львів,с і подбати про себе. Дуже смачний гуляш в Долині Красунь !!!: 24€,"Сніданок. Переїзд через Угорщину. При бажанні групи і наявності часу. Купальні Егерсалок (Трансфер: 10€ + вх. квиток ) Егерсалок, відомий як ""угорський Памуккале"", вражає білосніжними терасами та термальними джерелами. Велнес-комплекс подарує відновлення і релакс: басейни з теплою мінеральною водою, ароматні сауни, розслаблюючі ванни та незвичайні масажі. Ідеальне місце, щоб зупинити час і подбати про себе. Дуже смачний гуляш в Долині Красунь !!! ( Дорослий: 24€ / Діти до 16 років: 18€ ) Атмосферна дегустація егерських вин та ароматного гуляшу в серці винної долини. ""Бича Кров"" — гордість регі",600
https://www.accordtour.com/tours/6525,"Незнайомка з Півдня... Італія! Неаполь, Амальфітанське узбережжя, Барі та регіон Апулія",1,Львів – Краків,з торгових центрів. Трансфер в центр 10€. Або Магічний Краків: 18€,"Виїзд в тур відбувається із Львівського залізничного вокзалу. При швидкому проходженні кордону і бажанні групи - можливість відвідати Краків. Вільний час в одному з торгових центрів. Трансфер в центр 10€. Або Магічний Краків ( Дорослий: 18€ / Діти: 13€ ) Місто древніх легенд і переказів, династій польських королів і видатного Міцкевича, народного героя Тадеуша Костюшко, вузьких вуличок з бруківкою і величних костелів. Про красу стародавнього Кракова, про музейні скарби Вавельського замку, про дракона Смока відомо стільки легенд, що вже важко відрізнити правду від вигадки. Кажуть, магія Кракова",600
https://www.accordtour.com/tours/6525,"Незнайомка з Півдня... Італія! Неаполь, Амальфітанське узбережжя, Барі та регіон Апулія",2,Клагенфурт,,"Сніданок. Переїзд в Австрію. Екскурсія Клагенфурт - місто озер і гномів (входить у вартість туру) Справжня гордість Австрії - Карінтія - незабутній озерний край з алмазним розсипом відмінних водних курортів. Його величну столицю - старовинний Клагенфурт - можна з повним на те правом назвати огранованим діамантом в оправі одного з найбільших і найкрасивіших карінтскіх озер - озера Вертерзее. Клагенфурт, особливо його стара частина, має славу одного з найкрасивіших міст Австрії. Тут минуле возз'єднується з сьогоденням: старовинні вузенькі вулички м'яко переходять в сучасні просторі проспекти, ві",600
https://www.accordtour.com/tours/6525,"Незнайомка з Півдня... Італія! Неаполь, Амальфітанське узбережжя, Барі та регіон Апулія",3,Болонья – музей Феррарі – Феррара,,"Сніданок. Ласкаво просимо в Італію - країну чарівної краси поезії і романтики ... Екскурсія Товстушка Болонья (входить у вартість туру) Болонья запрошує нас в зовсім інший світ, в якому панує атмосфера комфорту, затишку, гостинності і доброти. Болонья є одним з культурних центрів Італії, тут знаходиться університет, заснований ще в 11 столітті. Його закінчили такі відомі всьому світу особистості як Франческа Петрарка, Данте Аліг&rsquo;єрі, Коперник і багато інших. Місто також по праву вважається кулінарною столицею Італії , гурмани з&rsquo;їжджаються сюди, щоб покуштувати відомі місцеві деліка",600
https://www.accordtour.com/tours/6525,"Незнайомка з Півдня... Італія! Неаполь, Амальфітанське узбережжя, Барі та регіон Апулія",4,Неаполь – Помпеї – Капрі,,"Сніданок. Екскурсія Екскурсія в Неаполь (входить у вартість туру) Найсуперечливіше місто Італії – Неаполь . Це місто поєднує в собі благополуччя і бідність, бурхливий розвиток і традиційний дух країни. Кажуть, що навіть італійці з півночі приїжджають сюди, щоб відчути дух колишньої Італії. Його або люблять, або ненавидять. В нього або закохуються з першого погляду, або згадують про нього із роздратуванням. Але його потрібно побачити, почути звуки міста, вдихнути повітря вулиць, таких різних і непередбачуваних, подивитися на синю гладь Неаполітанської затоки, почути справжню неаполітанську пісн",600
https://www.accordtour.com/tours/6525,"Незнайомка з Півдня... Італія! Неаполь, Амальфітанське узбережжя, Барі та регіон Апулія",5,Амальфі – Сорренто – Позітано – Салерно,ий день. Всім бажаючим пропонуємо: Король узбережжя - Амальфі: 55€,"Сніданок. Вільний день. Всім бажаючим пропонуємо: Король узбережжя - Амальфі ( Дорослий: 55€ / Діти: 48€ ) Амальфі - найбільше та найчарівніше містечко Амальфітанского узбережжя. Це містечко з дюжиною першокласних готелів, унікальним кафедральним собором з візантійськими мозаїками, романськими колонами і сарацинським куполом. Вважається, що в цьому соборі зберігаються мощі святого Андрія Первозванного. Місто розташоване на схилах скель, будинки з'єднуються один з одним висіченими в камені східцями. Через таке специфічне розташування в місті немає головної вулиці, якщо не брати до уваги набереж",600
https://www.accordtour.com/tours/6525,"Незнайомка з Півдня... Італія! Неаполь, Амальфітанське узбережжя, Барі та регіон Апулія",6,Барі – Альберобелло – регион Апулія,,"Сніданок. Переїзд в район Апулія. Екскурсія Екскурсія в Барі (входить у вартість туру) Багата історія, цікава архітектура, набережна і гарні історичні будівлі – все це є в Барі . Тут можна побачити відображення всієї Італії в мініатюрі. Старовинний квартал міста до цих пір зберігає відбиток давніх часів, а спосіб життя нагадує картини з італійських фільмів. Головна родзинка Барі - базиліка св. Миколая, де зберігаються мощі Миколая Чудотворця. Багато століть до Барі намагаються потрапити паломники, щоб доторкнутись до святині і отримати крапельку чудотворного миро. У вільний час рекомендуємо: А",600
https://www.accordtour.com/tours/6525,"Незнайомка з Півдня... Італія! Неаполь, Амальфітанське узбережжя, Барі та регіон Апулія",7,Матера – Гравіна-ін-Пулья,Вільний час. Для бажаючих: Старовинне печерне місто - Матера: 38€,"Сніданок. Вільний час. Для бажаючих: Старовинне печерне місто - Матера ( Дорослий: 38€ / Діти: 30€ ) Нас чекає огляд стародавнього міста Матера, який можна з повним правом назвати кінозіркою. В десятках фільмів Матера, а точніше, її центральним кварталам, які носять назву &ldquo;Sassi&rdquo; (&laquo;Камені&raquo;), доводилося грати і середньовічну Іспанію, і довоєнну Сицилію, але найчастіше – святу біблійну землю. Мальовничі будинки, церкви і цілі вулиці, прорізані в скелі з туфу, подекуди зберегли вигляд міста, що існувало ще дві тисячі років тому. Гравіна-ін-Пулья — елегантна автентика Півдн",600
https://www.accordtour.com/tours/6525,"Незнайомка з Півдня... Італія! Неаполь, Амальфітанське узбережжя, Барі та регіон Апулія",8,Перуджа – Ассізі – Монтепульчано,Для бажаючих рекомендуємо: Містичний і загадковий Ассізі: 38€,"Сніданок. Екскурсія Сонячна Перуджа (входить у вартість туру) Гарне місто Перуджа вважається центральним в провінції Умбрія цілком заслужено – завжди жваве, колоритне, повне щасливих подій. Місто розташоване на плато, яке практично завжди висвітлюють промені яскравого сонця – це робить старовинне етруське поселення особливо мальовничим і обумовлює те, що погода в Перуджі завжди чудова. Саме місто Перуджа Італія знає, як батьківщину відомих на весь світ &laquo;любовних&raquo; цукерок &laquo;bacci&raquo;&hellip; Для бажаючих рекомендуємо: Містичний і загадковий Ассізі ( Дорослий: 38€ / Діти: 30€",600
https://www.accordtour.com/tours/6525,"Незнайомка з Півдня... Італія! Неаполь, Амальфітанське узбережжя, Барі та регіон Апулія",9,Тренто – озеро Мольвено,,"Сніданок. Екскурсія Тренто - ворота Доломітових Альп (входить у вартість туру) Шанувальникам самих захованих і старовинних куточків Італії варто побувати в Тренто. Розташоване на півночі країни і приховане в кільці нависаючих скелястих гір, це місто ще називають воротами Доломітових Альп. Воно швидко зачарує Вас пастельними вуличками з аркадами і вузькими переходами, старими будинками з арковими вікнами і стінами, всипаними розписаними фресками. А ще Вас чекають, не зрушуючи з місця століттями і тисячоліттями, стародавні замки, собори, статуї і міські площі. Архітектура Тренто - це змішання вс",600
https://www.accordtour.com/tours/6525,"Незнайомка з Півдня... Італія! Неаполь, Амальфітанське узбережжя, Барі та регіон Апулія",10,Відень – Львів,ливіших столиць Європи ... Для бажаючих на вибір: Магія Відня: 18€; ми. Всюди звучать мелодії великого Моцарта... Величний Відень: 26€,"Сніданок. Переїзд у Відень, одну з найчарівніших і найпривабливіших столиць Європи ... Для бажаючих на вибір: Магія Відня ( Дорослий: 18€ / Діти: 13€ ) Пішохідна оглядова екскурсія з можливістю побачити історичні пам'ятки: Парламент , Ратушу , Віденський Будинок Опери та Хофбург , прогулятися по ""обручці Відня"". Місто продовжує жити своїм минулим. Вулицями діловито снують коляски, запряжені кіньми. Всюди звучать мелодії великого Моцарта... Величний Відень ( Дорослий: 26€ / Діти: 21€ ) Таємниче середньовіччя, блискуче 19 століття, круговорот музики, історії, мистецтва - все це Відень, неповторн",600
https://www.accordtour.com/tours/831601,"Казки Балтійського моря Стокгольм, Рига, Таллінн",1,Львів – Люблін – Рига,вропі! При бажанні групи і наявності часу. Старовинний Люблін: 18€,"Відправлення в тур Старт нашої подорожі — зі Львова, а саме з площі Двірцевої (ориєнтир -залізничний вокзал). Звідси починається пригода, яку ви точно запам&rsquo;ятаєте: нові місця, сотні фото й море вражень. Переїзд територією України, перетин кордону — і ми вже в Європі! При бажанні групи і наявності часу. Старовинний Люблін ( Дорослий: 18€ / Діти до 16 років: 13€ , до 6 років: 0€ ) Перше місто для знайомства - Люблін . Екскурсія по одному з відомих міст Польщі. Серце Любліна - Старе Місто з його багатовіковими кам'яницями, вузенькими вуличками, архітектурними пам'ятками: Краківська брама, ",600
https://www.accordtour.com/tours/831601,"Казки Балтійського моря Стокгольм, Рига, Таллінн",2,Рига – Таллінн,"ніданок. Переїзд в Таллінн. Лицар Балтійського моря - Таллінн: 18€; ску і льону"" і Верхнє Місто - місто-лицар. Більше про Таллінн: 26€","Сніданок. Переїзд в Таллінн. Лицар Балтійського моря - Таллінн ( Дорослий: 18€ / Діти: 13€ ) Таллінн захоплює гармонійним поєднанням старого і нового. Старе Місто - зачаровує середньовіччям, приваблює вузькими готичними будинками, флюгерами на них, черепичними дахами, і фортечною стіною з розсипом веж. Старе Місто Таллінна збереглось дуже добре і є пам'яткою старовини ЮНЕСКО. Старе місто ділиться на дві частини: Нижнє Місто, яке називають ""будинком воску і льону"" і Верхнє Місто - місто-лицар. Більше про Таллінн ( Дорослий: 26€ / Діти до 16 років: 16€ , до 6 років: 0€ ) Автобусна екскурсія. Під",600
https://www.accordtour.com/tours/831601,"Казки Балтійського моря Стокгольм, Рига, Таллінн",3,Стокгольм,,"Сніданок на поромі. Стокгольм - столиця Швеції, відома не тільки своєю красою, але й тим, що є найбільшим містом в Скандинавії. Ми хотіли в казку ... і тому ми тут. Екскурсія Серце Стокгольма – старе місто Gamla Stan (входить у вартість туру) Звідки виникла назва ""Старе місто"" ? Середньовічні вулички і площі тут мають особливу магію. Прогулюючись по ним, з головою зануримося в атмосферу унікальних і неповторних архітектурних споруд, соборів, пам'ятників і скульптур, які зберегли пам'ять про безліч історичних подій, таємниць і загадок, разючих історій і дивовижних фактів Вільний час. Для бажаюч",600
https://www.accordtour.com/tours/831601,"Казки Балтійського моря Стокгольм, Рига, Таллінн",4,Таллінн – Рига – Юрмала,тильних кафе. Душевна Рига- перлина архітектурного югендстилю: 20€,"Сніданок на поромі. Прибуття в Таллінн. Переїзд в Латвію. Екскурсія Затишна Рига (входить у вартість туру) Столиця Латвії – Рига – одне із найзатишніших старовинних міст Латвії. Натхнення для творчих натур, центр відпочинку, розваг і шопінгу. Рига – місто доброї кави, джазу, маленьких смачних тістечок і стильних кафе. Душевна Рига- перлина архітектурного югендстилю ( Дорослий: 20€ / Діти до 16 років: 15€ , до 6 років: 0€ ) Екскурсія по югендстилю в Ризі — це подорож у казковий світ архітектури, де кожен будинок наче оживає під пензлем майстра. Всі будуть у захваті від казкових фігур, хитромудр",600
https://www.accordtour.com/tours/831601,"Казки Балтійського моря Стокгольм, Рига, Таллінн",5,Каунас – Львів,Сніданок. За бажанням групи. Каунас: подорож у серце Литви: 18€; и у світ литовських легенд і традицій. Музей чортів у Каунасі: 18€,"Сніданок. За бажанням групи. Каунас: подорож у серце Литви ( Дорослий: 18€ / Діти до 16 років: 13€ ) Каунас — місто, яке зачаровує своєю атмосферою та багатою історією. Під час екскурсії ви відвідаєте Каунаський замок, який розповість свої таємниці середньовіччя, та прогуляєтеся затишними вуличками Старого міста. Для дітей буде цікаво завітати до Музею чортів, де зібрано незвичайну колекцію скульптур та масок з усього світу. А дорослі оцінять красу архітектури, атмосферу старовини та можливість поринути у світ литовських легенд і традицій. Музей чортів у Каунасі ( Дорослий: 18€ / Діти до 16 ро",600
https://www.accordtour.com/tours/610300,Спокій Адріатики Відпочинок на морі в Чорногорії,1,Львів – Стрий – Мукачево – Ужгород – Львів – Стрий – Мукачево,,"Зустріч на залізничному вокзалі Львова (пл.Двірцева 1). Виїзд в тур. Можливість приєднатись до групи в Стрию, Мукачево. Перетин кордону. Нічний переїзд. <div class=""",165
https://www.accordtour.com/tours/610300,Спокій Адріатики Відпочинок на морі в Чорногорії,2,Будванська рів єра – Будва,,"Переїзд в незвичайну і особливу країну - Чорногорію. Поселення на курорті після 14.00 Нас зустрічає Будванська Рив єра... Ласкаве сонце, теплий пісок, синє море, таємничий шум хвиль - це і є опис Будванської Рив єри, центру чорногорського пляжного туризму. Екскурсія Будва – морська столиця (входить у вартість туру) Старе місто Будви витончено вплетено в тканину історії та занурене в старовинну красу, де кожен камінчик зберігає легенди і кожна вуличка свою унікальну історію. Старе місто здавна слугувало вежею оборони та символом багатої історії Чорногорії. Церкви, палаци, маленькі площі, числен",600
https://www.accordtour.com/tours/610300,Спокій Адріатики Відпочинок на морі в Чорногорії,3,Будванська рів єра – Скадарське озеро,безліччю всіляких розваг. Симфонія природи - Скадарське Озеро: 55€,"Вільний день на морі. Відпочинок на морі на Будванскій Рив єрі. Курорт Будва - один з найпопулярніших в Чорногорії. Затишне Старе місто, оперезане фортечною стіною, славиться своїми маленькими площами, численними кафе, ресторанами і магазинами. У Новому місті знаходиться більшість готелів, ресторанів, дискотек і простягається легендарний Слов янський пляж. Тут можуть чудово провести час і ті, хто бажає тиші і самоти, і ті, хто хоче активного повноцінного відпочинку з безліччю всіляких розваг. Симфонія природи - Скадарське Озеро ( Дорослий: 55€ / Діти до 12 років: 38€ ) Саме відоме озеро– запов",600
https://www.accordtour.com/tours/610300,Спокій Адріатики Відпочинок на морі в Чорногорії,4,Будванська рів єра,і. У вільний час рекомендуємо морську прогулянку Fish- пікнік: 65€,"Вільний день на морі. Відпочинок на морі на Будванскій Рив єрі. У вільний час рекомендуємо морську прогулянку Fish- пікнік ( Дорослий: 65€ / Діти до 16 років: 50€ ) Поїздка на катері вздовж мальовничих берегів Чорногорії . Відпочиваємо та насолоджуємось життям&hellip;. Катер буде зупинятись в затишних бухтах на найгарніших островах узбережжя. Ми будемо засмагати і плавати в надзвичайно чистих водах Адріатики. Рибний пікнік – це незабутня атракція, ввічливий капітан, що пригостить аперитивом, смачний чорногорський обід. Зупинки на купання з корабля в теплих лагунах, королівські пляжі, та незабу",600
https://www.accordtour.com/tours/610300,Спокій Адріатики Відпочинок на морі в Чорногорії,5,Будванська рів єра – Будванська рів єра – Боко-Которська затока – Котор – Пераст,вільний час рекомендуємо: Мальовнича Боко- Которська Рів’єра: 50€,"Вільний день на морі. Відпочинок на морі на Будванскій Рив єрі. У вільний час рекомендуємо: Мальовнича Боко- Которська Рів’єра ( Дорослий: 50€ / Діти до 16 років: 36€ ) Боко-Которська затока - справжня перлина Адріатичного узбережжя. Вона вражає своєю унікальною формою, схожою на лотос, і створює неперевершений образ на фоні кришталевих вод Адріатичного моря. Прогулянка вздовж цих берегів -це подорож у часі. Води затоки, мов велике дзеркало, де відображаються гірські вершини та стародавні фортеці. Затишне місто Котор - справжнє диво Чорногорії. Прогулянка по місту та вільний час посмакувати мі",600
https://www.accordtour.com/tours/610300,Спокій Адріатики Відпочинок на морі в Чорногорії,6,Каньйони Тара і Морача – Каньйони Тара і Морача – Будванська рів єра – рафтинг річкою Тара,рекомендуємо: Гранд каньйони Чорногорії. Річки Тара і Морача: 60€,"Вільний день на морі. Відпочинок на морі на Будванскій Рив єрі. У вільний час рекомендуємо: Гранд каньйони Чорногорії. Річки Тара і Морача ( Дорослий: 60€ / Діти до 16 років: 55€ ) Вирушаємо в подорож, яка наповнена захоплюючими краєвидами, приголомшливою природою і пригодами, що залишаться в нашій пам'яті назавжди. По дорозі ми будемо слухати цікаві факти про історію та природу регіону, зупинятись, щоб насолодитися красою водоспадів, насолоджуватися вражаючими краєвидами на гірські вершини і величні стіни каньону. Дві річки мають одне гірське джерело, але течуть у протилежні сторони. У каньйо",600
https://www.accordtour.com/tours/610300,Спокій Адріатики Відпочинок на морі в Чорногорії,7,Будванська рів єра – Дубровник – Острог,комендуємо відвідати на вибір: Перлина Адріатики - Дубровник!: 48€,"Вільний день на морі. Відпочинок на морі на Будванскій Рив єрі. У вільний час рекомендуємо відвідати на вибір: Перлина Адріатики - Дубровник! ( Дорослий: 48€ / Діти: 38€ ) Найвишуканіше, витончене, і волелюбне місто Хорватії. Ніщо так не виражає волелюбні настрої жителів Дубровника, як його міські стіни, що збереглися недоторканими з моменту зведення. Стара частина міста - могутня середньовічна фортеця, яка велично височіє у вінці башт на скелястому півострові. Вона ніби виростає з глибин блакитного моря, яке, оточуючи його з трьох сторін, іноді ласкаво хлюпочеться біля стін, а іноді кидає на ",600
https://www.accordtour.com/tours/610300,Спокій Адріатики Відпочинок на морі в Чорногорії,8,Будванська рів єра – Цетинє – Негуши – Круя – Тирана,рсії і програми на вибір: Справжня Чорногорія Цетинє – Негуши: 38€,"Вільний день на морі. Відпочинок на морі на Будванскій Рив єрі. Рекомендуємо відвідати екскурсії і програми на вибір: Справжня Чорногорія Цетинє – Негуши ( Дорослий: 38€ / Діти до 16 років: 30€ ) Сьогодні ми відправляємося у стародавню столицю Чорногорії – Цетинє . Цетинє одне з найстаріших і найважливіших міст Чорногорії, вражаюче своєю історією, архітектурою і культурним спадком. Ми відвідаємо відомий місцевий монастир, у якому зберігаються мощі Святого Петра Цетиньського та дві унікальні християнські реліквії. Далі наш шлях лежить в Негуши — маленьке село в горах Чорногорії, відоме своєю тр",600
https://www.accordtour.com/tours/610300,Спокій Адріатики Відпочинок на морі в Чорногорії,9,Будванська рів єра,,"Виселення з готелю до 10.00 Вільний день на морі. Відпочинок на морі на Будванскій Рив єрі. Час прощатись з морем... До скорої зустрічі... Зранку, коли небо ще м'яко освітлюється першими променями сонця, прощання з морем набуває особливо чарівного настрою. Перед самим від'їздом ми вирушаємо на пляж, де хвилі ласкаво обіймають берег, нагадуючи про вічний ритм моря. Кришталева вода, де відбивається сонце, залишить нам самі теплі спогади... А ми їдемо додому, поспішаючи назустріч новим пригодам... Хто не встиг, буде ще трошки часу на купівлю подарунків. Гірський мед, лоза, або ракія, прошутто, ве",600
https://www.accordtour.com/tours/610300,Спокій Адріатики Відпочинок на морі в Чорногорії,10,Мукачево – Стрий – Львів – Мукачево – Львів – Мукачево – Львів,,"Переїзд в сторону кордону. Перетин кордону. Можливість завершити тур в районі міста Мукачево. Час прибуття у Львів залежить від ситуації на дорогах і часу перетину кордонів. <div class=""",186
https://www.accordtour.com/tours/888136,Курортний Роман Відпочинок на морі Іспанії Швейцарія + Іспанія + Франція,1,Львів – Катовіце,,"Відправлення в тур Старт нашої подорожі — зі Львова, а саме з площі Двірцевої (ориєнтир -залізничний вокзал). Звідси починається пригода, яку ви точно запам&rsquo;ятаєте: нові місця, сотні фото й море вражень. Переїзд територією України, перетин кордону — і ми вже в Європі! Екскурсія Королівський Краків (входить у вартість туру) Краків — місто легенд, мистецтва і шарму. Тут хочеться загубитись у вуличках, зупинитись на каву і закохатись у момент. Переїзд. Поселення в готель. Ночівля. <div class=""",501
https://www.accordtour.com/tours/888136,Курортний Роман Відпочинок на морі Іспанії Швейцарія + Іспанія + Франція,2,Зальцбург – Зальцкаммергут,а відчути. Для бажаючих Озерний рай – долина Зальцкамергут: 46€,"Сніданок. Переїзд в Австрію. Екскурсія Зальцбург – звуки музики (входить у вартість туру) Зальцбург — альпійська казка, де звучить музика Моцарта і живе дух бароко. Його називають північною Флоренцією за велич і витонченість. Тут — палаци, собори, фонтани, сади й атмосфера мистецтва, яка проникає в кожен крок. Це місто, яке хочеться не просто побачити — а відчути. Для бажаючих Озерний рай – долина Зальцкамергут ( Дорослий: 46€ / Діти до 16 років: 36€ , до 5 років: 0€ ) Понад 50 кришталево чистих озер, альпійські містечка з пастельними фасадами та пейзажі, які виглядають ніби з обкладинки журна",600
https://www.accordtour.com/tours/888136,Курортний Роман Відпочинок на морі Іспанії Швейцарія + Іспанія + Франція,3,Рейнський водоспад – Берн – Інтерлакен,наявності часу. Головне... не поспішати... Рейнський Водоспад: 38€,"Сніданок. Екскурсія Столиця Швейцарії Берн (входить у вартість туру) Сьогодні відбудеться знайомство зі столицею Швейцарії містом Берн. Прекрасні парки, чудовий Бернський собор, Вартова башта з астрономічним годинником, де в кінці кожної години можна побачити маленьку виставу, ведмежа яма, в якій з давніх давен живуть ведмеді – почесні жителі міста, символом якого вони є, а чудовий шоколад ""Таблерон"" підсолодить наше перебування тут. При бажанні групи і наявності часу. Головне... не поспішати... Рейнський Водоспад ( Дорослий: 38€ / Діти до 16 років: 30€ ) Райнфаль — найбільший водоспад Європи ",600
https://www.accordtour.com/tours/888136,Курортний Роман Відпочинок на морі Іспанії Швейцарія + Іспанія + Франція,4,Женева – Веве – Монтре – Лозанна – Монблан,"ля бажаючих Одна з екскурсій на вибір: Женева – вишукана дама: 30€; чарівної казки ... Швейцарська Рив єра: Лозанна, Монтре, Веве: 46€","Сніданок. Для бажаючих Одна з екскурсій на вибір: Женева – вишукана дама ( Дорослий: 30€ / Діти до 16 років: 20€ ) Розташувалась на березі чарівного озера Женева, розповідає нам свою історію: Палац Націй, штаб-квартира ООН, Товариство Червоного Хреста. Женева постане перед нами в образі чарівної казки ... Швейцарська Рив єра: Лозанна, Монтре, Веве ( Дорослий: 46€ / Діти: 36€ ) Швейцарія дивує своєю красою - затишними містами і чудовими будівлями, але справжнє багатство цієї країни - її неповторна природа .... Перлина Швейцарської Рив'єри місто Лозанна. Чарівна набережна Вуха Лозанни, де розкин",600
https://www.accordtour.com/tours/888136,Курортний Роман Відпочинок на морі Іспанії Швейцарія + Іспанія + Франція,5,Тосса-де-Мар – Фламенко шоу – Відпочинок на Середземноморському узбережжі Іспанії (Коста-Брава),и продукти можна придбати. Тосса-де-Мар – романтичне містечко: 30€,"Сніданок. Відпочинок на морі. Іспанська традиційна бодега (входить у вартість туру) Починаємо знайомство з курортом з місцевої бодеги. Місце, де можна познайомитися з кращими продуктами і винами іспанського виробництва. Ми продегутуємо іспанські вина, каву, лікери. Спробуємо хамон, місцеві ковбаси, оливки і туррон. При бажанні все продегустувати продукти можна придбати. Тосса-де-Мар – романтичне містечко ( Дорослий: 30€ / Діти до 16 років: 21€ + вх. квиток) Сьогодні нас чекає одне з найгарніших міст Іспанії! Чаруюче і неповторне Тосса-де-Мар – дивовижне місце в Коста-Брава. Місто служило джере",600
https://www.accordtour.com/tours/888136,Курортний Роман Відпочинок на морі Іспанії Швейцарія + Іспанія + Франція,6,Коста-Брава – Льорет-де-Мар – Барселона – Камп Ноу,данок. Відпочинок на морі. Для бажаючих Один день в Барселоні: 40€,"Сніданок. Відпочинок на морі. Для бажаючих Один день в Барселоні ( Дорослий: 40€ / Діти до 16 років: 35€ ) Наш маршрут пройде найцікавішими місцями Барселони. Панорамна Барселона – дивовижно красиве місто. Ми дізнаємося історію римської колонії Барсіно, познайомимося з кварталами Ешампле, Тріумфальною аркою. Парк Сіутадея, Барселонетта з відомим пляжем і морським кварталом, площа Іспанії. Олімпійське Кільце, Набережна Колумба, Олімпійський Порт. Зупинки на фотопауза. А з гори Монтжуик ми зможемо зафіксувати на пам'ять панорамний вид на Барселону. Історія Барселони була завжди пов'язана з морем",600
https://www.accordtour.com/tours/888136,Курортний Роман Відпочинок на морі Іспанії Швейцарія + Іспанія + Франція,7,Барселона – Льорет-де-Мар – Монсеррат – Андорра-ла-Велья,починок на морі. Для бажаючих Священне місце – Гора Монсеррат: 46€,"Сніданок. Відпочинок на морі. Для бажаючих Священне місце – Гора Монсеррат ( Дорослий: 46€ / Діти до 16 років: 36€ , до 5 років: 0€ + вх. квиток) А тепер нас чекає екскурсія в священне місце - гора Монсеррат . Монсеррат - одне з небагатьох місць на Землі, які, варто один раз побачити, що врізаються намертво в пам'ять і залишаються там назавжди. Ми здійснимо підйом на священну для каталонців гору. Старовинний монастир зберігає зображення головної святої цих місць - Чорної діви Монсеррат. У Чорної діви просять здоров'я, сімейного щастя і благополуччя. Монсеррат змінює людину, робить її іншою. Пр",600
https://www.accordtour.com/tours/888136,Курортний Роман Відпочинок на морі Іспанії Швейцарія + Іспанія + Франція,8,Жирона – Льорет-де-Мар – Палафольс,Для бажаючих Історія Сальвадора Далі і середньовічна Жирона: 46€,"Сніданок. Відпочинок на морі. Для бажаючих Історія Сальвадора Далі і середньовічна Жирона ( Дорослий: 46€ / Діти до 16 років: 36€ , до 5 років: 0€ + вх. квиток) Цей старовинне, засноване ще римлянами місто все оповите легендами, міфами, і населене казковими персонажами, часом досить оригінальними. Ми побачимо надзвичайно красивий історичний центр Жирони , дізнаємось, як за допомогою одного лише поцілунку стати громадянином міста, чим же роздратував Геракла Жирон, як мухи врятували місто від французької навали, де залишив свій останній відбиток ноги Ісус Христос, де придумали каббалу і багато і",600
https://www.accordtour.com/tours/888136,Курортний Роман Відпочинок на морі Іспанії Швейцарія + Іспанія + Франція,9,Льорет-де-Мар – Бесалу – Жирона – Порт Авентура,Для бажаючих Середньовічна душа Каталонії. Безалу та Жирона.: 46€,"Сніданок. Відпочинок на морі. Для бажаючих Середньовічна душа Каталонії. Безалу та Жирона. ( Дорослий: 46€ / Діти: 36€ ) Складно собі уявити, що в наш час можна потрапити в Середньовіччі. Однак таке можливо. Безалу в ньому так приємно прогулятися по вузьких вуличках, таким затишним і мрійливим. Життя тут тече неквапливо і розмірено. Весь містечко виглядає, немов декорація до історичного фільму, настільки тут все автентично. А далі - Жирона . Цей старовинний, заснований ще римлянами місто весь оповитий легендами, міфами, і населений казковими персонажами. Парк розваг Порт Авентура ( Дорослий: 3",600
https://www.accordtour.com/tours/888136,Курортний Роман Відпочинок на морі Іспанії Швейцарія + Іспанія + Франція,10,Льорет-де-Мар – Кадакес,ідпочинок на морі. Для бажаючих Перлина Коста Брава - Кадакес: 46€,"Сніданок. Відпочинок на морі. Для бажаючих Перлина Коста Брава - Кадакес ( Дорослий: 46€ / Діти: 36€ ) Скелі, потопаючі в прозорому морі, затишні бухти, пейзажі з вічнозеленою рослинністю і дивовижні історії узбережжя Коста-Брава. Ми відвідаємо один з наймальовничіших містечок на знаменитому узбережжі Коста-Брава - Кадакес . Відрізана від решти Каталонії гірським масивом, на початку ХХ століття ця рибальське село стала улюбленим місцем художників і поетів. Сальвадор Далі провів в Кадакесе значну частину свого дитинства. Також в Кадакесе любили бувати Жоан Міро, Марсель Дюшан, Гарсіа Лорка, Рен",600
https://www.accordtour.com/tours/888136,Курортний Роман Відпочинок на морі Іспанії Швейцарія + Іспанія + Франція,11,Ез – Ніцца – Монако – Монте-Карло – Фрагонар,,"Ранній сніданок. Переїзд до Франції. Ах, це Лазурне Узбережжя – синонім блиску, краси і безкінечного задоволення... Парфумерна фабрика Фрагонар (входить у вартість туру) Ми прибудемо в середньовічний Ез . Французьке містечко, що сидить на вершині скелі над півостровом Сен-Жан-Кап-Ферра - справжня перлина французького Лазурного узбережжя. Невеликий, але нескінченно затишний, з вузькими вуличками і великою кількістю квітів. З високогір'я відкриваються приголомшливі види на Лазурне узбережжя. Відвідування парфумерної фабрики Фрагонар. Нам розкажуть про історію створення ароматів і процесі виробни",600
https://www.accordtour.com/tours/888136,Курортний Роман Відпочинок на морі Іспанії Швейцарія + Іспанія + Франція,12,Генуя – Мілан – Санта-Маргерита і Портофіно,"Сніданок. Гармонія природи... Санта Маргеріта і Портофіно: 55€; Місто мрії, яхт і незайманої природи! Господиня моря – Генуя: 30€","Сніданок. Гармонія природи... Санта Маргеріта і Портофіно ( Дорослий: 55€ / Діти до 16 років: 50€ , до 6 років: 25€ ) Перлини Лігурії - Санта Маргеріта і Портофіно , улюблене місце відпочинку не тільки італійців, але і міжнародної еліти. Чарівне містечко Санта Маргеріта розташований в самому центрі Лигурийской Рів'єри в затоці Тігулліо, оточений прекрасними пагорбами, оливковими деревами і шикарними вилами. Далі нас чекає невелике морську подорож на катері в містечко Портофіно. Місто мрії, яхт і незайманої природи! Господиня моря – Генуя ( Дорослий: 30€ / Діти: 26€ ) Давня морська держава і на",600
https://www.accordtour.com/tours/888136,Курортний Роман Відпочинок на морі Іспанії Швейцарія + Іспанія + Франція,13,Венеція – Лідо Ді Єзоло,"нні групи одна з екскурсій на вибір. Заручена з морем Венеція: 38€; Атмосфера, яку не сплутаєш ні з чим. Острови Мурано і Бурано: 48€","Сніданок. Переїзд на узбережжя Адріатичного моря - Лідо ді-Єзоло. Головна перевага Лідо ді-Єзоло – пляжі. Вільний час для купання, відпочинку на морі, шопінгу. При бажанні групи одна з екскурсій на вибір. Заручена з морем Венеція ( Дорослий: 38€ / Діти до 16 років: 31€ ) Місто на воді, де кам&rsquo;яна казка пливе крізь час. Венеція — це карнавальні маски, гондоли, дзвони Сан-Марко і аромати справжньої італійської кави. Тут канали шепочуть історії, а кожен куточок — як сцена з фільму. Атмосфера, яку не сплутаєш ні з чим. Острови Мурано і Бурано ( Дорослий: 48€ / Діти до 16 років: 41€ , до 5 ро",600
https://www.accordtour.com/tours/888136,Курортний Роман Відпочинок на морі Іспанії Швейцарія + Іспанія + Франція,14,Марибор – Егер – Долина Красунь – Мукачево – Львів,Сніданок. Ранкова екскурсія. Марібор східна столиця Словенії.: 26€,"Сніданок. Ранкова екскурсія. Марібор східна столиця Словенії. ( Дорослий: 26€ / Діти до 16 років: 16€ , до 6 років: 0€ ) Марібор довший час називали &laquo;Дравською Венецією&raquo;. Саме на цій набережній росте і дає урожай найстаріша виноградна лоза в Європі, якій вже більше 400 років. В ході оглядової екскурсії ми побачимо річкову пристань Стрічок, водонапірну, єврейську та круглу вежі, центральну міську площу, Ратушу, розписні багатовікові будинку з таємними двориками, тавернами, кав'ярнями, як лише своїм зовнішнім виглядом здатні звести з розуму будь-якого гурмана. Переїзд через Угорщину.",600
https://www.accordtour.com/tours/111383,Серенада південного сонця Іспанія + Швейцарія Відпочинок на морі,1,Львів – Краків – Катовіце,ропі! При бажанні групи і наявності часу. Королівський Краків: 18€,"Відправлення в тур Старт нашої подорожі — зі Львова, а саме з площі Двірцевої (ориєнтир -залізничний вокзал). Звідси починається пригода, яку ви точно запам&rsquo;ятаєте: нові місця, сотні фото й море вражень. Переїзд територією України, перетин кордону — і ми вже в Європі! При бажанні групи і наявності часу. Королівський Краків ( Дорослий: 18€ / Діти до 16 років: 13€ , до 5 років: 0€ ) Краків — місто легенд, мистецтва і шарму. Тут хочеться загубитись у вуличках, зупинитись на каву і закохатись у момент. Переїзд. Поселення в готель. Ночівля. <div class=""",560
https://www.accordtour.com/tours/111383,Серенада південного сонця Іспанія + Швейцарія Відпочинок на морі,2,Чеський Крумлов – Мюнхен,"и, можливість відвідати Чеський Крумлов — казка Середньовіччя: 30€","Сніданок. Запрошуємо Вас в мальовничу та величну Південну Чехію. Романтичний край з безкрайніми лісами та озерами, маленькими містечками, старовинними замками і добрими людьми. Тут затишно, спокійно і дуже красиво. Край славиться багатою історією і хорошим вином. При бажанні групи, можливість відвідати Чеський Крумлов — казка Середньовіччя ( Дорослий: 30€ / Діти до 16 років: 25€ , до 5 років: 0€ ) Чеський Крумлов — чарівне містечко з черепичними дахами, де вузькі вулички переносуьть нас у справжню атмосферу Середньовіччя. Під час екскурсії та вільного часу ми зможемо насолодитися панорамами і ",600
https://www.accordtour.com/tours/111383,Серенада південного сонця Іспанія + Швейцарія Відпочинок на морі,3,Рейнський водоспад – Цюрих – Люцерн,,"Сніданок. Переїзд в Швейцарію. Екскурсія Неповторний Цюріх (входить у вартість туру) Швейцарія -це рай, її уявляють по-різному і лише опинившись тут кожен знаходить те, що шукав. Сьогодні нас чекають Заповітне куточки Швейцарії : прекрасні гори із заснеженними вершинами, альпійські луки, глибокі озера, затишні шале і ошатні альпійські будиночки. Нас запрошує одне з найбагатших міст Швейцарії - неповторний Цюріх . Тут життя б'є через край і вдень і вночі, дивуючи всіх відвідувачів своєю різноманітністю. Гірські вершини і прекрасне Цюріхське озеро надають місту незвичайний шарм. Цюріх пишається ",600
https://www.accordtour.com/tours/111383,Серенада південного сонця Іспанія + Швейцарія Відпочинок на морі,4,Ансі – Женева – Монблан,"ри бажанні групи, можливість відвідати Женева – вишукана дама: 30€; азі чарівної казки ... Магія Альп: Монблан та чарівність Ансі: 60€","Сніданок. При бажанні групи, можливість відвідати Женева – вишукана дама ( Дорослий: 30€ / Діти до 16 років: 20€ ) Розташувалась на березі чарівного озера Женева, розповідає нам свою історію: Палац Націй, штаб-квартира ООН, Товариство Червоного Хреста. Женева постане перед нами в образі чарівної казки ... Магія Альп: Монблан та чарівність Ансі ( Дорослий: 60€ / Діти до 16 років: 38€ + вх. квиток) Ми їдемо підкорювати саму найвищу точку західної Європи - альпійську вершину Монблан (4807 м), яка є джерелом натхнення поетів і художників. Монблан ! Хто приїхав сюди одного разу, назавжди залишиться",600
https://www.accordtour.com/tours/111383,Серенада південного сонця Іспанія + Швейцарія Відпочинок на морі,5,Прованс – Ле-Бо-де-Прованс – Сен-Ремі-де-Прованс – Відпочинок на Середземноморському узбережжі Іспанії (Коста-Брава),можливість відвідати Милий Прованс — аромат лаванди і світла: 38€,"Сніданок. При бажанні групи, можливість відвідати Милий Прованс — аромат лаванди і світла ( Дорослий: 38€ / Діти до 16 років: 30€ + вх. квиток) Це подорож у серце Провансу, де серед оливкових гаїв, сонячних пагорбів і лавандових полів розташовані казкові містечка Сен-Ремі та Ле-Бо-де-Прованс . Тут історія, поезія і легенди переплітаються з ароматами лаванди, смаком місцевих солодощів і панорамами, що надихали художників і поетів. А шоу &laquo;Кар&rsquo;єри світла&raquo; перетворює скелі на живе мистецтво, створюючи атмосферу, яку хочеться прожити і запам&rsquo;ятати назавжди. Переїзд в Іспанію",600
https://www.accordtour.com/tours/111383,Серенада південного сонця Іспанія + Швейцарія Відпочинок на морі,6,Відпочинок на Середземноморському узбережжі Іспанії (Коста-Брава) – Тосса-де-Мар,инок на морі. Для бажаючих Тосса-де-Мар – романтичне містечко: 30€,"Сніданок. Відпочинок на морі. Для бажаючих Тосса-де-Мар – романтичне містечко ( Дорослий: 30€ / Діти до 16 років: 21€ + вх. квиток) Сьогодні нас чекає одне з найгарніших міст Іспанії! Чаруюче і неповторне Тосса-де-Мар – дивовижне місце в Коста-Брава. Місто служило джерелом натхнення багатьом художникам. Тут знімали фільм ""Пандора і Летючий Голландець"", після якого, колись звичайне рибальське містечко стало шикарним курортом. Тосса розташувалось в затишній бухті зі скелястим берегом. Це місце для мрійників і романтиків! Тут і сонце, і пляжі, бухти, магазини, кафе, ресторани. Фортеця Вілла-Велла",600
https://www.accordtour.com/tours/111383,Серенада південного сонця Іспанія + Швейцарія Відпочинок на морі,7,Барселона – Відпочинок на морі Іспанії – Відпочинок на Середземноморському узбережжі Іспанії (Коста-Брава),данок. Відпочинок на морі. Для бажаючих Один день в Барселоні: 40€,"Сніданок. Відпочинок на морі. Для бажаючих Один день в Барселоні ( Дорослий: 40€ / Діти до 16 років: 35€ ) Наш маршрут пройде найцікавішими місцями Барселони. Панорамна Барселона – дивовижно красиве місто. Ми дізнаємося історію римської колонії Барсіно, познайомимося з кварталами Ешампле, Тріумфальною аркою. Парк Сіутадея, Барселонетта з відомим пляжем і морським кварталом, площа Іспанії. Олімпійське Кільце, Набережна Колумба, Олімпійський Порт. Зупинки на фотопауза. А з гори Монтжуик ми зможемо зафіксувати на пам'ять панорамний вид на Барселону. Історія Барселони була завжди пов'язана з морем",600
https://www.accordtour.com/tours/111383,Серенада південного сонця Іспанія + Швейцарія Відпочинок на морі,8,Монсеррат – Відпочинок на Середземноморському узбережжі Іспанії (Коста-Брава) – Кадакес,починок на морі. Для бажаючих Священне місце – Гора Монсеррат: 46€,"Сніданок. Відпочинок на морі. Для бажаючих Священне місце – Гора Монсеррат ( Дорослий: 46€ / Діти до 16 років: 36€ , до 5 років: 0€ + вх. квиток) А тепер нас чекає екскурсія в священне місце - гора Монсеррат . Монсеррат - одне з небагатьох місць на Землі, які, варто один раз побачити, що врізаються намертво в пам'ять і залишаються там назавжди. Ми здійснимо підйом на священну для каталонців гору. Старовинний монастир зберігає зображення головної святої цих місць - Чорної діви Монсеррат. У Чорної діви просять здоров'я, сімейного щастя і благополуччя. Монсеррат змінює людину, робить її іншою. Пр",600
https://www.accordtour.com/tours/111383,Серенада південного сонця Іспанія + Швейцарія Відпочинок на морі,9,Відпочинок на Середземноморському узбережжі Іспанії (Коста-Брава) – Жирона – Фіґерас – Андорра – Порт Авентура,чинок на морі. Історія Сальвадора Далі і середньовічна Жирона: 46€,"Сніданок. Відпочинок на морі. Історія Сальвадора Далі і середньовічна Жирона ( Дорослий: 46€ / Діти до 16 років: 36€ , до 5 років: 0€ + вх. квиток) Цей старовинне, засноване ще римлянами місто все оповите легендами, міфами, і населене казковими персонажами, часом досить оригінальними. Ми побачимо надзвичайно красивий історичний центр Жирони , дізнаємось, як за допомогою одного лише поцілунку стати громадянином міста, чим же роздратував Геракла Жирон, як мухи врятували місто від французької навали, де залишив свій останній відбиток ноги Ісус Христос, де придумали каббалу і багато іншого про гер",600
https://www.accordtour.com/tours/111383,Серенада південного сонця Іспанія + Швейцарія Відпочинок на морі,10,Відпочинок на Середземноморському узбережжі Іспанії (Коста-Брава) – Марсель,,"Сніданок. Виселення з готелю. Відпочинок на морі. Іспанська традиційна бодега (входить у вартість туру) Починаємо знайомство з курортом з місцевої бодеги. Місце, де можна познайомитися з кращими продуктами і винами іспанського виробництва. Ми продегутуємо іспанські вина, каву, лікери. Спробуємо хамон, місцеві ковбаси, оливки і туррон. При бажанні все продегустувати продукти можна придбати. Переїзд. Поселення в готель. Ночівля. <div class=""",443
https://www.accordtour.com/tours/111383,Серенада південного сонця Іспанія + Швейцарія Відпочинок на морі,11,Ніцца – Монако – Монте-Карло – Фрагонар,,"Сніданок. Ах, це Лазурне Узбережжя – синонім блиску, краси і безкінечного задоволення... Парфумерна фабрика Фрагонар (входить у вартість туру) Ми прибудемо в середньовічний Ез . Французьке містечко, що сидить на вершині скелі над півостровом Сен-Жан-Кап-Ферра - справжня перлина французького Лазурного узбережжя. Невеликий, але нескінченно затишний, з вузькими вуличками і великою кількістю квітів. З високогір'я відкриваються приголомшливі види на Лазурне узбережжя. Відвідування парфумерної фабрики Фрагонар. Нам розкажуть про історію створення ароматів і процесі виробництва запашної продукції. Ад",600
https://www.accordtour.com/tours/111383,Серенада південного сонця Іспанія + Швейцарія Відпочинок на морі,12,Мілан – Лугано – озеро Комо,,"Сніданок. Екскурсія Мілан – столиця моди (входить у вартість туру) Запрошуємо на флірт італійського смаку в столицю мистецтва і моди – місто Мілан. Мілан витончено поєднує у свому образі середньовічні пам'ятки і ультрасучасні квартали. Вирушаємо в саме серце Мілану-П'яццо Дуомо, де розташований символ міста – Міланський собор, шедевр готики такий витончений, що здається невагомим, сплетеним з тонкого мережива. Північний Палац, Тріумфальна арка, кінна статуя короля Вітторіо, Королівський палац, гордість Мілану і перлина світу – ""Ла Скала"" – найвідоміший театр всіх часів і народів. Тут кожен зна",600
https://www.accordtour.com/tours/111383,Серенада південного сонця Іспанія + Швейцарія Відпочинок на морі,13,Грац,Переїзд по Італії та Австрії. Грац – таємна любов Австрії: 30€,"Сніданок. Moda & Shopping (входить у вартість туру) Трансфер в один з італійських аутлетів . Можливість без зайвих турбот потрапити у світ брендів і стилю за привабливими цінами. Шопінг в Італії — це не просто покупки, а справжнє задоволення.... Переїзд по Італії та Австрії. Грац – таємна любов Австрії ( Дорослий: 30€ / Діти до 16 років: 20€ , до 5 років: 0€ ) Багатовікова історія... адже Грац - колись блискуча резиденція Габсбургів... Ренесансні дворики, затишні середньовічні вулички, прекрасна панорама з замкової гори Шлоссберг і звичайно ж - Символ міста - годинникова башта з оригінальним г",600
https://www.accordtour.com/tours/111383,Серенада південного сонця Іспанія + Швейцарія Відпочинок на морі,14,Брно,,"Сніданок. Екскурсія Душа Моравії - старовинне Брно (входить у вартість туру) Це прекрасне чеське містечко храмів і монастирів, воно не схоже на інші чеські міста і тому дуже цікаве. Тут особливі люди, особливі характери, манера одягатись; та й діалект інший: моравський. Місто багате легендами та історичними пам'ятками. Виїзд в Україну. Переїзд по Польщі. Час прибуття до Львова залежить від проходження кордону. <div class=""",426
https://www.accordtour.com/tours/7956,"&laquo;Релакс&raquo; по-італійськи: Амальфітанське узбережжя + Рим, Флоренція і Венеція!",1,Львів – Краків – Брно,з торгових центрів. Трансфер в центр 10€. Або Магічний Краків: 18€,"Виїзд в тур відбувається із Львівського залізничного вокзалу. Перетин кордону. При швидкому проходженні кордону і бажанні групи - можливість відвідати Краків. Вільний час в одному з торгових центрів. Трансфер в центр 10€. Або Магічний Краків ( Дорослий: 18€ / Діти: 13€ ) Місто древніх легенд і переказів, династій польських королів і видатного Міцкевича, народного героя Тадеуша Костюшко, вузьких вуличок з бруківкою і величних костелів. Про красу стародавнього Кракова, про музейні скарби Вавельського замку, про дракона Смока відомо стільки легенд, що вже важко відрізнити правду від вигадки. Кажу",600
https://www.accordtour.com/tours/7956,"&laquo;Релакс&raquo; по-італійськи: Амальфітанське узбережжя + Рим, Флоренція і Венеція!",2,Грац,,"Сніданок. Екскурсія Таємна любов Австрії (входить у вартість туру) Розкинувшись у підніжжя величних Альп, Грац є столицею землі Штігрія і другим за розміром містом в Австрії. Розташувавшись на берегах річки Мур, він вдало поєднує сучасне життя і історичне минуле. Запрошуємо зануритись у багатовікову історію, колись блискучої резиденції Габсбургів, прогулятися по лабіринтах ренесансних двориків, віддатися чарівності затишних середньовічних вуличок, помилуватися прекрасною панорамою, що відкривається з замкової гори на червоні черепичні дахи старого міста ... У вільний час пропонуємо відвідати: ",600
https://www.accordtour.com/tours/7956,"&laquo;Релакс&raquo; по-італійськи: Амальфітанське узбережжя + Рим, Флоренція і Венеція!",3,Рим – Колізей Рим,еланджело і Рафаеля... Для бажаючих Стародавній Рим - Колізей: 23€,"Сніданок. Переїзд в Рим. Пересування по Риму - на громадському транспорті. Екскурсія Оглядова екскурсія Рим пам ятає багато (входить у вартість туру) Важко знайти на землі людину, у якої при звучанні цього слова перед очима не з'являються барвисті образи мощених вулиць, просочених древньою історією, безлічі старовинних храмів, прикрашених руками великих Мікеланджело і Рафаеля... Для бажаючих Стародавній Рим - Колізей ( Дорослий: 23€ / Діти: 23€ + вх. квиток) Протягом багатьох століть символом величчі та могутності Риму був Колізей . Це місце не мало собі рівних за напруженням пристрастей, що к",600
https://www.accordtour.com/tours/7956,"&laquo;Релакс&raquo; по-італійськи: Амальфітанське узбережжя + Рим, Флоренція і Венеція!",4,Рим – Тіволі – Ватикан – район Трастевере – Відпочинок на узбережжі Тірренського моря,Сніданок. Колиска італійського Відродження – Тіволі: 33€,"Сніданок. Колиска італійського Відродження – Тіволі ( Дорослий: 33€ / Діти до 16 років: 30€ + вх. квиток) Два тисячоліття тому по тутешніх гаях гуляли імператори, аристократи і філософи. Тіволі був улюбленим місцем відпочинку древніх римлян, яких приваблювали чиста вода, сірчані джерела і краса місцевих пейзажів. Нас чекає знаменита вілла кардинала д'Есте. Величезний парк, вікові дерева і багатоголосся &laquo;п&rsquo;ятисот фонтанів&raquo;! Віллу д&rsquo;Есте вважають одним із найвдаліших у світі втілень садово-паркового мистецтва, і що саме вона послужила прообразом для створення Версаля&hell",600
https://www.accordtour.com/tours/7956,"&laquo;Релакс&raquo; по-італійськи: Амальфітанське узбережжя + Рим, Флоренція і Венеція!",5,Неаполь – Помпеї – вулкан Везувій – Капрі – Сорренто – Амальфі – Позітано – Відпочинок на узбережжі Тірренського моря – Террачіна – Гаета – Сперлонга,ьний час рекомендуємо відвідати на вибір: Божественна Рів єра: 38€,"Сніданок. Відпочинок на морі. У вільний час рекомендуємо відвідати на вибір: Божественна Рів єра ( Дорослий: 38€ / Діти: 30€ ) Запрошуємо зануритись у світ мальовничих пейзажів курортних міст узбережжя Одіссея, історія яких відображена в міфах і легендах, і оспівана Горацієм і Гете. Серце узбережжя - місто Террачіна , є літньою резиденцією Пап і славиться не тільки чудовими пейзажами, золотистими пісками і величними кручами. Це місто зберігає унікальні пам'ятники епохи античності. Далі у нас буде можливість побродити по вузеньких вуличках, панорамних майданчиках, сторожових вежах і неповторною",600
https://www.accordtour.com/tours/7956,"&laquo;Релакс&raquo; по-італійськи: Амальфітанське узбережжя + Рим, Флоренція і Венеція!",8,Флоренція – Піза – Галерея Уффіці,,"Сніданок. Переїзд до Флоренції. Пересування по Флоренції - на громадському транспорті. Екскурсія Місто італійського шарму - Флоренція (входить у вартість туру) Пересування по Флоренції - на громадському транспорті. Символ епохи Відродження, - так кажуть про Флоренцію. Її вулиці, площі, палаци та храми прикрашені творіннями великих італійських майстрів. Тут бере свій початок епоха Ренесансу. Це місто Мікеланджело і Макіавеллі, місто-скарбниця, повне пам'ятників мистецтва, культури та історії. Нашому погляду відкриються шедеври великих майстрів: Площа Синьорії, головний флорентійський собор Сант",600
https://www.accordtour.com/tours/7956,"&laquo;Релакс&raquo; по-італійськи: Амальфітанське узбережжя + Рим, Флоренція і Венеція!",9,Венеція – Палац дожів,,"Сніданок. Екскурсія Заручена з морем - Венеція (входить у вартість туру) Нас запрошує красуня на воді, &laquo;заручена з морем&raquo;, - так кажуть про Венецію (додатк. оплач. громадський транспорт - 30&euro;/26&euro;) - найбільш витончене і таємниче місто Італії. Це місто - прекрасна казка, яка застигла в камені. Багато століть майстри і художники прославляли його і прикрашали своїми творами. Тут прекрасно поєднуються розкішні палаци і скромні вузенькі вулички, мовчазні канали та гомінкі ринки. Затишні кафе запрошують нас на ароматну каву, а на площі Сан Марко просто на долоню сідають голуби ",600
https://www.accordtour.com/tours/7956,"&laquo;Релакс&raquo; по-італійськи: Амальфітанське узбережжя + Рим, Флоренція і Венеція!",10,Львів – Егер,"Дегустація егерських вин і смачного гуляшу в Долині Красунь!: 24€; Егерська Дівчина"" . Угорський Памуккале – місто Егерсалок!: 10€","Сніданок. Переїзд по Угорщині. При бажанні групи і наявності часу. Дегустація егерських вин і смачного гуляшу в Долині Красунь! ( Дорослий: 24€ / Діти до 16 років: 18€ ) Найвідоміше вино – ""Бича Кров"", а найприємніше – ""Егерська Дівчина"" . Угорський Памуккале – місто Егерсалок! ( Дорослий: 10€ / Діти: 10€ + вх. квиток) Термальні дива Угорщини - для прекрасного відчуття бадьорості - відвідини Велнес-Комплексу. До Ваших послуг незвичайні масажі, розважальні басейни, ексклюзивні сауни, приємні і ніжні ванни ... Час прибуття до Львова орієнтовно 23:00 (залежить від проходження кордону). Місце приб",600
https://www.accordtour.com/tours/368833,Вікенд у Будапешт! + Відень!,1,Львів,,"Відправлення в тур з залізничного вокзалу Львова. (площа Двірцева 1). Можливість приєднатися до групи в Стрию, Мукачеві. Переїзд в Будапешт. <div class=""",153
https://www.accordtour.com/tours/368833,Вікенд у Будапешт! + Відень!,2,Будапешт – Вишеград – Сентендре – Купальні Сечені,й день! У вільний час рекомендуємо: Перлина Дунаю - Будапешт!: 26€,"Ранковий Будапешт зустрічає ароматом кави, тишею набережних і свіжим бризом Дунаю. Яскраве, стильне і натхненне місто, що закохує у себе з першої прогулянки. Зранку запрошуємо відвідати Термальні купальні графа Сечені (вх. квиток) Заряд бадьорості і енергії на цілий день! У вільний час рекомендуємо: Перлина Дунаю - Будапешт! ( Дорослий: 26€ / Діти: 18€ ) Оглядова екскурсія: прекрасна Буда і величний Пешт. О! це Місто... Одна з найкрасивіших площ Європи - площа Героїв, парк Варошлігет і замок в ньому - Вайдахуняд. Ось і Рибальський бастіон, собор Матіяша, де одружуються всі королівські сім'ї Єв",600
https://www.accordtour.com/tours/368833,Вікенд у Будапешт! + Відень!,3,Будапешт – Відень – Палац Бельведер – Хевіз,Будапешті. Рекомендуємо на вибір: Відень - столиця Габсбургів: 46€; го Стефана і витончену Альбертіну! Або Поїздка на оз. Балатон: 46€,"Сніданок. Вільний час в Будапешті. Рекомендуємо на вибір: Відень - столиця Габсбургів ( Дорослий: 46€ / Діти до 16 років: 36€ , до 6 років: 0€ ) Відень - місто музики і великих музикантів, місто чарівне і прекрасне ... його по праву називають серцем Європи. Столиця Австро-Угорської імперії, Відень вражає своєю величчю і розкішшю, своєю чарівністю і теплотою ... Під час пішохідної екскурсії ми побачимо: площа Марії Терезії, імперський Хофбург, Кертнер, Грабен, собор святого Стефана і витончену Альбертіну! Або Поїздка на оз. Балатон ( Дорослий: 46€ / Діти до 16 років: 36€ , до 6 років: 0€ ) Найб",600
https://www.accordtour.com/tours/368833,Вікенд у Будапешт! + Відень!,4,Мукачево – Стрий – Львів,,"Прибуття у Львів - залізничний вокзал орієнтовно в ~ 8.30. <div class=""",71
https://www.accordtour.com/tours/881363,"Жага пригод Амстердам, Париж + Діснейленд",1,Львів – Легниця,аявності часу. Одна з екскурсій на вибір: Королівський Краків: 18€; каву і закохатись у момент. Вроцлав – священна квітка Європи: 18€,"Відправлення в тур Старт нашої подорожі — зі Львова, а саме з площі Двірцевої (ориєнтир -залізничний вокзал). Звідси починається пригода, яку ви точно запам&rsquo;ятаєте: нові місця, сотні фото й море вражень. Переїзд територією України, перетин кордону — і ми вже в Європі! При бажанні групи і наявності часу. Одна з екскурсій на вибір: Королівський Краків ( Дорослий: 18€ / Діти до 16 років: 13€ , до 5 років: 0€ ) Краків — місто легенд, мистецтва і шарму. Тут хочеться загубитись у вуличках, зупинитись на каву і закохатись у момент. Вроцлав – священна квітка Європи ( Дорослий: 18€ / Діти до 16 р",600
https://www.accordtour.com/tours/881363,"Жага пригод Амстердам, Париж + Діснейленд",2,Берлін – Потсдам – Магдебург – Ганновер – Оснабрюк,часне. Вільний час або екскурсії на вибір: Зачарований Берлін: 26€,"Прибуття в Берлін. Екскурсія Велич могутнього Берліну (входить у вартість туру) Берлін – величезний мегаполіс. Нам здасться, що ми подорожуємо у машині часу, бо тут можна потрапити в майбутнє і опинитись в минулому, а прогулюючись розкішними вулицями і проспектами, ми зможемо побачити сучасне. Вільний час або екскурсії на вибір: Зачарований Берлін ( Дорослий: 26€ / Діти: 16€ ) Ми будемо насолоджуватися красою найсучаснішою площі Берліна – Потсдамер Платц, помилуємося бульваром Зірок, театром, де проводиться відкриття та церемонія нагороджень знаменитого міжнародного кінофестивалю Берлінале, ві",600
https://www.accordtour.com/tours/881363,"Жага пригод Амстердам, Париж + Діснейленд",3,Амстердам – Волендам – Заансе Сханс – Схевенінген – Зандам,,"Сніданок. 2026 рік. Парк квітів Keukenhof з 19 березня по 10 травня. Королівський парк квітів Кекенхоф (Трансфер: 18€ + вх. квиток Дорослий: 22€ / Діти до 16 років: 15€ ) Відвідування Королівського парку квітів Кекенхоф – найпопулярніше місце в Нідерландах! Тут завжди пахне весною і завмирає подих від краси, якої більше не можна побачити ніде! Кекенхоф – це урочисте свято, на який ми запрошуємо Вас!!! Сьогодні нас буде дивувати, кликати і притягувати незвичайне місто. Як тільки не називають Амстердам! Одні величають його Північною Венецією, інші Новим Вавилоном. Екскурсія Амстердам – місто-мрі",600
https://www.accordtour.com/tours/881363,"Жага пригод Амстердам, Париж + Діснейленд",4,Брюссель – Париж – Лувр – Монмартр – Нотр-Дам де парі (Собор Паризької Богоматері) – Фрагонар,За бажанням групи. Ранкова екскурсія. Брюссель – серце Європи: 28€,"Сніданок. За бажанням групи. Ранкова екскурсія. Брюссель – серце Європи ( Дорослий: 28€ / Діти до 16 років: 18€ , до 6 років: 0€ ) Брюссель вражає дивовижним поєднанням сучасного ритму життя та глибокої історії — тут середньовічні будинки й готичні собори гармонійно сусідять зі скляними хмарочосами та елегантними палацами. А ще це місто легендарного бельгійського пива, ароматного шоколаду та хрумких вафель, без яких неможливо уявити справжній смак Брюсселя. І ось Вона... Довгоочікувана Франція – країна вишуканих вин, високої моди, дорогих парфумів і безлічі таємниць... Екскурсія Магія Парижа! ",600
https://www.accordtour.com/tours/881363,"Жага пригод Амстердам, Париж + Діснейленд",5,Діснейленд – Париж – Версаль – Квартал Маре – Етрета – Нормандія,а самостійно. Для бажаючих на вибір: Мрії збуваються в Парижі: 30€,"Сніданок. Виселення з готелю. Пересування у вільний час громадським транспортом. Оплата самостійно. Для бажаючих на вибір: Мрії збуваються в Парижі ( Дорослий: 30€ / Діти до 16 років: 21€ , до 6 років: 0€ ) Мрієте про неймовірні фото? Париж крізь об&rsquo;єктив — як кіно про любов. Автобусна екскурсія. Зупинки в найінстаграмніших місцях: Ейфелева вежа, ретро-вулички, вітрини з круасанами й запахом щастя. Ця екскурсія створена для фото, які збережуть емоції назавжди. Вежа Монпарнас (дод. оплата) Вежа Монпарнас - це один із найвідоміших хмарочосів Парижа висотою у 210 метрів і найкраща оглядова ",600
https://www.accordtour.com/tours/881363,"Жага пригод Амстердам, Париж + Діснейленд",6,Люксембург – Прага,бажаючим рекомендуємо відвідати: Маленька казка – Люксембург: 38€,"Для бажаючих Вільний час. У вільний час усім бажаючим рекомендуємо відвідати: Маленька казка – Люксембург ( Дорослий: 38€ / Діти до 16 років: 30€ ) Крихітні вимощені вулички, величезні мости, сади, парки і герцогський палац.Запрошуємо на екскурсію в крихітне герцогство Люксембург. Кожен з дитинства мріє побувати в казці і відчути себе героєм неймовірних пригод ... У світі багато казкових країн, а наш шлях лежить в одну з них -В Зеленому Серці Європи серед гір, оточений кручами, розтошувалося затишне містечко із однойменною назвою. Ми побачимо капелу Сен-Кірен, готичну церкву Сен-Мішель, ренеса",600
https://www.accordtour.com/tours/881363,"Жага пригод Амстердам, Париж + Діснейленд",7,Прага – Краків – Львів,бажанні групи ранкова екскурсія: Таємниці королів – Градчани: 18€; кож неймовірний собор Віта. Прогулянка на кораблику по Влтаві: 38€,"Сніданок. При бажанні групи ранкова екскурсія: Таємниці королів – Градчани ( Дорослий: 18€ / Діти до 16 років: 13€ , до 6 років: 0€ ) Дізнатися про життя королів і придворних, про палацові інтриги і змови, злочини і покарання, які відбувалися з найсвітліших спонукань – в ім'я віри і держави. Вас чекає Градчанська площа, Шварценбергский палац і варта в Празькому граді. А також неймовірний собор Віта. Прогулянка на кораблику по Влтаві ( Дорослий: 38€ / Діти до 16 років: 34€ , до 6 років: 15€ ) Аперитиви, шведський стіл в супроводі цікавих розповідей... Ось вони незабутні миті в житті... Переїзд ",600
https://www.accordtour.com/tours/5116,Мої зимові пригоди в Італії: відпочинок в Доломітових Альпах,1,Львів – Краків – Брно,з торгових центрів. Трансфер в центр 10€. Або Магічний Краків: 18€,"Виїзд в тур відбувається із Львівського залізничного вокзалу. При швидкому проходженні кордону і бажанні групи - можливість відвідати Краків. Вільний час в одному з торгових центрів. Трансфер в центр 10€. Або Магічний Краків ( Дорослий: 18€ / Діти: 13€ ) Місто древніх легенд і переказів, династій польських королів і видатного Міцкевича, народного героя Тадеуша Костюшко, вузьких вуличок з бруківкою і величних костелів. Про красу стародавнього Кракова, про музейні скарби Вавельського замку, про дракона Смока відомо стільки легенд, що вже важко відрізнити правду від вигадки. Кажуть, магія Кракова",600
https://www.accordtour.com/tours/5116,Мої зимові пригоди в Італії: відпочинок в Доломітових Альпах,2,Бад Ишль – Гальштат – Відпочинок у Доломітових Альпах,,"Сніданок. Переїзд в Австрію. Термальний курорт Бад-Ішль розташований у самому центрі озерного краю Зальцкаммергут. Як у дорогому вині, в атмосфері Бад-Ішля зберігся аромат прекрасних часів розквіту Австрійської імперії, букет фарб та звуків, що навіюють ностальгію за минулим, повним витонченості та гармонії. Він ідеально підходить всім, хто полюбляє подорож у стилі ретро. Курорт багатий на історичні пам ятки та культурні події. У минулому він був улюбленим місцем відпочинку австрійського імператора Франца Йосипа та його дружини Елізабет (знаменитої Сісі), тут же була розташована літня резиденц",600
https://www.accordtour.com/tours/5116,Мої зимові пригоди в Італії: відпочинок в Доломітових Альпах,3,озеро Мольвено – Відпочинок у Доломітових Альпах,ний час рекомендуємо: Фотокартина на полотні - озеро Мольвено: 38€,"Сніданок. Ласкаво просимо в зимовий рай Італії. Природа тут створила всі найкращі умови, що б Доломіти були ідеальним місцем для відпочинку. Великий французький архітектор Ле - Корбюзьє назвав їх «найвеличнішою природною архітектурою в світі». У нас буде прекрасна можливість переконатись в цьому... Відпочинок у Доломітових Альпах. У вільний час рекомендуємо: Фотокартина на полотні - озеро Мольвено ( Дорослий: 38€ / Діти до 16 років: 30€ ) Озеро Мольвена - це альпійське озеро природного походження, яке в 2018 році через якість води, пляжу і сервісу було проголошено найкрасивішим озером Італії! ",600
https://www.accordtour.com/tours/5116,Мої зимові пригоди в Італії: відпочинок в Доломітових Альпах,4,озеро Браєс – озеро Мізуріна – Відпочинок у Доломітових Альпах,омендуємо відвідати: Альпійська казка озера Браес та Мізуріна: 48€,"Сніданок. Відпочинок у Доломітових Альпах. У вільний час рекомендуємо відвідати: Альпійська казка озера Браес та Мізуріна ( Дорослий: 48€ / Діти до 16 років: 41€ ) Озеро Браєс розташоване практично на кордоні з Австрією на висоті майже 1,5 км над рівнем моря. Ця місцевість така мальовнича, що здається, ніби потрапив у казку, а відпочивати тут добре в будь-яку пору року. У теплі місяці можна досхочу дихати кришталево чистим повітрям, гуляти туристичними стежками, купатися в прохолодній воді, орендувати човен і милуватися смарагдовими водами, а взимку - насолоджуватися гірськолижними трасами. Не",600
https://www.accordtour.com/tours/5116,Мої зимові пригоди в Італії: відпочинок в Доломітових Альпах,5,Інсбрук – Верона – Відпочинок у Доломітових Альпах,ільний час є можливість відвідати: Відвідування Garda Thermae: 18€; в тихому та спокійному місці. Столиця романтиків і закоханих: 38€,"Сніданок. Відпочинок у Доломітових Альпах. У вільний час є можливість відвідати: Відвідування Garda Thermae ( Дорослий: 18€ / Діти: 13€ + вх. квиток) Cучасний і гостинний центр здоров'я та краси. Wellness, Beauty, Medical SPA, внутрішній і зовнішній басейн, парові лазні та сауни. В одній структурі ви можете подбати про своє тіло і приділити час собі в тихому та спокійному місці. Столиця романтиків і закоханих ( Дорослий: 38€ / Діти: 33€ ) Верону називають містом вічної любові і шедевром італійської архітектури. Потрапивши сюди, відчуваєш свою причетність до Великого і Вічного. Це місто підкори",600
https://www.accordtour.com/tours/5116,Мої зимові пригоди в Італії: відпочинок в Доломітових Альпах,6,Тренто – Відпочинок у Доломітових Альпах,,"Сніданок. Екскурсія Оглядова екскурсія по Тренто (входить у вартість туру) Тренто – неймовірно красиве місто, яке є центром регіону Трентіно-Альто-Адідже, його часто називають воротами Доломітових Альп – дивовижної гірської системи на півночі Італії. Місто підкорює мандрівників не лише своєю неймовірною мальовничістю, але також винятковою культурною спадщиною, синтезованою із італійської емоційності, яскравості та австрійської елегантної прагматичності. Тренто за весь час свого існування пройшов цікавий, часом захоплюючий, часом жахливий шлях. Змінювалися правителі, епохи, кожна з яких залишил",600
https://www.accordtour.com/tours/5116,Мої зимові пригоди в Італії: відпочинок в Доломітових Альпах,7,купальні Егерсалок – Егер – Львів,льний час рекомендуємо відвідати на вибір: Купальні Егерсалок: 10€; ти про себе. Дегустація вин та смачний гуляш в Долині Красунь: 25€,"Сніданок. У вільний час рекомендуємо відвідати на вибір: Купальні Егерсалок ( Дорослий: 10€ / Діти до 16 років: 10€ + вх. квиток) Егерсалок, відомий як ""угорський Памуккале"", вражає білосніжними терасами та термальними джерелами. Велнес-комплекс подарує відновлення і релакс: басейни з теплою мінеральною водою, ароматні сауни, розслаблюючі ванни та незвичайні масажі. Ідеальне місце, щоб зупинити час і подбати про себе. Дегустація вин та смачний гуляш в Долині Красунь ( Дорослий: 25€ / Діти до 16 років: 18€ ) Рекомендуємо дегустацію егерських вин і смачний гуляш в Долині Красунь!!! Найвідоміше в",600
https://www.accordtour.com/tours/636813,Східний хіт - Істанбул!,1,Одеса – Ізмаїл – Констанца,,"Виїзд з Одеси (можливе приєднання до групи в Ізмаїлі). Перетин кордону. Нічний переїзд територією Болгарії і Румунії. <div class=""",130
https://www.accordtour.com/tours/636813,Східний хіт - Істанбул!,2,Варна – Стамбул,ажаючим рекомендуємо відвідати: «Турецький діамант - Стамбул»: 30€,"Вільний час. У вільний час усім бажаючим рекомендуємо відвідати: «Турецький діамант - Стамбул» ( Дорослий: 30€ / Діти: 18€ ) Неначе стародавню скарбницю, ця екскурсія відкриє для нас величний Стамбул, котрий повен чудесних місць, чарівних пам&rsquo;яток історії, культури та архітектури. Усього за кілька годин ми побачимо Блакитну мечеть, римський іподром, турецькі бані Роксолани, міст через Босфор, палац Топкапи, площу Султана Ахмеда. Стамбул як ніяке інше місто у світі славиться численними магазинами, торгівельними центрами та базарами&hellip; Під час оглядової екскурсії в нас буде прекрасна ",600
https://www.accordtour.com/tours/636813,Східний хіт - Істанбул!,3,Стамбул,погуляти і відпочити. Тут все сприяє цьому ... Азійський мікс: 46€,"Сніданок. Стамбул… Тут є, де погуляти і відпочити. Тут все сприяє цьому ... Азійський мікс ( Дорослий: 46€ / Діти до 12 років: 38€ + вх. квиток) Сьогодні у нас буде змога дослідити азійську частину Стамбулу. Першою нашою зупинкою буде найбільша у світі мечеть – Чамлиджа, побудована на однойменному пагорбі з прекрасним парком та панорамою. Невеликий переїзд і перед нами відкриває свої двері резиденція османських правителів на березі Босфору – палац Бейлербей. Далі наш шлях веде до головної артерії азійської частини міста – Багдадського проспекту, пролягає він повз берегу Мармурового моря, просп",600
https://www.accordtour.com/tours/636813,Східний хіт - Істанбул!,4,Стамбул,,"Сніданок. У вільний час усім бажаючим рекомендуємо відвідати: Музей Рахмі Коча (Трансфер: 16€ + вх. квиток ) - перший і найбільший в країні музей, присвячений історії розвитку транспорту, промисловості і засобів зв&rsquo;язку. Творці музею прагнули зробити його максимально інтерактивним і цікавим для гостей. Колекція містить тисячі предметів, від крихітних грамофонних голок до кораблів і літаків у справжню величину. Для зручності огляду експонати розділені на секції: автомобільний, морський, залізничний та авіаційний транспорт, інженерія, засоби зв'язку, наукові прилади, макети та іграшки. Tur",600
https://www.accordtour.com/tours/636813,Східний хіт - Істанбул!,5,Стамбул,,"Сніданок. Vialand Istanbul (Трансфер: 16€ + вх. квиток ) Відомий як Стамбульський Діснейленд - це найбільший розважальний парк в Туреччині для дітей і дорослих. Він займає площу більше 600 000 м2 і ділиться на три тематичні зони: історичну, ігрову і пригодницьку. В історичній частині можна здійснити подорож старовинним Стамбулом. Ігрова частина парку призначена для найменших відвідувачів. Малюкам буде цікаво і весело відвідати замок, який населений персонажами з казок та мультфільмів. Ну а для підлітків - пригодницька зона. Американські гірки, рафтинг дикою річкою, атракціон з Кінг Конгом, саф",600
https://www.accordtour.com/tours/636813,Східний хіт - Істанбул!,6,Стамбул,исла. Вільний час. У вільний час пропонуємо: Принцеві острови: 43€,"Сніданок. Виселення з готелю. Сьогодні – за покупками!!! Стамбул як ніяке інше місто у світі славиться безліччю магазинів, торгових центрів і, звичайно ж, східних ринків... Великий базар або Критий ринок (Kapali Carsi, Капали Чарши) – найвідоміший з турецьких ринків. На його території розташовано біля 4 тис. магазинів, а різноманіттю товарів, що представлені тут, нема числа. Вільний час. У вільний час пропонуємо: Принцеві острови ( Дорослий: 43€ / Діти: 30€ ) Змінюємо декорації з багатомільйонного мегаполіса на неповторний коктейль з яскравих квітів, недоторканої природи з п&rsquo;янким аромат",600
https://www.accordtour.com/tours/636813,Східний хіт - Істанбул!,7,Одеса,,"Орієнтовний час прибуття (залежить від проходження кордону) в Ізмаїл - 17:00, до Одеси - 22:00. До нових зустрічей! <div class=""",128
https://www.accordtour.com/tours/8530,Шалене серце або дорога до улюблених місць...,1,Львів,,"Прибуття у Львів. Збір на залізничному вокзалі Львова. Відправлення в тур. Можлива підсадка в Стрию (+1 година з моменту відправлення в тур), Мукачево (+4 години з моменту відправлення в тур). Переїзд в Сербію. Поселення в транзитний готель. Ночівля в готелі. <div class=""",272
https://www.accordtour.com/tours/8530,Шалене серце або дорога до улюблених місць...,2,Белград – Скоп є,ьний час пропонуємо: Обід в традиційному сербському ресторані: 38€,"Сніданок. Виселення з готелю. Пересування в Белграді громадським транспортом (квиток оплачується додатково). Екскурсія Столиця Сербії - Белград (входить у вартість туру) Його стародавні стіни бачили готів та франків, кельтів і римлян, слов'ян і турків. Екскурсія містом, в якому панує неповторна атмосфера взаємопроникнення Європи та Азії, а химерна суміш східної і західної культур створює таємниче зачарування - подарує незабутні враження. Вільний час. У вільний час пропонуємо: Обід в традиційному сербському ресторані ( Дорослий: 38€ / Діти: 31€ ) В районі Скадарлія, так званого белградського Мо",600
https://www.accordtour.com/tours/8530,Шалене серце або дорога до улюблених місць...,3,каньйон Матка – Пловдив,Сніданок. Виселення з готелю. Каньйон Матка: 43€,"Сніданок. Виселення з готелю. Каньйон Матка ( Дорослий: 43€ / Діти: 36€ ) Цей мальовничий каньйон був створений річкою Тріска, що проклала свій шлях через гірський масив. У 1938 році річку Тріску перегородили дамбою, завдяки чому утворилося напрочуд гарне озеро з водою бірюзового кольору. Поруч з озером можна побачити церкву святого Андрія, побудовану в XIV столітті. У каньйоні знаходиться десять печер, довжина яких становить від 20 до 200 метрів. Найвідомішою з них є печера Врело, її ми і відвідаємо на катері. Загальна довжина печери становить 176 метрів, в ній можна побачити два зали. Також ",600
https://www.accordtour.com/tours/8530,Шалене серце або дорога до улюблених місць...,4,Стамбул,,"Сніданок. Виселення з готелю. Переїзд в Стамбул. Стамбул, побудований на берегах Босфорської протоки – єдине на Землі місто, що знаходиться відразу у двох частинах світу. Він охороняє священні реліквії найбільших світових імперій: Римської, Візантійської та Османської. Стамбул є унікальною сполучною ланкою між Заходом та Сходом, минулим та майбутнім. Скарби архітектури та мистецтва здивують своєю різноманітністю, а сучасні хмарочоси – витонченістю та елегантністю. Тільки побачивши його наочно, можна із захопленням усвідомити велич Стамбулу, блиск та повний протиріч сьогоднішній день цього міст",600
https://www.accordtour.com/tours/8530,Шалене серце або дорога до улюблених місць...,5,Стамбул – Велико-Тирново,я з готелю. Вільний час. У вільний час пропонуємо: Долмабахче: 21€,"Сніданок. Виселення з готелю. Вільний час. У вільний час пропонуємо: Долмабахче ( Дорослий: 21€ / Діти: 16€ + вх. квиток) – найкрасивіший палац Стамбулу. Його фасад простягнувся на 600 метрів вздовж європейського берега Босфору. Саме тут жили останні султани Османської імперії... Переїзд в Велико-Тирново. Пішохідна екскурсія по Велико-Тирново (входить у вартість туру) Одне з найдавніших міст Болгарії, столиця Другого Болгарського царства, колиска болгарської архітектури, живопису і літератури - Велико-Тирново. Місто побудоване на трьох пагорбах Царавец, Трапезіца і Свето-гора, в 1393 році було",600
https://www.accordtour.com/tours/8530,Шалене серце або дорога до улюблених місць...,6,Русе – Львів,,"Сніданок. Виселення з готелю. Переїзд в Україну. Орієнтовне прибуття (залежить від перетину кордону) в Чернівці 21:00, в Івано-Франківськ 23:50, до Львова в 01:50 (наступний день). <div class=""",193
https://www.accordtour.com/tours/5019/tab/tab_price/tour_date/2026-04-29/cls_number_adult_cnt/%7B1:1%7D/cls_number_child_age/%7B%7D/tour_include_ins/true,Захопливий вікенд&hellip; + Трансфегераш,1,Одеса – Ізмаїл – Брашов,Переїзд. Поселення в готелі. «Вечір з національним колоритом»: 26€,"Виїзд з Одеси. Можливе приєднання до групи в Ізмаїлі. Перетин кордону. Переїзд в Брашов. Екскурсія старовинним містом Брашов (входить у вартість туру) Брашов - один з найкрасивіших середньовічних міст Румунії. Його шарм, підсилений гармонійним поєднанням готики, бароко, ренесансу та романського стилю, зачаровує і дарує прекрасні спогади про місце, в якому зупинився час. Вільний час. Переїзд. Поселення в готелі. «Вечір з національним колоритом» ( Дорослий: 26€ / Діти до 12 років: 23€ ) з дегустацією румунської цуйки або вина і приємною вечерею&hellip; Ночівля в готелі. <div class=""",587
https://www.accordtour.com/tours/5019/tab/tab_price/tour_date/2026-04-29/cls_number_adult_cnt/%7B1:1%7D/cls_number_child_age/%7B%7D/tour_include_ins/true,Захопливий вікенд&hellip; + Трансфегераш,2,Сібіу – Алба-Юлія – Трансфагараш,"іданок. Виселення з готелю. Дорога під хмарами - Трансфегераш: 38€; нії, високогірних озер та річки з водоспадами. Замок Корвінів: 30€","Сніданок. Виселення з готелю. Дорога під хмарами - Трансфегераш ( Дорослий: 38€ / Діти до 12 років: 30€ + вх. квиток) Краса, що відкривається з кожним кілометром цієї неймовірної траси - зачаровує, власне це той випадок, про який говорять – краще один раз побачити&hellip;. Дорога кружляє серпантином поміж скелястих гір Трансільванії, високогірних озер та річки з водоспадами. Замок Корвінів ( Дорослий: 30€ / Діти: 21€ + вх. квиток) У невеликому містечку Хунедоара, велично височить неймовірно красивий замок з химерними вежами, розвідними мостами, справжня мрія романтика - замок Корвінів. Замок ч",600
https://www.accordtour.com/tours/5019/tab/tab_price/tour_date/2026-04-29/cls_number_adult_cnt/%7B1:1%7D/cls_number_child_age/%7B%7D/tour_include_ins/true,Захопливий вікенд&hellip; + Трансфегераш,3,Сігішоара – Ізмаїл,,"Сніданок. Виселення з готелю. ""Перлина Трансільванії"" - місто Сігішоара. (входить у вартість туру) В долині річки Тирнава Маре збереглося одне з середньовічних міст Європи, Сігішоара . Тут народився Влад Дракула, майбутній військовий губернатор Трансільванії і воєвода Валахії. Вулички цього старовинного міста-фортеці практично не змінилися з часів дитинства нашого героя. У будинку, де народився Дракула, сьогодні відкритий ресторан, де бажаючі можуть скуштувати дракулівську кухню. Символом міста є вежа з годинником, в стінах якої відкрито музей історії Сігішоари, а з балкона вежі відкривається ",600
https://www.accordtour.com/tours/5834/tab/tab_price/tour_date/2026-05-22/cls_number_adult_cnt/%7B1:1%7D/cls_number_child_age/%7B%7D/tour_include_ins/true,Побачення з вампіром!!! Бухарест+Брашов,1,Одеса – Ізмаїл,,"Виїзд з Одеси. Посадка в Ізмаїлі. Перетин кордону. Нічний переїзд в Бухарест. <div class=""",90
https://www.accordtour.com/tours/5834/tab/tab_price/tour_date/2026-05-22/cls_number_adult_cnt/%7B1:1%7D/cls_number_child_age/%7B%7D/tour_include_ins/true,Побачення з вампіром!!! Бухарест+Брашов,2,Бухарест,,"Найбільший термальний комплекс в Європі - Therme Bucurest (Трансфер: 21€ + вх. квиток ) У вільний час усім бажаючих пропонуємо відвідати найбільший термальний комплекс, у якому 8 басейнів з термальною водою багатою на мінеральні солі, 3-ри аромотерапевтичних басейни, сауни, джакузі, 16-ть водних гірок, pool bar, найбільший ботанічний сад в Румунії (500 пальм, 800 тис. Екзотичних рослин). Поселення в готелі. Місто парадоксів і контрастів, Бухарест (входить у вартість туру) поєднує в собі традиції Заходу і Сходу, що надає йому особливого, неповторного колориту. Оглядова екскурсія по місту: площа",600
https://www.accordtour.com/tours/5834/tab/tab_price/tour_date/2026-05-22/cls_number_adult_cnt/%7B1:1%7D/cls_number_child_age/%7B%7D/tour_include_ins/true,Побачення з вампіром!!! Бухарест+Брашов,3,Бран – Брашов – Сіная – Замок Пелеш – Трансильванія,час. Вільний час. У вільний час пропонуємо: Академія Невермор: 23€,"Сніданок. Виселення з готелю. Румунія – країна загадкова і красива. Переїзд в Брашов. «Румунський Зальцбург» - місто Брашов. (входить у вартість туру) Це одне з найкрасивіших середньовічних міст Румунії. Його шарм, підсилений гармонійним поєднанням готики, ренесансу та романського стилів, зачаровує і дарує чудові спогади про місце, в якому зупинився час. Вільний час. У вільний час пропонуємо: Академія Невермор ( Дорослий: 23€ / Діти до 16 років: 18€ + вх. квиток) Зйомки серіалу ""Уенсдей"", що став новим хітом проходили в Європі, та головним чином у Румунії. Серіал отримав чимало схвальних відгу",600
https://www.accordtour.com/tours/5834/tab/tab_price/tour_date/2026-05-22/cls_number_adult_cnt/%7B1:1%7D/cls_number_child_age/%7B%7D/tour_include_ins/true,Побачення з вампіром!!! Бухарест+Брашов,4,Ізмаїл – Одеса,,"Орієнтовне прибуття (залежить від проходження кордону) в Ізмаїл - 07:00, в Одесу – 11:00. До нових зустрічей! <div class=""",122
https://www.accordtour.com/tours/8444/tab/tab_price/tour_date/2026-05-24/cls_number_adult_cnt/%7B1:1%7D/cls_number_child_age/%7B%7D/tour_include_ins/true,"Там, де сонце торкається гірських вершин&hellip;",1,Одеса – Бухарест,,"Виїзд з Одеси (можливе приєднання до групи в Ізмаїлі). Переїзд в Бухарест. Поселення в готелі. У вільний час усім бажаючим рекомендуємо відвідати: Найбільший термальний комплекс в Європі - Therme Bucurest (Трансфер: 21€ + вх. квиток ) У вільний час усім бажаючих пропонуємо відвідати найбільший термальний комплекс, у якому 8 басейнів з термальною водою багатою на мінеральні солі, 3-ри аромотерапевтичних басейни, сауни, джакузі, 16-ть водних гірок, pool bar, найбільший ботанічний сад в Румунії (500 пальм, 800 тис. Екзотичних рослин). Повернення в готель. Ночівля в готелі. <div class=""",589
https://www.accordtour.com/tours/8444/tab/tab_price/tour_date/2026-05-24/cls_number_adult_cnt/%7B1:1%7D/cls_number_child_age/%7B%7D/tour_include_ins/true,"Там, де сонце торкається гірських вершин&hellip;",2,Бухарест – Сібіу – Алба-Юлія,,"Сніданок. Виселення з готелю. Екскурсія столицею Румунії – містом Бухарест. (входить у вартість туру) Місто розташоване на Валашському плоскогір&rsquo;ї, біля підніжжя Карпат, та оточене Дунаєм, місто стало столицею Валахії за часів правління легендарного Влада Цепеша. Місто парадоксів та контрастів, Бухарест поєднує у собі традиції Заходу та Сходу, що додає йому особливого та неповторного колориту. Оглядова екскурсія по місту: площа Конституції, площа Революції, монумент Відродження та будинок уряду. Напроти цього місця розташований і палац першого румунського короля Карла Першого, у якому ро",600
https://www.accordtour.com/tours/8444/tab/tab_price/tour_date/2026-05-24/cls_number_adult_cnt/%7B1:1%7D/cls_number_child_age/%7B%7D/tour_include_ins/true,"Там, де сонце торкається гірських вершин&hellip;",3,Сібіу – Хунедоара – Трансфагараш – Алба-Юлія,"на вибір): Замок Корвінів: 21€; бароко, готику і неоготику. Дорога під хмарами - Трансфегераш: 55€","Сніданок. Виселення з готелю. Перееїзд в Хунедоару. У вільний час, всім бажаючим пропонуємо відвідати (на вибір): Замок Корвінів ( Дорослий: 21€ / Діти: 16€ + вх. квиток) У невеликому містечку Хунедоара, велично височить неймовірної краси замок, з химерними вежами, розвідними мостами, справжня мрія романтика - замок Корвінів. Замок чудово підійде в якості ілюстрації до книжкових глав про ренесанс, бароко, готику і неоготику. Дорога під хмарами - Трансфегераш ( Дорослий: 55€ / Діти: 38€ ) Краса, що відкривається з кожним кілометром цієї неймовірної траси - зачаровує, власне це той випадок, про ",600
https://www.accordtour.com/tours/8444/tab/tab_price/tour_date/2026-05-24/cls_number_adult_cnt/%7B1:1%7D/cls_number_child_age/%7B%7D/tour_include_ins/true,"Там, де сонце торкається гірських вершин&hellip;",4,Сігішоара – Б єртан – Брашов – Пояна Брашов,,"Сніданок. Виселення з готелю. Переїзд на Батьківщину графа Дракули – у Сігішоару... У долині річки Тирнава Маре збереглось одне з середньовічних міст Європи, ""Перлина Трансільванії"" - місто Сігішоара. Тут народився Влад Дракула, майбутній воєнний губернатор Трансільванії та воєвода Валахії. Вулички цього старовинного міста-фортеці практично не змінились з дитинства нашого героя. У будинку, де народився Дракула, сьогодні відкрито ресторан, де бажаючі можуть скуштувати дракуловської кухні. Символом міста Сігішоари є Башта з годинником, в стінах якої відкрито музей історії Сігішоари, а з балкону ",600
https://www.accordtour.com/tours/8444/tab/tab_price/tour_date/2026-05-24/cls_number_adult_cnt/%7B1:1%7D/cls_number_child_age/%7B%7D/tour_include_ins/true,"Там, де сонце торкається гірських вершин&hellip;",5,Пояна Брашов – Бран – Замок Пелеш – Сіная – Трансильванія – Ізмаїл – Одеса,асивіших замки в Трансільванії – Замок Дракули та Палац Пелеш: 33€,"Сніданок. Виселення з готелю. Сьогодні пропонуємо відвідати два найкрасивіших замки в Трансільванії – Замок Дракули та Палац Пелеш ( Дорослий: 33€ / Діти: 21€ + вх. квиток) Всім бажаючим пропонуємо відвідати два найкрасивіших замки в Трансільванії – Замок Дракули та Палац Пелеш. У величезній долині, на схилі могутньої скелі височіє неприступний і зловісний замок &laquo;Графа Дракули&raquo;. Тут є все - серпантини сходів, лабіринти підземних ходів, дивовижна колекція зброї та мисливських трофеїв... Страшна казка про графа Дракулу була відзнята саме тут... Але іноді хочеться вірити у казку, наві",600
https://www.accordtour.com/tours/863885/tab/tab_price/tour_date/2026-12-30/cls_number_adult_cnt/%7B1:1%7D/cls_number_child_age/%7B%7D/tour_include_ins/true,Вікенд з родзинкою&hellip; Замок Корвінів + Турда!,1,Львів – Мукачево – Орадя – Беєле Фелікс,,"Прибуття у Львів. Збір на залізничному вокзалі Львова. Відправлення в тур. Можлива підсадка в Стрию (+1 година з моменту відправлення в тур), Мукачево (+4 години з моменту відправлення в тур). Переїзд в Орадя. Поселення в готель. У вільний час усім бажаючим рекомендуємо відвідати: Appolo Resort and Spa в містечку Бейле Фелікс (Трансфер: 16€ + вх. квиток ) Комплекс з природньою термальною водою. Курорт Бейле Фелікс - розташований поблизу Західних Румунських гір на пагорбах, покритих лісами, які створюють ідеальну атмосферу для любителів СПА відпочинку в будь-яку пору року. Перлина Трансільванії",600
https://www.accordtour.com/tours/863885/tab/tab_price/tour_date/2026-12-30/cls_number_adult_cnt/%7B1:1%7D/cls_number_child_age/%7B%7D/tour_include_ins/true,Вікенд з родзинкою&hellip; Замок Корвінів + Турда!,2,Тімішоара – Хунедоара – Алба-Юлія,готелю. Переїзд до замку Корвінів. Екскурсія містом Тімішоара: 30€,"Сніданок. Виселення з готелю. Переїзд до замку Корвінів. Екскурсія містом Тімішоара ( Дорослий: 30€ / Діти: 23€ ) Чарівність міста Тімішоара полягає в особливому характері його архітектури і яскравому культурному житті. Часто місто називають &laquo;маленьким Віднем&raquo;, круглий рік в ньому проходять музичні та театральні вистави, тут безліч художніх галерей, музеїв, соборів. Замок Корвінів (входить у вартість + вх. квиток) У невеликому містечку Хунедоара, велично височить неймовірно красивий замок з химерними вежами, розвідними мостами, справжня мрія романтика - замок Корвінів. Замок чудово",600
https://www.accordtour.com/tours/863885/tab/tab_price/tour_date/2026-12-30/cls_number_adult_cnt/%7B1:1%7D/cls_number_child_age/%7B%7D/tour_include_ins/true,Вікенд з родзинкою&hellip; Замок Корвінів + Турда!,3,Турда – Мукачево – Львів,,"Сніданок. Виселення з готелю. Вільний час. У вільний час пропонуємо: Соляна шахта Турда (Трансфер: 18€ + вх. квиток ) Соляна шахта в Турді займає 1-е місце серед найкрасивіших місць в світі, які знаходяться під землею, випереджаючи Печеру кристалів в Мексиці і церкви Сан-Клементе і Санта Марія в Римі. В даний час соляна шахта є музеєм гірничої справи, а також має парк розваг з баскетбольними кільцями, міні-гольфом, каруселями та підземнихм озером по якому можна кататися на човні. Повернення в Клуж. Переїзд в Україну. Орієнтовне прибуття (залежить від проходження кордону) в Мукачево - 20:00, у ",600
https://www.accordtour.com/tours/668031,У компанії з морем: Відпочинок на Егейському узбережжі,1,Одеса,,"Виїзд з Одеси (можливе приєднання до групи в Ізмаїлі). Перетин кордону. Нічний переїзд в Грецію. <div class=""",109
https://www.accordtour.com/tours/668031,У компанії з морем: Відпочинок на Егейському узбережжі,2,Відпочинок на узбережжі Егейського моря – Діон – Олімп – Паралія,,"Прибуття в Грецію. Ласкаво просимо в Грецію! Прибуття на узбережжя Егейського моря. Поселення в готелі. Прозора морська вода, просторі піщані пляжі і незвичайно м який клімат створили всі умови для прекрасного відпочинку. Узбережжя Егейського моря може подарувати своїм гостям разючі враження від знайомства з прекрасним і гармонійним світом Стародавньої Греції, зі славною історією Римської Імперії і з іншими епохами розвитку людства. Уздовж усього узбережжя розташовані риболовецькі порти, курорти, руїни стародавніх поселень, що свідчать про більш ніж п ятитисячолітньої історії, культурі та міфо",600
https://www.accordtour.com/tours/668031,У компанії з морем: Відпочинок на Егейському узбережжі,3,Відпочинок на узбережжі Егейського моря – Метеори – Скіатос – Вергина – Арідея – Салоніки,ок на морі. Всім бажаючим пропонуємо: Круїз на острів Скіатос: 56€,"Сніданок. Вільний день. Відпочинок на морі. Всім бажаючим пропонуємо: Круїз на острів Скіатос ( Дорослий: 56€ / Діти до 16 років: 51€ ) Скіатос - дивовижний острів, який по праву називають &laquo;Діамантом Егейського моря&raquo;. Природна краса острова, архітектура, яка поєднує в собі характерні риси прибережних і гірських сіл, сучасна інфраструктура та легка досяжність зробили Скіафос улюбленим місцем відпочинку греків і туристів з усіх країн світу. Голлівудські продюсери не даремно вибрали Скіафос з його мальовничими бухтами і пляжами, з кристально - чистими водами в якості місця зйомок одно",600
https://www.accordtour.com/tours/668031,У компанії з морем: Відпочинок на Егейському узбережжі,5,Відпочинок на узбережжі Егейського моря,,"Сніданок. Відпочинок на морі. У другій половині дня виїзд з курорту, нічний переїзд в Україну. <div class=""",107
https://www.accordtour.com/tours/668031,У компанії з морем: Відпочинок на Егейському узбережжі,6,Одеса – Ізмаїл,,"Орієнтовний час прибуття (залежить від проходження кордону) в Ізмаїл - 17:00, в Одесу - 22:00. До нової зустрічі! <div class=""",126
https://www.accordtour.com/tours/8866,"Посмішка Кармен! Любляна, Мілан, Барселона, Ніцца та Венеція!",1,Львів,ності. Для всіх бажаючих рекомендуємо: У світлі тисячі вогнів: 30€,"Відправлення в тур. (Місце відправки: залізничний вокзал м.Львів, площа Двірцева 1). Можливість приєднатися до групи в Стрию, Мукачеві. Переїзд в Будапешт. Запрошуємо Вас на невелику вечірню екскурсію. Шарм нічного Будапешта (входить у вартість туру) Прогулянка вулицею Ваці — це зустріч із елегантним, святковим Пештом. Тут серед ароматів кави, вітрин і музики відчуваєш справжній пульс міста. На набережній Корзо відкривається найкраща панорама на Будайську фортецю, а вечірнє світло додає прогулянці нотку чарівності. Для всіх бажаючих рекомендуємо: У світлі тисячі вогнів ( Дорослий: 30€ / Діти: ",600
https://www.accordtour.com/tours/8866,"Посмішка Кармен! Любляна, Мілан, Барселона, Ніцца та Венеція!",2,Любляна – Блед – Водоспад Шум,,"Нас зустрічає Словенія! Привітна Любляна – затишна і мила (входить у вартість туру) Столиця Словенії Любляна - невелике, але дуже гарне місто, розташоване на обох берегах ріки Любляниці. На правому березі ріки лежить Старе місто, на лівому – парадні будівлі минулого століття. Мабуть, саме знамените місце в Любляні – Люблінський Град – старий замок, зведений ще в 10-11 століттях. Найбільш центральною частиною Любляни є Тримістя – три пішохідних мости, перекинуті через ріку Любляницю і прикрашені драконами... Словенці і, звичайно, мешканці столиці дуже любять своє місто, і справедливо вважають, ",600
https://www.accordtour.com/tours/8866,"Посмішка Кармен! Любляна, Мілан, Барселона, Ніцца та Венеція!",3,Мілан – Шопінг в Мілані – Турин – Бергамо – озеро Комо,,"Сніданок. Місто моди і мистецтва – Мілан (входить у вартість туру) У цьому місті є все: античність і сучасність, прогрес і культура. Найдавніше місто, яке вважається одним з найдинамічніших в Європі. Мілан – столиця моди і дизайну, але також і місто, багате пам'ятками архітектури і творами мистецтва. Нашій увазі символ Мілана – Домський Собор. Побудований в готичному стилі грандіозний Собор Дуомо міланці жартома називають ""Їжачком"". Вітражі Дуомо вражають своєю красою і незвичністю. Ми побачимо всесвітньо відомий оперний театр ""Ла Скала"". Театр, який відомий далеко за межами міста своєї незрів",600
https://www.accordtour.com/tours/8866,"Посмішка Кармен! Любляна, Мілан, Барселона, Ніцца та Венеція!",4,Барселона – Фламенко шоу – Іспанське село,,"Сніданок. Переїзд в Барселону. Ola, Іспанія! – батьківщина відважних тореро та пристрасної Кармен! Країна-мрія, країна-загадка! Протягом усієї своєї історії Іспанія хвилювала уяву людей. Древні греки вважали, що в її садах ростуть золоті яблука, а для арабів вона була Воротами в Рай. Іспанія — це зустріч з гостинністю та радістю життя, хвилююча іспанська гітара, натхненні серенади, палке фламенко та знаменита корида. Весела та усміхнена – Барселона (входить у вартість туру) Барселона — вишукана, елегантна та романтична, але водночас сповнена енергії та шарму портового міста. Її неповторна атмо",600
https://www.accordtour.com/tours/8866,"Посмішка Кармен! Любляна, Мілан, Барселона, Ніцца та Венеція!",5,Барселона – Монсеррат – Порт Авентура – Камп Ноу – будинок Міла (Каса Міла),лоні. Рекомендуємо на вибір: Святиня Іспанії – гора Монсеррат: 61€,"Сніданок. Вільний день в Барселоні. Рекомендуємо на вибір: Святиня Іспанії – гора Монсеррат ( Дорослий: 61€ / Діти: 46€ + вх. квиток) На дивній та незвичайній формі гори Монсеррат знаходиться старовинний монастир, де зберігається образ святої діви – ""Чорна Мадонна""&hellip; Згідно легенді в IX столітті тут знайшли статую ""Чорної Мадонни"". Її спробували спустити донизу, проте чим далі її несли, тим важкішою вона ставала. І тоді вирішили лишити її на вершині, а поряд заснували монастир&hellip; Гора Монсеррат, розпилена ангелами, яка оберігається ""Чорною Мадонною"", і є надзвичайно красивою! Вона р",600
https://www.accordtour.com/tours/8866,"Посмішка Кармен! Любляна, Мілан, Барселона, Ніцца та Венеція!",6,Монако – Ніцца – Сен-Тропе,"Вільний час, рекомендуємо: Ніцца – королева Лазурного Берега: 26€","Сніданок. Лазуровий берег, Французька Рив єра... ці назви, немов музика, обіцяють розкіш та красу, втілюючи мрію про безтурботний відпочинок. Тут буденні турботи здаються далекими та нереальними, а навколишній світ настільки захоплюючий, що час ніби завмирає, боячись порушити цю крихку гармонію. Кожен куточок Рив єри дихає спокоєм та елегантністю, даруючи відчуття, що мрії стають реальністю Вільний час, рекомендуємо: Ніцца – королева Лазурного Берега ( Дорослий: 26€ / Діти до 16 років: 18€ ) Чарівна, витончена і ніжна: Англійський берег, Квітковий ринок, Площа Массена, старе місто, Замкова гор",600
https://www.accordtour.com/tours/8866,"Посмішка Кармен! Любляна, Мілан, Барселона, Ніцца та Венеція!",7,Венеція – Острови Мурано та Бурано – Венеціанська Лагуна – Гранд Канал – Палац дожів,У вільний час рекомендуємо на вибір: Острови Мурано і Бурано: 55€,"Сніданок. Екскурсія Заручена з морем Венеція (входить у вартість туру) Місто на воді, де кам&rsquo;яна казка пливе крізь час. Венеція — це карнавальні маски, гондоли, дзвони Сан-Марко і аромати справжньої італійської кави. Тут канали шепочуть історії, а кожен куточок — як сцена з фільму. Атмосфера, яку не сплутаєш ні з чим. (додаткова оплата громадський транспорт 30€/28€) У вільний час рекомендуємо на вибір: Острови Мурано і Бурано ( Дорослий: 55€ / Діти до 12 років: 41€ ) Пропонуємо мандрівку прекрасною венеціанською лагуною на острови Мурано і Бурано . Острів Мурано - Венеція в мініатюрі. Пр",600
https://www.accordtour.com/tours/8866,"Посмішка Кармен! Любляна, Мілан, Барселона, Ніцца та Венеція!",8,Купальні Сечені – Долина Красунь – Львів,,"Переїзд в гостинну Угорщину – країну термальних джерел, паприки і вина! Тут всупереч вихором історії, збереглося чимало шедеврів, з якими варто познайомитися: стародавні пам ятники Римської імперії сусідять з будівлями часів турецького ярма, романськими храмами з гордо – неприступними фортецями середньовіччя... Рекомендуємо: Термальні купальні графа Сечені (вх. квиток) Заряд бадьорості і енергії на цілий день! Тропікарій – Океанарій (Трансфер: 10€ + вх. квиток ) Найбільший в Центральній Європі. 8 залів! Де вирує життя тропіків і океанських глибин - алігатори, морські скати, великі пітони, сонн",600
https://www.accordtour.com/tours/680163,Моя гірська симфонія...,1,Одеса – Варна,,"Виїзд з Одеси. Перетин кордону. Переїзд в Варну, поселення в готель. Ночівля в готелі. <div class=""",99
https://www.accordtour.com/tours/680163,Моя гірська симфонія...,2,Несебр – Стамбул,ворюючи в місті атмосферу тепла і затишку. Морська прогулянка: 18€,"Сніданок. Виселення з готелю. Переїзд в Несебр. Екскурсія «Казковий Несебр» (входить у вартість туру) Сьогодні нас очікує відвідування одного з найдавніших міст Болгарії. Маленькі, вимощені бруківкою вулички, старовинні будиночки, середньовічні церкви і дерев'яні будівлі надають містечку особливу чарівність. Слов&rsquo;янські та грецькі архітектурні традиції дивовижно переплітаються, створюючи в місті атмосферу тепла і затишку. Морська прогулянка ( Дорослий: 18€ / Діти до 16 років: 16€ ) Нас чекає незабутня морська прогулянка на кораблику. З його борту Несебр виглядає ще загадковіше. Натхненни",600
https://www.accordtour.com/tours/680163,Моя гірська симфонія...,3,Стамбул – Салоніки,,"Сніданок. Виселення з готелю. Екскурсія «Турецький діамант – Стамбул» (входить у вартість туру) Неначе стародавню скарбницю, ця екскурсія відкриє для нас величний Стамбул, котрий повен чудесних місць, чарівних пам&rsquo;яток історії, культури та архітектури. Усього за кілька годин ми побачимо Блакитну мечеть, Римський іподром, турецькі бані Роксолани, міст через Босфор, палац Топкапи, площу Султана Ахмеда, а також побуваємо на оглядовому майданчику в азіатській частині міста. Стамбул як ніяке інше місто у світі славиться численними магазинами, торгівельними центрами та ринками&hellip; Під час ",600
https://www.accordtour.com/tours/680163,Моя гірська симфонія...,4,Метеори – Салоніки,,"Сніданок. Виселення з готелю. Вільний час. У вільний час пропонуємо: «Столиця Північної Греції - Салоніки» (входить у вартість туру) Місто було засноване в 314 р. до н.е. і пройшло тривалий історичний шлях. Сьогодні місто заслужено називають музеєм під відкритим небом, так як крім свого вражаючого віку, місто багате чудовими пам'ятками світової історії. Тут колись розташовувалася резиденція римського імператора Галерія. А згідно зі словами Апостола Павла, це місце є &laquo;золотими воротами християнства&raquo;. Під час оглядової екскурсії по місту ми побачимо символ міста - Білу Вежу, Храм Свя",600
https://www.accordtour.com/tours/680163,Моя гірська симфонія...,5,Скоп є – Велико-Тирново,,"Сніданок. Виселення з готелю. Екскурсія Екскурсія столицею Македонії - містом Скоп є. (входить у вартість туру) В місті панує приємна і дружня атмосфера, тут чудесним чином поєднуються різноманітні культури та релігії, а населення вражає своєю повагою і розумінням один до одного. Для того, щоб відчути все багатство містечка, ми відвідаємо найвідоміші пам'ятки, такі як чарівна фортеця Кале, що височіє над лівим берегом річки Вардар, древній Кам'яний міст, монастир Святого Пантелеймона, церква Святого Микити, соборний храм Святого Климента Охридського. Також ми побачимо православну церкву Святог",600
https://www.accordtour.com/tours/680163,Моя гірська симфонія...,6,Бухарест – Одеса,на вибір): Екскурсія по столиці Румунії – Бухаресту: 38€; надає йому особливого неповторного колориту. Therme Bucurest: 18€,"Сніданок. Виселення з готелю. Переїзд в Бухарест. У вільний час, всім бажаючим пропонуємо відвідати (на вибір): Екскурсія по столиці Румунії – Бухаресту ( Дорослий: 38€ / Діти до 12 років: 30€ ) Місто розташоване на Валашському плоскогір'ї, біля підніжжя Карпат, оточене Дунаєм, місто стало столицею Валахії під час правління легендарного Влада Цепеша. Місто парадоксів і контрастів, воно поєднує в собі традиції Заходу і Сходу, що надає йому особливого неповторного колориту. Therme Bucurest ( Дорослий: 18€ / Діти до 16 років: 16€ + вх. квиток) В комплексі 8 басейнів з термальною водою багатою на ",600
https://www.accordtour.com/tours/311081/tab/tab_price/tour_date/2026-05-31/cls_number_adult_cnt/%7B1:1%7D/cls_number_child_age/%7B%7D/tour_include_ins/true,"Таємничий вікенд... Невермор, Дракула, Бухарест...",1,Львів – Тернопіль – Чернівці – Онешті,,"Виїзд зі Львова. Можлива посадка в Тернополі (+3 год. з моменту відправки у тур), Чернівцях (+8 год.з моменту відправки у тур). Поселення в транзитному готелі на території Румунії. Вільний час. Ночівля в готелі. <div class=""",224
https://www.accordtour.com/tours/311081/tab/tab_price/tour_date/2026-05-31/cls_number_adult_cnt/%7B1:1%7D/cls_number_child_age/%7B%7D/tour_include_ins/true,"Таємничий вікенд... Невермор, Дракула, Бухарест...",2,Бран – Пояна Брашов – Ришнов – Брашов,,"Сніданок. Виселення з готелю. Переїзд в Бран. Замок «Графа Дракули» (входить у вартість + вх. квиток) У величезній долині, на схилі могутньої скелі височить неприступний і зловісний замок &laquo;Графа Дракули&raquo;. Серпантини сходів, лабіринти підземних ходів, дивовижна колекція зброї і мисливських трофеїв&hellip; Страшна казка про графа Дракулу була відзнята саме тут&hellip; Але іноді хочеться вірити в казку, навіть коли вона дуже страшна&hellip; По-перше, з нами буде гід, а по-друге, всім відомо, що всі казки просто зобов'язані закінчитися красиво! Оточують замок дуже милі сувенірні крамни",600
https://www.accordtour.com/tours/311081/tab/tab_price/tour_date/2026-05-31/cls_number_adult_cnt/%7B1:1%7D/cls_number_child_age/%7B%7D/tour_include_ins/true,"Таємничий вікенд... Невермор, Дракула, Бухарест...",3,Буштень – Сіная – Бухарест – Бузeу,"вермор"". Вільний час. У вільний час пропонуємо: Палац «Пелеш»: 26€","Сніданок. Виселення з готелю. Переїзд в Буштені. Академія Невермор (вх. квиток) Зйомки серіалу ""Уенсдей"", що став новим хітом проходили в Європі, та головним чином у Румунії. Серіал отримав чимало схвальних відгуків, тому не дивно, що локації зйомок стали ""must visit"". Однією з таких локацій є витончений замок Кактакузино в містечку Буштені, збудований на початку ХХ століття, в серіалі зіграв роль ""Академії Невермор"". Вільний час. У вільний час пропонуємо: Палац «Пелеш» ( Дорослий: 26€ / Діти до 16 років: 23€ + вх. квиток) Екскурсія літньою резиденцією королівської сім'ї Румунії, відвідування ",600
https://www.accordtour.com/tours/311081/tab/tab_price/tour_date/2026-05-31/cls_number_adult_cnt/%7B1:1%7D/cls_number_child_age/%7B%7D/tour_include_ins/true,"Таємничий вікенд... Невермор, Дракула, Бухарест...",4,Чернівці – Тернопіль – Львів,,"Сніданок. Виселення з готелю. Виїзд в Україну. Орієнтовне прибуття (залежить від проходження кордону) в Чернівці - 17:00, в Тернопіль - 20:00, во Львов 23:00. <div class=""",171
https://www.accordtour.com/tours/686111,Солодкі дотики моря... Греція! Відпочинок на Егейському морі!,1,Львів,,"Виїзд зі Львова. Перетин кордону. Можливе приєднання до туру: Стрий, Долина, Калуш, Івано-Франківськ, Коломия, Заболотів, Снятин, Чернівці. Нічний переїзд до Греції. <div class=""",178
https://www.accordtour.com/tours/686111,Солодкі дотики моря... Греція! Відпочинок на Егейському морі!,2,Відпочинок на узбережжі Егейського моря – Олімп – Паралія,,"Ласкаво просимо до Греції. Прибуття на узбережжя Егейського моря. Поселення в готелі. Прозора морська вода, просторі піщані пляжі і незвичайно м який клімат створили всі умови для прекрасного відпочинку. Узбережжя Егейського моря може подарувати своїм гостям разючі враження від знайомства з прекрасним і гармонійним світом Стародавньої Греції, зі славною історією Римської Імперії і з іншими епохами розвитку людства. Уздовж усього узбережжя розташовані риболовецькі порти, курорти, руїни стародавніх поселень, що свідчать про більш ніж п ятитисячолітньої історії, культурі та міфології... Відпочино",600
https://www.accordtour.com/tours/686111,Солодкі дотики моря... Греція! Відпочинок на Егейському морі!,3,Відпочинок на узбережжі Егейського моря – Афіни – Метеори – Скіатос – Салоніки – Арідея – Едеса – Неа Потідея – Каллітея – Афітос,ок на морі. Всім бажаючим пропонуємо: Круїз на острів Скіатос: 56€,"Сніданок. Вільний день. Відпочинок на морі. Всім бажаючим пропонуємо: Круїз на острів Скіатос ( Дорослий: 56€ / Діти до 16 років: 51€ ) Скіатос - дивовижний острів, який по праву називають &laquo;Діамантом Егейського моря&raquo;. Природна краса острова, архітектура, яка поєднує в собі характерні риси прибережних і гірських сіл, сучасна інфраструктура та легка досяжність зробили Скіафос улюбленим місцем відпочинку греків і туристів з усіх країн світу. Голлівудські продюсери не даремно вибрали Скіафос з його мальовничими бухтами і пляжами, з кристально - чистими водами в якості місця зйомок одно",600
https://www.accordtour.com/tours/686111,Солодкі дотики моря... Греція! Відпочинок на Егейському морі!,9,Відпочинок на узбережжі Егейського моря,,"Сніданок. Відпочинок на морі. В другій половині дня виїзд в Україну. Нічний переїзд. <div class=""",97
https://www.accordtour.com/tours/686111,Солодкі дотики моря... Греція! Відпочинок на Егейському морі!,10,,,"Перетин кордонів. Можливе від’єднання: Рогатин, Бурштин, Івано-Франківськ, Коломия, Чернівці. Час прибуття до Львова орієнтовно 23:00 (залежить від проходження кордону). Місце прибуття у Львові - залізничний вокзал. До нової зустрічі! <div class=""",247
https://www.accordtour.com/tours/803886,Сонячна розкіш Чорногорія + Хорватія Відпочинок на морі в Чорногорії,1,Львів – Стрий – Мукачево – Ужгород – Будапешт,"ци. Тут Пешт ошатний, святковий навіть в будні! Таємнича Буда: 18€","Зустріч на залізничному вокзалі Львова (пл.Двірцева 1). Виїзд в тур. Перетин кордону. При бажанні групи і наявності часу. Екскурсії на вибір: Екскурсія Шарм нічного Будапешту (входить у вартість туру) Ми проведемо вільний час в улюбленому місці прогулянок угорської знаті - набережній Корзо і фешенебельній вулиці Ваци. Тут Пешт ошатний, святковий навіть в будні! Таємнича Буда ( Дорослий: 18€ / Діти до 16 років: 13€ , до 6 років: 0€ ) Один з самих романтичних та старовинних куточків Будапешта... Ніби маленьке середньовічне місто з мальовничими вуличками і стародавніми будівлями... Будайська форт",600
https://www.accordtour.com/tours/803886,Сонячна розкіш Чорногорія + Хорватія Відпочинок на морі в Чорногорії,2,Плитвицькі озера – Макарська – Спліт – Трогір,Одна з екскурсій на вибір: Природне чудо - Плітвицькі озера: 38€,"Сніданок. Переїзд в Хорватію – чарівну країну соснових лісів, евкаліптових гаїв, співаючих водопадів і безлюдних островів. “Терра інкогніта” в самому центрі Європи. Що ж, в житті завжди є місце для відкриття! При бажанні групи і наявності часу. Одна з екскурсій на вибір: Природне чудо - Плітвицькі озера ( Дорослий: 38€ / Діти до 16 років: 31€ + вх. квиток) Національний парк Плітвіцькі озера - це візитна картка Хорватії, унікальне природне утворення і однозначне &laquo;must see&raquo;. Хорвати часто називають це місце ""восьмим чудом світу"": 16 озер дивовижної чистоти і незвичайної краси пов'яза",600
https://www.accordtour.com/tours/803886,Сонячна розкіш Чорногорія + Хорватія Відпочинок на морі в Чорногорії,3,Дубровник – Будванська рів єра,Вільний час. Для бажаючих: Перлина Адріатики - Дубровник!: 30€,"Сніданок. Мелодія хвиль Адріатичного моря… Запрошуємо на один з пляжів біля Дубровніка &hellip; кришталево чиста вода, унікальна атмосфера спокою&hellip;. Вільний час. Для бажаючих: Перлина Адріатики - Дубровник! ( Дорослий: 30€ / Діти до 12 років: 18€ ) Дубровник - романське, готичне, ренесансне і барокове місто - все в одному, перлина Адріатики . Одне з найпрекрасніших міст Європи. Місто розташоване на скелі, біля самого моря. Рідко де можна зустріти таку красу, гармонію і велич. &laquo;Той, хто шукає рай на землі, повинен відвідати Дубровник&raquo; - так сказав Бернард Шоу про це дивовижне ",600
https://www.accordtour.com/tours/803886,Сонячна розкіш Чорногорія + Хорватія Відпочинок на морі в Чорногорії,4,Будванська рів єра – Будва,,"Сніданок. Відпочинок на морі на Будванскій Рив єрі. Вільний день для відпочинку на морі. Ми зможемо відпочити від дороги, насолодитися ласкавим бризом моря з ароматом солоного повітря. Зручно влаштуємось на пляжі та будемо слухайте шепіт хвиль. Цей день — ідеальна нагода зануритися в спокій та відновити енергію під яскравим сонцем, освіжитись в прозорих водах та насолодитись морем… Вечірня екскурсія Екскурсія Будва – морська столиця (входить у вартість туру) Старе місто Будви витончено вплетено в тканину історії та занурене в старовинну красу, де кожен камінчик зберігає легенди і кожна вуличка",600
https://www.accordtour.com/tours/803886,Сонячна розкіш Чорногорія + Хорватія Відпочинок на морі в Чорногорії,5,Будванська рів єра – Боко-Которська затока – Котор – Пераст,вільний час рекомендуємо: Мальовнича Боко- Которська Рів’єра: 50€,"Сніданок. Відпочинок на морі на Будванскій Рив єрі. У вільний час рекомендуємо: Мальовнича Боко- Которська Рів’єра ( Дорослий: 50€ / Діти до 16 років: 36€ ) Боко-Которська затока - справжня перлина Адріатичного узбережжя. Вона вражає своєю унікальною формою, схожою на лотос, і створює неперевершений образ на фоні кришталевих вод Адріатичного моря. Прогулянка вздовж цих берегів -це подорож у часі. Води затоки, мов велике дзеркало, де відображаються гірські вершини та стародавні фортеці. Затишне місто Котор - справжнє диво Чорногорії. Прогулянка по місту та вільний час посмакувати місцеві напої ",600
https://www.accordtour.com/tours/803886,Сонячна розкіш Чорногорія + Хорватія Відпочинок на морі в Чорногорії,6,Скадарське озеро,дна з екскурсій на вибір: Симфонія природи - Скадарське Озеро: 55€,"Сніданок. Відпочинок на морі на Будванскій Рив єрі. У вільний час рекомендуємо: Одна з екскурсій на вибір: Симфонія природи - Скадарське Озеро ( Дорослий: 55€ / Діти до 12 років: 38€ ) Саме відоме озеро– заповідник на Балканах. Скадарське Озеро славиться своєю чистотою та кришталевою водою. Дихайте свіжим повітрям, слухайте спів птахів і насолоджуйтеся першими променями сонця, що розсіюються на поверхні води – познайомтесь з природною розкішшю цього місця. Ми побачимо селища рибалок, у яких зберігся справжній дух провінційної Чорногорії та традиції гостинності. Відвідаємо старовинне місто Вірп",600
https://www.accordtour.com/tours/803886,Сонячна розкіш Чорногорія + Хорватія Відпочинок на морі в Чорногорії,7,Каньйони Тара і Морача – рафтинг річкою Тара – Херцег-Новий,ндуємо: Неймовірна Чорногорія: Герцег Нови та Блакитна печера: 55€,"Сніданок. Відпочинок на морі на Будванскій Рив єрі. У вільний час рекомендуємо: Неймовірна Чорногорія: Герцег Нови та Блакитна печера ( Дорослий: 55€ / Діти до 12 років: 43€ ) Під час екскурсії ми відвідаємо одне з самих красивих міст Чорногорії, місто квітів - Герцег Нови. Архітектура міста створювався боснійцями, венеціанцями, турками, австрійцями і навіть іспанцями&hellip; Все місто розташоване на схилі, що створює особливий затишок, адже з кожної вулички відкривається приголомшливий вид на море!!! Місто дуже зелене і завжди квітуче, дивно як на вузьких вулицях і в тісних двориках поміщаєть",600
https://www.accordtour.com/tours/803886,Сонячна розкіш Чорногорія + Хорватія Відпочинок на морі в Чорногорії,8,Будванська рів єра – Острог – Цетинє – Негуши,бажаючих на вибір: Серце Чорногорії. Цетинє – Ловчен – Негуши: 48€,"Сніданок. Відпочинок на морі на Будванскій Рив єрі. Для бажаючих на вибір: Серце Чорногорії. Цетинє – Ловчен – Негуши ( Дорослий: 48€ / Діти до 12 років: 41€ ) Сьогодні ми відправляємося у стародавню столицю Чорногорії – Цетинє. Місто вважається духовним та культурним центром країни. Ми відвідаємо відомий місцевий монастир, у якому зберігаються мощі Святого Петра Цетиньського та дві унікальні християнські реліквії – рука Святого Іоанна Хрестителя, якою він хрестив Ісуса, та частина хреста, на якому був розп&rsquo;ятий Ісус. Далі ми проїдемо через надзвичайно гарні місця, відомі як &laquo;Кам&r",600
https://www.accordtour.com/tours/803886,Сонячна розкіш Чорногорія + Хорватія Відпочинок на морі в Чорногорії,9,Будванська рів єра – Тирана – озеро Коман,"й час, для всіх рекомендуємо екскурсії на вибір: Fish- пікнік: 65€","Сніданок. Відпочинок на морі на Будванскій Рив єрі. Вільний час, для всіх рекомендуємо екскурсії на вибір: Fish- пікнік ( Дорослий: 65€ / Діти до 16 років: 50€ ) Поїздка на катері вздовж мальовничих берегів Чорногорії . Відпочиваємо та насолоджуємось життям&hellip;. Катер буде зупинятись в затишних бухтах на найгарніших островах узбережжя. Ми будемо засмагати і плавати в надзвичайно чистих водах Адріатики. Рибний пікнік – це незабутня атракція, ввічливий капітан, що пригостить аперитивом, смачний чорногорський обід. Зупинки на купання з корабля в теплих лагунах, королівські пляжі, та незабутня",600
https://www.accordtour.com/tours/803886,Сонячна розкіш Чорногорія + Хорватія Відпочинок на морі в Чорногорії,10,Будванська рів єра,,"Сніданок. Виселення з готелю. Час прощатись з морем... До скорої зустрічі... Зранку, коли небо ще м'яко освітлюється першими променями сонця, прощання з морем набуває особливо чарівного настрою. Перед самим від'їздом ми вирушаємо на пляж, де хвилі ласкаво обіймають берег, нагадуючи про вічний ритм моря. Кришталева вода, де відбивається сонце, залишить нам самі теплі спогади... А ми їдемо додому, поспішаючи назустріч новим пригодам... Хто не встиг, буде ще трошки часу на купівлю подарунків. Гірський мед, лоза, або ракія, прошутто, великий вибір сирів - оберіть подарунки на свій смак. Орієнтовно",600
https://www.accordtour.com/tours/803886,Сонячна розкіш Чорногорія + Хорватія Відпочинок на морі в Чорногорії,11,Белград – Мукачево – Львів,Сніданок. Столиця Сербії - Белград: 18€,"Сніданок. Столиця Сербії - Белград ( Дорослий: 18€ / Діти до 16 років: 13€ ) Це одне з найстаріших європейських міст. Химерна суміш східної і західної культур створює неповторну чарівність міста. Сучасний Белград - це замки, палаци, середньовічні фортеці, розташовані поблизу сучасних будівель і торгових центрів. Белград - це нерозгадана таємниця в серці Балканського півострова. Саме сюди приїжджають за хвилюючими і незабутніми враженнями, саме тут панує неповторна і таємнича атмосфера взаємопроникнення Європи та Азії. Дивовижний, таємничий, багатокультурний - все це він, великий і стародавній ",600
https://www.accordtour.com/tours/813366,Приємний вікенд Прага + Дрезден,1,Львів – Краків,ри бажанні групи і наявності часу. Краків...Королівський шлях: 18€,"Відправлення в тур Старт нашої подорожі — зі Львова, а саме з площі Двірцевої (ориєнтир -залізничний вокзал). Звідси починається пригода, яку ви точно запам&rsquo;ятаєте: нові місця, сотні фото й море вражень. Переїзд територією України, перетин кордону — і ми вже в Європі! При бажанні групи і наявності часу. Краків...Королівський шлях ( Дорослий: 18€ / Діти до 16 років: 13€ ) Краків-місто – вражаюче, красиве і загадкове. Місто художників і музикантів, зі своїми легендами і, звичайно ж, милими польськими жартами. У ньому потрібно зупинитись хоча б на мить... Вавельський пагорб, Кафедральний со",600
https://www.accordtour.com/tours/813366,Приємний вікенд Прага + Дрезден,2,Прага – Градчани – Празький зоопарк,рекомендуємо відвідати на вибір: Таємниці королів – Градчани: 18€,"Прибуття в Прагу. Цей день ми присвятимо Празі. Золота, красива, стобаштова... Яку її побачимо ми? Екскурсія Зустріч з Прагою (входить у вартість туру) У лабіринтах маленьких вуличок ви поринете в таємничу атмосферу Старого міста. Староміська площа та Астрономічний годинник з небесною механікою на ратуші, Карлова вулиця... І Карлів міст! Потрібно тут зупинитися для того, щоб загадати бажання! У вільний час рекомендуємо відвідати на вибір: Таємниці королів – Градчани ( Дорослий: 18€ / Діти до 16 років: 13€ , до 6 років: 0€ ) Дізнатися про життя королів і придворних, про палацові інтриги і змови",600
https://www.accordtour.com/tours/813366,Приємний вікенд Прага + Дрезден,3,Дрезден – Дрезденська картинна галерея – Саксонська Швейцарія – Майсен,Є можливість відвідати на вибір: Дрезденська картинна галерея: 18€,"Сніданок. Переїзд в Дрезден. Екскурсія Саксонський Дрезден (входить у вартість туру) Протягом семи століть місто було резиденцією герцогів і королів. Дрезден відомий своїми архітектурними ансамблями, скарбами музеїв, колекціями живопису і прекрасною панорамою берегів Ельби. Екскурсія по Старому місту – Театральна площа з Дрезденською оперою в центрі. Розкішні будівлі Цвінгера. Вільний час. Є можливість відвідати на вибір: Дрезденська картинна галерея ( Дорослий: 18€ / Діти до 16 років: 16€ + вх. квиток) У галереї старих майстрів одне з найбільших у світі зібрань живопису XV-XVIII століть. Найв",600
https://www.accordtour.com/tours/813366,Приємний вікенд Прага + Дрезден,4,Катовіце – Краків – Львів,,"Час прибуття до Львова орієнтовно 14:00 (залежить від проходження кордону). Місце прибуття у Львові - залізничний вокзал. До нових зустрічей! Екскурсія у подарунок. Серце Львова – Старе місто (входить у вартість туру) Львів - прекрасний і романтичний, в ньому свій шарм і краса. Сьогодні ми пройдемо старовинними вузькими вуличками, де зможемо відчути дух та атмосферу середньовічних кварталів, помилуватися архітектурними шедеврами, які створювалися багатьма поколіннями талановитих львів&rsquo;ян. Площа Ринок, Італійський дворик, Величний Латинський Кафедральний Собор, Вірменська церква, Оперний ",600
https://www.accordtour.com/tours/133166,Празьке дежавю Прага та Відень,1,Львів – Краків,ів.Трансфер в центр міста 10€. Або Краків...Королівський шлях: 18€,"Відправлення в тур. (Місце відправки: залізничний вокзал м.Львів, площа Двірцева 1). Переїзд по Україні, перетин кордонів. При швидкому проходженні кордону і бажанні групи можливість відвідати Краків. Вільний час в одному з торгових центрів.Трансфер в центр міста 10€. Або Краків...Королівський шлях ( Дорослий: 18€ / Діти до 16 років: 13€ ) Краків-місто – вражаюче, красиве і загадкове. Місто художників і музикантів, зі своїми легендами і, звичайно ж, милими польськими жартами. У ньому потрібно зупинитись хоча б на мить... Вавельський пагорб, Кафедральний собор, Двір резиденції. Зупинки на фотоп",600
https://www.accordtour.com/tours/133166,Празьке дежавю Прага та Відень,2,Прага – Градчани – Дрезден – Карлові Вари,ти екскурсії і програми на вибір: Таємниці королів – Градчани: 18€,"Прибуття в Прагу. Екскурсія Зустріч з Прагою (входить у вартість туру) У лабіринтах маленьких вуличок ви поринете в таємничу атмосферу Старого міста. Староміська площа та Астрономічний годинник з небесною механікою на ратуші, Карлова вулиця... І Карлів міст! Потрібно тут зупинитися для того, щоб загадати бажання! Вільний час в Празі. Розміщення в готелі після 14:00. Доїзд на громадському транспорті – оплачується додатково. Рекомендуємо відвідати екскурсії і програми на вибір: Таємниці королів – Градчани ( Дорослий: 18€ / Діти до 16 років: 13€ , до 6 років: 0€ ) Дізнатися про життя королів і пр",600
https://www.accordtour.com/tours/133166,Празьке дежавю Прага та Відень,3,Відень – Шенбрунн – Палац Бельведер – скарбниця Габсбургів – Будапешт,нченістю. Вільний час або екскурсії на вибір: Величний Відень: 26€,"Сніданок. Переїзд до Відня. Екскурсія Віденський вальс (входить у вартість туру) Відень – місто музики і великих композиторів, місто чаруюче і прекрасне... Його заслужено називають серцем Європи. Це надзвичайне місто! – Вузькі середньовічні вулички, широкі імперські площі... Ми прогуляємося по самому серцю Відня. Величне місто зачаровує шармом і витонченістю. Вільний час або екскурсії на вибір: Величний Відень ( Дорослий: 26€ / Діти до 16 років: 21€ , до 5 років: 0€ ) Таємниче середньовіччя, блискуче 19 століття, круговорот музики, історії, мистецтва – все це Відень, неповторний і прекрасний! ",600
https://www.accordtour.com/tours/133166,Празьке дежавю Прага та Відень,4,Львів,,"Прибуття до Львова близько 09:00. Місце прибуття у Львові - залізничний вокзал. До нових зустрічей! Лабіринтами львівських вулиць (входить у вартість туру) Пішохідна екскурсія по середньовічному місту : фортифікації XIV-XV ст., Ансамбль Успенської церкви; монастирський домініканський костел Божого тіла; Площа Ринок – перлина епохи Відродження: міська Ратуша, Латинська катедра в дуеті з каплицею Боїмів; старовинний куточок Сходу – вірменський квартал. Львівська майстерня шоколаду – єдина, де кожна цукерка зроблена з любов'ю та натхненням, а головне – вручну. Проспект Свободи – своєрідний ансамб",600
https://www.accordtour.com/tours/888611/vsi_avtobusni_tury/finliandiia,Неймовірні пригоди у Санта-Клауса,1,Львів – Люблін – Каунас – Варшава,дону і бажанні групи можливість відвідати. Старовинний Люблін: 18€,"Відправлення в тур Старт нашої подорожі — зі Львова, а саме з площі Двірцевої (ориєнтир -залізничний вокзал). Звідси починається пригода, яку ви точно запам&rsquo;ятаєте: нові місця, сотні фото й море вражень. Переїзд територією України, перетин кордону — і ми вже в Європі! При швидкому проходженні кордону і бажанні групи можливість відвідати. Старовинний Люблін ( Дорослий: 18€ / Діти до 16 років: 13€ , до 6 років: 0€ ) Перше місто для знайомства - Люблін . Екскурсія по одному з відомих міст Польщі. Серце Любліна - Старе Місто з його багатовіковими кам'яницями, вузенькими вуличками, архітектур",600
https://www.accordtour.com/tours/888611/vsi_avtobusni_tury/finliandiia,Неймовірні пригоди у Санта-Клауса,2,Вільнюс – Таллінн,,"Сніданок. Екскурсія Побачення з Вільнюсом! (входить у вартість туру) Костел Св. Анни - шедевр готики, костел Св. Петра і Павла - перлина бароко, Кафедральний собор - приклад класицизму, знаменита Гостра Брама, ворота каплиці Аушрос Вартай (XVI століття), замкова вежа Гедемінаса, монастирі кармелітів і місіонерів, палаци Огінських і Радзивіллів викликають захоплення своєю красою і неповторністю. Надають місту аромат середньовічної давнини маленькі старовинні будиночки, чарівні затишні вулички, приємні ресторанчики і романтичні набережні, звідки відкриваються чудові панорами міста. Вільний час. ",600
https://www.accordtour.com/tours/888611/vsi_avtobusni_tury/finliandiia,Неймовірні пригоди у Санта-Клауса,3,Гельсінкі – Фортеця Свеабор,в порт. Відплиття порома в Гельсінкі. Знайомство з Гельсінкі: 18€,"Сніданок ланч бокс. Переїзд в порт. Відплиття порома в Гельсінкі. Знайомство з Гельсінкі ( Дорослий: 18€ / Діти до 16 років: 13€ ) Це одне з найдивовижніших міст світу - його вулиці і провулочки звиваються між затоками, мости перекинуті між островами, а в віддалені частини міста ходять пороми. Гельсінкі - це море, присутність якого відчувається навіть взимку. Це пам'ятки архітектури в стилях ампір і модерн і нові будівлі, що втілили в собі всі найсміливіші архітектурні рішення. Гельсінкі - місто фестивалів і свят, які не стихають круглий рік. Шанувальників дизайну не залишить байдужим Квартал ",600
https://www.accordtour.com/tours/888611/vsi_avtobusni_tury/finliandiia,Неймовірні пригоди у Санта-Клауса,4,Лапландія – Рануа,,"Сніданок. Далеко-далеко на півночі, за Полярним колом, там, де закінчуються Фінляндія, розташувалася зимова країна чудес з морозним повітрям, яке забарвлює щоки в червоний колір. Тут все інакше. Навіть пір року більше: крім традиційних зими, весни, осені і літа існує таємничний час опівнічних сутінків, час незвичайних фарб і спокою. Коли сонце не піднімається вище лінії горизонту, а небо осяває таємниче мерехтіння Північного сяйва. Тут, у фінській Лапландії, на горі Корватунтурі, разом з безліччю працьовитих гномів живе Санта Клаус. Ми поринемо в традиційну екзотику Фінляндії і красу північної",600
https://www.accordtour.com/tours/888611/vsi_avtobusni_tury/finliandiia,Неймовірні пригоди у Санта-Клауса,5,Лапландія – Рованіемі,,"Сніданок. В гості до Санта Клауса (Трансфер - Дорослий: 50€ / Діти: 46€) Кожен дорослий, і тим більше дитина знає, що Санта Клаус народився і живе в Лапландії. При оплаті трансферу «В гості до Санта Клауса» можливість відвідати: У світі Санти: магічний Санта Парк (вх. квиток) Санта Парк -це підземне королівство Різдва, розташоване в самому серці Лапландії. Тут ми зможемо перетнути Полярне коло під землею в печері Санта Клауса, викарбувати монету і відвідати кабінет, де приймає сам Санта Клаус, зустрітися з гномами і ельфами, проїхатись на підземному казковому поїзді через чотири пори року. У к",600
https://www.accordtour.com/tours/888611/vsi_avtobusni_tury/finliandiia,Неймовірні пригоди у Санта-Клауса,6,Лапландія – Гельсінкі,Сніданок. Вільний час. Для бажаючих Подорож на оленячу ферму: 60€; рійтесь біля вогню в найближчому чумі. Хаскі - північні друзі: 65€,"Сніданок. Вільний час. Для бажаючих Подорож на оленячу ферму ( Дорослий: 60€ / Діти до 12 років: 55€ , до 5 років: 30€ ) Хвилююча і незабутня пригода! Засніжений ландшафт, чудесне тепло оленячої шкури, веселий передзвін дзвіночків і щасливі обличчя ... Замерзли? Відігрійтесь біля вогню в найближчому чумі. Хаскі - північні друзі ( Дорослий: 65€ / Діти до 12 років: 60€ , до 5 років: 30€ ) Катання на упряжках із хаскі — це унікальна можливість зануритися в справжню зимову казку Лапландії. Дружні та енергійні хаскі, які тільки й чекають, щоб подарувати вам швидкість і свободу, прокладають шлях чер",600
https://www.accordtour.com/tours/888611/vsi_avtobusni_tury/finliandiia,Неймовірні пригоди у Санта-Клауса,7,Таллінн – Рига,і Верхнє Місто - місто-лицар. Вільний час. Легенди Таллінна: 18€,"Сніданок. Прибуття в порт. Пором в Естонію. Екскурсія Лицар Балтійського моря - Таллінн (входить у вартість туру) Таллінн захоплює гармонійним поєднанням старого і нового. Старе Місто - зачаровує середньовіччям, приваблює вузькими готичними будинками, флюгерами на них, черепичними дахами, і фортечною стіною з розсипом веж. Старе Місто Таллінна збереглось дуже добре і є пам'яткою старовини ЮНЕСКО. Старе місто ділиться на дві частини: Нижнє Місто, яке називають ""будинком воску і льону"" і Верхнє Місто - місто-лицар. Вільний час. Легенди Таллінна ( Дорослий: 18€ / Діти: 10€ ) За час цієї екскурсії",600
https://www.accordtour.com/tours/888611/vsi_avtobusni_tury/finliandiia,Неймовірні пригоди у Санта-Клауса,8,Каунас – Львів,,"Сніданок. Ранкова екскурсія. Екскурсія Каунас: подорож у серце Литви (входить у вартість туру) Каунас — місто, яке зачаровує своєю атмосферою та багатою історією. Під час екскурсії ви відвідаєте Каунаський замок, який розповість свої таємниці середньовіччя, та прогуляєтеся затишними вуличками Старого міста. Для дітей буде цікаво завітати до Музею чортів, де зібрано незвичайну колекцію скульптур та масок з усього світу. А дорослі оцінять красу архітектури, атмосферу старовини та можливість поринути у світ литовських легенд і традицій. За бажанням групи. Музей чортів у Каунасі (вх. квиток) Музей",600
https://www.accordtour.com/tours/613086/tab/tab_price/tour_date/2026-05-23/cls_number_adult_cnt/%7B1:1%7D/cls_number_child_age/%7B%7D/tour_include_ins/true,Полювання на вампірів,1,Львів – Івано-Франківськ – Чернівці – Онешті,,"Виїзд зі Львова. Можлива посадка в Івано-Франківську (+3 год. з моменту відправки у тур), Чернівцях (+6 год.з моменту відправки у тур). Нічний переїзд в Румунію. <div class=""",174
https://www.accordtour.com/tours/613086/tab/tab_price/tour_date/2026-05-23/cls_number_adult_cnt/%7B1:1%7D/cls_number_child_age/%7B%7D/tour_include_ins/true,Полювання на вампірів,2,Бран – Буштень – Сіная – Пояна Брашов,,"Переїзд в Бран. Замок «Графа Дракули» (входить у вартість + вх. квиток) У величезній долині, на схилі могутньої скелі височить неприступний і зловісний замок &laquo;Графа Дракули&raquo;. Серпантини сходів, лабіринти підземних ходів, дивовижна колекція зброї і мисливських трофеїв&hellip; Страшна казка про графа Дракулу була відзнята саме тут&hellip; Але іноді хочеться вірити в казку, навіть коли вона дуже страшна&hellip; По-перше, з нами буде гід, а по-друге, всім відомо, що всі казки просто зобов'язані закінчитися красиво! Оточують замок дуже милі сувенірні крамнички, де можна придбати подарун",600
https://www.accordtour.com/tours/613086/tab/tab_price/tour_date/2026-05-23/cls_number_adult_cnt/%7B1:1%7D/cls_number_child_age/%7B%7D/tour_include_ins/true,Полювання на вампірів,3,Бухарест – Брашов,лоєшті. Вільний час. Екскурсія по столиці Румунії – Бухаресту: 38€,"Сніданок. Виселення з готелю. Переїзд в Плоєшті. Вільний час. Екскурсія по столиці Румунії – Бухаресту ( Дорослий: 38€ / Діти до 12 років: 30€ ) Місто розташоване на Валашському плоскогір'ї, біля підніжжя Карпат, оточене Дунаєм, місто стало столицею Валахії під час правління легендарного Влада Цепеша. Місто парадоксів і контрастів, воно поєднує в собі традиції Заходу і Сходу, що надає йому особливого неповторного колориту. Туристам, що замовили ексксію в Бухарест, додатково рекомендуємо відвідати: Therme Bucurest (Трансфер: 18€ + вх. квиток ) В комплексі 8 басейнів з термальною водою багатою н",600
https://www.accordtour.com/tours/613086/tab/tab_price/tour_date/2026-05-23/cls_number_adult_cnt/%7B1:1%7D/cls_number_child_age/%7B%7D/tour_include_ins/true,Полювання на вампірів,4,Чернівці – Івано-Франківськ – Львів,,"Орієнтовний час прибуття (залежить від проходження кордону) в Чернівці - 06:00, в Івано-Франківськ - 09:00, в Львів - 11:00. <div class=""",137
https://www.accordtour.com/tours/7147/tab/tab_price/tour_date/2026-05-24/cls_number_adult_cnt/%7B1:1%7D/cls_number_child_age/%7B%7D/tour_include_ins/true,Подорож в Трансільванію&hellip;,1,Львів – Бая-Маре,,"Прибуття у Львів. Збір на залізничному вокзалі Львова. Відправлення в тур. Можлива підсадка в Стрию (+1 година з моменту відправлення в тур), Мукачево (+4 години з моменту відправлення в тур). Переїзд в Бая-Маре. Поселення в готелі. Ночівля в готелі. <div class=""",263
https://www.accordtour.com/tours/7147/tab/tab_price/tour_date/2026-05-24/cls_number_adult_cnt/%7B1:1%7D/cls_number_child_age/%7B%7D/tour_include_ins/true,Подорож в Трансільванію&hellip;,2,Клуж-Напока – Турда – Сігішоара – Сібіу,,"Сніданок. Виселення з готелю. Соляна шахта Турда (Трансфер: 18€ + вх. квиток ) Соляна шахта в Турді займає 1-е місце серед найкрасивіших місць в світі, що перебувають під землею, випереджаючи Печеру кристалів в Мексиці і церкву Сан-Клементе і Санта Марія в Римі. В даний час соляна шахта є музеєм гірничої справи, а також має парк розваг з баскетбольними кільцями, міні-гольфом, каруселями та підземним озером, яким можна кататися на човні. Переїзд в Сігішоару. Екскурсія ""Перлина Трансільванії"" - місто Сігішоара. (входить у вартість туру) В долині річки Тирнава Маре збереглося одне з середньовічни",600
https://www.accordtour.com/tours/7147/tab/tab_price/tour_date/2026-05-24/cls_number_adult_cnt/%7B1:1%7D/cls_number_child_age/%7B%7D/tour_include_ins/true,Подорож в Трансільванію&hellip;,3,Сібіу – Алба-Юлія – Хунедоара – Бухарест,на вибір): Фортеця Алба Юлія і замок Корвінів: 36€,"Сніданок. Виселення з готелю. Вільний час в Сібіу. У вільний час, всім бажаючим пропонуємо відвідати (на вибір): Фортеця Алба Юлія і замок Корвінів ( Дорослий: 36€ / Діти: 21€ + вх. квиток) Алба Юлія – одне з найдревніших міст Трансільванії, історія якого бере свій початок ще з античних часів. Візитною карточкою міста є однойменна фортеця Алба-Юлія. Під час екскурсії по фортеці ми пройдемо так званий маршрут 3 фортець: римської, середньовічної фортеці 16 століття і форту Алба Кароліна, побудований під час Габсбурзької Імперії. Переїзд в Хунедоару. У невеличкому містечку Хунедоара, велично підн",600
https://www.accordtour.com/tours/7147/tab/tab_price/tour_date/2026-05-24/cls_number_adult_cnt/%7B1:1%7D/cls_number_child_age/%7B%7D/tour_include_ins/true,Подорож в Трансільванію&hellip;,4,Бран – Брашов – Бухарест – Онешті – Сіная – Замок Пелеш – Трансильванія,Сніданок. Виселення з готелю. Палац Парламенту: 26€,"Сніданок. Виселення з готелю. Палац Парламенту ( Дорослий: 26€ / Діти до 16 років: 21€ + вх. квиток) Для всіх бажаючих відвідини Палацу Парламенту. Гігантське творіння колишнього румунського диктатора Миколи Чаушеску внесено до Книги рекордів Гіннеса як найбільша адміністративна будівля у світі після Пентагону. Безумовно, воно заслуговує на особливу увагу, вражаючи своєю масштабністю і незвичністю. Обсяги будівництва були настільки величезними, що виробництво килимів відбувалося прямо на місці. Чого варті, наприклад, гардини, які важать більше 3 тонн, або 5 - ти тонна люстра. Переїзд в місто С",600
https://www.accordtour.com/tours/7147/tab/tab_price/tour_date/2026-05-24/cls_number_adult_cnt/%7B1:1%7D/cls_number_child_age/%7B%7D/tour_include_ins/true,Подорож в Трансільванію&hellip;,5,Онешті – Чернівці – Тернопіль – Львів,,"Сніданок. Виселення з готелю. Переїзд в Україну. Орієнтовно прибуття (залежить від проходження кордону) в Чернівці - 15:00, в Тернопіль - 19:00, до Львова - 22:00. До нових зустрічей! <div class=""",196
https://www.accordtour.com/tours/1118170,Ароматний вікенд&hellip;,1,Одеса – Кишинів,ий час усім бажаючим рекомендуємо відвідати: Винна дегустація: 36€,"Виїзд з Одеси. Переїзд в Кишинів. Столиця Молдови – Кишинів (входить у вартість туру) Нас зустрічає шумне і в той же час зелене і дуже й дуже затишне місто – Кишинів . Під час оглядової автобусно-пішохідної екскурсії по місту, ми побачимо пам&rsquo;ятник Штефан чел Маре, водонапірну вежу, Національний музей образотворчих мистецтв, парк ""Алея Класиків"", центральний Собор, тріумфальну арку, театр опери та балету, історичну будівлю мерії... Поселення в готелі. Вільний час. У вільний час усім бажаючим рекомендуємо відвідати: Винна дегустація ( Дорослий: 36€ / Діти: 18€ ) Мільйони років тому на сьо",600
https://www.accordtour.com/tours/1118170,Ароматний вікенд&hellip;,2,Ясси,с. У вільний час пропонуємо: Музейний комплекс «Старий Орхей»: 21€,"Сніданок. Виселення з готелю. Вільний час. У вільний час пропонуємо: Музейний комплекс «Старий Орхей» ( Дорослий: 21€ / Діти: 21€ + вх. квиток) Неймовірно красиве місце з безліччю окремих пам'яток: від печерних монастирів до етнографічного музею. Фракійські племена, Золота Орда, молдавські королі і турки - всім був потрібен цей неймовірно красивий регіон. Залишки укріплень, скельний монастир на краю каньону і дивовижний вид просто зачаровує. А руїни середньовічної фортеці, стародавні печери, скельний монастир Успіння Божої Матері заставлять нас відчути себе героями історичного роману. Повернен",600
https://www.accordtour.com/tours/1118170,Ароматний вікенд&hellip;,3,Ясси – Хинчешти – Одеса,Виселення з готелю. Візитна карта міста Ясси – Палац Культури: 16€,"Сніданок. Виселення з готелю. Візитна карта міста Ясси – Палац Культури ( Дорослий: 16€ / Діти: 13€ + вх. квиток) Незвичайні будівлі в яскравому неоготичному стилі нікого не залишить байдужим. Особливої уваги заслуговує &laquo;Готичний зал&raquo; с мозаїкою, що представляє різні образи з середньовічної літератури: двухголові орли, дракони, грифони, леви&hellip; Годинник с карильоном, який представляє набір з восьми дзвонів, установлених в центральній вежі, кожну годину відтворюють &laquo;Хор Об&rsquo;єднання&raquo;. Переїзд в Хинчешти. «Молдавський Версаль - Палац Манук-Бея» (вх. квиток) Розкі",600
https://www.accordtour.com/tours/133188,Перше кохання... Прага,1,Львів – Перемишль – Краків – Казімєж – Катовіце,,"Збір на залізничному вокзалі м. Львів. Переїзд по Україні, перетин кордонів. Прибуття в Краків. Екскурсія Краків...Королівський шлях (входить у вартість туру) Краків-місто – вражаюче, красиве і загадкове. Місто художників і музикантів, зі своїми легендами і, звичайно ж, милими польськими жартами. У ньому потрібно зупинитись хоча б на мить... Вавельський пагорб, Кафедральний собор, Двір резиденції. Зупинки на фотопаузу. Вулиця Гродська, Королівський шлях ми дійдемо до Ринкової площі, послухаємо трубача в Маряцькому костелі, зайдемо і виберемо сувенір на торгових рядах Сукенніци. У вільний час р",600
https://www.accordtour.com/tours/133188,Перше кохання... Прага,2,Кутна Гора – Прага – Градчани,,"Сніданок. Переїзд по Чехії. Прибуття в срібне місто Кутна Гора. Екскурсія Срібне місто Кутна Гора (входить у вартість туру) Це старовинне містечко срібних рудокопів із затишними маленькими будиночками, кам'яною бруківкою та магазинчиками скла. Тут знаходиться королівський Монетний двір, де були викарбувані перші празькі срібні гроші. Переїзд до Праги. Екскурсія Зустріч з Прагою (входить у вартість туру) У лабіринтах маленьких вуличок ви поринете в таємничу атмосферу Старого міста. Староміська площа та Астрономічний годинник з небесною механікою на ратуші, Карлова вулиця... І Карлів міст! Потрі",600
https://www.accordtour.com/tours/133188,Перше кохання... Прага,3,Прага – Замок Чеський Штернберк,ти екскурсії і програми на вибір: Таємниці королів – Градчани: 18€,"Сніданок. День, який ми присвятимо Празі. Екскурсія Вишеград – колиска легенд (входить у вартість туру) Ми пройдемося трьома Вишеградськими воротами: Таборським, Шпічка і Леопольдова, відвідаємо найдавнішу романську ротонду в Празі. Ми отримаємо задоволення від прекрасних панорам Праги на річку Влтаву і Празький град. І звичайно, історичні факти, міфи, і легенди, міфи, легенди. Рекомендуємо відвідати екскурсії і програми на вибір: Таємниці королів – Градчани ( Дорослий: 18€ / Діти до 16 років: 13€ , до 6 років: 0€ ) Дізнатися про життя королів і придворних, про палацові інтриги і змови, злочин",600
https://www.accordtour.com/tours/133188,Перше кохання... Прага,4,Прага – Турнов – Дрезден – Дрезденська картинна галерея – Саксонська Швейцарія,Сніданок. У вільний час рекомендуємо: Саксонський Дрезден: 38€; Дрездену є можливість відвідати: Дрезденська картинна галерея: 18€,"Сніданок. У вільний час рекомендуємо: Саксонський Дрезден ( Дорослий: 38€ / Діти: 30€ ) Протягом семи століть місто було резиденцією герцогів і королів. Дрезден відомий своїми архітектурними ансамблями, скарбами музеїв, колекціями живопису і прекрасною панорамою берегів Ельби. Екскурсія по Старому місту – Театральна площа з Дрезденською оперою в центрі. Розкішні будівлі Цвінгера. При поїздці до Дрездену є можливість відвідати: Дрезденська картинна галерея ( Дорослий: 18€ / Діти до 16 років: 16€ + вх. квиток) У галереї старих майстрів одне з найбільших у світі зібрань живопису XV-XVIII століть.",600
https://www.accordtour.com/tours/133188,Перше кохання... Прага,5,Прага – Чеський Крумлов,Південна Чехія - Чеський Крумлов і замок Глубока над Влтавою: 38€,"Сніданок. Вільний час в Празі. Екскурсії на вибір: Велична Південна Чехія - Чеський Крумлов і замок Глубока над Влтавою ( Дорослий: 38€ / Діти: 30€ + вх. квиток) Романтичний край з безкрайніми лісами та озерами, маленькими містечками, старовинними замками і добрими людьми. Тут затишно, спокійно і дуже красиво. Край славиться багатою історією і хорошим вином. Обов'язково потрібно зайти в один із середньовічних замків та відчути себе справжнім дворянином. За бажання групи і наявності вільного часу можливість відвідати один із середньовічних замків ( Глубока над Влтавою – вх. квиток оплачується д",600
https://www.accordtour.com/tours/133188,Перше кохання... Прага,6,Прага – Карлові Вари,ьний час в Празі. Для охочих: Курортний романс – Карлові Вари: 38€,"Сніданок. Виселення з готелю. Вільний час в Празі. Для охочих: Курортний романс – Карлові Вари ( Дорослий: 38€ / Діти: 30€ + вх. квиток) Далі наш шлях веде в одну з мальовничих долин в Західній Чехії, в курортне місто – Карлові Вари. Це царство мінеральних джерел, лікеру Бехеровка, скла та порцеляни. Місто з чудовою архітектурою, спокійним дзюрчанням води, солодким запахом вафель та романтичною музикою курортних оркестрів. Вам не захочеться залишати це місце, але пора повертатися до Праги. Повернення в Прагу. Екскурсія Прага особлива. Празька Венеція -Ма́ла Стра́на (входить у вартість туру) У ",600
https://www.accordtour.com/tours/133188,Перше кохання... Прага,7,Катовіце – Краків – Величка – Львів,чих Одна з екскурсій на вибір: Душа Моравії - старовинне Брно: 18€; гате легендами та історичними пам'ятками. Старовинний Оломоуц: 18€; істом Оломоуц . Переїзд через Польщу. Соляні Копальні Велички: 26€,"Сніданок. Виселення з готелю. Для бажаючих Одна з екскурсій на вибір: Душа Моравії - старовинне Брно ( Дорослий: 18€ / Діти до 16 років: 13€ , до 6 років: 0€ ) Це прекрасне чеське містечко храмів і монастирів, воно не схоже на інші чеські міста і тому дуже цікаве. Тут особливі люди, особливі характери, манера одягатись; та й діалект інший: моравський. Місто багате легендами та історичними пам'ятками. Старовинний Оломоуц ( Дорослий: 18€ / Діти: 13€ ) Знайомство із старовинною столицею Моравії – містом Оломоуц . Переїзд через Польщу. Соляні Копальні Велички ( Дорослий: 26€ / Діти: 21€ + вх. квит",600
https://www.accordtour.com/tours/1188,Пікнічок в Амстердамі,1,Львів – Вроцлав,анні групи і наявності часу. Вроцлав – священна квітка Європи: 18€,"Відправлення в тур Старт нашої подорожі — зі Львова, а саме з площі Двірцевої (ориєнтир -залізничний вокзал). Звідси починається пригода, яку ви точно запам&rsquo;ятаєте: нові місця, сотні фото й море вражень. Переїзд територією України, перетин кордону — і ми вже в Європі! При бажанні групи і наявності часу. Вроцлав – священна квітка Європи ( Дорослий: 18€ / Діти до 16 років: 15€ , до 5 років: 0€ ) Вроцлав — зелене серце Польщі з казковою атмосферою. Старе місто вражає барвистими фасадами, романтичними мостами й легендами про гномів, що живуть просто на вулицях. Ринкова площа — одна з найбіль",600
https://www.accordtour.com/tours/1188,Пікнічок в Амстердамі,2,Берлін – Потсдам – Парк Tropical Islands Resort,на вибір): Берлін крізь часи: 30€,"Сніданок. Екскурсія Велич могутнього Берліну (входить у вартість туру) Берлін – величезний мегаполіс. Нам здасться, що ми подорожуємо у машині часу, бо тут можна потрапити в майбутнє і опинитись в минулому, а прогулюючись розкішними вулицями і проспектами, ми зможемо побачити сучасне. У вільний час рекомендуємо (на вибір): Берлін крізь часи ( Дорослий: 30€ / Діти до 16 років: 25€ , до 6 років: 0€ ) Автобусна екскурсія з фото паузами. Запрошуємо перегорнути сторінку історії і побачити Берлін таким, який він є зараз: могутній Рейхстаг, величний Берлінський собор, колона Перемоги, і – візитна кар",600
https://www.accordtour.com/tours/1188,Пікнічок в Амстердамі,3,Амстердам – Заансе Сханс – Волендам,,"Переїзд в Нідерланди. Сьогодні нас буде дивувати, кликати і притягувати незвичайне місто. Як тільки не називають Амстердам! Одні величають його Північною Венецією, інші Новим Вавилоном. Екскурсія Амстердам – місто-мрія (входить у вартість туру) Амстердам здатний зчарувати своїх гостей! Він радий кожному з нас! Його дивовижної краси вулички і площі несуть відбиток його власної унікальної історії, так не схожою на інші. Ми здійснимо подорож по лабіринтах вуличок, каналів, танцюючих будинків, квіткових крамничок, милих магазинчиків... Це місто варто один раз побачити... щоб полюбити його назавжди",600
https://www.accordtour.com/tours/1188,Пікнічок в Амстердамі,4,Гаага – Делфт – Кекенгоф – Роттердам – Утрехт – Гітхорн – Амстердам,"на вибір: Великі і маленькі міста. Гаага, Делфт, Схевенінген: 38€","Сніданок. Вільний час. Бажаючих запрошуємо на екскурсії на вибір: Вільний час. Є можливість відвідати на вибір: Великі і маленькі міста. Гаага, Делфт, Схевенінген ( Дорослий: 38€ / Діти: 30€ ) Невеликий переїзд і ми в Гаазі. Гаага – особливе місто, неформальна столиця Нідерландів, місто – резиденція королеви Беатрікс. А поруч найвишуканіший морський курорт Північної Європи – Схевенінген . У цього містечка є два абсолютно різних обличчя, тут поєдналися традиційне голландське селище і модний курорт. Далі відвідування старовинного містечка Делфт , де жив і писав свою ""Дівчину з перлинною сережкою",600
https://www.accordtour.com/tours/1188,Пікнічок в Амстердамі,5,Дрезден – Саксонська Швейцарія – Прага – Градчани,двідати екскурсії і програми на вибір: Знайомство з Дрезденом: 26€; Розкішні будівлі Цвінгера. Саксонська Швейцарія- парк Бастай: 38€,"Прибуття до Дрездену. Рекомендуємо відвідати екскурсії і програми на вибір: Знайомство з Дрезденом ( Дорослий: 26€ / Діти до 16 років: 16€ , до 6 років: 0€ ) Протягом семи століть місто було резиденцією герцогів і королів. Дрезден відомий своїми архітектурними ансамблями, скарбами музеїв, колекціями живопису і прекрасною панорамою берегів Ельби. Екскурсія по Старому місту – Театральна площа з Дрезденською оперою в центрі. Розкішні будівлі Цвінгера. Саксонська Швейцарія- парк Бастай ( Дорослий: 38€ / Діти: 30€ ) Немає меж захопленню... там, де Ельба прорізає високі гори з пісковика, утворюючи г",600
https://www.accordtour.com/tours/1188,Пікнічок в Амстердамі,6,Прага – Краків – Львів,и бажанні групи і наявності часу. Таємниці королів – Градчани: 18€; кож неймовірний собор Віта. Прогулянка на кораблику по Влтаві: 38€,"Сніданок. При бажанні групи і наявності часу. Таємниці королів – Градчани ( Дорослий: 18€ / Діти до 16 років: 13€ , до 6 років: 0€ ) Дізнатися про життя королів і придворних, про палацові інтриги і змови, злочини і покарання, які відбувалися з найсвітліших спонукань – в ім'я віри і держави. Вас чекає Градчанська площа, Шварценбергский палац і варта в Празькому граді. А також неймовірний собор Віта. Прогулянка на кораблику по Влтаві ( Дорослий: 38€ / Діти до 16 років: 34€ , до 6 років: 15€ ) Аперитиви, шведський стіл в супроводі цікавих розповідей... Ось вони незабутні миті в житті... Переїзд п",600
https://www.accordtour.com/tours/688,Побачення в Парижі! + Мюнхен!,1,Львів – Будапешт,ності. Для всіх бажаючих рекомендуємо: У світлі тисячі вогнів: 30€,"Відправлення в тур. (Місце відправки: залізничний вокзал м.Львів, площа Двірцева 1) Можливість приєднатися до групи в Стрию, Мукачеві. Переїзд в Будапешт. Запрошуємо Вас на невелику вечірню екскурсію. Шарм нічного Будапешта (входить у вартість туру) Прогулянка вулицею Ваці — це зустріч із елегантним, святковим Пештом. Тут серед ароматів кави, вітрин і музики відчуваєш справжній пульс міста. На набережній Корзо відкривається найкраща панорама на Будайську фортецю, а вечірнє світло додає прогулянці нотку чарівності. Для всіх бажаючих рекомендуємо: У світлі тисячі вогнів ( Дорослий: 30€ / Діти: 2",600
https://www.accordtour.com/tours/688,Побачення в Парижі! + Мюнхен!,2,Мюнхен,,"Сніданок. Переїзд в Німеччину. Мюнхен – Легенда Баварії... (входить у вартість туру) Так, збулись-таки слова Людовіка I, майбутнього короля Баварії: ""Я хочу зробити з Мюнхена місто, яке б надало Німеччині стільки честі, що той, хто не бачив би Мюнхена, не знав би справжньої Німеччини!"" Мюнхен – справжнє місто – казка на півдні Німеччини і місце, де ніколи нудьгувати! Пивний фестиваль Октоберфест і Опера, ресторан ""Хофбройхаус"" і Пінакотека, завод BMW і футбольний клуб ""Баварія"" – ось чим славиться це місто, де старі баварські традиції і сучасність гармонійно доповнюють один одного. У вільний ч",600
https://www.accordtour.com/tours/688,Побачення в Парижі! + Мюнхен!,3,Париж – Фрагонар – Монпарнас – Ейфелева вежа,,"Сніданок. Переїзд в Париж. Перше побачення з Парижем (входить у вартість туру) Париж стає рідним з першого погляду, з першого кроку його витертою бруківкою. Паризькі прогулянки заводять у минуле, в пам'ять серця, у потаємні куточки душі. Все, що ми знаємо з розкішних фільмів і книг, – все раптом оживає і наповнює серце трепетом! Франсуаза Саган, Коко Шанель, Джо Дассен, Бріджит Бардо ... Місто повсюди розвішує сигнальні прапорці чужих спогадів, скороминущість пізнавання і мерехтіння почуттів... Продовжимо наше знайомство з Парижем в світі ароматів музею Fragonard. Французські парфуми – елітні ",600
https://www.accordtour.com/tours/688,Побачення в Парижі! + Мюнхен!,4,Париж – Нормандія – Руан – Етрета – Довіль – Фонтенбло – Діснейленд – Монмартр – Мулен Руж,"а вдень рекомендуємо: Яскрава Нормандія: скелі Етрета, Руан: 68€; ого французького дня. Фонтенбло – колиска французьких королів: 38€","Сніданок. Вечором нас чекає Монмартр, а вдень рекомендуємо: Яскрава Нормандія: скелі Етрета, Руан ( Дорослий: 68€ / Діти до 16 років: 50€ , до 6 років: 0€ ) Нормандія- це пейзажі, які хочеться зберегти назавжди. Скелі Етрета — мов картина, яку створила сама природа, і яку міг би підписати Моне. Аромати моря, сидру й свіжих морепродуктів у Трувілі — як спогад, що смакує щастям. Руан відкриє легенди Жанни д&rsquo;Арк, готичну велич і чар незабутнього французького дня. Фонтенбло – колиска французьких королів ( Дорослий: 38€ / Діти: 33€ + вх. квиток) ""Палац на всі віки"". Якщо Лувр або Версаль давн",600
https://www.accordtour.com/tours/688,Побачення в Парижі! + Мюнхен!,5,Париж – Нотр-Дам де парі (Собор Паризької Богоматері) – Версаль – Долина Луари – Лувр,в Парижі. Рекомендуємо відвідати: Версаль. Банти і діаманти.: 38€,"Сніданок. Магічне сердце Парижу (входить у вартість туру) Самі відомі місця Парижу – Собор Паризької Богоматері і Латинський квартал. Захоплююча подорож розпочнеться від знаменитого Собору Паризької Богоматері, свідка легендарних подій французької історії. Закінчимо нашу екскурсію на площі всіх закоханих, можна сказати головній площі відомого Латинського кварталу! Вільний час в Парижі. Рекомендуємо відвідати: Версаль. Банти і діаманти. ( Дорослий: 38€ / Діти до 16 років: 30€ , до 6 років: 0€ + вх. квиток) Королівська резиденція – Версаль. Запрошуємо на свято пишноти, у царство балів, аудієнцій",600
https://www.accordtour.com/tours/688,Побачення в Парижі! + Мюнхен!,6,Зальцбург,,"Сніданок. Переїзд в Австрію. Зальцбург – симфонія звуків і пейзажів (входить у вартість туру) Зальцбург – місто маленького формату, проте, світового значення. Його по праву називають ""сценою світу"" завдяки незліченній кількості культурних подій, які відбуваються в мальовничому Старому місті... Адже красу міста плекали століттями... Князі-архиєпископи, які протягом багатьох століть керували Зальцбургом, хотіли не просто зробити своє місто одним з найбільш красивих і впливових міст Європи. Вони хотіли більшого – зробити із Зальцбурга ""Рим Півночі"". У вільний час рекомендуємо на вибір: Августинсь",600
https://www.accordtour.com/tours/688,Побачення в Парижі! + Мюнхен!,7,Будапешт – Купальні Сечені – Львів,"цілий день! Вільний час, за бажанням на вибір: Таємнича Буда: 18€; ій Трійці і... сам Королівський Палац! Тропікарій – Океанарій: 10€","Сніданок. Термальні купальні графа Сечені (вх. квиток) Заряд бадьорості і енергії на цілий день! Вільний час, за бажанням на вибір: Таємнича Буда ( Дорослий: 18€ / Діти до 16 років: 13€ , до 6 років: 0€ ) Один з самих романтичних та старовинних куточків Будапешта... Ніби маленьке середньовічне місто з мальовничими вуличками і стародавніми будівлями... Будайська фортеця, Рибацький бастіон, собор св. Матяша, пам'ятник Святій Трійці і... сам Королівський Палац! Тропікарій – Океанарій ( Дорослий: 10€ / Діти: 10€ + вх. квиток) Найбільший в Центральній Європі. 8 залів! Де вирує життя тропіків і океа",600
https://www.accordtour.com/tours/1118332/tab/tab_price/tour_date/2026-05-24/cls_number_adult_cnt/%7B1:1%7D/cls_number_child_age/%7B%7D/tour_include_ins/true,Вікенд в Бухаресті...,1,Одеса – Ізмаїл,,"Виїзд з Одеси. Переїзд в Бухарест. Найбільший термальний комплекс в Європі - Therme Bucurest (Трансфер: 21€ + вх. квиток ) У вільний час усім бажаючих пропонуємо відвідати найбільший термальний комплекс, у якому 8 басейнів з термальною водою багатою на мінеральні солі, 3-ри аромотерапевтичних басейни, сауни, джакузі, 16-ть водних гірок, pool bar, найбільший ботанічний сад в Румунії (500 пальм, 800 тис. Екзотичних рослин). Поселення в готелі. Вільний час. Ночівля в готелі. <div class=""",489
https://www.accordtour.com/tours/1118332/tab/tab_price/tour_date/2026-05-24/cls_number_adult_cnt/%7B1:1%7D/cls_number_child_age/%7B%7D/tour_include_ins/true,Вікенд в Бухаресті...,2,Бухарест,ий час усім бажаючим рекомендуємо відвідати: Палац Парламенту: 26€,"Сніданок. Виселення з готелю. Місто парадоксів і контрастів, Бухарест (входить у вартість туру) поєднує в собі традиції Заходу і Сходу, що надає йому особливого, неповторного колориту. Оглядова екскурсія по місту: площа Конституції, площа Революції, монумент Відродження і будівля уряду. Напроти нього розташований палац першого румунського короля Карла Першого, у якому розташований Музей мистецтв. У вільний час усім бажаючим рекомендуємо відвідати: Палац Парламенту ( Дорослий: 26€ / Діти до 16 років: 21€ + вх. квиток) Для всіх бажаючих відвідини Палацу Парламенту. Гігантське творіння колишнього",600
https://www.accordtour.com/tours/1118332/tab/tab_price/tour_date/2026-05-24/cls_number_adult_cnt/%7B1:1%7D/cls_number_child_age/%7B%7D/tour_include_ins/true,Вікенд в Бухаресті...,3,,,"Орієнтовне прибуття (залежить від проходження кордону) в Одесу - 5:00. До нових зустрічей! <div class=""",103
https://www.accordtour.com/tours/261467,Максимум насолоди або моя бажана відпустка!!!,1,Львів,,"Прибуття у Львів. Збір на залізничному вокзалі Львова. Відправлення в тур. Можлива підсадка в Стрию (+1 година з моменту відправлення в тур), Мукачево (+4 години з моменту відправлення в тур). Перетин кордону. Нічний переїзд у Північну Македонію. <div class=""",259
https://www.accordtour.com/tours/261467,Максимум насолоди або моя бажана відпустка!!!,2,Охрид,отелі. Вільний час. Прогулянка на катері по Охридському озеру: 33€,"Переїзд в Охрид. Екскурсія одним з найпрекрасніших балканських міст – Охридом (входить у вартість туру) з захоплюючим видом на чисте, прозоре озеро. Історія міста налічує більше 2500 років, багато істориків і мистецтвознавців називають місто &laquo;слов'янським Єрусалимом&raquo;, оскільки на узбережжі Охридського озера розташовано 365 діючих православних церков. Переїзд в отель на громадському транспорті (квиток оплачується самостійно). Поселення в готелі. Вільний час. Прогулянка на катері по Охридському озеру ( Дорослий: 33€ / Діти: 23€ ) Наша екскурсія почнеться з гавані Охрид, звідки ми зро",600
https://www.accordtour.com/tours/261467,Максимум насолоди або моя бажана відпустка!!!,3,Саранда – Ксаміль,,"Сніданок. Виселення з готелю. Переїзд. Нас зустрічає Албанська Рив’єра. Ласкаве сонечко, теплий пісок, невеликі бухти, море з дивовижним бірюзовим відтінком, м який шум хвиль - все це курорти Ксаміль і Саранда. Переїзд на один з курортів (в залежності від обраного готелю). Вільний час. Відпочинок на Іонічному узбережжі. Поселення в готель з 14:00. Ночівля в готелі. <div class=""",380
https://www.accordtour.com/tours/261467,Максимум насолоди або моя бажана відпустка!!!,4,Афіни – Бутринт – Метеори – Охрид – Тирана – Гірокастра,оплачуються додатково): Екскурсія на казковий острів Корфу: 55€,"Відпочинок на Іонічному узбережжі. Сніданок. У вільний час пропонуємо відвідати екскурсії (оплачуються додатково): Екскурсія на казковий острів Корфу ( Дорослий: 55€ / Діти до 16 років: 43€ + вх. квиток) На відміну від материкової частини Греції і островів Егейського моря, Корфу вдалося уникнути турецького панування. Тут довгий час правили венеціанці, британці, італійці, за Наполеона острів входив до складу Франції, кожен з періодів залишив свій неповторний відбиток в історії острова. Під час оглядової екскурсії островом ми відвідаємо місто Корфу, де у нас буде можливість вдосталь нагулятися з",600
https://www.accordtour.com/tours/261467,Максимум насолоди або моя бажана відпустка!!!,11,Салоніки,,"Сніданок. Виселення з готелю. Переїзд в Салоніки. «Столиця Північної Греції – Салоніки» (входить у вартість туру) Місто було засноване в 314 р. до н.е. і пройшло тривалий історичний шлях. Сьогодні місто заслужено називають музеєм під відкритим небом, так як крім свого вражаючого віку, місто багате чудовими пам'ятками світової історії. Тут колись розташовувалася резиденція римського імператора Галерія. А згідно зі словами Апостола Павла, це місце є &laquo;золотими воротами християнства&raquo;. Під час екскурсії ми побачимо символ міста - Білу Вежу, Храм Святого Димитрія Солунського, Тріумфальну",600
https://www.accordtour.com/tours/261467,Максимум насолоди або моя бажана відпустка!!!,12,Скоп є – каньйон Матка,,"Сніданок. Виселення з готелю. Екскурсія Столиця Македонії - Скоп є (входить у вартість туру) місто яке серед тисячі вогнів виглядає ще більш загадково і привабливо. В місті панує приємна і дружня атмосфера, тут чудесним чином поєднуються різноманітні культури та релігії, а населення вражає своєю повагою і розумінням один до одного. Для того, щоб відчути все багатство містечка, ми відвідаємо найвідоміші пам'ятки, такі як чарівна фортеця Кале, що височіє над лівим берегом річки Вардар, древній Кам'яний міст, монастир Святого Пантелеймона, церква Святого Микити, соборний храм Святого Климента Охр",600
https://www.accordtour.com/tours/261467,Максимум насолоди або моя бажана відпустка!!!,13,Мукачево – Львів,,"Орієнтовне прибуття (залежить від проходження кордону) в Мукачево - 12:00, до Львова - 17:00. До нових зустрічей! <div class=""",126
https://www.accordtour.com/tours/261401,Мій літній романс або який солодкий шум прибою... Албанія,1,Одеса – Бухарест – Ізмаїл,,"Виїзд з Одеси. Перетин кордону. Переїзд в Бухарест. Поселення в готелі. Вільний час. У вільний час пропонуємо: Therme Bucurest (Трансфер: 18€ + вх. квиток ) В комплексі 8 басейнів з термальною водою багатою на мінеральні солі, 3-ри аромотерапевтичних басейни, сауни, джакузі, 16-ть водних гірок, pool bar, найбільший ботанічний сад в Румунії (500 пальм, 800 тис. Екзотичних рослин). Ночівля в готелі. <div class=""",413
https://www.accordtour.com/tours/261401,Мій літній романс або який солодкий шум прибою... Албанія,2,Бухарест,риту. Вільний час. У вільний час пропонуємо: Палац Парламенту: 26€,"Сніданок. Виселення з готелю. Пересування в Бухаресті на громадському транспорті (квиток оплачується самостійно). Екскурсія по столиці Румунії – Бухаресту (входить у вартість туру) Місто розташоване на Валашському плоскогір'ї, біля підніжжя Карпат, оточене Дунаєм, місто стало столицею Валахії під час правління легендарного Влада Цепеша. Місто парадоксів і контрастів, воно поєднує в собі традиції Заходу і Сходу, що надає йому особливого неповторного колориту. Вільний час. У вільний час пропонуємо: Палац Парламенту ( Дорослий: 26€ / Діти до 16 років: 21€ + вх. квиток) Для всіх бажаючих відвідини",600
https://www.accordtour.com/tours/261401,Мій літній романс або який солодкий шум прибою... Албанія,3,Саранда – Ксаміль,,"Нас зустрічає Албанська Рив єра... Ласкаве сонечко, теплий пісок, невеликі бухти, море з дивовижним бірюзовим відтінком, м який шум хвиль - все це курорти Ксаміль і Саранда. Переїзд на один з курортів (в залежності від обраного готелю). Поселення в готелі. Вільний час. Відпочинок на Іонічному узбережжі. Ночівля в готелі. <div class=""",335
https://www.accordtour.com/tours/261401,Мій літній романс або який солодкий шум прибою... Албанія,4,Афіни – Бутринт – Метеори – Охрид – Тирана – Гірокастра,оплачуються додатково): Бутринт: 18€; ні періоди розвитку міста. Екскурсія на казковий острів Корфу: 55€,"Відпочинок на Адріатичному узбережжі. Сніданок. У вільний час пропонуємо відвідати екскурсії (оплачуються додатково): Бутринт ( Дорослий: 18€ / Діти: 16€ + вх. квиток) стародавнє місто в Албанії, засноване греками задовго до н.е., столиця невеликого царства Епір. Поселення знаходилося на березі затоки, що має вихід в Іонічне і Адріатичне моря. Воно зберегло безліч пам'яток археології, що відображають різні періоди розвитку міста. Екскурсія на казковий острів Корфу ( Дорослий: 55€ / Діти до 16 років: 43€ + вх. квиток) На відміну від материкової частини Греції і островів Егейського моря, Корфу в",600
https://www.accordtour.com/tours/261401,Мій літній романс або який солодкий шум прибою... Албанія,9,Салоніки,,"Сніданок. Виселення з готелю. Переїзд в Салоніки. «Столиця Північної Греції - Салоніки» (входить у вартість туру) Місто було засноване в 314 р. до н.е. і пройшло тривалий історичний шлях. Сьогодні місто заслужено називають музеєм під відкритим небом, так як крім свого вражаючого віку, місто багате чудовими пам'ятками світової історії. Тут колись розташовувалася резиденція римського імператора Галерія. А згідно зі словами Апостола Павла, це місце є &laquo;золотими воротами християнства&raquo;. Під час оглядової екскурсії по місту ми побачимо символ міста - Білу Вежу, Храм Святого Димитрія Солун",600
https://www.accordtour.com/tours/261401,Мій літній романс або який солодкий шум прибою... Албанія,10,Рупите – Мелник,ьний час для покупки сувенірів і подарунків. Рупіте і Мельник: 38€,"Сніданок. Виселення з готелю. Відкрийте для себе дивовижне місце на Землі, затишне містечко на півдні Болгарії, на висоті 224 м над рівнем моря, в мальовничій сонячній долині, біля підніжжя одного з найвищих гірських масивів Пірінськіх - «Болгарський Баден-Баден - Санданські». Вільний час для покупки сувенірів і подарунків. Рупіте і Мельник ( Дорослий: 38€ / Діти: 30€ ) Рупите - містечко, розташоване біля кратера вулкана, з мальовничою природою, прекрасними термальними джерелами з температурою води 75 &deg; С. Місцевість по-справжньому гарна і насичена унікальною енергією. Славу цьому містечку",600
https://www.accordtour.com/tours/261401,Мій літній романс або який солодкий шум прибою... Албанія,11,Одеса,,"Орієнтовне прибуття (залежить від проходження кордону) в Одесу - 16:00. До нових зустрічей! <div class=""",104
https://www.accordtour.com/tours/163016,"Канікули в Парижі +Страсбург Діснейленд, Астерікс, Європа Парк",1,Львів – Легниця,,"Відправлення в тур з залізничного вокзалу Львова. (площа Двірцева 1). Перетин кордонів. Переїзд по Польщі. Екскурсія На пошуки гномів Вроцлава (входить у вартість туру) Вроцлав – справжня столиця маленьких чоловічків. Гуляючи по старовинних вуличках чарівного граду, ми обов'язково будемо зустрічати їх скрізь і всюди, адже всього у Вроцлаві близько 300 фігурок!!! Під час квесту за допомогою гномиків ми дізнаємося цікаві факти про місто і весело проведеем час. При бажанні групи і наявності часу. Польська кухня (дод. оплата) Можливість спробувати місцеву кухню. Вона славиться відмінним журеком, б",600
https://www.accordtour.com/tours/163016,"Канікули в Парижі +Страсбург Діснейленд, Астерікс, Європа Парк",2,Берлін – Лейпциг – Мец,,"Сніданок. Переїзд в Німеччину. Екскурсія Берлін – подорож в машині часу (входить у вартість туру) Невеличка екскурсія по місту з урахуванням сприйняття маленьких мандрівників. Дітей вражає яскраве і незвичне, тому наш екскурсовод покаже найцікавіші памятники і розкаже про них. Нам може здатися, що ми переміщуємося в машині часу, тут можна потрапити в майбутнє і опинитися в минулому, а прогулюючись по шикарних вулицях і проспектах, зможемо побачити справжнє. Вільний час або екскурсії на вибір: Зооопарк і Акваріум в Берліні (Трансфер: 15€ + вх. квиток ) Тим, хто любить природу Зооопарк і Акваріу",600
https://www.accordtour.com/tours/163016,"Канікули в Парижі +Страсбург Діснейленд, Астерікс, Європа Парк",3,Париж – Фрагонар – Ейфелева вежа – Монмартр,рупи ранкова екскурсія: Місто хмарочосів – Франкфурт на Майні: 18€,"Сніданок. При бажанні групи ранкова екскурсія: Місто хмарочосів – Франкфурт на Майні ( Дорослий: 18€ / Діти: 16€ ) Франкфурт на Майні в жарт називають &laquo;містом хмарочосів, cосисок і яблучного вина&raquo;! Але з безлічі німецьких міст, його також справедливо називають одним з кращих! Тільки він поєднує в собі багатоликість і неповторність. Його хмарочоси, яких стає все більше і більше, стали символом фінансового процвітання Німеччини! Але у Франкфурта є і інша сторона. В самому серці різноманітного міста немає поспіху і суєти, тут панують тиша і культура. Знайомлячись з містом ми пройдемо ",600
https://www.accordtour.com/tours/163016,"Канікули в Парижі +Страсбург Діснейленд, Астерікс, Європа Парк",4,Париж – Діснейленд – Пікардія – Фонтенбло – Нормандія – Етрета – Руан,"потрібно завчасно). Або Яскрава Нормандія: скелі Етрета, Руан: 68€","Сніданок. Вільний день у Парижі. Є можливість відвідати на вибір: Чарівний світ - Діснейленд... 1 парк (Трансфер: 26€ + вх. квиток Дорослий: 110€ / Діти до 11 років: 105€ ) Чарівний світ Дісней Парку відкриває перед нами свої двері і, переступивши його поріг – ми стаємо героями дивовижних пригод. Це світ дітей та дорослих – країна фантазій, країна відкриттів і першовідкривачів. Відвідування Дісней студії за додаткову плату. Квитки допоможемо придбати (бронювати потрібно завчасно). Або Яскрава Нормандія: скелі Етрета, Руан ( Дорослий: 68€ / Діти до 16 років: 50€ , до 6 років: 0€ ) Нормандія- це",600
https://www.accordtour.com/tours/163016,"Канікули в Парижі +Страсбург Діснейленд, Астерікс, Європа Парк",5,Париж – Версаль – Лувр – Монпарнас – Квартал Маре – парк Астерікс,це приправлено тонким французьким гумором! Або Все про Париж: 30€,"Сніданок. Вільний час або екскурсії на вибір: Парк розваг Астерікс (Трансфер: 26€ + вх. квиток ) Всі атракціони парку присвячені популярним героям французьких коміксів і мультфільмів про римлян і галлів - Астерікс і Обелікс. Тут можна познайомитися не тільки з ними, але і з їх життям. Це захоплююча подорож по сторінках історії, фантастичні атракціони, ефектні видовища, чарівний і одночасно божевільний кінотеатр, авантюрні пригоди, нові зустрічі та знайомства... і все це приправлено тонким французьким гумором! Або Все про Париж ( Дорослий: 30€ / Діти до 16 років: 21€ , до 6 років: 0€ ) Автобусн",600
https://www.accordtour.com/tours/163016,"Канікули в Парижі +Страсбург Діснейленд, Астерікс, Європа Парк",6,Кольмар – Страсбург – Європа-парк,,"Сніданок. Переїзд по Франції. Екскурсія Страсбург – столиця Ельзасу (входить у вартість туру) Ельзас немов зійшов зі сторінок казки: будиночки з двосхилими дахами, побудовані з каменю і дерева, прикрашені квітами, на пічних трубах деяких з них звили гнізда лелеки. Пішохідна прогулянка по старому місту, острову, кварталу ремісників Petit de France, вузьких мальовничих переулочків, відвідування французького і німецького кварталів. Ми зануримося в незвичайну атмосферу двотисячолітнього міста. Широкі проспекти і вузькі вулички, невигадані історії та фантастичні легенди, паради і капітуляції, війна",600
https://www.accordtour.com/tours/163016,"Канікули в Парижі +Страсбург Діснейленд, Астерікс, Європа Парк",7,Прага – Краків – Львів,жання! Одна з екскурсій на вибір: Таємниці королів – Градчани: 18€,"Сніданок. Екскурсія Зустріч з Прагою (входить у вартість туру) У лабіринтах маленьких вуличок ви поринете в таємничу атмосферу Старого міста. Староміська площа та Астрономічний годинник з небесною механікою на ратуші, Карлова вулиця... І Карлів міст! Потрібно тут зупинитися для того, щоб загадати бажання! Одна з екскурсій на вибір: Таємниці королів – Градчани ( Дорослий: 18€ / Діти до 16 років: 13€ , до 6 років: 0€ ) Дізнатися про життя королів і придворних, про палацові інтриги і змови, злочини і покарання, які відбувалися з найсвітліших спонукань – в ім'я віри і держави. Вас чекає Градчанськ",600
https://www.accordtour.com/tours/8303,Вікенд в Будапешт! + Хевіз!,1,Львів,,"Відправлення в тур. (Місце відправки: залізничний вокзал м.Львів, площа Двірцева 1) Можливість приєднатися до групи в Стрию, Мукачеві. Переїзд в Будапешт. <div class=""",167
https://www.accordtour.com/tours/8303,Вікенд в Будапешт! + Хевіз!,2,Будапешт – Купальні Сечені – Сентендре – Вишеград,,"Ранковий Будапешт зустрічає ароматом кави, тишею набережних і свіжим бризом Дунаю. Яскраве, стильне і натхненне місто, що закохує у себе з першої прогулянки. Ідеальний початок дня — розслабитись у теплих термальних купальнях, де місто прокидається разом із вами. Термальні купальні графа Сечені (вх. квиток) Заряд бадьорості і енергії на цілий день! Знайомство з містом розпочнемо із його серця — там, де кожна будівля розповідає свою історію. Екскурсія Будапешт – перлина Дунаю (входить у вартість туру) Будапешт — місто, яке неможливо забути: він сяє вдень і чарує у вечірніх вогнях. Тут минуле й с",600
https://www.accordtour.com/tours/8303,Вікенд в Будапешт! + Хевіз!,3,Будапешт – Балатон – Секешфехервар – Тихань – Хевіз – Відень,Будапешті. Рекомендуємо на вибір: Відень - столиця Габсбургів: 46€; вятого Стефана і витончену Альбертіну! Поїздка на оз. Балатон: 46€,"Сніданок. Вільний час в Будапешті. Рекомендуємо на вибір: Відень - столиця Габсбургів ( Дорослий: 46€ / Діти до 16 років: 36€ , до 6 років: 0€ ) Відень - місто музики і великих музикантів, місто чарівне і прекрасне ... його по праву називають серцем Європи. Столиця Австро-Угорської імперії, Відень вражає своєю величчю і розкішшю, своєю чарівністю і теплотою ... Під час пішохідної екскурсії ми побачимо: площа Марії Терезії, імперський Хофбург, Кертнер, Грабен, собор святого Стефана і витончену Альбертіну! Поїздка на оз. Балатон ( Дорослий: 46€ / Діти до 16 років: 36€ , до 6 років: 0€ + вх. квит",600
https://www.accordtour.com/tours/8303,Вікенд в Будапешт! + Хевіз!,4,Мукачево – Стрий – Львів,,"Прибуття у Львів - залізничний вокзал орієнтовно в ~ 8.30. Тільки у Львові! (входить у вартість туру) Ми вирушимо в центральну частину міста, прогуляємося по вузеньких вуличках древнього Львова. Тут розливається аромат ранкової кави, кличуть своїми передзвонами костел Успіння і Домініканський собор, підноситься над черепичним морем Ратуша... Кожен камінчик на площі Ринок несе через століття свою історію! <div class=""",420
https://www.accordtour.com/tours/6055,"Схід, солодка любов моя... Туреччина + Греція",1,Одеса – Варна,,"Виїзд з Одеси. Перетин кордону. Переїзд. Поселення в готелі. Ночівля в готелі. <div class=""",91
https://www.accordtour.com/tours/6055,"Схід, солодка любов моя... Туреччина + Греція",2,Несебр – Стамбул,затишку. Вільний час в Несебрі. Дегустація чорноморських вин: 23€,"Сніданок. Виселення з готелю. Переїзд в Несебр. «Казковий Несебр» (входить у вартість туру) Сьогодні нас очікує відвідування одного з найдавніших міст Болгарії. Маленькі, вимощені бруківкою вулички, старовинні будиночки, середньовічні церкви і дерев'яні будівлі надають містечку особливу чарівність. Слов&rsquo;янські та грецькі архітектурні традиції дивовижно переплітаються, створюючи в місті атмосферу тепла і затишку. Вільний час в Несебрі. Дегустація чорноморських вин ( Дорослий: 23€ / Діти: 21€ ) У нас буде можливість доторкнутися до таїнства народження цього напою, ми побачимо процес бродін",600
https://www.accordtour.com/tours/6055,"Схід, солодка любов моя... Туреччина + Греція",3,Стамбул,,"Сніданок. Нас чекає захоплююча автобусно-пішохідна екскурсія: «Турецький діамант - Стамбул» (входить у вартість туру) Неначе стародавню скарбницю, ця екскурсія відкриє для нас величний Стамбул, котрий повен чудесних місць, чарівних пам&rsquo;яток історії, культури та архітектури. Усього за кілька годин ми побачимо Блакитну мечеть, римський іподром, турецькі бані Роксолани, міст через Босфор, палац Топкапи, площу Султана Ахмеда. Стамбул як ніяке інше місто у світі славиться численними магазинами, торгівельними центрами та базарами&hellip; Під час оглядової екскурсії в нас буде прекрасна можливі",600
https://www.accordtour.com/tours/6055,"Схід, солодка любов моя... Туреччина + Греція",4,Салоніки,урсію - заїзд в Кавалу. «Маленьке Монте Карло» - місто Кавала: 30€,"Сніданок. Виселення з готелю. Переїзд в Грецію. При бажанні групи відвідати екскурсію - заїзд в Кавалу. «Маленьке Монте Карло» - місто Кавала ( Дорослий: 30€ / Діти до 12 років: 23€ ) Це поєднання моря і гір, що своєю формою нагадують амфітеатр, зведений на схилі гори Сімволос. Місто з магічною силою тяжіння, сповнене особливою витонченістю та красою, що зачаровує своїх гостей з першого погляду Переїзд в Салоніки. Поселення в готелі. «Столиця Північної Греції - Салоніки» (входить у вартість туру) Місто було засноване в 314 р. до н.е. і пройшло тривалий історичний шлях. Сьогодні місто заслужено",600
https://www.accordtour.com/tours/6055,"Схід, солодка любов моя... Туреччина + Греція",5,Метеори – Салоніки – Петрич,бажаючим рекомендуємо відвідати: «Витаючі в повітрі Метеори»: 55€,"Сніданок. Виселення з готелю. Вільний час. У вільний час усім бажаючим рекомендуємо відвідати: «Витаючі в повітрі Метеори» ( Дорослий: 55€ / Діти: 48€ ) Нас чекає знайомство з унікальним комплексом монастирів на вершині скель. Величезні скелі, на перший погляд, підпирають небо, як вдалося звести споруди на такій висоті до сих пір залишається загадкою. Колись місцеві монахи десятиліттями на своїх спинах тягали дошки, колоди і глину на верхівки цих гір. Вони зводили стіни, висікали ступені в твердому камені. І рік за роком, покоління за поколінням будували свої монастирі. Переїзд в Болгарію. Пос",600
https://www.accordtour.com/tours/6055,"Схід, солодка любов моя... Туреччина + Греція",6,Рупите – Мелник,ий час усім бажаючим рекомендуємо відвідати: Рупіте і Мельник: 38€,"Сніданок. Виселення з готелю. Відкрийте для себе дивовижне місце на Землі, затишне містечко на півдні Болгарії, на висоті 224 м над рівнем моря, в мальовничій сонячній долині, біля підніжжя одного з найвищих гірських масивів Пірінськіх - «Болгарський Баден-Баден - Санданські». Вільний час. У вільний час усім бажаючим рекомендуємо відвідати: Рупіте і Мельник ( Дорослий: 38€ / Діти: 30€ ) Рупите - містечко, розташоване біля кратера вулкана, з мальовничою природою, прекрасними термальними джерелами з температурою води 75 &deg; С. Місцевість по-справжньому гарна і насичена унікальною енергією. Сла",600
https://www.accordtour.com/tours/6055,"Схід, солодка любов моя... Туреччина + Греція",7,Бухарест – Одеса,,"Сніданок. Виселення з готелю. Екскурсія по столиці Румунії – Бухаресту (входить у вартість туру) Місто розташоване на Валашському плоскогір'ї, біля підніжжя Карпат, оточене Дунаєм, місто стало столицею Валахії під час правління легендарного Влада Цепеша. Місто парадоксів і контрастів, воно поєднує в собі традиції Заходу і Сходу, що надає йому особливого неповторного колориту. Therme Bucurest (Трансфер - Дорослий: 18€ / Діти: 16€) В комплексі 8 басейнів з термальною водою багатою на мінеральні солі, 3-ри аромотерапевтичних басейни, сауни, джакузі, 16-ть водних гірок, pool bar, найбільший ботані",600
https://www.accordtour.com/tours/4015,Музика прибою: Відпочинок на Егейському морі Греції!,1,Львів,,"Виїзд зі Львова. Перетин кордонів. Можливе приєднання до туру: Стрий, Долина, Калуш, Івано-Франківськ, Коломия, Заболотів, Снятин, Чернівці. Нічний переїзд до Греції. <div class=""",179
https://www.accordtour.com/tours/4015,Музика прибою: Відпочинок на Егейському морі Греції!,2,Відпочинок на узбережжі Егейського моря – Олімп – Паралія,,"Ласкаво просимо до Греції. Прибуття на узбережжя Егейського моря. Поселення в готелі. Прозора морська вода, просторі піщані пляжі і незвичайно м який клімат створили всі умови для прекрасного відпочинку. Узбережжя Егейського моря може подарувати своїм гостям разючі враження від знайомства з прекрасним і гармонійним світом Стародавньої Греції, зі славною історією Римської Імперії і з іншими епохами розвитку людства. Уздовж усього узбережжя розташовані риболовецькі порти, курорти, руїни стародавніх поселень, що свідчать про більш ніж п ятитисячолітньої історії, культурі та міфології... Відпочино",600
https://www.accordtour.com/tours/4015,Музика прибою: Відпочинок на Егейському морі Греції!,3,Відпочинок на узбережжі Егейського моря – Афіни – Метеори – Скіатос – Вергина – Арідея – Салоніки,ок на морі. Всім бажаючим пропонуємо: Круїз на острів Скіатос: 56€,"Сніданок. Відпочинок на морі. Всім бажаючим пропонуємо: Круїз на острів Скіатос ( Дорослий: 56€ / Діти до 16 років: 51€ ) Скіатос - дивовижний острів, який по праву називають &laquo;Діамантом Егейського моря&raquo;. Природна краса острова, архітектура, яка поєднує в собі характерні риси прибережних і гірських сіл, сучасна інфраструктура та легка досяжність зробили Скіафос улюбленим місцем відпочинку греків і туристів з усіх країн світу. Голлівудські продюсери не даремно вибрали Скіафос з його мальовничими бухтами і пляжами, з кристально - чистими водами в якості місця зйомок одного з найуспішн",600
https://www.accordtour.com/tours/4015,Музика прибою: Відпочинок на Егейському морі Греції!,7,Відпочинок на узбережжі Егейського моря,,"Сніданок. Відпочинок на морі. В другій половині дня виїзд в Україну. Нічний переїзд. <div class=""",97
https://www.accordtour.com/tours/4015,Музика прибою: Відпочинок на Егейському морі Греції!,8,Львів,,"Перетин кордонів. Можливе від’єднання: Рогатин, Бурштин, Івано-Франківськ, Коломия, Чернівці. Всім бажаючим пропонуємо: Час прибуття до Львова орієнтовно 23:00 (залежить від проходження кордону). Місце прибуття у Львові - залізничний вокзал. До нових зустрічей! <div class=""",274
https://www.accordtour.com/tours/3395,Сієста у греків: відпочинок на Егейському морі і Охридському озері,1,Львів – Тімішоара – Белград,,"Виїзд в тур відбувається із Львівського залізничного вокзалу. Можлива підсадка в Стрию (+1 година з моменту відправлення в тур), Мукачево (+4 години з моменту відправлення в тур). Перетин кордону. Ночівля. <div class=""",218
https://www.accordtour.com/tours/3395,Сієста у греків: відпочинок на Егейському морі і Охридському озері,2,Скоп є – каньйон Матка,,"Сніданок. Переїзд в Північну Македонію. Екскурсія Столиця Македонії - Скоп є (входить у вартість туру) Сьогодні нас чекає столиця Македонії - Скоп'є , місто дружньої і теплої атмосфери. У столиці прекрасно поєднуються різні культури і релігії, а населення вражає своєю повагою і розумінням один до одного. Ми побачимо фортецю Скопско калі, що підноситься над лівим берегом річки Вардар, а також символ Скоп'є - кам'яний міст через річку Вардар, побудований візантійським імператором Юстиніаном. Турецька культура залишила свій незгладимий відбиток на історичному центрі і його архітектурі. Практично ",600
https://www.accordtour.com/tours/3395,Сієста у греків: відпочинок на Егейському морі і Охридському озері,3,Відпочинок на узбережжі Егейського моря – Салоніки,,"Сніданок. Переїзд в Грецію. Поселення в готель на побережжі Егейського моря. Прозора морська вода, просторі піщані пляжі і незвичайно м який клімат створили всі умови для прекрасного відпочинку. Узбережжя Егейського моря може подарувати своїм гостям разючі враження від знайомства з прекрасним і гармонійним світом Стародавньої Греції, зі славною історією Римської Імперії і з іншими епохами розвитку людства. Уздовж усього узбережжя розташовані риболовецькі порти, курорти, руїни стародавніх поселень, що свідчать про більш ніж п ятитисячолітньої історії, культурі та міфології... Відпочинок на морі",600
https://www.accordtour.com/tours/3395,Сієста у греків: відпочинок на Егейському морі і Охридському озері,4,Відпочинок на узбережжі Егейського моря – Вергина – Арідея – Метеори – Афіни – Олімп – Скіатос – Афітос – Неа Потідея – Каллітея,Відпочинок на морі. Всім бажаючим пропонуємо: Грецькі Альпи: 46€,"Сніданок. Відпочинок на морі. Всім бажаючим пропонуємо: Грецькі Альпи ( Дорослий: 46€ / Діти: 36€ + вх. квиток) Сьогодні нас чекають казкові місця. Ми відвідаємо першу столицю Македонського царства – Вергіну , де познайомимося з справжньою царською скарбницею, багатства якої справляють враження навіть на самих стриманих мандрівників. Тут знаходиться унікальний музей, де представлені цінні експонати македонської царської династії, а також група гробниць, в одній з яких покояться останки Філіпа II, батька Олександра Македонського. У тіні гір Пайкос і Воррас розташувалося місто Лутра Арідея . Кра",600
https://www.accordtour.com/tours/3395,Сієста у греків: відпочинок на Егейському морі і Охридському озері,9,Охрид – Охридське озеро,,"Сніданок. Переїзд в Північну Македонію. Екскурсія Охрид + Охридське озеро (входить у вартість туру) Ми зробимо неквапливу пішохідну екскурсію по старовинному місту, яке в давнину носило ім'я Ліхнідос, що означає &laquo;місто світла&raquo;. Назва ця, швидше за все, походить від кришталево чистої води Охридського озера, що відображає сонячні промені на стіни міста. На нас чекає відвідування старовинної візантійської фортеці, побудованої в 5 столітті, в якій прекрасно збереглися дві з половиною тисячі років православної історії міста, і піша прогулянка по старому місту, що розташоване на скелі на",600
https://www.accordtour.com/tours/3395,Сієста у греків: відпочинок на Егейському морі і Охридському озері,10,Охридське озеро,нка на катері по Охридському озеру до Монастиря Святого Наума: 43€,"Сніданок. Відпочинок на озері. Всім бажаючим пропонуємо: Прогулянка на катері по Охридському озеру до Монастиря Святого Наума ( Дорослий: 43€ / Діти: 36€ ) Наша екскурсія почнеться з гавані Охрид, звідки ми зробимо цікаву прогулянку на борту екскурсійного човна вздовж берегів озера. Ми зможемо насолодитись живописним видом узбережжя з високими скелями і відвідаємо одне з найкрасивіших місць на березі Охридського озера - Монастир Святого Наума. Переїзд до Сербії. Поселення в готелі. Ночівля. <div class=""",508
https://www.accordtour.com/tours/3395,Сієста у греків: відпочинок на Егейському морі і Охридському озері,11,Львів – Мукачево,,"Сніданок. Орієнтовне прибуття (залежить від проходження кордону) в Мукачево - 00:00, до Львова - 03:00 (наступний день). Місце прибуття у Львові - залізничний вокзал. До нових зустрічей! <div class=""",199
https://www.accordtour.com/tours/161306,"Всі фарби Балкан Албанія, Північна Македонія, Болгарія",1,Одеса – Ізмаїл – Бухарест,,"Виїзд з Одеси. Перетин кордону. Переїзд в Бухарест. Поселення в готелі. Therme Bucurest (Трансфер: 18€ + вх. квиток ) В комплексі 8 басейнів з термальною водою багатою на мінеральні солі, 3-ри аромотерапевтичних басейни, сауни, джакузі, 16-ть водних гірок, pool bar, найбільший ботанічний сад в Румунії (500 пальм, 800 тис. Екзотичних рослин). Ночівля в готелі. <div class=""",374
https://www.accordtour.com/tours/161306,"Всі фарби Балкан Албанія, Північна Македонія, Болгарія",2,Велико-Тирново – Арбанаси,У вільний час усім бажаючим рекомендуємо відвідати: Арбанаси: 30€,"Сніданок. Виселення з готелю. Переїзд у Велико-Тирново. Пішохідна екскурсія по Велико-Тирново (входить у вартість туру) Одне з найдавніших міст Болгарії, столиця Другого Болгарського царства, колиска болгарської архітектури, живопису і літератури - Велико-Тирново. Місто побудоване на трьох пагорбах Царавец, Трапезіца і Свето-гора, в 1393 році було повністю спалене турецькими військами і в короткий термін відбудоване заново... У вільний час усім бажаючим рекомендуємо відвідати: Арбанаси ( Дорослий: 30€ / Діти до 16 років: 26€ ) колись місто було набагато більшим поселенням. У 1530 році воно бул",600
https://www.accordtour.com/tours/161306,"Всі фарби Балкан Албанія, Північна Македонія, Болгарія",3,Скоп є – каньйон Матка – Вльора,,"Сніданок. Виселення з готелю. Екскурсія столицею Македонії - містом Скоп є. (входить у вартість туру) В місті панує приємна і дружня атмосфера, тут чудесним чином поєднуються різноманітні культури та релігії, а населення вражає своєю повагою і розумінням один до одного. Для того, щоб відчути все багатство містечка, ми відвідаємо найвідоміші пам'ятки, такі як чарівна фортеця Кале, що височіє над лівим берегом річки Вардар, древній Кам'яний міст, монастир Святого Пантелеймона, церква Святого Микити, соборний храм Святого Климента Охридського. Також ми побачимо православну церкву Святого Спаса, д",600
https://www.accordtour.com/tours/161306,"Всі фарби Балкан Албанія, Північна Македонія, Болгарія",4,відпочинок на Адріатичному узбережжі – Круя – Тирана – Гірокастра – Бутринт – острів Корфу,морі. У вільний час пропонуємо відвідати: Гірокастра-Бутринт: 43€,"Сніданок. Вільний час. Відпочинок на морі. У вільний час пропонуємо відвідати: Гірокастра-Бутринт ( Дорослий: 43€ / Діти: 36€ + вх. квиток) Гірокастра - відоме, як &laquo;кам'яне місто&raquo; або &laquo;місто тисячі кроків&raquo;, подарує нам чудові спогади про епоху лицарів і лицарських боїв. Пройшовши по вузьких, мощених каменем вуличкам з красивими будинками баштового типу - мимоволі відчуваєш епоху Середньовіччя. Переїзд в Бутринт. Бутринт - стародавнє місто в Албанії, заснований греками задовго до н.е. і став столицею невеликого царства Епір. Поселення знаходилося на березі затоки, має ви",600
https://www.accordtour.com/tours/161306,"Всі фарби Балкан Албанія, Північна Македонія, Болгарія",8,Охрид,ідпочинок на озері. Прогулянка на катері по Охридському озеру: 33€,"Сніданок. Виселення з готелю. Переїзд в Охрид. Екскурсія Екскурсія одним з найпрекрасніших балканських міст – Охридом (входить у вартість туру) з захоплюючим видом на чисте, прозоре озеро. Історія міста налічує більше 2500 років, багато істориків і мистецтвознавців називають місто &laquo;слов'янським Єрусалимом&raquo;, оскільки на узбережжі Охридського озера розташовано 365 діючих православних церков. Відпочинок на озері. Прогулянка на катері по Охридському озеру ( Дорослий: 33€ / Діти: 23€ ) Наша екскурсія почнеться з гавані Охрид, звідки ми зробимо цікаву прогулянку на борту екскурсійного чо",600
https://www.accordtour.com/tours/161306,"Всі фарби Балкан Албанія, Північна Македонія, Болгарія",9,Софія,,"Сніданок. Виселення з готелю. Переїзд в Софію. Екскурсія Екскурсія столицею Болгарії - Софією (входить у вартість туру) Нас запрошує одне з наймолодших міст Європи. Сьогоднішня Софія - динамічне, сучасне європейське місто з численними представництвами всесвітньо відомих фірм, з бізнес-центрами, парками і комплексами для розваг і спорту. Це єдина європейська столиця, розташована прямо біля підніжжя гори, що піднімається на 2500 м над рівнем моря. Місто з тисячолітньою історією, назване іменем богині мудрості, Софія і сьогодні зберігає культурно-історичні пам'ятки різних епох - від античності до",600
https://www.accordtour.com/tours/161306,"Всі фарби Балкан Албанія, Північна Македонія, Болгарія",10,Бухарест – Ізмаїл – Одеса,риту. Вільний час. У вільний час пропонуємо: Палац Парламенту: 26€,"Сніданок. Виселення з готелю. Екскурсія Екскурсія по столиці Румунії – Бухаресту (входить у вартість туру) Місто розташоване на Валашському плоскогір'ї, біля підніжжя Карпат, оточене Дунаєм, місто стало столицею Валахії під час правління легендарного Влада Цепеша. Місто парадоксів і контрастів, воно поєднує в собі традиції Заходу і Сходу, що надає йому особливого неповторного колориту. Вільний час. У вільний час пропонуємо: Палац Парламенту ( Дорослий: 26€ / Діти до 16 років: 21€ + вх. квиток) Для всіх бажаючих відвідини Палацу Парламенту. Гігантське творіння колишнього румунського диктатора М",600
https://www.accordtour.com/tours/160688,Неймовірне знайомство... Македонія + Албанія,1,Львів – Стрий – Мукачево,,"Прибуття у Львів. Збір на залізничному вокзалі Львова. Відправлення в тур. Можлива підсадка в Стрию (+1 година з моменту відправлення в тур), Мукачево (+4 години з моменту відправлення в тур). Перетин кордону. Поселення в транзитному готелі. Ночівля в готелі. <div class=""",272
https://www.accordtour.com/tours/160688,Неймовірне знайомство... Македонія + Албанія,2,Скоп є – каньйон Матка,,"Переїзд в Скоп є. Столиця Македонії - Скоп є (входить у вартість туру) місто яке серед тисячі вогнів виглядає ще більш загадково і привабливо. В місті панує приємна і дружня атмосфера, тут чудесним чином поєднуються різноманітні культури та релігії, а населення вражає своєю повагою і розумінням один до одного. Для того, щоб відчути все багатство містечка, ми відвідаємо найвідоміші пам'ятки, такі як чарівна фортеця Кале, що височіє над лівим берегом річки Вардар, древній Кам'яний міст, монастир Святого Пантелеймона, церква Святого Микити, соборний храм Святого Климента Охридського. Також ми поб",600
https://www.accordtour.com/tours/160688,Неймовірне знайомство... Македонія + Албанія,3,Вльора – відпочинок на Адріатичному узбережжі,,"Сніданок. Виселення з готелю. Переїзд у Вльору. Знайомтеся, перша столиця Албанії і один з кращих морських курортів країни - Вльора. Курорт оточений садами і оливковими гаями, які дозволяють відчути неповторну чарівність Адріатичного і Іонічного морів, красу прекрасної Албанської Рів єри. Поселення в готелі. Відпочинок на морі. Ночівля в готелі. <div class=""",360
https://www.accordtour.com/tours/160688,Неймовірне знайомство... Македонія + Албанія,4,Вльора – відпочинок на Адріатичному узбережжі,починок на морі. Вільний час. У вільний час пропонуємо: Берат: 43€,"Сніданок. Відпочинок на морі. Вільний час. У вільний час пропонуємо: Берат ( Дорослий: 43€ / Діти до 12 років: 36€ ) місто-музей, відоме ще як ""місто тисячі вікон"", оскільки більшість старих будівель міста прикрашені вікнами. Місто розташоване біля підніжжя гори Томор зі старовинною фортецею на одному з пагорбів, звідки Вашому погляду відкриється чудовий вид на древнє місто. В самому місті є декілька мечетей XV століття і велика кількість візантійських православних церков. В деяких церквах і по сьогоднішній день збереглись фрески відомого художника Онуфрія і його школи, а також роботи інших пі",600
https://www.accordtour.com/tours/160688,Неймовірне знайомство... Македонія + Албанія,9,,,"Сніданок. Відпочинок на морі. Виселення з готелю до 12:00 (речі можна залишити в камері схову готелю). Вільний час. У вільний час пропонуємо: Термальні джерела Пермет (Трансфер: 23€ + вх. квиток ) Прямо під відкритим небом, в оточенні мальовничих пейзажів на поверхню виходять відразу шість термальних джерел, збагачених сіркою та іншими мікроелементами. Одне з джерел оптимально при захворюваннях шлунку, вода другого джерела допоможе людям з проблемами зі шкірою, а чотири інших будуть корисні людям з ревматичними та іншими хронічними захворюваннями. Орієнтовно о 18:00 виїзд з Албанії. Переїзд в ",600
https://www.accordtour.com/tours/160688,Неймовірне знайомство... Македонія + Албанія,10,Охрид,опонуємо відвідати: Прогулянка на катері по Охридському озеру: 33€,"Сніданок. Екскурсія Екскурсія одним з найпрекрасніших балканських міст – Охридом (входить у вартість туру) з захоплюючим видом на чисте, прозоре озеро. Історія міста налічує більше 2500 років, багато істориків і мистецтвознавців називають місто &laquo;слов'янським Єрусалимом&raquo;, оскільки на узбережжі Охридського озера розташовано 365 діючих православних церков. Виселення з готелю. Відпочинок на озері. У вільний час пропонуємо відвідати: Прогулянка на катері по Охридському озеру ( Дорослий: 33€ / Діти: 23€ ) Наша екскурсія почнеться з гавані Охрид, звідки ми зробимо цікаву прогулянку на бор",600
https://www.accordtour.com/tours/160688,Неймовірне знайомство... Македонія + Албанія,11,,,"Сніданок. Виселення з готелю. Переїзд в Україну. Орієнтовне прибуття (залежить від проходження кордону) в Мукачево - 19:00; Орієнтовне прибуття (залежить від проходження кордону) в Мукачево - 20:00, у Львів 23:00. До нових зустрічей! <div class=""",246
https://www.accordtour.com/tours/1118179,Мій літній коктейль&hellip; Тур з відпочинком на морі в Албанії&hellip;,1,Київ – Біла Церква – Умань – Одеса – Ізмаїл – Бухарест,,"Виїзд з Києва. Можлива посадка в Білій Церкві, Умані, Одесі, Ізмаїлі. Перетин кордону. Переїзд в Румунію. Поселення в готелі. Ночівля в готелі. <div class=""",156
https://www.accordtour.com/tours/1118179,Мій літній коктейль&hellip; Тур з відпочинком на морі в Албанії&hellip;,2,Бухарест – Салоніки,,"Сніданок. Виселення з готелю. Екскурсія по столиці Румунії – Бухаресту (входить у вартість туру) Місто розташоване на Валашському плоскогір'ї, біля підніжжя Карпат, оточене Дунаєм, місто стало столицею Валахії під час правління легендарного Влада Цепеша. Місто парадоксів і контрастів, воно поєднує в собі традиції Заходу і Сходу, що надає йому особливого неповторного колориту. Therme Bucurest (Трансфер: 18€ + вх. квиток ) В комплексі 8 басейнів з термальною водою багатою на мінеральні солі, 3-ри аромотерапевтичних басейни, сауни, джакузі, 16-ть водних гірок, pool bar, найбільший ботанічний сад ",600
https://www.accordtour.com/tours/1118179,Мій літній коктейль&hellip; Тур з відпочинком на морі в Албанії&hellip;,3,Салоніки – Вльора – відпочинок на Адріатичному узбережжі,,"Сніданок. Виселення з готелю. Екскурсія «Столиця Північної Греції - Салоніки» (входить у вартість туру) Місто було засноване в 314 р. до н.е. і пройшло тривалий історичний шлях. Сьогодні місто заслужено називають музеєм під відкритим небом, так як крім свого вражаючого віку, місто багате чудовими пам'ятками світової історії. Тут колись розташовувалася резиденція римського імператора Галерія. А згідно зі словами Апостола Павла, це місце є &laquo;золотими воротами християнства&raquo;. Під час оглядової екскурсії по місту ми побачимо символ міста - Білу Вежу, Храм Святого Димитрія Солунського, Тр",600
https://www.accordtour.com/tours/1118179,Мій літній коктейль&hellip; Тур з відпочинком на морі в Албанії&hellip;,4,Метеори – Гірокастра – Бутринт – Круя – Тирана,бажаючим рекомендуємо відвідати: «Витаючі в повітрі Метеори»: 55€,"Сніданок. У вільний час усім бажаючим рекомендуємо відвідати: «Витаючі в повітрі Метеори» ( Дорослий: 55€ / Діти: 48€ + вх. квиток) Нас чекає знайомство з унікальним комплексом монастирів на вершині скель. Величезні скелі, на перший погляд, підпирають небо, як вдалося звести споруди на такій висоті до сих пір залишається загадкою. Колись місцеві монахи десятиліттями на своїх спинах тягали дошки, колоди і глину на верхівки цих гір. Вони зводили стіни, висікали ступені в твердому камені. І рік за роком, покоління за поколінням будували свої монастирі. Екскурсія на казковий острів Корфу ( Доросли",600
https://www.accordtour.com/tours/1118179,Мій літній коктейль&hellip; Тур з відпочинком на морі в Албанії&hellip;,11,Охрид,мендуємо відвідати: Прогулянка на катері по Охридському озеру: 33€,"Сніданок. Виселення з готелю. Переїзд в Охрид. Екскурсія одним з найпрекрасніших балканських міст – Охридом (входить у вартість туру) з захоплюючим видом на чисте, прозоре озеро. Історія міста налічує більше 2500 років, багато істориків і мистецтвознавців називають місто &laquo;слов'янським Єрусалимом&raquo;, оскільки на узбережжі Охридського озера розташовано 365 діючих православних церков. У вільний час усім бажаючим рекомендуємо відвідати: Прогулянка на катері по Охридському озеру ( Дорослий: 33€ / Діти: 23€ ) Наша екскурсія почнеться з гавані Охрид, звідки ми зробимо цікаву прогулянку на б",600
https://www.accordtour.com/tours/1118179,Мій літній коктейль&hellip; Тур з відпочинком на морі в Албанії&hellip;,12,Скоп є,,"Сніданок. Виселення з готелю. Екскурсія столицею Македонії - містом Скоп є. (входить у вартість туру) В місті панує приємна і дружня атмосфера, тут чудесним чином поєднуються різноманітні культури та релігії, а населення вражає своєю повагою і розумінням один до одного. Для того, щоб відчути все багатство містечка, ми відвідаємо найвідоміші пам'ятки, такі як чарівна фортеця Кале, що височіє над лівим берегом річки Вардар, древній Кам'яний міст, монастир Святого Пантелеймона, церква Святого Микити, соборний храм Святого Климента Охридського. Також ми побачимо православну церкву Святого Спаса, д",600
https://www.accordtour.com/tours/1118179,Мій літній коктейль&hellip; Тур з відпочинком на морі в Албанії&hellip;,13,Ізмаїл – Одеса – Київ,,"Орієнтовне прибуття (залежить від проходження кордону) в Одесу - 16.00, Київ 23:00 До нових зустрічей! <div class=""",115
https://www.accordtour.com/tours/6522,Аромат зі східними нотами...,1,Одеса – Ізмаїл – Варна,,"Виїзд з Одеси (можливе приєднання до групи в Ізмаїлі). Перетин кордону. Переїзд в Варну, поселення в готель. Ночівля в готелі. <div class=""",139
https://www.accordtour.com/tours/6522,Аромат зі східними нотами...,2,Несебр – Стамбул,місті атмосферу тепла і затишку. Дегустація чорноморських вин: 23€,"Сніданок. Виселення з готелю. Екскурсія «Казковий Несебр» (входить у вартість туру) Сьогодні нас очікує відвідування одного з найдавніших міст Болгарії. Маленькі, вимощені бруківкою вулички, старовинні будиночки, середньовічні церкви і дерев'яні будівлі надають містечку особливу чарівність. Слов&rsquo;янські та грецькі архітектурні традиції дивовижно переплітаються, створюючи в місті атмосферу тепла і затишку. Дегустація чорноморських вин ( Дорослий: 23€ / Діти: 21€ ) У нас буде можливість доторкнутися до таїнства народження цього напою, ми побачимо процес бродіння, вдихнемо аромат вина, що до",600
https://www.accordtour.com/tours/6522,Аромат зі східними нотами...,3,Стамбул – Салоніки,,"Сніданок. Виселення з готелю. Екскурсія «Турецький діамант – Стамбул» (входить у вартість туру) Неначе стародавню скарбницю, ця екскурсія відкриє для нас величний Стамбул, котрий повен чудесних місць, чарівних пам&rsquo;яток історії, культури та архітектури. Усього за кілька годин ми побачимо Блакитну мечеть, Римський іподром, турецькі бані Роксолани, міст через Босфор, палац Топкапи, площу Султана Ахмеда, а також побуваємо на оглядовому майданчику в азіатській частині міста. Стамбул як ніяке інше місто у світі славиться численними магазинами, торгівельними центрами та ринками&hellip; Під час ",600
https://www.accordtour.com/tours/6522,Аромат зі східними нотами...,4,Метеори,,"Сніданок. Виселення з готелю. Екскурсія «Столиця Північної Греції – Салоніки» (входить у вартість туру) Місто було засноване в 314 р. до н.е. і пройшло тривалий історичний шлях. Сьогодні місто заслужено називають музеєм під відкритим небом, так як крім свого вражаючого віку, місто багате чудовими пам'ятками світової історії. Тут колись розташовувалася резиденція римського імператора Галерія. А згідно зі словами Апостола Павла, це місце є &laquo;золотими воротами християнства&raquo;. Під час екскурсії ми побачимо символ міста - Білу Вежу, Храм Святого Димитрія Солунського, Тріумфальну арку, Рот",600
https://www.accordtour.com/tours/6522,Аромат зі східними нотами...,5,Відпочинок на узбережжі Іонічного моря (Греція),данок. Виселення з готелю. Екскурсія на казковий острів Корфу: 55€,"Сніданок. Виселення з готелю. Екскурсія на казковий острів Корфу ( Дорослий: 55€ / Діти до 16 років: 43€ + вх. квиток) На відміну від материкової частини Греції і островів Егейського моря, Корфу вдалося уникнути турецького панування. Тут довгий час правили венеціанці, британці, італійці, за Наполеона острів входив до складу Франції, кожен з періодів залишив свій неповторний відбиток в історії острова. Під час оглядової екскурсії островом ми відвідаємо місто Корфу, де у нас буде можливість вдосталь нагулятися звивистими середньовічними вуличками, відвідати Кафедральний Собор і Собор Святого Спи",600
https://www.accordtour.com/tours/6522,Аромат зі східними нотами...,6,відпочинок на Іонічному узбережжі,Сніданок. Виселення з готелю. Гірокастра-Бутринт: 43€,"Сніданок. Виселення з готелю. Гірокастра-Бутринт ( Дорослий: 43€ / Діти: 36€ ) Гірокастра - відоме, як &laquo;кам'яне місто&raquo; або &laquo;місто тисячі кроків&raquo;, подарує нам чудові спогади про епоху лицарів і лицарських боїв. Пройшовши по вузьких, мощених каменем вуличкам з красивими будинками баштового типу - мимоволі відчуваєш епоху Середньовіччя. Переїзд в Бутринт. Бутринт - стародавнє місто в Албанії, заснований греками задовго до н.е. і став столицею невеликого царства Епір. Поселення знаходилося на березі затоки, має вихід в Іонічне і Адріатичне моря. Місто зберегло безліч пам'ят",600
https://www.accordtour.com/tours/6522,Аромат зі східними нотами...,7,Охрид – Скоп є – Велико-Тирново,Екскурсія одним з найпрекрасніших балканських міст – Охридом: 31€; діючих православних церков. Переїзд в Скоп є. Каньйон Матка: 43€,"Сніданок. Виселення з готелю. Екскурсія одним з найпрекрасніших балканських міст – Охридом ( Дорослий: 31€ / Діти: 23€ ) з захоплюючим видом на чисте, прозоре озеро. Історія міста налічує більше 2500 років, багато істориків і мистецтвознавців називають місто &laquo;слов'янським Єрусалимом&raquo;, оскільки на узбережжі Охридського озера розташовано 365 діючих православних церков. Переїзд в Скоп є. Каньйон Матка ( Дорослий: 43€ / Діти: 36€ ) Цей мальовничий каньйон був створений річкою Тріска, що проклала свій шлях через гірський масив. У 1938 році річку Тріску перегородили дамбою, завдяки чому ",600
https://www.accordtour.com/tours/6522,Аромат зі східними нотами...,8,Велико-Тирново – Одеса,,"Сніданок. Виселення з готелю. Екскурсія Пішохідна екскурсія по Велико-Тирново (входить у вартість туру) Одне з найдавніших міст Болгарії, столиця Другого Болгарського царства, колиска болгарської архітектури, живопису і літератури - Велико-Тирново. Місто побудоване на трьох пагорбах Царавец, Трапезіца і Свето-гора, в 1393 році було повністю спалене турецькими військами і в короткий термін відбудоване заново... Переїзд в Одесу. Орієнтовний час прибуття (залежить від проходження кордону) в Ізмаїл - 19:00, до Одеси о 23:50. <div class=""",539
https://www.accordtour.com/tours/8499/tab/tab_price/tour_date/2026-12-09/cls_number_adult_cnt/%7B1:1%7D/cls_number_child_age/%7B%7D/tour_include_ins/true/tour_include_parom/42/tour_include_parom2/43/tour_include_parom3/6527,Лапландія і Томтеленд - У світі Санта Клауса!,1,Львів – Люблін – Варшава,ова. Переїзд по Україні. Перетин кордонів. Старовинний Люблін: 18€,"Збір на залізничному вокзалі м. Львів. Виїзд зі Львова. Переїзд по Україні. Перетин кордонів. Старовинний Люблін ( Дорослий: 18€ / Діти до 16 років: 13€ , до 6 років: 0€ ) Перше місто для знайомства - Люблін . Екскурсія по одному з відомих міст Польщі. Серце Любліна - Старе Місто з його багатовіковими кам'яницями, вузенькими вуличками, архітектурними пам'ятками: Краківська брама, Домініканський монастир, Кафедральний собор з ризницею та скарбницею, Старий театр, який є одним з найцінніших і цікавих в Європі. Екскурсія Варшава – місто королів (входить у вартість туру) Вечірня екскурсія по місту",600
https://www.accordtour.com/tours/8499/tab/tab_price/tour_date/2026-12-09/cls_number_adult_cnt/%7B1:1%7D/cls_number_child_age/%7B%7D/tour_include_ins/true/tour_include_parom/42/tour_include_parom2/43/tour_include_parom3/6527,Лапландія і Томтеленд - У світі Санта Клауса!,2,Гданськ – Мальборк – Сопот – Гдиня,ком морської пригоди. Подорож по середньовіччю замок Мальборк: 38€,"Сніданок. Пішохідна екскурсія Екскурсія Старовинний Гданськ (входить у вартість туру) Старовинний Гданськ — місто, де море зустрічається з історією, а повітря пахне бурштином і свободою. Його вузенькі вулички, дзвін годинників і блиск Балтики створюють неповторну атмосферу романтики й натхнення. Тут кожен крок — це подорож у минуле з присмаком морської пригоди. Подорож по середньовіччю замок Мальборк ( Дорослий: 38€ / Діти до 12 років: 30€ , до 6 років: 0€ + вх. квиток) Запрошуємо в величний замок Мальборк , на березі річки Ногат. Середньовічна резиденція Великого Магістра Тевтонського ордена ",600
https://www.accordtour.com/tours/8499/tab/tab_price/tour_date/2026-12-09/cls_number_adult_cnt/%7B1:1%7D/cls_number_child_age/%7B%7D/tour_include_ins/true/tour_include_parom/42/tour_include_parom2/43/tour_include_parom3/6527,Лапландія і Томтеленд - У світі Санта Клауса!,3,Стокгольм,,"Сніданок на поромі (19,5Є оплачується додатково, при бажанні). Прибуття в порт Кальскроне. Переїзд в Стокгольм. Нас вітає королівська столиця Швеції – Стокгольм. Екскурсія Серце Стокгольму Gamla Stan (входить у вартість туру) Пішохідна екскурсія по центральній частині міста &laquo;Gamla Stan -серце Стокгольма&raquo;. Звідки виникла назва Старе місто? Середньовічні вулички і площі тут мають особливу магію. Прогулюючись по ним, з головою зануримося в атмосферу унікальних і неповторних архітектурних споруд, соборів, пам'ятників і скульптур, які зберегли пам'ять про безліч історичних подій, таємни",600
https://www.accordtour.com/tours/8499/tab/tab_price/tour_date/2026-12-09/cls_number_adult_cnt/%7B1:1%7D/cls_number_child_age/%7B%7D/tour_include_ins/true/tour_include_parom/42/tour_include_parom2/43/tour_include_parom3/6527,Лапландія і Томтеленд - У світі Санта Клауса!,4,парк Томтеленд – Сигтуна – Стокгольм,"Швеція», містечко Мура. Чарівний Світ Санти - парк Томтеленд: 36€","Сніданок. Вільний час. Нас чекає провінція Даларна «сама шведська Швеція», містечко Мура. Чарівний Світ Санти - парк Томтеленд ( Дорослий: 36€ / Діти: 30€ + вх. квиток) Запрошуємо відвідати казковий світ Санта Клауса , село шведського Діда Мороза, де казка стає дійсністю . Світ Санти воїстину чудовий !!! Гноми в ковпачках, проведуть нас через казковий ліс і розкажуть про його мешканців. Покажуть казкові володіння Дідуся Мороза: будинок і майстерню, шахту Ельфів, хатинку Тролів, де підростають маленькі троленята, чудове озеро Аврора !!! І, звичайно ж, нас чекає зустріч з самим Сантою, він запро",600
https://www.accordtour.com/tours/8499/tab/tab_price/tour_date/2026-12-09/cls_number_adult_cnt/%7B1:1%7D/cls_number_child_age/%7B%7D/tour_include_ins/true/tour_include_parom/42/tour_include_parom2/43/tour_include_parom3/6527,Лапландія і Томтеленд - У світі Санта Клауса!,5,Лапландія – Турку,,"Сніданок на поромі (оплачується додатково). Прибуття в порт. Прибуття в Фінляндію. Вітаємо Вас в країні Санта-Клауса і Снігової Королеви, полярної природи, лісів і водних потоків, які створюють унікальні пейзажі, що ми уявляли читаючи казки...Переїзд в друге за величиною місто Фінляндії - Тампере. Місто особливої краси, де ми побачимо міст Хямеенсілта, кафедральний собор, Ратушу, Олександрівську церква і район Фінлейсон. Але це далеко не все, чим може похвалитися місто .... У вільний час рекомендуємо підйом на найвищу оглядову вежу Скандинавії - Нясиннеула (більше 165 м) (оплачується. дод.) Пе",600
https://www.accordtour.com/tours/8499/tab/tab_price/tour_date/2026-12-09/cls_number_adult_cnt/%7B1:1%7D/cls_number_child_age/%7B%7D/tour_include_ins/true/tour_include_parom/42/tour_include_parom2/43/tour_include_parom3/6527,Лапландія і Томтеленд - У світі Санта Клауса!,6,Санта Парк – Лапландія,,"Сніданок. Запрошуємо відвідати В гості до Санта Клауса (Трансфер - Дорослий: 50€ / Діти: 46€) Кожен дорослий, і тим більше дитина знає, що Санта Клаус народився і живе в Лапландії. У світі Санти: магічний Санта Парк (вх. квиток) Санта Парк -це підземне королівство Різдва, розташоване в самому серці Лапландії. Тут ми зможемо перетнути Полярне коло під землею в печері Санта Клауса, викарбувати монету і відвідати кабінет, де приймає сам Санта Клаус, зустрітися з гномами і ельфами, проїхатись на підземному казковому поїзді через чотири пори року. У казковій кондитерській розфарбувати пряники і з'ї",600
https://www.accordtour.com/tours/8499/tab/tab_price/tour_date/2026-12-09/cls_number_adult_cnt/%7B1:1%7D/cls_number_child_age/%7B%7D/tour_include_ins/true/tour_include_parom/42/tour_include_parom2/43/tour_include_parom3/6527,Лапландія і Томтеленд - У світі Санта Клауса!,7,Лапландія – Рануа,У вільний час рекомендуємо відвідати: Арктичний зоопарк Рануа: 38€,"Сніданок. У вільний час рекомендуємо відвідати: Арктичний зоопарк Рануа ( Дорослий: 38€ / Діти до 16 років: 30€ + вх. квиток) Нас чекає найпівнічніший зоопарк світу. Ми побачимо кілька десятків видів арктичних та північних диких тварин: білі і бурі ведмеді, рисі, вовки, лосі, сови, північні олені. Далі нас чекає магазин солодощів Санта Клауса і шоколадна лавка всесвітньо відомої марки Fazer. Бажаючі можуть відвідати винарню, а також вибрати і забрати з собою, вподобаного м'якого лапландського звіра, щоправда іграшкового. Вх. квиток від 26Є дорослі, 22Є діти до 14 років Полярне Сафарі на снігох",600
https://www.accordtour.com/tours/8499/tab/tab_price/tour_date/2026-12-09/cls_number_adult_cnt/%7B1:1%7D/cls_number_child_age/%7B%7D/tour_include_ins/true/tour_include_parom/42/tour_include_parom2/43/tour_include_parom3/6527,Лапландія і Томтеленд - У світі Санта Клауса!,8,Гельсінкі – Фортеця Свеабор,ці Фінляндії - Хельсінкі. Хельсінкі - коктейль Сходу і Заходу: 23€,"Приїзд до столиці Фінляндії - Хельсінкі. Хельсінкі - коктейль Сходу і Заходу ( Дорослий: 23€ / Діти: 18€ ) Це одне з найдивовижніших міст світу - його вулиці і провулочки звиваються між затоками, мости перекинуті між островами, а у віддалені частини міста ходять пороми. Ми побачимо старий Хельсінкі, з його мереживними дерев'яними будиночками, парками і набережними, пам'ятник Маннергейму, будівля Ратуші і Успенський собор, який є найбільшою православною церквою в Північній Європі, відвідаємо елегантну Сенатську площу з величним Кафедральним лютеранським собором середини 19 століття і пам'ятнико",600
https://www.accordtour.com/tours/8499/tab/tab_price/tour_date/2026-12-09/cls_number_adult_cnt/%7B1:1%7D/cls_number_child_age/%7B%7D/tour_include_ins/true/tour_include_parom/42/tour_include_parom2/43/tour_include_parom3/6527,Лапландія і Томтеленд - У світі Санта Клауса!,9,Таллінн,,"Сніданок на поромі (оплачується додатково). Прибуття в порт. Екскурсія Екскурсія Казкове місто на березі Балтійського моря Таллінн (входить у вартість туру) Дух середньовіччя відчувається в цьому місті всюди - в викладених бруківкою вуличках, черепичних дахах, шпилях церков, у полум'ї факелів, які кидають таємничі тіні на вкриту мохом кам'яну стіну замку Тоомпеа, у звуках прибою Балтійського моря... Древня архітектура, маленькі магазинчики, вузенькі вулички Старого міста, галасливі таверни і найголовніше - посмішки людей, які завжди раді гостям. У вільний час пропонуємо відвідати на вибір: Тає",600
https://www.accordtour.com/tours/8499/tab/tab_price/tour_date/2026-12-09/cls_number_adult_cnt/%7B1:1%7D/cls_number_child_age/%7B%7D/tour_include_ins/true/tour_include_parom/42/tour_include_parom2/43/tour_include_parom3/6527,Лапландія і Томтеленд - У світі Санта Клауса!,10,Каунас – Львів,ажанні групи ранкова екскурсія: Каунас: подорож у серце Литви: 18€,"Сніданок. При бажанні групи ранкова екскурсія: Каунас: подорож у серце Литви ( Дорослий: 18€ / Діти до 16 років: 13€ ) Каунас — місто, яке зачаровує своєю атмосферою та багатою історією. Під час екскурсії ви відвідаєте Каунаський замок, який розповість свої таємниці середньовіччя, та прогуляєтеся затишними вуличками Старого міста. Для дітей буде цікаво завітати до Музею чортів, де зібрано незвичайну колекцію скульптур та масок з усього світу. А дорослі оцінять красу архітектури, атмосферу старовини та можливість поринути у світ литовських легенд і традицій. Повернення в Україну. Перетин кордон",600
https://www.accordtour.com/tours/868686,Полуниця з Портвейном... Португалія,1,Львів – Вроцлав,,"Відправлення в тур. (Місце відправки: залізничний вокзал м.Львів, площа Двірцева 1) Перетин кордонів. При бажанні групи і наявності часу. Екскурсія Вроцлав – священна квітка Європи (входить у вартість туру) Вроцлав — зелене серце Польщі з казковою атмосферою. Старе місто вражає барвистими фасадами, романтичними мостами й легендами про гномів, що живуть просто на вулицях. Ринкова площа — одна з найбільших у країні, а готична ратуша зі старовинним сонячним годинником стала її перлиною. Це місто, яке хочеться досліджувати, фотографувати й у яке легко закохатися. Переїзд. Поселення в готель. Ночів",600
https://www.accordtour.com/tours/868686,Полуниця з Портвейном... Португалія,2,Ерфурт,,"Сніданок. Переїзд в Німеччину. Екскурсія Квіткове місто – Ерфурт (входить у вартість туру) Екскурсія по місту. Ерфурт затишно розташувався на берегах річечки Гера, неподалік від Тюрінгського лісу. Місто може по праву називати себе самим ""центровим"" населеним пунктом країни, тому що дійсно розташований в географічному центрі Німеччини. До наших днів Ерфурт зберіг чарівність пізнього Середньовіччя. Ми прогуляємося вулицями університетського кварталу, побачимо 500-річний дзвін Марія Глориоза і ""житловий міст"" крамарів Кремербрюке. Ерфурт – справжня середньовічна коштовність. Переїзд. Поселення в ",600
https://www.accordtour.com/tours/868686,Полуниця з Портвейном... Португалія,3,Руан – Довіль – Фекам – Онфлер,,"Сніданок. Переїзд до Франції. Франція - країна дивовижна, різноманітна і багатолика ... Екскурсія Місто ста веж – Руан (входить у вартість туру) Столиця Верхньої Нормандії, Руан являє собою музей шедеврів готики. Руанський великий кафедральний собор Нотр-Дам - один із самих чудових пам'ятників середньовічної архітектури. Безліч цікавих фактів про безстрашних вікінгів, відважну Жанну д'Арк і таємницю символіці готичних соборів, які так любили найбільший з імпресіоністів Клод Моне і перший французький романтик Гюстав Флобер. У вільний час рекомендуємо: Етрета - яскраве натхнення Франції ( Доросл",600
https://www.accordtour.com/tours/868686,Полуниця з Портвейном... Португалія,4,Мон-Сен-Мішель – Сен-Мало,ючих: Для бажаючих Восьме чудо світу - великий Мон-Сен-Мішель: 38€,"Сніданок. Вільний час в одному з містечок Нормандії. Для бажаючих: Для бажаючих Восьме чудо світу - великий Мон-Сен-Мішель ( Дорослий: 38€ / Діти: 28€ + вх. квиток) На кордоні Нормандії і Бретані знаходиться одне з найбільш вражаючих і прекрасних споруд, створених людиною. Мон-Сен-Мішель - острів-скеля-абатство. У часи середньовіччя тут була фортеця, яку за десять століть ніхто не підкорив. Магічна чарівність цього місця охопить кожного, хто зможе побачити підступаючий до острова прилив ... Переїзд в Бретань .... Це регіон романтичних узбереж, батьківщина Короля Артура, Астерікса та Обелікса, ",600
https://www.accordtour.com/tours/868686,Полуниця з Портвейном... Португалія,5,Бордо – Аркашон,"их Срібний Берег Атлантичного океану, Аркашон та дюна Ді Піла: 46€","Сніданок. Переїзд по Франції. Екскурсія Бордо - столиця Аквітанії (входить у вартість туру) Цей регіон, розташований на південному заході країни, французи називають ""іншим півднем Франції"". Екскурсія по місту Бордо - найпівнічніше з південних міст. Місто володіє монументальним надбанням, яке відображає його історію: багату, метушливу і завжди торгову. Для бажаючих Срібний Берег Атлантичного океану, Аркашон та дюна Ді Піла ( Дорослий: 46€ / Діти до 16 років: 36€ ) І також можливість скупатися в океані Огляд найбільшою піщаної дюни в Європі - Дюна Піла . Прогулянка по місту Аркашон - старий куро",600
https://www.accordtour.com/tours/868686,Полуниця з Портвейном... Португалія,6,Лісабон – шоу Фаду,ільний час або екскурсії на вибір: Лісабон – Великі відкриття: 33€,"Сніданок. Переїзд в Ліссабон. Екскурсія По вуличках Лісабона (входить у вартість туру) Ми пройдемося пішки по пагорбах старого Лісабона, де майже в кожному районі є місце з панорамним видом на набережну і море черепичних дахів. Мозаїчні тротуари та старовинні ліхтарі – природний вигляд незагримованого Лісабону, портового міста родом з давнини. Атмосфера міста пройнята сучасним духом, яскравим, легким, свіжим. Вільний час або екскурсії на вибір: Лісабон – Великі відкриття ( Дорослий: 33€ / Діти до 16 років: 26€ , до 6 років: 0€ ) Величний Пам'ятник Першовідкривачам, Тріумфальна арка, Монастир Ж",600
https://www.accordtour.com/tours/868686,Полуниця з Портвейном... Португалія,7,Лісабон – Порту – Палац Ажуда,х рекомендуємо відвідати: Порту – північна столиця Португалії: 60€,"Сніданок. Вільний час. Для бажаючих рекомендуємо відвідати: Порту – північна столиця Португалії ( Дорослий: 60€ / Діти: 46€ ) Саме яскраве і запам'ятовуване місце Португалії – це місто Порту . Саме Порту подарував назву країні Португалії, адже колись він був столицею країни. Від нього ж отримав свою назву напій портвейн. Порту дасть нам можливість відчути дух істинної Португалії. Порту старовинне місто, жваве і пристрасне. Воно повне прекрасних будівель. Прогулюючись по лабіринту вузьких вуличок, між будинками, збудованими в стилі модерн і бароко, ми зможемо насолодитися пишністю і колоритом ц",600
https://www.accordtour.com/tours/868686,Полуниця з Портвейном... Португалія,8,Обідуш – Баталья – Фатіма – Назаре – Томар – Алкобаса,У ритмі романтики та хвиль океану… Обідуш – Назаре – Алкобаса: 50€,"Сніданок. Вільний час. Для бажаючих У ритмі романтики та хвиль океану… Обідуш – Назаре – Алкобаса ( Дорослий: 50€ / Діти до 16 років: 40€ ) Подорож у світ краси, легенд і справжніх почуттів. Обідуш – мов сторінка зі старовинної казки: білі будиночки, квіти на вікнах, вузькі вулички й замок, подарований королем своїй нареченій. Тут час ніби зупинився, а вишневий лікер у шоколадних чашечках – як поцілунок з минулого. Назаре – це зустріч з океаном. Його безкраї хвилі, запах солі в повітрі, рибальський дух і атмосфера приморського життя зберегли у собі душу справжньої Португалії. Алкобаса – місто ",600
https://www.accordtour.com/tours/868686,Полуниця з Портвейном... Португалія,9,Лісабон – Сінтра – мис Рока,"Перлина Португалії - Сінтра, Мис Рока і Лісабонська Ривьєра: 65€","Сніданок. Вільний час. Перлина Португалії - Сінтра, Мис Рока і Лісабонська Ривьєра ( Дорослий: 65€ / Діти до 16 років: 55€ , до 6 років: 0€ + вх. квиток) Місто і його пагорби усіяні казковими палацами і фантастичними віллами, чарівні відвідувачів протягом століть. Відомий британський поет і мандрівник лорд Байрон писав, що місто ""можливо, в усіх відношеннях є самим чудовим в Європі"", називав його ""славний Едем"". Туманний зимовий день в загадковій Сінтрі не менше прекрасний, ніж сонячний і ясний літній, коли блакитна безодня океану відображає хмари своїм дзеркалом вод. Можливість відвідування р",600
https://www.accordtour.com/tours/868686,Полуниця з Портвейном... Португалія,10,Толедо – Мадрид,,"Ранній сніданок. Переїзд по Іспанії. Прибуття в Мадрид. Екскурсія Мадрид – Серце Іспанії (входить у вартість туру) Нас чекає велична столиця, місто мрії, місто радості, романтики і фантазій. Чарівність старих вулиць і площ. Літерaтурние кафе і старовинні бари, традиція тапас і фламенко, що вирує пласа Майор і Пуерта дель Соль, символ міста – Ведмедиця у суничного дерева. ""Мадрид і я – паримо під звуки танго, парк Де Ретіро нам– любові манеж... Я віддаюся Мадриду без залишку... Без сліз... Без обіцянок... Без надій..."" При бажанні групи, можливість відвідати Сталевий блиск Толедо ( Дорослий: 46",600
https://www.accordtour.com/tours/868686,Полуниця з Портвейном... Португалія,11,Андорра – Піренеї,,"Сніданок. Екскурсія Князівство Андорра (входить у вартість туру) Андорра – невелика самостійна держава між Францією та Іспанією. Під час екскурсії в Андорру ми познайомимося з її столицею Андорра-ла-Велья . Андорра – безмитна зона, де існують відмінні ціни і справжній рай для покупок. Переїзд через Піренеї з фотопаузами. (входить у вартість туру) Переїзд. Поселення в готель. Ночівля. <div class=""",399
https://www.accordtour.com/tours/868686,Полуниця з Портвейном... Португалія,12,Женева – Ансі,жанні групи одна з екскурсій на вибір. Женева – вишукана дама: 30€; ед нами в образі чарівної казки ... Альпійська Венеція - Ансі: 30€,"Сніданок. При бажанні групи одна з екскурсій на вибір. Женева – вишукана дама ( Дорослий: 30€ / Діти до 16 років: 20€ ) Розташувалась на березі чарівного озера Женева, розповідає нам свою історію: Палац Націй, штаб-квартира ООН, Товариство Червоного Хреста. Женева постане перед нами в образі чарівної казки ... Альпійська Венеція - Ансі ( Дорослий: 30€ / Діти до 16 років: 20€ ) Біля підніжжя Альп прихованих сніговими шапками на кордоні Швейцарії і Франції існує місто Ансі. Альпійська Венеція, справжній, що зберіг свій образ з далеких часів, середньовічне місто, відомий у всьому світі і зберігає",600
https://www.accordtour.com/tours/868686,Полуниця з Портвейном... Португалія,13,Страсбург – Кольмар,,"Сніданок. Екскурсія Страсбург – столиця Ельзасу (входить у вартість туру) Ельзас немов зійшов зі сторінок казки: будиночки з двосхилими дахами, побудовані з каменю і дерева, прикрашені квітами, на пічних трубах деяких з них звили гнізда лелеки. Пішохідна прогулянка по старому місту, острову, кварталу ремісників Petit de France, вузьких мальовничих переулочків, відвідування французького і німецького кварталів. Ми зануримося в незвичайну атмосферу двотисячолітнього міста. Широкі проспекти і вузькі вулички, невигадані історії та фантастичні легенди, паради і капітуляції, війна і мир – все змішало",600
https://www.accordtour.com/tours/868686,Полуниця з Портвейном... Португалія,14,Прага,"Сніданок. За бажанням групи. Зустріч з Прагою: 18€; итися для того, щоб загадати бажання! Срібне місто Кутна Гора: 18€","Сніданок. За бажанням групи. Зустріч з Прагою ( Дорослий: 18€ / Діти до 16 років: 13€ ) У лабіринтах маленьких вуличок ви поринете в таємничу атмосферу Старого міста. Староміська площа та Астрономічний годинник з небесною механікою на ратуші, Карлова вулиця... І Карлів міст! Потрібно тут зупинитися для того, щоб загадати бажання! Срібне місто Кутна Гора ( Дорослий: 18€ / Діти: 13€ ) Це старовинне містечко срібних рудокопів із затишними маленькими будиночками, кам'яною бруківкою та магазинчиками скла. Тут знаходиться королівський Монетний двір, де були викарбувані перші празькі срібні гроші. Ви",600
https://www.accordtour.com/tours/183,Амстердам - ковток свободи,1,Львів,,"Зустріч на залізничному вокзалі Львів ( пл. Двірцева 1) Відправлення в тур. Переїзд по Україні. При швидкому проходженні кордону і бажанні групи можливість відвідати. Екскурсія Королівський Краків (входить у вартість туру) Краків — місто легенд, мистецтва і шарму. Тут хочеться загубитись у вуличках, зупинитись на каву і закохатись у момент. Переїзд на ночівлю. Ночівля. <div class=""",384
https://www.accordtour.com/tours/183,Амстердам - ковток свободи,2,Берлін,ми зможемо побачити сучасне. Вільний час. Берлін крізь часи: 30€,"Сніданок. Переїзд до Німеччини. Екскурсія Велич могутнього Берліну (входить у вартість туру) Берлін – величезний мегаполіс. Нам здасться, що ми подорожуємо у машині часу, бо тут можна потрапити в майбутнє і опинитись в минулому, а прогулюючись розкішними вулицями і проспектами, ми зможемо побачити сучасне. Вільний час. Берлін крізь часи ( Дорослий: 30€ / Діти до 16 років: 25€ , до 6 років: 0€ ) Автобусна екскурсія з фото паузами. Запрошуємо перегорнути сторінку історії і побачити Берлін таким, який він є зараз: могутній Рейхстаг, величний Берлінський собор, колона Перемоги, і – візитна картка ",600
https://www.accordtour.com/tours/183,Амстердам - ковток свободи,3,Амстердам – Заансе Сханс – Волендам,"я бажаючих Тиха Голландія, Волендам і відвідування сироварні.: 38€","Сніданок. Переїзд в Амстердам. Екскурсія Амстердам – місто-мрія (входить у вартість туру) Амстердам здатний зчарувати своїх гостей! Він радий кожному з нас! Його дивовижної краси вулички і площі несуть відбиток його власної унікальної історії, так не схожою на інші. Ми здійснимо подорож по лабіринтах вуличок, каналів, танцюючих будинків, квіткових крамничок, милих магазинчиків... Це місто варто один раз побачити... щоб полюбити його назавжди! Вільний час. Для бажаючих Тиха Голландія, Волендам і відвідування сироварні. ( Дорослий: 38€ / Діти до 16 років: 26€ ) Заансе Сханс – музей під відкритим",600
https://www.accordtour.com/tours/183,Амстердам - ковток свободи,4,Амстердам – Гаага – Схевенінген – Делфт – Роттердам – Гітхорн – Кекенгоф,"на вибір: Великі і маленькі міста. Гаага, Делфт, Схевенінген: 38€","Сніданок. 2026 рік. Парк квітів Keukenhof з 19 березня по 10 травня. Королівський парк квітів Кекенхоф (Трансфер: 18€ + вх. квиток Дорослий: 22€ / Діти до 16 років: 15€ ) Відвідування Королівського парку квітів Кекенхоф – найпопулярніше місце в Нідерландах! Тут завжди пахне весною і завмирає подих від краси, якої більше не можна побачити ніде! Кекенхоф – це урочисте свято, на який ми запрошуємо Вас!!! Для бажаючих на вибір: Великі і маленькі міста. Гаага, Делфт, Схевенінген ( Дорослий: 38€ / Діти: 30€ ) Невеликий переїзд і ми в Гаазі. Гаага – особливе місто, неформальна столиця Нідерландів, мі",600
https://www.accordtour.com/tours/183,Амстердам - ковток свободи,5,Кельн – Ерфурт,,"Сніданок. Екскурсія Казковий Кельн (входить у вартість туру) Одне з найстаріших міст Німеччини. Екскурсія по місту. Це четверте за величиною місто Німеччини, яке знаходиться на землі Північний Рейн-Вестфалія, найбільший культурний і економічний центр країни, столиця карнавалу. Ми зможемо оцінити велич і ажурність спрямованих увись форм – Кельнського Собору – найбільшого собору Німеччини та одного з найбільших в Європі. Про Кельн можна довго розповідати, але головне – його треба відчути! Кeльн – столиця рейнського життєлюбства. Кeльнская відкритість і природність підкорюють так само, як сердечн",600
https://www.accordtour.com/tours/183,Амстердам - ковток свободи,6,Дрезден – Вроцлав – Львів,к. При бажанні групи і наявності часу. Знайомство з Дрезденом: 26€; Розкішні будівлі Цвінгера. Вроцлав – священна квітка Європи: 18€,"Сніданок. При бажанні групи і наявності часу. Знайомство з Дрезденом ( Дорослий: 26€ / Діти до 16 років: 16€ , до 6 років: 0€ ) Протягом семи століть місто було резиденцією герцогів і королів. Дрезден відомий своїми архітектурними ансамблями, скарбами музеїв, колекціями живопису і прекрасною панорамою берегів Ельби. Екскурсія по Старому місту – Театральна площа з Дрезденською оперою в центрі. Розкішні будівлі Цвінгера. Вроцлав – священна квітка Європи ( Дорослий: 18€ / Діти до 16 років: 15€ , до 5 років: 0€ ) Вроцлав — зелене серце Польщі з казковою атмосферою. Старе місто вражає барвистими фа",600
https://www.accordtour.com/tours/3695,"Веселий ярмарок... Різдвяна Німеччина та Франція. Дрезден, Нюрнберг, Страсбург, Кольмар, Прага",1,Львів – Вроцлав,,"Відправлення в тур Старт нашої подорожі — зі Львова, а саме з площі Двірцевої (ориєнтир -залізничний вокзал). Звідси починається пригода, яку ви точно запам&rsquo;ятаєте: нові місця, сотні фото й море вражень. Переїзд територією України, перетин кордону — і ми вже в Європі! Переїзд по Польщі. Приходьте! На ярмарок поспішайте! Ярмарок не дасть нудьгувати! Співати треба, танцювати! Екскурсія Вроцлав – священна квітка Європи (входить у вартість туру) Вроцлав — зелене серце Польщі з казковою атмосферою. Старе місто вражає барвистими фасадами, романтичними мостами й легендами про гномів, що живуть ",600
https://www.accordtour.com/tours/3695,"Веселий ярмарок... Різдвяна Німеччина та Франція. Дрезден, Нюрнберг, Страсбург, Кольмар, Прага",2,Дрезден – Майсен,,"Сніданок. За бажанням групи. Прибуття до Дрездену. У Німеччині різдвяні ярмарки, наче втілення дитячих снів про Санта Клауса: Ошатні різнокольорові будиночки під сніговими шапками, села з барвистими дерев'яними фасадами- все виблискує, іскриться, сліпучі вітрини, прикрашені ялинковими іграшками, гірляндами і свічками. Пахне імбирними пряниками, глінтвейном, апетитними смаженими сосисками, яблуками в карамельній глазурі... Екскурсія Саксонський Дрезден (входить у вартість туру) Протягом семи століть місто було резиденцією герцогів і королів. Дрезден відомий своїми архітектурними ансамблями, ска",600
https://www.accordtour.com/tours/3695,"Веселий ярмарок... Різдвяна Німеччина та Франція. Дрезден, Нюрнберг, Страсбург, Кольмар, Прага",3,Нюрнберг – Бамберг,,"Сніданок. Книжки та іграшки, різдвяні пряники, цукерки. Швидкохідні ковзани і морозні дні, гірки крижані, санки розписні, Пісні, танці, жарти, сміх - Вистачить для всіх! Екскурсія Бамберг – місто на семи пагорбах (входить у вартість туру) Бамберг, побудований на семи пагорбах. Тисячу років тому був резиденцією імператора Священної Римської Імперії Німецької нації Генріха. Німецький письменник Карл Іммерманн назвав Бамберг старим бабусиним комодом, набитим всілякими раритетами. Романський стиль, готика і ренесанс, бароко, підземне царство, казкові вулички, унікальне пиво і все це в кращому вигл",600
https://www.accordtour.com/tours/3695,"Веселий ярмарок... Різдвяна Німеччина та Франція. Дрезден, Нюрнберг, Страсбург, Кольмар, Прага",4,Страсбург – Кольмар,,"Сніданок. Переїзд до Франції. Екскурсія Середньовічний Кольмар (входить у вартість туру) Ми відвідаємо середньовічний Кольмар , де побуваємо в незабутньому музеї під відкритим небом. Старе місто, Музей Унтерлінден, Будинок з головами, Унікальні будинку Старої гауптвахти і Старої Митниці нікого не залишать байдужими. А найстаріший будинок Кольмара – будинок Адольфа і чудовий будинок Пфістера незмінно викликають захоплення у гостей міста. На завершення нашої прогулянки, ми відвідаємо квартал ""Маленька Венеція"". Безліч різдвяних наметів з унікальними ялинковими іграшками ручної роботи, пряниками ",600
https://www.accordtour.com/tours/3695,"Веселий ярмарок... Різдвяна Німеччина та Франція. Дрезден, Нюрнберг, Страсбург, Кольмар, Прага",5,Прага,ої кухні і чеські напої - медовину або грог. Зустріч з Прагою: 18€,"Сніданок. Нас запрошує Різдвяний Ярмарок на Староміський, Вацлавській площі та Майдані Республіки. Перед Різдвом тут панує особлива атмосфера, просякнута запахом глінтвейну. Нас запрошують дерев'яні намети, які пропонують величезний вибір чеських сувенірів, ручних виробів, традиційних різдвяних прикрас. Керамічні кухлі, дерев'яні іграшки, маріонетки, вироби з чеського скла чекають Вас. Якщо Ви зголодніли тут знаходиться безліч місць, що пропонують страви традиційної чеської кухні і чеські напої - медовину або грог. Зустріч з Прагою ( Дорослий: 18€ / Діти до 16 років: 13€ ) У лабіринтах маленьк",600
https://www.accordtour.com/tours/668336,Без меж - Будапешт! Виїзд з Києва,1,Київ,,"Місце зустрічі: Київський залізничний вокзал–Південний, при виході. Виїзд в тур. Переїзд по території України (можливість приєднатися до групи в Житомирі, Рівному, Львові та Мукачеві). Перетин кордонів. <div class=""",215
https://www.accordtour.com/tours/668336,Без меж - Будапешт! Виїзд з Києва,2,купальні Мішкольц-Тапольца – Токай – Будапешт,вхідний квиток) Король вин – місто Токай: 23€,"Переїзд в Угорщину. Печерна купальня в Мішкольц-Тапольца (вх. квиток) Відвідування підземного гроту гори Верхедь – печерної купальні в Мішкольц-Тапольца . Світлові ефекти, таємничість і загадковість... До Ваших послуг купання і водні атракціони (вхідний квиток) Король вин – місто Токай ( Дорослий: 23€ / Діти: 18€ ) Для всіх бажаючих – поїздка на Батьківщину відомого вина – ""Короля вин – вина королів!"" – місто Токай. Дегустація токайських вин і ""угорський гуляш"" – за чудовий Вікенд в хорошій компанії! Переїзд в Будапешт. Поселення в готель та вільний час. Екскурсія Шарм нічного Будапешту (входи",600
https://www.accordtour.com/tours/668336,Без меж - Будапешт! Виїзд з Києва,3,Будапешт – Сентендре – Вишеград,го міста. У вільний час рекомендуємо екскурсії: Таємнича Буда: 18€,"Сніданок. Оглядова екскурсія. Екскурсія Будапешт – перлина Дунаю (входить у вартість туру) Будапешт — місто, яке неможливо забути: він сяє вдень і чарує у вечірніх вогнях. Тут минуле й сучасність поєднуються у гармонії, створюючи особливу атмосферу краси й натхнення. Ми прогуляємось до базиліки Святого Іштвана, побачимо грандіозний Парламент і пройдемось легендарним Ланцюговим мостом, де кожен крок наповнений чарами цього міста. У вільний час рекомендуємо екскурсії: Таємнича Буда ( Дорослий: 18€ / Діти до 16 років: 13€ , до 6 років: 0€ ) Один з самих романтичних та старовинних куточків Будапеш",600
https://www.accordtour.com/tours/668336,Без меж - Будапешт! Виїзд з Києва,4,Будапешт – Відень – Хевіз – Долина Красунь,Є можливість відвідати на вибір: Відень - столиця Габсбургів: 46€; і витончену Альбертіну! Термальне чудо Угорщини - озеро Хевіз: 46€,"Сніданок. Вільний час. Є можливість відвідати на вибір: Відень - столиця Габсбургів ( Дорослий: 46€ / Діти до 16 років: 36€ , до 6 років: 0€ ) Відень - місто музики і великих музикантів, місто чарівне і прекрасне ... його по праву називають серцем Європи. Столиця Австро-Угорської імперії, Відень вражає своєю величчю і розкішшю, своєю чарівністю і теплотою ... Під час пішохідної екскурсії ми побачимо: площа Марії Терезії, імперський Хофбург, Кертнер, Грабен, собор святого Стефана і витончену Альбертіну! Термальне чудо Угорщини - озеро Хевіз ( Дорослий: 46€ / Діти до 16 років: 36€ , до 6 років: ",600
https://www.accordtour.com/tours/668336,Без меж - Будапешт! Виїзд з Києва,5,Мукачево – Стрий – Львів – Рівне – Житомир – Київ,,"Переїзд у Львів. Львів - особливе місто, він вміє захоплювати та закохувати в себе. Тут кожен будинок та вуличка просякнуті особливою атмосферою. Музеї, галереї, ресторани та кафе, вже давно відомі і зовсім нові чекають на вас. Магазини з модними брендами галицьких дизайнерів, сувенірні лавочки та лоточки приготували подарунки, які ви захочете купити рідним та близьким. Тут все красиво, тут все смачно, тут усюди вам раді. Можна гуляти, насолоджуватися, отримувати посмішки львів ян та львів янок та розуміти, що життя прекрасне! Оглядова екскурсія по місту. Лабіринтами львівських вулиць (входить",600