ID ТУРУ,НАЗВА ТУРУ,ДЖЕРЕЛО,ТУРОПЕРАТОР,ОСНОВНИЙ НАПРЯМОК,СЕРЕДНЯ ЦІНА,ДНІ,НІЧНІ ПЕРЕЇЗДИ,ЕКСКУРСІЇ,ЦІНА ЗА ДЕНЬ,СЕРЕДНЯ ЦІНА ПО НАПРЯМКУ,МЕДІАННА ЦІНА ПО НАПРЯМКУ,ВІДХИЛЕННЯ ВІД СЕРЕДНЬОЇ ЦІНИ,ВІДХИЛЕННЯ ВІД МЕДІАННОЇ ЦІНИ,% ВІДХИЛЕННЯ ВІД МЕДІАНИ,ПОЗИЦІЯ ЗА ЦІНОЮ В НАПРЯМКУ,РІЗНИЦЯ ДО МІНІМАЛЬНОЇ ЦІНИ,ЗАГАЛЬНИЙ VALUE SCORE,ОЦІНКА ЦІНИ,ОЦІНКА ЕКСКУРСІЙ,ОЦІНКА КОМФОРТУ,СЕЗОННІСТЬ,ШТРАФ ЗА НІЧНІ ПЕРЕЇЗДИ,ІНТЕНСИВНІСТЬ ПОДОРОЖІ,СКЛАДНІСТЬ МАРШРУТУ,РІЗНОМАНІТНІСТЬ КРАЇН,КІЛЬКІСТЬ ЗУПИНОК ПО МАРШРУТУ,КІЛЬКІСТЬ МІСТ У МАРШРУТІ,КІЛЬКІСТЬ КРАЇН У МАРШРУТІ,КІЛЬКІСТЬ ІНШИХ ТОЧОК,ЩІЛЬНІСТЬ МІСТ,ЩІЛЬНІСТЬ КРАЇН,ЧАСТКА ІНШИХ ТОЧОК,ЦІННІСТЬ МАРШРУТУ,ЕФЕКТИВНІСТЬ МАРШРУТУ,ПЕРЕВАНТАЖЕНИЙ МАРШРУТ,ПОРОЖНІЙ МАРШРУТ
EUR-1,Адріатичне море Італії (3 ночі),EUROTRIPS,Eurotrips,Італія,244,6,2,0,41,340,338,-96,-94,"-0,28",28,105,"0,5260","0,72",,"0,67",СЕЗОННИЙ,40,"0,83","0,50","0,33",5,3,2,2,"0,50","0,33","0,40","2,30","0,38",0,0
EUR-2,Вікенд у Амстердамі,EUROTRIPS,Eurotrips,Нідерланди,289,6,2,3,48,349,348,-60,-59,"-0,17",8,94,"0,6544","0,83",,"0,67",ПІВРІЧНИЙ,40,"1,33","0,83","0,67",8,5,4,1,"0,83","0,67","0,13","3,70","0,62",0,0
EUR-3,Балтійський круїз БЕЗ НІЧНИХ,EUROTRIPS,Eurotrips,Латвія,299,6,0,3,50,299,299,0,0,"0,00",1,0,"0,7983","1,00",,"1,00",СЕЗОННИЙ,0,"0,83","0,83","0,67",5,5,4,0,"0,83","0,67","0,00","3,50","0,58",0,0
EUR-4,Венеція без нічних,EUROTRIPS,Eurotrips,Італія,309,5,0,3,62,340,338,-31,-29,"-0,09",46,170,"0,7598","0,91",,"1,00",ПІВРІЧНИЙ,0,"0,80","0,40","0,60",4,2,3,0,"0,40","0,60","0,00","2,10","0,42",0,0
EUR-5,Вікенд у Відні + Зальцбург,EUROTRIPS,Eurotrips,Австрія,229,5,1,3,46,210,199,19,30,"0,15",24,134,"0,7262","0,85",,"0,80",ПІВРІЧНИЙ,20,"1,20","1,00","0,80",6,5,4,0,"1,00","0,80","0,00","3,50","0,70",0,0
EUR-6,Будапешт – Відень,EUROTRIPS,Eurotrips,Угорщина,149,4,2,2,37,162,159,-13,-10,"-0,06",6,60,"0,7182","0,94",,"0,50",СЕЗОННИЙ,40,"0,50","0,50","0,50",2,2,2,0,"0,50","0,50","0,00","1,60","0,40",0,0
EUR-7,Вікенд у Трансильванії + Трансфагараш,EUROTRIPS,Eurotrips,Румунія,99,4,2,1,25,167,160,-68,-61,"-0,38",1,0,"0,5670","0,62",,"0,50",СЕЗОННИЙ,40,"0,50","0,25","0,25",2,1,1,1,"0,25","0,25","0,50","1,00","0,25",0,0
EUR-8,Вікенд у Венеції,EUROTRIPS,Eurotrips,Італія,149,4,2,0,37,340,338,-191,-189,"-0,56",3,10,"0,4204","0,44",,"0,50",ПІВРІЧНИЙ,40,"0,75","0,50","0,50",3,2,2,0,"0,50","0,50","0,00","1,60","0,40",0,0
EUR-9,Вихідні у Празі + Дрезден,EUROTRIPS,Eurotrips,Чехія,129,4,2,1,32,204,199,-75,-70,"-0,35",3,34,"0,5635","0,65",,"0,50",ПІВРІЧНИЙ,40,"0,75","0,50","0,50",3,2,2,0,"0,50","0,50","0,00","1,60","0,40",0,0
EUR-10,Вікенд у Празі + Дрезден БЕЗ НІЧНИХ,EUROTRIPS,Eurotrips,Чехія,199,4,0,1,50,204,199,-5,0,"0,00",11,104,"0,7485","1,00",,"1,00",ПІВРІЧНИЙ,0,"1,00","0,50","0,75",4,2,3,1,"0,50","0,75","0,25","2,30","0,58",0,0
EUR-11,Вікенд у Трансильванії + Бухарест,EUROTRIPS,Eurotrips,Румунія,159,4,1,1,40,167,160,-8,-1,"-0,01",10,60,"0,7264","0,99",,"0,75",СЕЗОННИЙ,20,"1,25","0,50","0,25",5,2,1,3,"0,50","0,25","0,60","1,70","0,43",0,0
EUR-12,Італійські різдвяні ярмарки,EUROTRIPS,Eurotrips,Італія,229,5,2,2,46,340,338,-111,-109,"-0,32",22,90,"0,5777","0,68",,"0,60",СЕЗОННИЙ,40,"0,60","0,60","0,20",3,3,1,0,"0,60","0,20","0,00","1,40","0,28",0,0
EUR-13,Канікули в Барселоні,EUROTRIPS,Eurotrips,Іспанія,399,8,2,1,50,538,505,-139,-106,"-0,21",4,57,"0,5596","0,79",,"0,75",РІДКІСНИЙ,40,"1,13","0,50","0,63",9,4,5,3,"0,50","0,63","0,33","4,30","0,54",0,0
EUR-14,Канікули в Енерджиландії + Краків БЕЗ НІЧНИХ,EUROTRIPS,Eurotrips,Польща,129,3,0,1,43,189,147,-60,-18,"-0,12",3,30,"0,7299","0,88",,"1,00",РІДКІСНИЙ,0,"0,67","0,67","0,33",2,2,1,0,"0,67","0,33","0,00","1,10","0,37",0,0
EUR-15,Краків Закопане Морське Око БЕЗ НІЧНИХ,EUROTRIPS,Eurotrips,Польща,99,3,0,1,33,189,147,-90,-48,"-0,33",1,0,"0,6687","0,67",,"1,00",ПІВРІЧНИЙ,0,"1,00","0,67","0,33",3,2,1,1,"0,67","0,33","0,33","1,30","0,43",0,0
EUR-16,Найкращі пляжі Європи,EUROTRIPS,Eurotrips,Франція,399,7,1,1,57,366,352,33,47,"0,13",46,202,"0,6188","0,87",,"0,86",СЕЗОННИЙ,20,"1,57","0,71","0,71",11,5,5,3,"0,71","0,71","0,27","4,60","0,66",1,0
EUR-17,Мілан — Комо — Альпи,EUROTRIPS,Eurotrips,Італія,219,6,2,4,37,340,338,-121,-119,"-0,35",16,80,"0,6382","0,65",,"0,67",ЦІЛИЙ РІК,40,"1,33","0,67","0,33",8,4,2,4,"0,67","0,33","0,50","3,00","0,50",0,0
EUR-18,Морська Італія (7 ночей на Лідо-ді-Єзоло),EUROTRIPS,Eurotrips,Італія,549,10,2,0,55,340,338,209,211,"0,63",98,410,"0,3578","0,37",,"0,80",СЕЗОННИЙ,40,"0,70","0,30","0,10",7,3,1,3,"0,30","0,10","0,43","2,00","0,20",0,0
EUR-19,Новий рік у Кракові БЕЗ НІЧНИХ,EUROTRIPS,Eurotrips,Польща,129,3,0,1,43,189,147,-60,-18,"-0,12",3,30,"0,7299","0,88",,"1,00",РІДКІСНИЙ,0,"0,67","0,67","0,33",2,2,1,0,"0,67","0,33","0,00","1,10","0,37",0,0
EUR-20,Новий рік у Мілані,EUROTRIPS,Eurotrips,Італія,229,5,2,2,46,340,338,-111,-109,"-0,32",22,90,"0,5777","0,68",,"0,60",РІДКІСНИЙ,40,"0,60","0,60","0,20",3,3,1,0,"0,60","0,20","0,00","1,40","0,28",0,0
EUR-21,Вікенд у Будапешті + Відень,EUROTRIPS,Eurotrips,Угорщина,109,4,1,1,27,162,159,-53,-50,"-0,32",3,20,"0,6282","0,68",,"0,75",ЦІЛИЙ РІК,20,"0,50","0,50","0,50",2,2,2,0,"0,50","0,50","0,00","1,60","0,40",0,0
EUR-22,Новий рік у Венеції БЕЗ НІЧНИХ,EUROTRIPS,Eurotrips,Італія,309,5,0,3,62,340,338,-31,-29,"-0,09",46,170,"0,7598","0,91",,"1,00",РІДКІСНИЙ,0,"0,80","0,40","0,60",4,2,3,0,"0,40","0,60","0,00","2,10","0,42",0,0
EUR-23,Новий рік у Римі,EUROTRIPS,Eurotrips,Італія,329,6,2,1,55,340,338,-11,-9,"-0,03",50,190,"0,6311","0,97",,"0,67",РІДКІСНИЙ,40,"0,50","0,50","0,17",3,3,1,0,"0,50","0,17","0,00","1,40","0,23",0,0
EUR-24,Париж + Нормандія,EUROTRIPS,Eurotrips,Франція,389,7,2,3,56,366,352,23,37,"0,11",41,192,"0,6503","0,89",,"0,71",ЦІЛИЙ РІК,40,"0,71","0,43","0,57",5,3,4,1,"0,43","0,57","0,20","3,10","0,44",0,0
EUR-25,Мон-Сен-Мішель – Париж – Брюссель,EUROTRIPS,Eurotrips,Франція,449,9,2,6,50,366,352,83,97,"0,28",56,252,"0,6413","0,72",,"0,78",СЕЗОННИЙ,40,"1,33","1,00","0,56",12,9,5,1,"1,00","0,56","0,08","5,40","0,60",0,0
EUR-26,Південна Італія,EUROTRIPS,Eurotrips,Італія,394,8,2,3,49,340,338,54,56,"0,17",77,255,"0,6279","0,83",,"0,75",ПІВРІЧНИЙ,40,"1,38","0,88","0,25",11,7,2,1,"0,88","0,25","0,09","3,30","0,41",0,0
EUR-27,Пікнік в Альпах + Гальштат,EUROTRIPS,Eurotrips,Австрія,159,4,1,1,40,210,199,-51,-40,"-0,20",10,64,"0,6485","0,80",,"0,75",ПІВРІЧНИЙ,20,"0,75","0,75","0,50",3,3,2,0,"0,75","0,50","0,00","1,90","0,48",0,0
EUR-28,Прага-Відень-Будапешт,EUROTRIPS,Eurotrips,Чехія,199,4,1,4,50,204,199,-5,0,"0,00",11,104,"0,8585","1,00",,"0,75",ПІВРІЧНИЙ,20,"1,25","1,25","1,00",5,5,4,0,"1,25","1,00","0,00","3,50","0,88",0,0
EUR-29,Римські канікули,EUROTRIPS,Eurotrips,Італія,279,6,2,2,47,340,338,-61,-59,"-0,17",37,140,"0,6222","0,83",,"0,67",ПІВРІЧНИЙ,40,"0,67","0,67","0,33",4,4,2,0,"0,67","0,33","0,00","2,20","0,37",0,0
EUR-30,Різдвяний вікенд у Кракові БЕЗ НІЧНИХ,EUROTRIPS,Eurotrips,Польща,129,3,0,1,43,189,147,-60,-18,"-0,12",3,30,"0,7299","0,88",,"1,00",СЕЗОННИЙ,0,"0,67","0,67","0,33",2,2,1,0,"0,67","0,33","0,00","1,10","0,37",0,0
EUR-31,Скандинавія + Язик Троля,EUROTRIPS,Eurotrips,Норвегія,589,10,2,6,59,527,538,62,51,"0,09",8,204,"0,6819","0,91",,"0,80",СЕЗОННИЙ,40,"0,90","0,70","0,50",9,7,5,0,"0,70","0,50","0,00","4,60","0,46",0,0
EUR-32,Сонце Море Барселона,EUROTRIPS,Eurotrips,Іспанія,579,10,2,0,58,538,505,41,75,"0,15",15,237,"0,5428","0,85",,"0,80",ПІВРІЧНИЙ,40,"0,50","0,20","0,20",5,2,2,3,"0,20","0,20","0,60","2,20","0,22",0,0
EUR-33,Сонячна Греція: Simeon,EUROTRIPS,Eurotrips,Греція,594,10,2,0,59,420,407,174,188,"0,46",26,389,"0,4143","0,54",,"0,80",ЦІЛИЙ РІК,40,"0,90","0,30","0,30",9,3,3,1,"0,30","0,30","0,11","2,60","0,26",0,0
EUR-34,Сонячна Греція: Asteris Village,EUROTRIPS,Eurotrips,Греція,369,10,2,0,37,420,407,-51,-38,"-0,09",13,164,"0,6078","0,91",,"0,80",ЦІЛИЙ РІК,40,"0,90","0,30","0,30",9,3,3,1,"0,30","0,30","0,11","2,60","0,26",0,0
EUR-35,Стамбул,EUROTRIPS,Eurotrips,Туреччина,184,5,2,1,37,184,184,0,0,"0,00",1,0,"0,6849","1,00",,"0,60",ЦІЛИЙ РІК,40,"0,20","0,20","0,20",1,1,1,0,"0,20","0,20","0,00","0,80","0,16",0,1
EUR-36,Вікенд у Будапешті + Відень,EUROTRIPS,Eurotrips,Австрія,109,4,2,1,27,210,199,-101,-90,"-0,45",3,14,"0,5335","0,55",,"0,50",ЦІЛИЙ РІК,40,"0,50","0,50","0,50",2,2,2,0,"0,50","0,50","0,00","1,60","0,40",0,0
EUR-37,Хелловін у Трансильванії + Бухарест,EUROTRIPS,Eurotrips,Румунія,129,4,2,1,32,167,160,-38,-31,"-0,19",3,30,"0,6267","0,81",,"0,50",РІДКІСНИЙ,40,"1,25","0,50","0,25",5,2,1,3,"0,50","0,25","0,60","1,70","0,43",0,0
EUR-38,Чорногорія: де море торкається гір,EUROTRIPS,Eurotrips,Чорногорія,404,10,2,0,40,364,369,40,35,"0,09",9,153,"0,5996","0,91",,"0,80",ЦІЛИЙ РІК,40,"0,10","0,10","0,10",1,1,1,0,"0,10","0,10","0,00","0,80","0,08",0,1
EUR-39,Швейцарія,EUROTRIPS,Eurotrips,Швейцарія,244,6,1,4,41,333,334,-89,-90,"-0,27",4,56,"0,7030","0,73",,"0,83",ЦІЛИЙ РІК,20,"1,33","0,83","0,50",8,5,3,1,"0,83","0,50","0,13","3,20","0,53",0,0
ACC-1,Амурний тиждень в Амстердамі і Парижі!!!,COMPETITOR,Accord tour,Нідерланди,383,7,0,5,55,349,348,34,36,"0,10",22,188,"0,7903","0,90",,"1,00",ЦІЛИЙ РІК,0,"1,43","1,14","0,86",10,8,6,1,"1,14","0,86","0,10","5,60","0,80",0,0
ACC-2,"Три щасливих смайлика: Амстердам, Париж, Рим + Лазурове узбережжя!",COMPETITOR,Accord tour,Франція,493,10,3,7,49,366,352,127,141,"0,40",67,296,"0,5592","0,60",,"0,70",ЦІЛИЙ РІК,60,"1,50","1,10","0,80",15,11,8,2,"1,10","0,80","0,13","7,70","0,77",0,0
ACC-3,Мільйон посмішок... або 4 дні в Амстердамі!,COMPETITOR,Accord tour,Нідерланди,470,8,0,4,59,349,348,121,123,"0,35",30,275,"0,6391","0,65",,"1,00",ЦІЛИЙ РІК,0,"1,75","1,25","0,50",14,10,4,1,"1,25","0,50","0,07","5,20","0,65",1,0
ACC-4,"Вояж в Париж  Нормандія, Замки Луари + Люксембург",COMPETITOR,Accord tour,Франція,410,8,0,7,51,366,352,43,58,"0,16",49,212,"0,8052","0,84",,"1,00",ЦІЛИЙ РІК,0,"1,00","0,75","0,63",8,6,5,0,"0,75","0,63","0,00","4,30","0,54",0,0
ACC-5,"Париж, квіти..... і Компліменти!  Амстердам, Брюссель, Париж, Люксембург, Кельн",COMPETITOR,Accord tour,Франція,582,10,0,8,58,366,352,216,230,"0,65",70,385,"0,5799","0,35",,"1,00",ЦІЛИЙ РІК,0,"1,60","1,20","0,60",16,12,6,1,"1,20","0,60","0,06","6,80","0,68",1,0
ACC-6,Три дні в Парижі + Діснейленд,COMPETITOR,Accord tour,Франція,283,7,2,5,40,366,352,-83,-69,"-0,20",18,86,"0,7019","0,80",,"0,71",ЦІЛИЙ РІК,40,"1,29","0,86","0,57",9,6,4,1,"0,86","0,57","0,11","4,00","0,57",0,0
ACC-7,Амурні пригоди в Амстердамі і Парижі!!!,COMPETITOR,Accord tour,Нідерланди,377,7,0,5,54,349,348,28,30,"0,08",21,182,"0,7990","0,92",,"1,00",ЦІЛИЙ РІК,0,"1,29","1,00","0,86",9,7,6,1,"1,00","0,86","0,11","5,30","0,76",0,0
ACC-8,Амстердам та Париж... запалив та привабив...,COMPETITOR,Accord tour,Нідерланди,326,7,2,5,47,349,348,-23,-22,"-0,06",13,131,"0,7426","0,94",,"0,71",ЦІЛИЙ РІК,40,"1,43","0,86","0,86",10,6,6,2,"0,86","0,86","0,20","5,20","0,74",0,0
ACC-9,"Яскравий Бенілюкс: Нідерланди, Бельгія та Люксембург!",COMPETITOR,Accord tour,Бельгія,442,7,0,4,63,376,367,66,76,"0,21",4,113,"0,7030","0,79",,"1,00",ЦІЛИЙ РІК,0,"1,29","1,00","0,57",9,7,4,0,"1,00","0,57","0,00","4,10","0,59",0,0
ACC-10,"Французький Каприз   4 дні в Парижі + Нормандія, долина Луари, Мон-Сен-Мішель!",COMPETITOR,Accord tour,Франція,417,8,0,7,52,366,352,50,65,"0,18",50,219,"0,7955","0,82",,"1,00",ЦІЛИЙ РІК,0,"2,13","0,50","0,38",17,4,3,2,"0,50","0,38","0,12","3,10","0,39",1,0
ACC-11,"Вітаю, милий Амстердам!",COMPETITOR,Accord tour,Нідерланди,423,7,0,4,60,349,348,74,75,"0,22",25,228,"0,7048","0,78",,"1,00",ЦІЛИЙ РІК,0,"2,00","1,00","0,57",14,7,4,3,"1,00","0,57","0,21","4,70","0,67",1,0
ACC-12,"Бонжур Лямур або 3 дні в Парижі! ...Париж, Діснейленд та Люксембург...",COMPETITOR,Accord tour,Франція,374,7,0,5,53,366,352,8,22,"0,06",38,177,"0,8088","0,94",,"1,00",ЦІЛИЙ РІК,0,"1,57","0,71","0,57",11,5,4,1,"0,71","0,57","0,09","3,70","0,53",1,0
ACC-13,Любовне зізнання: Відень + Прага!,COMPETITOR,Accord tour,Чехія,245,5,0,2,49,204,199,41,46,"0,23",18,150,"0,6875","0,77",,"1,00",ЦІЛИЙ РІК,0,"0,80","0,80","0,60",4,4,3,0,"0,80","0,60","0,00","2,70","0,54",0,0
ACC-14,"Бонжорно, Італія + Швейцарія!",COMPETITOR,Accord tour,Італія,367,7,0,6,52,340,338,27,29,"0,09",69,228,"0,8305","0,91",,"1,00",ЦІЛИЙ РІК,0,"2,00","1,71","0,71",14,12,5,1,"1,71","0,71","0,07","6,30","0,90",1,0
ACC-15,"Дивовижний світ  4 дні в Швейцарії Женева, Берн, Люцерн + Монблан",COMPETITOR,Accord tour,Швейцарія,383,7,0,6,55,333,334,49,49,"0,15",21,195,"0,8011","0,85",,"1,00",ЦІЛИЙ РІК,0,"1,71","1,00","0,57",12,7,4,1,"1,00","0,57","0,08","4,30","0,61",1,0
ACC-16,Святкова Прага!!! Виїзд з Києва,COMPETITOR,Accord tour,Чехія,244,5,1,2,49,204,199,40,45,"0,23",17,149,"0,6500","0,77",,"0,80",ЦІЛИЙ РІК,20,"1,40","1,40","0,80",7,7,4,0,"1,40","0,80","0,00","4,10","0,82",0,0
ACC-17,Прикольними містами: Дрезден + Прага + Брно + Краків!!!,COMPETITOR,Accord tour,Чехія,199,4,0,3,50,204,199,-6,-1,"0,00",10,104,"0,8477","1,00",,"1,00",ЦІЛИЙ РІК,0,"1,75","1,25","0,75",7,5,3,0,"1,25","0,75","0,00","3,00","0,75",1,0
ACC-18,"Мюнхен і компанія: Краків, Прага, Відень!",COMPETITOR,Accord tour,Німеччина,244,4,0,3,61,238,237,6,7,"0,03",11,125,"0,8141","0,97",,"1,00",ЦІЛИЙ РІК,0,"1,25","1,00","1,00",5,4,4,1,"1,00","1,00","0,20","3,40","0,85",0,0
ACC-19,"Душевний Вікенд   Краків, Прага, Відень, Будапешт + Егер ",COMPETITOR,Accord tour,Австрія,164,4,0,2,41,210,199,-46,-36,"-0,18",12,69,"0,7452","0,82",,"1,00",ЦІЛИЙ РІК,0,"1,25","1,25","1,00",5,5,4,0,"1,25","1,00","0,00","3,50","0,88",0,0
ACC-20,"Відень, я вже їду!",COMPETITOR,Accord tour,Австрія,201,4,0,2,50,210,199,-9,2,"0,01",21,106,"0,7934","0,99",,"1,00",ЦІЛИЙ РІК,0,"1,25","1,00","0,25",5,4,1,0,"1,00","0,25","0,00","1,70","0,43",0,0
ACC-21,Французька для початківців  Париж+ Діснейленд,COMPETITOR,Accord tour,Франція,240,6,2,4,40,366,352,-126,-112,"-0,32",5,43,"0,6444","0,68",,"0,67",ЦІЛИЙ РІК,40,"1,83","1,50","0,67",11,9,4,0,"1,50","0,67","0,00","4,70","0,78",1,0
ACC-22,"Вікенд на трьох!  Краків, Відень, Будапешт",COMPETITOR,Accord tour,Польща,168,3,0,2,56,189,147,-21,21,"0,14",11,69,"0,7619","0,86",,"1,00",ЦІЛИЙ РІК,0,"1,33","1,33","1,00",4,4,3,0,"1,33","1,00","0,00","2,70","0,90",0,0
ACC-23,Секрети смаку: вся Швейцарія + Зальцбург та Відень!!!,COMPETITOR,Accord tour,Швейцарія,369,7,0,5,53,333,334,36,36,"0,11",19,181,"0,7927","0,89",,"1,00",ЦІЛИЙ РІК,0,"2,00","1,29","0,71",14,9,5,1,"1,29","0,71","0,07","5,40","0,77",1,0
ACC-24,"Альпійська симфонія   Цюрих, Женева, Берн + Монблан",COMPETITOR,Accord tour,Швейцарія,386,7,0,6,55,333,334,52,52,"0,16",23,198,"0,7967","0,84",,"1,00",ЦІЛИЙ РІК,0,"1,86","1,43","0,71",13,10,5,1,"1,43","0,71","0,08","5,70","0,81",1,0
ACC-25,"В гостях у Швейцарії   Цюрих, Женева, Берн + Монблан",COMPETITOR,Accord tour,Швейцарія,433,8,0,8,54,333,334,99,99,"0,30",26,245,"0,7709","0,70",,"1,00",ПІВРІЧНИЙ,0,"1,63","1,13","0,50",13,9,4,1,"1,13","0,50","0,08","4,90","0,61",1,0
ACC-26,Празький вогник!,COMPETITOR,Accord tour,Чехія,266,5,0,2,53,204,199,62,67,"0,34",20,171,"0,6368","0,66",,"1,00",ЦІЛИЙ РІК,0,"1,60","1,00","0,60",8,5,3,0,"1,00","0,60","0,00","3,00","0,60",1,0
ACC-27,Вікенд в Краків!,COMPETITOR,Accord tour,Польща,140,3,0,1,47,189,147,-49,-8,"-0,05",7,41,"0,7514","0,95",,"1,00",ЦІЛИЙ РІК,0,"1,67","0,67","0,33",5,2,1,0,"0,67","0,33","0,00","1,10","0,37",1,0
ACC-28,Барселона – Королева Півдня,COMPETITOR,Accord tour,Іспанія,374,8,2,7,47,538,505,-164,-131,"-0,26",2,32,"0,6961","0,74",,"0,75",ЦІЛИЙ РІК,40,"1,63","0,88","0,75",13,7,6,1,"0,88","0,75","0,08","5,30","0,66",1,0
ACC-29,Сонячний поцілунок Барселони,COMPETITOR,Accord tour,Іспанія,342,8,2,4,43,538,505,-196,-163,"-0,32",1,0,"0,6039","0,68",,"0,75",ЦІЛИЙ РІК,40,"1,38","1,00","0,88",11,8,7,1,"1,00","0,88","0,09","6,10","0,76",0,0
ACC-30,"Шедеври Франції  Етрета, Мон Сан Мішель, Замки Луари",COMPETITOR,Accord tour,Франція,441,8,0,7,55,366,352,75,89,"0,25",55,244,"0,7614","0,75",,"1,00",ЦІЛИЙ РІК,0,"1,75","1,00","0,38",14,8,3,1,"1,00","0,38","0,07","4,10","0,51",1,0
ACC-31,"Все, про що мрію, — це Париж! Je t'aime, mon cher Paris!",COMPETITOR,Accord tour,Франція,485,9,0,8,54,366,352,119,133,"0,38",65,288,"0,7167","0,62",,"1,00",ЦІЛИЙ РІК,0,"1,22","0,56","0,56",11,5,5,1,"0,56","0,56","0,09","4,20","0,47",0,0
ACC-32,Краківський Вояж!,COMPETITOR,Accord tour,Польща,123,2,0,1,62,189,147,-66,-24,"-0,16",2,24,"0,7092","0,84",,"1,00",ЦІЛИЙ РІК,0,"1,50","0,50","0,50",3,1,1,0,"0,50","0,50","0,00","0,80","0,40",0,0
ACC-33,Вікенд в Берліні!,COMPETITOR,Accord tour,Німеччина,149,4,2,1,37,238,237,-89,-88,"-0,37",2,30,"0,5452","0,63",,"0,50",ЦІЛИЙ РІК,40,"1,00","0,50","0,50",4,2,2,1,"0,50","0,50","0,25","1,80","0,45",0,0
ACC-34,Кастаньєти іспанського серця  3 дні в Барселоні,COMPETITOR,Accord tour,Іспанія,520,10,0,7,52,538,505,-18,16,"0,03",12,178,"0,8216","0,97",,"1,00",ЦІЛИЙ РІК,0,"1,50","1,10","0,90",15,11,9,0,"1,10","0,90","0,00","7,80","0,78",0,0
ACC-35,"Закохані в Париж Діснейленд, Нормандія + Страсбург...",COMPETITOR,Accord tour,Франція,243,6,2,5,40,366,352,-124,-110,"-0,31",6,45,"0,6798","0,69",,"0,67",ЦІЛИЙ РІК,40,"1,33","1,00","0,67",8,6,4,1,"1,00","0,67","0,13","4,00","0,67",0,0
ACC-36,Апельсиновий рай  відпочинок на морі Іспанії та Франції + Швейцарія!!!,COMPETITOR,Accord tour,Іспанія,459,9,2,7,51,538,505,-79,-46,"-0,09",9,117,"0,7354","0,91",,"0,78",ЦІЛИЙ РІК,40,"1,67","0,89","0,67",15,8,6,1,"0,89","0,67","0,07","5,60","0,62",1,0
ACC-37,Пристрасть по-іспанськи! Відпочинок на морі!,COMPETITOR,Accord tour,Іспанія,581,10,0,7,58,538,505,43,77,"0,15",16,239,"0,7608","0,85",,"1,00",ЦІЛИЙ РІК,0,"1,70","0,70","0,70",17,7,7,4,"0,70","0,70","0,24","6,40","0,64",1,0
ACC-38,"Романтичний Париж!   Страсбург, Кольмар, Нюрнберг",COMPETITOR,Accord tour,Франція,383,7,0,6,55,366,352,16,31,"0,09",40,185,"0,8253","0,91",,"1,00",ЦІЛИЙ РІК,0,"1,43","1,00","0,57",10,7,4,1,"1,00","0,57","0,10","4,30","0,61",0,0
ACC-39,"Атмосфера свята  Франція та Швейцарія  Париж, Цюріх, Люцерн",COMPETITOR,Accord tour,Франція,342,6,0,5,57,366,352,-25,-11,"-0,03",30,144,"0,8386","0,97",,"1,00",ЦІЛИЙ РІК,0,"1,50","1,00","0,83",9,6,5,0,"1,00","0,83","0,00","4,30","0,72",0,0
ACC-40,"Розкішна подорож  Франція та Швейцарія  Париж, Нормандія, Берн, Цюріх, Люцерн",COMPETITOR,Accord tour,Швейцарія,389,7,0,6,56,333,334,56,56,"0,17",24,201,"0,7915","0,83",,"1,00",ЦІЛИЙ РІК,0,"1,57","1,14","0,71",11,8,5,0,"1,14","0,71","0,00","4,90","0,70",1,0
ACC-41,Іспанська сієста... Відпочинок на морі!,COMPETITOR,Accord tour,Іспанія,556,11,2,6,51,538,505,18,52,"0,10",13,214,"0,6851","0,90",,"0,82",ЦІЛИЙ РІК,40,"1,45","0,64","0,55",16,7,6,4,"0,64","0,55","0,25","5,90","0,54",0,0
ACC-42,"Любов і голуби… Париж, Франкфурт, Дрезден і Прага!!!",COMPETITOR,Accord tour,Франція,333,6,0,4,55,366,352,-34,-20,"-0,06",27,135,"0,7981","0,94",,"1,00",ЦІЛИЙ РІК,0,"1,33","0,83","0,67",8,5,4,2,"0,83","0,67","0,25","3,90","0,65",0,0
ACC-43,Французький настрій в Парижі та Діснейленді!,COMPETITOR,Accord tour,Франція,263,6,2,5,44,366,352,-103,-89,"-0,25",11,66,"0,6961","0,75",,"0,67",ЦІЛИЙ РІК,40,"1,50","1,33","0,67",9,8,4,0,"1,33","0,67","0,00","4,40","0,73",0,0
ACC-44,В Привабливому Парижі + Мюнхен та Діснейленд!!!,COMPETITOR,Accord tour,Франція,265,6,2,4,44,366,352,-101,-87,"-0,25",12,68,"0,6643","0,75",,"0,67",ЦІЛИЙ РІК,40,"0,83","0,83","0,67",5,5,4,0,"0,83","0,67","0,00","3,50","0,58",0,0
ACC-45,Казкова Прага + Дрезден,COMPETITOR,Accord tour,Чехія,164,4,1,3,41,204,199,-41,-36,"-0,18",6,69,"0,7552","0,82",,"0,75",ЦІЛИЙ РІК,20,"0,50","0,50","0,50",2,2,2,0,"0,50","0,50","0,00","1,60","0,40",0,0
ACC-46,Маленька французька подорож Париж та Діснейленд,COMPETITOR,Accord tour,Франція,198,6,2,4,33,366,352,-169,-155,"-0,44",1,0,"0,6106","0,56",,"0,67",ЦІЛИЙ РІК,40,"1,83","1,50","0,83",11,9,5,0,"1,50","0,83","0,00","5,20","0,87",1,0
ACC-47,В повному шоколаді... або 2 дні в Швейцарії!,COMPETITOR,Accord tour,Швейцарія,311,6,0,5,52,333,334,-23,-23,"-0,07",13,123,"0,8335","0,93",,"1,00",ЦІЛИЙ РІК,0,"1,83","1,33","0,83",11,8,5,0,"1,33","0,83","0,00","4,90","0,82",1,0
ACC-48,В полоні Парижа  Діснейленд + Ельзас+ Швейцарія,COMPETITOR,Accord tour,Франція,272,6,2,5,45,366,352,-94,-80,"-0,23",15,75,"0,7032","0,77",,"0,67",ЦІЛИЙ РІК,40,"1,50","1,17","0,67",9,7,4,1,"1,17","0,67","0,11","4,30","0,72",0,0
ACC-49,"Фантастична четвірка: Амстердам, Брюссель, Люксембург та Берлін!",COMPETITOR,Accord tour,Нідерланди,342,6,0,4,57,349,348,-7,-6,"-0,02",16,147,"0,8107","0,98",,"1,00",ЦІЛИЙ РІК,0,"1,83","1,50","1,00",11,9,6,0,"1,50","1,00","0,00","5,70","0,95",1,0
ACC-50,Бельгія для гурманів або 2 дні в Брюсселі!,COMPETITOR,Accord tour,Бельгія,364,6,0,4,61,376,367,-12,-3,"-0,01",2,35,"0,8068","0,99",,"1,00",ЦІЛИЙ РІК,0,"2,00","1,50","0,50",12,9,3,0,"1,50","0,50","0,00","4,20","0,70",1,0
ACC-51,"Лайк там, де Амстердам!",COMPETITOR,Accord tour,Нідерланди,208,4,2,2,52,349,348,-141,-140,"-0,40",2,13,"0,5533","0,60",,"0,50",ЦІЛИЙ РІК,40,"2,25","1,50","0,75",9,6,3,2,"1,50","0,75","0,22","3,70","0,93",1,0
ACC-52,"Вікенд в Швейцарію або Фондю для двох!  Берн, Цюріх, Люцерн, Інтерлакен, Гріндельвальд",COMPETITOR,Accord tour,Швейцарія,306,5,0,3,61,333,334,-27,-28,"-0,08",12,118,"0,7621","0,92",,"1,00",ЦІЛИЙ РІК,0,"1,80","1,00","0,80",9,5,4,1,"1,00","0,80","0,11","3,70","0,74",1,0
ACC-53,"Зустрінемось в Амстердамі + парк ""Кекенхоф"" і парк розваг Ефтелінг!!!",COMPETITOR,Accord tour,Нідерланди,359,6,0,4,60,349,348,10,12,"0,03",19,164,"0,7980","0,97",,"1,00",ЦІЛИЙ РІК,0,"1,33","0,83","0,67",8,5,4,2,"0,83","0,67","0,25","3,90","0,65",0,0
ACC-54,"Магія Парижа  Діснейленд, замок Нойшвайнштайн, долина Вахау",COMPETITOR,Accord tour,Франція,350,6,2,5,58,366,352,-16,-2,"-0,01",32,153,"0,7653","0,99",,"0,67",ЦІЛИЙ РІК,40,"1,67","1,17","0,67",10,7,4,0,"1,17","0,67","0,00","4,10","0,68",1,0
ACC-55,"Вихідні в Словаччині   Термали, гори і релакс...",COMPETITOR,Accord tour,Словаччина,204,4,0,2,51,204,204,0,0,"0,00",1,0,"0,7959","1,00",,"1,00",РІДКІСНИЙ,0,"2,00","0,25","0,25",8,1,1,0,"0,25","0,25","0,00","0,80","0,20",1,0
ACC-56,"Відпочинок на висоті Швейцарія, Баварія, Австрія  Острів Майнау, Замок Нойшвайнштайн, Світ Сваровскі...",COMPETITOR,Accord tour,Швейцарія,374,7,0,6,53,333,334,40,40,"0,12",20,186,"0,8146","0,88",,"1,00",ЦІЛИЙ РІК,0,"1,71","1,00","0,71",12,7,5,1,"1,00","0,71","0,08","4,80","0,69",1,0
ACC-57,"Мої найкращі друзі    Амстердам, Брюсель, Париж",COMPETITOR,Accord tour,Нідерланди,426,8,0,7,53,349,348,77,79,"0,23",26,231,"0,7760","0,77",,"1,00",ЦІЛИЙ РІК,0,"1,50","1,00","0,75",12,8,6,0,"1,00","0,75","0,00","5,40","0,68",0,0
ACC-58,"Дефіле для романтиків: Прага, Мілан, Венеція",COMPETITOR,Accord tour,Італія,230,5,2,3,46,340,338,-110,-108,"-0,32",24,91,"0,6181","0,68",,"0,60",ЦІЛИЙ РІК,40,"1,40","1,20","0,80",7,6,4,0,"1,20","0,80","0,00","3,80","0,76",0,0
ACC-59,Знайомство з Казанова! Відень+Верона+Венеція,COMPETITOR,Accord tour,Італія,284,5,0,3,57,340,338,-56,-54,"-0,16",38,145,"0,7400","0,84",,"1,00",ЦІЛИЙ РІК,0,"1,60","1,20","0,80",8,6,4,1,"1,20","0,80","0,13","4,00","0,80",1,0
ACC-60,"Коротке побачення в Італії: Верона, Мілан, Венеція",COMPETITOR,Accord tour,Італія,343,6,0,4,57,340,338,3,5,"0,01",55,204,"0,8112","0,99",,"1,00",ЦІЛИЙ РІК,0,"1,17","0,83","0,33",7,5,2,0,"0,83","0,33","0,00","2,50","0,42",0,0
ACC-61,Солодкий круасан - Париж,COMPETITOR,Accord tour,Франція,238,6,2,4,40,366,352,-129,-115,"-0,33",4,40,"0,6424","0,67",,"0,67",ЦІЛИЙ РІК,40,"1,33","0,83","0,67",8,5,4,3,"0,83","0,67","0,38","4,10","0,68",0,0
ACC-62,"Happy days або 5 столиць!!! ...Берлін, Прага, Відень, Будапешт та Варшава...",COMPETITOR,Accord tour,Німеччина,236,5,1,3,47,238,237,-3,-2,"-0,01",9,117,"0,7809","0,99",,"0,80",ЦІЛИЙ РІК,20,"1,00","1,00","1,00",5,5,5,0,"1,00","1,00","0,00","4,00","0,80",0,0
ACC-63,"Французький реверанс  Париж, Нормандія, Мон-Сен-Мішель, Аквітанія, Замки Луари, Ельзас",COMPETITOR,Accord tour,Франція,628,10,0,10,63,366,352,261,276,"0,78",71,430,"0,5589","0,22",,"1,00",ЦІЛИЙ РІК,0,"1,70","0,80","0,30",17,8,3,0,"0,80","0,30","0,00","3,90","0,39",1,0
ACC-64,"Яскраві нотки Італії: 2 дні в Римі + Флоренція, Венеція",COMPETITOR,Accord tour,Італія,292,6,2,3,49,340,338,-48,-46,"-0,14",40,153,"0,6661","0,86",,"0,67",ЦІЛИЙ РІК,40,"1,00","0,83","0,50",6,5,3,0,"0,83","0,50","0,00","3,00","0,50",0,0
ACC-65,"Сто причин любити Італію, і перша - Рим! Флоренція + Венеція!",COMPETITOR,Accord tour,Італія,459,8,0,6,57,340,338,119,121,"0,36",88,320,"0,6900","0,64",,"1,00",ЦІЛИЙ РІК,0,"2,25","1,50","0,50",18,12,4,0,"1,50","0,50","0,00","5,60","0,70",1,0
ACC-66,"Моя Португалія  Лісабон, Порту, Сінтра, Мадрид, Барселона, Ніцца, Монако!",COMPETITOR,Accord tour,Португалія,546,11,3,6,50,744,814,-199,-269,"-0,33",1,0,"0,5559","0,67",,"0,73",ЦІЛИЙ РІК,60,"1,73","0,82","0,64",19,9,7,1,"0,82","0,64","0,05","6,40","0,58",1,0
ACC-67,"Швейцарський вікенд + Баварія Цюріх, Люцерн + Мюнхен та Відень",COMPETITOR,Accord tour,Швейцарія,188,4,2,3,47,333,334,-145,-146,"-0,44",1,0,"0,5996","0,56",,"0,50",ЦІЛИЙ РІК,40,"1,75","1,50","1,00",7,6,4,0,"1,50","1,00","0,00","3,80","0,95",1,0
ACC-68,Мій Італійський вікенд: Венеція+Верона,COMPETITOR,Accord tour,Італія,158,4,2,1,40,340,338,-182,-180,"-0,53",5,19,"0,4765","0,47",,"0,50",ЦІЛИЙ РІК,40,"1,75","1,00","0,50",7,4,2,0,"1,00","0,50","0,00","2,20","0,55",1,0
ACC-69,Вікенд в Доломітах: озеро Блед+озеро Мольвено+Венеція,COMPETITOR,Accord tour,Італія,221,5,0,2,44,340,338,-119,-117,"-0,35",20,82,"0,6515","0,65",,"1,00",ЦІЛИЙ РІК,0,"1,80","0,80","0,60",9,4,3,1,"0,80","0,60","0,11","2,90","0,58",1,0
ACC-70,Заряд бадьорості: Доломітові Альпи+Адріатичне море Італії,COMPETITOR,Accord tour,Італія,314,6,0,3,52,340,338,-26,-24,"-0,07",48,175,"0,7646","0,93",,"1,00",ЦІЛИЙ РІК,0,"1,83","0,67","0,33",11,4,2,1,"0,67","0,33","0,09","2,40","0,40",1,0
ACC-71,Знайомтесь - Німеччина: Берлін + Потсдам + Дрезден + Саксонська Швейцарія,COMPETITOR,Accord tour,Німеччина,212,4,0,2,53,238,237,-27,-26,"-0,11",7,93,"0,7487","0,89",,"1,00",ЦІЛИЙ РІК,0,"1,50","1,00","0,50",6,4,2,0,"1,00","0,50","0,00","2,20","0,55",0,0
ACC-72,"Кращі коліжанки Чеського королівства + SPA релакс  Прага, Дрезден, Карлові Вари",COMPETITOR,Accord tour,Чехія,234,5,0,3,47,204,199,29,35,"0,17",16,139,"0,7553","0,83",,"1,00",ЦІЛИЙ РІК,0,"1,40","1,40","0,60",7,7,3,0,"1,40","0,60","0,00","3,60","0,72",0,0
ACC-73,"Вихідні в Італії  Флоренція, Рим, Венеція",COMPETITOR,Accord tour,Італія,248,5,2,4,50,340,338,-92,-90,"-0,27",29,109,"0,6725","0,73",,"0,60",ЦІЛИЙ РІК,40,"1,20","1,00","0,60",6,5,3,0,"1,00","0,60","0,00","3,00","0,60",0,0
ACC-74,Особливий вікенд: Любляна + Венеція,COMPETITOR,Accord tour,Італія,231,4,0,3,58,340,338,-109,-107,"-0,32",25,92,"0,7054","0,68",,"1,00",ЦІЛИЙ РІК,0,"1,75","1,00","0,75",7,4,3,0,"1,00","0,75","0,00","2,70","0,68",1,0
ACC-75,"Соковитий вікенд: Верона, Рим, Венеція!",COMPETITOR,Accord tour,Італія,252,5,2,3,50,340,338,-88,-86,"-0,25",34,113,"0,6356","0,75",,"0,60",ЦІЛИЙ РІК,40,"1,00","0,80","0,60",5,4,3,0,"0,80","0,60","0,00","2,70","0,54",0,0
ACC-76,Під прапором Греції... Салоніки + Метеори + Афіни + Дельфи,COMPETITOR,Accord tour,Греція,481,8,0,3,60,420,407,61,75,"0,18",19,276,"0,6790","0,82",,"1,00",ЦІЛИЙ РІК,0,"2,00","0,50","0,25",16,4,2,1,"0,50","0,25","0,06","2,40","0,30",1,0
ACC-77,Любовне зізнання: Відень + Прага!,COMPETITOR,Accord tour,Австрія,245,5,0,2,49,210,199,35,46,"0,23",29,150,"0,6875","0,77",,"1,00",ЦІЛИЙ РІК,0,"0,80","0,80","0,60",4,4,3,0,"0,80","0,60","0,00","2,70","0,54",0,0
ACC-78,"Мелодії Альп... Швейцарія, Баварія, Австрія +Майнау –острів весняних мрій...",COMPETITOR,Accord tour,Швейцарія,270,5,0,4,54,333,334,-64,-64,"-0,19",8,82,"0,7732","0,81",,"1,00",ЦІЛИЙ РІК,0,"2,00","1,40","0,80",10,7,4,2,"1,40","0,80","0,20","4,50","0,90",1,0
ACC-79,"Чао, Італія! 2 дні в Римі + Флоренція і Венеція!",COMPETITOR,Accord tour,Італія,408,7,0,5,58,340,338,68,70,"0,21",81,269,"0,7407","0,79",,"1,00",ЦІЛИЙ РІК,0,"1,29","1,14","0,57",9,8,4,0,"1,14","0,57","0,00","4,40","0,63",0,0
ACC-80,Секрет вічності… Рим + Флоренція і Венеція,COMPETITOR,Accord tour,Італія,337,7,2,3,48,340,338,-3,-1,"0,00",53,198,"0,7061","1,00",,"0,71",ЦІЛИЙ РІК,40,"1,43","1,14","0,43",10,8,3,0,"1,14","0,43","0,00","3,90","0,56",0,0
ACC-81,"Таємнича Греція:  Салоніки, Афіни, Метеори",COMPETITOR,Accord tour,Греція,339,7,2,2,48,420,407,-81,-68,"-0,17",10,134,"0,6119","0,83",,"0,71",ЦІЛИЙ РІК,40,"1,14","0,29","0,14",8,2,1,1,"0,29","0,14","0,13","1,30","0,19",0,0
ACC-82,"Скажемо «чііііз» в Італії: 3 дні в Римі + Неаполь, Флоренція і Венеція",COMPETITOR,Accord tour,Італія,443,8,0,4,55,340,338,103,105,"0,31",84,304,"0,6631","0,69",,"1,00",ЦІЛИЙ РІК,0,"1,75","1,25","0,38",14,10,3,0,"1,25","0,38","0,00","4,50","0,56",1,0
ACC-83,"Завжди на висоті... Італія! Флоренція, Рим, Венеція + Доломітові Альпи",COMPETITOR,Accord tour,Італія,441,8,0,5,55,340,338,101,103,"0,31",83,302,"0,6902","0,69",,"1,00",ЦІЛИЙ РІК,0,"2,38","1,13","0,38",19,9,3,1,"1,13","0,38","0,05","4,40","0,55",1,0
ACC-84,Грація Північної Італії,COMPETITOR,Accord tour,Італія,498,8,0,6,62,340,338,158,160,"0,47",95,359,"0,6332","0,53",,"1,00",ЦІЛИЙ РІК,0,"2,00","0,75","0,25",16,6,2,0,"0,75","0,25","0,00","2,80","0,35",1,0
ACC-85,Пригоди невгамовних або ще більше Італії + Сан-Марино,COMPETITOR,Accord tour,Італія,554,10,0,7,55,340,338,214,216,"0,64",100,415,"0,5708","0,36",,"1,00",ЦІЛИЙ РІК,0,"2,20","1,50","0,20",22,15,2,0,"1,50","0,20","0,00","5,50","0,55",1,0
ACC-86,Найкращі хвилини в Італії!,COMPETITOR,Accord tour,Італія,307,6,0,5,51,340,338,-33,-31,"-0,09",45,168,"0,8258","0,91",,"1,00",ЦІЛИЙ РІК,0,"1,33","1,00","0,67",8,6,4,0,"1,00","0,67","0,00","3,80","0,63",0,0
ACC-87,"Стильна Італія... Трієст, Мілан, озеро Комо, Верона!",COMPETITOR,Accord tour,Італія,394,6,0,4,66,340,338,54,56,"0,17",76,255,"0,7335","0,83",,"1,00",ЦІЛИЙ РІК,0,"1,67","1,17","0,50",10,7,3,0,"1,17","0,50","0,00","3,60","0,60",1,0
ACC-88,"Вікенд на трьох! Краків, Відень, Будапешт",COMPETITOR,Accord tour,Австрія,168,3,0,2,56,210,199,-42,-31,"-0,16",14,73,"0,7567","0,84",,"1,00",ЦІЛИЙ РІК,0,"1,33","1,33","1,00",4,4,3,0,"1,33","1,00","0,00","2,70","0,90",0,0
ACC-89,"Мелодії Альп...  Швейцарія, Баварія, Австрія...",COMPETITOR,Accord tour,Швейцарія,270,5,0,4,54,333,334,-64,-64,"-0,19",8,82,"0,7732","0,81",,"1,00",ЦІЛИЙ РІК,0,"2,00","1,40","0,80",10,7,4,2,"1,40","0,80","0,20","4,50","0,90",1,0
ACC-90,Італійська пригода: 2 дні в Римі + Адріатичне узбережжя,COMPETITOR,Accord tour,Італія,359,6,0,3,60,340,338,19,21,"0,06",67,220,"0,7527","0,94",,"1,00",ЦІЛИЙ РІК,0,"1,50","0,83","0,50",9,5,3,0,"0,83","0,50","0,00","3,00","0,50",0,0
ACC-91,https://www.accordtour.com/tours/660106/tab/tab_price/tour_date/2026-04-29/cls_number_adult_cnt/%7B1:1%7D/cls_number_child_age/%7B%7D/tour_include_ins/true,COMPETITOR,Accord tour,Італія,172,4,0,5,43,340,338,-168,-166,"-0,49",8,33,"0,7659","0,51",,"1,00",ЦІЛИЙ РІК,0,"2,00","1,00","0,50",8,4,2,1,"1,00","0,50","0,13","2,40","0,60",1,0
ACC-92,Ритми моди:Париж+Мілан,COMPETITOR,Accord tour,Італія,487,8,0,5,61,340,338,147,149,"0,44",93,348,"0,6240","0,56",,"1,00",ЦІЛИЙ РІК,0,"1,50","1,00","0,63",12,8,5,2,"1,00","0,63","0,17","5,30","0,66",0,0
ACC-93,Фіорди Півночі!!!,COMPETITOR,Accord tour,Норвегія,568,7,0,4,81,527,538,41,30,"0,06",7,183,"0,7264","0,94",,"1,00",ЦІЛИЙ РІК,0,"0,86","0,71","0,57",6,5,4,0,"0,71","0,57","0,00","3,50","0,50",0,0
ACC-94,Вихідні в Ельзасі + Швейцарія,COMPETITOR,Accord tour,Швейцарія,278,5,0,3,56,333,334,-55,-56,"-0,17",10,90,"0,7400","0,83",,"1,00",ЦІЛИЙ РІК,0,"2,20","2,00","1,00",11,10,5,1,"2,00","1,00","0,09","5,70","1,14",1,0
ACC-95,"Мікс щасливих емоцій  Ніцца, Монако, Портофіно",COMPETITOR,Accord tour,Італія,205,6,2,5,34,340,338,-135,-133,"-0,39",14,66,"0,6597","0,61",,"0,67",ЦІЛИЙ РІК,40,"1,00","0,67","0,67",6,4,4,1,"0,67","0,67","0,17","3,40","0,57",0,0
ACC-96,Три щасливі дні  Прага + Дрезден,COMPETITOR,Accord tour,Чехія,192,4,0,2,48,204,199,-13,-8,"-0,04",9,97,"0,7872","0,96",,"1,00",ЦІЛИЙ РІК,0,"3,00","2,50","0,75",12,10,3,0,"2,50","0,75","0,00","4,50","1,13",1,0
ACC-97,Французький поцілунок!!!,COMPETITOR,Accord tour,Франція,245,5,2,4,49,366,352,-121,-107,"-0,30",7,48,"0,6584","0,70",,"0,60",ЦІЛИЙ РІК,40,"1,40","1,00","0,80",7,5,4,2,"1,00","0,80","0,29","3,90","0,78",0,0
ACC-98,Вікенд з видом на море: Венеція + відпочинок на Адріатичному морі Італії,COMPETITOR,Accord tour,Італія,161,5,2,1,32,340,338,-179,-177,"-0,52",6,22,"0,4850","0,48",,"0,60",ЦІЛИЙ РІК,40,"1,20","0,80","0,40",6,4,2,1,"0,80","0,40","0,17","2,40","0,48",0,0
ACC-99,В хорошому настрої:  Салоніки + Метеори + відпочинок на Егейському морі,COMPETITOR,Accord tour,Греція,235,5,2,1,47,420,407,-185,-172,"-0,42",3,30,"0,4950","0,58",,"0,60",ЦІЛИЙ РІК,40,"1,60","0,20","0,20",8,1,1,1,"0,20","0,20","0,13","1,00","0,20",1,0
ACC-100,Натхненний вікенд в Трансільванії...,COMPETITOR,Accord tour,Румунія,170,3,0,3,57,167,160,2,10,"0,06",15,71,"0,8609","0,94",,"1,00",ЦІЛИЙ РІК,0,"2,00","0,67","0,33",6,2,1,1,"0,67","0,33","0,17","1,30","0,43",1,0
ACC-101,Вище неба: відпочинок у Доломітових Альпах Італії,COMPETITOR,Accord tour,Італія,382,6,0,1,64,340,338,42,44,"0,13",73,243,"0,6510","0,87",,"1,00",ЦІЛИЙ РІК,0,"2,00","0,50","0,50",12,3,3,1,"0,50","0,50","0,08","2,60","0,43",1,0
ACC-102,"Лазурові пригоди  Ніцца, Монако, Канни, Прованс",COMPETITOR,Accord tour,Франція,327,7,2,5,47,366,352,-39,-25,"-0,07",25,130,"0,7391","0,93",,"0,71",ЦІЛИЙ РІК,40,"1,14","0,86","0,57",8,6,4,0,"0,86","0,57","0,00","3,80","0,54",0,0
ACC-103,"Олімпійський привіт: Салоніки, Афіни, Метеори",COMPETITOR,Accord tour,Греція,318,6,2,2,53,420,407,-102,-89,"-0,22",7,113,"0,5911","0,78",,"0,67",ЦІЛИЙ РІК,40,"2,00","0,33","0,17",12,2,1,1,"0,33","0,17","0,08","1,30","0,22",1,0
ACC-104,"Там, де Північ зустрічається з Півднем… Амстердам+Мілан+Венеція!",COMPETITOR,Accord tour,Нідерланди,341,7,2,4,49,349,348,-8,-7,"-0,02",15,146,"0,7270","0,98",,"0,71",ЦІЛИЙ РІК,40,"2,43","1,43","0,71",17,10,5,1,"1,43","0,71","0,06","5,70","0,81",1,0
ACC-105,"Лазурова відпустка  Ніцца, Канни, Монако, Сан Ремо, Портофіно",COMPETITOR,Accord tour,Італія,478,8,0,5,60,340,338,138,140,"0,42",91,339,"0,6370","0,58",,"1,00",ЦІЛИЙ РІК,0,"2,13","1,13","0,63",17,9,5,0,"1,13","0,63","0,00","5,20","0,65",1,0
ACC-106,Яскраві враження.... Амстердам та Париж...,COMPETITOR,Accord tour,Франція,397,7,2,6,57,366,352,30,45,"0,13",45,199,"0,7253","0,87",,"0,71",ЦІЛИЙ РІК,40,"1,00","0,71","0,71",7,5,5,1,"0,71","0,71","0,14","4,20","0,60",0,0
ACC-107,"Рим притягує нас!  Відень, Флоренція та Венеція",COMPETITOR,Accord tour,Італія,302,6,0,4,50,340,338,-38,-36,"-0,11",44,163,"0,7883","0,89",,"1,00",ЦІЛИЙ РІК,0,"1,00","1,00","0,67",6,6,4,0,"1,00","0,67","0,00","3,80","0,63",0,0
ACC-108,"Швейцарська казка  Цюріх, Берн, Женева + Монблан",COMPETITOR,Accord tour,Швейцарія,334,6,0,5,56,333,334,0,0,"0,00",15,146,"0,8532","1,00",,"1,00",ЦІЛИЙ РІК,0,"2,33","1,67","0,83",14,10,5,2,"1,67","0,83","0,14","5,90","0,98",1,0
ACC-109,"Швейцарська інтрига  Австрія, Італія та Доломітові Альпи",COMPETITOR,Accord tour,Швейцарія,341,6,0,5,57,333,334,7,7,"0,02",16,153,"0,8425","0,98",,"1,00",ЦІЛИЙ РІК,0,"1,50","1,00","0,50",9,6,3,0,"1,00","0,50","0,00","3,30","0,55",0,0
ACC-110,"Віденський експрес!  Краків, Відень, Будапешт",COMPETITOR,Accord tour,Австрія,111,4,2,3,28,210,199,-99,-89,"-0,44",4,16,"0,6357","0,56",,"0,50",ЦІЛИЙ РІК,40,"1,25","1,00","0,75",5,4,3,0,"1,00","0,75","0,00","2,70","0,68",0,0
ACC-111,Вічна класика: Салоніки + Афіни + Метеори,COMPETITOR,Accord tour,Греція,297,6,2,2,49,420,407,-123,-110,"-0,27",5,92,"0,5776","0,73",,"0,67",ЦІЛИЙ РІК,40,"1,50","0,33","0,17",9,2,1,1,"0,33","0,17","0,11","1,30","0,22",0,0
ACC-112,Перше побачення в Греції:  Салоніки + Олімп + Метеори + Грецькі Альпи,COMPETITOR,Accord tour,Греція,205,5,2,1,41,420,407,-215,-202,"-0,50",1,0,"0,4780","0,50",,"0,60",ЦІЛИЙ РІК,40,"1,40","0,20","0,20",7,1,1,1,"0,20","0,20","0,14","1,00","0,20",0,0
ACC-113,Наш красивий вікенд!,COMPETITOR,Accord tour,Угорщина,229,5,0,4,46,162,159,66,69,"0,43",11,140,"0,6928","0,57",,"1,00",ЦІЛИЙ РІК,0,"1,40","0,80","0,80",7,4,4,0,"0,80","0,80","0,00","3,20","0,64",0,0
ACC-114,Іспанія – горда квітка Півдня  Відпочинок на морі,COMPETITOR,Accord tour,Іспанія,407,8,2,7,51,538,505,-131,-98,"-0,19",6,65,"0,7139","0,81",,"0,75",ЦІЛИЙ РІК,40,"1,25","0,63","0,63",10,5,5,0,"0,63","0,63","0,00","4,00","0,50",0,0
ACC-115,Літня відпустка під іспанськими вітрилами  Відпочинок на морі,COMPETITOR,Accord tour,Іспанія,575,10,0,6,57,538,505,36,70,"0,14",14,233,"0,7473","0,86",,"1,00",ЦІЛИЙ РІК,0,"1,10","0,70","0,60",11,7,6,1,"0,70","0,60","0,09","5,30","0,53",0,0
ACC-116,"Сонячна відпустка:  Трієст, Мілан, Генуя і Венеція",COMPETITOR,Accord tour,Італія,354,6,0,5,59,340,338,14,16,"0,05",61,215,"0,8278","0,95",,"1,00",ЦІЛИЙ РІК,0,"2,00","1,17","0,33",12,7,2,0,"1,17","0,33","0,00","3,10","0,52",1,0
ACC-117,Випускний в Італії: 2 дні в Римі + відпочинок на морі,COMPETITOR,Accord tour,Італія,359,6,0,3,60,340,338,19,21,"0,06",65,220,"0,7535","0,94",,"1,00",ЦІЛИЙ РІК,0,"1,50","0,83","0,50",9,5,3,0,"0,83","0,50","0,00","3,00","0,50",0,0
ACC-118,"Париж в моді, при любій погоді!",COMPETITOR,Accord tour,Франція,350,7,2,4,50,366,352,-16,-2,"-0,01",32,153,"0,7300","0,99",,"0,71",ЦІЛИЙ РІК,40,"1,57","1,00","0,57",11,7,4,2,"1,00","0,57","0,18","4,50","0,64",1,0
ACC-119,"Мрії в подарунок…  Егер, Відень і Будапешт!",COMPETITOR,Accord tour,Угорщина,170,4,0,3,42,162,159,7,10,"0,06",7,81,"0,8378","0,94",,"1,00",ЦІЛИЙ РІК,0,"2,50","1,00","0,50",10,4,2,0,"1,00","0,50","0,00","2,20","0,55",1,0
ACC-120,Естетика півдня: Амальфітанське узбережжя + Рим,COMPETITOR,Accord tour,Італія,530,9,0,6,59,340,338,190,192,"0,57",96,391,"0,5855","0,43",,"1,00",ЦІЛИЙ РІК,0,"2,22","1,33","0,44",20,12,4,0,"1,33","0,44","0,00","5,60","0,62",1,0
ACC-121,"Love is...Венеція і Париж! + Діснейленд, Верона та Мілан...",COMPETITOR,Accord tour,Італія,339,7,2,5,48,340,338,-1,1,"0,00",54,200,"0,7625","1,00",,"0,71",ЦІЛИЙ РІК,40,"1,29","1,14","0,71",9,8,5,0,"1,14","0,71","0,00","4,90","0,70",0,0
ACC-122,Must seе - Amsterdam або 2 дні в Амстердамі!,COMPETITOR,Accord tour,Нідерланди,275,6,2,3,46,349,348,-74,-73,"-0,21",7,80,"0,6430","0,79",,"0,67",ЦІЛИЙ РІК,40,"2,00","1,50","0,67",12,9,4,3,"1,50","0,67","0,25","5,30","0,88",1,0
ACC-123,Мій маленький рай - Чорногорія!,COMPETITOR,Accord tour,Чорногорія,339,8,2,1,42,364,369,-25,-30,"-0,08",4,88,"0,6260","0,92",,"0,75",ЦІЛИЙ РІК,40,"1,63","0,63","0,25",13,5,2,3,"0,63","0,25","0,23","3,10","0,39",1,0
ACC-124,Балканська красуня - Чорногорія!  Відпочинок на Адріатичному узбережжі...,COMPETITOR,Accord tour,Чорногорія,369,8,0,2,46,364,369,5,0,"0,00",7,118,"0,7559","1,00",,"1,00",ЦІЛИЙ РІК,0,"1,75","0,88","0,50",14,7,4,2,"0,88","0,50","0,14","4,50","0,56",1,0
ACC-125,Швейцарське фондю: вся Швейцарія і Австрія!!!,COMPETITOR,Accord tour,Швейцарія,511,10,0,9,51,333,334,177,177,"0,53",29,323,"0,6635","0,47",,"1,00",ЦІЛИЙ РІК,0,"1,70","0,90","0,40",17,9,4,1,"0,90","0,40","0,06","4,90","0,49",1,0
ACC-126,У ритмі літа... Відпочинок на Адріатичному морі Італії,COMPETITOR,Accord tour,Італія,359,8,2,0,45,340,338,19,21,"0,06",65,220,"0,6040","0,94",,"0,75",ЦІЛИЙ РІК,40,"1,63","1,00","0,38",13,8,3,2,"1,00","0,38","0,15","4,30","0,54",1,0
ACC-127,Моя морська насолода!  Відпочинок на Адріатичному морі Італії!,COMPETITOR,Accord tour,Італія,464,8,0,2,58,340,338,124,126,"0,37",89,325,"0,5828","0,63",,"1,00",ЦІЛИЙ РІК,0,"1,75","1,13","0,38",14,9,3,0,"1,13","0,38","0,00","4,20","0,53",1,0
ACC-128,Куточок морського раю… відпочинок на Лігурійському узбережжі Італії,COMPETITOR,Accord tour,Італія,563,9,0,2,63,340,338,223,225,"0,67",101,424,"0,4507","0,33",,"1,00",ЦІЛИЙ РІК,0,"1,78","0,56","0,44",16,5,4,0,"0,56","0,44","0,00","3,50","0,39",1,0
ACC-129,Відпустка на морі: відпочинок на Адріатичному узбережжя Італії,COMPETITOR,Accord tour,Італія,533,10,0,2,53,340,338,193,195,"0,58",97,394,"0,5007","0,42",,"1,00",ЦІЛИЙ РІК,0,"1,90","1,00","0,30",19,10,3,2,"1,00","0,30","0,11","4,90","0,49",1,0
ACC-130,Я і море - це amore: 3 ночі на узбережжі Адріатичного моря Італії,COMPETITOR,Accord tour,Італія,276,6,2,0,46,340,338,-64,-62,"-0,18",36,137,"0,5526","0,82",,"0,67",ЦІЛИЙ РІК,40,"1,50","0,67","0,33",9,4,2,2,"0,67","0,33","0,22","2,60","0,43",0,0
ACC-131,"Скандинавський бум: Стокгольм, Осло, Копенгаген!  3 столиці Скандинавії!",COMPETITOR,Accord tour,Данія,519,7,0,5,74,519,519,0,0,"0,00",1,0,"0,7915","1,00",,"1,00",ЦІЛИЙ РІК,0,"1,00","0,86","0,57",7,6,4,0,"0,86","0,57","0,00","3,80","0,54",0,0
ACC-132,Підкоренні красою… Скандинавія і Фйорди!,COMPETITOR,Accord tour,Норвегія,713,9,0,4,79,527,538,186,175,"0,33",9,328,"0,5971","0,67",,"1,00",ЦІЛИЙ РІК,0,"1,11","0,78","0,44",10,7,4,0,"0,78","0,44","0,00","4,10","0,46",0,0
ACC-133,Цікаві вихідні в Трансільванії,COMPETITOR,Accord tour,Румунія,176,3,0,3,59,167,160,9,16,"0,10",16,77,"0,8403","0,90",,"1,00",ЦІЛИЙ РІК,0,"2,33","1,00","0,33",7,3,1,1,"1,00","0,33","0,14","1,60","0,53",1,0
ACC-134,Серце Адріатики... Чорногорія + Хорватія,COMPETITOR,Accord tour,Чорногорія,360,9,0,2,40,364,369,-5,-10,"-0,03",6,109,"0,7526","0,97",,"1,00",ЦІЛИЙ РІК,0,"1,56","0,44","0,33",14,4,3,2,"0,44","0,33","0,14","3,10","0,34",1,0
ACC-135,Морський бриз Чорногорії,COMPETITOR,Accord tour,Чорногорія,251,8,2,1,31,364,369,-113,-118,"-0,32",1,0,"0,5531","0,68",,"0,75",ЦІЛИЙ РІК,40,"0,75","0,38","0,25",6,3,2,1,"0,38","0,25","0,17","2,10","0,26",0,0
ACC-136,Палкий тиждень в Іспанії,COMPETITOR,Accord tour,Іспанія,489,10,2,5,49,538,505,-49,-16,"-0,03",11,147,"0,7079","0,97",,"0,80",ЦІЛИЙ РІК,40,"0,70","0,40","0,40",7,4,4,1,"0,40","0,40","0,14","3,40","0,34",0,0
ACC-137,Незнайомка з Півдня... Італія,COMPETITOR,Accord tour,Італія,606,10,0,6,61,340,338,266,268,"0,79",105,467,"0,4786","0,21",,"1,00",ЦІЛИЙ РІК,0,"3,50","1,50","0,40",35,15,4,0,"1,50","0,40","0,00","6,50","0,65",1,0
ACC-138,"Казки Балтійського моря  Стокгольм, Рига, Таллінн",COMPETITOR,Accord tour,Естонія,282,5,0,2,56,312,312,-30,-30,"-0,10",1,0,"0,7263","0,90",,"1,00",ЦІЛИЙ РІК,0,"1,20","1,20","0,80",6,6,4,0,"1,20","0,80","0,00","3,80","0,76",0,0
ACC-139,Спокій Адріатики  Відпочинок на морі в Чорногорії,COMPETITOR,Accord tour,Чорногорія,289,10,2,1,29,364,369,-76,-81,"-0,22",3,38,"0,5939","0,78",,"0,80",ЦІЛИЙ РІК,40,"1,10","0,50","0,30",11,5,3,2,"0,50","0,30","0,18","3,40","0,34",0,0
ACC-140,Курортний Роман  Відпочинок на морі Іспанії  Швейцарія + Іспанія + Франція,COMPETITOR,Accord tour,Іспанія,759,14,0,8,54,538,505,221,255,"0,50",20,417,"0,6019","0,50",,"1,00",ЦІЛИЙ РІК,0,"2,14","1,00","0,71",30,14,10,0,"1,00","0,71","0,00","9,20","0,66",1,0
ACC-141,Серенада південного сонця  Іспанія + Швейцарія   Відпочинок на морі,COMPETITOR,Accord tour,Іспанія,854,14,0,9,61,538,505,315,349,"0,69",22,512,"0,5274","0,31",,"1,00",ЦІЛИЙ РІК,0,"1,29","0,93","0,64",18,13,9,0,"0,93","0,64","0,00","8,40","0,60",0,0
ACC-142,"«Релакс» по-італійськи: Амальфітанське узбережжя + Рим, Флоренція і Венеція!",COMPETITOR,Accord tour,Італія,574,10,0,4,57,340,338,234,236,"0,70",102,435,"0,4838","0,30",,"1,00",ЦІЛИЙ РІК,0,"1,80","1,00","0,50",18,10,5,0,"1,00","0,50","0,00","5,50","0,55",1,0
ACC-143,Вікенд у Будапешт! + Відень!,COMPETITOR,Accord tour,Угорщина,89,4,2,0,22,162,159,-73,-70,"-0,44",1,0,"0,4981","0,56",,"0,50",ЦІЛИЙ РІК,40,"1,25","0,75","0,50",5,3,2,0,"0,75","0,50","0,00","1,90","0,48",0,0
ACC-144,"Жага пригод  Амстердам, Париж + Діснейленд",COMPETITOR,Accord tour,Нідерланди,311,7,2,5,44,349,348,-38,-37,"-0,11",11,116,"0,7302","0,89",,"0,71",ЦІЛИЙ РІК,40,"1,86","1,14","0,71",13,8,5,0,"1,14","0,71","0,00","4,90","0,70",1,0
ACC-145,Мої зимові пригоди в Італії: відпочинок в Доломітових Альпах,COMPETITOR,Accord tour,Італія,375,7,0,1,54,340,338,35,37,"0,11",71,236,"0,6751","0,89",,"1,00",ЦІЛИЙ РІК,0,"1,57","0,71","0,57",11,5,4,1,"0,71","0,57","0,09","3,70","0,53",1,0
ACC-146,Східний хіт - Істанбул!,COMPETITOR,Accord tour,Молдова,262,7,2,0,37,207,207,55,55,"0,27",2,110,"0,5373","0,73",,"0,71",ЦІЛИЙ РІК,40,"0,14","0,14","0,14",1,1,1,0,"0,14","0,14","0,00","0,80","0,11",0,1
ACC-147,Шалене серце або дорога до улюблених місць...,COMPETITOR,Accord tour,Болгарія,346,6,0,4,58,387,387,-42,-42,"-0,11",1,0,"0,7727","0,89",,"1,00",ЦІЛИЙ РІК,0,"1,17","0,50","0,50",7,3,3,0,"0,50","0,50","0,00","2,40","0,40",0,0
ACC-148,Захоплюючий вікенд… + Трансфегераш,COMPETITOR,Accord tour,Румунія,178,3,0,3,59,167,160,11,18,"0,11",17,79,"0,8339","0,89",,"1,00",ЦІЛИЙ РІК,0,"3,00","0,67","0,33",9,2,1,0,"0,67","0,33","0,00","1,10","0,37",1,0
ACC-149,Побачення з вампіром!!! Бухарест+Брашов,COMPETITOR,Accord tour,Румунія,134,4,2,2,33,167,160,-34,-27,"-0,17",5,35,"0,6856","0,83",,"0,50",ЦІЛИЙ РІК,40,"1,00","0,75","0,25",4,3,1,0,"0,75","0,25","0,00","1,40","0,35",0,0
ACC-150,"Там, де сонце торкається гірських вершин…",COMPETITOR,Accord tour,Румунія,267,5,0,2,53,167,160,100,107,"0,67",20,168,"0,5035","0,33",,"1,00",ЦІЛИЙ РІК,0,"1,00","0,40","0,20",5,2,1,0,"0,40","0,20","0,00","1,10","0,22",0,0
ACC-151,Вікенд з родзинкою… Замок Корвінів + Турда!,COMPETITOR,Accord tour,Румунія,164,3,0,2,55,167,160,-4,4,"0,02",13,65,"0,8134","0,98",,"1,00",ЦІЛИЙ РІК,0,"3,33","0,00","0,00",10,0,0,0,"0,00","0,00","0,00","0,00","0,00",1,0
ACC-152,У компанії з морем: Відпочинок на Егейському узбережжі,COMPETITOR,Accord tour,Греція,252,6,2,0,42,420,407,-168,-155,"-0,38",4,47,"0,4819","0,62",,"0,67",ЦІЛИЙ РІК,40,"1,33","0,17","0,17",8,1,1,2,"0,17","0,17","0,25","1,20","0,20",0,0
ACC-153,"Посмішка Кармен! Любляна, Мілан, Барселона, Ніцца та Венеція!",COMPETITOR,Accord tour,Іспанія,444,8,2,7,55,538,505,-95,-61,"-0,12",8,102,"0,7335","0,88",,"0,75",ЦІЛИЙ РІК,40,"1,38","1,00","0,75",11,8,6,1,"1,00","0,75","0,09","5,60","0,70",0,0
ACC-154,Моя гірська симфонія...,COMPETITOR,Accord tour,Греція,302,6,0,4,50,420,407,-118,-105,"-0,26",6,97,"0,7278","0,74",,"1,00",ЦІЛИЙ РІК,0,"1,50","0,83","0,67",9,5,4,1,"0,83","0,67","0,11","3,70","0,62",0,0
ACC-155,"Таємничий вікенд... Невермор, Дракула, Бухарест...",COMPETITOR,Accord tour,Румунія,242,4,0,2,60,167,160,74,82,"0,51",19,143,"0,5730","0,49",,"1,00",ЦІЛИЙ РІК,0,"2,50","0,75","0,25",10,3,1,0,"0,75","0,25","0,00","1,40","0,35",1,0
ACC-156,Солодкі дотики моря... Греція! Відпочинок на Егейському морі!,COMPETITOR,Accord tour,Греція,419,10,2,0,42,420,407,-1,13,"0,03",15,214,"0,6222","0,97",,"0,80",ЦІЛИЙ РІК,40,"1,30","0,20","0,10",13,2,1,2,"0,20","0,10","0,15","1,50","0,15",0,0
ACC-157,Сонячна розкіш Чорногорія + Хорватія Відпочинок на морі в Чорногорії,COMPETITOR,Accord tour,Чорногорія,423,11,0,2,38,364,369,59,54,"0,15",11,172,"0,6993","0,85",,"1,00",ЦІЛИЙ РІК,0,"1,27","0,36","0,27",14,4,3,2,"0,36","0,27","0,14","3,10","0,28",0,0
ACC-158,Приємний вікенд  Прага + Дрезден,COMPETITOR,Accord tour,Чехія,122,4,2,2,31,204,199,-82,-77,"-0,39",2,27,"0,6030","0,61",,"0,50",ЦІЛИЙ РІК,40,"2,25","2,00","0,75",9,8,3,0,"2,00","0,75","0,00","3,90","0,98",1,0
ACC-159,Празьке дежавю  Прага та Відень,COMPETITOR,Accord tour,Чехія,134,4,2,3,34,204,199,-70,-65,"-0,33",4,39,"0,6710","0,67",,"0,50",ЦІЛИЙ РІК,40,"1,00","1,00","1,00",4,4,4,0,"1,00","1,00","0,00","3,20","0,80",0,0
ACC-160,Неймовірні пригоди у Санта-Клауса,COMPETITOR,Accord tour,Фінляндія,538,8,0,4,67,603,603,-65,-65,"-0,11",1,0,"0,7197","0,89",,"1,00",СЕЗОННИЙ,0,"0,63","0,50","0,50",5,4,4,0,"0,50","0,50","0,00","3,20","0,40",0,0
ACC-161,Полювання на вампірів,COMPETITOR,Accord tour,Румунія,145,4,2,2,36,167,160,-22,-15,"-0,09",7,46,"0,7085","0,91",,"0,50",ЦІЛИЙ РІК,40,"2,50","0,75","0,25",10,3,1,0,"0,75","0,25","0,00","1,40","0,35",1,0
ACC-162,Подорож в Трансільванію…,COMPETITOR,Accord tour,Румунія,267,5,0,3,53,167,160,100,107,"0,67",20,168,"0,5435","0,33",,"1,00",ЦІЛИЙ РІК,0,"2,40","0,60","0,20",12,3,1,0,"0,60","0,20","0,00","1,40","0,28",1,0
ACC-163,Ароматний вікенд…,COMPETITOR,Accord tour,Молдова,152,3,0,2,51,207,207,-55,-55,"-0,27",1,0,"0,7237","0,73",,"1,00",ЦІЛИЙ РІК,0,"1,00","0,00","0,00",3,0,0,0,"0,00","0,00","0,00","0,00","0,00",0,0
ACC-164,Перше кохання... Прага,COMPETITOR,Accord tour,Чехія,337,7,0,5,48,204,199,133,138,"0,69",21,242,"0,5672","0,31",,"1,00",ЦІЛИЙ РІК,0,"1,14","0,86","0,43",8,6,3,0,"0,86","0,43","0,00","3,30","0,47",0,0
ACC-165,Пікнічок в Амстердамі,COMPETITOR,Accord tour,Нідерланди,223,6,2,3,37,349,348,-126,-125,"-0,36",4,28,"0,6008","0,64",,"0,67",ЦІЛИЙ РІК,40,"2,00","1,67","0,67",12,10,4,0,"1,67","0,67","0,00","5,00","0,83",1,0
ACC-166,Побачення в Парижі! + Мюнхен!,COMPETITOR,Accord tour,Франція,436,7,0,6,62,366,352,70,84,"0,24",53,239,"0,7489","0,76",,"1,00",ЦІЛИЙ РІК,0,"1,00","0,57","0,57",7,4,4,2,"0,57","0,57","0,29","3,60","0,51",0,0
ACC-167,Вікенд в Бухаресті...,COMPETITOR,Accord tour,Румунія,131,3,1,1,44,167,160,-37,-30,"-0,18",4,32,"0,6641","0,82",,"0,67",ЦІЛИЙ РІК,20,"0,33","0,33","0,33",1,1,1,0,"0,33","0,33","0,00","0,80","0,27",0,1
ACC-168,Максимум насолоди або моя бажана відпустка!!!,COMPETITOR,Accord tour,Албанія,523,13,2,3,40,514,523,9,0,"0,00",5,208,"0,6841","1,00",,"0,85",ЦІЛИЙ РІК,40,"0,31","0,08","0,08",4,1,1,0,"0,08","0,08","0,00","0,80","0,06",0,1
ACC-169,Мій літній романс або який солодкий шум прибою... Албанія,COMPETITOR,Accord tour,Албанія,459,11,2,2,42,514,523,-55,-64,"-0,12",3,144,"0,6226","0,88",,"0,82",ЦІЛИЙ РІК,40,"0,45","0,18","0,18",5,2,2,0,"0,18","0,18","0,00","1,60","0,15",0,1
ACC-170,"Канікули в Парижі +Страсбург  Діснейленд, Астерікс, Європа Парк",COMPETITOR,Accord tour,Франція,382,7,0,6,55,366,352,15,30,"0,08",39,184,"0,8267","0,92",,"1,00",ЦІЛИЙ РІК,0,"1,29","1,14","0,57",9,8,4,0,"1,14","0,57","0,00","4,40","0,63",0,0
ACC-171,Вікенд в Будапешт! + Хевіз!,COMPETITOR,Accord tour,Угорщина,102,4,2,3,26,162,159,-60,-57,"-0,36",2,13,"0,6742","0,64",,"0,50",ЦІЛИЙ РІК,40,"1,25","0,75","0,50",5,3,2,0,"0,75","0,50","0,00","1,90","0,48",0,0
ACC-172,"Схід, солодка любов моя... Туреччина + Греція",COMPETITOR,Accord tour,Греція,364,7,0,5,52,420,407,-56,-43,"-0,10",12,159,"0,7949","0,90",,"1,00",ЦІЛИЙ РІК,0,"1,14","0,86","0,57",8,6,4,0,"0,86","0,57","0,00","3,80","0,54",0,0
ACC-173,Музика прибою: Відпочинок на Егейському морі Греції!,COMPETITOR,Accord tour,Греція,321,8,2,0,40,420,407,-99,-86,"-0,21",8,116,"0,5536","0,79",,"0,75",ЦІЛИЙ РІК,40,"1,13","0,25","0,13",9,2,1,2,"0,25","0,13","0,22","1,50","0,19",0,0
ACC-174,Сієста у греків:  відпочинок на Егейському морі і Охридському озері,COMPETITOR,Accord tour,Греція,492,11,0,2,45,420,407,72,85,"0,21",20,287,"0,6615","0,79",,"1,00",ЦІЛИЙ РІК,0,"1,18","0,27","0,18",13,3,2,1,"0,27","0,18","0,08","2,10","0,19",0,0
ACC-175,"Всі фарби Балкан  Албанія, Північна Македонія, Болгарія",COMPETITOR,Accord tour,Албанія,489,10,0,5,49,514,523,-25,-34,"-0,07",4,174,"0,7743","0,93",,"1,00",ЦІЛИЙ РІК,0,"0,70","0,40","0,30",7,4,3,0,"0,40","0,30","0,00","2,70","0,27",0,0
ACC-176,Неймовірне знайомство... Македонія + Албанія,COMPETITOR,Accord tour,Албанія,534,11,0,2,49,514,523,20,11,"0,02",6,219,"0,7290","0,98",,"1,00",ПІВРІЧНИЙ,0,"0,27","0,09","0,09",3,1,1,0,"0,09","0,09","0,00","0,80","0,07",0,1
ACC-177,Мій літній коктейль…  Тур з відпочинком на морі в Албанії…,COMPETITOR,Accord tour,Албанія,680,13,0,4,52,514,523,166,158,"0,30",9,365,"0,6342","0,70",,"1,00",ПІВРІЧНИЙ,0,"0,31","0,15","0,15",4,2,2,0,"0,15","0,15","0,00","1,60","0,12",0,1
ACC-178,Аромат зі східними нотами...,COMPETITOR,Accord tour,Албанія,430,8,0,5,54,514,523,-84,-93,"-0,18",2,115,"0,7442","0,82",,"1,00",ЦІЛИЙ РІК,0,"1,75","0,63","0,50",14,5,4,1,"0,63","0,50","0,07","3,70","0,46",1,0
ACC-179,Лапландія і Томтеленд - У світі Санта Клауса!,COMPETITOR,Accord tour,Фінляндія,668,10,1,4,67,603,603,65,65,"0,11",2,130,"0,6606","0,89",,"0,90",ПІВРІЧНИЙ,20,"0,70","0,20","0,20",7,2,2,0,"0,20","0,20","0,00","1,60","0,16",0,0
ACC-180,Полуниця з Портвейном... Португалія,COMPETITOR,Accord tour,Португалія,814,14,0,10,58,744,814,70,0,"0,00",2,269,"0,8242","1,00",,"1,00",ЦІЛИЙ РІК,0,"1,93","0,71","0,57",27,10,8,0,"0,71","0,57","0,00","7,00","0,50",1,0
ACC-181,Амстердам - ковток свободи,COMPETITOR,Accord tour,Нідерланди,366,6,0,4,61,349,348,17,19,"0,05",20,171,"0,7875","0,95",,"1,00",ПІВРІЧНИЙ,0,"2,33","1,67","0,67",14,10,4,0,"1,67","0,67","0,00","5,00","0,83",1,0
ACC-182,"Веселий ярмарок...  Різдвяна Німеччина та Франція.  Дрезден, Нюрнберг, Страсбург, Кольмар, Прага",COMPETITOR,Accord tour,Німеччина,269,5,0,4,54,238,237,30,31,"0,13",12,150,"0,7977","0,87",,"1,00",ПІВРІЧНИЙ,0,"1,40","1,40","0,80",7,7,4,0,"1,40","0,80","0,00","4,10","0,82",0,0
ACC-183,Без меж - Будапешт!  Виїзд  з Києва,COMPETITOR,Accord tour,Угорщина,194,5,2,3,39,162,159,32,35,"0,22",9,105,"0,6735","0,78",,"0,60",ЦІЛИЙ РІК,40,"1,80","1,00","0,60",9,5,3,0,"1,00","0,60","0,00","3,00","0,60",1,0
ADR-1,Чеські перлини: 4 ночі в Празі + Дрезден  ,COMPETITOR,Adriatic,Чехія,248,5,0,1,50,204,199,43,49,"0,24",19,153,"0,6415","0,76",,"1,00",ЦІЛИЙ РІК,0,"1,20","1,20","0,60",6,6,3,0,"1,20","0,60","0,00","3,30","0,66",0,0
ADR-2,"Рим прекрасний завжди...: 2 дні в Римі + Венеція, Флоренція  ",COMPETITOR,Adriatic,Італія,294,6,2,3,49,340,338,-46,-44,"-0,13",41,155,"0,6682","0,87",,"0,67",ЦІЛИЙ РІК,40,"1,50","0,83","0,33",9,5,2,0,"0,83","0,33","0,00","2,50","0,42",0,0
ADR-3,Європейська мозаїка: Краків-Прага-Відень-Будапешт ,COMPETITOR,Adriatic,Австрія,199,4,0,2,50,210,199,-11,0,"0,00",20,104,"0,7985","1,00",,"1,00",ЦІЛИЙ РІК,0,"1,50","1,25","1,00",6,5,4,0,"1,25","1,00","0,00","3,50","0,88",0,0
ADR-4,Неймовірна Швейцарія та Ельзас!  ,COMPETITOR,Adriatic,Швейцарія,284,5,0,4,57,333,334,-50,-50,"-0,15",11,96,"0,7843","0,85",,"1,00",ЦІЛИЙ РІК,0,"2,00","1,80","1,20",10,9,6,0,"1,80","1,20","0,00","5,70","1,14",1,0
ADR-5,"Італійський вікенд... Венеція, Флоренція, Рим  ",COMPETITOR,Adriatic,Італія,252,5,2,3,50,340,338,-88,-86,"-0,25",34,113,"0,6356","0,75",,"0,60",ЦІЛИЙ РІК,40,"1,20","1,00","0,60",6,5,3,0,"1,00","0,60","0,00","3,00","0,60",0,0
ADR-6,Париж - місто кохання ,COMPETITOR,Adriatic,Франція,251,6,2,4,42,366,352,-116,-102,"-0,29",9,53,"0,6528","0,71",,"0,67",ЦІЛИЙ РІК,40,"1,00","1,00","0,67",6,6,4,0,"1,00","0,67","0,00","3,80","0,63",0,0
ADR-7,«Австрійський хіт + Будапешт» ,COMPETITOR,Adriatic,Австрія,144,4,2,2,36,210,199,-66,-55,"-0,28",8,49,"0,6360","0,72",,"0,50",ЦІЛИЙ РІК,40,"1,00","1,00","0,50",4,4,2,0,"1,00","0,50","0,00","2,20","0,55",0,0
ADR-8,"Богемські вихідні: 3 ночі в Празі + Дрезден, Карлові Вари, Чеський Крумлов  ",COMPETITOR,Adriatic,Чехія,219,4,0,2,55,204,199,15,20,"0,10",14,124,"0,7481","0,90",,"1,00",ЦІЛИЙ РІК,0,"1,75","1,75","0,75",7,7,3,0,"1,75","0,75","0,00","3,60","0,90",1,0
ADR-9,Мікс вікенд: Будапешт + Відень  ,COMPETITOR,Adriatic,Австрія,106,4,2,1,27,210,199,-104,-93,"-0,47",2,11,"0,5290","0,53",,"0,50",ЦІЛИЙ РІК,40,"0,75","0,75","0,50",3,3,2,0,"0,75","0,50","0,00","1,90","0,48",0,0
ADR-10,Так добре разом: Париж+ Бенілюкс  ,COMPETITOR,Adriatic,Франція,485,8,0,6,61,366,352,119,133,"0,38",65,288,"0,6751","0,62",,"1,00",ЦІЛИЙ РІК,0,"2,00","1,00","0,88",16,8,7,0,"1,00","0,88","0,00","5,90","0,74",1,0
ADR-11,Містична Трансільванія  ,COMPETITOR,Adriatic,Румунія,167,3,0,0,56,167,160,0,7,"0,04",14,68,"0,6689","0,96",,"1,00",ЦІЛИЙ РІК,0,"0,67","0,33","0,33",2,1,1,0,"0,33","0,33","0,00","0,80","0,27",0,0
ADR-12,"Смарагди Польщі: Морське Око, Закопане, Краків ",COMPETITOR,Adriatic,Польща,152,3,0,1,51,189,147,-37,5,"0,03",10,53,"0,7497","0,97",,"1,00",ЦІЛИЙ РІК,0,"0,67","0,67","0,33",2,2,1,0,"0,67","0,33","0,00","1,10","0,37",0,0
ADR-13,Вікенд в Трансільванії  ,COMPETITOR,Adriatic,Румунія,140,4,2,0,35,167,160,-27,-20,"-0,13",6,41,"0,5986","0,88",,"0,50",ЦІЛИЙ РІК,40,"0,50","0,25","0,25",2,1,1,0,"0,25","0,25","0,00","0,80","0,20",0,0
ADR-14,"Прага - місто, яке обрало мене ",COMPETITOR,Adriatic,Чехія,170,4,1,2,43,204,199,-34,-29,"-0,15",7,75,"0,7150","0,85",,"0,75",ЦІЛИЙ РІК,20,"0,75","0,75","0,75",3,3,3,0,"0,75","0,75","0,00","2,40","0,60",0,0
ADR-15,"Погляд в минуле: 3 дні в Римі + Помпеї, Неаполь  ",COMPETITOR,Adriatic,Італія,447,8,0,5,56,340,338,107,109,"0,32",86,308,"0,6816","0,68",,"1,00",ЦІЛИЙ РІК,0,"1,13","1,00","0,50",9,8,4,0,"1,00","0,50","0,00","4,40","0,55",0,0
ADR-16,Який чудовий Краків + парк Енерджіландія  ,COMPETITOR,Adriatic,Польща,147,3,0,1,49,189,147,-42,0,"0,00",8,48,"0,7667","1,00",,"1,00",ЦІЛИЙ РІК,0,"1,00","0,67","0,33",3,2,1,0,"0,67","0,33","0,00","1,10","0,37",0,0
ADR-17,Прага - моє улюблене місто ,COMPETITOR,Adriatic,Чехія,162,4,2,2,41,204,199,-42,-37,"-0,19",5,67,"0,6630","0,81",,"0,50",ЦІЛИЙ РІК,40,"0,75","0,75","0,75",3,3,3,0,"0,75","0,75","0,00","2,40","0,60",0,0
ADR-18,"О Рим, ти цілий світ! ",COMPETITOR,Adriatic,Італія,353,6,0,4,59,340,338,13,15,"0,05",60,214,"0,7952","0,95",,"1,00",ЦІЛИЙ РІК,0,"1,33","1,17","0,83",8,7,5,0,"1,17","0,83","0,00","4,60","0,77",0,0
ADR-19,Зустрічаємось в Парижі + Мюнхен та Зальцбург ,COMPETITOR,Adriatic,Франція,344,6,0,4,57,366,352,-22,-8,"-0,02",31,147,"0,8072","0,98",,"1,00",ЦІЛИЙ РІК,0,"1,00","0,83","0,83",6,5,5,0,"0,83","0,83","0,00","4,00","0,67",0,0
ADR-20,Веселі канікули: 3 дні в Парижі + Нормандія та Діснейленд!  ,COMPETITOR,Adriatic,Франція,301,7,2,5,43,366,352,-65,-51,"-0,14",19,104,"0,7171","0,86",,"0,71",ЦІЛИЙ РІК,40,"1,71","1,00","0,57",12,7,4,0,"1,00","0,57","0,00","4,10","0,59",1,0
ADR-21,Румунія запрошує! Бухарест + замки Трансільванії  ,COMPETITOR,Adriatic,Румунія,162,4,1,1,41,167,160,-5,2,"0,01",12,63,"0,7223","0,99",,"0,75",ЦІЛИЙ РІК,20,"0,50","0,50","0,25",2,2,1,0,"0,50","0,25","0,00","1,10","0,28",0,0
ADR-22,Блискучий вікенд: Дрезден - Прага - Відень - Будапешт  ,COMPETITOR,Adriatic,Польща,239,5,0,2,48,189,147,50,92,"0,63",15,140,"0,5321","0,37",,"1,00",ЦІЛИЙ РІК,0,"1,60","1,40","1,00",8,7,5,0,"1,40","1,00","0,00","4,60","0,92",1,0
ADR-23,Кращі з кращих: Відень-Зальцбург-Мюнхен  ,COMPETITOR,Adriatic,Австрія,239,4,0,2,60,210,199,29,40,"0,20",27,144,"0,6977","0,80",,"1,00",ЦІЛИЙ РІК,0,"1,00","1,00","0,75",4,4,3,0,"1,00","0,75","0,00","2,70","0,68",0,0
ADR-24,Який чудовий цей Краків  ,COMPETITOR,Adriatic,Польща,147,3,0,1,49,189,147,-42,0,"0,00",8,48,"0,7667","1,00",,"1,00",ЦІЛИЙ РІК,0,"1,00","0,67","0,33",3,2,1,0,"0,67","0,33","0,00","1,10","0,37",0,0
ADR-25,Приємний вікенд: Краків-Прага-Відень-Будапешт  ,COMPETITOR,Adriatic,Австрія,153,4,2,1,38,210,199,-57,-46,"-0,23",9,58,"0,5995","0,77",,"0,50",ЦІЛИЙ РІК,40,"1,25","1,25","1,00",5,5,4,0,"1,25","1,00","0,00","3,50","0,88",0,0
ADR-26,Париж - це пристрасть! Париж - це свято!»,COMPETITOR,Adriatic,Франція,314,7,2,4,45,366,352,-52,-38,"-0,11",23,117,"0,6996","0,89",,"0,71",ЦІЛИЙ РІК,40,"2,00","1,29","0,57",14,9,4,0,"1,29","0,57","0,00","4,70","0,67",1,0
ADR-27,"Відпустка класу ""Люкс"" - країни БеНіЛюкс!  ",COMPETITOR,Adriatic,Нідерланди,355,6,0,4,59,349,348,6,8,"0,02",18,160,"0,8040","0,98",,"1,00",ЦІЛИЙ РІК,0,"1,50","1,00","1,00",9,6,6,0,"1,00","1,00","0,00","4,80","0,80",0,0
ADR-28,Наш чудовий вікенд: Краків-Дрезден-Прага  ,COMPETITOR,Adriatic,Німеччина,198,4,0,2,50,238,237,-40,-39,"-0,17",4,79,"0,7328","0,83",,"1,00",ЦІЛИЙ РІК,0,"1,50","1,50","0,75",6,6,3,0,"1,50","0,75","0,00","3,30","0,83",0,0
ADR-29,"Від краю до краю: Париж, Амстердам, Нормандія… ",COMPETITOR,Adriatic,Франція,339,7,2,5,48,366,352,-27,-13,"-0,04",29,142,"0,7493","0,96",,"0,71",ЦІЛИЙ РІК,40,"2,14","1,43","0,86",15,10,6,0,"1,43","0,86","0,00","6,00","0,86",1,0
ADR-30,"Французький колорит: Париж, Страсбург та Діснейленд!  ",COMPETITOR,Adriatic,Франція,351,6,0,5,59,366,352,-15,-1,"0,00",34,154,"0,8461","1,00",,"1,00",ЦІЛИЙ РІК,0,"2,17","1,17","0,83",13,7,5,0,"1,17","0,83","0,00","4,60","0,77",1,0
ADR-31,"Vive La France! Мон-Сен-Мішель, Луара та Нормандія! ",COMPETITOR,Adriatic,Франція,390,7,0,5,56,366,352,24,38,"0,11",43,193,"0,7860","0,89",,"1,00",ЦІЛИЙ РІК,0,"1,86","0,86","0,57",13,6,4,0,"0,86","0,57","0,00","3,80","0,54",1,0
ADR-32,Гарно так: Париж + Цюрих! ,COMPETITOR,Adriatic,Франція,351,6,0,5,59,366,352,-15,-1,"0,00",34,154,"0,8461","1,00",,"1,00",ЦІЛИЙ РІК,0,"2,00","1,00","0,83",12,6,5,0,"1,00","0,83","0,00","4,30","0,72",1,0
ADR-33,"Швейцарія для тебе... Гріндельвальд, Швейцарська Рів'єра, гора Пілатус + гора Монблан!  ",COMPETITOR,Adriatic,Швейцарія,319,6,0,6,53,333,334,-14,-15,"-0,04",14,131,"0,8741","0,96",,"1,00",ЦІЛИЙ РІК,0,"1,83","1,50","0,83",11,9,5,0,"1,50","0,83","0,00","5,20","0,87",1,0
ADR-34,Вікенд в Швейцарію + Зальцбург та Прага! ,COMPETITOR,Adriatic,Швейцарія,254,4,0,3,64,333,334,-79,-80,"-0,24",5,66,"0,7251","0,76",,"1,00",ЦІЛИЙ РІК,0,"1,50","1,25","1,00",6,5,4,0,"1,25","1,00","0,00","3,50","0,88",0,0
ADR-35,Побачення на двох - Венеція і Верона… ,COMPETITOR,Adriatic,Італія,153,4,2,1,38,340,338,-187,-185,"-0,55",4,14,"0,4731","0,45",,"0,50",ЦІЛИЙ РІК,40,"1,00","1,00","0,50",4,4,2,0,"1,00","0,50","0,00","2,20","0,55",0,0
ADR-36,"Смак Тоскани: Флоренція, Сієна та Сан-Джиміньяно  ",COMPETITOR,Adriatic,Італія,396,7,0,4,57,340,338,56,58,"0,17",78,257,"0,7298","0,83",,"1,00",ПІВРІЧНИЙ,0,"2,29","0,86","0,43",16,6,3,0,"0,86","0,43","0,00","3,30","0,47",1,0
ADR-37,Прекрасна - як мадонна! Донна Барселона!  ,COMPETITOR,Adriatic,Іспанія,405,8,2,5,51,538,505,-133,-100,"-0,20",5,63,"0,6628","0,80",,"0,75",ЦІЛИЙ РІК,40,"1,25","1,00","0,75",10,8,6,0,"1,00","0,75","0,00","5,40","0,68",0,0
ADR-38,Австрійський вікенд: Відень - Зальцбург - Прага  ,COMPETITOR,Adriatic,Австрія,234,4,0,2,59,210,199,24,35,"0,18",26,139,"0,7103","0,82",,"1,00",ЦІЛИЙ РІК,0,"1,00","0,75","0,50",4,3,2,0,"0,75","0,50","0,00","1,90","0,48",0,0
ADR-39,Міста для поцілунків: Відень-Венеція-Верона  ,COMPETITOR,Adriatic,Італія,297,5,0,2,59,340,338,-43,-41,"-0,12",42,158,"0,7105","0,88",,"1,00",ЦІЛИЙ РІК,0,"1,20","1,00","0,80",6,5,4,0,"1,00","0,80","0,00","3,50","0,70",0,0
ADR-40,Незабутня відпустка в Німеччині  ,COMPETITOR,Adriatic,Чехія,342,6,0,4,57,204,199,138,143,"0,72",22,247,"0,5296","0,28",,"1,00",ЦІЛИЙ РІК,0,"0,83","0,33","0,33",5,2,2,0,"0,33","0,33","0,00","1,60","0,27",0,0
ADR-41,Доломітові Альпи Італії: Відпочинок на вершині небес  ,COMPETITOR,Adriatic,Італія,351,6,0,2,59,340,338,11,13,"0,04",59,212,"0,7316","0,96",,"1,00",ЦІЛИЙ РІК,0,"1,00","0,33","0,33",6,2,2,0,"0,33","0,33","0,00","1,60","0,27",0,0
ADR-42,"Краса без фільтрів: Зальцбург, Гальштат та озерний край Зальцкаммергут ",COMPETITOR,Adriatic,Австрія,262,5,0,3,52,210,199,52,63,"0,32",30,167,"0,6864","0,68",,"1,00",ЦІЛИЙ РІК,0,"1,20","0,80","0,60",6,4,3,0,"0,80","0,60","0,00","2,70","0,54",0,0
ADR-43,Париж та Амстердам збирає друзів!  ,COMPETITOR,Adriatic,Нідерланди,398,7,0,5,57,349,348,49,51,"0,15",24,203,"0,7687","0,85",,"1,00",ЦІЛИЙ РІК,0,"1,71","1,00","0,86",12,7,6,0,"1,00","0,86","0,00","5,10","0,73",1,0
ADR-44,Італія моя любов... Венеція-Мілан-Верона  ,COMPETITOR,Adriatic,Італія,193,5,2,2,39,340,338,-147,-145,"-0,43",12,54,"0,5498","0,57",,"0,60",ЦІЛИЙ РІК,40,"1,00","1,00","0,40",5,5,2,0,"1,00","0,40","0,00","2,50","0,50",0,0
ADR-45,"Від Альп до пальм: 3 дні в Барселоні + Зальцбург, Цюрих ",COMPETITOR,Adriatic,Франція,454,9,2,0,50,366,352,88,102,"0,29",59,257,"0,5011","0,71",,"0,78",ЦІЛИЙ РІК,40,"1,00","0,78","0,78",9,7,7,0,"0,78","0,78","0,00","5,60","0,62",0,0
ADR-46,Незабутні моменти в Доломітових Альпах  ,COMPETITOR,Adriatic,Австрія,364,7,0,2,52,210,199,154,165,"0,83",39,269,"0,4194","0,17",,"1,00",ЦІЛИЙ РІК,0,"1,00","0,57","0,43",7,4,3,0,"0,57","0,43","0,00","2,70","0,39",0,0
ADR-47,"Альпійська розкіш: Словенія, Італія та Австрія  ",COMPETITOR,Adriatic,Угорщина,292,5,0,3,58,162,159,130,133,"0,83",12,203,"0,4674","0,17",,"1,00",ЦІЛИЙ РІК,0,"1,60","1,00","0,60",8,5,3,0,"1,00","0,60","0,00","3,00","0,60",1,0
ADR-48,Привіт Париж! (3 дні в Парижі + Нормандія та Діснейленд ,COMPETITOR,Adriatic,Франція,312,7,2,3,45,366,352,-54,-40,"-0,11",22,115,"0,6693","0,89",,"0,71",ЦІЛИЙ РІК,40,"1,86","1,14","0,86",13,8,6,0,"1,14","0,86","0,00","5,40","0,77",1,0
ADR-49,Подаруй собі Amsterdam  ,COMPETITOR,Adriatic,Нідерланди,337,7,2,4,48,349,348,-12,-11,"-0,03",14,142,"0,7239","0,97",,"0,71",ЦІЛИЙ РІК,40,"1,86","1,57","0,71",13,11,5,0,"1,57","0,71","0,00","5,80","0,83",1,0
ADR-50,Селфі в Амстердамі ,COMPETITOR,Adriatic,Нідерланди,243,6,2,3,41,349,348,-106,-105,"-0,30",5,48,"0,6171","0,70",,"0,67",ЦІЛИЙ РІК,40,"1,67","1,33","0,67",10,8,4,0,"1,33","0,67","0,00","4,40","0,73",1,0
ADR-51,Слідами вікінгів: Стокгольм + Осло  ,COMPETITOR,Adriatic,Норвегія,453,7,0,4,65,527,538,-74,-85,"-0,16",3,68,"0,7190","0,84",,"1,00",ЦІЛИЙ РІК,0,"1,29","1,14","0,86",9,8,6,0,"1,14","0,86","0,00","5,40","0,77",0,0
ADR-52,"Ах, мій милий Амстердам… ",COMPETITOR,Adriatic,Нідерланди,353,6,0,3,59,349,348,4,6,"0,02",17,158,"0,7736","0,98",,"1,00",ЦІЛИЙ РІК,0,"1,67","1,33","0,50",10,8,3,0,"1,33","0,50","0,00","3,90","0,65",1,0
ADR-53,Романтика Адріатики: Хорватія та Чорногорія  ,COMPETITOR,Adriatic,Хорватія,406,7,0,1,58,379,365,27,42,"0,11",6,252,"0,6647","0,89",,"1,00",ЦІЛИЙ РІК,0,"1,71","1,00","0,43",12,7,3,0,"1,00","0,43","0,00","3,60","0,51",1,0
ADR-54,"Подорож Балканами: Хорватія, Чорногорія, Албанія, Македонія та Боснія і Герцеговина  ",COMPETITOR,Adriatic,Хорватія,448,9,0,4,50,379,365,69,84,"0,23",7,294,"0,6957","0,77",,"1,00",ЦІЛИЙ РІК,0,"1,67","0,78","0,56",15,7,5,0,"0,78","0,56","0,00","4,60","0,51",1,0
ADR-55,"Ми в Ніццу, в Ніццу з вітерцем  ",COMPETITOR,Adriatic,Франція,470,8,0,4,59,366,352,104,118,"0,34",63,273,"0,6460","0,66",,"1,00",ЦІЛИЙ РІК,0,"2,25","1,00","0,63",18,8,5,0,"1,00","0,63","0,00","4,90","0,61",1,0
ADR-56,Лазурна перлина - Ніцца  ,COMPETITOR,Adriatic,Франція,473,9,2,3,53,366,352,107,121,"0,34",64,276,"0,5419","0,66",,"0,78",ЦІЛИЙ РІК,40,"2,22","0,89","0,56",20,8,5,0,"0,89","0,56","0,00","4,90","0,54",1,0
ADR-57,Тіроль - серце Альп ,COMPETITOR,Adriatic,Австрія,338,6,0,4,56,210,199,128,139,"0,70",35,243,"0,5390","0,30",,"1,00",ЦІЛИЙ РІК,0,"1,33","0,83","0,50",8,5,3,0,"0,83","0,50","0,00","3,00","0,50",0,0
ADR-58,"Венеція - земля кохання і море чар… Портофіно, Мілан, озеро Комо  ",COMPETITOR,Adriatic,Італія,355,6,0,3,59,340,338,15,17,"0,05",62,216,"0,7588","0,95",,"1,00",ЦІЛИЙ РІК,0,"1,00","1,00","0,50",6,6,3,0,"1,00","0,50","0,00","3,30","0,55",0,0
ADR-59,"Світ фантазій: Амстердам, Брюссель, Париж + парки розваг!  ",COMPETITOR,Adriatic,Нідерланди,531,9,0,7,59,349,348,182,184,"0,53",32,336,"0,6239","0,47",,"1,00",ЦІЛИЙ РІК,0,"2,00","1,22","0,67",18,11,6,0,"1,22","0,67","0,00","6,30","0,70",1,0
ADR-60,"Земля фіордів, льодовиків... Норвегія... ",COMPETITOR,Adriatic,Норвегія,523,7,0,4,75,527,538,-5,-16,"-0,03",4,138,"0,7504","0,97",,"1,00",ЦІЛИЙ РІК,0,"1,00","0,71","0,57",7,5,4,0,"0,71","0,57","0,00","3,50","0,50",0,0
ADR-61,"Італійський вікенд... Венеція, Флоренція, Рим ",COMPETITOR,Adriatic,Італія,248,5,2,3,50,340,338,-92,-90,"-0,27",29,109,"0,6325","0,73",,"0,60",ЦІЛИЙ РІК,40,"0,60","0,60","0,20",3,3,1,0,"0,60","0,20","0,00","1,40","0,28",0,0
ADR-62,Вікенд в Берліні  ,COMPETITOR,Adriatic,Німеччина,198,4,0,2,50,238,237,-40,-39,"-0,17",4,79,"0,7328","0,83",,"1,00",ЦІЛИЙ РІК,0,"1,00","0,75","0,50",4,3,2,0,"0,75","0,50","0,00","1,90","0,48",0,0
ADR-63,"Польськими містами - Краків, Вроцлав, Варшава + Енерджіландія, Африкаріум і аквапарк ",COMPETITOR,Adriatic,Польща,189,5,1,3,38,189,147,0,42,"0,29",13,90,"0,6886","0,71",,"0,80",ЦІЛИЙ РІК,20,"0,60","0,60","0,20",3,3,1,0,"0,60","0,20","0,00","1,40","0,28",0,0
ADR-64,"Секрети півночі: Стокгольм, Копенгаген та Гамбурґ  ",COMPETITOR,Adriatic,Швеція,530,8,0,5,66,336,290,195,241,"0,83",7,365,"0,4575","0,17",,"1,00",ЦІЛИЙ РІК,0,"1,38","1,13","0,75",11,9,6,0,"1,13","0,75","0,00","5,70","0,71",0,0
ADR-65,Європейський експрес - від Кракова до Берліна ,COMPETITOR,Adriatic,Німеччина,234,5,0,4,47,238,237,-4,-3,"-0,01",8,115,"0,8590","0,99",,"1,00",ЦІЛИЙ РІК,0,"1,20","1,20","0,60",6,6,3,0,"1,20","0,60","0,00","3,30","0,66",0,0
ADR-66,"Три дні релаксу: Будапешт, Егер, Токай + Відень  ",COMPETITOR,Adriatic,Австрія,172,3,0,1,57,210,199,-38,-27,"-0,14",17,77,"0,6954","0,86",,"1,00",ЦІЛИЙ РІК,0,"2,67","1,33","0,67",8,4,2,0,"1,33","0,67","0,00","2,20","0,73",1,0
ADR-67,Слідами таємниць і легенд: Вроцлав-Берлін-Дрезден  ,COMPETITOR,Adriatic,Німеччина,198,4,1,2,50,238,237,-40,-39,"-0,17",4,79,"0,6928","0,83",,"0,75",ЦІЛИЙ РІК,20,"1,00","1,00","0,50",4,4,2,0,"1,00","0,50","0,00","2,20","0,55",0,0
ADR-68,Дрезден та Берлін - Живи і Подорожуй  ,COMPETITOR,Adriatic,Німеччина,196,4,0,2,49,238,237,-42,-41,"-0,17",3,77,"0,7305","0,83",,"1,00",ЦІЛИЙ РІК,0,"1,00","0,75","0,50",4,3,2,0,"0,75","0,50","0,00","1,90","0,48",0,0
ADR-69,Італійські канікули на трьох морях ,COMPETITOR,Adriatic,Італія,400,7,0,4,57,340,338,60,62,"0,18",80,261,"0,7239","0,82",,"1,00",ЦІЛИЙ РІК,0,"2,14","1,00","0,43",15,7,3,0,"1,00","0,43","0,00","3,60","0,51",1,0
ADR-70,Пригоди в Парижі + Кольмар та Страсбург!  ,COMPETITOR,Adriatic,Франція,352,6,0,4,59,366,352,-14,0,"0,00",36,155,"0,8136","1,00",,"1,00",ЦІЛИЙ РІК,0,"2,00","1,00","0,67",12,6,4,0,"1,00","0,67","0,00","3,80","0,63",1,0
ADR-71,Подорож до мрії: Париж та Діснейленд  ,COMPETITOR,Adriatic,Франція,272,6,2,5,45,366,352,-94,-80,"-0,23",15,75,"0,7032","0,77",,"0,67",ЦІЛИЙ РІК,40,"2,00","1,17","0,67",12,7,4,0,"1,17","0,67","0,00","4,10","0,68",1,0
ADR-72,"Тур де Франс: Париж, Мон-Сен-Мішель, Луара та Нормандія! ",COMPETITOR,Adriatic,Франція,459,8,0,8,57,366,352,93,107,"0,30",61,262,"0,7613","0,70",,"1,00",ЦІЛИЙ РІК,0,"2,50","1,13","0,50",20,9,4,0,"1,13","0,50","0,00","4,70","0,59",1,0
ADR-73,"Магія Скандинавії: Фіорди, Язик Троля, Берген, Льодовик!  ",COMPETITOR,Adriatic,Норвегія,538,7,0,4,77,527,538,11,0,"0,00",5,153,"0,7574","1,00",,"1,00",ЦІЛИЙ РІК,0,"1,14","0,86","0,57",8,6,4,0,"0,86","0,57","0,00","3,80","0,54",0,0
ADR-74,Давай разом в Амстердам  ,COMPETITOR,Adriatic,Нідерланди,309,6,1,4,52,349,348,-40,-39,"-0,11",10,114,"0,7439","0,89",,"0,83",ЦІЛИЙ РІК,20,"1,83","1,33","0,67",11,8,4,0,"1,33","0,67","0,00","4,40","0,73",1,0
ADR-75,Чорногорія - перлина Балканської Адріатики  ,COMPETITOR,Adriatic,Чорногорія,436,12,2,0,36,364,369,72,67,"0,18",13,185,"0,5732","0,82",,"0,83",ЦІЛИЙ РІК,40,"0,75","0,50","0,25",9,6,3,0,"0,50","0,25","0,00","3,30","0,28",0,0
ADR-76,Морські історії в серці Чорногорії  ,COMPETITOR,Adriatic,Чорногорія,430,12,2,0,36,364,369,66,61,"0,17",12,179,"0,5807","0,83",,"0,83",ЦІЛИЙ РІК,40,"0,75","0,50","0,25",9,6,3,0,"0,50","0,25","0,00","3,30","0,28",0,0
ADR-77,Вдала ідея - відпустка в Чорногорії,COMPETITOR,Adriatic,Чорногорія,354,12,2,0,30,364,369,-10,-15,"-0,04",5,103,"0,6435","0,96",,"0,83",ЦІЛИЙ РІК,40,"0,75","0,50","0,25",9,6,3,0,"0,50","0,25","0,00","3,30","0,28",0,0
ADR-78,Знайомство з Норвегією: 4 фіорди + Язик Троля/Берген/Льодовик!» ,COMPETITOR,Adriatic,Норвегія,414,7,2,5,59,527,538,-114,-125,"-0,23",2,29,"0,6497","0,77",,"0,71",ЦІЛИЙ РІК,40,"1,14","0,86","0,57",8,6,4,0,"0,86","0,57","0,00","3,80","0,54",0,0
ADR-79,Казкові канікули у Парижі + Нормандія! ,COMPETITOR,Adriatic,Франція,301,7,2,5,43,366,352,-65,-51,"-0,14",19,104,"0,7171","0,86",,"0,71",СЕЗОННИЙ,40,"1,71","1,00","0,57",12,7,4,0,"1,00","0,57","0,00","4,10","0,59",1,0
ADR-80,"Лігурійське узбережжя - відпочинок в задоволення: Генуя, Флоренція, Венеція  ",COMPETITOR,Adriatic,Італія,355,6,0,3,59,340,338,15,17,"0,05",62,216,"0,7588","0,95",,"1,00",ЦІЛИЙ РІК,0,"1,17","1,17","0,33",7,7,2,0,"1,17","0,33","0,00","3,10","0,52",0,0
ADR-81,Грецькі канікули (7 ночей на морі) ,COMPETITOR,Adriatic,Греція,584,10,2,0,58,420,407,164,178,"0,44",25,379,"0,4262","0,56",,"0,80",ЦІЛИЙ РІК,40,"0,50","0,10","0,10",5,1,1,0,"0,10","0,10","0,00","0,80","0,08",0,0
ADR-82,«Італія моя любов... Венеція-Мілан-Верона»,COMPETITOR,Adriatic,Італія,193,5,2,2,39,340,338,-147,-145,"-0,43",12,54,"0,5498","0,57",,"0,60",ЦІЛИЙ РІК,40,"1,00","1,00","0,40",5,5,2,0,"1,00","0,40","0,00","2,50","0,50",0,0
ADR-83,Еліксир кохання або 3 дні в Парижі: Нормандія + Ельзас,COMPETITOR,Adriatic,Франція,395,7,0,6,56,366,352,29,43,"0,12",44,198,"0,8074","0,88",,"1,00",ЦІЛИЙ РІК,0,"2,00","1,14","0,57",14,8,4,0,"1,14","0,57","0,00","4,40","0,63",1,0
ADR-84,Селфі в Парижі + Берлін та Прага!  ,COMPETITOR,Adriatic,Франція,302,5,2,4,60,366,352,-64,-50,"-0,14",21,105,"0,6999","0,86",,"0,60",ЦІЛИЙ РІК,40,"1,40","1,40","0,80",7,7,4,0,"1,40","0,80","0,00","4,10","0,82",0,0
ADR-85,Грецькі контрасти (7 ночей на морі в Калітеї)  ,COMPETITOR,Adriatic,Греція,522,10,2,0,52,420,407,102,115,"0,28",22,317,"0,5004","0,72",,"0,80",ЦІЛИЙ РІК,40,"0,50","0,10","0,10",5,1,1,0,"0,10","0,10","0,00","0,80","0,08",0,0
ADR-86,Візьми мене до Греції ,COMPETITOR,Adriatic,Греція,442,10,2,0,44,420,407,22,36,"0,09",16,237,"0,5949","0,91",,"0,80",ЦІЛИЙ РІК,40,"0,50","0,10","0,10",5,1,1,0,"0,10","0,10","0,00","0,80","0,08",0,0
ADR-87,Греція - моя любов  ,COMPETITOR,Adriatic,Греція,444,10,2,0,44,420,407,24,38,"0,09",17,239,"0,5925","0,91",,"0,80",ЦІЛИЙ РІК,40,"0,40","0,10","0,10",4,1,1,0,"0,10","0,10","0,00","0,80","0,08",0,1
ADR-88,"Казковими містами: Амстердам, Брюссель, Париж ",COMPETITOR,Adriatic,Нідерланди,468,8,0,8,59,349,348,119,121,"0,35",29,273,"0,7419","0,65",,"1,00",ЦІЛИЙ РІК,0,"2,25","1,00","0,75",18,8,6,0,"1,00","0,75","0,00","5,40","0,68",1,0
ADR-89,Ласкаво просимо в Стокгольм ,COMPETITOR,Adriatic,Швеція,338,6,0,3,56,336,290,3,49,"0,17",6,173,"0,7180","0,83",,"1,00",ЦІЛИЙ РІК,0,"0,83","0,83","0,83",5,5,5,0,"0,83","0,83","0,00","4,00","0,67",0,0
ADR-90,Балтійський дует: Таллінн та Стокгольм  ,COMPETITOR,Adriatic,Швеція,274,5,2,1,55,336,290,-62,-16,"-0,05",3,109,"0,6267","0,95",,"0,60",ЦІЛИЙ РІК,40,"0,60","0,60","0,60",3,3,3,0,"0,60","0,60","0,00","2,40","0,48",0,0
ADR-91,Золоті піски Іспанії! (6 ночей на морі)  ,COMPETITOR,Adriatic,Іспанія,708,12,2,2,59,538,505,170,204,"0,40",19,366,"0,4716","0,60",,"0,83",ЦІЛИЙ РІК,40,"1,08","0,42","0,33",13,5,4,0,"0,42","0,33","0,00","3,50","0,29",0,0
ADR-92,Шарм Парижу та розкіш Нормандії!  ,COMPETITOR,Adriatic,Франція,335,7,0,5,48,366,352,-31,-17,"-0,05",28,138,"0,8259","0,95",,"1,00",ЦІЛИЙ РІК,0,"1,71","1,00","0,43",12,7,3,0,"1,00","0,43","0,00","3,60","0,51",1,0
ADR-93,"Хвилями Балтійського моря: Таллінн, Гельсінкі, Стокгольм  ",COMPETITOR,Adriatic,Естонія,342,6,0,2,57,312,312,30,30,"0,10",2,61,"0,7115","0,90",,"1,00",ЦІЛИЙ РІК,0,"1,17","1,00","0,83",7,6,5,0,"1,00","0,83","0,00","4,30","0,72",0,0
ADR-94,Незабутній Амстердам  ,COMPETITOR,Adriatic,Нідерланди,218,5,2,2,44,349,348,-131,-130,"-0,37",3,23,"0,5620","0,63",,"0,60",ЦІЛИЙ РІК,40,"1,80","1,40","0,80",9,7,4,0,"1,40","0,80","0,00","4,10","0,82",1,0
ADR-95,Ідеальна формула Швейцарії: Пілатус + Матергорн + Сан-Бернардіно та Монблан!  ,COMPETITOR,Adriatic,Швейцарія,426,7,0,7,61,333,334,92,92,"0,28",25,238,"0,7656","0,72",,"1,00",ЦІЛИЙ РІК,0,"1,86","1,00","0,71",13,7,5,0,"1,00","0,71","0,00","4,60","0,66",1,0
ADR-96,Прекрасні дні в Швейцарії!  ,COMPETITOR,Adriatic,Швейцарія,230,5,2,3,46,333,334,-103,-104,"-0,31",3,42,"0,6220","0,69",,"0,60",ЦІЛИЙ РІК,40,"1,40","1,40","0,80",7,7,4,0,"1,40","0,80","0,00","4,10","0,82",0,0
ADR-97,"Стильна Франція: Мон-Сен-Мішель, Луара та Нормандія!  ",COMPETITOR,Adriatic,Франція,502,8,0,9,63,366,352,136,150,"0,43",68,305,"0,7265","0,57",,"1,00",ЦІЛИЙ РІК,0,"2,13","1,00","0,63",17,8,5,0,"1,00","0,63","0,00","4,90","0,61",1,0
ADR-98,Океан почуттів - Португалія!  ,COMPETITOR,Adriatic,Португалія,873,14,0,13,62,744,814,129,59,"0,07",3,328,"0,8295","0,93",,"1,00",ЦІЛИЙ РІК,0,"2,21","0,86","0,43",31,12,6,0,"0,86","0,43","0,00","6,60","0,47",1,0
ADR-99,"Вікенд в Хорватії - сонце, море і термали  ",COMPETITOR,Adriatic,Хорватія,154,4,2,1,39,379,365,-225,-211,"-0,58",1,0,"0,4604","0,42",,"0,50",ЦІЛИЙ РІК,40,"1,00","0,50","0,50",4,2,2,0,"0,50","0,50","0,00","1,60","0,40",0,0
ADR-100,"Адріатичні пригоди: Любляна, Загреб, Плітвіцькі озера та острів Крк  ",COMPETITOR,Adriatic,Хорватія,274,5,0,2,55,379,365,-105,-91,"-0,25",3,120,"0,6688","0,75",,"1,00",ЦІЛИЙ РІК,0,"0,80","0,60","0,60",4,3,3,0,"0,60","0,60","0,00","2,40","0,48",0,0
ADR-101,Солодкий тиждень - Франція та Швейцарія! ,COMPETITOR,Adriatic,Франція,419,7,0,5,60,366,352,53,67,"0,19",51,222,"0,7446","0,81",,"1,00",ЦІЛИЙ РІК,0,"1,86","1,14","0,71",13,8,5,0,"1,14","0,71","0,00","4,90","0,70",1,0
ADR-102,"Париж запалює серця… Мюнхен, Дрезден, Прага та Діснейленд  ",COMPETITOR,Adriatic,Франція,272,6,2,4,45,366,352,-94,-80,"-0,23",15,75,"0,6699","0,77",,"0,67",ЦІЛИЙ РІК,40,"2,00","1,17","0,67",12,7,4,0,"1,17","0,67","0,00","4,10","0,68",1,0
ADR-103,"Чудеса Швейцарії: Гріндельвальд, Бріенц, Цюрих, Люцерн, Верзаска та Лугано  ",COMPETITOR,Adriatic,Швейцарія,343,6,0,5,57,333,334,9,9,"0,03",17,155,"0,8394","0,97",,"1,00",ЦІЛИЙ РІК,0,"1,17","0,83","0,67",7,5,4,0,"0,83","0,67","0,00","3,50","0,58",0,0
ADR-104,Кохання в Льорет-де-Мар (5 ночей на морі)  ,COMPETITOR,Adriatic,Іспанія,828,12,0,5,69,538,505,289,323,"0,64",21,486,"0,4865","0,36",,"1,00",ЦІЛИЙ РІК,0,"1,92","0,83","0,67",23,10,8,0,"0,83","0,67","0,00","7,00","0,58",1,0
ADR-105,"Південна красуня, красуня Іспанія  ",COMPETITOR,Adriatic,Іспанія,632,10,2,1,63,538,505,93,127,"0,25",17,290,"0,5104","0,75",,"0,80",ЦІЛИЙ РІК,40,"1,70","0,60","0,60",17,6,6,0,"0,60","0,60","0,00","4,80","0,48",1,0
ADR-106,Ідеальне літо в Іспанії (5 ночей на морі) ,COMPETITOR,Adriatic,Іспанія,671,11,2,1,61,538,505,132,166,"0,33",18,329,"0,4822","0,67",,"0,82",ЦІЛИЙ РІК,40,"1,55","0,64","0,55",17,7,6,0,"0,64","0,55","0,00","5,10","0,46",1,0
ADR-107,Бажання дам - Амстердам! 3 дні в Амстердамі + парк Кекенхоф,COMPETITOR,Adriatic,Нідерланди,320,6,1,4,53,349,348,-29,-28,"-0,08",12,125,"0,7528","0,92",,"0,83",ЦІЛИЙ РІК,20,"1,83","1,17","0,50",11,7,3,0,"1,17","0,50","0,00","3,60","0,60",1,0
ADR-108,Альпійські чари! Швейцарія + Італія + Австрія…  ,COMPETITOR,Adriatic,Швейцарія,362,6,0,4,60,333,334,29,29,"0,09",18,174,"0,7760","0,91",,"1,00",ЦІЛИЙ РІК,0,"1,67","1,50","0,83",10,9,5,0,"1,50","0,83","0,00","5,20","0,87",1,0
ADR-109,"Якщо на землі є рай, то це Швейцарія  ",COMPETITOR,Adriatic,Швейцарія,258,5,1,4,52,333,334,-75,-76,"-0,23",6,70,"0,7241","0,77",,"0,80",ЦІЛИЙ РІК,20,"1,60","1,20","1,00",8,6,5,0,"1,20","1,00","0,00","4,30","0,86",1,0
ADR-110,Just Hvar. Просто Хвар» (7 ночей на морі в Хорватії)  ,COMPETITOR,Adriatic,Хорватія,548,10,2,0,55,379,365,168,183,"0,50",8,394,"0,4074","0,50",,"0,80",ЦІЛИЙ РІК,40,"0,60","0,30","0,20",6,3,2,0,"0,30","0,20","0,00","1,90","0,19",0,0
ADR-111,Хорватія... Мить насолоди. Острів Хвар  ,COMPETITOR,Adriatic,Хорватія,365,10,2,0,36,379,365,-15,0,"0,00",5,211,"0,6456","1,00",,"0,80",ЦІЛИЙ РІК,40,"0,60","0,30","0,20",6,3,2,0,"0,30","0,20","0,00","1,90","0,19",0,0
ADR-112,"Амстердам від ""А"" до ""М"" або 4 дні в Нідерландах + парк Кекенхоф",COMPETITOR,Adriatic,Нідерланди,385,7,1,4,55,349,348,36,38,"0,11",23,190,"0,7189","0,89",,"0,86",ЦІЛИЙ РІК,20,"1,86","1,43","0,57",13,10,4,0,"1,43","0,57","0,00","5,00","0,71",1,0
ADR-113,Вище хмар - Швейцарія..,COMPETITOR,Adriatic,Швейцарія,489,8,0,5,61,333,334,156,156,"0,47",28,301,"0,6137","0,53",,"1,00",ЦІЛИЙ РІК,0,"1,38","1,00","0,75",11,8,6,0,"1,00","0,75","0,00","5,40","0,68",0,0
ADR-114,Країна гір і моря... Моя Чорногорія  ,COMPETITOR,Adriatic,Чорногорія,288,8,2,0,36,364,369,-77,-82,"-0,22",2,37,"0,5583","0,78",,"0,75",ЦІЛИЙ РІК,40,"1,13","0,63","0,38",9,5,3,0,"0,63","0,38","0,00","3,00","0,38",0,0
ADR-115,"Казкові три дні на Лазурному березі! Ніцца, Канни та Монако  ",COMPETITOR,Adriatic,Франція,368,7,2,4,53,366,352,2,16,"0,05",37,171,"0,7088","0,95",,"0,71",ЦІЛИЙ РІК,40,"1,71","0,86","0,71",12,6,5,0,"0,86","0,71","0,00","4,30","0,61",1,0
ADR-116,Канікули у Франції! Парки розваг + Нормандія!  ,COMPETITOR,Adriatic,Франція,400,7,0,4,57,366,352,34,48,"0,14",47,203,"0,7431","0,86",,"1,00",ЦІЛИЙ РІК,0,"1,71","0,86","0,57",12,6,4,0,"0,86","0,57","0,00","3,80","0,54",1,0
ADR-117,"Вітаю, Montenegro!  ",COMPETITOR,Adriatic,Хорватія,263,7,2,0,38,379,365,-117,-102,"-0,28",2,109,"0,5315","0,72",,"0,71",ЦІЛИЙ РІК,40,"0,86","0,43","0,29",6,3,2,0,"0,43","0,29","0,00","1,90","0,27",0,0
ADR-118,"Buona sera, Сицилія: Палермо, Катанія, Етна + морський круїз»  ",COMPETITOR,Adriatic,Італія,757,11,0,6,69,340,338,417,419,"1,24",106,618,"0,2728","-0,24",,"1,00",ПІВРІЧНИЙ,0,"1,36","0,55","0,18",15,6,2,0,"0,55","0,18","0,00","2,80","0,25",0,0
ADR-119,"Сонячна Апулія: Барі, Матера та Альберобелло  ",COMPETITOR,Adriatic,Італія,553,10,0,7,55,340,338,213,215,"0,64",99,414,"0,5722","0,36",,"1,00",ПІВРІЧНИЙ,0,"1,90","1,10","0,40",19,11,4,0,"1,10","0,40","0,00","5,30","0,53",1,0
ADR-120,Мелодії Адріатичного моря  ,COMPETITOR,Adriatic,Італія,446,8,0,0,56,340,338,106,108,"0,32",85,307,"0,5587","0,68",,"1,00",ЦІЛИЙ РІК,0,"1,13","0,88","0,25",9,7,2,0,"0,88","0,25","0,00","3,10","0,39",0,0
ADR-121,Італія - морська спокуса: 5 ночей на морі в Ріміні  ,COMPETITOR,Adriatic,Італія,362,8,2,0,45,340,338,22,24,"0,07",68,223,"0,5997","0,93",,"0,75",ЦІЛИЙ РІК,40,"1,25","1,00","0,25",10,8,2,0,"1,00","0,25","0,00","3,40","0,43",0,0
ADR-122,"Під одним небом, Рим та Париж! ",COMPETITOR,Adriatic,Франція,401,8,2,5,50,366,352,35,49,"0,14",48,204,"0,6870","0,86",,"0,75",ЦІЛИЙ РІК,40,"2,13","1,25","0,75",17,10,6,0,"1,25","0,75","0,00","6,00","0,75",1,0
ADR-123,Тур від кутюр: Париж та Мілан!  ,COMPETITOR,Adriatic,Франція,468,8,0,5,59,366,352,102,116,"0,33",62,271,"0,6738","0,67",,"1,00",ЦІЛИЙ РІК,0,"1,88","1,25","0,75",15,10,6,0,"1,25","0,75","0,00","6,00","0,75",1,0
ADR-124,На хвилинку в Амстердам + парк Кекенхоф  ,COMPETITOR,Adriatic,Нідерланди,303,5,0,2,61,349,348,-46,-45,"-0,13",9,108,"0,7051","0,87",,"1,00",ЦІЛИЙ РІК,0,"1,60","1,00","0,60",8,5,3,0,"1,00","0,60","0,00","3,00","0,60",1,0
ADR-125,Яскраві барви Адріатики: 6 ночей на морі в Ріміні  ,COMPETITOR,Adriatic,Італія,389,9,2,0,43,340,338,49,51,"0,15",74,250,"0,5711","0,85",,"0,78",ЦІЛИЙ РІК,40,"0,67","0,44","0,11",6,4,1,0,"0,44","0,11","0,00","1,70","0,19",0,0
ADR-126,"Дивовижні канікули в Нідерландах + 4 парки: ""Fantasialand"", ""Efteling"", ""Keukenhof"" та ""Madurodam""  ",COMPETITOR,Adriatic,Нідерланди,479,7,0,4,68,349,348,130,132,"0,38",31,284,"0,6233","0,62",,"1,00",РІДКІСНИЙ,0,"1,57","1,14","0,71",11,8,5,0,"1,14","0,71","0,00","4,90","0,70",1,0
ADR-127,Красуня Албанія  ,COMPETITOR,Adriatic,Албанія,587,12,2,0,49,514,523,73,65,"0,12",7,272,"0,5708","0,88",,"0,83",ЦІЛИЙ РІК,40,"0,42","0,08","0,08",5,1,1,0,"0,08","0,08","0,00","0,80","0,07",0,1
ADR-128,Дорогами казкової Німеччини: Мюнхен + замок Нойшванштайн  ,COMPETITOR,Adriatic,Німеччина,279,5,0,2,56,238,237,41,42,"0,18",14,160,"0,6957","0,82",,"1,00",ЦІЛИЙ РІК,0,"1,40","1,20","1,00",7,6,5,0,"1,20","1,00","0,00","4,30","0,86",0,0
ADR-129,Європейський випускний: Краків - Прага - Відень - Будапешт,COMPETITOR,Adriatic,Австрія,185,4,0,1,46,210,199,-25,-14,"-0,07",19,90,"0,7275","0,93",,"1,00",СЕЗОННИЙ,0,"1,50","1,25","1,00",6,5,4,0,"1,25","1,00","0,00","3,50","0,88",0,0
ADR-130,Дитячі пригоди в Італії + парки розваг Гардаленд та Леоландія  ,COMPETITOR,Adriatic,Італія,225,5,2,3,45,340,338,-115,-113,"-0,33",21,86,"0,6146","0,67",,"0,60",ЦІЛИЙ РІК,40,"0,80","0,80","0,40",4,4,2,0,"0,80","0,40","0,00","2,20","0,44",0,0
ADR-131,Наша Хорватська відпустка  ,COMPETITOR,Adriatic,Хорватія,682,10,2,0,68,379,365,302,317,"0,87",9,528,"0,2330","0,13",,"0,80",СЕЗОННИЙ,40,"0,70","0,30","0,20",7,3,2,0,"0,30","0,20","0,00","1,90","0,19",0,0
ADR-132,Італія серце Адріатики: 5 ночей на морі в Лідо ді Єзоло  ,COMPETITOR,Adriatic,Італія,454,9,0,0,50,340,338,114,116,"0,34",87,315,"0,5594","0,66",,"1,00",ЦІЛИЙ РІК,0,"0,89","0,56","0,22",8,5,2,0,"0,56","0,22","0,00","2,50","0,28",0,0
ADR-133,"Марципанові канікули в Угорщині: Будапешт, Сентендре + аквапарк Aquasziget, зоопарк Шошто  ",COMPETITOR,Adriatic,Угорщина,172,3,0,1,57,162,159,10,13,"0,08",8,83,"0,7176","0,92",,"1,00",ЦІЛИЙ РІК,0,"1,33","0,67","0,33",4,2,1,0,"0,67","0,33","0,00","1,10","0,37",0,0
ADR-134,Барселона - серце Каталонії  ,COMPETITOR,Adriatic,Іспанія,415,8,2,4,52,538,505,-123,-90,"-0,18",7,73,"0,6432","0,82",,"0,75",ЦІЛИЙ РІК,40,"1,50","0,88","0,63",12,7,5,0,"0,88","0,63","0,00","4,60","0,58",0,0
ADR-135,Літня відпустка в Албанії  ,COMPETITOR,Adriatic,Албанія,610,12,2,0,51,514,523,96,87,"0,17",8,295,"0,5497","0,83",,"0,83",ЦІЛИЙ РІК,40,"0,67","0,08","0,08",8,1,1,0,"0,08","0,08","0,00","0,80","0,07",0,0
ADR-136,"Рандеву в Парижі + Ельзас = 5 днів у Франції (Нормандія, Замки Луари, Мон-Сен-Мішель + 2 парки розваг) ",COMPETITOR,Adriatic,Франція,457,8,0,6,57,366,352,91,105,"0,30",60,260,"0,7141","0,70",,"1,00",ЦІЛИЙ РІК,0,"2,13","1,13","0,50",17,9,4,0,"1,13","0,50","0,00","4,70","0,59",1,0
DAV-1,Празький вікенд з Києва,COMPETITOR,DavClub,Чехія,199,5,2,0,40,204,199,-5,0,"0,00",11,104,"0,6388","1,00",,"0,60",ПІВРІЧНИЙ,40,"1,00","0,60","0,60",5,3,3,0,"0,60","0,60","0,00","2,40","0,48",0,0
DAV-2,Європейський вікенд,COMPETITOR,DavClub,Чехія,229,6,2,1,38,204,199,25,30,"0,15",15,134,"0,6151","0,85",,"0,67",ПІВРІЧНИЙ,40,"0,83","0,33","0,33",5,2,2,0,"0,33","0,33","0,00","1,60","0,27",0,0
DAV-3,Грецькі Канікули (Олімпійська Рив'єра) 2025,COMPETITOR,DavClub,Греція,342,9,2,0,38,420,407,-78,-65,"-0,16",11,137,"0,5790","0,84",,"0,78",ЦІЛИЙ РІК,40,"0,78","0,22","0,22",7,2,2,2,"0,22","0,22","0,29","2,00","0,22",0,0
DAV-4,Bella Італія - відпочинок на морі,COMPETITOR,DavClub,Італія,595,9,2,0,66,340,338,255,257,"0,76",104,456,"0,2804","0,24",,"0,78",СЕЗОННИЙ,40,"1,00","0,44","0,22",9,4,2,0,"0,44","0,22","0,00","2,20","0,24",0,0
DAV-5,Грецькі Канікули (Олімпійська Рив'єра) 2025,COMPETITOR,DavClub,Греція,394,10,2,0,39,420,407,-26,-13,"-0,03",14,189,"0,6273","0,97",,"0,80",ЦІЛИЙ РІК,40,"0,70","0,20","0,20",7,2,2,2,"0,20","0,20","0,29","2,00","0,20",0,0
DAV-6,Молодіжний центр Orfeas Olympic Camp у Греції 2025,COMPETITOR,DavClub,Греція,700,12,2,0,58,420,407,280,294,"0,72",27,495,"0,3121","0,28",,"0,83",ЦІЛИЙ РІК,40,"0,92","0,25","0,17",11,3,2,0,"0,25","0,17","0,00","1,90","0,16",0,0
DAV-7,Чарівна Італія з Одеси,COMPETITOR,DavClub,Італія,478,8,2,2,60,340,338,138,140,"0,41",90,339,"0,4827","0,59",,"0,75",РІДКІСНИЙ,40,"1,25","0,63","0,50",10,5,4,0,"0,63","0,50","0,00","3,50","0,44",0,0
DAV-8,Альпійський вікенд,COMPETITOR,DavClub,Австрія,289,6,2,1,48,210,199,79,90,"0,45",33,194,"0,4741","0,55",,"0,67",ПІВРІЧНИЙ,40,"1,17","0,83","0,67",7,5,4,0,"0,83","0,67","0,00","3,50","0,58",0,0
DAV-9,Казкова Угорщина + Відень,COMPETITOR,DavClub,Італія,219,4,0,0,55,340,338,-121,-119,"-0,35",16,80,"0,5476","0,65",,"1,00",ПІВРІЧНИЙ,0,"0,75","0,50","0,50",3,2,2,0,"0,50","0,50","0,00","1,60","0,40",0,0
DAV-10,"Мріючи про нього: Амстердам, Брюссель, Париж, Люксембург, Прага і Берлін!",COMPETITOR,DavClub,Франція,452,8,0,8,57,366,352,86,100,"0,28",58,255,"0,7711","0,72",,"1,00",ЦІЛИЙ РІК,0,"1,25","0,75","0,88",10,6,7,0,"0,75","0,88","0,00","5,30","0,66",0,0
DAV-11,Казкова Угорщина + Відень,COMPETITOR,DavClub,Угорщина,219,4,0,0,55,162,159,57,60,"0,38",10,130,"0,5382","0,62",,"1,00",ПІВРІЧНИЙ,0,"0,00","0,00","0,00",0,0,0,0,"0,00","0,00",#DIV/0!,"0,00","0,00",0,1
ITR-1,Неповторна Баварія + Прага та Відень,COMPETITOR,ITravel,Австрія,169,5,2,3,34,210,199,-41,-30,"-0,15",15,74,"0,7107","0,85",,"0,60",ЦІЛИЙ РІК,40,"1,00","0,80","0,80",5,4,4,0,"0,80","0,80","0,00","3,20","0,64",0,0
ITR-2,"VIVA Італія! Венеція, Мілан, озера Гарда та Комо",COMPETITOR,ITravel,Італія,189,5,2,3,38,340,338,-151,-149,"-0,44",10,50,"0,5867","0,56",,"0,60",ЦІЛИЙ РІК,40,"1,00","0,80","0,40",5,4,2,0,"0,80","0,40","0,00","2,20","0,44",0,0
ITR-3,Баварська мрія,COMPETITOR,ITravel,Австрія,269,6,1,3,45,210,199,59,70,"0,35",31,174,"0,6278","0,65",,"0,83",ЦІЛИЙ РІК,20,"1,00","0,67","0,50",6,4,3,0,"0,67","0,50","0,00","2,70","0,45",0,0
ITR-4,Париж та голуби: 3 дні в Парижі (без нічних переїздів),COMPETITOR,ITravel,Франція,389,7,0,5,56,366,352,23,37,"0,11",41,192,"0,7874","0,89",,"1,00",ЦІЛИЙ РІК,0,"1,57","0,86","0,57",11,6,4,0,"0,86","0,57","0,00","3,80","0,54",1,0
ITR-5,"Три бажання: Краків, Прага та Відень",COMPETITOR,ITravel,Австрія,120,4,1,1,30,210,199,-90,-79,"-0,40",6,25,"0,5900","0,60",,"0,75",ЦІЛИЙ РІК,20,"0,75","0,75","0,75",3,3,3,0,"0,75","0,75","0,00","2,40","0,60",0,0
ITR-6,Амстердамський експрес,COMPETITOR,ITravel,Німеччина,239,6,2,3,40,238,237,1,2,"0,01",10,120,"0,7358","0,99",,"0,67",ЦІЛИЙ РІК,40,"0,83","0,83","0,67",5,5,4,0,"0,83","0,67","0,00","3,50","0,58",0,0
ITR-7,Круасани і тюльпани: Амстердам + Париж,COMPETITOR,ITravel,Бельгія,369,8,2,4,46,376,367,-7,3,"0,01",3,40,"0,7231","0,99",,"0,75",ЦІЛИЙ РІК,40,"0,88","0,75","0,75",7,6,6,0,"0,75","0,75","0,00","4,80","0,60",0,0
ITR-8,Голландський калейдоскоп,COMPETITOR,ITravel,Німеччина,329,7,2,3,47,238,237,91,92,"0,39",17,210,"0,5551","0,61",,"0,71",ЦІЛИЙ РІК,40,"1,57","1,29","0,57",11,9,4,0,"1,29","0,57","0,00","4,70","0,67",1,0
ITR-9,"Столичні пригоди: Будапешт, Відень, Прага + Краків!",COMPETITOR,ITravel,Австрія,179,4,0,1,45,210,199,-31,-20,"-0,10",18,84,"0,7185","0,90",,"1,00",ЦІЛИЙ РІК,0,"1,00","1,00","1,00",4,4,4,0,"1,00","1,00","0,00","3,20","0,80",0,0
ITR-10,Словацька мелодія з Віденським шармом!,COMPETITOR,ITravel,Австрія,239,5,0,2,48,210,199,29,40,"0,20",27,144,"0,7020","0,80",,"1,00",ЦІЛИЙ РІК,0,"1,00","0,40","0,40",5,2,2,0,"0,40","0,40","0,00","1,60","0,32",0,0
ITR-11,Кураж столицями,COMPETITOR,ITravel,Австрія,159,4,1,1,40,210,199,-51,-40,"-0,20",10,64,"0,6485","0,80",,"0,75",ЦІЛИЙ РІК,20,"1,50","1,00","1,00",6,4,4,0,"1,00","1,00","0,00","3,20","0,80",0,0
ITR-12,Угорський танок: Будапешт і Відень,COMPETITOR,ITravel,Австрія,139,4,0,0,35,210,199,-71,-60,"-0,30",7,44,"0,6085","0,70",,"1,00",ЦІЛИЙ РІК,0,"1,50","1,00","0,50",6,4,2,0,"1,00","0,50","0,00","2,20","0,55",0,0
ITR-13,"Європейська розкіш – Ніцца, Монако, Портофіно…",COMPETITOR,ITravel,Італія,219,6,2,4,37,340,338,-121,-119,"-0,35",16,80,"0,6382","0,65",,"0,67",ЦІЛИЙ РІК,40,"1,17","0,83","0,67",7,5,4,0,"0,83","0,67","0,00","3,50","0,58",0,0
ITR-14,Лазурний МЕГАтур,COMPETITOR,ITravel,Італія,399,8,1,5,50,340,338,59,61,"0,18",79,260,"0,7107","0,82",,"0,88",ЦІЛИЙ РІК,20,"1,13","0,88","0,63",9,7,5,0,"0,88","0,63","0,00","4,60","0,58",0,0
ITR-15,Лазурний шик: 2 дні на Рив'єрі,COMPETITOR,ITravel,Італія,329,7,2,4,47,340,338,-11,-9,"-0,03",50,190,"0,7280","0,97",,"0,71",ЦІЛИЙ РІК,40,"1,29","1,00","0,57",9,7,4,0,"1,00","0,57","0,00","4,10","0,59",0,0
ITR-16,Джульєтта і гондоли,COMPETITOR,ITravel,Італія,139,4,2,0,35,340,338,-201,-199,"-0,59",1,0,"0,4137","0,41",,"0,50",ЦІЛИЙ РІК,40,"0,75","0,75","0,50",3,3,2,0,"0,75","0,50","0,00","1,90","0,48",0,0
ITR-17,"Спокусливе тріо: Венеція, Ніцца, Барселона",COMPETITOR,ITravel,Іспанія,469,9,2,6,52,538,505,-69,-36,"-0,07",10,127,"0,7188","0,93",,"0,78",ЦІЛИЙ РІК,40,"1,00","0,78","0,67",9,7,6,0,"0,78","0,67","0,00","5,10","0,57",0,0
ITR-18,"Тисячі лайків: Венеція, Рим, Флоренцію, Піза",COMPETITOR,ITravel,Італія,239,5,2,3,48,340,338,-101,-99,"-0,29",26,100,"0,6255","0,71",,"0,60",ЦІЛИЙ РІК,40,"1,20","0,60","0,60",6,3,3,0,"0,60","0,60","0,00","2,40","0,48",0,0
ITR-19,Італійська симфонія: Венеція + Доломітові Альпи,COMPETITOR,ITravel,Австрія,214,6,2,4,36,210,199,4,15,"0,08",23,119,"0,7504","0,92",,"0,67",ЦІЛИЙ РІК,40,"1,17","0,67","0,67",7,4,4,0,"0,67","0,67","0,00","3,20","0,53",0,0
ITR-20,Доломітові Альпи - мандрівка серед величі вершин,COMPETITOR,ITravel,Австрія,349,7,0,4,50,210,199,139,150,"0,75",37,254,"0,5110","0,25",,"1,00",ЦІЛИЙ РІК,0,"0,86","0,57","0,43",6,4,3,0,"0,57","0,43","0,00","2,70","0,39",0,0
ITR-21,Альпійський експрес: Швейцарія + Австрія,COMPETITOR,ITravel,Австрія,319,6,0,4,53,210,199,109,120,"0,60",34,224,"0,5836","0,40",,"1,00",ЦІЛИЙ РІК,0,"1,50","1,33","0,67",9,8,4,0,"1,33","0,67","0,00","4,40","0,73",0,0
ITR-22,"Тур-де-Круасан: Париж (4 дні), Нормандія, замки Луари",COMPETITOR,ITravel,Австрія,359,8,2,4,45,210,199,149,160,"0,80",38,264,"0,4068","0,20",,"0,75",ЦІЛИЙ РІК,40,"1,38","0,88","0,50",11,7,4,0,"0,88","0,50","0,00","4,10","0,51",0,0
ITR-23,"Їж.Люби.Подорожуй: Венеція, Рим 2 ночі, Флоренцію, Піза",COMPETITOR,ITravel,Італія,343,7,1,3,49,340,338,3,5,"0,02",56,204,"0,7395","0,98",,"0,86",ЦІЛИЙ РІК,20,"1,14","0,71","0,57",8,5,4,0,"0,71","0,57","0,00","3,50","0,50",0,0
ITR-24,Альпійська красуня – Швейцарія,COMPETITOR,ITravel,Австрія,279,6,1,2,47,210,199,69,80,"0,40",32,184,"0,5710","0,60",,"0,83",ЦІЛИЙ РІК,20,"1,67","0,83","0,50",10,5,3,0,"0,83","0,50","0,00","3,00","0,50",1,0
ITR-25,"Романтичний мікс: Кельн, Люксембург, Страсбург",COMPETITOR,ITravel,Німеччина,299,7,2,5,43,238,237,61,62,"0,26",16,180,"0,6716","0,74",,"0,71",ЦІЛИЙ РІК,40,"1,43","1,00","0,71",10,7,5,0,"1,00","0,71","0,00","4,60","0,66",0,0
ITR-26,"VIVA Італія! Венеція, Мілан, озера Гарда та Комо",COMPETITOR,ITravel,Італія,189,5,2,3,38,340,338,-151,-149,"-0,44",10,50,"0,5867","0,56",,"0,60",ЦІЛИЙ РІК,40,"1,00","0,60","0,20",5,3,1,2,"0,60","0,20","0,40","1,80","0,36",0,0
ITR-27,Benelux - таємниці трьох країн,COMPETITOR,ITravel,Бельгія,329,6,0,4,55,376,367,-47,-38,"-0,10",1,0,"0,7805","0,90",,"1,00",ЦІЛИЙ РІК,0,"1,50","1,17","0,83",9,7,5,0,"1,17","0,83","0,00","4,60","0,77",0,0
ITR-28,Європейська відпустка у Europa Park,COMPETITOR,ITravel,Австрія,339,7,0,5,48,210,199,129,140,"0,70",36,244,"0,5626","0,30",,"1,00",ЦІЛИЙ РІК,0,"1,00","0,86","0,57",7,6,4,0,"0,86","0,57","0,00","3,80","0,54",0,0
ITR-29,Берлінський експресс,COMPETITOR,ITravel,Німеччина,119,4,2,1,30,238,237,-119,-118,"-0,50",1,0,"0,5099","0,50",,"0,50",ЦІЛИЙ РІК,40,"1,25","0,75","0,50",5,3,2,0,"0,75","0,50","0,00","1,90","0,48",0,0
ITR-30,Лазурний шик: 2 дні на Рив’єрі,COMPETITOR,ITravel,Італія,329,7,2,4,47,340,338,-11,-9,"-0,03",50,190,"0,7280","0,97",,"0,71",ЦІЛИЙ РІК,40,"1,71","1,00","0,57",12,7,4,1,"1,00","0,57","0,08","4,30","0,61",1,0
ITR-31,"Кава та круасан: Відень, Париж, Зальцбург",COMPETITOR,ITravel,Франція,249,6,2,3,42,366,352,-117,-103,"-0,29",8,52,"0,6183","0,71",,"0,67",ЦІЛИЙ РІК,40,"1,33","1,17","0,50",8,7,3,0,"1,17","0,50","0,00","3,60","0,60",0,0
ITR-32,"Європейські канікули – Прага, Париж, Берлін",COMPETITOR,ITravel,Франція,219,6,2,4,37,366,352,-147,-133,"-0,38",2,22,"0,6277","0,62",,"0,67",ЦІЛИЙ РІК,40,"1,17","1,00","0,67",7,6,4,0,"1,00","0,67","0,00","3,80","0,63",0,0
ITR-33,Італійська симфонія: Венеція + Доломітові Альпи,COMPETITOR,ITravel,Італія,214,6,2,4,36,340,338,-126,-124,"-0,37",15,75,"0,6340","0,63",,"0,67",ЦІЛИЙ РІК,40,"1,00","0,67","0,67",6,4,4,0,"0,67","0,67","0,00","3,20","0,53",0,0
ITR-34,Канікули у Данії: Legoland,COMPETITOR,ITravel,Німеччина,269,6,1,3,45,238,237,31,32,"0,13",13,150,"0,7150","0,87",,"0,83",ЦІЛИЙ РІК,20,"1,17","1,00","0,50",7,6,3,0,"1,00","0,50","0,00","3,30","0,55",0,0
ITR-35,Паризька мрія – 3 дні в Парижі!,COMPETITOR,ITravel,Франція,269,7,2,3,38,366,352,-97,-83,"-0,24",14,72,"0,6330","0,76",,"0,71",ЦІЛИЙ РІК,40,"0,71","0,71","0,57",5,5,4,0,"0,71","0,57","0,00","3,50","0,50",0,0
ITR-36,"Смак Франції: Париж, Нормандія, Ельзас",COMPETITOR,ITravel,Франція,319,7,2,5,46,366,352,-47,-33,"-0,09",24,122,"0,7324","0,91",,"0,71",ЦІЛИЙ РІК,40,"1,29","1,00","0,57",9,7,4,0,"1,00","0,57","0,00","4,10","0,59",0,0
ITR-37,МЕГАтур до Чорногорії,COMPETITOR,ITravel,Болгарія,429,10,2,2,43,387,387,42,42,"0,11",2,84,"0,6293","0,89",,"0,80",ЦІЛИЙ РІК,40,"1,10","0,40","0,30",11,4,3,0,"0,40","0,30","0,00","2,70","0,27",0,0
ITR-38,Джульєтта і гондоли,COMPETITOR,ITravel,Італія,139,4,2,1,35,340,338,-201,-199,"-0,59",1,0,"0,4637","0,41",,"0,50",ЦІЛИЙ РІК,40,"1,00","0,75","0,50",4,3,2,0,"0,75","0,50","0,00","1,90","0,48",0,0
ITR-39,"Тисячі лайків: Венеція, Рим, Піза Флоренція",COMPETITOR,ITravel,Італія,239,5,2,3,48,340,338,-101,-99,"-0,29",26,100,"0,6255","0,71",,"0,60",ЦІЛИЙ РІК,40,"1,20","1,00","0,40",6,5,2,0,"1,00","0,40","0,00","2,50","0,50",0,0
ITR-40,На вікенд до двох сестер: Латвія-Литва,COMPETITOR,ITravel,Литва,160,4,2,2,40,152,160,8,0,"0,00",2,40,"0,7384","1,00",,"0,50",ЦІЛИЙ РІК,40,"0,75","0,75","0,50",3,3,2,0,"0,75","0,50","0,00","1,90","0,48",0,0
ITR-41,Балтійські пригоди,COMPETITOR,ITravel,Литва,175,4,1,2,44,152,160,23,15,"0,09",3,55,"0,7332","0,91",,"0,75",ЦІЛИЙ РІК,20,"1,00","0,75","0,50",4,3,2,0,"0,75","0,50","0,00","1,90","0,48",0,0
ITR-42,"Балтійські Скарби + круїз до Стокгольму : Таллін, Стокгольм, Рига",COMPETITOR,ITravel,Швеція,300,6,2,2,50,336,290,-36,11,"0,04",5,135,"0,6701","0,96",,"0,67",ЦІЛИЙ РІК,40,"0,67","0,50","0,33",4,3,2,0,"0,50","0,33","0,00","1,90","0,32",0,0
ITR-43,"Європейська розкіш – Ніцца, Монако, Портофіно…",COMPETITOR,ITravel,Італія,219,6,2,4,37,340,338,-121,-119,"-0,35",16,80,"0,6382","0,65",,"0,67",ЦІЛИЙ РІК,40,"0,00","0,00","0,00",0,0,0,0,"0,00","0,00",#DIV/0!,"0,00","0,00",0,1
ITR-44,Чудовий мікс - Чорногорія+Албанія з відпочинком на морі,COMPETITOR,ITravel,Чорногорія,409,10,2,0,41,364,369,45,40,"0,11",10,158,"0,5932","0,89",,"0,80",ЦІЛИЙ РІК,40,"0,00","0,00","0,00",0,0,0,0,"0,00","0,00",#DIV/0!,"0,00","0,00",0,1
ITR-45,Румунський експрес,COMPETITOR,ITravel,Румунія,155,4,1,2,39,167,160,-12,-5,"-0,03",9,56,"0,7684","0,97",,"0,75",ЦІЛИЙ РІК,20,"0,00","0,00","0,00",0,0,0,0,"0,00","0,00",#DIV/0!,"0,00","0,00",0,1
ITR-46,"Їж.Люби.Подорожуй: Любляна, Венеція, Рим 2 дні, Флоренція",COMPETITOR,ITravel,Італія,343,7,1,4,49,340,338,3,5,"0,02",56,204,"0,7681","0,98",,"0,86",ЦІЛИЙ РІК,20,"0,00","0,00","0,00",0,0,0,0,"0,00","0,00",#DIV/0!,"0,00","0,00",0,1
ITR-47,Релакс у Чехії та Угорщині,COMPETITOR,ITravel,Австрія,169,6,2,2,28,210,199,-41,-30,"-0,15",15,74,"0,6689","0,85",,"0,67",ЦІЛИЙ РІК,40,"0,00","0,00","0,00",0,0,0,0,"0,00","0,00",#DIV/0!,"0,00","0,00",0,1
ITR-48,Зеленими берегами Корфу,COMPETITOR,ITravel,Греція,538,9,2,1,60,420,407,118,131,"0,32",23,333,"0,4914","0,68",,"0,78",ЦІЛИЙ РІК,40,"0,67","0,33","0,33",6,3,3,0,"0,33","0,33","0,00","2,40","0,27",0,0
ITR-49,Містична Трансільванія та Трансфагараш,COMPETITOR,ITravel,Румунія,200,5,2,1,40,167,160,33,40,"0,25",18,101,"0,5784","0,75",,"0,60",ЦІЛИЙ РІК,40,"0,00","0,00","0,00",0,0,0,0,"0,00","0,00",#DIV/0!,"0,00","0,00",0,1
ITR-50,Казки старої Німеччини,COMPETITOR,ITravel,Німеччина,339,7,1,4,48,238,237,101,102,"0,43",18,220,"0,6039","0,57",,"0,86",ЦІЛИЙ РІК,20,"0,00","0,00","0,00",0,0,0,0,"0,00","0,00",#DIV/0!,"0,00","0,00",0,1
ITR-51,Лавандове серце Франції – Валансоль + Лазурове узбережжя,COMPETITOR,ITravel,Франція,329,7,2,4,47,366,352,-37,-23,"-0,07",26,132,"0,7122","0,93",,"0,71",ПІВРІЧНИЙ,40,"2,00","0,71","0,57",14,5,4,2,"0,71","0,57","0,14","3,90","0,56",1,0
ITR-52,Доломітові Альпи – мандрівка серед величі вершин,COMPETITOR,ITravel,Італія,349,7,0,4,50,340,338,9,11,"0,03",58,210,"0,7992","0,97",,"1,00",ЦІЛИЙ РІК,0,"0,86","0,57","0,43",6,4,3,0,"0,57","0,43","0,00","2,70","0,39",0,0
ITR-53,На зустріч до Афродіти,COMPETITOR,ITravel,Греція,732,10,2,0,73,420,407,312,326,"0,80",28,527,"0,2503","0,20",,"0,80",ЦІЛИЙ РІК,40,"0,50","0,30","0,30",5,3,3,0,"0,30","0,30","0,00","2,40","0,24",0,0
ITR-54,Халкідіки. Ідеальна грецька відпустка,COMPETITOR,ITravel,Греція,552,10,2,0,55,420,407,132,145,"0,36",24,347,"0,4648","0,64",,"0,80",ЦІЛИЙ РІК,40,"0,50","0,40","0,40",5,4,4,0,"0,40","0,40","0,00","3,20","0,32",0,0
RIC-1,Дивовижна Хорватія,COMPETITOR,Rich Tour,Хорватія,274,10,2,2,27,379,365,-105,-91,"-0,25",3,120,"0,6048","0,75",,"0,80",ЦІЛИЙ РІК,40,"0,50","0,20","0,20",5,2,2,0,"0,20","0,20","0,00","1,60","0,16",0,0
RIC-2,ПІВДЕНЬ ІТАЛІЇ - ТІРРЕНСЬКЕ МОРЕ,COMPETITOR,Rich Tour,Італія,484,10,2,0,48,340,338,144,146,"0,43",92,345,"0,4480","0,57",,"0,80",ЦІЛИЙ РІК,40,"0,30","0,20","0,20",3,2,2,0,"0,20","0,20","0,00","1,60","0,16",0,1
RIC-3,Сонячні пляжі Ріміні - Італія,COMPETITOR,Rich Tour,Італія,435,8,2,1,54,340,338,95,97,"0,29",82,296,"0,5196","0,71",,"0,75",ЦІЛИЙ РІК,40,"0,50","0,38","0,25",4,3,2,0,"0,38","0,25","0,00","1,90","0,24",0,0
RIC-4,МОРЕ ГРЕЦІЇ,COMPETITOR,Rich Tour,Греція,477,10,2,0,48,420,407,57,71,"0,17",18,272,"0,5533","0,83",,"0,80",ЦІЛИЙ РІК,40,"0,50","0,00","0,00",5,0,0,0,"0,00","0,00","0,00","0,00","0,00",0,0
RIC-5,Подих Адріатики – Чорногорія,COMPETITOR,Rich Tour,Чорногорія,384,10,2,0,38,364,369,19,15,"0,04",8,133,"0,6260","0,96",,"0,80",ЦІЛИЙ РІК,40,"0,10","0,10","0,10",1,1,1,0,"0,10","0,10","0,00","0,80","0,08",0,1
RIC-6,Під небом ПАРИЖУ + Прага і Дрезден,COMPETITOR,Rich Tour,Франція,440,6,2,4,73,366,352,73,88,"0,25",54,242,"0,6044","0,75",,"0,67",ПІВРІЧНИЙ,40,"0,50","0,50","0,50",3,3,3,0,"0,50","0,50","0,00","2,40","0,40",0,0
RIC-7,В гостях у Нідерландської корони,COMPETITOR,Rich Tour,Нідерланди,439,7,0,3,63,349,348,90,92,"0,26",27,244,"0,6524","0,74",,"1,00",ПІВРІЧНИЙ,0,"0,71","0,57","0,57",5,4,4,0,"0,57","0,57","0,00","3,20","0,46",0,0
RIC-8,Мрія блогерів: Венеція + Альпи,COMPETITOR,Rich Tour,Італія,357,5,2,3,71,340,338,17,19,"0,06",64,218,"0,6715","0,94",,"0,60",ПІВРІЧНИЙ,40,"1,00","0,20","0,20",5,1,1,0,"0,20","0,20","0,00","0,80","0,16",0,0
RIC-9,Від Провансу до Швейцарських вершин,COMPETITOR,Rich Tour,Швейцарія,385,7,2,6,55,333,334,52,52,"0,15",22,197,"0,7174","0,85",,"0,71",ПІВРІЧНИЙ,40,"1,29","0,57","0,57",9,4,4,0,"0,57","0,57","0,00","3,20","0,46",0,0
RIC-10,Скандинавська сага,COMPETITOR,Rich Tour,Польща,685,9,4,4,76,189,147,496,538,"3,66",16,586,"-0,8904","-2,66",,"0,56",РІДКІСНИЙ,80,"1,00","0,56","0,56",9,5,5,0,"0,56","0,56","0,00","4,00","0,44",0,0
TAN-1,Відень та Прага - імперії королів,COMPETITOR,Tango Travel,Австрія,95,4,2,1,24,210,199,-115,-104,"-0,52",1,0,"0,5125","0,48",,"0,50",ЦІЛИЙ РІК,40,"0,25","0,00","0,00",1,0,0,0,"0,00","0,00","0,00","0,00","0,00",0,1
TAN-2,"Театр вражень - Венеція, Верона та Мілан!",COMPETITOR,Tango Travel,Італія,168,5,2,2,34,340,338,-172,-170,"-0,50",7,29,"0,5304","0,50",,"0,60",ЦІЛИЙ РІК,40,"0,20","0,00","0,00",1,0,0,0,"0,00","0,00","0,00","0,00","0,00",0,1
TAN-3,Будапешт - мій найкращий вікенд! ,COMPETITOR,Tango Travel,Угорщина,110,4,2,1,28,162,159,-52,-49,"-0,31",4,21,"0,5902","0,69",,"0,50",ЦІЛИЙ РІК,40,"0,25","0,00","0,00",1,0,0,0,"0,00","0,00","0,00","0,00","0,00",0,1
TAN-4,Ключ в Європу : Будапешт + Відень,COMPETITOR,Tango Travel,Австрія,115,4,2,2,29,210,199,-95,-84,"-0,42",5,20,"0,5925","0,58",,"0,50",ЦІЛИЙ РІК,40,"0,25","0,00","0,00",1,0,0,0,"0,00","0,00","0,00","0,00","0,00",0,1
TAN-5,Прага та Дрезден #нашілюдивсюди,COMPETITOR,Tango Travel,Чехія,95,4,2,1,24,204,199,-109,-104,"-0,52",1,0,"0,5125","0,48",,"0,50",ЦІЛИЙ РІК,40,"0,25","0,00","0,00",1,0,0,0,"0,00","0,00","0,00","0,00","0,00",0,1
TAN-6,"Quattro Formaggi. Венеція, Флоренція і Рим",COMPETITOR,Tango Travel,Італія,188,5,2,1,38,340,338,-152,-150,"-0,44",9,49,"0,5059","0,56",,"0,60",ПІВРІЧНИЙ,40,"0,20","0,00","0,00",1,0,0,0,"0,00","0,00","0,00","0,00","0,00",0,1
TAN-7,Відень неперевершений!,COMPETITOR,Tango Travel,Австрія,167,4,2,1,42,210,199,-43,-32,"-0,16",13,72,"0,6205","0,84",,"0,50",РІДКІСНИЙ,40,"0,25","0,00","0,00",1,0,0,0,"0,00","0,00","0,00","0,00","0,00",0,1
TAN-8,Мої голландські тюльпанчики,COMPETITOR,Tango Travel,Нідерланди,195,5,2,1,39,349,348,-154,-153,"-0,44",1,0,"0,5049","0,56",,"0,60",ПІВРІЧНИЙ,40,"0,20","0,00","0,00",1,0,0,0,"0,00","0,00","0,00","0,00","0,00",0,1
TAN-9,"L'amour en trois: ти, я і Париж!",COMPETITOR,Tango Travel,Франція,268,6,2,3,45,366,352,-98,-84,"-0,24",13,71,"0,6334","0,76",,"0,67",СЕЗОННИЙ,40,"0,17","0,00","0,00",1,0,0,0,"0,00","0,00","0,00","0,00","0,00",0,1
TAN-10,Румунія - любов з першого погляду. Бухарест і замки,COMPETITOR,Tango Travel,Румунія,145,4,2,2,36,167,160,-22,-15,"-0,09",7,46,"0,7085","0,91",,"0,50",ЦІЛИЙ РІК,40,"0,25","0,00","0,00",1,0,0,0,"0,00","0,00","0,00","0,00","0,00",0,1
TAN-11,"Стихія моря: Таллінн, Стокгольм, Рига",COMPETITOR,Tango Travel,Швеція,165,5,2,1,33,336,290,-171,-125,"-0,43",1,0,"0,5206","0,57",,"0,60",ЦІЛИЙ РІК,40,"0,20","0,00","0,00",1,0,0,0,"0,00","0,00","0,00","0,00","0,00",0,1
TAN-12,Магія Балтійського моря. Круїз Таллінн-Стокгольм,COMPETITOR,Tango Travel,Швеція,238,5,0,1,48,336,290,-98,-52,"-0,18",2,73,"0,6717","0,82",,"1,00",ПІВРІЧНИЙ,0,"0,20","0,00","0,00",1,0,0,0,"0,00","0,00","0,00","0,00","0,00",0,1
TAN-13,Нідерланди. I♥Аmsterdam,COMPETITOR,Tango Travel,Нідерланди,265,6,2,2,44,349,348,-84,-83,"-0,24",6,70,"0,6016","0,76",,"0,67",СЕЗОННИЙ,40,"0,17","0,00","0,00",1,0,0,0,"0,00","0,00","0,00","0,00","0,00",0,1
TAN-14,"50 відтінків літа! Італія, Адріатичне море",COMPETITOR,Tango Travel,Італія,249,6,2,1,42,340,338,-91,-89,"-0,26",31,110,"0,5635","0,74",,"0,67",ЦІЛИЙ РІК,40,"0,17","0,00","0,00",1,0,0,0,"0,00","0,00","0,00","0,00","0,00",0,1
TAN-15,Подорож у серце Трансільванії,COMPETITOR,Tango Travel,Румунія,120,4,2,1,30,167,160,-47,-40,"-0,25",2,21,"0,6088","0,75",,"0,50",ЦІЛИЙ РІК,40,"0,25","0,00","0,00",1,0,0,0,"0,00","0,00","0,00","0,00","0,00",0,1
TAN-16,"Північний круїз: Таллінн, Гельсінкі, Стокгольм",COMPETITOR,Tango Travel,Швеція,279,6,2,1,47,336,290,-57,-11,"-0,04",4,114,"0,6439","0,96",,"0,67",РІДКІСНИЙ,40,"0,17","0,00","0,00",1,0,0,0,"0,00","0,00","0,00","0,00","0,00",0,1
TAN-17,Містичний вікенд в Трансильванії,COMPETITOR,Tango Travel,Румунія,160,3,0,0,53,167,160,-7,0,"0,00",11,61,"0,6912","1,00",,"1,00",ПІВРІЧНИЙ,0,"0,33","0,00","0,00",1,0,0,0,"0,00","0,00","0,00","0,00","0,00",0,1
TAN-18,Мелодії Парижа,COMPETITOR,Tango Travel,Франція,257,6,2,2,43,366,352,-109,-95,"-0,27",10,60,"0,5913","0,73",,"0,67",ЦІЛИЙ РІК,40,"0,17","0,00","0,00",1,0,0,0,"0,00","0,00","0,00","0,00","0,00",0,1
TAN-19,"Ідеальна четвірка: Краків, Прага, Відень, Будапешт",COMPETITOR,Tango Travel,Чехія,173,4,0,1,43,204,199,-31,-26,"-0,13",8,78,"0,7095","0,87",,"1,00",ПІВРІЧНИЙ,0,"0,25","0,00","0,00",1,0,0,0,"0,00","0,00","0,00","0,00","0,00",0,1
TAN-20,"Загадка Австрії: Відень, Зальцбург, Гальштат",COMPETITOR,Tango Travel,Австрія,203,5,2,2,41,210,199,-7,4,"0,02",22,108,"0,7091","0,98",,"0,60",СЕЗОННИЙ,40,"0,20","0,00","0,00",1,0,0,0,"0,00","0,00","0,00","0,00","0,00",0,1
TAN-21,Австрійські панорами: Відень та Гальштат,COMPETITOR,Tango Travel,Австрія,232,5,2,1,46,210,199,22,33,"0,17",25,137,"0,5990","0,83",,"0,60",ПІВРІЧНИЙ,40,"0,20","0,00","0,00",1,0,0,0,"0,00","0,00","0,00","0,00","0,00",0,1
TAN-22,"Край Тоскани - Флоренція, Піза, Рим",COMPETITOR,Tango Travel,Італія,299,6,0,3,50,340,338,-41,-39,"-0,11",43,160,"0,7524","0,89",,"1,00",СЕЗОННИЙ,0,"0,17","0,00","0,00",1,0,0,0,"0,00","0,00","0,00","0,00","0,00",0,1
TAN-23,Вікенд для душі: Угорщина + Словаччина,COMPETITOR,Tango Travel,Угорщина,115,4,2,0,29,162,159,-47,-44,"-0,28",5,26,"0,5502","0,72",,"0,50",ПІВРІЧНИЙ,40,"0,25","0,00","0,00",1,0,0,0,"0,00","0,00","0,00","0,00","0,00",0,1
TAN-24,У пошуках дива - Македонія!,COMPETITOR,Tango Travel,Північна Македонія,110,4,2,1,28,110,110,0,0,"0,00",1,0,"0,7139","1,00",,"0,50",ПІВРІЧНИЙ,40,"0,25","0,00","0,00",1,0,0,0,"0,00","0,00","0,00","0,00","0,00",0,1
TAN-25,"Тільки Італія: Венеція, Мілан, Рим, Неаполь та Флоренція",COMPETITOR,Tango Travel,Італія,378,7,2,3,54,340,338,38,40,"0,12",72,239,"0,6478","0,88",,"0,71",ПІВРІЧНИЙ,40,"0,14","0,00","0,00",1,0,0,0,"0,00","0,00","0,00","0,00","0,00",0,1
TAN-26,"Альпійський експрес: Венеція, Цюрих, Зальцбург",COMPETITOR,Tango Travel,Швейцарія,269,5,0,1,54,333,334,-64,-65,"-0,19",7,81,"0,6528","0,81",,"1,00",ЦІЛИЙ РІК,0,"0,20","0,00","0,00",1,0,0,0,"0,00","0,00","0,00","0,00","0,00",0,1
TAN-27,Париж на десерт,COMPETITOR,Tango Travel,Франція,449,8,0,3,56,366,352,83,97,"0,28",56,252,"0,6502","0,72",,"1,00",ПІВРІЧНИЙ,0,"0,13","0,00","0,00",1,0,0,0,"0,00","0,00","0,00","0,00","0,00",0,1
TAN-28,"Каталонський експрес: Монако, Ніцца, Барселона",COMPETITOR,Tango Travel,Іспанія,377,7,2,2,54,538,505,-161,-128,"-0,25",3,35,"0,5661","0,75",,"0,71",СЕЗОННИЙ,40,"1,00","0,71","0,71",7,5,5,0,"0,71","0,71","0,00","4,00","0,57",0,0
TAN-29,Вихідні у Кракові + Енерджіландія,COMPETITOR,Tango Travel,Польща,137,4,1,1,34,189,147,-52,-10,"-0,07",6,38,"0,7129","0,93",,"0,75",ПІВРІЧНИЙ,20,"0,50","0,25","0,25",2,1,1,0,"0,25","0,25","0,00","0,80","0,20",0,0
TAN-30,Незвіданий край - Боснія і Герцеґовина,COMPETITOR,Tango Travel,Боснія і Герцеговина,183,5,2,1,37,183,183,0,0,"0,00",1,0,"0,6853","1,00",,"0,60",ПІВРІЧНИЙ,40,"1,00","0,20","0,20",5,1,1,0,"0,20","0,20","0,00","0,80","0,16",0,0
TAN-31,"В цьому році в моді лазурний:  Ніцца, Монако, Портофіно",COMPETITOR,Tango Travel,Франція,233,7,2,3,33,366,352,-134,-120,"-0,34",3,35,"0,6021","0,66",,"0,71",СЕЗОННИЙ,40,"1,29","0,86","0,57",9,6,4,0,"0,86","0,57","0,00","3,80","0,54",0,0
TAN-32,Албанія - морська пригода,COMPETITOR,Tango Travel,Албанія,315,8,2,0,39,514,523,-199,-208,"-0,40",1,0,"0,4808","0,60",,"0,75",ПІВРІЧНИЙ,40,"1,00","0,25","0,13",8,2,1,0,"0,25","0,13","0,00","1,10","0,14",0,0
TAN-33,Словенія - альпійські термали,COMPETITOR,Tango Travel,Словенія,135,4,2,0,34,135,135,0,0,"0,00",1,0,"0,6511","1,00",,"0,50",РІДКІСНИЙ,40,"0,50","0,50","0,25",2,2,1,0,"0,50","0,25","0,00","1,10","0,28",0,0
TAN-34,"Литовські вихідні: Вільнюс, Тракай, Друскінінкай",COMPETITOR,Tango Travel,Литва,120,4,2,1,30,152,160,-32,-40,"-0,25",1,0,"0,6088","0,75",,"0,50",РІДКІСНИЙ,40,"0,50","0,25","0,25",2,1,1,0,"0,25","0,25","0,00","0,80","0,20",0,0
TAN-35,Зірки півночі: Рига та Норвезькі фіорди!,COMPETITOR,Tango Travel,Норвегія,385,7,2,1,55,527,538,-142,-153,"-0,28",1,0,"0,5226","0,72",,"0,71",СЕЗОННИЙ,40,"1,00","0,57","0,29",7,4,2,0,"0,57","0,29","0,00","2,20","0,31",0,0
TAN-36,Греція. Між небом та землею,COMPETITOR,Tango Travel,Греція,330,10,2,0,33,420,407,-90,-77,"-0,19",9,125,"0,5770","0,81",,"0,80",ЦІЛИЙ РІК,40,"0,30","0,10","0,10",3,1,1,1,"0,10","0,10","0,33","1,00","0,10",0,1
TAN-37,Карнавальна мандрівка,COMPETITOR,Tango Travel,Італія,318,5,0,2,64,340,338,-22,-20,"-0,06",49,179,"0,7268","0,94",,"1,00",РІДКІСНИЙ,0,"0,60","0,60","0,40",3,3,2,0,"0,60","0,40","0,00","1,90","0,38",0,0
TAN-38,"Нові горизонти: Таллінн, Стокгольм, Копенгаген, Амстердам",COMPETITOR,Tango Travel,Швеція,560,8,0,2,70,336,290,225,271,"0,93",8,395,"0,3334","0,07",,"1,00",РІДКІСНИЙ,0,"1,13","0,63","0,50",9,5,4,1,"0,63","0,50","0,11","3,70","0,46",0,0
TAN-39,Зимові розваги - Закопане!,COMPETITOR,Tango Travel,Польща,229,5,1,0,46,189,147,40,82,"0,56",14,130,"0,4434","0,44",,"0,80",РІДКІСНИЙ,20,"0,40","0,40","0,20",2,2,1,0,"0,40","0,20","0,00","1,10","0,22",0,1
TAN-40,Скандинавія. Вся правда про Вікінгів,COMPETITOR,Tango Travel,Норвегія,565,9,0,7,63,527,538,38,27,"0,05",6,180,"0,8074","0,95",,"1,00",РІДКІСНИЙ,0,"0,89","0,78","0,67",8,7,6,0,"0,78","0,67","0,00","5,10","0,57",0,0
TAN-41,Мої швейцарські вихідні,COMPETITOR,Tango Travel,Швейцарія,189,5,2,1,38,333,334,-144,-145,"-0,43",2,1,"0,5095","0,57",,"0,60",ЦІЛИЙ РІК,40,"1,00","0,80","0,60",5,4,3,0,"0,80","0,60","0,00","2,70","0,54",0,0
TAN-42,Випускний в Греції,COMPETITOR,Tango Travel,Греція,498,7,2,0,71,420,407,78,92,"0,23",21,293,"0,4848","0,77",,"0,71",ПІВРІЧНИЙ,40,"0,57","0,14","0,14",4,1,1,0,"0,14","0,14","0,00","0,80","0,11",0,0
TAN-43,Халкідіки. Вихідні на морі,COMPETITOR,Tango Travel,Греція,210,5,2,0,42,420,407,-210,-197,"-0,48",2,5,"0,4409","0,52",,"0,60",ПІВРІЧНИЙ,40,"0,80","0,20","0,20",4,1,1,0,"0,20","0,20","0,00","0,80","0,16",0,0
TRM-1,"Французький вояж (Париж, Мон-Сен-Мішель + 3 дні з океаном)",COMPETITOR,Travel Room,Франція,550,8,0,4,69,366,352,184,198,"0,56",69,353,"0,5347","0,44",,"1,00",ПІВРІЧНИЙ,0,"0,00","0,00","0,00",0,0,0,0,"0,00","0,00",#DIV/0!,"0,00","0,00",0,1
TRM-2,Формула краси по-італійськи,COMPETITOR,Travel Room,Італія,370,6,0,3,62,340,338,30,32,"0,10",70,231,"0,7360","0,90",,"1,00",ПІВРІЧНИЙ,0,"0,00","0,00","0,00",0,0,0,0,"0,00","0,00",#DIV/0!,"0,00","0,00",0,1
TRM-3,Париж - місто мрії!,COMPETITOR,Travel Room,Франція,420,7,0,3,60,366,352,54,68,"0,19",52,223,"0,6860","0,81",,"1,00",ПІВРІЧНИЙ,0,"0,00","0,00","0,00",0,0,0,0,"0,00","0,00",#DIV/0!,"0,00","0,00",0,1
TRM-4,Весна на острові Майнау,COMPETITOR,Travel Room,Німеччина,280,5,0,2,56,238,237,42,43,"0,18",15,161,"0,6936","0,82",,"1,00",СЕЗОННИЙ,0,"0,00","0,00","0,00",0,0,0,0,"0,00","0,00",#DIV/0!,"0,00","0,00",0,1
TRM-5,Формула краси + три узбережжя Італії,COMPETITOR,Travel Room,Італія,490,5,0,6,98,340,338,150,152,"0,45",94,351,"0,6597","0,55",,"1,00",ПІВРІЧНИЙ,0,"0,00","0,00","0,00",0,0,0,0,"0,00","0,00",#DIV/0!,"0,00","0,00",0,1
TRM-6,Вічне літо Сицилії,COMPETITOR,Travel Room,Італія,590,10,0,4,59,340,338,250,252,"0,75",103,451,"0,4609","0,25",,"1,00",ПІВРІЧНИЙ,0,"0,00","0,00","0,00",0,0,0,0,"0,00","0,00",#DIV/0!,"0,00","0,00",0,1
TRM-7,Альпійська мелодія!+ Лазурове узбережжя Франції,COMPETITOR,Travel Room,Швейцарія,480,8,0,5,60,333,334,147,147,"0,44",27,292,"0,6268","0,56",,"1,00",СЕЗОННИЙ,0,"0,00","0,00","0,00",0,0,0,0,"0,00","0,00",#DIV/0!,"0,00","0,00",0,1
TRM-8,"Зимова казка: Закопане, Відень, терми",COMPETITOR,Travel Room,Польща,180,4,0,2,45,189,147,-9,33,"0,22",12,81,"0,7184","0,78",,"1,00",РІДКІСНИЙ,0,"0,00","0,00","0,00",0,0,0,0,"0,00","0,00",#DIV/0!,"0,00","0,00",0,1
TRM-9,"Легкість Амстердама, романтика Парижа + парк тюльпанів Койкенхоф",COMPETITOR,Travel Room,Нідерланди,450,7,0,5,64,349,348,101,103,"0,29",28,255,"0,6937","0,71",,"1,00",СЕЗОННИЙ,0,"0,00","0,00","0,00",0,0,0,0,"0,00","0,00",#DIV/0!,"0,00","0,00",0,1
TRM-10,Белла Італія,COMPETITOR,Travel Room,Італія,250,5,2,3,50,340,338,-90,-88,"-0,26",32,111,"0,6340","0,74",,"0,60",РІДКІСНИЙ,40,"0,00","0,00","0,00",0,0,0,0,"0,00","0,00",#DIV/0!,"0,00","0,00",0,1
TRM-11,Італія - моє натхнення + Венеційський Карнавал,COMPETITOR,Travel Room,Італія,290,5,0,4,58,340,338,-50,-48,"-0,14",39,151,"0,7851","0,86",,"1,00",РІДКІСНИЙ,0,"0,00","0,00","0,00",0,0,0,0,"0,00","0,00",#DIV/0!,"0,00","0,00",0,1
TRM-12,Тур на VI етап Кубка світу 2024/25 з біатлону в Італії (Антгольц-Антерсельва),COMPETITOR,Travel Room,Італія,390,5,2,0,78,340,338,50,52,"0,15",75,251,"0,4989","0,85",,"0,60",РІДКІСНИЙ,40,"0,00","0,00","0,00",0,0,0,0,"0,00","0,00",#DIV/0!,"0,00","0,00",0,1
TRM-13,Белла Італія + два Карнавали,COMPETITOR,Travel Room,Італія,250,5,2,3,50,340,338,-90,-88,"-0,26",32,111,"0,6340","0,74",,"0,60",РІДКІСНИЙ,40,"0,00","0,00","0,00",0,0,0,0,"0,00","0,00",#DIV/0!,"0,00","0,00",0,1