URL туру,Назва туру,День №,Місто / Локація,Факультативи (назва + ціна),Опис дня,Симв.
https://www.i-travel.com.ua/?p=48199,Автобусний тур «Неповторна Баварія + Прага та Відень» зі Львова,1,Виїзд зі Львова,,"Виїзд зі Львова. Перетин українсько-польського кордону. Зустріч туристів з представником компанії біля автобуса на залізничному вокзалі. Посадка в автобус. Відправлення зі Львова. Проходження кордону. За наявності часу пропонуємо відвідати чудовий Краків. Оглядова екскурсія “Королівське місто” (20 EUR) . Тут чудово поєднуються дивовижно гармонійна архітектура та королівський шик! Ми побуваємо на площі Ринок, побачимо Палац Єпископів, Королівський замок, пройдемось Королівським трактом і по Старому місту! Екскурсія Вавельский замок (20 EUR + вх.квиток) . Головна історична пам’ятка і символ не т",600
https://www.i-travel.com.ua/?p=48199,Автобусний тур «Неповторна Баварія + Прага та Відень» зі Львова,2,Прибуття до Праги,,"Прибуття до Праги. Переміщення містом на громадському транспорті. Оглядова екскурсія «Велична столиця» (у вартості туру). Неспішна прогулянка історичним серцем Праги: від Порохової вежі через Вацлавську площу та квартали Старого Міста, зупинка біля відомої бібліотеки і завершення маршруту на легендарному Карловому мості. Ключові символи міста, атмосфера старовини та відчуття справжньої Праги. Всім бажаючим пропонуємо прогулянку на кораблику Влтавою з обідом (40 EUR) . Екскурсія «Вишеград» (20 EUR). Вишеград — це місце, де починалась історія Праги. Легендарна фортеця на скелі над Влтавою подару",600
https://www.i-travel.com.ua/?p=48199,Автобусний тур «Неповторна Баварія + Прага та Відень» зі Львова,3,Сніданок,,"Сніданок. Виселення з готелю. Переїзд в Мюнхен. Оглядова екскурсія Мюнхеном «Столиця Баварії» (у вартості туру). Нас чекає прогулянка Старим містом, під час якої ми дізнаємося, як виникло місто і звідки воно отримало свою назву, пройдемо від воріт до воріт цього гостинного міста, дізнаємося про баварські традиції та сучасне життя Мюнхена. Запрошуємо на екскурсію “Неповторна Баварія” – палац Ліндерхоф, селище Обераммергау, замок Нойшванштайн (60 євро) . Починаємо екскурсію з відвідування палацу Ліндерхоф (вхідні квитки у палац оплачуються додатково – 10,5 євро; вхід у парк вільний) – єдиного із",600
https://www.i-travel.com.ua/?p=48199,Автобусний тур «Неповторна Баварія + Прага та Відень» зі Львова,4,Сніданок,,"Сніданок. Виселення з готелю. Переїзд в Відень. Пересування містом здійснюється на громадському транспорті. Відень — одна з найчарівніших столиць Європи, яка вражає своєю величчю з перших секунд. Розпочинаємо оглядову екскурсію Віднем (у вартості туру) Легка прогулянка елегантним Віднем: площа Марії Терезії, ансамбль королівського палацу, атмосферні вулиці Старого міста з їхньою вишуканою архітектурою та історичним шармом. Завершимо маршрут біля Оперного театру — символу музичної столиці Європи. Класичний Відень, стримана розкіш і відчуття імперської величі. Далі побачимо справжні «Скарби Габс",600
https://www.i-travel.com.ua/?p=48199,Автобусний тур «Неповторна Баварія + Прага та Відень» зі Львова,5,Переїзд територією Польщі,,"Переїзд територією Польщі, проходження польсько-українського кордону. Прибуття у Львів. ГОТЕЛІ Заселення не раніше 14:00. Виселення не пізніше 12:00. Якщо ви помітили несправності у номері, скажіть про це супроводжуючій або персоналу готелю. Готелі за програмою можуть бути замінені на альтернативні. ЕКСКУРСІЇ Факультативні екскурсії можна придбати при бронюванні туру або безпосередньо під час поїздки. Факультативні екскурсії відбуваються при наборі групи від 15 осіб. Вартість факультативних екскурсій не підлягає поверненню якщо турист на ній не з’явився. Вхідні квитки оплачуються додатково. Ва",600
https://www.i-travel.com.ua/?p=48528,"Автобусний тур «VIVA Італія! Венеція, Мілан, озера Гарда та Комо» зі Львова",1,Виїзд зі Львова,,"Виїзд зі Львова. Перетин українсько-угорського кордону. За наявності часу, подорож до Будапешту. Запрошуємо на оглядову екскурсію «Перлина Дунаю» (15 EUR) в Будапешт, що приголомшує своєю величчю! Наше знайомство з містом ми почнемо зі знаменитої Площі Героїв, потім пройдемося парадним проспектом Андраші, який приваблює туристів своєю елегантністю та витонченістю, прогуляємось вулицею Ваци, де колись дуже любили проводити весь свій вільний час місцеві, та вийдемо на набережну Корзо , з якої відкривається дивовижний краєвид на Дунай! Вільний час, рекомендуємо – прогулянку на кораблику Дунаєм (3",600
https://www.i-travel.com.ua/?p=48528,"Автобусний тур «VIVA Італія! Венеція, Мілан, озера Гарда та Комо» зі Львова",2,Переїзд до Венеції,,"Переїзд до Венеції. Проїзд до центральної площі в обидві сторони на громадському транспорті (30 EUR) . Оглядова екскурсія «Заручена з морем – Венеція!» (у вартості туру) . Місто нагадує декорації для романтичних фільмів, а кожна вуличка, кожен будинок зберігає велику історію минулих століть. Прогулянка на справжній венеціанській гондолі (35 EUR) . У місті, де немає доріг, панують човни. Спробуйте і відчуйте, як ваші турботи зникають, коли гондольєр у смугастій сорочці провезе вас лабіринтом водних шляхів, а потім з’єднає з центральним Гранд-каналом. Прогулянка на катері Гранд каналом (35 EUR) ",600
https://www.i-travel.com.ua/?p=48528,"Автобусний тур «VIVA Італія! Венеція, Мілан, озера Гарда та Комо» зі Львова",3,Сніданок,,"Сніданок. Виселення з готелю. Оглядова екскурсія у Верону (у вартості туру) – місті з багатовіковою історією, оповите безліччю таємниць та загадок. А також одного з найромантичніших міст світу, прославлене Шекспіром, Петраркою, Гете та Байроном. У знаменитому дворі будинку Джульєтти, під її балконом, закохані присягаються один одному у вічній вірності. На вас чекають історії з життя Данте, відомих веронських сімей Монтеккі та Капулетті, непрості долі Синьйорів делла Скала та їхніх нащадків, Моцарта та Сальєрі. Сьогодні на нас чекає поїздка до найбільшого італійського озера – Гарда. Прогуляємос",600
https://www.i-travel.com.ua/?p=48528,"Автобусний тур «VIVA Італія! Венеція, Мілан, озера Гарда та Комо» зі Львова",4,Сніданок,,"Сніданок. Виселення з готелю. Запрошуємо на оглядову екскурсію “Мілан – давній і сучасний” (у вартості туру) . Ми побачимо Дуомо – відомий символ міста готичний собор пізнього Середньовіччя, розкішну галерею пасаж Вітторіо Емануеле, площу Ла Скала і сам театр, побудований на гроші міланських меломанів, Замок Сфорцеско, і звичайно найвідоміший шопінг в столиці італійської моди. За бажанням запрошуємо на екскурсію в собор Дуомо або народження Діви Марії (25 EUR) . Відвідаємо з екскурсією один з найгарніших готичних храмів Європи, і один з найбільших у світі. Екскурсія на озеро Комо (40 EUR, поїз",600
https://www.i-travel.com.ua/?p=48528,"Автобусний тур «VIVA Італія! Венеція, Мілан, озера Гарда та Комо» зі Львова",5,Переїзд територією Угорщини,,"Переїзд територією Угорщини. Проходження угорсько-українського кордону. Прибуття у Львів. Готелі Заселення не раніше 14:00. Виселення не пізніше 12:00. Якщо ви помітили несправності у номері, скажіть про це супроводжуючій або персоналу готелю. Готелі за програмою можуть бути замінені на альтернативні. Екскурсії Факультативні екскурсії можна придбати при бронюванні туру або безпосередньо під час поїздки. Факультативні екскурсії відбуваються при наборі групи від 15 осіб. Вартість факультативних екскурсій не підлягає поверненню якщо турист на ній не з явився. Вхідні квитки оплачуються додатково. ",600
https://www.i-travel.com.ua/?p=44927,Автобусний тур «Баварська мрія» зі Львова,1,Виїзд зі Львова,,"Виїзд зі Львова. Переїзд територією Польщі. За наявності часу пропонуємо відвідати чудовий Краків. Оглядова екскурсія “Королівське місто” (20 EUR; тільки трансфер до центру міста – 10 EUR) . Тут чудово поєднуються дивовижно гармонійна архітектура та королівський шик! Ми побуваємо на площі Ринок, побачимо Палац Єпископів, Королівський замок, пройдемось Королівським трактом і по Старому місту! Ночівля у транзитному готелі на території Польщі.",444
https://www.i-travel.com.ua/?p=44927,Автобусний тур «Баварська мрія» зі Львова,2,Сніданок,,"Сніданок. Виселення із готелю. Переїзд до Берліна. Переміщення містом на громадському транспорті. На вас чекає оглядова екскурсія «Чарівний Берлін» (у вартості туру) — місто, яке зберігає дари минулих століть. Запрошуємо перевернути сторінку історії та побачити справжній Берлін: могутній Рейхстаг, величний Берлінський собор, та візитівка міста – Бранденбурзька брама. Далі запрошуємо на екскурсію «Альтернативний Берлін» (25 EUR) . Головні пам’ятки вже оглянули, але як же пройти повз найсучаснішу площу Берліна — Потсдамер Платц? Як пропустити бульвар Зірок, театр, де проходять церемонії нагородж",600
https://www.i-travel.com.ua/?p=44927,Автобусний тур «Баварська мрія» зі Львова,3,Сніданок,,"Сніданок. Виселення із готелю. У вільний час можна відвідати берлінський зоопарк (5 EUR трансфер; вхідні квитки: діти 4-15 років – від 9 EUR; діти від 16 років та дорослі – від 25 EUR) . Це найстаріший зоопарк Німеччини, в якому мешкає величезна кількість тварин – слони, жирафи, панди, горили, бізони, ведмеді, вовки та багато інших тварин, яких ви ще не бачили! Екскурсія “Королівський Потсдам та Сан-Сусі” (40 EUR; громадським транспортом, квитки вже у вартості + вх.квиток в палац Сан-Сусі за бажанням) . Красиві вулички, затишні кафе, Голландський квартал, Бранденбурзькі ворота, збудовані раніш",600
https://www.i-travel.com.ua/?p=44927,Автобусний тур «Баварська мрія» зі Львова,4,Сніданок,,"Сніданок. Оглядова екскурсія Мюнхеном «Столиця Баварії» (у вартості туру). Нас чекає прогулянка Старим містом, під час якої ми дізнаємося, як виникло місто і звідки воно отримало свою назву, пройдемо від воріт до воріт цього гостинного міста, дізнаємося про баварські традиції та сучасне життя Мюнхена. Пропонуємо поїздку у Замок Нойшванштайн (40 EUR + вх. квиток від 20 EUR) – це казковий замок в Баварії, Німеччина, відомий своєю романтичною архітектурою та асоціаціями з відомими казками. Дорогою до замку ви будете насолоджуватись захоплюючими панорамними видами на гори та озера. Ви дізнаєтеся б",600
https://www.i-travel.com.ua/?p=44927,Автобусний тур «Баварська мрія» зі Львова,5,Сніданок,,"Сніданок. Переїзд до Відня. Пересування містом здійснюється на громадському транспорті. Відень — одна з найчарівніших столиць Європи, яка вражає своєю величчю з перших секунд. Розпочинаємо оглядову екскурсію Віднем (у вартості туру) , під час якої побачимо головні пам’ятки міста: палацовий комплекс Хофбург, собор Святого Стефана, вулиця Грабен із чумною колоною, вінчальна церква «Августинців», римські розкопки, оперу та багато іншого. Мальовничі вулиці, величні площі та розкішні палаци подарують море незабутніх вражень! Далі побачимо справжні «Скарби Габсбургів» (20 EUR + вх. квиток) . Унікаль",600
https://www.i-travel.com.ua/?p=44927,Автобусний тур «Баварська мрія» зі Львова,6,Приїзд до України Готелі Заселення до готелю не раніше 14:00,,"Приїзд до України Готелі Заселення до готелю не раніше 14:00. По можливості, для наших туристів буде надано раннє заселення. Сніданку цього дня не надається. Виселення з готелю не пізніше 10 години. Якщо ви помітили неполадки в номері при заселенні – одразу ж повідомте про це співробітників готелю. Готелі за програмою можуть бути замінені на інші. Туристи, що подорожують одні, можуть бути розміщені у тримісних номерах. Під час сніданків у готелі забороняється виносити їжу із собою. Екскурсії Вартість факультативних екскурсій не повертається (крім випадків, коли група не набралася) та не перено",600
https://www.i-travel.com.ua/?p=28273,Автобусний тур «Париж та голуби: 3 дні в Парижі + Нормандія (без нічних переїздів)» зі Львова,1,Зустріч туристів представником компанії біля автобусу на залізничному вокзалі,,"Зустріч туристів представником компанії біля автобусу на залізничному вокзалі. Відправлення зі Львова. Проходження кордону. Пропонуємо відвідати чудовий Краків з екскурсією «Королівське місто» (у вартості туру). Тут чудово поєднуються дивовижно гармонійна архітектура та королівський шик! Ми побуваємо на Ринковій площі, побачимо Палац Єпископів, Королівський замок, пройдемося Королівською дорогою та Старим містом! Переїзд та заселення в готель на території Польщі. Ночівля",475
https://www.i-travel.com.ua/?p=28273,Автобусний тур «Париж та голуби: 3 дні в Парижі + Нормандія (без нічних переїздів)» зі Львова,2,Сніданок,,"Сніданок, виселення з готелю. Запрошуємо відвідати Дрезден (30 EUR – оглядова екскурсія + трансфер;15 EUR – тільки трансфер) – місто, у якому чудово поєдналися німецька точність і чеська чарівність! Історія Дрездена починається в XIII столітті, місто було утворено на місці старого рибальського селища. У XVIII столітті Дрезден став політичним та культурним центром Європи. Внаслідок Другої Світової війни Дрезден постраждав, але досить швидко був відновлений. Під час екскурсії ви дізнаєтеся чимало цікавого про найголовніші місцеві визначні пам ятки та про особистостей, що з ними пов язані. Екскур",600
https://www.i-travel.com.ua/?p=28273,Автобусний тур «Париж та голуби: 3 дні в Парижі + Нормандія (без нічних переїздів)» зі Львова,3,Сніданок та переїзд до Парижу! Оглядова екскурсія «Привіт,,"Сніданок та переїзд до Парижу! Оглядова екскурсія «Привіт, Париж» (у вартості туру) . Ці вулиці ви впізнаєте відразу з романтичних комедій про Париж, з мрій про вічне кохання. Ми проведемо екскурсію оглядаючи центр старого міста, де очі туристів зазвичай розбігаються не тільки від архітектури історичних споруд, а й від великої кількості бутиків справжніх французьких брендів. Після обіду пропонуємо екскурсію «Таємниці Парижу» (у вартості туру) . Запрошуємо Вас до історично значущих місць, відомих за французькою художньою літературою. Ми відвідаємо фонтан Невинних — найстаріший фонтан Парижа, на",600
https://www.i-travel.com.ua/?p=28273,Автобусний тур «Париж та голуби: 3 дні в Парижі + Нормандія (без нічних переїздів)» зі Львова,4,Сніданок,,"Сніданок. Відвідування країни чудес — Діснейленду (добираємось громадським транспортом або гурповим трансфером (від 25 осіб вартістю 25 EUR, вхідний квиток можна замовити разом з туром, у гіда-супроводжуючої під час подорожі, або придбати самостійно онлайн заздалегідь – вартість залежить динамічна і залежить від дати, сезону, кількості парків для відвідування та віку туристів) — парк розваг для дітей та дорослих, він не потребує представлення. Мультиплікаційні герої оживуть, над казковим палацом знову засяє феєрверк, тільки не з екранів телевізорів, а в натуральний розмір у парку Діснейленд! Р",600
https://www.i-travel.com.ua/?p=28273,Автобусний тур «Париж та голуби: 3 дні в Парижі + Нормандія (без нічних переїздів)» зі Львова,5,Сніданок,,"Сніданок. Виселення з готелю. Запрошуємо на пішохідну екскурсію «Богемний Монмартр» (25 EUR) – один із найвідоміших та найгучніших кварталів. Тут творилася історія паризької богеми і тут, у цій атмосфері, ми можемо відчути себе її частиною. Наша прогулянка пройде через площу Тертр, де, як і раніше, збираються художники та інші митці, потім побачимо відоме кабаре «Мулен Руж». Далі маршрут пройде вулицею Пігаль або, як у народі прийнято називати — «вулицею червоних ліхтарів». Після обіду пропонуємо прогулятись Латинським кварталом (25 EUR) — богемний, веселий та дуже жвавий район Парижа. Саме ту",600
https://www.i-travel.com.ua/?p=28273,Автобусний тур «Париж та голуби: 3 дні в Парижі + Нормандія (без нічних переїздів)» зі Львова,6,Сніданок,,"Сніданок. Переїзд та екскурсія у Люксембургу (40 EUR – оглядова екскурсія + трансфер; 25 EUR – тільки трансфер) . Це рідкісної краси місто, його структура дуже незвичайна, вулиці утопають у зелені, архітектура будівель захоплює, а пам ятки заслуговують на увагу будь-якого туриста. Готичний собор Сен-Мішель та розкішна торгова вулиця Гран Рю – не залишить вас байдужими. Оглядовий майданчик на краю скелі, який називають “Балкон у Європу”, відкриє вам чудові краєвиди на лісисті Арденнські гори та шпилі соборів, які зберігають у собі великі святині. * відвідування Люксембурга відбувається за умови",600
https://www.i-travel.com.ua/?p=28273,Автобусний тур «Париж та голуби: 3 дні в Парижі + Нормандія (без нічних переїздів)» зі Львова,7,Сніданок,,"Сніданок, виселення з готелю. Пропонуємо відвідати оглядову екскурсію Вроцлавом (20 EUR – оглядова екскурсія + трансфер; або 10 EUR – тільки трансфер). Одне з наймиліших польських міст відчинить свої двері перед нами! * відвідування Вроцлава відбувається за умови придбання оглядової екскурсії або трансферу Повернення до України. Проходження кордону. Прибуття до Львова приблизно о 24:00 (залежить від проходження кордону). Готелі Заселення не раніше 14:00. Виселення не пізніше 12:00. Якщо ви помітили несправності у номері, скажіть про це супроводжуючій або персоналу готелю. Готелі за програмою м",600
https://www.i-travel.com.ua/?p=46939,"Автобусний тур “Три бажання: Краків, Прага та Відень” зі Львова",1,Виїзд зі Львова о 7,,"Виїзд зі Львова о 7.00 Переїзд на територію Польщі. Оглядова екскурсія містом Польських королів (20 EUR) . Тут чудово поєднуються дивовижно гармонійна архітектура та королівський шик! Ми побуваємо на площі Ринок, побачимо Палац Єпископів, Королівський замок, пройдемось Королівським трактом і по Старому місту! Якщо ви бажаєте відвідати Краків без супроводу професійного гіда, є можливість придбати лише трансфер до міста – 10 EUR Активним туристам пропонуємо відвідати: Екскурсія Вавельский замок (вартість 20 EUR+вх.квиток) . Головна історична пам’ятка і символ не тільки Кракова, але й всієї Польщ",600
https://www.i-travel.com.ua/?p=46939,"Автобусний тур “Три бажання: Краків, Прага та Відень” зі Львова",2,Сніданок та виселення з готелю,,"Сніданок та виселення з готелю. Переїзд до Праги. (У цей день пересування по місту здійснюється громадським транспортом. Квитки оплачуються додатково). Оглядова екскурсія «Чудова столиця» (у вартості туру). Неспішна прогулянка історичним серцем Праги: від Порохової вежі через Вацлавську площу та квартали Старого Міста, зупинка біля відомої бібліотеки і завершення маршруту на легендарному Карловому мості. Ключові символи міста, атмосфера старовини та відчуття справжньої Праги. Екскурсія «Мала Страна» (20 EUR) . Затишні вулички, червоні дахи та середньовічна атмосфера — Мала Страна покаже вам ро",600
https://www.i-travel.com.ua/?p=46939,"Автобусний тур “Три бажання: Краків, Прага та Відень” зі Львова",3,Сніданок та виселення з готелю,,"Сніданок та виселення з готелю. Переїзд до Відня. (У цей день пересування по місту здійснюється громадським транспортом. Квитки оплачуються додатково) Оглядова екскурсія «Прекрасний і ніжний Відень» (30 EUR) .Легка прогулянка елегантним Віднем: площа Марії Терезії, ансамбль королівського палацу, атмосферні вулиці Старого міста з їхньою вишуканою архітектурою та історичним шармом. Завершимо маршрут біля Оперного театру — символу музичної столиці Європи. Класичний Відень, стримана розкіш і відчуття імперської величі. Далі побачимо справжні «Скарби Габсбургів» (20 EUR + вх. квиток) . Унікальне зі",600
https://www.i-travel.com.ua/?p=46939,"Автобусний тур “Три бажання: Краків, Прага та Відень” зі Львова",4,Повернення до Львова близько 18,,"Повернення до Львова близько 18.00. Точний час залежить від проходження кордону. Готелі Поселення в готель не раніше 14:00. Виселення з готелю не пізніше 10 години. Якщо ви помітили неполадки в номері при заселенні – одразу ж повідомте про це співробітників готелю. Готелі в програмі можуть бути замінені на інші. Туристи, що подорожують одні, можуть бути розміщені у тримісних номерах. Під час сніданків у готелі забороняється виносити їжу із собою. Екскурсії Вартість факультативних екскурсій не повертається (крім випадків, коли група не набралася) та не переноситься на інші факультативи. Екскурс",600
https://www.i-travel.com.ua/?p=44750,Автобусний тур «Амстердамський експрес: 2 дні в Амстердамі + Прага і Берлін» зі Львова,1,Зустріч туристів з представником компанії біля автобуса на залізничному вокзалі м,,"Зустріч туристів з представником компанії біля автобуса на залізничному вокзалі м. Львів. Проходження кордону. Оглядова екскурсія “Королівське місто” (20 EUR; тільки трансфер до центру міста – 10 EUR) . Тут чудово поєднуються дивовижно гармонійна архітектура та королівський шик! Ми побуваємо на площі Ринок, побачимо Палац Єпископів, Королівський замок, пройдемось Королівським трактом і по Старому місту! Переїзд та заселення до транзитного готелю. Ночівля.",459
https://www.i-travel.com.ua/?p=44750,Автобусний тур «Амстердамський експрес: 2 дні в Амстердамі + Прага і Берлін» зі Львова,2,Сніданок,,"Сніданок. Виселення із готелю. Прибуття до Праги. Оглядова екскурсія «Чудова столиця» (у вартості туру). Неспішна прогулянка історичним серцем Праги: від Порохової вежі через Вацлавську площу та квартали Старого Міста, зупинка біля відомої бібліотеки і завершення маршруту на легендарному Карловому мості. Ключові символи міста, атмосфера старовини та відчуття справжньої Праги. Всім бажаючим пропонуємо прогулянку на кораблику Влтавою з обідом (40 EUR) . Далі на нас чекає екскурсія «Празький град» (20 EUR) . Під час цієї екскурсії ми побачимо сучасний символ Праги та її головну пам’ятку – резиден",600
https://www.i-travel.com.ua/?p=44750,Автобусний тур «Амстердамський експрес: 2 дні в Амстердамі + Прага і Берлін» зі Львова,3,Прибуття в Нідерланди,,"Прибуття в Нідерланди. Екскурсія «Голландська глибинка» (38 EUR) . Однією з найяскравіших пам’яток Нідерландів є музей просто неба «Заансе-Сханс». Ви побачите село-зразок голландського дерев’яного зодчества XVII-XVIII століть. Найбільш відвідуваним експонатом є вітряки, в яких зараз розташовані магазинчики. Також зможете заглянути всередину і подивитися, як виробляють спеції, масло, фарби, гірчицю (вхід всередину млинів сплачується додатково: 6 EUR дорослі, 3 EUR діти за 1 млин) . Продовжимо знайомство з країною у рибальському селищі Волендам. Прогуляємося вузькими вуличками з «пряничних» буди",600
https://www.i-travel.com.ua/?p=44750,Автобусний тур «Амстердамський експрес: 2 дні в Амстердамі + Прага і Берлін» зі Львова,4,Сніданок,,"Сніданок. Виселення із готелю. У сезон цвітіння тюльпанів – поїздка до парку тюльпанів «Кекенхоф» (період відвідування парку 19.03.2026 – 10.05.2026) (трансфер 20 EUR + вхідний квиток 21 EUR дорослі, 10 EUR діти до 17 років ) – одне з найкрасивіших місць на планеті. Навряд чи можна на словах передати всю красу, що відкривається: алеї старих розлогих лип, що йдуть вдалину, струмки і мальовничі ставки, по поверхні яких ковзають лебеді, дзюрчання фонтанів, безперервний спів птахів і, звичайно, квіти. Квіти скрізь – на клумбах, у павільйонах та оранжереях, і навіть на навколишніх полях. Переїзд в ",600
https://www.i-travel.com.ua/?p=44750,Автобусний тур «Амстердамський експрес: 2 дні в Амстердамі + Прага і Берлін» зі Львова,5,Переїзд у Німеччину,,"Переїзд у Німеччину. Дорогою пропонуємо екскурсію “Королівський Потсдам та Сан-Сусі” (40 EUR + вх.квиток в палац Сан-Сусі за бажанням) . Красиві вулички, затишні кафе, Голландський квартал, Бранденбурзькі ворота, збудовані раніше, ніж у Берліні. А родзинкою цієї екскурсії стане парк Сан-Сусі, де розташований чудовий палац Фрідріха Великого. Після прогулянки одним з найкрасивіших парків Європи ми вирушили до палацу Ціцилінхоф — місця проведення Потсдамської конференції. Прибуття у Берлін. Переміщення містом на громадському транспорті. На вас чекає оглядова екскурсія «Чарівний Берлін» (у вартост",600
https://www.i-travel.com.ua/?p=44750,Автобусний тур «Амстердамський експрес: 2 дні в Амстердамі + Прага і Берлін» зі Львова,6,Сніданок,,"Сніданок, виселення з готелю. Пропонуємо відвідати оглядову екскурсію Вроцлавом (20 EUR; якщо ви хочете відвідати місто без супроводу професійного гіду, то можна придбати тільки трансфер до центру міста 10 EUR). Одне з наймиліших польських міст відчинить свої двері перед нами! Прибуття у Львів. Готелі Заселення до готелю не раніше 14:00. По можливості, для наших туристів буде надано раннє заселення. Сніданку цього дня не надається. Виселення з готелю не пізніше 10 години. Якщо ви помітили неполадки в номері при заселенні – одразу ж повідомте про це співробітників готелю. Готелі за програмою мо",600
https://www.i-travel.com.ua/?p=46056,Автобусний тур «Круасани і тюльпани: Амстердам + Париж» зі Львова,1,Зустріч туристів з представником компанії біля автобуса на залізничному вокзалі,,Зустріч туристів з представником компанії біля автобуса на залізничному вокзалі. Посадка в автобус. Відправлення зі Львова. Проходження кордону. Пропонуємо відвідати оглядову екскурсію Вроцлавом (20 EUR) . Одне з наймиліших польських міст відчинить свої двері перед нами! Переїзд та заселення в готель на території Польщі. Ночівля. Ночівля.,340
https://www.i-travel.com.ua/?p=46056,Автобусний тур «Круасани і тюльпани: Амстердам + Париж» зі Львова,2,Сніданок,,"Сніданок. Виселення з готелю. Переїзд до Берліну. Прибуття до Берліну. Переміщення містом на громадському транспорті. На вас чекає оглядова екскурсія «Чарівний Берлін» (у вартості туру) — місто, яке зберігає дари минулих століть. Запрошуємо перевернути сторінку історії та побачити справжній Берлін: могутній Рейхстаг, величний Берлінський собор, та візитівка міста – Бранденбурзька брама. Далі запрошуємо на екскурсію «Альтернативний Берлін» (25 EUR) . Головні пам’ятки вже оглянули, але як же пройти повз найсучаснішу площу Берліна — Потсдамер Платц? Як пропустити бульвар Зірок, театр, де проходят",600
https://www.i-travel.com.ua/?p=46056,Автобусний тур «Круасани і тюльпани: Амстердам + Париж» зі Львова,3,Прибуття в Амстердам,,"Прибуття в Амстердам. Переміщення містом громадським транспортом. Оглядова екскурсія «Казковий Амстердам» (у вартості туру) . Прекрасні канали, що пронизують місто наскрізь, яскраві будинки, різнокольорові велосипеди, гори квітів – це все про Амстердам! Під час оглядової екскурсії цим чудовим містом ми побачимо Королівський палац, площу Дам, найвужчий будинок в Амстердамі та інші пам’ятки! Далі для всіх бажаючих прогулянка каналами Амстердама на кораблику (22 EUR). В Амстердамі понад 150 каналів і 1200 мостів, уздовж яких розташовані будинки багатих купців 17 століття, старовинні адміністратив",600
https://www.i-travel.com.ua/?p=46056,Автобусний тур «Круасани і тюльпани: Амстердам + Париж» зі Львова,4,Сніданок,,"Сніданок. Виселення з готелю. Екскурсія «Голландська глибинка» ( 38 EUR ) . Однією з найяскравіших пам’яток Нідерландів є музей просто неба «Заансе-Сханс». Ви побачите село-зразок голландського дерев’яного зодчества XVII-XVIII століть. Найбільш відвідуваним експонатом є вітряки, в яких зараз розташовані магазинчики (вхід всередину млинів сплачується додатково: 6 EUR дорослі, 3 EUR діти за 1 млин) . Також зможете заглянути всередину і подивитися, як виробляють спеції, масло, фарби, гірчицю. Продовжимо знайомство з країною у рибальському селищі Волендам. Прогуляємося вузькими вуличками з «прянич",600
https://www.i-travel.com.ua/?p=46056,Автобусний тур «Круасани і тюльпани: Амстердам + Париж» зі Львова,5,Сніданок,,"Сніданок. Переміщення містом на громадському транспорті. Оглядова екскурсія «Привіт, Париж!» (у вартості туру) . Ці вулиці ви впізнаєте відразу з романтичних комедій про Париж, з мрій про вічне кохання. Ми проведемо екскурсію оглядаючи центр старого міста, де очі туристів зазвичай розбігаються не тільки від архітектури історичних споруд, а й від великої кількості бутиків справжніх французьких брендів. Довгоочікувана екскурсія до найбільш відвідуваного музею Європи – Лувр (38 EUR, вхідний квиток 32 EUR) . І ось, ми за крок від мрії! Мона Ліза, Венера Мілоська, Ніка Самофракійська. Під час екску",600
https://www.i-travel.com.ua/?p=46056,Автобусний тур «Круасани і тюльпани: Амстердам + Париж» зі Львова,6,Сніданок,,"Сніданок. Виселення з готелю. Переміщення містом на громадському транспорті. Відвідування країни чудес — Діснейленду (добираємось громадським транспортом або гурповим трансфером (від 25 осіб вартістю 25 EUR, вхідний квиток можна замовити разом з туром, у гіда-супроводжуючої під час подорожі, або придбати самостійно онлайн заздалегідь – вартість залежить динамічна і залежить від дати, сезону, кількості парків для відвідування та віку туристів) — парк розваг для дітей та дорослих, він не потребує представлення. Мультиплікаційні герої оживуть, над казковим палацом знову засяє феєрверк, тільки не ",600
https://www.i-travel.com.ua/?p=46056,Автобусний тур «Круасани і тюльпани: Амстердам + Париж» зі Львова,7,Прибуття до Праги,,"Прибуття до Праги. Переміщення містом на громадському транспорті. Оглядова екскурсія «Велична столиця» (у вартості туру). Неспішна прогулянка історичним серцем Праги: від Порохової вежі через Вацлавську площу та квартали Старого Міста, зупинка біля відомої бібліотеки і завершення маршруту на легендарному Карловому мості. Ключові символи міста, атмосфера старовини та відчуття справжньої Праги. Всім бажаючим пропонуємо прогулянку на кораблику Влтавою з обідом (40 EUR) . Екскурсія «Мала Страна» (20 EUR). Затишні вулички, червоні дахи та середньовічна атмосфера — Мала Страна покаже вам романтичну ",600
https://www.i-travel.com.ua/?p=46056,Автобусний тур «Круасани і тюльпани: Амстердам + Париж» зі Львова,8,Сніданок,,"Сніданок, виселення з готелю. За наявності часу та бажання групи пропонуємо відвідати прекрасний Краків з екскурсією «Королівське місто» ( 20 EUR; тільки трансфер до центру міста – 10 EUR ). Тут чудово поєднуються дивовижно гармонійна архітектура та королівський шик! Ми побуваємо на Ринковій площі, побачимо Палац Єпископів, Королівський замок, пройдемося Королівською дорогою та Старим містом! Виїзд до України. Проходження кордону. Прибуття до Львова залежить від проходження кордону. <ul class=""cmsmasters_",510
https://www.i-travel.com.ua/?p=46007,Автобусний тур «Голландський калейдоскоп» зі Львова,1,Виїзд зі Львова,,Виїзд зі Львова. Перетин українсько-польського кордону. Зустріч туристів з представником компанії біля автобуса на залізничному вокзалі. Посадка в автобус. Відправлення зі Львова. Проходження кордону. Пропонуємо відвідати оглядову екскурсію Вроцлавом (20 EUR) . Одне з наймиліших польських міст відчиняє свої двері перед нами! Поселення в транзитний готель. Ночівля.,366
https://www.i-travel.com.ua/?p=46007,Автобусний тур «Голландський калейдоскоп» зі Львова,2,Сніданок,,"Сніданок. Виселення з готелю. Переїзд до Берліну. Подорож містом на громадському транспорті. На вас чекає оглядова екскурсія «Чарівний Берлін» (у вартості туру) — місто, яке зберігає дари минулих століть. Запрошуємо перевернути сторінку історії та побачити справжній Берлін: могутній Рейхстаг, величний Берлінський собор, та візитівка міста – Бранденбурзька брама. Далі запрошуємо на екскурсію «Альтернативний Берлін» (25 EUR) . Головні пам’ятки вже оглянули, але як же пройти повз найсучаснішу площу Берліна — Потсдамер Платц? Як пропустити бульвар Зірок, театр, де проходять церемонії нагороджень к",600
https://www.i-travel.com.ua/?p=46007,Автобусний тур «Голландський калейдоскоп» зі Львова,3,Переїзд в Нідерланди,,"Переїзд в Нідерланди. Сьогодні на нас чекає подорож голландськими містами: Гаага, Делфт та Роттердам (65 EUR; туристи, що не бажають відвідувати екскурсію у супроводі професійного гіда, можуть придбати трансфер до міста Роттердам – 20 EUR) . Сповнене поважності та спокою місто Гаага – політична столиця Нідерландів і домівка багатьох міжнародних установ – зокрема Міжнародного суду. Це місто водночас сучасне і історичне, вражає своєю контрасністю і є втіленням нідерландського способу життя. Старовинне містечко Делфт нагадує картини “малих голландців”, і не дарма, адже багато з них жили тут – нап",600
https://www.i-travel.com.ua/?p=46007,Автобусний тур «Голландський калейдоскоп» зі Львова,4,Сніданок,,"Сніданок. Екскурсія «Голландська глибинка» (38 EUR) . Однією з найяскравіших пам’яток Нідерландів є музей просто неба «Заансе-Сханс». Ви побачите село-зразок голландського дерев’яного зодчества XVII-XVIII століть. Найбільш відвідуваним експонатом є вітряки, в яких зараз розташовані магазинчики (вхід всередину млинів сплачується додатково: 6 EUR дорослі, 3 EUR діти за 1 млин) . Також зможете заглянути всередину і подивитися, як виробляють спеції, масло, фарби, гірчицю. Продовжимо знайомство з країною у рибальському селищі Волендам. Прогуляємося вузькими вуличками з «пряничних» будиночків і змож",600
https://www.i-travel.com.ua/?p=46007,Автобусний тур «Голландський калейдоскоп» зі Львова,5,Сніданок,,"Сніданок. Виселення з готелю. Переїзд в Амстердам. Переміщення містом громадським транспортом. Оглядова екскурсія «Казковий Амстердам» (у вартості туру) . Прекрасні канали, що пронизують місто наскрізь, яскраві будинки, різнокольорові велосипеди, гори квітів – це все про Амстердам! Під час оглядової екскурсії цим чудовим містом ми побачимо Королівський палац, площу Дам, найвужчий будинок в Амстердамі та інші пам’ятки! Далі для всіх бажаючих прогулянка каналами Амстердама на кораблику (22 EUR). В Амстердамі понад 150 каналів і 1200 мостів, уздовж яких розташовані будинки багатих купців 17 столі",600
https://www.i-travel.com.ua/?p=46007,Автобусний тур «Голландський калейдоскоп» зі Львова,6,Прибуття до Праги,,"Прибуття до Праги. Оглядова екскурсія «Чудова столиця» (у вартості туру). Неспішна прогулянка історичним серцем Праги: від Порохової вежі через Вацлавську площу та квартали Старого Міста, зупинка біля відомої бібліотеки і завершення маршруту на легендарному Карловому мості. Ключові символи міста, атмосфера старовини та відчуття справжньої Праги. Всім бажаючим пропонуємо прогулянку на кораблику Влтавою з обідом (40 EUR) . Далі на нас чекає екскурсія «Празький град» (20 EUR) . Під час цієї екскурсії ми побачимо сучасний символ Праги та її головну пам’ятку – резиденцію президента Чехії. Повірте, ",600
https://www.i-travel.com.ua/?p=46007,Автобусний тур «Голландський калейдоскоп» зі Львова,7,Сніданок,,"Сніданок. Виселення з готелю. За наявності часу пропонуємо відвідати чудовий Краків. Оглядова екскурсія “Королівське місто” (20 EUR; тільки трансфер до центру міста – 10 EUR) . Тут чудово поєднуються дивовижно гармонійна архітектура та королівський шик! Ми побуваємо на площі Ринок, побачимо Палац Єпископів, Королівський замок, пройдемось Королівським трактом і по Старому місту! Проходження польсько-українського кордону. Прибуття у Львів. ГОТЕЛІ Заселення не раніше 14:00. Виселення не пізніше 12:00. Якщо ви помітили несправності у номері, скажіть про це супроводжуючій або персоналу готелю. Готе",600
https://www.i-travel.com.ua/?p=46661,"Столичні пригоди: Будапешт, Відень, Прага + Краків!",1,Виїзд зі Львова о 7:00,,"Виїзд зі Львова о 7:00. Перетин кордону з Угорщиною. Запрошуємо на оглядову екскурсію «Перлина Дунаю» (20 EUR) це знайомство з найяскравішими локаціями міста. Прогуляємося жвавою вулицею Ваци, побачимо Базиліку Святого Іштвана, вийдемо на набережну Дунаю з панорамами Парламенту — символі історії й величі Угорщини. Далі дізнаємось історію набережної міста та продовжимо вечір на кораблику Дунаєм (32 EUR). Вечірній Будапешт в ілюмінації із шампанським (для дітей соком), під музику вальсів І. Штрауса. І дивовижний вид на місто та Парламент – це треба побачити! Поселення у транзитному готелі. Ночів",600
https://www.i-travel.com.ua/?p=46661,"Столичні пригоди: Будапешт, Відень, Прага + Краків!",2,Сніданок,,"Сніданок. Виселення з готелю. Переїзд до Відня. (У цей день пересування по місту здійснюється громадським транспортом. Квитки оплачуються додатково). Оглядова екскурсія «Прекрасний і ніжний Відень» (у вартості туру). Легка прогулянка елегантним Віднем: площа Марії Терезії, ансамбль королівського палацу, атмосферні вулиці Старого міста з їхньою вишуканою архітектурою та історичним шармом. Завершимо маршрут біля Оперного театру — символу музичної столиці Європи. Класичний Відень, стримана розкіш і відчуття імперської величі. Далі побачимо справжні «Скарби Габсбургів» (20 EUR + вх. квиток) . Унік",600
https://www.i-travel.com.ua/?p=46661,"Столичні пригоди: Будапешт, Відень, Прага + Краків!",3,Сніданок та виселення з готелю,,"Сніданок та виселення з готелю. Переїзд до Праги. (У цей день пересування по місту здійснюється громадським транспортом. Квитки оплачуються додатково). Оглядова екскурсія «Чудова столиця» (у вартості туру). Неспішна прогулянка історичним серцем Праги: від Порохової вежі через Вацлавську площу та квартали Старого Міста, зупинка біля відомої бібліотеки і завершення маршруту на легендарному Карловому мості. Ключові символи міста, атмосфера старовини та відчуття справжньої Праги. Екскурсія «Мала Страна» (20 EUR) . Затишні вулички, червоні дахи та середньовічна атмосфера — Мала Страна покаже вам ро",600
https://www.i-travel.com.ua/?p=46661,"Столичні пригоди: Будапешт, Відень, Прага + Краків!",4,Сніданок,,"Сніданок. Виселення з готелю. Переїзд до Кракова. Пропонуємо відвідати чудовий Краків з екскурсією «Королівське місто» (20 EUR) . Тут чудово поєднуються дивовижно гармонійна архітектура та королівський шик! Ми побуваємо на Ринковій площі, побачимо Палац Єпископів, Королівський замок, пройдемося Королівською дорогою та Старим містом! Якщо ви бажаєте відвідати Краків без супроводу професійного гіда, є можливість придбати лише трансфер до міста – 10 EUR Збір групи. Перетин польсько-українського кордону. Прибуття до Львова орієнтовно о 23:00 (Точний час прибуття залежить від проходження кордону). ",600
https://www.i-travel.com.ua/?p=10078,Автобусний тур «Словацька мелодія з Віденським шармом!»,1,Зустріч туристів у Львові з представником компанії о 06,,"Зустріч туристів у Львові з представником компанії о 06.30. Відправлення зі Львова о 07.00 Переїзд до Словаччини – країну чарівних гір, блискучих лісів, смарагдових печер та цілющих мінеральних джерел. Тут можна зустріти все: і «замки лицарів», що відбиваються у водній гладі, і загадково мерехтливий у темряві «старої вежі вогник», і неприступні гірські вершини, і мальовничі рівнини, і крихітні села з унікальними музеями-заповідниками народної творчості, і невеликі містечка, що зберегли середньовічну чарівність. Прибуття у Кошице. Запрошуємо на оглядову екскурсію європейським містом Кошице (20 ",600
https://www.i-travel.com.ua/?p=10078,Автобусний тур «Словацька мелодія з Віденським шармом!»,2,Сніданок,,"Сніданок. Виселення із готелю. Знайомство з Високими Татрами ! На нас чекають неймовірні краєвиди Кежмарока . Наступна зупинка – місто Попрад , яке є історичним регіоном країни. Побачимо аутентичне життя словаків, їх побут та традиції. (20 EUR) Продовжуємо знайомство зі Словаччиною краєвидами Штребського Плеса , яке займає друге місце за величиною серед озер Високих Татр у Словаччині! (35 EUR) Поселення у готель. Ночівля.",425
https://www.i-travel.com.ua/?p=10078,Автобусний тур «Словацька мелодія з Віденським шармом!»,3,Сніданок,,"Сніданок. Виселення із готелю. Королівський замок Червени Камінь (30 EUR). Збудований ще у XIII ст. як королівський палац і перебудований пізніше у фортецю – це один із найбільш зберігся до цих замків у Словаччині. Липова алея поблизу замку приголомшливі інтер єри, неприступна зовні фортеця – чудове місце для прогулянок та знайомства з архітектурними скарбами Словаччини. Переїзд до Братислави. Оглядова екскурсія Братиславою: відвідування Замку Братислави (колишня резиденція Марії – Терезії), його правителі імперії Габсбургів обрали місцем своєї коронації, прогулянка в центр колишнім шляхом кор",600
https://www.i-travel.com.ua/?p=10078,Автобусний тур «Словацька мелодія з Віденським шармом!»,4,Сніданок,,"Сніданок. Виселення з готелю. Переїзд до Відня. Відень — одна з найчарівніших столиць Європи, яка вражає своєю величчю з перших секунд. Розпочинаємо оглядову екскурсію «Прекрасний і ніжний Відень» (45 EUR) ,Легка прогулянка елегантним Віднем: площа Марії Терезії, ансамбль королівського палацу, атмосферні вулиці Старого міста з їхньою вишуканою архітектурою та історичним шармом. Завершимо маршрут біля Оперного театру — символу музичної столиці Європи. Класичний Відень, стримана розкіш і відчуття імперської величі. Якщо ви бажаєте відвідати Відень без супроводу професійного гіда, є можливість пр",600
https://www.i-travel.com.ua/?p=10078,Автобусний тур «Словацька мелодія з Віденським шармом!»,5,Сніданок,,"Сніданок. Виселення з готелю. Запрошуємо на оглядову екскурсію «Перлина Дунаю» (у вартості туру) це знайомство з найяскравішими локаціями міста. Прогуляємося жвавою вулицею Ваци, побачимо Базиліку Святого Іштвана, вийдемо на набережну Дунаю з панорамами Парламенту — символі історії й величі Угорщини. Збір групи. Повернення до України орієнтовно о 21.00. (Точний час залежить від проходження кордону). . Готелі Заселення до готелю не раніше 14:00. По можливості, для наших туристів буде надано раннє заселення. Сніданку цього дня не надається. Виселення з готелю не пізніше 10 години. Якщо ви поміти",600
https://www.i-travel.com.ua/avtobusna-podorozh-kurazh-stolytsyamy-zi-lvova/,Автобусна подорож “Кураж столицями” зі Львова,1,6,,"06.30 зустріч групи. 7.00 Відправлення зі Львова, проходження кордону. Переїзд м. в Краків. Оглядова екскурсія містом Польських королів (20 EUR) . Тут чудово поєднуються дивовижно гармонійна архітектура та королівський шик! Ми побуваємо на площі Ринок, побачимо Палац Єпископів, Королівський замок, пройдемось Королівським трактом і по Старому місту! Активним туристам пропонуємо відвідати: Екскурсія Вавельский замок (20 EUR+ вхідний квиток) . Головна історична пам’ятка і символ не тільки Кракова, але й всієї Польщі. Розташований на лівому березі річки Вісли, на холмі Вавель. Палац має богату іст",600
https://www.i-travel.com.ua/avtobusna-podorozh-kurazh-stolytsyamy-zi-lvova/,Автобусна подорож “Кураж столицями” зі Львова,2,Сніданок,,"Сніданок. Виселення з готеля. Переїзд в Прагу. Оглядова екскурсія «Велична столиця» (у вартості туру). Неспішна прогулянка історичним серцем Праги: від Порохової вежі через Вацлавську площу та квартали Старого Міста, зупинка біля відомої бібліотеки і завершення маршруту на легендарному Карловому мості. Ключові символи міста, атмосфера старовини та відчуття справжньої Праги. Для всіх охочих пропонуємо покататися на кораблику по Влтаві (40 EUR) неймовірний вид на Прагу, плюс до всього на кораблику знаходиться шведський стіл, де ви зможете пообідати. Екскурсія «Вишеград» (20 EUR). Вишеград — це м",600
https://www.i-travel.com.ua/avtobusna-podorozh-kurazh-stolytsyamy-zi-lvova/,Автобусна подорож “Кураж столицями” зі Львова,3,Сніданок,,"Сніданок. Виселення з готелю. Переїзд до Відня. Оглядова екскурсія «Прекрасний і ніжний Відень» (45 EUR) . Легка прогулянка елегантним Віднем: площа Марії Терезії, ансамбль королівського палацу, атмосферні вулиці Старого міста з їхньою вишуканою архітектурою та історичним шармом. Завершимо маршрут біля Оперного театру — символу музичної столиці Європи. Класичний Відень, стримана розкіш і відчуття імперської величі. Пропонуємо на вибір факультативні екскурсії: Шарм віденських кав’ярень (25 EUR) Запрошуємо вас на неспішну подорож у саме серце віденської культури — світ легендарних кав’ярень, де ",600
https://www.i-travel.com.ua/avtobusna-podorozh-kurazh-stolytsyamy-zi-lvova/,Автобусна подорож “Кураж столицями” зі Львова,4,Зупинка на сніданок (оплачується додатково),,"Зупинка на сніданок (оплачується додатково). Прибуття до Львова орієнтовно о 10:00 (залежить від проходження кордону). В екскурсійних автобусних турах ми їдемо згідно Угоди про міжнародні нерегулярні перевезення пасажирів автобусами (Угода INTERBUS) Угода INTERBUS від 30.06.2001р., до якої Україна приєдналась 16.10.2012р. згідно Закону України «Про приєднання України до Угоди про міжнародні нерегулярні перевезення пасажирів автобусами (Угода INTERBUS)» від 16.10.2012р. Відповідно до Угоди INTERBUS ми їдемо із зачиненими дверима , тобто – це такий тип перевезення, коли той самий автобус викорис",600
https://www.i-travel.com.ua/?p=44883,Автобусний тур «Угорський танок: Будапешт і Відень» зі Львова,1,Збір групи на вокзалі о 6,,"Збір групи на вокзалі о 6.30 Відправлення о 7.00 Запрошуємо на оглядову екскурсію «Перлина Дунаю» (20 EUR) це знайомство з найяскравішими локаціями міста. Прогуляємося жвавою вулицею Ваци, побачимо Базиліку Святого Іштвана, вийдемо на набережну Дунаю з панорамами Парламенту — символі історії й величі Угорщини. Далі дізнаємось історію набережної міста та продовжимо вечір на кораблику Дунаєм (32 EUR). Вечірній Будапешт в ілюмінації із шампанським (для дітей соком), під музику вальсів І. Штрауса. І дивовижний вид на місто та Парламент – це треба побачити! Поселення до готелю. Ночівля.",588
https://www.i-travel.com.ua/?p=44883,Автобусний тур «Угорський танок: Будапешт і Відень» зі Львова,2,Сніданок,,"Сніданок. Переїзд до Відня. Відень — одна з найчарівніших столиць Європи, яка вражає своєю величчю з перших секунд. Мальовничі вулиці, величні площі та розкішні палаци подарують море незабутніх вражень! Оглядова екскурсія «Прекрасний і ніжний Відень» (45 EUR) . Легка прогулянка елегантним Віднем: площа Марії Терезії, ансамбль королівського палацу, атмосферні вулиці Старого міста з їхньою вишуканою архітектурою та історичним шармом. Завершимо маршрут біля Оперного театру — символу музичної столиці Європи. Класичний Відень, стримана розкіш і відчуття імперської величі. Якщо ви бажаєте відвідати ",600
https://www.i-travel.com.ua/?p=44883,Автобусний тур «Угорський танок: Будапешт і Відень» зі Львова,3,Сніданок у готелі,,"Сніданок у готелі. Пропонуємо на вибір екскурсії: Екскурсія в Сентендре мальовниче містечко в Угорщині, розташоване на берегах Дунаю. Воно відоме своєю архітектурою середньовічної Європи, вузькими вуличками, кам яними будинками та численними мистецькими галереями та майстернями. Сентендре також славиться своїми музеями, особливо Музеєм кераміки та Музеєм марципану. відвідування музею марципанів (вх.квиток) . Далі на нас чекає Вишеград – історичне місто, розташоване на березі Дуная. Місто відоме своєю вражаючою середньовічною фортецею, яка гордо знаходиться на вершині гори, забезпечуючи захоплю",600
https://www.i-travel.com.ua/?p=44883,Автобусний тур «Угорський танок: Будапешт і Відень» зі Львова,4,Сніданок у готелі,,"Сніданок у готелі. Виселення. Активним туристам за наявності часу додатково пропонуємо відвідати наступні екскурсії: Екскурсія «Колоритний Егер» (20 EUR). Прогуляємось старовинними вуличками, побачимо Турецький мінарет, Церкву Святого Антонія, Церкву цистерціанців, а також оглянемо головну пам’ятку – Егерську фортецю, оборона якої увійшла в історію. Дегустація вин у Долині красунь (26 EUR) – буде чудовим завершенням екскурсійного дня, можливість розслабитися та отримати задоволення від знаменитих угорських вин та гуляшу. Прибуття до Львова орієнтовно о 22.00. Точний час залежить від проходженн",600
https://www.i-travel.com.ua/?p=17126,"Автобусний тур «Європейська розкіш – Ніцца, Монако, Портофіно…» зі Львова",1,Виїзд зі Львова,,"Виїзд зі Львова. Перетин українсько-угорського кордону. За наявності часу, подорож до Будапешту. Запрошуємо на оглядову екскурсію «Перлина Дунаю» (20 EUR) це знайомство з найяскравішими локаціями міста. Прогуляємося жвавою вулицею Ваци, побачимо Базиліку Святого Іштвана, вийдемо на набережну Дунаю з панорамами Парламенту — символі історії й величі Угорщини. Вільний час, рекомендуємо – прогулянку на кораблику Дунаєм (32 EUR) . Вечірній Будапешт в ілюмінації під музику вальсів І. Штрауса – це треба побачити. Нічний переїзд до Італії.",537
https://www.i-travel.com.ua/?p=17126,"Автобусний тур «Європейська розкіш – Ніцца, Монако, Портофіно…» зі Львова",2,Переїзд до Венеції,,"Переїзд до Венеції. Проїзд до центральної площі в обидві сторони на громадському транспорті (30 EUR) . Оглядова екскурсія «Заручена з морем – Венеція!» (у вартості туру) . Місто нагадує декорації для романтичних фільмів, а кожна вуличка, кожен будинок зберігає велику історію минулих століть. Прогулянка на справжній венеціанській гондолі (35 EUR) . У місті, де немає доріг, панують човни. Спробуйте і відчуйте, як ваші турботи зникають, коли гондольєр у смугастій сорочці провезе вас лабіринтом водних шляхів, а потім з’єднає з центральним Гранд-каналом. Прогулянка на катері Гранд каналом (35 EUR) ",600
https://www.i-travel.com.ua/?p=17126,"Автобусний тур «Європейська розкіш – Ніцца, Монако, Портофіно…» зі Львова",3,Сніданок,,"Сніданок. Виселення з готелю. Виїжджаємо в чарівну і колоритну Геную , де нас чекає оглядова екскурсія (у вартості туру). Пам ятки італійської Генуї ваблять туристів мальовничою красою і неповторною архітектурою. Чудові будинки, ліпні та фрескові фасади та дорогоцінні колекції творів мистецтва нагадують про «генуезьке століття», золотий вік культурного розвитку міста. Саме тут народився Христофор Колумб і Нікколо Паганіні. Середньовіччя і еклектика, античність і модерн – все гармонійно переплітається в цьому унікальному місті. Вільний час у Генуї. Для всіх бажаючих пропонуємо екскурсію «Перлин",600
https://www.i-travel.com.ua/?p=17126,"Автобусний тур «Європейська розкіш – Ніцца, Монако, Портофіно…» зі Львова",4,Сніданок,,"Сніданок. Виселення з готелю. Сьогодні насолоджуємося кращим, що є у Франції ! Сонце, море, скелясті уступи, старовинні пам ятки, фешенебельні магазини і, звичайно, вишукана французька кухня та вино. Все це – Лазурне узбережжя! За наявності часу поїздка на фабрику парфумерії Fragonard (у вартості туру) — унікальна можливість дізнатися, як народжуються знамениті французькі аромати. Під час екскурсії ви побачите процес виготовлення парфумів, ароматні лабораторії та зможете відчути магію створення неповторних запахів Факультативне відвідування князівства Монако ( туристи, які не беруть екскурсію,",600
https://www.i-travel.com.ua/?p=17126,"Автобусний тур «Європейська розкіш – Ніцца, Монако, Портофіно…» зі Львова",5,Сніданок,,"Сніданок. Виселення з готелю. На нас чекає поїздка до найбільшого італійського озеро – Гарда , оточеного мальовничими природними пейзажами та Альпійськими горами (у вартості туру) . Прогуляємось мальовничим містом Сірміоне, що знаходиться на південному березі озера. Вирушимо в захоплюючу прогулянку вуличками цього середньовічного міста, яке відоме своїми кам яними будиночками, замком та стародавніми вежами. Запрошуємо на незабутню прогулянку на катері по чарівному озеру Гарда (20 EUR) ! Це буде захоплююча подорож, де ви зможете насолодитися мальовничими пейзажами, свіжим повітрям та спокоєм, я",600
https://www.i-travel.com.ua/?p=17126,"Автобусний тур «Європейська розкіш – Ніцца, Монако, Портофіно…» зі Львова",6,Переїзд територією Угорщини,,"Переїзд територією Угорщини. За наявності часу пропонуємо відвідати наступні екскурсії: Екскурсія «Колоритний Егер» (20 EUR) . Прогуляємось старовинними вуличками, побачимо Турецький мінарет, Церкву Святого Антонія, Церкву цистерціанців, а також оглянемо головну пам’ятку – Егерську фортецю, оборона якої увійшла в історію. Дегустація вин у Долині красунь (26 EUR) – буде чудовим завершенням екскурсійного дня, можливість розслабитися та отримати задоволення від знаменитих угорських вин та гуляшу. Приїзд в Україну у другій половині дня. Готелі Заселення до готелю не раніше 14:00. По можливості, дл",600
https://www.i-travel.com.ua/?p=21694,Автобусний тур «Лазурний МЕГАтур» зі Львова,1,Зустріч туристів з представником компанії біля автобуса на Залізничному вокзалі,,"Зустріч туристів з представником компанії біля автобуса на Залізничному вокзалі. Посадка в комфортабельний автобус. Відправлення зі Львова. Проходження українсько-угорського кордону. Переїзд в Угорщину. Запрошуємо на прогулянку на кораблику по Дунаю (32 EUR) . Вечірній Будапешт в ілюмінації з шампанським (для дітей соком), під музику вальсів Й. Штрауса і неймовірний вид на місто і Парламент – це треба побачити! Переїзд в готель на території Угорщини. Заселення, ніч в готелі.",479
https://www.i-travel.com.ua/?p=21694,Автобусний тур «Лазурний МЕГАтур» зі Львова,2,Сніданок,,"Сніданок. Виселення з готелю. Переїзд в Словенію . Запрошуємо на оглядову екскурсію по столиці «Затишна Любляна»! (у вартості туру). На Вас чекають прогулянки її старовинними і тихими вуличками. Любляна – це справжнісінький музей під відкритим небом, адже їй вдалося зберегти в собі дух старого міста! Це не тільки замки-фортеці і старовинні легенди про драконів, лицарів, а й чудові місцеві визначні пам ятки: Францисканська церква Богоматері, Міська площа, і Ратуша, Собор Святого Миколая. Люблінський замок з оглядовим майданчиком на головній вежі, звідки відкривається чудовий вид на місто. Далі ",600
https://www.i-travel.com.ua/?p=21694,Автобусний тур «Лазурний МЕГАтур» зі Львова,3,Сніданок,,"Сніданок. Виселення з готелю. Виїжджаємо в чарівну і колоритну Геную , де нас чекає оглядова екскурсія (у вартості туру). Пам ятки італійської Генуї ваблять туристів мальовничою красою і неповторною архітектурою. Чудові будинки, ліпні та фрескові фасади та дорогоцінні колекції творів мистецтва нагадують про «генуезьке століття», золотий вік культурного розвитку міста. Для всіх бажаючих пропонуємо екскурсію «Перлини узбережжя» (60 EUR) з Рапало ми вирушимо на кораблику в Портофіно (квитки у вартості екскурсії) , де ви зможете насолодитися захоплюючим панорамним видом на гавань і мальовниче узбе",600
https://www.i-travel.com.ua/?p=21694,Автобусний тур «Лазурний МЕГАтур» зі Львова,4,Сніданок,,"Сніданок. Виселення з готелю. Запрошуємо всіх на екскурсію Чінкве-Терре (55 EUR)* або як ще називають це місце 4 земель – природне багатство у всій своїй красі! Відоме в усьому світі, як кілька маленьких стародавніх поселень на сході Лігурійського узбережжя. Ріомаджоре, Манарола, Вернацца і Монтероссо – старовинні містечка, з єднані між собою мальовничими стежками, що проходять у горах, над морем. Унікальний природний парк з незвичайною красою, оголошений ЮНЕСКО «Всесвітньою спадщиною». *Поїздка на екскурсію відбувається на громадському транспорті, квитки на який включено у вартість. Переїзд д",600
https://www.i-travel.com.ua/?p=21694,Автобусний тур «Лазурний МЕГАтур» зі Львова,5,Сніданок,,"Сніданок. Сьогодні насолоджуємося кращим, що є у Франції ! Сонце, море, скелясті уступи, старовинні пам ятки, фешенебельні магазини і, звичайно, вишукана французька кухня та вино. Все це – Лазурний берег! Запрошуємо на оглядову екскурсію по всесвітньо визнаній столиці Лазурного узбережжя – Ніцці (у вартості туру) . Прогуляємося Англійською набережною, де раніше полюбляли проводити свій час Моне, Ренуар, Марк Шагал та інші діячі мистецтва. Це одна з найкрасивіших прогулянкових алей Середземномор я, де ви зможете насолоджуватися свіжим повітрям, шумом хвиль і красивими ландшафтами. Ніцца має вра",600
https://www.i-travel.com.ua/?p=21694,Автобусний тур «Лазурний МЕГАтур» зі Львова,6,Сніданок,,"Сніданок. Виселення з готелю. У вільний час рекомендуємо екскурсію «Французька рів єра» (60 EUR). Розкішний і аристократичний Антиб з аутентичним старим містом, колоритним ринком і портом, де стоять на причалі фешенебельні яхти, давнім замком Гримальді, перетвореним на музей сучасного мистецтва – це місто знайде свій куточок у вашому серці. Кінозірка Рів’єри, місто знаменитостей та розкоші – Канни , відоме на весь світ завдяки Міжнародному кінофестивалю, що проходить тут щороку наприкінці травня. Але, насамперед, це розкішний курорт з ідеальними кліматичними та погодними умовами: м’якою зимою ",600
https://www.i-travel.com.ua/?p=21694,Автобусний тур «Лазурний МЕГАтур» зі Львова,7,Переїзд до Венеції,,"Переїзд до Венеції. Проїзд до центральної площі в обидві сторони на громадському транспорті (30 EUR) . Оглядова екскурсія «Заручена з морем – Венеція!» (у вартості туру) . Місто нагадує декорації для романтичних фільмів, а кожна вуличка, кожен будинок зберігає велику історію минулих століть. Прогулянка на справжній венеціанській гондолі (35 EUR) . У місті, де немає доріг, панують човни. Спробуйте і відчуйте, як ваші турботи зникають, коли гондольєр у смугастій сорочці провезе вас лабіринтом водних шляхів, а потім з’єднає з центральним Гранд-каналом. Прогулянка на катері Гранд каналом (35 EUR) ",600
https://www.i-travel.com.ua/?p=21694,Автобусний тур «Лазурний МЕГАтур» зі Львова,8,Прибуття до Львова у другій половині дня Готелі Заселення до готелю не раніше 14:00,,"Прибуття до Львова у другій половині дня Готелі Заселення до готелю не раніше 14:00. По можливості, для наших туристів буде надано раннє заселення. Сніданку цього дня не надається. Виселення з готелю не пізніше 10 години. Якщо ви помітили неполадки в номері при заселенні – одразу ж повідомте про це співробітників готелю. Готелі за програмою можуть бути замінені на інші. Туристи, що подорожують одні, можуть бути розміщені у тримісних номерах. Під час сніданків у готелі забороняється виносити їжу із собою. Екскурсії Вартість факультативних екскурсій не повертається (крім випадків, коли група не ",600
https://www.i-travel.com.ua/?p=49335,Автобусний тур «Лазурний шик: 2 дні на Рив єрі» зі Львова,1,Виїзд зі Львова,,"Виїзд зі Львова. Перетин українсько-угорського кордону. За наявності часу, подорож до Будапешту. Запрошуємо на оглядову екскурсію «Перлина Дунаю» (20 EUR) це знайомство з найяскравішими локаціями міста. Прогуляємося жвавою вулицею Ваци, побачимо Базиліку Святого Іштвана, вийдемо на набережну Дунаю з панорамами Парламенту — символі історії й величі Угорщини. Вільний час, рекомендуємо – прогулянку на кораблику Дунаєм (32 EUR) . Вечірній Будапешт в ілюмінації під музику вальсів І. Штрауса – це треба побачити. Нічний переїзд до Італії.",537
https://www.i-travel.com.ua/?p=49335,Автобусний тур «Лазурний шик: 2 дні на Рив єрі» зі Львова,2,Переїзд до Венеції,,"Переїзд до Венеції. Проїзд до центральної площі в обидві сторони на громадському транспорті (30 EUR) . Оглядова екскурсія «Заручена з морем – Венеція!» (у вартості туру) . Місто нагадує декорації для романтичних фільмів, а кожна вуличка, кожен будинок зберігає велику історію минулих століть. Прогулянка на справжній венеціанській гондолі (35 EUR) . У місті, де немає доріг, панують човни. Спробуйте і відчуйте, як ваші турботи зникають, коли гондольєр у смугастій сорочці провезе вас лабіринтом водних шляхів, а потім з’єднає з центральним Гранд-каналом. Прогулянка на катері Гранд каналом (35 EUR) ",600
https://www.i-travel.com.ua/?p=49335,Автобусний тур «Лазурний шик: 2 дні на Рив єрі» зі Львова,3,Сніданок,,"Сніданок. Виселення з готелю. Оглядова екскурсія у Верону (у вартості туру) – місті з багатовіковою історією, оповите безліччю таємниць та загадок. А також одного з найромантичніших міст світу, прославлене Шекспіром, Петраркою, Гете та Байроном. У знаменитому дворі будинку Джульєтти, під її балконом, закохані присягаються один одному у вічній вірності. На вас чекають історії з життя Данте, відомих веронських сімей Монтеккі та Капулетті, непрості долі Синьйорів делла Скала та їхніх нащадків, Моцарта та Сальєрі. На нас чекає поїздка до найбільшого італійського озеро – Гарда , оточеного мальовнич",600
https://www.i-travel.com.ua/?p=49335,Автобусний тур «Лазурний шик: 2 дні на Рив єрі» зі Львова,4,Сніданок,,"Сніданок. Виселення з готелю. Переїзд на Лазурове узбережжя. Сьогодні насолоджуємося кращим, що є у Франції ! Сонце, море, скелясті уступи, старовинні пам’ятки, фешенебельні магазини і, звичайно, вишукана французька кухня та вино. Все це – Лазурний берег! За наявності часу поїздка на фабрику парфумів Fragonard (у вартості туру) — унікальна можливість дізнатися, як народжуються знамениті французькі аромати. Під час екскурсії ви побачите процес виготовлення парфумів, ароматні лабораторії та зможете відчути магію створення неповторних запахів. Запрошуємо на екскурсію ( туристи, які не беруть екск",600
https://www.i-travel.com.ua/?p=49335,Автобусний тур «Лазурний шик: 2 дні на Рив єрі» зі Львова,5,Сніданок,,"Сніданок. Виселення з готелю. Вільний час на Рив’єрі. За бажанням пропонуємо трансфер до Ніцци від готелю (20 EUR) . У вільний час рекомендуємо екскурсію «Французька рив’єра» (60 EUR). Розкішний і аристократичний Антиб з аутентичним старим містом, колоритним ринком і портом, де стоять на причалі фешенебельні яхти, давнім замком Гримальді, перетвореним на музей сучасного мистецтва – це місто знайде свій куточок у вашому серці. Кінозірка Рів’єри, місто знаменитостей та розкоші – Канни , відоме на весь світ завдяки Міжнародному кінофестивалю, що проходить тут щороку наприкінці травня. Але, насамп",600
https://www.i-travel.com.ua/?p=49335,Автобусний тур «Лазурний шик: 2 дні на Рив єрі» зі Львова,6,Сніданок,,"Сніданок. Виселення з готелю. Запрошуємо на оглядову екскурсію “Мілан – давній і сучасний” (у вартості туру) . Ми побачимо Дуомо – відомий символ міста готичний собор пізнього Середньовіччя, розкішну галерею пасаж Вітторіо Емануеле, площу Ла Скала і сам театр, побудований на гроші міланських меломанів, Замок Сфорцеско, і звичайно найвідоміший шопінг в столиці італійської моди. За бажанням запрошуємо на екскурсію в собор Дуомо або народження Діви Марії (25 EUR) . Відвідаємо з екскурсією один з найгарніших готичних храмів Європи, і один з найбільших у світі. Екскурсія на озеро Комо (40 EUR, поїз",600
https://www.i-travel.com.ua/?p=49335,Автобусний тур «Лазурний шик: 2 дні на Рив єрі» зі Львова,7,Переїзд територією Угорщини,,"Переїзд територією Угорщини. За наявності часу пропонуємо відвідати наступні екскурсії: Екскурсія «Колоритний Егер» (10 EUR) . Прогуляємось старовинними вуличками, побачимо Турецький мінарет, Церкву Святого Антонія, Церкву цистерціанців, а також оглянемо головну пам’ятку – Егерську фортецю, оборона якої увійшла в історію. Дегустація вин у Долині красунь (24 EUR) – буде чудовим завершенням екскурсійного дня, можливість розслабитися та отримати задоволення від знаменитих угорських вин та гуляшу. Проходження угорсько-українського кордону. Прибуття у Львів. Готелі Заселення до готелю не раніше 14:",600
https://www.i-travel.com.ua/?p=8011,Автобусний тур «Джульєтта і гондоли» зі Львова,1,Виїзд зі Львова,,"Виїзд зі Львова. Перетин українсько-угорського кордону. За наявності часу, подорож до Будапешту. Запрошуємо на оглядову екскурсію «Перлина Дунаю» (15 EUR) в Будапешт, що приголомшує своєю величчю! Наше знайомство з містом ми почнемо зі знаменитої Площі Героїв, потім пройдемося парадним проспектом Андраші, який приваблює туристів своєю елегантністю та витонченістю, прогуляємось вулицею Ваци, де колись дуже любили проводити весь свій вільний час місцеві, та вийдемо на набережну Корзо , з якої відкривається дивовижний краєвид на Дунай! Рекомендуємо прогулянку на кораблику Дунаєм (32 EUR). Вечірні",600
https://www.i-travel.com.ua/?p=8011,Автобусний тур «Джульєтта і гондоли» зі Львова,2,Переїзд до Венеції,,"Переїзд до Венеції. Проїзд в обидві сторони до центральної площі Сан-Марко на катері (30 EUR). Оглядова екскурсія «Заручена з морем – Венеція!» (у вартості туру). Місто нагадує декорації для романтичних фільмів, а кожна вуличка, кожен будинок зберігає велику історію минулих століть. Прогулянка на справжній венеціанській гондолі (35 EUR). У місті, де немає доріг, панують човни. Спробуйте і відчуйте, як ваші турботи зникають, коли гондольєр у смугастій сорочці провезе вас лабіринтом водних шляхів, а потім з’єднає з центральним Гранд-каналом. Відвідування з екскурсоводом «Палацу Дожів» (20 EUR, в",600
https://www.i-travel.com.ua/?p=8011,Автобусний тур «Джульєтта і гондоли» зі Львова,3,Сніданок,,"Сніданок. Виселення з готелю. Екскурсія у Вероні (40 EUR) [до вартості входить трансфер і екскурсія] – місті з багатовіковою історією, оповите безліччю таємниць та загадок. А також одного з найромантичніших міст світу, прославлене Шекспіром, Петраркою, Гете та Байроном. У знаменитому дворі будинку Джульєтти, під її балконом, закохані присягаються один одному у вічній вірності. На вас чекають історії з життя Данте, відомих веронських сімей Монтеккі та Капулетті, непрості долі Синьйорів делла Скала та їхніх нащадків, Моцарта та Сальєрі. [якщо ви бажаєте відвідати Верону без супроводу професійног",600
https://www.i-travel.com.ua/?p=8011,Автобусний тур «Джульєтта і гондоли» зі Львова,4,Прибуття до України,,"Прибуття до України. Готелі Заселення до готелю не раніше 14:00. По можливості, для наших туристів буде надано раннє заселення. Сніданку цього дня не надається. Виселення з готелю не пізніше 10 години. Якщо ви помітили неполадки в номері при заселенні – одразу ж повідомте про це співробітників готелю. Готелі за програмою можуть бути замінені на інші. Туристи, що подорожують одні, можуть бути розміщені у тримісних номерах. Під час сніданків у готелі забороняється виносити їжу із собою. Екскурсії Вартість факультативних екскурсій не повертається (крім випадків, коли група не набралася) та не пер",600
https://www.i-travel.com.ua/?p=47356,"Автобусний тур «Спокусливе тріо: Венеція, Ніцца, Барселона» зі Львова",1,Виїзд зі Львова,,"Виїзд зі Львова. Перетин українсько-угорського кордону. За наявності часу, подорож до Будапешту. Запрошуємо на оглядову екскурсію «Перлина Дунаю» (15 EUR) в Будапешт, що приголомшує своєю величчю! Наше знайомство з містом ми почнемо зі знаменитої Площі Героїв, потім пройдемося парадним проспектом Андраші, який приваблює туристів своєю елегантністю та витонченістю, прогуляємось вулицею Ваци, де колись дуже любили проводити весь свій вільний час місцеві, та вийдемо на набережну Корзо , з якої відкривається дивовижний краєвид на Дунай! Вільний час, рекомендуємо – прогулянку на кораблику Дунаєм (3",600
https://www.i-travel.com.ua/?p=47356,"Автобусний тур «Спокусливе тріо: Венеція, Ніцца, Барселона» зі Львова",2,Переїзд до Венеції,,"Переїзд до Венеції. Проїзд до центральної площі в обидві сторони на громадському транспорті (30 EUR) . Оглядова екскурсія «Заручена з морем – Венеція!» (у вартості туру) . Місто нагадує декорації для романтичних фільмів, а кожна вуличка, кожен будинок зберігає велику історію минулих століть. Прогулянка на справжній венеціанській гондолі (30 EUR) . У місті, де немає доріг, панують човни. Спробуйте і відчуйте, як ваші турботи зникають, коли гондольєр у смугастій сорочці провезе вас лабіринтом водних шляхів, а потім з’єднає з центральним Гранд-каналом. Прогулянка на катері Гранд каналом (30 EUR) ",600
https://www.i-travel.com.ua/?p=47356,"Автобусний тур «Спокусливе тріо: Венеція, Ніцца, Барселона» зі Львова",3,Сніданок,,"Сніданок. Виселення з готелю. Сьогодні ми відвідаємо гастрономічну столицю Італії місто Болонья (оглядова екскурсія у вартості туру) . Яке є не тільки гастрономічним раєм, батьківщиною багатьох страв, які прославили італійську кухню на весь світ. Болонья – це ще історія та легенди, що передаються з покоління в покоління місцевими жителями, які дуже люблять та пишаються своїм містом. Тут знаходиться найстаріший університет Європи, криті арочні галереї, що розтягнулися на сорок кілометрів, п’ятий за величиною храм планети. В одній із місцевих церков встановлено орган, на якому грав сам Моцарт, з",600
https://www.i-travel.com.ua/?p=47356,"Автобусний тур «Спокусливе тріо: Венеція, Ніцца, Барселона» зі Львова",4,Сніданок,,"Сніданок. Виселення з готелю. Сьогодні насолоджуємося кращим, що є у Франції ! Сонце, море, скелясті уступи, старовинні пам’ятки, фешенебельні магазини і, звичайно, вишукана французька кухня та вино. Все це – Лазурне узбережжя! Запрошуємо на оглядову екскурсію по всесвітньо визнаній столиці Лазурного узбережжя – Ніцці (у вартості туру) . Прогуляємося Англійською набережною, де раніше полюбляли проводити свій час Моне, Ренуар, Марк Шагал та інші діячі мистецтва. Це одна з найкрасивіших прогулянкових алей Середземномор’я, де ви зможете насолоджуватися свіжим повітрям, шумом хвиль і красивими лан",600
https://www.i-travel.com.ua/?p=47356,"Автобусний тур «Спокусливе тріо: Венеція, Ніцца, Барселона» зі Львова",5,Сніданок,,"Сніданок. Виселення з готелю. Переїзд до Барселони. Прибуття у місто у другій половині дня. Нас вітає сонячна, яскрава, вражаюча Барселона (оглядова екскурсія у вартості туру) . Місто старовинних готичних кварталів та зелених проспектів, мистецьких шедеврів Гауді і Сальвадора Далі, лазурних пляжів і апельсинових садів, веселих барів з тапас та іспанської пристрасті. Барселона справляє незабутнє перше враження! У вільний час пропонуємо відвідати екскурсію Готичним кварталом Барселони ( 20 EUR). Куточок Середньовіччя в серці каталонської столиці. Саме тут знімали відомий фільм “Парфюмер”, тут вр",600
https://www.i-travel.com.ua/?p=47356,"Автобусний тур «Спокусливе тріо: Венеція, Ніцца, Барселона» зі Львова",6,Сніданок,,"Сніданок. Виселення з готелю. Вільний час у Барселоні. Переміщення містом на громадському транспорті (квитки оплачуються додатково). Пропонуємо відвідати факультативні екскурсії: “Магія Гауді” ( 30 EUR). Творіння великого Антоніо Гауді – візитівка Барселони. Плавні лінії кам’яних хвиль будинку Міла, химерна естетика будинку Бальо, яскраві мозаїки парку Гуель… І перлина усього – Храм Святого Сімейства. Розказувати про нього марно – його треба побачити! “Іспанське село” ( 30 EUR, вхідний квиток у вартості). Уся Іспанія за кілька годин – це можливо у музеї під відкритим небом Poble Espanyol. Тут ",600
https://www.i-travel.com.ua/?p=47356,"Автобусний тур «Спокусливе тріо: Венеція, Ніцца, Барселона» зі Львова",7,Прибуття в Італію,,"Прибуття в Італію. На нас чекає поїздка до найбільшого італійського озеро – Гарда , оточеного мальовничими природними пейзажами та Альпійськими горами (у вартості туру) . Прогуляємось мальовничим містом Сірміоне, що знаходиться на південному березі озера. Вирушимо в захоплюючу прогулянку вуличками цього середньовічного міста, яке відоме своїми кам яними будиночками, замком та стародавніми вежами. Запрошуємо на незабутню прогулянку на катері по чарівному озеру Гарда (20 EUR) ! Це буде захоплююча подорож, де ви зможете насолодитися мальовничими пейзажами, свіжим повітрям та спокоєм, який подарує",600
https://www.i-travel.com.ua/?p=47356,"Автобусний тур «Спокусливе тріо: Венеція, Ніцца, Барселона» зі Львова",8,Сніданок,,"Сніданок. Виселення з готелю. Запрошуємо на оглядову екскурсію по столиці «Затишна Любляна»! (у вартості туру) . На Вас чекають прогулянки її старовинними і тихими вуличками. Любляна – це справжнісінький музей під відкритим небом, адже їй вдалося зберегти в собі дух старого міста! Це не тільки замки-фортеці і старовинні легенди про драконів, лицарів, а й чудові місцеві визначні пам’ятки: Францисканська церква Богоматері, Міська площа, і Ратуша, Собор Святого Миколая. Люблінський замок з оглядовим майданчиком на головній вежі, звідки відкривається чудовий вид на місто. Далі пропонуємо екскурсію",600
https://www.i-travel.com.ua/?p=46859,"Автобусний тур «Тисячі лайків: Венеція, Рим, Піза Флоренція» зі Львова",1,Виїзд зі Львова,,"Виїзд зі Львова. Перетин українсько-угорського кордону. За наявності часу, подорож до Будапешту. Рекомендуємо прогулянку на кораблику Дунаєм (32 EUR). Вечірній Будапешт в ілюмінації під музику вальсів І. Штрауса – це треба побачити. Нічний переїзд до Італії через Угорщину та Словенію.",285
https://www.i-travel.com.ua/?p=46859,"Автобусний тур «Тисячі лайків: Венеція, Рим, Піза Флоренція» зі Львова",2,Переїзд до Венеції,,"Переїзд до Венеції. Переїзд до Венеції. Проїзд до центральної площі в обидві сторони на громадському транспорті (30 EUR) . Оглядова екскурсія «Заручена з морем – Венеція!» (у вартості туру) . Місто нагадує декорації для романтичних фільмів, а кожна вуличка, кожен будинок зберігає велику історію минулих століть. Прогулянка на справжній венеціанській гондолі (35 EUR) . У місті, де немає доріг, панують човни. Спробуйте і відчуйте, як ваші турботи зникають, коли гондольєр у смугастій сорочці провезе вас лабіринтом водних шляхів, а потім з’єднає з центральним Гранд-каналом. Відвідування з екскурсов",600
https://www.i-travel.com.ua/?p=46859,"Автобусний тур «Тисячі лайків: Венеція, Рим, Піза Флоренція» зі Львова",3,Сніданок,,"Сніданок. Виселення з готелю. Переїзд до Риму. Пересування містом на громадському транспорті. Оглядова екскурсія «Рим – столиця світу» ( у вартості туру) дозволить поринути в атмосферу античного Риму та насолодитися найвідомішими його пам’ятками. Ви побачите Колізей, Пантеон, Римський форум, фонтан Треві та багато інших знакових місць. Кожен крок тут наповнений історією, яка захоплює уяву і відкриває перед вами велич цього стародавнього міста. Ця екскурсія — справжня подорож у часі, що залишить незабутні враження. Запрошуємо на екскурсію «Подорож до Держави Ватикан» (35 EUR, вхідний квиток 32 ",600
https://www.i-travel.com.ua/?p=46859,"Автобусний тур «Тисячі лайків: Венеція, Рим, Піза Флоренція» зі Львова",4,Сніданок,,"Сніданок. Переїзд до Флоренції. Пересування містом на громадському транспорті. Оглядова екскурсія «Прекрасна Флоренція – давня та сучасна» (у вартості туру) . Свого часу цими вулицями прогулювався сам Мікеланджело – жив, творив і надихався, а сьогодні ми поринемо в його епоху! Маршрут нашої екскурсії проходить через Площу Синьорії, головний флорентійський собор Санта Марія-дель-Фьорі, дзвіницю Джотто, старий міст Понте Веккьо – вражаючі місця! Також запрошуємо відвідати Галерею Уффіці (20 EUR + вх.квиток) — найстарішу і найвідомішу галерею Флоренції, що не поступається Паризькому Лувру. Уффіці",600
https://www.i-travel.com.ua/?p=46859,"Автобусний тур «Тисячі лайків: Венеція, Рим, Піза Флоренція» зі Львова",5,Прибуття у Львів,,"Прибуття у Львів, час повернення залежить від проходження кордону. Готелі Заселення не раніше 14:00. Виселення не пізніше 12:00. Якщо ви помітили несправності у номері, скажіть про це супроводжуючій або персоналу готелю. Готелі за програмою можуть бути замінені на альтернативні. Екскурсії Факультативні екскурсії можна придбати при бронюванні туру або безпосередньо під час поїздки. Факультативні екскурсії відбуваються при наборі групи від 15 осіб. Вартість факультативних екскурсій не підлягає поверненню якщо турист на ній не з явився. Вхідні квитки оплачуються додатково. Вхідні квитки Вартість ",600
https://www.i-travel.com.ua/?p=45491,Автобусний тур «Італійська симфонія: Венеція + Доломітові Альпи» зі Львова,1,Виїзд зі Львова,,"Виїзд зі Львова. Перетин українсько-угорського кордону. За наявності часу, подорож до Будапешту. Запрошуємо на оглядову екскурсію «Перлина Дунаю» (20 EUR) це знайомство з найяскравішими локаціями міста. Прогуляємося жвавою вулицею Ваци, побачимо Базиліку Святого Іштвана, вийдемо на набережну Дунаю з панорамами Парламенту — символі історії й величі Угорщини. Вільний час, рекомендуємо – прогулянку на кораблику Дунаєм (32 EUR). Вечірній Будапешт в ілюмінації під музику вальсів І. Штрауса і келих ігристого– це треба побачити. Нічний переїзд до Італії.",553
https://www.i-travel.com.ua/?p=45491,Автобусний тур «Італійська симфонія: Венеція + Доломітові Альпи» зі Львова,2,Переїзд до Венеції,,"Переїзд до Венеції. Проїзд в обидві сторони до центральної площі Сан-Марко на катері (30 EUR). Оглядова екскурсія «Заручена з морем – Венеція!» (у вартості туру). Місто нагадує декорації для романтичних фільмів, а кожна вуличка, кожен будинок зберігає велику історію минулих століть. Прогулянка на справжній венеціанській гондолі (35 EUR). У місті, де немає доріг, панують човни. Спробуйте і відчуйте, як ваші турботи зникають, коли гондольєр у смугастій сорочці провезе вас лабіринтом водних шляхів, а потім з’єднає з центральним Гранд-каналом. Відвідування з екскурсоводом «Палацу Дожів» (20 EUR, в",600
https://www.i-travel.com.ua/?p=45491,Автобусний тур «Італійська симфонія: Венеція + Доломітові Альпи» зі Львова,3,Сніданок,,"Сніданок. Виселення з готелю. Ласкаво просимо у Доломітові Альпи! Знайомство з Італією ми розпочнемо з оглядової екскурсії у Тренто (у вартості туру) , одному з найгарніших міст у Альпах, засноване дві тисячі років тому, місце резиденцій впливових єпископів та імператорів Священної Римської імперії, що зберігає залишки римської епохи: підземні вулиці, сторожові вежі, будинки патриціїв. Пропонуємо екскурсію до замку Буонконсільйо (10 EUR + вх. квиток 12 EUR) – резиденцію єпископів, шедевру Середньовіччя та епохи Відродження. Під час екскурсії у вас буде можливість побачити одну з найвідоміших ф",600
https://www.i-travel.com.ua/?p=45491,Автобусний тур «Італійська симфонія: Венеція + Доломітові Альпи» зі Львова,4,Сніданок,,"Сніданок. Виселення з готелю. Оглядовоа екскурсія у Больцано (у вартості туру) – столиці Південного Тіролю – одного з найкрасивіших міст в альпійському регіоні. Тут зустрілися німецька та італійська культури, лаконічно доповнюючи одна одну через суворі традиції тірольсько-німецьких пращурів та середземноморської душі найкреативнішої нації світу — італійців. Запрошуємо у подорож Доломітовим шляхом (40 EUR) , який охоплює найвідоміші гірськолижні курорти в самому серці Доломітів. Під час екскурсії ви відвідаєте долину Ф ємме, відому своєю приголомшливою красою та вражаючими пейзажами; долину Фас",600
https://www.i-travel.com.ua/?p=45491,Автобусний тур «Італійська симфонія: Венеція + Доломітові Альпи» зі Львова,5,Сніданок,,"Сніданок. Виселення з готелю. Переїзд в Відень. Пересування містом здійснюється на громадському транспорті. Відень — одна з найчарівніших столиць Європи, яка вражає своєю величчю з перших секунд. Розпочинаємо оглядову екскурсію Віднем (у вартості туру) , під час якої побачимо головні пам’ятки міста: палацовий комплекс Хофбург, собор Святого Стефана, вулиця Грабен із чумною колоною, вінчальна церква «Августинців», римські розкопки, оперу та багато іншого. Мальовничі вулиці, величні площі та розкішні палаци подарують море незабутніх вражень! Далі побачимо справжні «Скарби Габсбургів» (20 EUR + в",600
https://www.i-travel.com.ua/?p=45491,Автобусний тур «Італійська симфонія: Венеція + Доломітові Альпи» зі Львова,6,Переїзд територією Угорщини,,"Переїзд територією Угорщини. Прибуття до України орієнтовно в обід. Час залежить від швидкості проходження кордонів. ГОТЕЛІ Заселення не раніше 14:00. Виселення не пізніше 12:00. Якщо ви помітили несправності у номері, скажіть про це супроводжуючій або персоналу готелю. Готелі за програмою можуть бути замінені на альтернативні. ЕКСКУРСІЇ Факультативні екскурсії можна придбати при бронюванні туру або безпосередньо під час поїздки. Факультативні екскурсії відбуваються при наборі групи від 15 осіб. Вартість факультативних екскурсій не підлягає поверненню якщо турист на ній не з’явився. Вхідні кви",600
https://www.i-travel.com.ua/avtobusnyj-tur-dolomitovi-alpy-mandrivka-sered-velychi-vershyn-zi-lvova/,Автобусний тур «Доломітові Альпи – мандрівка серед величі вершин» зі Львова,1,Виїзд зі Львова,,"Виїзд зі Львова. Перетин українсько-угорського кордону. За наявності часу, подорож до Будапешту. Запрошуємо на оглядову екскурсію «Перлина Дунаю» (20 EUR) це знайомство з найяскравішими локаціями міста. Прогуляємося жвавою вулицею Ваци, побачимо Базиліку Святого Іштвана, вийдемо на набережну Дунаю з панорамами Парламенту — символі історії й величі Угорщини. Вільний час, рекомендуємо – прогулянку на кораблику Дунаєм (32 EUR) . Вечірній Будапешт в ілюмінації під музику вальсів І. Штрауса і келих ігристого – це треба побачити. Ночівля у транзитному готелі.",559
https://www.i-travel.com.ua/avtobusnyj-tur-dolomitovi-alpy-mandrivka-sered-velychi-vershyn-zi-lvova/,Автобусний тур «Доломітові Альпи – мандрівка серед величі вершин» зі Львова,2,Сніданок,,"Сніданок. Виселення з готелю. Переїзд до Австрії. Запрошуємо відвідати Гальштат (40 EUR) – казкове містечко, розташоване на березі мальовничого озера у долині, схожій на фіорд. Різнокольорові будиночки, вузькі вулички, величні схили альпійських гір, блакитні води Гальштатського озера – описати всю красу цього дивовижного місця словами просто неможливо. Сюди приїжджають за красою Альп, за прогулянками середньовічними стежками, за свіжим повітрям, запаморочливими панорамами гір, за відчуттям казки та справжнього щастя. Далі на нас чекає поїздка у Зальцбург (у вартості туру) , під час якої ви від",600
https://www.i-travel.com.ua/avtobusnyj-tur-dolomitovi-alpy-mandrivka-sered-velychi-vershyn-zi-lvova/,Автобусний тур «Доломітові Альпи – мандрівка серед величі вершин» зі Львова,3,Сніданок,,"Сніданок. Виселення з готелю. Переїзд до Італії. Ласкаво просимо у Доломітові Альпи! Знайомство з Італією ми розпочнемо з оглядової екскурсії у Больцано (у вартості туру) – столиці Південного Тіролю – одного з найкрасивіших міст в альпійському регіоні. Тут зустрілися німецька та італійська культури, лаконічно доповнючи одна одну через суворі традиції тірольсько-німецьких пращурів та середземноморської душі найкреативнішої нації світу — італійців. Запрошуємо у подорож Доломітовим шляхом (40 EUR) , який охоплює найвідоміші гірськолижні курорти в самому серці Доломітів. Під час екскурсії ви відві",600
https://www.i-travel.com.ua/avtobusnyj-tur-dolomitovi-alpy-mandrivka-sered-velychi-vershyn-zi-lvova/,Автобусний тур «Доломітові Альпи – мандрівка серед величі вершин» зі Львова,4,Сніданок,,"Сніданок. Оглядова екскурсія у Тренто (у вартості туру) , одному з найгарніших міст у Альпах, засноване дві тисячі років тому, місце резиденцій впливових єпископів та імператорів Священної Римської імперії, що зберігає залишки римської епохи: підземні вулиці, сторожові вежі, будинки патриціїв. Пропонуємо екскурсію до замку Буонконсільйо (10 EUR + вх. квиток 12 EUR) – резиденцію єпископів, шедевру Середньовіччя та епохи Відродження. Під час екскурсії у вас буде можливість побачити одну з найвідоміших фресок Італії – «Цикл дванадцяти місяців». Після екскурсії екскурсії завітаємо на дегустацію іт",600
https://www.i-travel.com.ua/avtobusnyj-tur-dolomitovi-alpy-mandrivka-sered-velychi-vershyn-zi-lvova/,Автобусний тур «Доломітові Альпи – мандрівка серед величі вершин» зі Львова,5,Сніданок,,"Сніданок. Виселення з готелю. Останній день в альпах рекомендуємо провести у долині Рендена (30 EUR) ! На вас чекає незабутня пригода в оточенні величних гірських вершин, засніжених льодовиків та заповідних лісів національного парку Брента-Адамелло (вх. квиток від 4 EUR) . Нашою першою зупинкою буде Пінцоло, маленьке містечко, в якому багата історія переплітається з сучасністю. Ви зможете відчути атмосферу минулого, гуляючи затишними вуличками та насолоджуючись автентичною архітектурою. Потім переїдемо до Мадонни Ді Кампіліо, розкішного гірськолижного курорту. Одним із найбільш захоплюючих мом",600
https://www.i-travel.com.ua/avtobusnyj-tur-dolomitovi-alpy-mandrivka-sered-velychi-vershyn-zi-lvova/,Автобусний тур «Доломітові Альпи – мандрівка серед величі вершин» зі Львова,6,Сніданок,,"Сніданок. Виселення з готелю. Запрошуємо на оглядову екскурсію по столиці «Затишна Любляна»! (у вартості туру) . На Вас чекають прогулянки її старовинними і тихими вуличками. Любляна – це справжнісінький музей під відкритим небом, адже їй вдалося зберегти в собі дух старого міста! Це не тільки замки-фортеці і старовинні легенди про драконів, лицарів, а й чудові місцеві визначні пам’ятки: Францисканська церква Богоматері, Міська площа, і Ратуша, Собор Святого Миколая. Люблінський замок з оглядовим майданчиком на головній вежі, звідки відкривається чудовий вид на місто. Далі пропонуємо екскурсію",600
https://www.i-travel.com.ua/avtobusnyj-tur-dolomitovi-alpy-mandrivka-sered-velychi-vershyn-zi-lvova/,Автобусний тур «Доломітові Альпи – мандрівка серед величі вершин» зі Львова,7,Сніданок,,"Сніданок. Виселення з готелю. За наявності часу пропонуємо відвідати Угорщину та запрошуємо на наступні екскурсії: Екскурсія «Колоритний Егер» (20 EUR) . Прогуляємось старовинними вуличками, побачимо Турецький мінарет, Церкву Святого Антонія, Церкву цистерціанців, а також оглянемо головну пам’ятку – Егерську фортецю, оборона якої увійшла в історію. Дегустація вин у Долині красунь (19 EUR + вх. квиток) – буде чудовим завершенням екскурсійного дня, можливість розслабитися та отримати задоволення від знаменитих угорських вин та гуляшу. Прибуття до України ввечері. Час залежить від швидкості прохо",600
https://www.i-travel.com.ua/?p=47679,Автобусний тур «Альпійський експрес: Швейцарія + Австрія» зі Львова,1,Виїзд зі Львова,,"Виїзд зі Львова. Перетин українсько-угорського кордону. За наявності часу, подорож до Будапешту. Запрошуємо на оглядову екскурсію «Перлина Дунаю» (20 EUR) це знайомство з найяскравішими локаціями міста. Прогуляємося жвавою вулицею Ваци, побачимо Базиліку Святого Іштвана, вийдемо на набережну Дунаю з панорамами Парламенту — символі історії й величі Угорщини. Вільний час, рекомендуємо – прогулянку на кораблику Дунаєм (32 EUR) . Вечірній Будапешт в ілюмінації під музику вальсів І. Штрауса – це треба побачити. Переїзд в транзитний готель. Ночівля.",549
https://www.i-travel.com.ua/?p=47679,Автобусний тур «Альпійський експрес: Швейцарія + Австрія» зі Львова,2,Сніданок,,"Сніданок. Виселення з готелю. Переїзд в Зальцбург. Запрошуємо на екскурсію до міста Гальштат (45 EUR; якщо ви бажаєте відвідати Гальштат без супроводу професійного гіда, можно придбати трансфер до міста – 25 EUR) – казкове містечко, розташоване на березі мальовничого озера у долині, схожій на фіорд. Різнокольорові будиночки, вузькі вулички, величні схили альпійських гір, блакитні води Гальштатського озера – описати всю красу цього дивовижного місця словами просто неможливо. Сюди приїжджають за красою Альп, за прогулянками середньовічними стежками, за свіжим повітрям, запаморочливими панорамами",600
https://www.i-travel.com.ua/?p=47679,Автобусний тур «Альпійський експрес: Швейцарія + Австрія» зі Львова,3,Сніданок,,"Сніданок. Виселення з готелю. Переїзд в Швейцарію. Швейцарія зустрічає нас по-швейцарські діловим, але елегантним, містом Цюріх. ( оглядова екскурсія у вартості туру) , під час якого ви зможете побачити Банхофштрассе, собор Св. Петра з найбільшими у світі курантами, вітражі Марка Шагала в церкві Фрауенмюнстер, великий цюріхський собор Гроссмюнстер. Далі пропонуємо відвідати чарівне місто Люцерн ( 40 EUR; тільки трансфер до міста – 20 EUR ). Це унікальна можливість познайомитися з історією, культурою та природною красою цього величного швейцарського міста. Люцерн – витончене швейцарське місто, ",600
https://www.i-travel.com.ua/?p=47679,Автобусний тур «Альпійський експрес: Швейцарія + Австрія» зі Львова,4,Сніданок,,"Сніданок. Виселення з готелю. Починаємо знайомство з цією неймовірною країною з оглядової екскурсії містом Берн (у вартості туру) — столиця Швейцарії, відома своєю середньовічною атмосферою, мальовничими вуличками та архітектурними скарбами. Під час оглядової екскурсії можна побачити символ міста — Вежу з годинником (Цітглогге), старовинні аркади та будівлі з черепичними дахами. Річка Ааре додає пейзажам особливого шарму, а ведмежий парк нагадує про легендарне походження назви міста. Серед інших визначних місць — Будівля федерального парламенту та кафедральний собор з оглядовим майданчиком. Бе",600
https://www.i-travel.com.ua/?p=47679,Автобусний тур «Альпійський експрес: Швейцарія + Австрія» зі Львова,5,Сніданок,,"Сніданок. Виселення з готелю. Переїзд в Відень. Пересування містом здійснюється на громадському транспорті. Відень — одна з найчарівніших столиць Європи, яка вражає своєю величчю з перших секунд. Розпочинаємо оглядову екскурсію Віднем (у вартості туру) ,Легка прогулянка елегантним Віднем: площа Марії Терезії, ансамбль королівського палацу, атмосферні вулиці Старого міста з їхньою вишуканою архітектурою та історичним шармом. Завершимо маршрут біля Оперного театру — символу музичної столиці Європи. Класичний Відень, стримана розкіш і відчуття імперської величі. Далі побачимо справжні «Скарби Габ",600
https://www.i-travel.com.ua/?p=47679,Автобусний тур «Альпійський експрес: Швейцарія + Австрія» зі Львова,6,Сніданок,,"Сніданок. Виселення з готелю. За наявності часу пропонуємо відвідати наступні екскурсії: Екскурсія «Колоритний Егер» (20 EUR) . Прогуляємось старовинними вуличками, побачимо Турецький мінарет, Церкву Святого Антонія, Церкву цистерціанців, а також оглянемо головну пам’ятку – Егерську фортецю, оборона якої увійшла в історію. Дегустація вин у Долині красунь (26 EUR) – буде чудовим завершенням екскурсійного дня, можливість розслабитися та отримати задоволення від знаменитих угорських вин та гуляшу. Проходження угорсько-українського кордону. Прибуття у Львів. ГОТЕЛІ Заселення не раніше 14:00. Висел",600
https://www.i-travel.com.ua/?p=49014,"Автобусний тур «Тур-де-Круасан: Париж (4 дні), Нормандія, замки Луари» зі Львова",1,Виїзд зі Львова,,"Виїзд зі Львова. Перетин українсько-польського кордону. Зустріч туристів з представником компанії біля автобуса на залізничному вокзалі. Посадка в автобус. Відправлення зі Львова. Проходження кордону. За наявності часу пропонуємо відвідати чудовий Краків з екскурсією «Королівське місто» (20 EUR; тільки трансфер до центру міста – 10 EUR) . Тут чудово поєднуються дивовижно гармонійна архітектура та королівський шик! Ми побуваємо на Ринковій площі, побачимо Палац Єпископів, Королівський замок, пройдемося Королівською дорогою та Старим містом! Переїзд і заселення в транзитний готель. Ночівля.",595
https://www.i-travel.com.ua/?p=49014,"Автобусний тур «Тур-де-Круасан: Париж (4 дні), Нормандія, замки Луари» зі Львова",2,Сніданок,,"Сніданок. Виселення з готелю. Переїзд в Відень. Пересування містом здійснюється на громадському транспорті. Відень — одна з найчарівніших столиць Європи, яка вражає своєю величчю з перших секунд. Розпочинаємо оглядову екскурсію Віднем (у вартості туру) , під час якої побачимо головні пам’ятки міста: палацовий комплекс Хофбург, собор Святого Стефана, вулиця Грабен із чумною колоною, вінчальна церква «Августинців», римські розкопки, оперу та багато іншого. Мальовничі вулиці, величні площі та розкішні палаци подарують море незабутніх вражень! Далі побачимо справжні «Скарби Габсбургів» (20 EUR + в",600
https://www.i-travel.com.ua/?p=49014,"Автобусний тур «Тур-де-Круасан: Париж (4 дні), Нормандія, замки Луари» зі Львова",3,Прибуття до Парижу! Переміщення містом громадським транспортом,,"Прибуття до Парижу! Переміщення містом громадським транспортом. Оглядова екскурсія «Привіт, Париж» (у вартості туру) . Ці вулиці ви впізнаєте відразу з романтичних комедій про Париж, з мрій про вічне кохання. Ми проведемо екскурсію оглядаючи центр старого міста, де очі туристів зазвичай розбігаються не тільки від архітектури історичних споруд, а й від великої кількості бутиків справжніх французьких брендів. Довгоочікувана екскурсія до найбільш відвідуваного музею Європи – Лувр (38 EUR, вхідний квиток 3 2 EUR) . І ось, ми за крок від мрії! Мона Ліза, Венера Мілоська, Ніка Самофракійська. Під ча",600
https://www.i-travel.com.ua/?p=49014,"Автобусний тур «Тур-де-Круасан: Париж (4 дні), Нормандія, замки Луари» зі Львова",4,Сніданок,,"Сніданок. Вільний час у Парижі. Переміщення містом на громадському транспорті. Відвідування країни чудес — Діснейленду (добираємось громадським транспортом або гурповим трансфером (від 25 осіб вартістю 25 EUR, вхідний квиток можна замовити разом з туром, у гіда-супроводжуючої під час подорожі, або придбати самостійно онлайн заздалегідь – вартість залежить динамічна і залежить від дати, сезону, кількості парків для відвідування та віку туристів) — парк розваг для дітей та дорослих, він не потребує представлення. Мультиплікаційні герої оживуть, над казковим палацом знову засяє феєрверк, тільки н",600
https://www.i-travel.com.ua/?p=49014,"Автобусний тур «Тур-де-Круасан: Париж (4 дні), Нормандія, замки Луари» зі Львова",5,Сніданок,,"Сніданок. Вільний час у Парижі. Переміщення містом на громадському транспорті. Пропонуємо поринути в романтичну атмосферу старовинної Франції і відвідати екскурсію “Замки Луари” ( 88 EUR + вхідні квитки ). Величні архітектурні шедеври відкриють перед вами багатий світ французької історії та ренесансної краси. Нас зустріне замок Амбуаз – легендарна резиденція французьких королів. Саме тут, на вершині замкових стін, можна відчути дух епохи, а також вшанувати пам ять геніального Леонардо да Вінчі, чия гробниця знаходиться в каплиці замку. Вражаючі панорамні краєвиди навколишніх земель не залишать",600
https://www.i-travel.com.ua/?p=49014,"Автобусний тур «Тур-де-Круасан: Париж (4 дні), Нормандія, замки Луари» зі Львова",6,Сніданок,,"Сніданок. Виселення з готелю. Переміщення містом на громадському транспорті. Запрошуємо на пішохідну екскурсію «Богемний Монмартр» (25 EUR) – один із найвідоміших та найгучніших кварталів. Тут творилася історія паризької богеми і тут, у цій атмосфері, ми зможемо відчути себе її частиною. Наша прогулянка пройде через площу Тертр, де, як і раніше, збираються художники та інші митці, потім побачимо відоме кабаре «Мулен Руж». Далі маршрут пройде вулицею Пігаль або, як у народі прийнято називати — «вулицею червоних ліхтарів». Після обіду пропонуємо прогулятись Латинським кварталом ( 25 EUR ) — боге",600
https://www.i-travel.com.ua/?p=49159,"Автобусний тур «Їж.Люби.Подорожуй: Любляна, Венеція, Рим 2 дні, Флоренція» зі Львова",1,Виїзд зі Львова,,"Виїзд зі Львова. Перетин українсько-угорського кордону. За наявності часу, подорож до Будапешту. Рекомендуємо прогулянку на кораблику Дунаєм (32 EUR). Вечірній Будапешт в ілюмінації під музику вальсів І. Штрауса – це треба побачити. Переїзд в транзитний готель на ночівлю.",272
https://www.i-travel.com.ua/?p=49159,"Автобусний тур «Їж.Люби.Подорожуй: Любляна, Венеція, Рим 2 дні, Флоренція» зі Львова",2,Сніданок,,"Сніданок. Виселення з готелю. Переїзд до Любляни. Екскурсія «Чарівна Любляна» (у вартості туру) — це чудова можливість познайомитися з дуже милою столицею Словенії. Це невелике, але надзвичайно атмосферне місто, яке захоплює своєю архітектурою, затишними вуличками, культурною спадщиною та природною красою. Вузькі бруковані вулиці, старовинні будівлі в стилі бароко та модерн, численні кафе та сувенірні лавки створюють неймовірно теплу атмосферу. У вільний час пропонуємо Екскурсія на «Озеро Блед» (вартість 35 EUR) пропонує зануритися в казкову атмосферу одного з найкрасивіших місць Європи. Ця по",600
https://www.i-travel.com.ua/?p=49159,"Автобусний тур «Їж.Люби.Подорожуй: Любляна, Венеція, Рим 2 дні, Флоренція» зі Львова",3,Сніданок,,"Сніданок. Виселення з готелю. Переїзд до Венеції. Переїзд до Венеції. Проїзд до центральної площі в обидві сторони на громадському транспорті (30 EUR) . Оглядова екскурсія «Заручена з морем – Венеція!» (у вартості туру) . Місто нагадує декорації для романтичних фільмів, а кожна вуличка, кожен будинок зберігає велику історію минулих століть. Прогулянка на справжній венеціанській гондолі (35 EUR) . У місті, де немає доріг, панують човни. Спробуйте і відчуйте, як ваші турботи зникають, коли гондольєр у смугастій сорочці провезе вас лабіринтом водних шляхів, а потім з’єднає з центральним Гранд-кан",600
https://www.i-travel.com.ua/?p=49159,"Автобусний тур «Їж.Люби.Подорожуй: Любляна, Венеція, Рим 2 дні, Флоренція» зі Львова",4,Сніданок,,"Сніданок. Виселення з готелю. Переїзд до Риму. Пересування містом на громадському транспорті. Оглядова екскурсія «Рим – столиця світу» ( у вартості туру) дозволить поринути в атмосферу античного Риму та насолодитися найвідомішими його пам’ятками. Ви побачите Колізей, Пантеон, Римський форум, фонтан Треві та багато інших знакових місць. Кожен крок тут наповнений історією, яка захоплює уяву і відкриває перед вами велич цього стародавнього міста. Ця екскурсія — справжня подорож у часі, що залишить незабутні враження. Запрошуємо на екскурсію «Подорож до Держави Ватикан» (35 EUR, вхідний квиток 32 ",600
https://www.i-travel.com.ua/?p=49159,"Автобусний тур «Їж.Люби.Подорожуй: Любляна, Венеція, Рим 2 дні, Флоренція» зі Львова",5,Сніданок,,"Сніданок. Вільний час в Римі Пропонуємо пішохідну екскурсію Римське гетто (30 EUR) — один із найстаріших єврейських кварталів Європи з непростою історією та глибокими культурними традиціями. Тут зберігся справжній дух старого Риму: вузькі вулички, велична синагога, колоритні кафе та унікальна єврейська римська кухня, серед якої особливо відомі смажені артишоки. Далі маршрут пролягає до Трастевере — богемного району з особливою атмосферою, де вечірні ліхтарі, балкони з білизною, затишні тратторії, вулична музика та стародавні базиліки створюють живу й автентичну картину міського життя. Ця екску",600
https://www.i-travel.com.ua/?p=49159,"Автобусний тур «Їж.Люби.Подорожуй: Любляна, Венеція, Рим 2 дні, Флоренція» зі Львова",6,Сніданок,,"Сніданок. Переїзд до Флоренції. Пересування містом на громадському транспорті. Оглядова екскурсія «Прекрасна Флоренція – давня та сучасна» (у вартості туру) . Свого часу цими вулицями прогулювався сам Мікеланджело – жив, творив і надихався, а сьогодні ми поринемо в його епоху! Маршрут нашої екскурсії проходить через Площу Синьорії, головний флорентійський собор Санта Марія-дель-Фьорі, дзвіницю Джотто, старий міст Понте Веккьо – вражаючі місця! Також запрошуємо відвідати Галерею Уффіці (20 EUR + вх.квиток) — найстарішу і найвідомішу галерею Флоренції, що не поступається Паризькому Лувру. Уффіці",600
https://www.i-travel.com.ua/?p=49159,"Автобусний тур «Їж.Люби.Подорожуй: Любляна, Венеція, Рим 2 дні, Флоренція» зі Львова",7,Прибуття у Львів,,"Прибуття у Львів, час повернення залежить від проходження кордону. Готелі Заселення не раніше 14:00. Виселення не пізніше 12:00. Якщо ви помітили несправності у номері, скажіть про це супроводжуючій або персоналу готелю. Готелі за програмою можуть бути замінені на альтернативні. Екскурсії Факультативні екскурсії можна придбати при бронюванні туру або безпосередньо під час поїздки. Факультативні екскурсії відбуваються при наборі групи від 15 осіб. Вартість факультативних екскурсій не підлягає поверненню якщо турист на ній не з явився. Вхідні квитки оплачуються додатково. Вхідні квитки Вартість ",600
https://www.i-travel.com.ua/?p=49110,"Автобусний тур «Романтичний мікс: Кельн, Люксембург, Страсбург» зі Львова",1,Виїзд зі Львова,,"Виїзд зі Львова. Перетин українсько-польського кордону. За наявності часу пропонуємо відвідати чудовий Краків. Оглядова екскурсія “Королівське місто” (20 EUR; якщо ви не бажаєте відвідати Краків у супроводі професійного гіда, можна скористатися трансфером до центру міста – 10 EUR) . Тут чудово поєднуються дивовижно гармонійна архітектура та королівський шик! Ми побуваємо на площі Ринок, побачимо Палац Єпископів, Королівський замок, пройдемось Королівським трактом і по Старому місту! Нічний переїзд в Берлін.",512
https://www.i-travel.com.ua/?p=49110,"Автобусний тур «Романтичний мікс: Кельн, Люксембург, Страсбург» зі Львова",2,Прибуття у Берлін,,"Прибуття у Берлін. Переміщення містом громадським транспортом. На вас чекає оглядова екскурсія «Чарівний Берлін» (у вартості туру) — місто, яке зберігає дари минулих століть. Запрошуємо перевернути сторінку історії та побачити справжній Берлін: могутній Рейхстаг, величний Берлінський собор, та візитівка міста – Бранденбурзька брама. Далі запрошуємо на екскурсію «Альтернативний Берлін» (25 EUR) . Головні пам’ятки вже оглянули, але як же пройти повз найсучаснішу площу Берліна — Потсдамер Платц? Як пропустити бульвар Зірок, театр, де проходять церемонії нагороджень кінофестивалю Берлінале? У віль",600
https://www.i-travel.com.ua/?p=49110,"Автобусний тур «Романтичний мікс: Кельн, Люксембург, Страсбург» зі Львова",3,Сніданок,,"Сніданок. Виселення з готелю. Прибуття у Кельн. Карнавальна столиця Німеччини і місто з понад 2000-річною історією – все це про Кельн (оглядова екскурсія у вартості тура) , у якому ми проведемо сьогоднішній день. Неймовірний Кельнский собор (зовнішній огляд), чий шпиль здіймається в небо на 150 метрів – один з найкрасивіших готичних соборів Європи і це місце, яке обов’язково варто відвідати. Це місто, де гармонійно поєднується середньовічна та сучасна архітектура, на вулицях якого вирує життя, і яке відкриє для вас зовсім нову Німеччину! Вільний час у місті. “Пивний Кельн” (20 EUR; пиво та зак",600
https://www.i-travel.com.ua/?p=49110,"Автобусний тур «Романтичний мікс: Кельн, Люксембург, Страсбург» зі Львова",4,Сніданок,,"Сніданок. Виселення з готелю. Переїзд та екскурсія у Люксембургу (у вартості туру) . Це рідкісної краси місто, його структура дуже незвичайна, вулиці утопають у зелені, архітектура будівель захоплює, а пам’ятки заслуговують на увагу будь-якого туриста. Готичний собор Сен-Мішель та розкішна торгова вулиця Гран Рю – не залишить вас байдужими. Оглядовий майданчик на краю скелі, який називають “Балкон у Європу”, відкриє вам чудові краєвиди на лісисті Арденнські гори та шпилі соборів, які зберігають у собі великі святині. А потім, оглядова екскурсія Тріром (30 EUR) , який іноді називають «Другий Ри",600
https://www.i-travel.com.ua/?p=49110,"Автобусний тур «Романтичний мікс: Кельн, Люксембург, Страсбург» зі Львова",5,Сніданок,,"Сніданок. Виселення з готелю. Переїзд у Францію. Сьогодні нас чекає екскурсія до чарівного Страсбургу, столиці регіону Ельзас (у вартості туру) . Страсбург є ідеальною увертюрою до всього, що є в Ельзасі: він ходить по тонкому канату між Францією та Німеччиною, між середньовічним минулим і прогресивним майбутнім, він виконує свою дію в неповторному ельзаському стилі. Батьківщина першої різдвяної ялинки та першої друкованої книги в Європі зберігає в собі безліч легенд та оповідей. Готичні собори та палаци, університети та парки, ресторани та кафе Страсбурга цілий рік наповнені туристами. Неповт",600
https://www.i-travel.com.ua/?p=49110,"Автобусний тур «Романтичний мікс: Кельн, Люксембург, Страсбург» зі Львова",6,Сніданок,,"Сніданок. Виселення з готелю. Прибуття до Праги. Переміщення містом на громадському транспорті. Оглядова екскурсія «Велична столиця» (у вартості туру). Неспішна прогулянка історичним серцем Праги: від Порохової вежі через Вацлавську площу та квартали Старого Міста, зупинка біля відомої бібліотеки і завершення маршруту на легендарному Карловому мості. Ключові символи міста, атмосфера старовини та відчуття справжньої Праги. Всім бажаючим пропонуємо прогулянку на кораблику Влтавою з обідом (40 EUR) . Екскурсія «Вишеград» (20 EUR). Вишеград — це місце, де починалась історія Праги. Легендарна форте",600
https://www.i-travel.com.ua/?p=49110,"Автобусний тур «Романтичний мікс: Кельн, Люксембург, Страсбург» зі Львова",7,Проходження польско-українського кордону,,"Проходження польско-українського кордону. Прибуття у Львів. ГОТЕЛІ Заселення не раніше 14:00. Виселення не пізніше 12:00. Якщо ви помітили несправності у номері, скажіть про це супроводжуючій або персоналу готелю. Готелі за програмою можуть бути замінені на альтернативні. ЕКСКУРСІЇ Факультативні екскурсії можна придбати при бронюванні туру або безпосередньо під час поїздки. Факультативні екскурсії відбуваються при наборі групи від 15 осіб. Вартість факультативних екскурсій не підлягає поверненню якщо турист на ній не з’явився. Вхідні квитки оплачуються додатково. Вартість вхідних квитків може ",600
https://www.i-travel.com.ua/avtobusnyj-tur-viva-italiya-venetsiya-milan-ozera-garda-ta-komo-zi-lvova/,"Автобусний тур «VIVA Італія! Венеція, Мілан, озера Гарда та Комо» зі Львова",1,Виїзд зі Львова,,"Виїзд зі Львова. Перетин українсько-угорського кордону. За наявності часу, подорож до Будапешту. Запрошуємо на оглядову екскурсію «Перлина Дунаю» (15 EUR) в Будапешт, що приголомшує своєю величчю! Наше знайомство з містом ми почнемо зі знаменитої Площі Героїв, потім пройдемося парадним проспектом Андраші, який приваблює туристів своєю елегантністю та витонченістю, прогуляємось вулицею Ваци, де колись дуже любили проводити весь свій вільний час місцеві, та вийдемо на набережну Корзо , з якої відкривається дивовижний краєвид на Дунай! Вільний час, рекомендуємо – прогулянку на кораблику Дунаєм (3",600
https://www.i-travel.com.ua/avtobusnyj-tur-viva-italiya-venetsiya-milan-ozera-garda-ta-komo-zi-lvova/,"Автобусний тур «VIVA Італія! Венеція, Мілан, озера Гарда та Комо» зі Львова",2,Переїзд до Венеції,,"Переїзд до Венеції. Проїзд до центральної площі в обидві сторони на громадському транспорті (30 EUR) . Оглядова екскурсія «Заручена з морем – Венеція!» (у вартості туру) . Місто нагадує декорації для романтичних фільмів, а кожна вуличка, кожен будинок зберігає велику історію минулих століть. Прогулянка на справжній венеціанській гондолі (35 EUR) . У місті, де немає доріг, панують човни. Спробуйте і відчуйте, як ваші турботи зникають, коли гондольєр у смугастій сорочці провезе вас лабіринтом водних шляхів, а потім з’єднає з центральним Гранд-каналом. Прогулянка на катері Гранд каналом (35 EUR) ",600
https://www.i-travel.com.ua/avtobusnyj-tur-viva-italiya-venetsiya-milan-ozera-garda-ta-komo-zi-lvova/,"Автобусний тур «VIVA Італія! Венеція, Мілан, озера Гарда та Комо» зі Львова",3,Сніданок,,"Сніданок. Виселення з готелю. Оглядова екскурсія у Верону (у вартості туру) – місті з багатовіковою історією, оповите безліччю таємниць та загадок. А також одного з найромантичніших міст світу, прославлене Шекспіром, Петраркою, Гете та Байроном. У знаменитому дворі будинку Джульєтти, під її балконом, закохані присягаються один одному у вічній вірності. На вас чекають історії з життя Данте, відомих веронських сімей Монтеккі та Капулетті, непрості долі Синьйорів делла Скала та їхніх нащадків, Моцарта та Сальєрі. Сьогодні на нас чекає поїздка до найбільшого італійського озера – Гарда. Прогуляємос",600
https://www.i-travel.com.ua/avtobusnyj-tur-viva-italiya-venetsiya-milan-ozera-garda-ta-komo-zi-lvova/,"Автобусний тур «VIVA Італія! Венеція, Мілан, озера Гарда та Комо» зі Львова",4,Сніданок,,"Сніданок. Виселення з готелю. Запрошуємо на оглядову екскурсію “Мілан – давній і сучасний” (у вартості туру) . Ми побачимо Дуомо – відомий символ міста готичний собор пізнього Середньовіччя, розкішну галерею пасаж Вітторіо Емануеле, площу Ла Скала і сам театр, побудований на гроші міланських меломанів, Замок Сфорцеско, і звичайно найвідоміший шопінг в столиці італійської моди. За бажанням запрошуємо на екскурсію в собор Дуомо або народження Діви Марії (25 EUR) . Відвідаємо з екскурсією один з найгарніших готичних храмів Європи, і один з найбільших у світі. Екскурсія на озеро Комо (40 EUR, поїз",600
https://www.i-travel.com.ua/avtobusnyj-tur-viva-italiya-venetsiya-milan-ozera-garda-ta-komo-zi-lvova/,"Автобусний тур «VIVA Італія! Венеція, Мілан, озера Гарда та Комо» зі Львова",5,Переїзд територією Угорщини,,"Переїзд територією Угорщини. Проходження угорсько-українського кордону. Прибуття у Львів. Готелі Заселення не раніше 14:00. Виселення не пізніше 12:00. Якщо ви помітили несправності у номері, скажіть про це супроводжуючій або персоналу готелю. Готелі за програмою можуть бути замінені на альтернативні. Екскурсії Факультативні екскурсії можна придбати при бронюванні туру або безпосередньо під час поїздки. Факультативні екскурсії відбуваються при наборі групи від 15 осіб. Вартість факультативних екскурсій не підлягає поверненню якщо турист на ній не з явився. Вхідні квитки оплачуються додатково. ",600
https://www.i-travel.com.ua/?p=45378,Автобусний тур «Benelux – таємниці трьох країн» зі Львова,1,Виїзд зі Львова,,"Виїзд зі Львова. Переїзд територією Польщі. За наявності часу пропонуємо відвідати чудовий Краків. Оглядова екскурсія “Королівське місто” (20 EUR; тільки трансфер до центру міста – 10 EUR) . Тут чудово поєднуються дивовижно гармонійна архітектура та королівський шик! Ми побуваємо на площі Ринок, побачимо Палац Єпископів, Королівський замок, пройдемось Королівським трактом і по Старому місту! Ночівля у транзитному готелі.",424
https://www.i-travel.com.ua/?p=45378,Автобусний тур «Benelux – таємниці трьох країн» зі Львова,2,Сніданок,,"Сніданок. Виселення з готелю. Запрошуємо відвідати Дрезден (у вартості туру) – місто, у якому чудово поєдналися німецька точність і чеська чарівність! Історія Дрездена починається в XIII столітті, місто було утворено на місці старого рибальського селища. У XVIII столітті Дрезден став політичним та культурним центром Європи. Внаслідок Другої Світової війни Дрезден постраждав, але досить швидко був відновлений. Під час екскурсії ви дізнаєтеся чимало цікавого про найголовніші місцеві визначні пам’ятки та про особистостей, що з ними пов’язані. Екскурсія допоможе вам відчути неповторну атмосферу Др",600
https://www.i-travel.com.ua/?p=45378,Автобусний тур «Benelux – таємниці трьох країн» зі Львова,3,Сніданок,,"Сніданок. Виселення з готелю. Переїзд до Амстердама. Оглядова екскурсія «Казковий Амстердам» (20 EUR у міні-групах до 15 ос.) . Прекрасні канали, що пронизують місто наскрізь, яскраві будинки, різнокольорові велосипеди, гори квітів – це все про Амстердам! Під час оглядової екскурсії цим чудовим містом ми побачимо Королівський палац, площу Дам, найвужчий будинок в Амстердамі та інші пам’ятки! Далі для всіх бажаючих прогулянка каналами Амстердама на кораблику (22 EUR). Ласкаво просимо у місто майбутнього – Роттердам (у вартості туру) ! Якщо ви не бачили Роттердама, то ви нічого не знаєте про Нід",600
https://www.i-travel.com.ua/?p=45378,Автобусний тур «Benelux – таємниці трьох країн» зі Львова,4,Сніданок,,"Сніданок. Виселення з готелю. Запрошуємо на екскурсію «Місто мистецтв Антверпен» (20 EUR; якщо ви хочете відвідати місто без супроводу професійного гіду, то можна придбати тільки трансфер до центру міста 10 EUR). Знайомство з містом розпочнеться із фортеці Стейн на березі річки Схельди. Ви дізнаєтесь історію та значення антверпенського порту, познайомимося з будинками професійних гільдій і з головною міською легендою – фонтаном Брабо. Під час прогулянки містом ви побачите найкрасивіші церкви міста та побуваєте у старовинному кварталі, який чудово зберігся завдяки зусиллям самих городян. Переїз",600
https://www.i-travel.com.ua/?p=45378,Автобусний тур «Benelux – таємниці трьох країн» зі Львова,5,Сніданок,,"Сніданок. Виселення з готелю. Переїзд та екскурсія у Люксембурзі (у вартості туру). Це рідкісної краси місто, його структура дуже незвичайна, вулиці потопають у зелені, архітектура будівель захоплює, а пам’ятки заслуговують на увагу будь-якого туриста. Готичний собор Сен-Мішель та розкішна торгова вулиця Гран Рю – не залишить вас байдужими. Оглядовий майданчик на краю скелі, який називають “Балкон у Європу”, відкриє вам чудові краєвиди на лісисті Арденські гори та шпилі соборів, які зберігають у собі великі святині. А потім, оглядова екскурсія Тріром (20 EUR; якщо ви хочете відвідати місто без",600
https://www.i-travel.com.ua/?p=45378,Автобусний тур «Benelux – таємниці трьох країн» зі Львова,6,Сніданок,,"Сніданок, виселення з готелю. Пропонуємо відвідати оглядову екскурсію Вроцлавом (20 EUR; якщо ви хочете відвідати місто без супроводу професійного гіду, то можна придбати тільки трансфер до центру міста 10 EUR). Одне з наймиліших польських міст відчинить свої двері перед нами! Повернення до України. Проходження кордону. Прибуття до Львова. ГОТЕЛІ Заселення не раніше 14:00. Виселення не пізніше 12:00. Якщо ви помітили несправності у номері, скажіть про це супроводжуючій або персоналу готелю. Готелі за програмою можуть бути замінені на альтернативні. ЕКСКУРСІЇ Факультативні екскурсії можна придб",600
https://www.i-travel.com.ua/?p=45351,Автобусний тур «Європейська відпустка у Europa Park» зі Львова,1,Зустріч туристів представником компанії біля автобусу на залізничному вокзалі,,"Зустріч туристів представником компанії біля автобусу на залізничному вокзалі. Відправлення зі Львова. Проходження кордону. За наявності часу пропонуємо відвідати чудовий Краків. Оглядова екскурсія “Королівське місто” (20 EUR; тільки трансфер до центру міста – 10 EUR) . Тут чудово поєднуються дивовижно гармонійна архітектура та королівський шик! Ми побуваємо на площі Ринок, побачимо Палац Єпископів, Королівський замок, пройдемось Королівським трактом і по Старому місту! Переїзд та заселення в готель на території Польщі. Ночівля.",534
https://www.i-travel.com.ua/?p=45351,Автобусний тур «Європейська відпустка у Europa Park» зі Львова,2,Сніданок,,"Сніданок. Виселення з готелю. Переїзд до Праги. Оглядова екскурсія «Велична столиця» (у вартості туру). Душевні бруковані дороги проведуть нас не повз головні пам’ятки Праги, а й крізь віки! Від Празького граду, порохової вежі, через Карлів міст пройдемо до старовинного астрономічного годинника, щоб по-справжньому відчути дух старого міста! І відразу поруч — Вацлавська площа.Неспішна прогулянка історичним серцем Праги: від Порохової вежі через Вацлавську площу та квартали Старого Міста, зупинка біля відомої бібліотеки і завершення маршруту на легендарному Карловому мості. Ключові символи міста",600
https://www.i-travel.com.ua/?p=45351,Автобусний тур «Європейська відпустка у Europa Park» зі Львова,3,Сніданок,,"Сніданок. Виселення з готелю. Екскурсія у Бамберг (35 EUR) – одне з найкрасивіших міст Німеччини, якому вдалося вціліти за часів Другої світової війни. Тут ви побачите унікальну, єдину у світі Стару ратушу XIV століття, побудовану на воді, безліч автентичних пивних таверн з різними сортами пива, помилуєтеся красою величного Бамбергського собору та побачите старі та нові Єпископські палаци. Переїзд до казкового містечка Нюрнберг. Запрошуємо на оглядову екскурсію (у вартості туру) , під час якої ви обійдете Старе місто, дізнаєтеся про долю головної торгової площі та зможете покрутити колесо форт",600
https://www.i-travel.com.ua/?p=45351,Автобусний тур «Європейська відпустка у Europa Park» зі Львова,4,Сніданок,,"Сніданок. Виселення з готелю. Поїздка до захоплюючого тематичного парку розваг – Europa Park (вх. квиток від 49 EUR) , розташований у мальовничому місті Руст. Цей парк є однією з найпопулярніших туристичних атракцій в Європі і приваблює мільйони відвідувачів з усього світу щороку. Відвідування Europa Park – це наче подорож всією Європою за один день. Парк розділений на численні тематичні зони, які відображають культуру, архітектуру та атмосферу різних країн Європи. Кожна зона вражає своєю унікальністю! Переїзд та заселення у транзитний готель. Ночівля.",558
https://www.i-travel.com.ua/?p=45351,Автобусний тур «Європейська відпустка у Europa Park» зі Львова,5,Сніданок,,"Сніданок. Виселення з готелю. Оглядова екскурсія Мюнхеном «Столиця Баварії» (у вартості туру). Нас чекає прогулянка Старим містом, під час якої ми дізнаємося, як виникло місто і звідки воно отримало свою назву, пройдемо від воріт до воріт цього гостинного міста, дізнаємося про баварські традиції та сучасне життя Мюнхена. Пропонуємо поїздку у Замок Нойшванштайн (40 EUR + вх. квиток) – це казковий замок в Баварії, Німеччина, відомий своєю романтичною архітектурою та асоціаціями з відомими казками. Дорогою до замку ви будете насолоджуватись захоплюючими панорамними видами на гори та озера. Ви діз",600
https://www.i-travel.com.ua/?p=45351,Автобусний тур «Європейська відпустка у Europa Park» зі Львова,6,Сніданок,,"Сніданок. Виселення з готелю. Переїзд до Відня. Відень — одна з найчарівніших столиць Європи, яка вражає своєю величчю з перших секунд. Розпочинаємо оглядову екскурсію «Прекрасний і ніжний Відень» (у вартості туру) ,Легка прогулянка елегантним Віднем: площа Марії Терезії, ансамбль королівського палацу, атмосферні вулиці Старого міста з їхньою вишуканою архітектурою та історичним шармом. Завершимо маршрут біля Оперного театру — символу музичної столиці Європи. Класичний Відень, стримана розкіш і відчуття імперської величі. Далі побачимо справжні «Скарби Габсбургів» (20 EUR + вх. квиток) . Уніка",600
https://www.i-travel.com.ua/?p=45351,Автобусний тур «Європейська відпустка у Europa Park» зі Львова,7,Сніданок,,"Сніданок. Виселення з готелю. За наявності часу, екскурсія в копальню солі Велічка (12 EUR + вх. квиток від 20 EUR). Копальня солі в містечку Велічка – це найвідоміше соляне підземне місто. Спустившись в копальню Ви опинетесь серед справжніх витворів мистецтва зроблених з солі. Це унікальне місце, яке занесене до ЮНЕСКО, його відвідують туристи з усього світу. Це й не дивно – унікальні краєвиди, галереї та нескінченні соляні лабіринти захоплюють дух. На шляху відвідаємо діючий храм св. Кінги, концертні холи, ресторан та конференційні зали, окрім того дізнаєтесь яким був процес видобутку солі в",600
https://www.i-travel.com.ua/avtobusnyj-tur-berlinskyj-ekspres-zi-lvova/,Автобусний тур «Берлінський експрес» зі Львова,1,Виїзд зі Львова,,Виїзд зі Львова. Перетин українсько-польського кордону. Зустріч туристів з представником компанії біля автобуса на залізничному вокзалі. Посадка в автобус. Відправлення зі Львова. Проходження кордону. За наявності часу пропонуємо відвідати екскурсію Вроцлавом (20 EUR; тільки трансфер до центру міста – 10 EUR). Одне з наймиліших польських міст відчинить свої двері перед нами! Нічний переїзд в Берлін.,402
https://www.i-travel.com.ua/avtobusnyj-tur-berlinskyj-ekspres-zi-lvova/,Автобусний тур «Берлінський експрес» зі Львова,2,Прибуття у Берлін,,"Прибуття у Берлін. Переміщення містом на громадському транспорті. На вас чекає оглядова екскурсія «Чарівний Берлін» (у вартості туру) — місто, яке зберігає дари минулих століть. Запрошуємо перевернути сторінку історії та побачити справжній Берлін: могутній Рейхстаг, величний Берлінський собор, та візитівка міста – Бранденбурзька брама. У вільний час на вибір пропонуємо екскурсії: Берлінська картинна галерея (25 EUR + вхідний квиток 8 EUR) — входить до п’ятірки найкращих у світі. Зали Рубенса, Тиціана, Дюрера та Караваджо… Описувати марно — це треба бачити! Прогулянка на кораблику по історичном",600
https://www.i-travel.com.ua/avtobusnyj-tur-berlinskyj-ekspres-zi-lvova/,Автобусний тур «Берлінський експрес» зі Львова,3,Сніданок,,"Сніданок. Виселення з готелю. Запрошуємо на екскурсію «Альтернативний Берлін» (25 EUR) . Головні пам’ятки вже оглянули, але як же пройти повз найсучаснішу площу Берліна — Потсдамер Платц? Як пропустити бульвар Зірок, театр, де проходять церемонії нагороджень кінофестивалю Берлінале? Екскурсія палацом Шарлоттенбург (25 EUR + вхідний квиток) . Цей вишуканий палац у стилі бароко – вціліла перлина німецької столиці. Розташований у серці міста, колись він був літньою резиденцією прусських королів. Інтер’єри палацу чудово демонструють епоху Фрідріха І та переносять у часи величі німецької монархії. ",600
https://www.i-travel.com.ua/avtobusnyj-tur-berlinskyj-ekspres-zi-lvova/,Автобусний тур «Берлінський експрес» зі Львова,4,Переїзд в Україну,,"Переїзд в Україну. За наявності можливості, бажання і часу, дорогою додому відвідаємо чудовий Краків. Оглядова екскурсія “Королівське місто” (20 EUR; тільки трансфер до центру міста – 10 EUR) . Тут чудово поєднуються дивовижно гармонійна архітектура та королівський шик! Ми побуваємо на площі Ринок, побачимо Палац Єпископів, Королівський замок, пройдемось Королівським трактом і по Старому місту! Переїзд територією Польщі. Проходження кордону. Прибуття у Львів. Готелі Заселення до готелю не раніше 14:00. По можливості, для наших туристів буде надано раннє заселення. Сніданку цього дня не надаєть",600
https://www.i-travel.com.ua/avtobusnyj-tur-lazurnyj-shyk-2-dni-na-ryv-yeri-zi-lvovu/,Автобусний тур «Лазурний шик: 2 дні на Рив єрі» зі Львова,1,Виїзд зі Львова,,"Виїзд зі Львова. Перетин українсько-угорського кордону. За наявності часу, подорож до Будапешту. Запрошуємо на оглядову екскурсію «Перлина Дунаю» (20 EUR) це знайомство з найяскравішими локаціями міста. Прогуляємося жвавою вулицею Ваци, побачимо Базиліку Святого Іштвана, вийдемо на набережну Дунаю з панорамами Парламенту — символі історії й величі Угорщини. Вільний час, рекомендуємо – прогулянку на кораблику Дунаєм (32 EUR) . Вечірній Будапешт в ілюмінації під музику вальсів І. Штрауса – це треба побачити. Нічний переїзд до Італії.",537
https://www.i-travel.com.ua/avtobusnyj-tur-lazurnyj-shyk-2-dni-na-ryv-yeri-zi-lvovu/,Автобусний тур «Лазурний шик: 2 дні на Рив єрі» зі Львова,2,Переїзд до Венеції,,"Переїзд до Венеції. Проїзд до центральної площі в обидві сторони на громадському транспорті (30 EUR) . Оглядова екскурсія «Заручена з морем – Венеція!» (у вартості туру) . Місто нагадує декорації для романтичних фільмів, а кожна вуличка, кожен будинок зберігає велику історію минулих століть. Прогулянка на справжній венеціанській гондолі (35 EUR) . У місті, де немає доріг, панують човни. Спробуйте і відчуйте, як ваші турботи зникають, коли гондольєр у смугастій сорочці провезе вас лабіринтом водних шляхів, а потім з’єднає з центральним Гранд-каналом. Прогулянка на катері Гранд каналом (35 EUR) ",600
https://www.i-travel.com.ua/avtobusnyj-tur-lazurnyj-shyk-2-dni-na-ryv-yeri-zi-lvovu/,Автобусний тур «Лазурний шик: 2 дні на Рив єрі» зі Львова,3,Сніданок,,"Сніданок. Виселення з готелю. Оглядова екскурсія у Верону (у вартості туру) – місті з багатовіковою історією, оповите безліччю таємниць та загадок. А також одного з найромантичніших міст світу, прославлене Шекспіром, Петраркою, Гете та Байроном. У знаменитому дворі будинку Джульєтти, під її балконом, закохані присягаються один одному у вічній вірності. На вас чекають історії з життя Данте, відомих веронських сімей Монтеккі та Капулетті, непрості долі Синьйорів делла Скала та їхніх нащадків, Моцарта та Сальєрі. На нас чекає поїздка до найбільшого італійського озеро – Гарда , оточеного мальовнич",600
https://www.i-travel.com.ua/avtobusnyj-tur-lazurnyj-shyk-2-dni-na-ryv-yeri-zi-lvovu/,Автобусний тур «Лазурний шик: 2 дні на Рив єрі» зі Львова,4,Сніданок,,"Сніданок. Виселення з готелю. Переїзд на Лазурове узбережжя. Сьогодні насолоджуємося кращим, що є у Франції ! Сонце, море, скелясті уступи, старовинні пам’ятки, фешенебельні магазини і, звичайно, вишукана французька кухня та вино. Все це – Лазурний берег! За наявності часу поїздка на фабрику парфумів Fragonard (у вартості туру) — унікальна можливість дізнатися, як народжуються знамениті французькі аромати. Під час екскурсії ви побачите процес виготовлення парфумів, ароматні лабораторії та зможете відчути магію створення неповторних запахів. Запрошуємо на екскурсію ( туристи, які не беруть екск",600
https://www.i-travel.com.ua/avtobusnyj-tur-lazurnyj-shyk-2-dni-na-ryv-yeri-zi-lvovu/,Автобусний тур «Лазурний шик: 2 дні на Рив єрі» зі Львова,5,Сніданок,,"Сніданок. Виселення з готелю. Вільний час на Рив’єрі. За бажанням пропонуємо трансфер до Ніцци від готелю (20 EUR) . У вільний час рекомендуємо екскурсію «Французька рив’єра» (60 EUR). Розкішний і аристократичний Антиб з аутентичним старим містом, колоритним ринком і портом, де стоять на причалі фешенебельні яхти, давнім замком Гримальді, перетвореним на музей сучасного мистецтва – це місто знайде свій куточок у вашому серці. Кінозірка Рів’єри, місто знаменитостей та розкоші – Канни , відоме на весь світ завдяки Міжнародному кінофестивалю, що проходить тут щороку наприкінці травня. Але, насамп",600
https://www.i-travel.com.ua/avtobusnyj-tur-lazurnyj-shyk-2-dni-na-ryv-yeri-zi-lvovu/,Автобусний тур «Лазурний шик: 2 дні на Рив єрі» зі Львова,6,Сніданок,,"Сніданок. Виселення з готелю. Запрошуємо на оглядову екскурсію “Мілан – давній і сучасний” (у вартості туру) . Ми побачимо Дуомо – відомий символ міста готичний собор пізнього Середньовіччя, розкішну галерею пасаж Вітторіо Емануеле, площу Ла Скала і сам театр, побудований на гроші міланських меломанів, Замок Сфорцеско, і звичайно найвідоміший шопінг в столиці італійської моди. За бажанням запрошуємо на екскурсію в собор Дуомо або народження Діви Марії (25 EUR) . Відвідаємо з екскурсією один з найгарніших готичних храмів Європи, і один з найбільших у світі. Екскурсія на озеро Комо (40 EUR, поїз",600
https://www.i-travel.com.ua/avtobusnyj-tur-lazurnyj-shyk-2-dni-na-ryv-yeri-zi-lvovu/,Автобусний тур «Лазурний шик: 2 дні на Рив єрі» зі Львова,7,Переїзд територією Угорщини,,"Переїзд територією Угорщини. За наявності часу пропонуємо відвідати наступні екскурсії: Екскурсія «Колоритний Егер» (10 EUR) . Прогуляємось старовинними вуличками, побачимо Турецький мінарет, Церкву Святого Антонія, Церкву цистерціанців, а також оглянемо головну пам’ятку – Егерську фортецю, оборона якої увійшла в історію. Дегустація вин у Долині красунь (24 EUR) – буде чудовим завершенням екскурсійного дня, можливість розслабитися та отримати задоволення від знаменитих угорських вин та гуляшу. Проходження угорсько-українського кордону. Прибуття у Львів. Готелі Заселення до готелю не раніше 14:",600
https://www.i-travel.com.ua/avtobusnyj-tur-kava-ta-kruasan-viden-paryzh-zaltsburg-zi-lvova-mukacheva-ta-uzhgorodu/,"Автобусний тур «Кава та круасан: Відень, Париж, Зальцбург» зі Львова, Мукачева та Ужгороду",1,Зустріч туристів з представником компанії біля автобуса на паркінгу біля залізничного вокзалу м,,"Зустріч туристів з представником компанії біля автобуса на паркінгу біля залізничного вокзалу м.Львів. Переїзд територією України, приєднання туристів у Стрию, Мукачево, Ужгороді. Проходження кордону. Прибуття у Будапешт. За наявності часу пропонуємо оглядову екскурсію «Перлина Дунаю» (20 EUR) це знайомство з найяскравішими локаціями міста. Прогуляємося жвавою вулицею Ваци, побачимо Базиліку Святого Іштвана, вийдемо на набережну Дунаю з панорамами Парламенту — символі історії й величі Угорщини. Вільний час, рекомендуємо – прогулянку на кораблику Дунаєм (32 EUR) . Вечірній Будапешт в ілюмінації",600
https://www.i-travel.com.ua/avtobusnyj-tur-kava-ta-kruasan-viden-paryzh-zaltsburg-zi-lvova-mukacheva-ta-uzhgorodu/,"Автобусний тур «Кава та круасан: Відень, Париж, Зальцбург» зі Львова, Мукачева та Ужгороду",2,Сніданок,,"Сніданок. Виселення із готелю. Переїзд в Відень. Відень — одна з найчарівніших столиць Європи, яка вражає своєю величчю з перших секунд. Розпочинаємо оглядову екскурсію «Прекрасний і ніжний Відень» (у вартості туру), Легка прогулянка елегантним Віднем: площа Марії Терезії, ансамбль королівського палацу, атмосферні вулиці Старого міста з їхньою вишуканою архітектурою та історичним шармом. Завершимо маршрут біля Оперного театру — символу музичної столиці Європи. Класичний Відень, стримана розкіш і відчуття імперської величі. Екскурсія «Імператорський палац Шенбрунн» (25 EUR + вх.квиток) – палацо",600
https://www.i-travel.com.ua/avtobusnyj-tur-kava-ta-kruasan-viden-paryzh-zaltsburg-zi-lvova-mukacheva-ta-uzhgorodu/,"Автобусний тур «Кава та круасан: Відень, Париж, Зальцбург» зі Львова, Мукачева та Ужгороду",3,Прибуття в Париж,,"Прибуття в Париж. Переміщення містом громадським транспортом. Оглядова екскурсія «Привіт, Париж» (у вартості туру) . Ці вулиці ви впізнаєте відразу з романтичних комедій про Париж, з мрій про вічне кохання. Ми проведемо екскурсію оглядаючи центр старого міста, де очі туристів зазвичай розбігаються не тільки від архітектури історичних споруд, а й від великої кількості бутиків справжніх французьких брендів. Довгоочікувана екскурсія до найбільш відвідуваного музею Європи – Лувр (38 EUR, вхідний квиток 32 EUR) . І ось, ми за крок від мрії! Мона Ліза, Венера Мілоська, Ніка Самофракійська. Під час е",600
https://www.i-travel.com.ua/avtobusnyj-tur-kava-ta-kruasan-viden-paryzh-zaltsburg-zi-lvova-mukacheva-ta-uzhgorodu/,"Автобусний тур «Кава та круасан: Відень, Париж, Зальцбург» зі Львова, Мукачева та Ужгороду",4,Сніданок,,"Сніданок. Виселення з готелю. (переміщення містом громадським транспортом) Відвідування країни чудес — Діснейленду (добираємось громадським транспортом або гурповим трансфером (від 25 осіб вартістю 25 EUR, вхідний квиток можна замовити разом з туром, у гіда-супроводжуючої під час подорожі, або придбати самостійно онлайн заздалегідь – вартість залежить динамічна і залежить від дати, сезону, кількості парків для відвідування та віку туристів) — парк розваг для дітей та дорослих, він не потребує представлення. Мультиплікаційні герої оживуть, над казковим палацом знову засяє феєрверк, тільки не з ",600
https://www.i-travel.com.ua/avtobusnyj-tur-kava-ta-kruasan-viden-paryzh-zaltsburg-zi-lvova-mukacheva-ta-uzhgorodu/,"Автобусний тур «Кава та круасан: Відень, Париж, Зальцбург» зі Львова, Мукачева та Ужгороду",5,Прибуття в Австрію,,"Прибуття в Австрію. Оглядова екскурсія у місті Зальцбург (оглядова екскурсія у вартості туру) , під час якої ви відвідаєте головні площі міста, прогуляєтесь центральною, середньовічною вулицею, дізнаєтеся, який внесок у розвиток Зальцбурга зробив всесвітньовідомий композитор Моцарт, помилуєтеся барочними фонтанами, будинками та пам’ятниками. Вільний час у Зальцбургу. Запрошуємо на екскурсію до міста Гальштат (45 EUR) – казкове містечко, розташоване на березі мальовничого озера у долині, схожій на фіорд. Різнокольорові будиночки, вузькі вулички, величні схили альпійських гір, блакитні води Галь",600
https://www.i-travel.com.ua/avtobusnyj-tur-kava-ta-kruasan-viden-paryzh-zaltsburg-zi-lvova-mukacheva-ta-uzhgorodu/,"Автобусний тур «Кава та круасан: Відень, Париж, Зальцбург» зі Львова, Мукачева та Ужгороду",6,Сніданок,,"Сніданок, виселення з готелю. Переїзд територією Угорщини. За наявності часу пропонуємо відвідати наступні екскурсії: Екскурсія «Колоритний Егер» (10 EUR) . Прогуляємось старовинними вуличками, побачимо Турецький мінарет, Церкву Святого Антонія, Церкву цистерціанців, а також оглянемо головну пам’ятку – Егерську фортецю, оборона якої увійшла в історію. Дегустація вин у Долині красунь (24 EUR) – буде чудовим завершенням екскурсійного дня, можливість розслабитися та отримати задоволення від знаменитих угорських вин та гуляшу. Переїзд в Україну, проходження угорсько-українського кордону. Прибуття ",600
https://www.i-travel.com.ua/evropejskie-kanikuly-praga-drezden-disnejlend/,"Автобусний тур «Європейські канікули – Прага, Париж, Берлін» зі Львова",1,Виїзд зі Львова,,"Виїзд зі Львова. Переїзд територією Польщі. Оглядова екскурсія Краковом «Королівське місто» (у вартості туру). Ми побачимо колишню столицю Польщі, насолодимося чарівністю архітектури, старовинними пам’ятками та затишною атмосферою міста! Ми побуваємо на Ринковій площі, побачимо Палац Єпископів, Королівський замок, пройдемося Королівською дорогою та Старим містом! Ночівля у транзитному готелі.",395
https://www.i-travel.com.ua/evropejskie-kanikuly-praga-drezden-disnejlend/,"Автобусний тур «Європейські канікули – Прага, Париж, Берлін» зі Львова",2,Сніданок,,"Сніданок. Виселення з готелю. Переїзд до Праги. Автобусне обслуговування не передбаченою. Пересування містом за потреби здійснюється на громадському транспорті. Оглядова екскурсія «Велична столиця» (у вартості туру) .Неспішна прогулянка історичним серцем Праги: від Порохової вежі через Вацлавську площу та квартали Старого Міста, зупинка біля відомої бібліотеки і завершення маршруту на легендарному Карловому мості. Ключові символи міста, атмосфера старовини та відчуття справжньої Праги. Всім бажаючим пропонуємо прогулянку на кораблику Влтавою з обідом (40 EUR). Далі на нас чекає екскурсія «Праз",600
https://www.i-travel.com.ua/evropejskie-kanikuly-praga-drezden-disnejlend/,"Автобусний тур «Європейські канікули – Прага, Париж, Берлін» зі Львова",3,Прибуття до Парижу! (переміщення містом громадським транспортом) Оглядова екскурсія «Привіт,,"Прибуття до Парижу! (переміщення містом громадським транспортом) Оглядова екскурсія «Привіт, Париж» (у вартості туру) . Ці вулиці ви впізнаєте відразу з романтичних комедій про Париж, з мрій про вічне кохання. Ми проведемо екскурсію оглядаючи центр старого міста, де очі туристів зазвичай розбігаються не тільки від архітектури історичних споруд, а й від великої кількості бутиків справжніх французьких брендів. Довгоочікувана екскурсія до найбільш відвідуваного музею Європи – Лувр (38 EUR, вхідний квиток 32 EUR) . І ось, ми за крок від мрії! Мона Ліза, Венера Мілоська, Ніка Самофракійська. Під ча",600
https://www.i-travel.com.ua/evropejskie-kanikuly-praga-drezden-disnejlend/,"Автобусний тур «Європейські канікули – Прага, Париж, Берлін» зі Львова",4,Сніданок,,"Сніданок. Виселення з готелю. (переміщення містом громадським транспортом) Відвідування країни чудес — Діснейленду (добираємось громадським транспортом або гурповим трансфером (від 25 осіб вартістю 25 EUR, вхідний квиток можна замовити разом з туром, у гіда-супроводжуючої під час подорожі, або придбати самостійно онлайн заздалегідь – вартість залежить динамічна і залежить від дати, сезону, кількості парків для відвідування та віку туристів) — парк розваг для дітей та дорослих, він не потребує представлення. Мультиплікаційні герої оживуть, над казковим палацом знову засяє феєрверк, тільки не з ",600
https://www.i-travel.com.ua/evropejskie-kanikuly-praga-drezden-disnejlend/,"Автобусний тур «Європейські канікули – Прага, Париж, Берлін» зі Львова",5,Прибуття до Берліну,,"Прибуття до Берліну. Переміщення містом на громадському транспорті. На вас чекає оглядова екскурсія «Чарівний Берлін» (у вартості туру) — місто, яке зберігає дари минулих століть. Запрошуємо перевернути сторінку історії та побачити справжній Берлін: могутній Рейхстаг, величний Берлінський собор, та візитівка міста – Бранденбурзька брама. Далі запрошуємо на екскурсію «Альтернативний Берлін» (25 EUR) . Головні пам’ятки вже оглянули, але як же пройти повз найсучаснішу площу Берліна — Потсдамер Платц? Як пропустити бульвар Зірок, театр, де проходять церемонії нагороджень кінофестивалю Берлінале? У",600
https://www.i-travel.com.ua/evropejskie-kanikuly-praga-drezden-disnejlend/,"Автобусний тур «Європейські канікули – Прага, Париж, Берлін» зі Львова",6,Сніданок,,"Сніданок. Виселення з готелю. За наявності часу пропонуємо відвідати екскурсію Вроцлавом (20 EUR). Одне з наймиліших польських міст відчинить свої двері перед нами! Якщо ви бажаєте відвідати Вроцлав без супроводу професійного гіда, є можливість придбати лише трансфер до міста – 10 EUR Повернення до України. Проходження кордону. Прибуття у Львів після 22.00. Готелі Заселення до готелю не раніше 14:00. По можливості, для наших туристів буде надано раннє заселення. Сніданку цього дня не надається. Виселення з готелю не пізніше 10 години. Якщо ви помітили неполадки в номері при заселенні – одразу ",600
https://www.i-travel.com.ua/avtobusnyj-tur-italijska-symfoniya-venetsiya-dolomitovi-alpy-zi-lvova/,Автобусний тур «Італійська симфонія: Венеція + Доломітові Альпи» зі Львова,1,Виїзд зі Львова,,"Виїзд зі Львова. Перетин українсько-угорського кордону. За наявності часу, подорож до Будапешту. Запрошуємо на оглядову екскурсію «Перлина Дунаю» (20 EUR) це знайомство з найяскравішими локаціями міста. Прогуляємося жвавою вулицею Ваци, побачимо Базиліку Святого Іштвана, вийдемо на набережну Дунаю з панорамами Парламенту — символі історії й величі Угорщини. Вільний час, рекомендуємо – прогулянку на кораблику Дунаєм (32 EUR). Вечірній Будапешт в ілюмінації під музику вальсів І. Штрауса і келих ігристого– це треба побачити. Нічний переїзд до Італії.",553
https://www.i-travel.com.ua/avtobusnyj-tur-italijska-symfoniya-venetsiya-dolomitovi-alpy-zi-lvova/,Автобусний тур «Італійська симфонія: Венеція + Доломітові Альпи» зі Львова,2,Переїзд до Венеції,,"Переїзд до Венеції. Проїзд в обидві сторони до центральної площі Сан-Марко на катері (30 EUR). Оглядова екскурсія «Заручена з морем – Венеція!» (у вартості туру). Місто нагадує декорації для романтичних фільмів, а кожна вуличка, кожен будинок зберігає велику історію минулих століть. Прогулянка на справжній венеціанській гондолі (35 EUR). У місті, де немає доріг, панують човни. Спробуйте і відчуйте, як ваші турботи зникають, коли гондольєр у смугастій сорочці провезе вас лабіринтом водних шляхів, а потім з’єднає з центральним Гранд-каналом. Відвідування з екскурсоводом «Палацу Дожів» (20 EUR, в",600
https://www.i-travel.com.ua/avtobusnyj-tur-italijska-symfoniya-venetsiya-dolomitovi-alpy-zi-lvova/,Автобусний тур «Італійська симфонія: Венеція + Доломітові Альпи» зі Львова,3,Сніданок,,"Сніданок. Виселення з готелю. Ласкаво просимо у Доломітові Альпи! Знайомство з Італією ми розпочнемо з оглядової екскурсії у Тренто (у вартості туру) , одному з найгарніших міст у Альпах, засноване дві тисячі років тому, місце резиденцій впливових єпископів та імператорів Священної Римської імперії, що зберігає залишки римської епохи: підземні вулиці, сторожові вежі, будинки патриціїв. Пропонуємо екскурсію до замку Буонконсільйо (10 EUR + вх. квиток 12 EUR) – резиденцію єпископів, шедевру Середньовіччя та епохи Відродження. Під час екскурсії у вас буде можливість побачити одну з найвідоміших ф",600
https://www.i-travel.com.ua/avtobusnyj-tur-italijska-symfoniya-venetsiya-dolomitovi-alpy-zi-lvova/,Автобусний тур «Італійська симфонія: Венеція + Доломітові Альпи» зі Львова,4,Сніданок,,"Сніданок. Виселення з готелю. Оглядовоа екскурсія у Больцано (у вартості туру) – столиці Південного Тіролю – одного з найкрасивіших міст в альпійському регіоні. Тут зустрілися німецька та італійська культури, лаконічно доповнюючи одна одну через суворі традиції тірольсько-німецьких пращурів та середземноморської душі найкреативнішої нації світу — італійців. Запрошуємо у подорож Доломітовим шляхом (40 EUR) , який охоплює найвідоміші гірськолижні курорти в самому серці Доломітів. Під час екскурсії ви відвідаєте долину Ф ємме, відому своєю приголомшливою красою та вражаючими пейзажами; долину Фас",600
https://www.i-travel.com.ua/avtobusnyj-tur-italijska-symfoniya-venetsiya-dolomitovi-alpy-zi-lvova/,Автобусний тур «Італійська симфонія: Венеція + Доломітові Альпи» зі Львова,5,Сніданок,,"Сніданок. Виселення з готелю. Переїзд в Відень. Пересування містом здійснюється на громадському транспорті. Відень — одна з найчарівніших столиць Європи, яка вражає своєю величчю з перших секунд. Розпочинаємо оглядову екскурсію Віднем (у вартості туру) , під час якої побачимо головні пам’ятки міста: палацовий комплекс Хофбург, собор Святого Стефана, вулиця Грабен із чумною колоною, вінчальна церква «Августинців», римські розкопки, оперу та багато іншого. Мальовничі вулиці, величні площі та розкішні палаци подарують море незабутніх вражень! Далі побачимо справжні «Скарби Габсбургів» (20 EUR + в",600
https://www.i-travel.com.ua/avtobusnyj-tur-italijska-symfoniya-venetsiya-dolomitovi-alpy-zi-lvova/,Автобусний тур «Італійська симфонія: Венеція + Доломітові Альпи» зі Львова,6,Переїзд територією Угорщини,,"Переїзд територією Угорщини. Прибуття до України орієнтовно в обід. Час залежить від швидкості проходження кордонів. ГОТЕЛІ Заселення не раніше 14:00. Виселення не пізніше 12:00. Якщо ви помітили несправності у номері, скажіть про це супроводжуючій або персоналу готелю. Готелі за програмою можуть бути замінені на альтернативні. ЕКСКУРСІЇ Факультативні екскурсії можна придбати при бронюванні туру або безпосередньо під час поїздки. Факультативні екскурсії відбуваються при наборі групи від 15 осіб. Вартість факультативних екскурсій не підлягає поверненню якщо турист на ній не з’явився. Вхідні кви",600
https://www.i-travel.com.ua/?p=46306,Автобусний тур «Канікули у Данії: Legoland» зі Львова,1,Виїзд зі Львова,,"Виїзд зі Львова. Перетин українсько-польського кордону. Зустріч туристів з представником компанії біля автобуса на залізничному вокзалі. Посадка в автобус. Відправлення зі Львова. Проходження кордону. За наявності часу пропонуємо відвідати чудовий Краків. Оглядова екскурсія “Королівське місто” (20 EUR; тільки трансфер до центру міста – 10 EUR) . Тут чудово поєднуються дивовижно гармонійна архітектура та королівський шик! Ми побуваємо на площі Ринок, побачимо Палац Єпископів, Королівський замок, пройдемось Королівським трактом і по Старому місту! Переїзд та заселення в готель на території Польщ",600
https://www.i-travel.com.ua/?p=46306,Автобусний тур «Канікули у Данії: Legoland» зі Львова,2,Сніданок,,"Сніданок, виселення з готелю. Переїзд до Берліну. Подорож містом на громадському транспорті. На вас чекає оглядова екскурсія «Чарівний Берлін» (у вартості туру) — місто, яке зберігає дари минулих століть. Запрошуємо перевернути сторінку історії та побачити справжній Берлін: могутній Рейхстаг, величний Берлінський собор, та візитівка міста – Бранденбурзька брама. Далі запрошуємо на екскурсію «Альтернативний Берлін» (25 EUR) . Головні пам’ятки вже оглянули, але як же пройти повз найсучаснішу площу Берліна — Потсдамер Платц? Як пропустити бульвар Зірок, театр, де проходять церемонії нагороджень к",600
https://www.i-travel.com.ua/?p=46306,Автобусний тур «Канікули у Данії: Legoland» зі Львова,3,Прибуття у Біллунд,,"Прибуття у Біллунд. День у Леголенді (вхідні квитки оплачуються окремо: від 45 EUR за особу [вартість для дорослих та дітей від 2 років]). Різнокольорові кубики конструкторів Lego – одна з найвідоміших іграшок у світі. А на її батьківщині, у данському місті Біллунд, збудували цілий парк розваг, де все зроблено з цих строкатих цеглинок. 8 тематичних зон парку – Miniland, Duplo Land, Pirate Land, Imagination Zone, Legoredo Town, Adventure Land, Knight s Kingdom, Polar Land – гарантія розваг для гостей будь якого віку і уподобань. Особливо туристам подобається Miniland, де можна зустріти визначні",600
https://www.i-travel.com.ua/?p=46306,Автобусний тур «Канікули у Данії: Legoland» зі Львова,4,Сніданок,,"Сніданок. Виселення з готелю. Переїзд територією Німеччини. Дорогою пропонуємо відвідати Гамбург – “ворота світу” (25 EUR). Так Гамбург називають не випадково, адже він є найбільшим портом у Німеччині. Це насичене космополітичне місто, і ми познайомимося з ним ближче – побачимо ратушу у стилі неоренессансу, площу Раутхаусмаркт, мальовничі озера Бінненальстер та Ауссенальстер, чарівні міські квартали. А ще Гамбург – це місто шопінгу, і після екскурсії ви матиме час, щоб придбати щось на згадку про подорож. “Столиця фахверкових будівель – Целле” (25 EUR). Целле – ніби музей під відкритим небом, ",600
https://www.i-travel.com.ua/?p=46306,Автобусний тур «Канікули у Данії: Legoland» зі Львова,5,Сніданок,,"Сніданок. Виселення з готелю. Переїзд у Дрезден. Запрошуємо відвідати Дрезден (у вартості туру) – місто, у якому чудово поєдналися німецька точність і чеська чарівність! Історія Дрездена починається в XIII столітті, місто було утворено на місці старого рибальського селища. У XVIII столітті Дрезден став політичним та культурним центром Європи. Внаслідок Другої Світової війни Дрезден постраждав, але досить швидко був відновлений. Під час екскурсії ви дізнаєтеся чимало цікавого про найголовніші місцеві визначні пам’ятки та про особистостей, що з ними пов’язані. Екскурсія допоможе вам відчути непо",600
https://www.i-travel.com.ua/?p=46306,Автобусний тур «Канікули у Данії: Legoland» зі Львова,6,Сніданок,,"Сніданок. Виселення з готелю. Пропонуємо відвідати оглядову екскурсію Вроцлавом (20 EUR) . Одне з наймиліших польських міст відчиняє свої двері перед нами! Прибуття у Львів. ГОТЕЛІ Заселення не раніше 14:00. Виселення не пізніше 12:00. Якщо ви помітили несправності у номері, скажіть про це супроводжуючій або персоналу готелю. Готелі за програмою можуть бути замінені на альтернативні. ЕКСКУРСІЇ Факультативні екскурсії можна придбати при бронюванні туру або безпосередньо під час поїздки. Факультативні екскурсії відбуваються при наборі групи від 15 осіб. Вартість факультативних екскурсій не підля",600
https://www.i-travel.com.ua/parizhskaya-mechta/,Автобусний тур «Паризька мрія: 3 дні в Парижі + Нормандія» зі Львова,1,Зустріч туристів з представником компанії біля автобуса на залізничному вокзалі,,Зустріч туристів з представником компанії біля автобуса на залізничному вокзалі. Посадка в автобус. Відправлення зі Львова. Проходження кордону. Пропонуємо відвідати оглядову екскурсію Вроцлавом (20 EUR) . Одне з наймиліших польських міст відчинить свої двері перед нами! Переїзд та заселення в готель на території Польщі. Ночівля.,331
https://www.i-travel.com.ua/parizhskaya-mechta/,Автобусний тур «Паризька мрія: 3 дні в Парижі + Нормандія» зі Львова,2,Сніданок,,"Сніданок, виселення з готелю. Переїзд до Берліну. Подорож містом на громадському транспорті. На вас чекає оглядова екскурсія «Чарівний Берлін» (у вартості туру) – місто, яке зберігає дари минулих століть. Запрошуємо перевернути сторінку історії та побачити справжній Берлін: могутній Рейхстаг, величний Берлінський собор, та візитівка міста – Бранденбурзька брама. Далі запрошуємо на екскурсію «Альтернативний Берлін» (25 EUR). Головні пам ятки вже оглянули, але як же пройти повз найсучаснішу площу Берліна — Потсдамер Платц? Як пропустити бульвар Зірок, театр, де проходять церемонії нагороджень кі",600
https://www.i-travel.com.ua/parizhskaya-mechta/,Автобусний тур «Паризька мрія: 3 дні в Парижі + Нормандія» зі Львова,3,Прибуття в Париж,,"Прибуття в Париж. Подорож містом на громадському транспорті. Оглядова екскурсія «Привіт, Париж!» (у вартості туру) . Ці вулиці ви впізнаєте відразу з романтичних комедій про Париж, з мрій про вічне кохання. Ми проведемо екскурсію оглядаючи центр старого міста, де очі туристів зазвичай розбігаються не тільки від архітектури історичних споруд, а й від великої кількості бутиків справжніх французьких брендів. Довгоочікувана екскурсія до найбільш відвідуваного музею Європи – Лувр (38 EUR, вхідний квиток 32 EUR) . І ось, ми за крок від мрії! Мона Ліза, Венера Мілоська, Ніка Самофракійська. Під час е",600
https://www.i-travel.com.ua/parizhskaya-mechta/,Автобусний тур «Паризька мрія: 3 дні в Парижі + Нормандія» зі Львова,4,Сніданок,,"Сніданок. Пересування містом на громадському транспорті. Відвідування країни чудес — Діснейленду (добираємось громадським транспортом або гурповим трансфером (від 25 осіб вартістю 25 EUR, вхідний квиток можна замовити разом з туром, у гіда-супроводжуючої під час подорожі, або придбати самостійно онлайн заздалегідь – вартість залежить динамічна і залежить від дати, сезону, кількості парків для відвідування та віку туристів) — парк розваг для дітей та дорослих, він не потребує представлення. Мультиплікаційні герої оживуть, над казковим палацом знову засяє феєрверк, тільки не з екранів телевізорі",600
https://www.i-travel.com.ua/parizhskaya-mechta/,Автобусний тур «Паризька мрія: 3 дні в Парижі + Нормандія» зі Львова,5,Сніданок,,"Сніданок, виселення з готелю. Пересування містом на громадському транспорті. Запрошуємо на пішохідну екскурсію «Богемний Монмартр» (25 EUR) – один із найвідоміших та найгучніших кварталів. Тут творилася історія паризької богеми і тут, у цій атмосфері, ми зможемо відчути себе її частиною. Наша прогулянка пройде через площу Тертр, де, як і раніше, збираються художники та інші митці, потім побачимо відоме кабаре «Мулен Руж». Далі маршрут пройде вулицею Пігаль або, як у народі прийнято називати — «вулицею червоних ліхтарів». Після обіду на вибір пропонуємо прогулятись Латинським кварталом (25 EUR)",600
https://www.i-travel.com.ua/parizhskaya-mechta/,Автобусний тур «Паризька мрія: 3 дні в Парижі + Нормандія» зі Львова,6,Прибуття до Праги,,"Прибуття до Праги. Пересування містом на громадському транспорті. Оглядова екскурсія «Велична столиця» (у вартості туру). Неспішна прогулянка історичним серцем Праги: від Порохової вежі через Вацлавську площу та квартали Старого Міста, зупинка біля відомої бібліотеки і завершення маршруту на легендарному Карловому мості. Ключові символи міста, атмосфера старовини та відчуття справжньої Праги. Всім бажаючим пропонуємо покататися на кораблику по Влтаві (40 EUR). Неймовірний вечірній краєвид на Прагу під час перерви на обід. Далі на нас чекає екскурсія «Празький град» (20 EUR) , під час якої ми п",600
https://www.i-travel.com.ua/parizhskaya-mechta/,Автобусний тур «Паризька мрія: 3 дні в Парижі + Нормандія» зі Львова,7,Сніданок,,"Сніданок, виселення з готелю. За наявності часу та бажання групи пропонуємо відвідати прекрасний Краків з екскурсією «Королівське місто» ( 20 EUR; тільки трансфер до центру міста – 10 EUR ). Тут чудово поєднуються дивовижно гармонійна архітектура та королівський шик! Ми побуваємо на Ринковій площі, побачимо Палац Єпископів, Королівський замок, пройдемося Королівською дорогою та Старим містом! Виїзд до України. Проходження кордону. Прибуття до Львова залежить від проходження кордону. У вартість входить: Додатково оплачується: – проїзд на автобусі – ночівлі у готелях 2-3* – сніданки у готелях – ",600
https://www.i-travel.com.ua/?p=6934,Автобусний тур МЕГАтур до Чорногорії з Одеси,1,Виїзд з України: 09,,"Виїзд з України: 09.00 Одеса – біля залізничного вокзалу за адресою Італійський бульвар, 6 Можливе приєднання по маршруту в Україні (Татарбунари, Ізмаїл), уточнюйте у менеджера при бронюванні. Перетин кордону. Переїзд територією Румунії, Болгарії. Нічний переїзд.",263
https://www.i-travel.com.ua/?p=6934,Автобусний тур МЕГАтур до Чорногорії з Одеси,2,Прибуття до Скоп’є,,"Прибуття до Скоп’є. Нас чекає оглядова екскурсія по місту Скоп’є. (у вартості туру). Старе місто, Кам’яний та Художній мости, Художня галерея, Церква Спасителя – бережіть фотоапарати! Ночівля в готелі.",201
https://www.i-travel.com.ua/?p=6934,Автобусний тур МЕГАтур до Чорногорії з Одеси,3,Сніданок,,"Сніданок. Виселення з готелю. Пропонуємо відвідати приголомшливий каньйон Матка і покататися на моторному човнику до печер (30 EUR) . Цей каньйон виглядає не гірше, ніж норвезькі фіорди! Він знаходиться в притоці гірської річки Тріска. Доглянута прогулянкова стежка з одного боку якої розташовується озеро, а з іншого – скелі, приведе нас до середньовічної церкви Св. Андрія Первозванного XIV століття і стоянки невеликих човників, на яких ми попливемо до печери з кришталево чистим озером, зайдемо в неї і відправимося назад але перед цим подивимося підводну печеру! Переїзд до Чорногорії. Пізнє при",600
https://www.i-travel.com.ua/?p=6934,Автобусний тур МЕГАтур до Чорногорії з Одеси,4,Сніданок,,"Сніданок. Екскурсія по Боко-Которській затоці (50 EUR + вх. квиток). Боко-Которка затока – це унікальний південний «фіорд Балкан», підперезаний горами, де море вклинюється в сушу. Перша зупинка на нашому шляху від Будви до затоки знаходиться в Которі, Старе місто якого оперезане фортечною стіною. Далі – відвідування славного містечка мореплавців та капітанів – Пераста, з його кам’яними палацами та церквами у стилі бароко біля підніжжя пагорба. На набережній пересідаємо у затишний катер і відвідуємо один із двох острівців затоки, які знаходяться навпроти Пересту. На острові знаходиться католиць",600
https://www.i-travel.com.ua/?p=6934,Автобусний тур МЕГАтур до Чорногорії з Одеси,5,Сніданок,,"Сніданок. Екскурсія 5 каньйонів (60 EUR + вх. квиток ) займе цілий день, але не буде стомлюючою! В рамках даної екскурсії Ви зможете познайомитися з усією країною. Побачите місце з видом на всю Будванську Рів’єру, пройдетеся пішим мостом через річку Тара з видом на Каньйон. У Вас буде можливість вдихнути запах гірської хвої. Також Ви зможете смачно пообідати національними стравами Жабляк, а ще відвідаємо каньйон Морача. Вам знадобляться теплий одяг, адже в горах і на узбережжі температура відрізняється. Повернення до готелю. Ночівля.",539
https://www.i-travel.com.ua/?p=6934,Автобусний тур МЕГАтур до Чорногорії з Одеси,6,Сніданок,,"Сніданок. Пропонуємо екскурсію до Дубровника (55 EUR/людина). Дубровник – рукотворне диво, гідне захоплення. Не можна не погодитися зі словами, що належали Бернарду Шоу: “Той, хто шукає рай на землі, повинен відвідати Дубровник, бо ніде більше не знайти такої величі та умиротворення, такої краси та гармонії”. У супроводі місцевого гіда прогуляйтеся прекрасним Старим містом Дубровника і дізнайтеся, як місто стало одним з найбільш процвітаючих і розвинених з усіх історичних морських республік. Пропонуємо відправитися на морську прогулянку кораблику (20 EUR). Прогулянка триває 40 хвилин, під час ",600
https://www.i-travel.com.ua/?p=6934,Автобусний тур МЕГАтур до Чорногорії з Одеси,7,Сніданок,,"Сніданок. Виселення із готелю. Переїзд до Албанії. Запрошуємо до екскурсії «Старовинна Круя» (35 EUR + вх.квитки) . Круя була столицею Албанії в середні століття. Пам’ятка міста – замок Круя, розташований в дуже стратегічному місці. Одна з головних визначних пам’яток міста – Старий базар з місцевими виробами та сувенірами. Історія міста пов’язана з історією Gjergj Kastriot Skanderbeg. При наявності вільного часу можна відвідати: музей Скандербега (вх. квитки). Переїзд в Охрід. Заселення в готель, Ночівля",509
https://www.i-travel.com.ua/?p=6934,Автобусний тур МЕГАтур до Чорногорії з Одеси,8,Сніданок,,"Сніданок. Виселення із готелю. Оглядова екскурсія Охридом. Приголомшлива панорама на горбисте старе місто з традиційними рудими черепичними дахами та найбільше прісне озеро Балканського півострова Вас вразять. Ми піднімемося до амфітеатру, який зберігся з часів Римської Імперії, побачимо церкву Плаошник, де вперше було сформовано кириличний алфавіт! Пропонуємо відвідати екскурсію до монастиря Святого Науму (30 EUR + вх. квиток). Тут нас зустрінуть чудові павичі біля внутрішнього ставка, а гід розповість історію цього чудового місця. Після екскурсії ми матимемо вільний час, щоб скупатися і відп",600
https://www.i-travel.com.ua/?p=6934,Автобусний тур МЕГАтур до Чорногорії з Одеси,9,Сніданок,,"Сніданок. Виселення із готелю. Переїзд до Болгарії. Пропонуємо оглядову екскурсію Софією ( 15 EUR) . Столиця Болгарії – місто з багатою тисячолітньою історією. Тут зберігаються пам’ятки різних епох – від античності до сьогодення. Під час цієї екскурсії ми прогуляємося історичним центром міста, побачимо залишки римського міста, Церкву Св. Софії, яка дала ім’я місту, та Храм Св. А. Невського – найбільший православний храм на Балканах. Нічний переїзд до України.",463
https://www.i-travel.com.ua/?p=6934,Автобусний тур МЕГАтур до Чорногорії з Одеси,10,Прибуття до України,,"Прибуття до України. ГОТЕЛІ Заселення не раніше 14:00. Виселення не пізніше 12:00. Якщо ви помітили несправності у номері, скажіть про це супроводжуючій або персоналу готелю. Готелі за програмою можуть бути замінені на альтернативні. ЕКСКУРСІЇ Факультативні екскурсії можна придбати при бронюванні туру або безпосередньо під час поїздки. Факультативні екскурсії відбуваються при наборі групи від 15 осіб. Вартість факультативних екскурсій не підлягає поверненню якщо турист на ній не з’явився. Вхідні квитки оплачуються додатково. Вартість вхідних квитків може змінюватись, це не залежить від туристи",600
https://www.i-travel.com.ua/venetsianskij-karnaval/,Автобусний тур «Джульєтта і гондоли» зі Львова,1,Виїзд зі Львова,,"Виїзд зі Львова. Перетин українсько-угорського кордону. За наявності часу, подорож до Будапешту. Запрошуємо на оглядову екскурсію «Перлина Дунаю» (15 EUR) в Будапешт, що приголомшує своєю величчю! Наше знайомство з містом ми почнемо зі знаменитої Площі Героїв, потім пройдемося парадним проспектом Андраші, який приваблює туристів своєю елегантністю та витонченістю, прогуляємось вулицею Ваци, де колись дуже любили проводити весь свій вільний час місцеві, та вийдемо на набережну Корзо , з якої відкривається дивовижний краєвид на Дунай! Рекомендуємо прогулянку на кораблику Дунаєм (32 EUR). Вечірні",600
https://www.i-travel.com.ua/venetsianskij-karnaval/,Автобусний тур «Джульєтта і гондоли» зі Львова,2,Переїзд до Венеції,,"Переїзд до Венеції. Проїзд в обидві сторони до центральної площі Сан-Марко на катері (30 EUR). Оглядова екскурсія «Заручена з морем – Венеція!» (у вартості туру). Місто нагадує декорації для романтичних фільмів, а кожна вуличка, кожен будинок зберігає велику історію минулих століть. Прогулянка на справжній венеціанській гондолі (35 EUR). У місті, де немає доріг, панують човни. Спробуйте і відчуйте, як ваші турботи зникають, коли гондольєр у смугастій сорочці провезе вас лабіринтом водних шляхів, а потім з’єднає з центральним Гранд-каналом. Відвідування з екскурсоводом «Палацу Дожів» (20 EUR, в",600
https://www.i-travel.com.ua/venetsianskij-karnaval/,Автобусний тур «Джульєтта і гондоли» зі Львова,3,Сніданок,,"Сніданок. Виселення з готелю. Екскурсія у Вероні (40 EUR) [до вартості входить трансфер і екскурсія] – місті з багатовіковою історією, оповите безліччю таємниць та загадок. А також одного з найромантичніших міст світу, прославлене Шекспіром, Петраркою, Гете та Байроном. У знаменитому дворі будинку Джульєтти, під її балконом, закохані присягаються один одному у вічній вірності. На вас чекають історії з життя Данте, відомих веронських сімей Монтеккі та Капулетті, непрості долі Синьйорів делла Скала та їхніх нащадків, Моцарта та Сальєрі. [якщо ви бажаєте відвідати Верону без супроводу професійног",600
https://www.i-travel.com.ua/venetsianskij-karnaval/,Автобусний тур «Джульєтта і гондоли» зі Львова,4,Прибуття до України,,"Прибуття до України. Готелі Заселення до готелю не раніше 14:00. По можливості, для наших туристів буде надано раннє заселення. Сніданку цього дня не надається. Виселення з готелю не пізніше 10 години. Якщо ви помітили неполадки в номері при заселенні – одразу ж повідомте про це співробітників готелю. Готелі за програмою можуть бути замінені на інші. Туристи, що подорожують одні, можуть бути розміщені у тримісних номерах. Під час сніданків у готелі забороняється виносити їжу із собою. Екскурсії Вартість факультативних екскурсій не повертається (крім випадків, коли група не набралася) та не пер",600
https://www.i-travel.com.ua/avtobusnyj-tur-tysyachi-lajkiv-venetsiya-rym-piza-florentsiya-zi-lvova/,"Автобусний тур «Тисячі лайків: Венеція, Рим, Піза Флоренція» зі Львова",1,Виїзд зі Львова,,"Виїзд зі Львова. Перетин українсько-угорського кордону. За наявності часу, подорож до Будапешту. Рекомендуємо прогулянку на кораблику Дунаєм (32 EUR). Вечірній Будапешт в ілюмінації під музику вальсів І. Штрауса – це треба побачити. Нічний переїзд до Італії через Угорщину та Словенію.",285
https://www.i-travel.com.ua/avtobusnyj-tur-tysyachi-lajkiv-venetsiya-rym-piza-florentsiya-zi-lvova/,"Автобусний тур «Тисячі лайків: Венеція, Рим, Піза Флоренція» зі Львова",2,Переїзд до Венеції,,"Переїзд до Венеції. Переїзд до Венеції. Проїзд до центральної площі в обидві сторони на громадському транспорті (30 EUR) . Оглядова екскурсія «Заручена з морем – Венеція!» (у вартості туру) . Місто нагадує декорації для романтичних фільмів, а кожна вуличка, кожен будинок зберігає велику історію минулих століть. Прогулянка на справжній венеціанській гондолі (35 EUR) . У місті, де немає доріг, панують човни. Спробуйте і відчуйте, як ваші турботи зникають, коли гондольєр у смугастій сорочці провезе вас лабіринтом водних шляхів, а потім з’єднає з центральним Гранд-каналом. Відвідування з екскурсов",600
https://www.i-travel.com.ua/avtobusnyj-tur-tysyachi-lajkiv-venetsiya-rym-piza-florentsiya-zi-lvova/,"Автобусний тур «Тисячі лайків: Венеція, Рим, Піза Флоренція» зі Львова",3,Сніданок,,"Сніданок. Виселення з готелю. Переїзд до Риму. Пересування містом на громадському транспорті. Оглядова екскурсія «Рим – столиця світу» ( у вартості туру) дозволить поринути в атмосферу античного Риму та насолодитися найвідомішими його пам’ятками. Ви побачите Колізей, Пантеон, Римський форум, фонтан Треві та багато інших знакових місць. Кожен крок тут наповнений історією, яка захоплює уяву і відкриває перед вами велич цього стародавнього міста. Ця екскурсія — справжня подорож у часі, що залишить незабутні враження. Запрошуємо на екскурсію «Подорож до Держави Ватикан» (35 EUR, вхідний квиток 32 ",600
https://www.i-travel.com.ua/avtobusnyj-tur-tysyachi-lajkiv-venetsiya-rym-piza-florentsiya-zi-lvova/,"Автобусний тур «Тисячі лайків: Венеція, Рим, Піза Флоренція» зі Львова",4,Сніданок,,"Сніданок. Переїзд до Флоренції. Пересування містом на громадському транспорті. Оглядова екскурсія «Прекрасна Флоренція – давня та сучасна» (у вартості туру) . Свого часу цими вулицями прогулювався сам Мікеланджело – жив, творив і надихався, а сьогодні ми поринемо в його епоху! Маршрут нашої екскурсії проходить через Площу Синьорії, головний флорентійський собор Санта Марія-дель-Фьорі, дзвіницю Джотто, старий міст Понте Веккьо – вражаючі місця! Також запрошуємо відвідати Галерею Уффіці (20 EUR + вх.квиток) — найстарішу і найвідомішу галерею Флоренції, що не поступається Паризькому Лувру. Уффіці",600
https://www.i-travel.com.ua/avtobusnyj-tur-tysyachi-lajkiv-venetsiya-rym-piza-florentsiya-zi-lvova/,"Автобусний тур «Тисячі лайків: Венеція, Рим, Піза Флоренція» зі Львова",5,Прибуття у Львів,,"Прибуття у Львів, час повернення залежить від проходження кордону. Готелі Заселення не раніше 14:00. Виселення не пізніше 12:00. Якщо ви помітили несправності у номері, скажіть про це супроводжуючій або персоналу готелю. Готелі за програмою можуть бути замінені на альтернативні. Екскурсії Факультативні екскурсії можна придбати при бронюванні туру або безпосередньо під час поїздки. Факультативні екскурсії відбуваються при наборі групи від 15 осіб. Вартість факультативних екскурсій не підлягає поверненню якщо турист на ній не з явився. Вхідні квитки оплачуються додатково. Вхідні квитки Вартість ",600
https://www.i-travel.com.ua/?p=45524,На вікенд до двох сестер: Латвія-Литва,1,12:00 Збір групи на залізничному вокзалі м,,12:00 Збір групи на залізничному вокзалі м. Львова. 12:30 Виїзд зі Львова. Нічний переїзд у м.Рига (Латвія). Транзит територією Польщі.,135
https://www.i-travel.com.ua/?p=45524,На вікенд до двох сестер: Латвія-Литва,2,Прибуття до Риги,,"Прибуття до Риги. Сніданок (за бажанням, сплачується додатково). Під час оглядової екскурсії (у вартості туру ) ви познайомитесь із найважливішими та найгарнішими об’єктами Старої Риги, почуєте середньовічні легенди, подивитесь пам’ятки, які люблять і цінують рижани, дізнаєтесь цікаві історичні факти, а також отримаєте яскраві та незабутні враження від північної різдвяної атмосфери. Проїзд громадським транспортом сплачується туристами додатково в касах міста. Поїздка у Юрмалу (25 EUR) – місто-парк, що вражає своїми двоповерховими особняками, оригінальною архітектурою дерев’яних споруд та сучас",600
https://www.i-travel.com.ua/?p=45524,На вікенд до двох сестер: Латвія-Литва,3,Сніданок,,"Сніданок. Виселення з готелю. Прибуття до Вільнюсу. Запрошуємо на прогулянку литовською столицею (у вартості туру) , під час якої Ви пройдете середньовічними звивистими вуличками, де переплітаються стародавність і сучасність, багата культурна спадщина і таємничі легенди. Під час оглядової екскурсії ви побачите ворота Аушрос, костел святого Казимира, Президентський палац, Кафедральний собор, сучасне мистецтво на вулиці Літераторів, почуєте легенду про сир Джюгас і загадаєте бажання на плитці «Диво»! Далі ми вирушимо до богемної та яскравої республіки Ужупіс (20 EUR) , розташованої прямо у центр",600
https://www.i-travel.com.ua/?p=45524,На вікенд до двох сестер: Латвія-Литва,4,Прибуття в Україну орієнтовно о 15,,"Прибуття в Україну орієнтовно о 15.00. (Точний час залежить від проходження кордону). Готелі Заселення до готелю не раніше 14:00. По можливості, для наших туристів буде надано раннє заселення. Сніданку цього дня не надається. Виселення з готелю не пізніше 10 години. Якщо ви помітили неполадки в номері при заселенні – одразу ж повідомте про це співробітників готелю. Готелі програми можуть бути замінені на інші. Туристи, що подорожують одні, можуть бути розміщені у тримісних номерах. Під час сніданків у готелі забороняється виносити їжу із собою. Екскурсії Екскурсії купуються на шляху до Румунії",600
https://www.i-travel.com.ua/baltijski-prygody-ryga-tallinn/,Балтійські пригоди: Таллінн – Рига,1,08:00 Виїзд зі Львова від Залізничного вокзалу,,08:00 Виїзд зі Львова від Залізничного вокзалу. Нічний переїзд у м. Таллінн. Транзит територією Польщі.,103
https://www.i-travel.com.ua/baltijski-prygody-ryga-tallinn/,Балтійські пригоди: Таллінн – Рига,2,Прибуття в Таллінн,,"Прибуття в Таллінн. Вирушаємо на оглядову екскурсію у Талліні (у вартості туру) , під час якої ви побачите найвідоміші пам’ятки середньовічного міста: Домський собор, церкви Олевісте та Нігулісте, вулиці Довга та Коротка нога, будівлі Парламенту та Великої гільдії. Дізнаєтесь про те, як жили люди багато століть тому і чому місто так добре збереглося. Рекомендуємо автобусно-пішохідну екскурсію «Палац для Попелюшки. Парк Кадріорг» (30 EUR ) – Ви познайомитеся з однією з найвідоміших пам яток Таллінна – палацово-парковим ансамблем Кадріорг. Це місце було названо на честь дружини Петра I, Катерини",600
https://www.i-travel.com.ua/baltijski-prygody-ryga-tallinn/,Балтійські пригоди: Таллінн – Рига,3,Сніданок,,"Сніданок. Виселення з готелю. Прибуття до Риги. Під час оглядової екскурсії (у вартості туру) ви познайомитесь із найважливішими та найгарнішими об’єктами Старої Риги, почуєте середньовічні легенди, подивитесь пам’ятки, які люблять і цінують рижани, дізнаєтесь цікаві історичні факти, а також отримаєте яскраві та незабутні враження від північної різдвяної атмосфери. Проїзд громадським транспортом сплачується туристами додатково в касах міста. Далі пропонуємо екскурсію «Рундальський палац – перлина стилю бароко Латвії» (25 EUR+вх.квиток) – головна пам ятка архітектури Латвії. Автором проекту є Ф",600
https://www.i-travel.com.ua/baltijski-prygody-ryga-tallinn/,Балтійські пригоди: Таллінн – Рига,4,Сніданок,,"Сніданок. Виселення з готелю. Виїзд в Україну. Орієнтовний час прибуття до 23:00 ( час повернення залежить від проходження кордонів). Готелі Заселення до готелю не раніше 14:00. По можливості, для наших туристів буде надано раннє заселення. Сніданку цього дня не надається. Виселення з готелю не пізніше 10 години. Якщо ви помітили неполадки в номері при заселенні – одразу ж повідомте про це співробітників готелю. Готелі програми можуть бути замінені на інші. Туристи, що подорожують одні, можуть бути розміщені у тримісних номерах. Під час сніданків у готелі забороняється виносити їжу із собою. Е",600
https://www.i-travel.com.ua/?p=45526,"Балтійські Скарби + круїз: Таллін, Стокгольм, Рига",1,07:00 Виїзд зі Львова від Залізничного вокзалу,,07:00 Виїзд зі Львова від Залізничного вокзалу. Нічний переїзд у м.Таллінн (Естонія). Транзит територією Польщі.,112
https://www.i-travel.com.ua/?p=45526,"Балтійські Скарби + круїз: Таллін, Стокгольм, Рига",2,Прибуття в Таллін,,"Прибуття в Таллін. Сніданок за додаткову плату. Вирушаємо на оглядову екскурсію у Талліні (у вартості туру) , під час якої ви побачите найвідоміші пам’ятки середньовічного міста: Домський собор, церкви Олевісте та Нігулісте, вулиці Довга та Коротка нога, будівлі Парламенту та Великої гільдії. Дізнаєтесь про те, як жили люди багато століть тому і чому місто так добре збереглося. Рекомендуємо автобусно-пішохідну екскурсію «Палац для Попелюшки. Парк Кадріорг» (25 EUR ) – Ви познайомитеся з однією з найвідоміших пам яток Таллінна – палацово-парковим ансамблем Кадріорг. Це місце було названо на чес",600
https://www.i-travel.com.ua/?p=45526,"Балтійські Скарби + круїз: Таллін, Стокгольм, Рига",3,Сніданок на паромі (оплачується додатково),,"Сніданок на паромі (оплачується додатково). Прибуття в Швецію, місто Стокгольм. Пропонуємо факультативні екскурсії на вибір: Оглядова автобусна екскурсія Стокгольмом ( 25 EUR ). ми побачимо «must see» місця, без яких не можна сказати що «Я був в Стокгольмі» і прогуляємося по вузьких вуличках. Стокгольм – це не тільки звивисті вулиці Старого Міста, а й чудові види з оглядових майданчиків. На цій прогулянці ви відкриєте різні грані міста – від пряникових будинків Гамла Стану до богемного Седермальм з галереями і хіпстерськими кав ярнями, оповитими ароматами булочок з корицею. Приготуйтеся не про",600
https://www.i-travel.com.ua/?p=45526,"Балтійські Скарби + круїз: Таллін, Стокгольм, Рига",4,Сніданок на паромі (оплачується додатково),,"Сніданок на паромі (оплачується додатково). Прибуття в Таллінн. Переїзд у Ригу. Проїзд громадським транспортом сплачується туристами додатково в касах міста. Під час оглядової екскурсії (у вартості туру ) ви познайомитесь із найважливішими та найгарнішими об’єктами Старої Риги, почуєте середньовічні легенди, подивитесь пам’ятки, які люблять і цінують рижани, дізнаєтесь цікаві історичні факти, а також отримаєте яскраві та незабутні враження від північної різдвяної атмосфери. Заселення в транзитний готель. Ночівля.",518
https://www.i-travel.com.ua/?p=45526,"Балтійські Скарби + круїз: Таллін, Стокгольм, Рига",5,Сніданок,,"Сніданок. Виселення з готелю. Поїздка у Юрмалу (25 EUR) – місто-парк, що вражає своїми двоповерховими особняками, оригінальною архітектурою дерев’яних споруд та сучасними котеджами. Під час екскурсії ви маєте можливість пройтися найважливішими локаціями міста і побачити всі його видатні об’єкти, включаючи пляж, концертний зал “Дзінтарі”, вулицю Йомас, Дзінтарі парк, резиденцію президента Латвії та інші цікаві місця. АБО Пропонуємо екскурсію «Рундальський палац – перлина стилю бароко Латвії» ( 25 EUR) – головна пам ятка архітектури Латвії. Автором проекту є Франческо Бартоломео Растреллі. З пів",600
https://www.i-travel.com.ua/?p=45526,"Балтійські Скарби + круїз: Таллін, Стокгольм, Рига",6,Орієнтовний час повернення у Львів до 22:00,,"Орієнтовний час повернення у Львів до 22:00. (Точний час залежить від проходження кордону). Готелі Заселення до готелю не раніше 14:00. По можливості, для наших туристів буде надано раннє заселення. Сніданку цього дня не надається. Виселення з готелю не пізніше 10 години. Якщо ви помітили неполадки в номері при заселенні – одразу ж повідомте про це співробітників готелю. Готелі програми можуть бути замінені на інші. Туристи, що подорожують одні, можуть бути розміщені у тримісних номерах. Під час сніданків у готелі забороняється виносити їжу із собою. Екскурсії Екскурсії купуються на шляху до Р",600
https://www.i-travel.com.ua/istinaya-roskosh/,"Автобусний тур «Європейська розкіш – Ніцца, Монако, Портофіно…» зі Львова",1,Виїзд зі Львова,,"Виїзд зі Львова. Перетин українсько-угорського кордону. За наявності часу, подорож до Будапешту. Запрошуємо на оглядову екскурсію «Перлина Дунаю» (20 EUR) це знайомство з найяскравішими локаціями міста. Прогуляємося жвавою вулицею Ваци, побачимо Базиліку Святого Іштвана, вийдемо на набережну Дунаю з панорамами Парламенту — символі історії й величі Угорщини. Вільний час, рекомендуємо – прогулянку на кораблику Дунаєм (32 EUR) . Вечірній Будапешт в ілюмінації під музику вальсів І. Штрауса – це треба побачити. Нічний переїзд до Італії.",537
https://www.i-travel.com.ua/istinaya-roskosh/,"Автобусний тур «Європейська розкіш – Ніцца, Монако, Портофіно…» зі Львова",2,Переїзд до Венеції,,"Переїзд до Венеції. Проїзд до центральної площі в обидві сторони на громадському транспорті (30 EUR) . Оглядова екскурсія «Заручена з морем – Венеція!» (у вартості туру) . Місто нагадує декорації для романтичних фільмів, а кожна вуличка, кожен будинок зберігає велику історію минулих століть. Прогулянка на справжній венеціанській гондолі (35 EUR) . У місті, де немає доріг, панують човни. Спробуйте і відчуйте, як ваші турботи зникають, коли гондольєр у смугастій сорочці провезе вас лабіринтом водних шляхів, а потім з’єднає з центральним Гранд-каналом. Прогулянка на катері Гранд каналом (35 EUR) ",600
https://www.i-travel.com.ua/istinaya-roskosh/,"Автобусний тур «Європейська розкіш – Ніцца, Монако, Портофіно…» зі Львова",3,Сніданок,,"Сніданок. Виселення з готелю. Виїжджаємо в чарівну і колоритну Геную , де нас чекає оглядова екскурсія (у вартості туру). Пам ятки італійської Генуї ваблять туристів мальовничою красою і неповторною архітектурою. Чудові будинки, ліпні та фрескові фасади та дорогоцінні колекції творів мистецтва нагадують про «генуезьке століття», золотий вік культурного розвитку міста. Саме тут народився Христофор Колумб і Нікколо Паганіні. Середньовіччя і еклектика, античність і модерн – все гармонійно переплітається в цьому унікальному місті. Вільний час у Генуї. Для всіх бажаючих пропонуємо екскурсію «Перлин",600
https://www.i-travel.com.ua/istinaya-roskosh/,"Автобусний тур «Європейська розкіш – Ніцца, Монако, Портофіно…» зі Львова",4,Сніданок,,"Сніданок. Виселення з готелю. Сьогодні насолоджуємося кращим, що є у Франції ! Сонце, море, скелясті уступи, старовинні пам ятки, фешенебельні магазини і, звичайно, вишукана французька кухня та вино. Все це – Лазурне узбережжя! За наявності часу поїздка на фабрику парфумерії Fragonard (у вартості туру) — унікальна можливість дізнатися, як народжуються знамениті французькі аромати. Під час екскурсії ви побачите процес виготовлення парфумів, ароматні лабораторії та зможете відчути магію створення неповторних запахів Факультативне відвідування князівства Монако ( туристи, які не беруть екскурсію,",600
https://www.i-travel.com.ua/istinaya-roskosh/,"Автобусний тур «Європейська розкіш – Ніцца, Монако, Портофіно…» зі Львова",5,Сніданок,,"Сніданок. Виселення з готелю. На нас чекає поїздка до найбільшого італійського озеро – Гарда , оточеного мальовничими природними пейзажами та Альпійськими горами (у вартості туру) . Прогуляємось мальовничим містом Сірміоне, що знаходиться на південному березі озера. Вирушимо в захоплюючу прогулянку вуличками цього середньовічного міста, яке відоме своїми кам яними будиночками, замком та стародавніми вежами. Запрошуємо на незабутню прогулянку на катері по чарівному озеру Гарда (20 EUR) ! Це буде захоплююча подорож, де ви зможете насолодитися мальовничими пейзажами, свіжим повітрям та спокоєм, я",600
https://www.i-travel.com.ua/istinaya-roskosh/,"Автобусний тур «Європейська розкіш – Ніцца, Монако, Портофіно…» зі Львова",6,Переїзд територією Угорщини,,"Переїзд територією Угорщини. За наявності часу пропонуємо відвідати наступні екскурсії: Екскурсія «Колоритний Егер» (20 EUR) . Прогуляємось старовинними вуличками, побачимо Турецький мінарет, Церкву Святого Антонія, Церкву цистерціанців, а також оглянемо головну пам’ятку – Егерську фортецю, оборона якої увійшла в історію. Дегустація вин у Долині красунь (26 EUR) – буде чудовим завершенням екскурсійного дня, можливість розслабитися та отримати задоволення від знаменитих угорських вин та гуляшу. Приїзд в Україну у другій половині дня. Готелі Заселення до готелю не раніше 14:00. По можливості, дл",600
https://www.i-travel.com.ua/?p=30518,Чудовий мікс – Чорногорія+Албанія з відпочинком на морі,1,Виїзд з України: 06:30 посадка 07:00 виїзд зі Львову Головний залізничний вокзал Можливе приєднання ,,"Виїзд з України: 06:30 посадка 07:00 виїзд зі Львову Головний залізничний вокзал Можливе приєднання по маршруту в Україні (Стрий, Мукачево, Берегове), уточнюйте у менеджера при бронюванні. Проходження кордону Румунії. Нічний переїзд до Чорногорії.",247
https://www.i-travel.com.ua/?p=30518,Чудовий мікс – Чорногорія+Албанія з відпочинком на морі,2,Прибуття до курорту (в залежності від проходження кордонів та заторів),,Прибуття до курорту (в залежності від проходження кордонів та заторів). Заселення до готелів/апартаментів/віл. Вільний час. Ночівля.,132
https://www.i-travel.com.ua/?p=30518,Чудовий мікс – Чорногорія+Албанія з відпочинком на морі,3,Сніданок,,"Сніданок. Екскурсія по Боко-Которській затоці (50 EUR + вх. кв.). Боко-Которка затока – це унікальний південний «фіорд Балкан», підперезаний горами, де море вклинюється в сушу. Перша зупинка на нашому шляху від Будви до затоки знаходиться в Которі, Старе місто якого оперезане фортечною стіною. Далі – відвідування славного містечка мореплавців та капітанів – Пераста, з його кам’яними палацами та церквами у стилі бароко біля підніжжя пагорба. На набережній пересідаємо у затишний катер і відвідуємо один із двох острівців затоки, які знаходяться навпроти Пересту. На острові знаходиться католицький",600
https://www.i-travel.com.ua/?p=30518,Чудовий мікс – Чорногорія+Албанія з відпочинком на морі,4,Сніданок,,"Сніданок. Екскурсія 5 каньйонів (60 EUR + вх. квиток ) займе цілий день, але не буде стомлюючою! В рамках даної екскурсії Ви зможете познайомитися з усією країною. Побачите місце з видом на всю Будванську Рів’єру, пройдетеся пішим мостом через річку Тара з видом на Каньйон. У Вас буде можливість вдихнути запах гірської хвої. Також Ви зможете смачно пообідати національними стравами Жабляк, а ще відвідаємо каньйон Морача. Вам знадобляться теплий одяг, адже в горах і на узбережжі температура відрізняється. Повернення до готелю. Ночівля.",539
https://www.i-travel.com.ua/?p=30518,Чудовий мікс – Чорногорія+Албанія з відпочинком на морі,5,Сніданок,,"Сніданок. Пропонуємо екскурсію до Дубровника (55 EUR). Дубровник – рукотворне диво, гідне захоплення. Не можна не погодитися зі словами, що належали Бернарду Шоу: “Той, хто шукає рай на землі, повинен відвідати Дубровник, бо ніде більше не знайти такої величі та умиротворення, такої краси та гармонії”. У супроводі місцевого гіда прогуляйтеся прекрасним Старим містом Дубровника і дізнайтеся, як місто стало одним з найбільш процвітаючих і розвинених з усіх історичних морських республік. Пропонуємо відправитися на морську прогулянку кораблику (20 EUR). Прогулянка триває 40 хвилин, під час якої Ви",600
https://www.i-travel.com.ua/?p=30518,Чудовий мікс – Чорногорія+Албанія з відпочинком на морі,6,Сніданок,,"Сніданок. Виселення з готелю. Переїзд до Албанії. Запрошуємо до екскурсії «Старовинна Круя» (35 EUR + вх.квитки) . Круя була столицею Албанії в середні століття. Пам’ятка міста – замок Круя, розташований в дуже стратегічному місці. Одна з головних визначних пам’яток міста – Старий базар з місцевими виробами та сувенірами. Історія міста пов’язана з історією Gjergj Kastriot Skanderbeg. При наявності вільного часу можна відвідати: музей Скандербега (вх. квитки). Поселення до готелю у Вльорі. Запрошуємо на вечірню прогулянку Вльорою – місцем зустрічі двох морів. (15 EUR). Нас зустрічає перлина Алб",600
https://www.i-travel.com.ua/?p=30518,Чудовий мікс – Чорногорія+Албанія з відпочинком на морі,7,Сніданок,,"Сніданок. Рекомендуємо насолодитися подорожжю у Саранду вздовж Албанської Рив єри (45 EUR+вх.квиток). Перша зупинка в Національному парку Ллогара з прекрасними оглядовими майданчиками. Неймовірні дитячі емоції гарантуємо, бо нас чекає фото та годування оленів! Чи не головна прикраса цього дня – власне, дорога через національний парк Ллогара, яка часом проходить на висоті до 2000 метрів. Звідси відкриваються неймовірні, приголомшливі види на гори і море далеко внизу. Далі нас чекає Саранда – найбільший населений пункт Албанської Рив єри і один з головних туристичних центрів Албанії. Для бажаючи",600
https://www.i-travel.com.ua/?p=30518,Чудовий мікс – Чорногорія+Албанія з відпочинком на морі,8,Сніданок,,"Сніданок. Пропонуємо екскурсію Острів Сазан і Печера Хаджі Алі (55 євро) . Ми вирушимо у неймовірну подорож до загадкового півострова Карабурун, де відпочинемо на пляжі із кришталево прозорою водою та будемо мати можливість відвідати печеру видатного пірата Хаджі-Алі, а найсміливіші навіть зможуть пірнути у води печерного озера в пошуках скарбів. А потім на нас чекає пригода дослідження безлюдного острова Сазан, який лише кілька років як відкрили для туристів. Це саме та пригода, на яку Ви чекали! Запрошуємо Вас на екскурсію Гірокастра та Блакитне око (45 EUR + вх.квитки) . Гірокастра – «Срібн",600
https://www.i-travel.com.ua/?p=30518,Чудовий мікс – Чорногорія+Албанія з відпочинком на морі,9,Сніданок,,Сніданок. Виселення з готелю. Нічний переїзд в Україну.,55
https://www.i-travel.com.ua/?p=30518,Чудовий мікс – Чорногорія+Албанія з відпочинком на морі,10,Прибуття до Львову,,"Прибуття до Львову. ГОТЕЛІ Заселення не раніше 14:00. Виселення не пізніше 12:00. Якщо ви помітили несправності у номері, скажіть про це супроводжуючій або персоналу готелю. Готелі за програмою можуть бути замінені на альтернативні. ЕКСКУРСІЇ Факультативні екскурсії можна придбати при бронюванні туру або безпосередньо під час поїздки. Факультативні екскурсії відбуваються при наборі групи від 15 осіб. Вартість факультативних екскурсій не підлягає поверненню якщо турист на ній не з’явився. Вхідні квитки оплачуються додатково. Вартість вхідних квитків може змінюватись, це не залежить від туристич",600
https://www.i-travel.com.ua/avtobusnyj-tur-rumunskyj-ekspres-z-odesy/,Автобусний тур Румунський експрес з Одеси,1,17:00 – виїзд з Одеси,,17:00 – виїзд з Одеси. Проходження кордону. Переїзд у Трансільванію.,68
https://www.i-travel.com.ua/avtobusnyj-tur-rumunskyj-ekspres-z-odesy/,Автобусний тур Румунський експрес з Одеси,2,Прибуття в Трансільванію,,"Прибуття в Трансільванію. За програмою день насичений неймовірними замками Румунії. Відвідування замку Графа Дракули (35 EUR + вх.квиток) Найвідоміший замок Трансільванії – замок Бран, відомий як замок Графа Дракули . Внутрішні приміщення замку – це заплутаний лабіринт із кімнат, сходів та таємних переходів. На його території можна побачити кам яний хрест з вирізаним на ньому змієм, що звернувся в кільце, і глибокий колодязь — вхід у таємничі підземелля. Замки Пелеш ( зовнішній огляд) + Кантакузіно ( 45 EUR + вх. квиток в кожен замок сплачується додатково). Трансільванія відома своїми таємничи",600
https://www.i-travel.com.ua/avtobusnyj-tur-rumunskyj-ekspres-z-odesy/,Автобусний тур Румунський експрес з Одеси,3,Сніданок,,"Сніданок. Виселення з готелю. Прибуття в Бухарест. Оглядова екскурсія Бухарестом ( входить у вартість туру) . Це місто називають «Маленьким Парижем», тут переплітається безліч архітектурних стилів, збудовано багато чудових музеїв та пам яток, Бухарест здивує вас своєю історією. Екскурсія покаже нам величний палац Парламенту, Тріумфальну арку та площу Революції. (Туристи, які не їдуть в Терми і залишаються гуляти в Бухаресті, доєднуються до групи самостійно.Збір групи локаційно поблизу Термал). Відвідування Парламенту (20 EUR + вх. квиток). Парламент – візитна картка Бухареста. Величезний, розк",600
https://www.i-travel.com.ua/avtobusnyj-tur-rumunskyj-ekspres-z-odesy/,Автобусний тур Румунський експрес з Одеси,4,Сніданок,,"Сніданок. Виселення з готелю. 08:30 – виїзд з готелю Румунії. Переїзд в Україну. Прибуття в Одесу. ( Час прибуття залежить від проходження кордонів і не є остаточним, орієнтовно 19.00-20.00). Готелі Заселення до готелю не раніше 14:00. По можливості, для наших туристів буде надано раннє заселення. Сніданку цього дня не надається. Виселення з готелю не пізніше 10 години. Якщо ви помітили неполадки в номері при заселенні – одразу ж повідомте про це співробітників готелю. Готелі програми можуть бути замінені на інші. Туристи, що подорожують одні, можуть бути розміщені у тримісних номерах. Під час",600
https://www.i-travel.com.ua/avtobusnyj-tur-rumunskyj-ekspres-z-odesy/,Автобусний тур Румунський експрес з Одеси,1,17:00 – виїзд з Одеси,,17:00 – виїзд з Одеси. Проходження кордону. Переїзд у Трансільванію.,68
https://www.i-travel.com.ua/avtobusnyj-tur-rumunskyj-ekspres-z-odesy/,Автобусний тур Румунський експрес з Одеси,2,Прибуття в Трансільванію,,"Прибуття в Трансільванію. За програмою день насичений неймовірними замками Румунії. Відвідування замку Графа Дракули (35 EUR + вх.квиток) Найвідоміший замок Трансільванії – замок Бран, відомий як замок Графа Дракули . Внутрішні приміщення замку – це заплутаний лабіринт із кімнат, сходів та таємних переходів. На його території можна побачити кам яний хрест з вирізаним на ньому змієм, що звернувся в кільце, і глибокий колодязь — вхід у таємничі підземелля. Замки Пелеш ( зовнішній огляд) + Кантакузіно ( 45 EUR + вх. квиток в кожен замок сплачується додатково). Трансільванія відома своїми таємничи",600
https://www.i-travel.com.ua/avtobusnyj-tur-rumunskyj-ekspres-z-odesy/,Автобусний тур Румунський експрес з Одеси,3,Сніданок,,"Сніданок. Виселення з готелю. Прибуття в Бухарест. Оглядова екскурсія Бухарестом ( входить у вартість туру) . Це місто називають «Маленьким Парижем», тут переплітається безліч архітектурних стилів, збудовано багато чудових музеїв та пам яток, Бухарест здивує вас своєю історією. Екскурсія покаже нам величний палац Парламенту, Тріумфальну арку та площу Революції. Відвідування Парламенту (20 EUR + вх. квиток). Парламент – візитна картка Бухареста. Величезний, розкішний замок підноситься над містом, його багатство вас вразить! І сьогодні у нас є можливість його відвідати та побачити на власні очі ",600
https://www.i-travel.com.ua/avtobusnyj-tur-rumunskyj-ekspres-z-odesy/,Автобусний тур Румунський експрес з Одеси,4,Сніданок,,"Сніданок. Виселення з готелю. Відвідування Therme Bucuresti (20 EUR + вх. квиток). Концепція комплексу — здоров я та добробут у сучасному способі життя. Атмосфера свята тут допоможе повністю усунутись від міської метушні. Температура в приміщенні комплексу – 29-30 ° C, а температура води – 33 ° C в будь-який час року. Термальна вода пробивається з глибокого підпілля та забезпечує 10 басейнів, 6 саун, 4 вологих сауни та 16 водних гірок. Тут природа зустрічає людину в найкрасивішій обстановці – тут знаходиться найбільший ботанічний сад в Румунії з більш ніж 800 000 рослин, у тому числі 1500 паль",600
https://www.i-travel.com.ua/avtobusnyj-tur-rumunskyj-ekspres-z-odesy/,Автобусний тур Румунський експрес з Одеси,5,Час прибуття в Одесу залежить від проходження кордонів,,"Час прибуття в Одесу залежить від проходження кордонів. ВАЖЛИВО! В екскурсійних автобусних турах ми їдемо згідно Угоди про міжнародні нерегулярні перевезення пасажирів автобусами (Угода INTERBUS). Угода INTERBUS від 30.06.2001р., до якої Україна приєдналась 16.10.2012р. згідно Закону України «Про приєднання України до Угоди про міжнародні нерегулярні перевезення пасажирів автобусами (Угода INTERBUS)» від 16.10.2012р. Відповідно до Угоди INTERBUS ми їдемо із зачиненими дверима , тобто – це такий тип перевезення, коли той самий автобус використовується для перевезення тієї самої групи пасажирів ",600
https://www.i-travel.com.ua/avtobusnyj-tur-yizh-lyuby-podorozhuj-venetsiya-rym-2-dni-piza-florentsiya-zi-lvova/,"Автобусний тур «Їж.Люби.Подорожуй: Любляна, Венеція, Рим 2 дні, Флоренція» зі Львова",1,Виїзд зі Львова,,"Виїзд зі Львова. Перетин українсько-угорського кордону. За наявності часу, подорож до Будапешту. Рекомендуємо прогулянку на кораблику Дунаєм (32 EUR). Вечірній Будапешт в ілюмінації під музику вальсів І. Штрауса – це треба побачити. Переїзд в транзитний готель на ночівлю.",272
https://www.i-travel.com.ua/avtobusnyj-tur-yizh-lyuby-podorozhuj-venetsiya-rym-2-dni-piza-florentsiya-zi-lvova/,"Автобусний тур «Їж.Люби.Подорожуй: Любляна, Венеція, Рим 2 дні, Флоренція» зі Львова",2,Сніданок,,"Сніданок. Виселення з готелю. Переїзд до Любляни. Екскурсія «Чарівна Любляна» (у вартості туру) — це чудова можливість познайомитися з дуже милою столицею Словенії. Це невелике, але надзвичайно атмосферне місто, яке захоплює своєю архітектурою, затишними вуличками, культурною спадщиною та природною красою. Вузькі бруковані вулиці, старовинні будівлі в стилі бароко та модерн, численні кафе та сувенірні лавки створюють неймовірно теплу атмосферу. У вільний час пропонуємо Екскурсія на «Озеро Блед» (вартість 35 EUR) пропонує зануритися в казкову атмосферу одного з найкрасивіших місць Європи. Ця по",600
https://www.i-travel.com.ua/avtobusnyj-tur-yizh-lyuby-podorozhuj-venetsiya-rym-2-dni-piza-florentsiya-zi-lvova/,"Автобусний тур «Їж.Люби.Подорожуй: Любляна, Венеція, Рим 2 дні, Флоренція» зі Львова",3,Сніданок,,"Сніданок. Виселення з готелю. Переїзд до Венеції. Переїзд до Венеції. Проїзд до центральної площі в обидві сторони на громадському транспорті (30 EUR) . Оглядова екскурсія «Заручена з морем – Венеція!» (у вартості туру) . Місто нагадує декорації для романтичних фільмів, а кожна вуличка, кожен будинок зберігає велику історію минулих століть. Прогулянка на справжній венеціанській гондолі (35 EUR) . У місті, де немає доріг, панують човни. Спробуйте і відчуйте, як ваші турботи зникають, коли гондольєр у смугастій сорочці провезе вас лабіринтом водних шляхів, а потім з’єднає з центральним Гранд-кан",600
https://www.i-travel.com.ua/avtobusnyj-tur-yizh-lyuby-podorozhuj-venetsiya-rym-2-dni-piza-florentsiya-zi-lvova/,"Автобусний тур «Їж.Люби.Подорожуй: Любляна, Венеція, Рим 2 дні, Флоренція» зі Львова",4,Сніданок,,"Сніданок. Виселення з готелю. Переїзд до Риму. Пересування містом на громадському транспорті. Оглядова екскурсія «Рим – столиця світу» ( у вартості туру) дозволить поринути в атмосферу античного Риму та насолодитися найвідомішими його пам’ятками. Ви побачите Колізей, Пантеон, Римський форум, фонтан Треві та багато інших знакових місць. Кожен крок тут наповнений історією, яка захоплює уяву і відкриває перед вами велич цього стародавнього міста. Ця екскурсія — справжня подорож у часі, що залишить незабутні враження. Запрошуємо на екскурсію «Подорож до Держави Ватикан» (35 EUR, вхідний квиток 32 ",600
https://www.i-travel.com.ua/avtobusnyj-tur-yizh-lyuby-podorozhuj-venetsiya-rym-2-dni-piza-florentsiya-zi-lvova/,"Автобусний тур «Їж.Люби.Подорожуй: Любляна, Венеція, Рим 2 дні, Флоренція» зі Львова",5,Сніданок,,"Сніданок. Вільний час в Римі Пропонуємо пішохідну екскурсію Римське гетто (30 EUR) — один із найстаріших єврейських кварталів Європи з непростою історією та глибокими культурними традиціями. Тут зберігся справжній дух старого Риму: вузькі вулички, велична синагога, колоритні кафе та унікальна єврейська римська кухня, серед якої особливо відомі смажені артишоки. Далі маршрут пролягає до Трастевере — богемного району з особливою атмосферою, де вечірні ліхтарі, балкони з білизною, затишні тратторії, вулична музика та стародавні базиліки створюють живу й автентичну картину міського життя. Ця екску",600
https://www.i-travel.com.ua/avtobusnyj-tur-yizh-lyuby-podorozhuj-venetsiya-rym-2-dni-piza-florentsiya-zi-lvova/,"Автобусний тур «Їж.Люби.Подорожуй: Любляна, Венеція, Рим 2 дні, Флоренція» зі Львова",6,Сніданок,,"Сніданок. Переїзд до Флоренції. Пересування містом на громадському транспорті. Оглядова екскурсія «Прекрасна Флоренція – давня та сучасна» (у вартості туру) . Свого часу цими вулицями прогулювався сам Мікеланджело – жив, творив і надихався, а сьогодні ми поринемо в його епоху! Маршрут нашої екскурсії проходить через Площу Синьорії, головний флорентійський собор Санта Марія-дель-Фьорі, дзвіницю Джотто, старий міст Понте Веккьо – вражаючі місця! Також запрошуємо відвідати Галерею Уффіці (20 EUR + вх.квиток) — найстарішу і найвідомішу галерею Флоренції, що не поступається Паризькому Лувру. Уффіці",600
https://www.i-travel.com.ua/avtobusnyj-tur-yizh-lyuby-podorozhuj-venetsiya-rym-2-dni-piza-florentsiya-zi-lvova/,"Автобусний тур «Їж.Люби.Подорожуй: Любляна, Венеція, Рим 2 дні, Флоренція» зі Львова",7,Прибуття у Львів,,"Прибуття у Львів, час повернення залежить від проходження кордону. Готелі Заселення не раніше 14:00. Виселення не пізніше 12:00. Якщо ви помітили несправності у номері, скажіть про це супроводжуючій або персоналу готелю. Готелі за програмою можуть бути замінені на альтернативні. Екскурсії Факультативні екскурсії можна придбати при бронюванні туру або безпосередньо під час поїздки. Факультативні екскурсії відбуваються при наборі групи від 15 осіб. Вартість факультативних екскурсій не підлягає поверненню якщо турист на ній не з явився. Вхідні квитки оплачуються додатково. Вхідні квитки Вартість ",600
https://www.i-travel.com.ua/?p=47102,Автобусний тур «Релакс у Чехії та Угорщині»,1,Зустріч групи о 20,,Зустріч групи о 20.30 на площі Двірцевій 1. Відправлення о 21.00 Перетин українсько-угорського кордону.,103
https://www.i-travel.com.ua/?p=47102,Автобусний тур «Релакс у Чехії та Угорщині»,2,Запрошуємо на оглядову екскурсію «Перлина Дунаю» (у вартості туру) це знайомство з найяскравішими ло,,"Запрошуємо на оглядову екскурсію «Перлина Дунаю» (у вартості туру) це знайомство з найяскравішими локаціями міста. Прогуляємося жвавою вулицею Ваци, побачимо Базиліку Святого Іштвана, вийдемо на набережну Дунаю з панорамами Парламенту — символі історії й величі Угорщини. Активним туристам пропонуємо відвідати екскурсії: Відвідування термальних купалень “Сечені” (10 EUR + вхідний квиток) . Це місце де можна зануритись і насолодитись цілющими, відомими на цілий світ, термальними водами, а ще й помилуватись вражаючою архітектурою споруди і самих басейнів. Екскурсія в Сентендре мальовниче містечко",600
https://www.i-travel.com.ua/?p=47102,Автобусний тур «Релакс у Чехії та Угорщині»,3,Сніданок та виселення з готелю,,"Сніданок та виселення з готелю. Переїзд до Відня. Відень — одна з найчарівніших столиць Європи, яка вражає своєю величчю з перших секунд. Розпочинаємо оглядову екскурсію «Прекрасний і ніжний Відень» (45 EUR) , Легка прогулянка елегантним Віднем: площа Марії Терезії, ансамбль королівського палацу, атмосферні вулиці Старого міста з їхньою вишуканою архітектурою та історичним шармом. Завершимо маршрут біля Оперного театру — символу музичної столиці Європи. Класичний Відень, стримана розкіш і відчуття імперської величі. Пропонуємо факультативні екскурсії на вибір: Шарм віденських кав’ярень (25 EUR",600
https://www.i-travel.com.ua/?p=47102,Автобусний тур «Релакс у Чехії та Угорщині»,4,Сніданок,,"Сніданок. Прибуття у Прагу. (В цей день пересування по місту здійснюється громадським транспортом, квиток оплачується додатково). Оглядова екскурсія «Велична столиця» (у вартості туру) . Неспішна прогулянка історичним серцем Праги: від Порохової вежі через Вацлавську площу та квартали Старого Міста, зупинка біля відомої бібліотеки і завершення маршруту на легендарному Карловому мості. Ключові символи міста, атмосфера старовини та відчуття справжньої Праги. Далі на нас чекає екскурсія «Празький град» (20 EUR) . Під час цієї екскурсії ми побачимо сучасний символ Праги та її головну пам’ятку – ре",600
https://www.i-travel.com.ua/?p=47102,Автобусний тур «Релакс у Чехії та Угорщині»,5,Сніданок та виселення з готелю,,"Сніданок та виселення з готелю. Пропонуємо відправитися на екскурсію “Імператорський курорт Карлові Вари” (35 EUR). За легендою ще імператор Карл IV лікувався цілющими термальними водами Карлових Вар, які назвали на честь нього. Але не тільки комплекси термальних джерел та оточуюча їх колонада приваблюють туристів – місто має давню і цікаву історію і архітектуру і затишну атмосферу старовинного європейського курортного містечка, оточеного величними горами. Пропонуємо відчути на собі весь спектр користі лікувальних вод. Ми маємо можливість відвідати термальний комплекс «Saunia» з неймовірним ви",600
https://www.i-travel.com.ua/?p=47102,Автобусний тур «Релакс у Чехії та Угорщині»,6,Прибуття до Львова о 18,,"Прибуття до Львова о 18.00. (Точний час залежить від проходження кордону) Готелі Заселення до готелю не раніше 14:00. По можливості, для наших туристів буде надано раннє заселення. Сніданку цього дня не надається. Виселення з готелю не пізніше 10 години. Якщо ви помітили неполадки в номері при заселенні – одразу ж повідомте про це співробітників готелю. Готелі за програмою можуть бути замінені на інші. Туристи, що подорожують одні, можуть бути розміщені у тримісних номерах. Під час сніданків у готелі забороняється виносити їжу із собою. Екскурсії Вартість факультативних екскурсій не повертаєть",600
https://www.i-travel.com.ua/?p=17110,Зеленими берегами Корфу з Одеси,1,Виїзд із Одеси та Ізмаїл,,"Виїзд із Одеси та Ізмаїл. Перетин кордонів. Нічний переїзд по території Румунії, Болгарії з можливістю посадки у містах по маршруту.",132
https://www.i-travel.com.ua/?p=17110,Зеленими берегами Корфу з Одеси,2,Прибуття в Салоніки,,"Прибуття в Салоніки. Прогулянка з гідом групи по Салоніках – ми побачимо Білу Вежу – символ міста, Храм Святого Димитрія Солунського, дізнаємося перекази про чудеса, що сталися в цій церкві, відвідаємо Ротонду, побудовану як храм, присвячений спершу Зевсу, а пізніше – Святим Небесним безтілесним Силам – архангелам. Пізнє заселення. Ночівля в готелі.",351
https://www.i-travel.com.ua/?p=17110,Зеленими берегами Корфу з Одеси,3,Сніданок,,Сніданок. Виселення з готелю Переїзд на острів Корфу. Заселення в готель. Вільний час.,86
https://www.i-travel.com.ua/?p=17110,Зеленими берегами Корфу з Одеси,4,Сніданок,,"Сніданок. Екскурсія столицею острова Керкірою (40 EUR) Запрошуємо Вас на екскурсію Керкірою – столицею острова. У минулому місто Венеціанської аристократії. Під час екскурсії ми відвідаємо Собор Святого Спиридона , розташований у центрі міста, він є найбільшим православним храмом на острові, його дзвіниця є найвищою спорудою в місті. Ми продовжимо прогулянку центральною пішохідною вулицею – Лістон, стародавніми венеціанськими вуличками цього міста, а також погуляємо Спіанадаєю – найкрасивішою і найбільшою площею міста. На завершення нашої екскурсії ми вирушимо на острів Понтіконісі – маленький",600
https://www.i-travel.com.ua/?p=17110,Зеленими берегами Корфу з Одеси,5,Сніданок,,"Сніданок. Екскурсія островом Корфу (50 EUR) Подорож починається з відвідування палацу Ахіллеон – колись літня резиденція Австро-Угорської імператриці. Тут розташований величезний парк з чудовими клумбами, газонами і деревами, а з паркових терас відкриваються чудові краєвиди на острів. Далі ми вирушимо на традиційну сімейну фабрику з виробництва продуктів і лікерів з кумквата і мигдалю, традиційних для острова Корфу. Тут ви зможете продегустувати і придбати від виробника ароматні солодощі та лікери, а гід розповість вам про історію цього дивовижного фрукта. Далі переїжджаємо в західну частину о",600
https://www.i-travel.com.ua/?p=17110,Зеленими берегами Корфу з Одеси,6,Сніданок,,"Сніданок. Круїз на острови Паксос і Антипаксос (60 EUR) Ніщо так не освіжає в літню спеку, як морська прогулянка! Морський бриз, приголомшливі краєвиди та приємне купання чекають на вас у цій прогулянці! Вирушаємо з Керкіри до островів Паксос і Антіпаксос, найменших в Іонічному архіпелазі, розташованих недалеко від південного узбережжя Корфу, – це можливість відпочити і насолодитися тишею і красою Іонічного моря. Під час круїзу катер пропливає повз Блакитні печери, ці печери захоплюють кожного красою своїх аквамаринових вод і запаморочливих скель. Перша зупинка для купання маленький острів Ант",600
https://www.i-travel.com.ua/?p=17110,Зеленими берегами Корфу з Одеси,7,Сніданок,,"Сніданок. Виселення з готелю. Виїзд з острова. Екскурсія на Метеори (40 EUR) до одного з найбільших монастирських комплексів у Греції, розташованого на скелях. Під час цієї екскурсії ми насолодимося неймовірно красивим краєвидом на Фессалійську рівнину та дізнаємося легенду утворення цих монастирів. Ночівля в транзитному готелі.",330
https://www.i-travel.com.ua/?p=17110,Зеленими берегами Корфу з Одеси,8,Сніданок,,Сніданок. Виселення з готелю. Виїзд із Греції в Україну.,56
https://www.i-travel.com.ua/?p=17110,Зеленими берегами Корфу з Одеси,9,Прибуття в Україну: Рені,,"Прибуття в Україну: Рені, Ізмаїл, Татарбунари, Одеса. Готелі Заселення до готелю не раніше 14:00. По можливості, для наших туристів буде надано раннє заселення. Сніданку цього дня не надається. Виселення з готелю не пізніше 10 години. Якщо ви помітили неполадки в номері при заселенні – одразу ж повідомте про це співробітників готелю. Готелі програми можуть бути замінені на інші. Туристи, що подорожують одні, можуть бути розміщені у тримісних номерах. Під час сніданків у готелі забороняється виносити їжу із собою. Екскурсії Екскурсії купуються на шляху до Греції Вартість факультативних екскурсі",600
https://www.i-travel.com.ua/mistychna-transilvaniya-ta-transfagarash-zi-lvova/,“Містична Трансільванія та Трансфагараш” зі Львова,1,15:00 – виїзд зі Львова,,"15:00 – виїзд зі Львова. Можливість приєднатись до туру по маршруту: Стрий, Мукачево, Берегове. Проходження кордону. Нічний переїзд у Румунію.",142
https://www.i-travel.com.ua/mistychna-transilvaniya-ta-transfagarash-zi-lvova/,“Містична Трансільванія та Трансфагараш” зі Львова,2,Прибуття в Трансільванію,,"Прибуття в Трансільванію. Зупинка на сніданок( сплачується додатково). За програмою день насичений неймовірними замками Румунії. Відвідування замку Графа Дракули (35 EUR + вх.квиток) Найвідоміший замок Трансільванії – замок Бран, відомий як замок Графа Дракули . Внутрішні приміщення замку – це заплутаний лабіринт із кімнат, сходів та таємних переходів. На його території можна побачити кам яний хрест з вирізаним на ньому змієм, що звернувся в кільце, і глибокий колодязь — вхід у таємничі підземелля. Замки Пелеш ( зовнішній огляд) + Кантакузіно ( 45 EUR + вх. квиток в кожен замок сплачується дод",600
https://www.i-travel.com.ua/mistychna-transilvaniya-ta-transfagarash-zi-lvova/,“Містична Трансільванія та Трансфагараш” зі Львова,3,Сніданок,,"Сніданок. Виселення з готелю. Запрошуємо на екскурсію «Трансфагараш – доторкнутись до небес»! (25 EUR ) Краса, що відкривається з кожним кілометром цієї неймовірної траси – зачаровує, власне це той випадок, про який говорять – краще один раз побачити…. Дорога кружляє серпантином поміж скелястих гір Трансільванії, високогірних озер та річки з водоспадами. Важливо: виконання факультативної програми можливо лише в період з 30 червня по 1 листопада , через пізнє танення снігу на високогірних ділянках траси. Аби максимально поринути в красу даного краю пропонуємо підйом на фунікулері до озера Балеа",600
https://www.i-travel.com.ua/mistychna-transilvaniya-ta-transfagarash-zi-lvova/,“Містична Трансільванія та Трансфагараш” зі Львова,4,Сніданок,,"Сніданок. Виселення з готелю. Запрошуємо відвідати найкрасивішу Соляну шахту Румунії! ( 30 EUR + вх. квиток 18 EUR ). Соляна шахта в Турді займає 1-е місце серед найкрасивіших місць в світі, що перебувають під землею, випереджаючи Печеру кристалів в Мексиці і церкву Сан-Клементе і Санта Марія в Римі. В даний час соляна шахта є музеєм гірничої справи, а також має парк розваг з баскетбольними кільцями, міні-гольфом, каруселями та підземним озером, яким можна кататися на човні. Запрошуємо на екскурсію по місту Клуж-Напока ( 20 EUR ). Столиця Трансільванії, доглянуте й живе місто на однаковій відс",600
https://www.i-travel.com.ua/mistychna-transilvaniya-ta-transfagarash-zi-lvova/,“Містична Трансільванія та Трансфагараш” зі Львова,5,Прибуття в Україну,,"Прибуття в Україну. Час прибуття залежить від проходження кордонів. Можлива висадка у Берегове, Мукачево, Стрий, Львів. Готелі Заселення до готелю не раніше 14:00. По можливості, для наших туристів буде надано раннє заселення. Сніданку цього дня не надається. Виселення з готелю не пізніше 10 години. Якщо ви помітили неполадки в номері при заселенні – одразу ж повідомте про це співробітників готелю. Готелі програми можуть бути замінені на інші. Туристи, що подорожують одні, можуть бути розміщені у тримісних номерах. Під час сніданків у готелі забороняється виносити їжу із собою. Екскурсії Екску",600
https://www.i-travel.com.ua/avtobusnyj-tur-kazky-staroyi-nimechchyny-zi-lvova/,Автобусний тур «Казки старої Німеччини» зі Львова,1,Виїзд зі Львова,,"Виїзд зі Львова. Перетин українсько-польського кордону. Зустріч туристів з представником компанії біля автобуса на залізничному вокзалі. Посадка в автобус. Відправлення зі Львова. Проходження кордону. За наявності часу пропонуємо відвідати чудовий Краків. Оглядова екскурсія “Королівське місто” (20 EUR; тільки трансфер до центру міста – 10 EUR) . Тут чудово поєднуються дивовижно гармонійна архітектура та королівський шик! Ми побуваємо на площі Ринок, побачимо Палац Єпископів, Королівський замок, пройдемось Королівським трактом і по Старому місту! Переїзд та заселення в готель на території Польщ",600
https://www.i-travel.com.ua/avtobusnyj-tur-kazky-staroyi-nimechchyny-zi-lvova/,Автобусний тур «Казки старої Німеччини» зі Львова,2,Сніданок,,"Сніданок, виселення з готелю. Переїзд до Берліну. Подорож містом на громадському транспорті. На вас чекає оглядова екскурсія «Чарівний Берлін» (у вартості туру) — місто, яке зберігає дари минулих століть. Запрошуємо перевернути сторінку історії та побачити справжній Берлін: могутній Рейхстаг, величний Берлінський собор, та візитівка міста – Бранденбурзька брама. Далі запрошуємо на екскурсію «Альтернативний Берлін» (25 EUR) . Головні пам’ятки вже оглянули, але як же пройти повз найсучаснішу площу Берліна — Потсдамер Платц? Як пропустити бульвар Зірок, театр, де проходять церемонії нагороджень к",600
https://www.i-travel.com.ua/avtobusnyj-tur-kazky-staroyi-nimechchyny-zi-lvova/,Автобусний тур «Казки старої Німеччини» зі Львова,3,Сніданок,,"Сніданок. Виселення з готелю. “Столиця фахверкових будівель – Целле” (25 EUR; якщо ви бажаєте відвідати місто без супроводу професійного гіда, є можливість придбати лише трансфер – 10 EUR). Целле – ніби музей під відкритим небом, зберіг до сьогодні чарівність старого німецького міста. Респектабельні вулички зберегли колорит 16 століття – адже саме стільки стоять тут ці казкові будинки. А над ними височить давній замок Целле у стилі Ренессанс. На нас чекає місто з німецьких казок – Бремен (у вартості туру). Відоме завдяки “Бременським музикантам”, місто і сьогодні сповнене радості і музики. Сер",600
https://www.i-travel.com.ua/avtobusnyj-tur-kazky-staroyi-nimechchyny-zi-lvova/,Автобусний тур «Казки старої Німеччини» зі Львова,4,Сніданок,,"Сніданок. Виселення з готелю. Карнавальна столиця Німеччини і місто з понад 2000-річною історією – все це про Кельн (оглядова екскурсія у вартості тура) , у якому ми проведемо сьогоднішній день. Неймовірний Кельнский собор, чий шпиль здіймається в небо на 150 метрів – один з найкрасивіших готичних соборів Європи і це місце, яке обов’язково варто відвідати. Це місто, де гармонійно поєднується середньовічна та сучасна архітектура, на вулицях якого вирує життя, і яке відкриє для вас зовсім нову Німеччину! У вільний час пропонуємо відвідати Дюссельдорф (40 EUR) – місто, яке називають німецьким Міл",600
https://www.i-travel.com.ua/avtobusnyj-tur-kazky-staroyi-nimechchyny-zi-lvova/,Автобусний тур «Казки старої Німеччини» зі Львова,5,Сніданок,,"Сніданок. Виселення з готелю. Пропонуємо завітати до Франкфурта-на-Майні (35 EUR; якщо ви бажаєте відвідати місто без супроводу професійного гіда, є можливість придбати лише трансфер – 15 EUR) . Якщо Дюссельдорф – це “німецький Мілан”, то Франкфурт – “німецький Нью-Йорк”! Це динамічний і енергійний космополітичний мегаполіс, де сучасні хмарочоси контрастують із шармом Старого міста з фахверковими будинками, старовинними пивоварнями, легендами та казками. Франкфурт справді наче з казки, адже у місті є навіть справжній ліс! Переїзд до казкового містечка Нюрнберг. Запрошуємо на оглядову екскурсію",600
https://www.i-travel.com.ua/avtobusnyj-tur-kazky-staroyi-nimechchyny-zi-lvova/,Автобусний тур «Казки старої Німеччини» зі Львова,6,Сніданок,,"Сніданок. Виселення з готелю. Запрошуємо відвідати Дрезден (у вартості туру) – місто, у якому чудово поєдналися німецька точність і чеська чарівність! Історія Дрездена починається в XIII столітті, місто було утворено на місці старого рибальського селища. У XVIII столітті Дрезден став політичним та культурним центром Європи. Внаслідок Другої Світової війни Дрезден постраждав, але досить швидко був відновлений. Під час екскурсії ви дізнаєтеся чимало цікавого про найголовніші місцеві визначні пам’ятки та про особистостей, що з ними пов’язані. Екскурсія допоможе вам відчути неповторну атмосферу Др",600
https://www.i-travel.com.ua/avtobusnyj-tur-kazky-staroyi-nimechchyny-zi-lvova/,Автобусний тур «Казки старої Німеччини» зі Львова,7,Проходження польсько-українського кордону,,"Проходження польсько-українського кордону. Приїзд у Львів. ГОТЕЛІ Заселення не раніше 14:00. Виселення не пізніше 12:00. Якщо ви помітили несправності у номері, скажіть про це супроводжуючій або персоналу готелю. Готелі за програмою можуть бути замінені на альтернативні. ЕКСКУРСІЇ Факультативні екскурсії можна придбати при бронюванні туру або безпосередньо під час поїздки. Факультативні екскурсії відбуваються при наборі групи від 15 осіб. Вартість факультативних екскурсій не підлягає поверненню якщо турист на ній не з’явився. Вхідні квитки оплачуються додатково. Вартість вхідних квитків може з",600
https://www.i-travel.com.ua/avtobusnyj-tur-lavandove-sertse-frantsiyi-valansol-lazurove-uzberezhzhya-zi-lvovu/,Автобусний тур «Лавандове серце Франції – Валансоль + Лазурове узбережжя» зі Львова,1,Виїзд зі Львова,,"Виїзд зі Львова. Перетин українсько-угорського кордону. За наявності часу, подорож до Будапешту. Запрошуємо на оглядову екскурсію «Перлина Дунаю» (20 EUR) це знайомство з найяскравішими локаціями міста. Прогуляємося жвавою вулицею Ваци, побачимо Базиліку Святого Іштвана, вийдемо на набережну Дунаю з панорамами Парламенту — символі історії й величі Угорщини. Вільний час, рекомендуємо – прогулянку на кораблику Дунаєм (32 EUR) . Вечірній Будапешт в ілюмінації під музику вальсів І. Штрауса – це треба побачити. Нічний переїзд до Італії.",537
https://www.i-travel.com.ua/avtobusnyj-tur-lavandove-sertse-frantsiyi-valansol-lazurove-uzberezhzhya-zi-lvovu/,Автобусний тур «Лавандове серце Франції – Валансоль + Лазурове узбережжя» зі Львова,2,Переїзд до Венеції,,"Переїзд до Венеції. Проїзд до центральної площі в обидві сторони на громадському транспорті (30 EUR) . Оглядова екскурсія «Заручена з морем – Венеція!» (у вартості туру) . Місто нагадує декорації для романтичних фільмів, а кожна вуличка, кожен будинок зберігає велику історію минулих століть. Прогулянка на справжній венеціанській гондолі (35 EUR) . У місті, де немає доріг, панують човни. Спробуйте і відчуйте, як ваші турботи зникають, коли гондольєр у смугастій сорочці провезе вас лабіринтом водних шляхів, а потім з’єднає з центральним Гранд-каналом. Прогулянка на катері Гранд каналом (35 EUR) ",600
https://www.i-travel.com.ua/avtobusnyj-tur-lavandove-sertse-frantsiyi-valansol-lazurove-uzberezhzhya-zi-lvovu/,Автобусний тур «Лавандове серце Франції – Валансоль + Лазурове узбережжя» зі Львова,3,Сніданок,,"Сніданок. Виселення з готелю. Оглядова екскурсія у Верону (у вартості туру) – місті з багатовіковою історією, оповите безліччю таємниць та загадок. А також одного з найромантичніших міст світу, прославлене Шекспіром, Петраркою, Гете та Байроном. У знаменитому дворі будинку Джульєтти, під її балконом, закохані присягаються один одному у вічній вірності. На вас чекають історії з життя Данте, відомих веронських сімей Монтеккі та Капулетті, непрості долі Синьйорів делла Скала та їхніх нащадків, Моцарта та Сальєрі. У вільний час пропонуємо відвідати найбільше італійське озеро – Гарда (40 EUR – тран",600
https://www.i-travel.com.ua/avtobusnyj-tur-lavandove-sertse-frantsiyi-valansol-lazurove-uzberezhzhya-zi-lvovu/,Автобусний тур «Лавандове серце Франції – Валансоль + Лазурове узбережжя» зі Львова,4,Сніданок,,"Сніданок. Вільний час. Відпочинок на морі. Пропонуємо відвідати екскурсію на цілий день «Лавандове серце Франції – Валансоль» (80 EUR; ранній виїзд з готелю). Прямує в бік Прованса до озера Лак-Сен-Круа , перлини з бірюзовою водою. Маємо час для фото, а також можливість покататися на лодочках вздодовж озера, а також ущелини Вердон (за додаткову оплату). Далі відвідаємо гірське містечко Мустьє , де буде можливість погуляти, зробити гарні фото, випити кави та купити сувеніри.. Далі наш шлях триває вздовж лавандових полів Плато Валансоль , із зупинками для фото. Лаванду рвати заборонено, оскільки",600
https://www.i-travel.com.ua/avtobusnyj-tur-lavandove-sertse-frantsiyi-valansol-lazurove-uzberezhzhya-zi-lvovu/,Автобусний тур «Лавандове серце Франції – Валансоль + Лазурове узбережжя» зі Львова,5,Сніданок,,"Сніданок. Виселення з готелю. Переїзд на Лазурове узбережжя. Сьогодні насолоджуємося кращим, що є у Франції ! Сонце, море, скелясті уступи, старовинні пам’ятки, фешенебельні магазини і, звичайно, вишукана французька кухня та вино. Все це – Лазурний берег! Запрошуємо на екскурсію «Французький шик: Монако + Монте-Карло» (45 EUR ) в маленьку дивовижну країну, відвідавши яку ми побачимо найвідоміше казино у світі, розкішні готелі, найдорожчі у світі автомобілі та яхти, що вразять вас своїми розмірами! У елегантних кварталах Монте-Карло реальний світ, здається, зникає. За бажанням можна відвідати К",600
https://www.i-travel.com.ua/avtobusnyj-tur-lavandove-sertse-frantsiyi-valansol-lazurove-uzberezhzhya-zi-lvovu/,Автобусний тур «Лавандове серце Франції – Валансоль + Лазурове узбережжя» зі Львова,6,Сніданок,,"Сніданок. Виселення з готелю. Запрошуємо на оглядову екскурсію “Мілан – давній і сучасний” (у вартості туру) . Ми побачимо Дуомо – відомий символ міста готичний собор пізнього Середньовіччя, розкішну галерею пасаж Вітторіо Емануеле, площу Ла Скала і сам театр, побудований на гроші міланських меломанів, Замок Сфорцеско, і звичайно найвідоміший шопінг в столиці італійської моди. За бажанням запрошуємо на екскурсію в собор Дуомо або народження Діви Марії (25 EUR) . Відвідаємо з екскурсією один з найгарніших готичних храмів Європи, і один з найбільших у світі. Екскурсія на озеро Комо (40 EUR, поїз",600
https://www.i-travel.com.ua/avtobusnyj-tur-lavandove-sertse-frantsiyi-valansol-lazurove-uzberezhzhya-zi-lvovu/,Автобусний тур «Лавандове серце Франції – Валансоль + Лазурове узбережжя» зі Львова,7,Переїзд територією Угорщини,,"Переїзд територією Угорщини. Проходження угорсько-українського кордону. Прибуття у Львів. Готелі Заселення до готелю не раніше 14:00. По можливості, для наших туристів буде надано раннє заселення. Сніданку цього дня не надається. Виселення з готелю не пізніше 10 години. Якщо ви помітили неполадки в номері при заселенні – одразу ж повідомте про це співробітників готелю. Готелі за програмою можуть бути замінені на інші. Туристи, що подорожують одні, можуть бути розміщені у тримісних номерах. Під час сніданків у готелі забороняється виносити їжу із собою. Екскурсії Вартість факультативних екскурс",600
https://www.i-travel.com.ua/avtobusnyj-tur-dolomitovi-alpy-mandrivka-sered-velychi-vershyn-zi-lvova/,Автобусний тур «Доломітові Альпи – мандрівка серед величі вершин» зі Львова,1,Виїзд зі Львова,,"Виїзд зі Львова. Перетин українсько-угорського кордону. За наявності часу, подорож до Будапешту. Запрошуємо на оглядову екскурсію «Перлина Дунаю» (20 EUR) це знайомство з найяскравішими локаціями міста. Прогуляємося жвавою вулицею Ваци, побачимо Базиліку Святого Іштвана, вийдемо на набережну Дунаю з панорамами Парламенту — символі історії й величі Угорщини. Вільний час, рекомендуємо – прогулянку на кораблику Дунаєм (32 EUR) . Вечірній Будапешт в ілюмінації під музику вальсів І. Штрауса і келих ігристого – це треба побачити. Ночівля у транзитному готелі.",559
https://www.i-travel.com.ua/avtobusnyj-tur-dolomitovi-alpy-mandrivka-sered-velychi-vershyn-zi-lvova/,Автобусний тур «Доломітові Альпи – мандрівка серед величі вершин» зі Львова,2,Сніданок,,"Сніданок. Виселення з готелю. Переїзд до Австрії. Запрошуємо відвідати Гальштат (40 EUR) – казкове містечко, розташоване на березі мальовничого озера у долині, схожій на фіорд. Різнокольорові будиночки, вузькі вулички, величні схили альпійських гір, блакитні води Гальштатського озера – описати всю красу цього дивовижного місця словами просто неможливо. Сюди приїжджають за красою Альп, за прогулянками середньовічними стежками, за свіжим повітрям, запаморочливими панорамами гір, за відчуттям казки та справжнього щастя. Далі на нас чекає поїздка у Зальцбург (у вартості туру) , під час якої ви від",600
https://www.i-travel.com.ua/avtobusnyj-tur-dolomitovi-alpy-mandrivka-sered-velychi-vershyn-zi-lvova/,Автобусний тур «Доломітові Альпи – мандрівка серед величі вершин» зі Львова,3,Сніданок,,"Сніданок. Виселення з готелю. Переїзд до Італії. Ласкаво просимо у Доломітові Альпи! Знайомство з Італією ми розпочнемо з оглядової екскурсії у Больцано (у вартості туру) – столиці Південного Тіролю – одного з найкрасивіших міст в альпійському регіоні. Тут зустрілися німецька та італійська культури, лаконічно доповнючи одна одну через суворі традиції тірольсько-німецьких пращурів та середземноморської душі найкреативнішої нації світу — італійців. Запрошуємо у подорож Доломітовим шляхом (40 EUR) , який охоплює найвідоміші гірськолижні курорти в самому серці Доломітів. Під час екскурсії ви відві",600
https://www.i-travel.com.ua/avtobusnyj-tur-dolomitovi-alpy-mandrivka-sered-velychi-vershyn-zi-lvova/,Автобусний тур «Доломітові Альпи – мандрівка серед величі вершин» зі Львова,4,Сніданок,,"Сніданок. Оглядова екскурсія у Тренто (у вартості туру) , одному з найгарніших міст у Альпах, засноване дві тисячі років тому, місце резиденцій впливових єпископів та імператорів Священної Римської імперії, що зберігає залишки римської епохи: підземні вулиці, сторожові вежі, будинки патриціїв. Пропонуємо екскурсію до замку Буонконсільйо (10 EUR + вх. квиток 12 EUR) – резиденцію єпископів, шедевру Середньовіччя та епохи Відродження. Під час екскурсії у вас буде можливість побачити одну з найвідоміших фресок Італії – «Цикл дванадцяти місяців». Після екскурсії екскурсії завітаємо на дегустацію іт",600
https://www.i-travel.com.ua/avtobusnyj-tur-dolomitovi-alpy-mandrivka-sered-velychi-vershyn-zi-lvova/,Автобусний тур «Доломітові Альпи – мандрівка серед величі вершин» зі Львова,5,Сніданок,,"Сніданок. Виселення з готелю. Останній день в альпах рекомендуємо провести у долині Рендена (30 EUR) ! На вас чекає незабутня пригода в оточенні величних гірських вершин, засніжених льодовиків та заповідних лісів національного парку Брента-Адамелло (вх. квиток від 4 EUR) . Нашою першою зупинкою буде Пінцоло, маленьке містечко, в якому багата історія переплітається з сучасністю. Ви зможете відчути атмосферу минулого, гуляючи затишними вуличками та насолоджуючись автентичною архітектурою. Потім переїдемо до Мадонни Ді Кампіліо, розкішного гірськолижного курорту. Одним із найбільш захоплюючих мом",600
https://www.i-travel.com.ua/avtobusnyj-tur-dolomitovi-alpy-mandrivka-sered-velychi-vershyn-zi-lvova/,Автобусний тур «Доломітові Альпи – мандрівка серед величі вершин» зі Львова,6,Сніданок,,"Сніданок. Виселення з готелю. Запрошуємо на оглядову екскурсію по столиці «Затишна Любляна»! (у вартості туру) . На Вас чекають прогулянки її старовинними і тихими вуличками. Любляна – це справжнісінький музей під відкритим небом, адже їй вдалося зберегти в собі дух старого міста! Це не тільки замки-фортеці і старовинні легенди про драконів, лицарів, а й чудові місцеві визначні пам’ятки: Францисканська церква Богоматері, Міська площа, і Ратуша, Собор Святого Миколая. Люблінський замок з оглядовим майданчиком на головній вежі, звідки відкривається чудовий вид на місто. Далі пропонуємо екскурсію",600
https://www.i-travel.com.ua/avtobusnyj-tur-dolomitovi-alpy-mandrivka-sered-velychi-vershyn-zi-lvova/,Автобусний тур «Доломітові Альпи – мандрівка серед величі вершин» зі Львова,7,Сніданок,,"Сніданок. Виселення з готелю. За наявності часу пропонуємо відвідати Угорщину та запрошуємо на наступні екскурсії: Екскурсія «Колоритний Егер» (20 EUR) . Прогуляємось старовинними вуличками, побачимо Турецький мінарет, Церкву Святого Антонія, Церкву цистерціанців, а також оглянемо головну пам’ятку – Егерську фортецю, оборона якої увійшла в історію. Дегустація вин у Долині красунь (19 EUR + вх. квиток) – буде чудовим завершенням екскурсійного дня, можливість розслабитися та отримати задоволення від знаменитих угорських вин та гуляшу. Прибуття до України ввечері. Час залежить від швидкості прохо",600
https://www.i-travel.com.ua/?p=48600,Автобусний тур до Греції На зустріч до Афродіти з Києва,1,Виїзд з Києва 07:00 від Залізничного вокзалу Південний,,"Виїзд з Києва 07:00 від Залізничного вокзалу Південний. Можлива підсадка у містах по маршруту. Дорога у Грецію територією України, Румунії, Болгарії. Перетин кордонів. Нічний переїзд.",183
https://www.i-travel.com.ua/?p=48600,Автобусний тур до Греції На зустріч до Афродіти з Києва,2,Прибуття до Греції і вільний час для відпочинку на морі,,"Прибуття до Греції і вільний час для відпочинку на морі. Паралія Пантелеймонос – курорт на березі Егейського моря, розташований біля підніжжя гори Олімп. Широка піщана берегова лінія є однією з найчистіших у світі! Заселення в готель. Запрошуємо на Грецький вечір 50 EUR – знайомство з традиційними танцями та відпочинком місцевих жителів. Дегустація місцевих страв (вони, переважно, на основі м яса, сиру та овочів), вино та можливість навчитися танцювати сіртакі під акомпанемент грецьких народних інструментів. Вільний час. Ніч у готелі.",540
https://www.i-travel.com.ua/?p=48600,Автобусний тур до Греції На зустріч до Афродіти з Києва,3,Сніданок,,"Сніданок. Екскурсія на Метеори “Парячі монастирі” 45 EUR. Нас чекає екскурсія до одного з найбільших монастирських комплексів у Греції, розташованого на скелях! Під час цієї екскурсії ми насолодимося неймовірно гарним краєвидом на Фессалійську рівнину і дізнаємося легенду утворення цих монастирів! Ніч у готелі.",312
https://www.i-travel.com.ua/?p=48600,Автобусний тур до Греції На зустріч до Афродіти з Києва,4,Сніданок,,"Сніданок. Екскурсія на Олімп “В гості до богів” 40 EUR. ( Підйом на гору Олімп здійснюється у комфортабельному автобусі із кондиціонером). Олімп – це найвищий гірський ланцюг у Греції. Її висота складає 2917 метрів. Це те місце, де проживали і звідки правили світом 12 богів! Наша екскурсія розпочнеться з підйому на гору Олімп та відвідин Монастиря Діонісія. Наступна зупинка – чарівне гірське село Паліос Пантелеймонас (від гр. Старий Пантелеймон) причаїлося в Олімпійському гірському масиві, яке по праву вважається одним з найкрасивіших у Греції. Вона комфортно розташувалася на висоті 700 м над ",600
https://www.i-travel.com.ua/?p=48600,Автобусний тур до Греції На зустріч до Афродіти з Києва,5,Сніданок,,"Сніданок. Круїз на острів Скіатос “Смарагдовий острів” 68 EUR. Сьогодні ми побачимо смарагдовий діамант Північних Спорадських островів з найкрасивішими пляжами та мальовничою архітектурою! Наша подорож почнеться з міста Волос, який розташований біля підніжжя гори кентаврів — Пеліон. Круїз на кораблі триває близько двох годин. Весь цей час ми матимемо можливість насолоджуватися фольклорною танцювальною програмою, відпочинком та спостереженням за дельфінами, що супроводжують кораблі в Егейському морі! Нас чекає купання на одному з найчарівніших пляжів Кукунаріс, і вільне в місті Скіатос для ланч",600
https://www.i-travel.com.ua/?p=48600,Автобусний тур до Греції На зустріч до Афродіти з Києва,6,Сніданок,,"Сніданок. Екскурсія Афінами та Акрополем «Верхнє місто» 85 EUR ( вх.квиток 30 EUR ) – ми побачимо такі легендарні місця, як Храм Зевса Олімпійського, будівлю Парламенту та інші чудові архітектурні ансамблі. Протягом піднімемося до Акрополю, де знаходяться знамениті храми – Парфенон і Пропілеї, звідки відкривається чудовий краєвид на кам’яні амфітеатри Діоніса. Також ви побуваєте біля Палацу Грецького Парламенту, де відбувається знаменита зміна варти і на Площі Синтагму. А по дорозі назад ми під’їдемо до Фермопільської ущелини біля якої спартанці тримали оборону і де знаходиться пам’ятник 300-С",600
https://www.i-travel.com.ua/?p=48600,Автобусний тур до Греції На зустріч до Афродіти з Києва,7,Сніданок,,"Сніданок. Оглядова екскурсія Салоніками – “Македонське царство” 36 EUR , під час якої ми побачимо Білу Вежу – символ міста, Храм Святого Димитрія Солунського, дізнаємося перекази про чудеса, що відбулися в цій церкві, відвідаємо Ротонду, побудовану як храм, присвячений спочатку Зевсу , а пізніше – Святим Небесним Безтілесним Силам – архангелам. Трансфер до Аквапарку «Waterland» 30 EUR (+ вх. квиток). Це один із найбільших та найсучасніших парків водних атракціонів Греції, що займає площу в 150 000 кв. м. Комплекс пропонує своїм відвідувачам безліч водних гірок, серед яких: шість гірок з трампл",600
https://www.i-travel.com.ua/?p=48600,Автобусний тур до Греції На зустріч до Афродіти з Києва,8,Сніданок,,"Сніданок. Екскурсія на водоспади Едеси та до термальних джерел Позар “Чарівні джерела” 45 EUR. Ми проїдемо через багаті сільськогосподарські регіони та міста Центральної Македонії і приїдемо до прекрасного міста Едеса — столиці вишень! Тут ми матимемо можливість насолодитися красою природи, водоспадами — найбільшим з них — Каранос, погуляти навколо них і навіть пройти крізь! Також ми побачимо один маленький музей із виробництва кунжутної олії! Далі ми вирушимо до термальних джерел Позар одного з найкрасивіших курортів у Центральній Македонії, розташованого біля підніжжя гори Каймакчалан заввиш",600
https://www.i-travel.com.ua/?p=48600,Автобусний тур до Греції На зустріч до Афродіти з Києва,9,Сніданок,,Сніданок. Виселення із готелю.Переїзд у Салоніки. Виїзд до України.,67
https://www.i-travel.com.ua/?p=48600,Автобусний тур до Греції На зустріч до Афродіти з Києва,10,Прибуття в Київ,,"Прибуття в Київ. Готелі Заселення до готелю не раніше 14:00. По можливості, для наших туристів буде надано раннє заселення. Сніданку цього дня не надається. Виселення з готелю не пізніше 10 години. Якщо ви помітили неполадки в номері при заселенні – одразу ж повідомте про це співробітників готелю. Готелі програми можуть бути замінені на інші. Туристи, що подорожують одні, можуть бути розміщені у тримісних номерах. Під час сніданків у готелі забороняється виносити їжу із собою. Екскурсії Екскурсії купуються на шляху до Греції. Вартість факультативних екскурсій не повертається (крім випадків, ко",600
https://www.i-travel.com.ua/?p=48729,“Халкідіки. Ідеальна грецька відпустка” з Києва,1,Виїзд з Києва 07:00 від Залізничного вокзалу Південний,,"Виїзд з Києва 07:00 від Залізничного вокзалу Південний. Можлива підсадка у містах по маршруту. Дорога у Грецію територією України, Румунії, Болгарії. Перетин кордонів. Нічний переїзд.",183
https://www.i-travel.com.ua/?p=48729,“Халкідіки. Ідеальна грецька відпустка” з Києва,2,Прибуття до Греції і вільний час для відпочинку на морі,,"Прибуття до Греції і вільний час для відпочинку на морі. Фурка приваблює туристів своїми мальовничими пляжами з м яким піском. Тут панує атмосфера усамітнення і тиші, що дає змогу насолоджуватися природою і спокоєм далеко від великих курортів. Крім цього, Фурка славиться чудовими заходами сонця і можливістю скуштувати свіжі морепродукти в місцевих тавернах, що додає відпочивальникам особливого колориту. Заселення в готель. Вільний час. Ніч у готелі.",453
https://www.i-travel.com.ua/?p=48729,“Халкідіки. Ідеальна грецька відпустка” з Києва,3,Сніданок,,"Сніданок. Екскурсія Круїз “Блакитна лагуна” (55 EUR). Це незабутня морська подорож на острів Амульяні та блакитну лагуну пляжа Лагонісі. Ми матимемо можливість поплавати в кришталево чистих водах, попірнати з борту корабля, відкрити для себе пляж з золотистим піском та помилуватися запаморочливими видами. Відкриємо незвідану Грецію – відвідаємо містечко Арнеа – ідеальна поїздка для поціновувачів традиційного колориту і смаків ( 40 EUR). Ми здійснимо екскурсію чарівним містечком Арнеа, яке немов зійшло зі сторінок доброї казки: відвідаємо унікальний історичний храм Святого Стефана зайдемо у тра",600
https://www.i-travel.com.ua/?p=48729,“Халкідіки. Ідеальна грецька відпустка” з Києва,4,Сніданок,,"Сніданок. Круїз у серце півострова Халкідікі – затока Торонеос (50 EUR). На нас чекає неймовірна морська подорож від Касандри до Ситонії. Затока здавна відома своєю спокійною та тихою атмосферою з фантастичним синім морем та чарівними пейзажами. Невеличкі затишні гавані, смарагдове море та острів-черепаха Келіфос справлять незабутнє враження,а музичний супровід та ланч на кораблі (сендвич, круассан, сік або келих вина) доповнять атмосферу релаксу. Ніч у готелі.",465
https://www.i-travel.com.ua/?p=48729,“Халкідіки. Ідеальна грецька відпустка” з Києва,5,Сніданок,,"Сніданок. Оглядова екскурсія Салоніками – “Македонське царство” + шопінг 36 EUR , під час якої ми побачимо Білу Вежу – символ міста, Храм Святого Димитрія Солунського, дізнаємося перекази про чудеса, що відбулися в цій церкві, відвідаємо Ротонду, побудовану як храм, присвячений спочатку Зевсу , а пізніше – Святим Небесним Безтілесним Силам – архангелам. Трансфер до Аквапарку «Waterland» 30 EUR (+ вх. квиток). Це один із найбільших та найсучасніших парків водних атракціонів Греції, що займає площу в 150 000 кв. м. Комплекс пропонує своїм відвідувачам безліч водних гірок, серед яких: шість гірок",600
https://www.i-travel.com.ua/?p=48729,“Халкідіки. Ідеальна грецька відпустка” з Києва,6,Сніданок,,"Сніданок. Круїз вздовж берегів Святої Гори Афон 55 EUR. Запрошуємо вас здійснити круїз уздовж узбережжя Афона з Уранополісу на круїзному кораблі. З палуби нашого корабля ви зможете насолодитися незабутніми видами монастирів та природних пейзажів Афона. Маршрут проходить південно-західним узбережжям Святої Гори Афон, де знаходяться такі монастирі та святині: Зограф, Констамоніт, Дохіар, Ксенофонт, Святого Пантелеймона, Симонопетра, Григоріат, Святого Діонісія, головний порт Дафні і найбільший скит на Афоні – скит Святої Анни. Афонські ченці доставляють святині на кораблі, які не пришвартовуютьс",600
https://www.i-travel.com.ua/?p=48729,“Халкідіки. Ідеальна грецька відпустка” з Києва,7,Сніданок,,"Сніданок. Екскурсія на Метеори “Парячі монастирі” 65 EUR ( ранній виїзд близько 05:00 ранку). Нас чекає екскурсія до одного з найбільших монастирських комплексів у Греції, розташованого на скелях! Під час цієї екскурсії ми насолодимося неймовірно гарним краєвидом на Фессалійську рівнину і дізнаємося легенду утворення цих монастирів! Екскурсія на Олімп “В гості до богів” 50 EUR ( Підйом на гору Олімп здійснюється у комфортабельному автобусі із кондиціонером). Олімп – це найвищий гірський ланцюг у Греції. Її висота складає 2917 метрів. Це те місце, де проживали і звідки правили світом 12 богів! ",600
https://www.i-travel.com.ua/?p=48729,“Халкідіки. Ідеальна грецька відпустка” з Києва,8,Сніданок,,"Сніданок. Екскурсія на водоспади Едеси та до термальних джерел Позар “Чарівні джерела”48 EUR. Ми проїдемо через багаті сільськогосподарські регіони та міста Центральної Македонії і приїдемо до прекрасного міста Едеса — столиці вишень! Тут ми матимемо можливість насолодитися красою природи, водоспадами — найбільшим з них — Каранос, погуляти навколо них і навіть пройти крізь! Також ми побачимо один маленький музей із виробництва кунжутної олії! Далі ми вирушимо до термальних джерел Позар одного з найкрасивіших курортів у Центральній Македонії, розташованого біля підніжжя гори Каймакчалан заввишк",600
https://www.i-travel.com.ua/?p=48729,“Халкідіки. Ідеальна грецька відпустка” з Києва,9,Сніданок,,Сніданок. Виселення із готелю. Виїзд до України.,48
https://www.i-travel.com.ua/?p=48729,“Халкідіки. Ідеальна грецька відпустка” з Києва,10,Прибуття до Києва у другій половині дня,,"Прибуття до Києва у другій половині дня. Час прибуття залежить від проходження кордонів. Готелі Заселення до готелю не раніше 14:00. По можливості, для наших туристів буде надано раннє заселення. Сніданку цього дня не надається. Виселення з готелю не пізніше 10 години. Якщо ви помітили неполадки в номері при заселенні – одразу ж повідомте про це співробітників готелю. Готелі програми можуть бути замінені на інші. Туристи, що подорожують одні, можуть бути розміщені у тримісних номерах. Під час сніданків у готелі забороняється виносити їжу із собою. Екскурсії Екскурсії купуються на шляху до Грец",600